1,"eplusout.eso"

"Date/Time","[1] Surface Outside Face Incident Sky Diffuse Solar Radiation Rate per Area  (W/m2)"
,"SHADER_0"
"Year 1 Jan 01 1:00 AM","0"
"Year 1 Jan 01 2:00 AM","0"
"Year 1 Jan 01 3:00 AM","0"
"Year 1 Jan 01 4:00 AM","0"
"Year 1 Jan 01 5:00 AM","0"
"Year 1 Jan 01 6:00 AM","0"
"Year 1 Jan 01 7:00 AM","0"
"Year 1 Jan 01 8:00 AM","6.42675557694255"
"Year 1 Jan 01 9:00 AM","26.134467444694"
"Year 1 Jan 01 10:00 AM","36.5332787691016"
"Year 1 Jan 01 11:00 AM","44.4932072968995"
"Year 1 Jan 01 12:00 PM","62.1582360845504"
"Year 1 Jan 01 1:00 PM","80.912113599479"
"Year 1 Jan 01 2:00 PM","83.4875090210219"
"Year 1 Jan 01 3:00 PM","68.6516571936453"
"Year 1 Jan 01 4:00 PM","33.3273921158355"
"Year 1 Jan 01 5:00 PM","4.59515627568932"
"Year 1 Jan 01 6:00 PM","0"
"Year 1 Jan 01 7:00 PM","0"
"Year 1 Jan 01 8:00 PM","0"
"Year 1 Jan 01 9:00 PM","0"
"Year 1 Jan 01 10:00 PM","0"
"Year 1 Jan 01 11:00 PM","0"
"Year 1 Jan 02 12:00 AM","0"
"Year 1 Jan 02 1:00 AM","0"
"Year 1 Jan 02 2:00 AM","0"
"Year 1 Jan 02 3:00 AM","0"
"Year 1 Jan 02 4:00 AM","0"
"Year 1 Jan 02 5:00 AM","0"
"Year 1 Jan 02 6:00 AM","0"
"Year 1 Jan 02 7:00 AM","0"
"Year 1 Jan 02 8:00 AM","4.79003778873393"
"Year 1 Jan 02 9:00 AM","22.3308757931764"
"Year 1 Jan 02 10:00 AM","46.078865911311"
"Year 1 Jan 02 11:00 AM","55.1684537383279"
"Year 1 Jan 02 12:00 PM","67.6086368535137"
"Year 1 Jan 02 1:00 PM","77.1087269838221"
"Year 1 Jan 02 2:00 PM","80.0108577154864"
"Year 1 Jan 02 3:00 PM","68.1130501741485"
"Year 1 Jan 02 4:00 PM","39.2318520005038"
"Year 1 Jan 02 5:00 PM","8.51752738566731"
"Year 1 Jan 02 6:00 PM","0"
"Year 1 Jan 02 7:00 PM","0"
"Year 1 Jan 02 8:00 PM","0"
"Year 1 Jan 02 9:00 PM","0"
"Year 1 Jan 02 10:00 PM","0"
"Year 1 Jan 02 11:00 PM","0"
"Year 1 Jan 03 12:00 AM","0"
"Year 1 Jan 03 1:00 AM","0"
"Year 1 Jan 03 2:00 AM","0"
"Year 1 Jan 03 3:00 AM","0"
"Year 1 Jan 03 4:00 AM","0"
"Year 1 Jan 03 5:00 AM","0"
"Year 1 Jan 03 6:00 AM","0"
"Year 1 Jan 03 7:00 AM","0"
"Year 1 Jan 03 8:00 AM","8.78489552233534"
"Year 1 Jan 03 9:00 AM","33.9959427549965"
"Year 1 Jan 03 10:00 AM","61.1246757777585"
"Year 1 Jan 03 11:00 AM","77.3429612287965"
"Year 1 Jan 03 12:00 PM","80.9258391800745"
"Year 1 Jan 03 1:00 PM","91.0550988331523"
"Year 1 Jan 03 2:00 PM","104.598210176596"
"Year 1 Jan 03 3:00 PM","94.6341888813621"
"Year 1 Jan 03 4:00 PM","76.6245054928201"
"Year 1 Jan 03 5:00 PM","18.3636305732815"
"Year 1 Jan 03 6:00 PM","0"
"Year 1 Jan 03 7:00 PM","0"
"Year 1 Jan 03 8:00 PM","0"
"Year 1 Jan 03 9:00 PM","0"
"Year 1 Jan 03 10:00 PM","0"
"Year 1 Jan 03 11:00 PM","0"
"Year 1 Jan 04 12:00 AM","0"
"Year 1 Jan 04 1:00 AM","0"
"Year 1 Jan 04 2:00 AM","0"
"Year 1 Jan 04 3:00 AM","0"
"Year 1 Jan 04 4:00 AM","0"
"Year 1 Jan 04 5:00 AM","0"
"Year 1 Jan 04 6:00 AM","0"
"Year 1 Jan 04 7:00 AM","0"
"Year 1 Jan 04 8:00 AM","8.44383231899739"
"Year 1 Jan 04 9:00 AM","31.130462067713"
"Year 1 Jan 04 10:00 AM","51.0949096495331"
"Year 1 Jan 04 11:00 AM","68.2532459317414"
"Year 1 Jan 04 12:00 PM","73.2499343678342"
"Year 1 Jan 04 1:00 PM","79.4012815783572"
"Year 1 Jan 04 2:00 PM","76.176112690784"
"Year 1 Jan 04 3:00 PM","73.2485544372148"
"Year 1 Jan 04 4:00 PM","48.3784228829148"
"Year 1 Jan 04 5:00 PM","12.5191748784748"
"Year 1 Jan 04 6:00 PM","0"
"Year 1 Jan 04 7:00 PM","0"
"Year 1 Jan 04 8:00 PM","0"
"Year 1 Jan 04 9:00 PM","0"
"Year 1 Jan 04 10:00 PM","0"
"Year 1 Jan 04 11:00 PM","0"
"Year 1 Jan 05 12:00 AM","0"
"Year 1 Jan 05 1:00 AM","0"
"Year 1 Jan 05 2:00 AM","0"
"Year 1 Jan 05 3:00 AM","0"
"Year 1 Jan 05 4:00 AM","0"
"Year 1 Jan 05 5:00 AM","0"
"Year 1 Jan 05 6:00 AM","0"
"Year 1 Jan 05 7:00 AM","0"
"Year 1 Jan 05 8:00 AM","8.73702616507683"
"Year 1 Jan 05 9:00 AM","25.692520851055"
"Year 1 Jan 05 10:00 AM","32.5207101325329"
"Year 1 Jan 05 11:00 AM","35.9396853587946"
"Year 1 Jan 05 12:00 PM","37.742218663299"
"Year 1 Jan 05 1:00 PM","50.0448892572009"
"Year 1 Jan 05 2:00 PM","74.4637931235159"
"Year 1 Jan 05 3:00 PM","98.4015605533634"
"Year 1 Jan 05 4:00 PM","81.1324901383322"
"Year 1 Jan 05 5:00 PM","15.8502397847182"
"Year 1 Jan 05 6:00 PM","0"
"Year 1 Jan 05 7:00 PM","0"
"Year 1 Jan 05 8:00 PM","0"
"Year 1 Jan 05 9:00 PM","0"
"Year 1 Jan 05 10:00 PM","0"
"Year 1 Jan 05 11:00 PM","0"
"Year 1 Jan 06 12:00 AM","0"
"Year 1 Jan 06 1:00 AM","0"
"Year 1 Jan 06 2:00 AM","0"
"Year 1 Jan 06 3:00 AM","0"
"Year 1 Jan 06 4:00 AM","0"
"Year 1 Jan 06 5:00 AM","0"
"Year 1 Jan 06 6:00 AM","0"
"Year 1 Jan 06 7:00 AM","0"
"Year 1 Jan 06 8:00 AM","8.36798925108942"
"Year 1 Jan 06 9:00 AM","27.1927771822552"
"Year 1 Jan 06 10:00 AM","38.4206580640686"
"Year 1 Jan 06 11:00 AM","56.3767214416454"
"Year 1 Jan 06 12:00 PM","66.0089829610756"
"Year 1 Jan 06 1:00 PM","79.6845302057241"
"Year 1 Jan 06 2:00 PM","68.1940807467261"
"Year 1 Jan 06 3:00 PM","91.3162965771336"
"Year 1 Jan 06 4:00 PM","98.8572341902476"
"Year 1 Jan 06 5:00 PM","21.5681766323131"
"Year 1 Jan 06 6:00 PM","0"
"Year 1 Jan 06 7:00 PM","0"
"Year 1 Jan 06 8:00 PM","0"
"Year 1 Jan 06 9:00 PM","0"
"Year 1 Jan 06 10:00 PM","0"
"Year 1 Jan 06 11:00 PM","0"
"Year 1 Jan 07 12:00 AM","0"
"Year 1 Jan 07 1:00 AM","0"
"Year 1 Jan 07 2:00 AM","0"
"Year 1 Jan 07 3:00 AM","0"
"Year 1 Jan 07 4:00 AM","0"
"Year 1 Jan 07 5:00 AM","0"
"Year 1 Jan 07 6:00 AM","0"
"Year 1 Jan 07 7:00 AM","0"
"Year 1 Jan 07 8:00 AM","7.18301327770186"
"Year 1 Jan 07 9:00 AM","20.9337386892607"
"Year 1 Jan 07 10:00 AM","29.421034281566"
"Year 1 Jan 07 11:00 AM","33.7637551940958"
"Year 1 Jan 07 12:00 PM","35.5119022161943"
"Year 1 Jan 07 1:00 PM","42.421277360395"
"Year 1 Jan 07 2:00 PM","50.7882791715703"
"Year 1 Jan 07 3:00 PM","55.2765833089077"
"Year 1 Jan 07 4:00 PM","64.5230055200634"
"Year 1 Jan 07 5:00 PM","17.7152403773371"
"Year 1 Jan 07 6:00 PM","0"
"Year 1 Jan 07 7:00 PM","0"
"Year 1 Jan 07 8:00 PM","0"
"Year 1 Jan 07 9:00 PM","0"
"Year 1 Jan 07 10:00 PM","0"
"Year 1 Jan 07 11:00 PM","0"
"Year 1 Jan 08 12:00 AM","0"
"Year 1 Jan 08 1:00 AM","0"
"Year 1 Jan 08 2:00 AM","0"
"Year 1 Jan 08 3:00 AM","0"
"Year 1 Jan 08 4:00 AM","0"
"Year 1 Jan 08 5:00 AM","0"
"Year 1 Jan 08 6:00 AM","0"
"Year 1 Jan 08 7:00 AM","0"
"Year 1 Jan 08 8:00 AM","7.55587326211853"
"Year 1 Jan 08 9:00 AM","22.1187199958575"
"Year 1 Jan 08 10:00 AM","34.4533659978422"
"Year 1 Jan 08 11:00 AM","46.4641564318993"
"Year 1 Jan 08 12:00 PM","60.5175605346673"
"Year 1 Jan 08 1:00 PM","62.5008623649776"
"Year 1 Jan 08 2:00 PM","71.9993130477359"
"Year 1 Jan 08 3:00 PM","67.26816569494"
"Year 1 Jan 08 4:00 PM","71.2747872035506"
"Year 1 Jan 08 5:00 PM","21.5289637223174"
"Year 1 Jan 08 6:00 PM","0"
"Year 1 Jan 08 7:00 PM","0"
"Year 1 Jan 08 8:00 PM","0"
"Year 1 Jan 08 9:00 PM","0"
"Year 1 Jan 08 10:00 PM","0"
"Year 1 Jan 08 11:00 PM","0"
"Year 1 Jan 09 12:00 AM","0"
"Year 1 Jan 09 1:00 AM","0"
"Year 1 Jan 09 2:00 AM","0"
"Year 1 Jan 09 3:00 AM","0"
"Year 1 Jan 09 4:00 AM","0"
"Year 1 Jan 09 5:00 AM","0"
"Year 1 Jan 09 6:00 AM","0"
"Year 1 Jan 09 7:00 AM","0"
"Year 1 Jan 09 8:00 AM","8.06150674612093"
"Year 1 Jan 09 9:00 AM","30.731083872206"
"Year 1 Jan 09 10:00 AM","56.571279550261"
"Year 1 Jan 09 11:00 AM","74.2504803664899"
"Year 1 Jan 09 12:00 PM","74.9956246309625"
"Year 1 Jan 09 1:00 PM","98.0237114359621"
"Year 1 Jan 09 2:00 PM","104.157349035168"
"Year 1 Jan 09 3:00 PM","105.106095244635"
"Year 1 Jan 09 4:00 PM","82.99762550371"
"Year 1 Jan 09 5:00 PM","18.5364617629178"
"Year 1 Jan 09 6:00 PM","0"
"Year 1 Jan 09 7:00 PM","0"
"Year 1 Jan 09 8:00 PM","0"
"Year 1 Jan 09 9:00 PM","0"
"Year 1 Jan 09 10:00 PM","0"
"Year 1 Jan 09 11:00 PM","0"
"Year 1 Jan 10 12:00 AM","0"
"Year 1 Jan 10 1:00 AM","0"
"Year 1 Jan 10 2:00 AM","0"
"Year 1 Jan 10 3:00 AM","0"
"Year 1 Jan 10 4:00 AM","0"
"Year 1 Jan 10 5:00 AM","0"
"Year 1 Jan 10 6:00 AM","0"
"Year 1 Jan 10 7:00 AM","0"
"Year 1 Jan 10 8:00 AM","8.10877639530555"
"Year 1 Jan 10 9:00 AM","26.0421291385322"
"Year 1 Jan 10 10:00 AM","35.0660618939599"
"Year 1 Jan 10 11:00 AM","40.167622052728"
"Year 1 Jan 10 12:00 PM","45.6933671406358"
"Year 1 Jan 10 1:00 PM","58.1707569717357"
"Year 1 Jan 10 2:00 PM","74.9407799749976"
"Year 1 Jan 10 3:00 PM","86.1086547001162"
"Year 1 Jan 10 4:00 PM","87.1454499710285"
"Year 1 Jan 10 5:00 PM","25.8920982212594"
"Year 1 Jan 10 6:00 PM","0"
"Year 1 Jan 10 7:00 PM","0"
"Year 1 Jan 10 8:00 PM","0"
"Year 1 Jan 10 9:00 PM","0"
"Year 1 Jan 10 10:00 PM","0"
"Year 1 Jan 10 11:00 PM","0"
"Year 1 Jan 11 12:00 AM","0"
"Year 1 Jan 11 1:00 AM","0"
"Year 1 Jan 11 2:00 AM","0"
"Year 1 Jan 11 3:00 AM","0"
"Year 1 Jan 11 4:00 AM","0"
"Year 1 Jan 11 5:00 AM","0"
"Year 1 Jan 11 6:00 AM","0"
"Year 1 Jan 11 7:00 AM","0"
"Year 1 Jan 11 8:00 AM","6.04214301849108"
"Year 1 Jan 11 9:00 AM","26.5869014630819"
"Year 1 Jan 11 10:00 AM","50.8485592845248"
"Year 1 Jan 11 11:00 AM","56.3444490319382"
"Year 1 Jan 11 12:00 PM","60.562204395546"
"Year 1 Jan 11 1:00 PM","77.3302721969039"
"Year 1 Jan 11 2:00 PM","90.1431421159636"
"Year 1 Jan 11 3:00 PM","74.3999400051901"
"Year 1 Jan 11 4:00 PM","70.0874042747544"
"Year 1 Jan 11 5:00 PM","24.3433981156372"
"Year 1 Jan 11 6:00 PM","0"
"Year 1 Jan 11 7:00 PM","0"
"Year 1 Jan 11 8:00 PM","0"
"Year 1 Jan 11 9:00 PM","0"
"Year 1 Jan 11 10:00 PM","0"
"Year 1 Jan 11 11:00 PM","0"
"Year 1 Jan 12 12:00 AM","0"
"Year 1 Jan 12 1:00 AM","0"
"Year 1 Jan 12 2:00 AM","0"
"Year 1 Jan 12 3:00 AM","0"
"Year 1 Jan 12 4:00 AM","0"
"Year 1 Jan 12 5:00 AM","0"
"Year 1 Jan 12 6:00 AM","0"
"Year 1 Jan 12 7:00 AM","0"
"Year 1 Jan 12 8:00 AM","8.82182619503461"
"Year 1 Jan 12 9:00 AM","27.9126670842383"
"Year 1 Jan 12 10:00 AM","33.6755866461351"
"Year 1 Jan 12 11:00 AM","49.2232942922349"
"Year 1 Jan 12 12:00 PM","61.7062522563261"
"Year 1 Jan 12 1:00 PM","71.0035708864976"
"Year 1 Jan 12 2:00 PM","76.2064073647441"
"Year 1 Jan 12 3:00 PM","58.8146981862763"
"Year 1 Jan 12 4:00 PM","34.0484305004592"
"Year 1 Jan 12 5:00 PM","7.78972410201764"
"Year 1 Jan 12 6:00 PM","0"
"Year 1 Jan 12 7:00 PM","0"
"Year 1 Jan 12 8:00 PM","0"
"Year 1 Jan 12 9:00 PM","0"
"Year 1 Jan 12 10:00 PM","0"
"Year 1 Jan 12 11:00 PM","0"
"Year 1 Jan 13 12:00 AM","0"
"Year 1 Jan 13 1:00 AM","0"
"Year 1 Jan 13 2:00 AM","0"
"Year 1 Jan 13 3:00 AM","0"
"Year 1 Jan 13 4:00 AM","0"
"Year 1 Jan 13 5:00 AM","0"
"Year 1 Jan 13 6:00 AM","0"
"Year 1 Jan 13 7:00 AM","0"
"Year 1 Jan 13 8:00 AM","8.7508364377539"
"Year 1 Jan 13 9:00 AM","28.2961554565416"
"Year 1 Jan 13 10:00 AM","38.5770021697046"
"Year 1 Jan 13 11:00 AM","44.4535813999944"
"Year 1 Jan 13 12:00 PM","49.1042983634987"
"Year 1 Jan 13 1:00 PM","76.335925274876"
"Year 1 Jan 13 2:00 PM","118.674761188776"
"Year 1 Jan 13 3:00 PM","101.465842858584"
"Year 1 Jan 13 4:00 PM","22.2649918233675"
"Year 1 Jan 13 5:00 PM","2.4682795784142"
"Year 1 Jan 13 6:00 PM","0"
"Year 1 Jan 13 7:00 PM","0"
"Year 1 Jan 13 8:00 PM","0"
"Year 1 Jan 13 9:00 PM","0"
"Year 1 Jan 13 10:00 PM","0"
"Year 1 Jan 13 11:00 PM","0"
"Year 1 Jan 14 12:00 AM","0"
"Year 1 Jan 14 1:00 AM","0"
"Year 1 Jan 14 2:00 AM","0"
"Year 1 Jan 14 3:00 AM","0"
"Year 1 Jan 14 4:00 AM","0"
"Year 1 Jan 14 5:00 AM","0"
"Year 1 Jan 14 6:00 AM","0"
"Year 1 Jan 14 7:00 AM","0"
"Year 1 Jan 14 8:00 AM","8.11389056080867"
"Year 1 Jan 14 9:00 AM","31.3221805224852"
"Year 1 Jan 14 10:00 AM","49.9081530993035"
"Year 1 Jan 14 11:00 AM","61.5433326784016"
"Year 1 Jan 14 12:00 PM","71.2653481944027"
"Year 1 Jan 14 1:00 PM","78.1783802353854"
"Year 1 Jan 14 2:00 PM","65.3099670957641"
"Year 1 Jan 14 3:00 PM","74.831759324478"
"Year 1 Jan 14 4:00 PM","82.530314993563"
"Year 1 Jan 14 5:00 PM","27.0681680460917"
"Year 1 Jan 14 6:00 PM","0"
"Year 1 Jan 14 7:00 PM","0"
"Year 1 Jan 14 8:00 PM","0"
"Year 1 Jan 14 9:00 PM","0"
"Year 1 Jan 14 10:00 PM","0"
"Year 1 Jan 14 11:00 PM","0"
"Year 1 Jan 15 12:00 AM","0"
"Year 1 Jan 15 1:00 AM","0"
"Year 1 Jan 15 2:00 AM","0"
"Year 1 Jan 15 3:00 AM","0"
"Year 1 Jan 15 4:00 AM","0"
"Year 1 Jan 15 5:00 AM","0"
"Year 1 Jan 15 6:00 AM","0"
"Year 1 Jan 15 7:00 AM","0"
"Year 1 Jan 15 8:00 AM","8.84245891865503"
"Year 1 Jan 15 9:00 AM","27.8469496691225"
"Year 1 Jan 15 10:00 AM","40.7088290838368"
"Year 1 Jan 15 11:00 AM","44.9101413904287"
"Year 1 Jan 15 12:00 PM","49.2077134076951"
"Year 1 Jan 15 1:00 PM","74.2599241043229"
"Year 1 Jan 15 2:00 PM","96.8543785032353"
"Year 1 Jan 15 3:00 PM","98.9042501414627"
"Year 1 Jan 15 4:00 PM","86.7639971300123"
"Year 1 Jan 15 5:00 PM","27.1971910708521"
"Year 1 Jan 15 6:00 PM","0"
"Year 1 Jan 15 7:00 PM","0"
"Year 1 Jan 15 8:00 PM","0"
"Year 1 Jan 15 9:00 PM","0"
"Year 1 Jan 15 10:00 PM","0"
"Year 1 Jan 15 11:00 PM","0"
"Year 1 Jan 16 12:00 AM","0"
"Year 1 Jan 16 1:00 AM","0"
"Year 1 Jan 16 2:00 AM","0"
"Year 1 Jan 16 3:00 AM","0"
"Year 1 Jan 16 4:00 AM","0"
"Year 1 Jan 16 5:00 AM","0"
"Year 1 Jan 16 6:00 AM","0"
"Year 1 Jan 16 7:00 AM","0"
"Year 1 Jan 16 8:00 AM","9.01014229186657"
"Year 1 Jan 16 9:00 AM","35.5595541800528"
"Year 1 Jan 16 10:00 AM","54.8656343401512"
"Year 1 Jan 16 11:00 AM","58.5104006678276"
"Year 1 Jan 16 12:00 PM","70.6585916601495"
"Year 1 Jan 16 1:00 PM","74.2534492700925"
"Year 1 Jan 16 2:00 PM","96.305804370381"
"Year 1 Jan 16 3:00 PM","100.48438133499"
"Year 1 Jan 16 4:00 PM","74.7605437588687"
"Year 1 Jan 16 5:00 PM","25.2182382733278"
"Year 1 Jan 16 6:00 PM","0"
"Year 1 Jan 16 7:00 PM","0"
"Year 1 Jan 16 8:00 PM","0"
"Year 1 Jan 16 9:00 PM","0"
"Year 1 Jan 16 10:00 PM","0"
"Year 1 Jan 16 11:00 PM","0"
"Year 1 Jan 17 12:00 AM","0"
"Year 1 Jan 17 1:00 AM","0"
"Year 1 Jan 17 2:00 AM","0"
"Year 1 Jan 17 3:00 AM","0"
"Year 1 Jan 17 4:00 AM","0"
"Year 1 Jan 17 5:00 AM","0"
"Year 1 Jan 17 6:00 AM","0"
"Year 1 Jan 17 7:00 AM","0"
"Year 1 Jan 17 8:00 AM","8.59949070213107"
"Year 1 Jan 17 9:00 AM","23.5047545694315"
"Year 1 Jan 17 10:00 AM","31.2738550150262"
"Year 1 Jan 17 11:00 AM","41.1034787479382"
"Year 1 Jan 17 12:00 PM","44.9412525284788"
"Year 1 Jan 17 1:00 PM","70.3371751760519"
"Year 1 Jan 17 2:00 PM","91.7490660438402"
"Year 1 Jan 17 3:00 PM","65.0467686967438"
"Year 1 Jan 17 4:00 PM","53.8890956626313"
"Year 1 Jan 17 5:00 PM","23.1840600070407"
"Year 1 Jan 17 6:00 PM","0"
"Year 1 Jan 17 7:00 PM","0"
"Year 1 Jan 17 8:00 PM","0"
"Year 1 Jan 17 9:00 PM","0"
"Year 1 Jan 17 10:00 PM","0"
"Year 1 Jan 17 11:00 PM","0"
"Year 1 Jan 18 12:00 AM","0"
"Year 1 Jan 18 1:00 AM","0"
"Year 1 Jan 18 2:00 AM","0"
"Year 1 Jan 18 3:00 AM","0"
"Year 1 Jan 18 4:00 AM","0"
"Year 1 Jan 18 5:00 AM","0"
"Year 1 Jan 18 6:00 AM","0"
"Year 1 Jan 18 7:00 AM","0"
"Year 1 Jan 18 8:00 AM","5.37066685001487"
"Year 1 Jan 18 9:00 AM","23.6561087653807"
"Year 1 Jan 18 10:00 AM","54.1211664875055"
"Year 1 Jan 18 11:00 AM","66.4903040374596"
"Year 1 Jan 18 12:00 PM","67.5330132539378"
"Year 1 Jan 18 1:00 PM","64.9786746717946"
"Year 1 Jan 18 2:00 PM","61.310095309325"
"Year 1 Jan 18 3:00 PM","50.4276031950276"
"Year 1 Jan 18 4:00 PM","20.8051078473861"
"Year 1 Jan 18 5:00 PM","4.91723109163993"
"Year 1 Jan 18 6:00 PM","0"
"Year 1 Jan 18 7:00 PM","0"
"Year 1 Jan 18 8:00 PM","0"
"Year 1 Jan 18 9:00 PM","0"
"Year 1 Jan 18 10:00 PM","0"
"Year 1 Jan 18 11:00 PM","0"
"Year 1 Jan 19 12:00 AM","0"
"Year 1 Jan 19 1:00 AM","0"
"Year 1 Jan 19 2:00 AM","0"
"Year 1 Jan 19 3:00 AM","0"
"Year 1 Jan 19 4:00 AM","0"
"Year 1 Jan 19 5:00 AM","0"
"Year 1 Jan 19 6:00 AM","0"
"Year 1 Jan 19 7:00 AM","0"
"Year 1 Jan 19 8:00 AM","8.10561598499311"
"Year 1 Jan 19 9:00 AM","33.4922894985597"
"Year 1 Jan 19 10:00 AM","53.22635271781"
"Year 1 Jan 19 11:00 AM","70.3425995175964"
"Year 1 Jan 19 12:00 PM","82.8787288950461"
"Year 1 Jan 19 1:00 PM","90.2802533310087"
"Year 1 Jan 19 2:00 PM","100.806126412153"
"Year 1 Jan 19 3:00 PM","81.6379275392057"
"Year 1 Jan 19 4:00 PM","61.8066985050934"
"Year 1 Jan 19 5:00 PM","26.9651906033877"
"Year 1 Jan 19 6:00 PM","0"
"Year 1 Jan 19 7:00 PM","0"
"Year 1 Jan 19 8:00 PM","0"
"Year 1 Jan 19 9:00 PM","0"
"Year 1 Jan 19 10:00 PM","0"
"Year 1 Jan 19 11:00 PM","0"
"Year 1 Jan 20 12:00 AM","0"
"Year 1 Jan 20 1:00 AM","0"
"Year 1 Jan 20 2:00 AM","0"
"Year 1 Jan 20 3:00 AM","0"
"Year 1 Jan 20 4:00 AM","0"
"Year 1 Jan 20 5:00 AM","0"
"Year 1 Jan 20 6:00 AM","0"
"Year 1 Jan 20 7:00 AM","0"
"Year 1 Jan 20 8:00 AM","8.8053235610467"
"Year 1 Jan 20 9:00 AM","32.1476058668198"
"Year 1 Jan 20 10:00 AM","55.922283259278"
"Year 1 Jan 20 11:00 AM","71.2135842171427"
"Year 1 Jan 20 12:00 PM","79.9523545300162"
"Year 1 Jan 20 1:00 PM","87.6489589752317"
"Year 1 Jan 20 2:00 PM","87.0316571763015"
"Year 1 Jan 20 3:00 PM","76.7687755998032"
"Year 1 Jan 20 4:00 PM","83.2157897251907"
"Year 1 Jan 20 5:00 PM","42.2426783148009"
"Year 1 Jan 20 6:00 PM","0"
"Year 1 Jan 20 7:00 PM","0"
"Year 1 Jan 20 8:00 PM","0"
"Year 1 Jan 20 9:00 PM","0"
"Year 1 Jan 20 10:00 PM","0"
"Year 1 Jan 20 11:00 PM","0"
"Year 1 Jan 21 12:00 AM","0"
"Year 1 Jan 21 1:00 AM","0"
"Year 1 Jan 21 2:00 AM","0"
"Year 1 Jan 21 3:00 AM","0"
"Year 1 Jan 21 4:00 AM","0"
"Year 1 Jan 21 5:00 AM","0"
"Year 1 Jan 21 6:00 AM","0"
"Year 1 Jan 21 7:00 AM","0"
"Year 1 Jan 21 8:00 AM","10.6873496020079"
"Year 1 Jan 21 9:00 AM","34.4407529582719"
"Year 1 Jan 21 10:00 AM","57.3839718181874"
"Year 1 Jan 21 11:00 AM","67.6079791599165"
"Year 1 Jan 21 12:00 PM","72.8611023555514"
"Year 1 Jan 21 1:00 PM","87.4979479439469"
"Year 1 Jan 21 2:00 PM","105.247009323589"
"Year 1 Jan 21 3:00 PM","60.0254572807239"
"Year 1 Jan 21 4:00 PM","54.0641654150803"
"Year 1 Jan 21 5:00 PM","30.8635173804303"
"Year 1 Jan 21 6:00 PM","0"
"Year 1 Jan 21 7:00 PM","0"
"Year 1 Jan 21 8:00 PM","0"
"Year 1 Jan 21 9:00 PM","0"
"Year 1 Jan 21 10:00 PM","0"
"Year 1 Jan 21 11:00 PM","0"
"Year 1 Jan 22 12:00 AM","0"
"Year 1 Jan 22 1:00 AM","0"
"Year 1 Jan 22 2:00 AM","0"
"Year 1 Jan 22 3:00 AM","0"
"Year 1 Jan 22 4:00 AM","0"
"Year 1 Jan 22 5:00 AM","0"
"Year 1 Jan 22 6:00 AM","0"
"Year 1 Jan 22 7:00 AM","0"
"Year 1 Jan 22 8:00 AM","6.44197221771637"
"Year 1 Jan 22 9:00 AM","26.8056474300612"
"Year 1 Jan 22 10:00 AM","55.9362676913253"
"Year 1 Jan 22 11:00 AM","64.7116352024697"
"Year 1 Jan 22 12:00 PM","57.2455997485871"
"Year 1 Jan 22 1:00 PM","51.8285068972129"
"Year 1 Jan 22 2:00 PM","69.2377987128972"
"Year 1 Jan 22 3:00 PM","80.4138074681317"
"Year 1 Jan 22 4:00 PM","86.7963060124025"
"Year 1 Jan 22 5:00 PM","42.5446586482429"
"Year 1 Jan 22 6:00 PM","0"
"Year 1 Jan 22 7:00 PM","0"
"Year 1 Jan 22 8:00 PM","0"
"Year 1 Jan 22 9:00 PM","0"
"Year 1 Jan 22 10:00 PM","0"
"Year 1 Jan 22 11:00 PM","0"
"Year 1 Jan 23 12:00 AM","0"
"Year 1 Jan 23 1:00 AM","0"
"Year 1 Jan 23 2:00 AM","0"
"Year 1 Jan 23 3:00 AM","0"
"Year 1 Jan 23 4:00 AM","0"
"Year 1 Jan 23 5:00 AM","0"
"Year 1 Jan 23 6:00 AM","0"
"Year 1 Jan 23 7:00 AM","0"
"Year 1 Jan 23 8:00 AM","10.0513357175443"
"Year 1 Jan 23 9:00 AM","29.8737812971008"
"Year 1 Jan 23 10:00 AM","45.7186135027756"
"Year 1 Jan 23 11:00 AM","54.1245970348746"
"Year 1 Jan 23 12:00 PM","55.9083098799135"
"Year 1 Jan 23 1:00 PM","70.7847479574239"
"Year 1 Jan 23 2:00 PM","93.0367990937991"
"Year 1 Jan 23 3:00 PM","102.87653630307"
"Year 1 Jan 23 4:00 PM","95.4725076521546"
"Year 1 Jan 23 5:00 PM","39.2818720562411"
"Year 1 Jan 23 6:00 PM","0"
"Year 1 Jan 23 7:00 PM","0"
"Year 1 Jan 23 8:00 PM","0"
"Year 1 Jan 23 9:00 PM","0"
"Year 1 Jan 23 10:00 PM","0"
"Year 1 Jan 23 11:00 PM","0"
"Year 1 Jan 24 12:00 AM","0"
"Year 1 Jan 24 1:00 AM","0"
"Year 1 Jan 24 2:00 AM","0"
"Year 1 Jan 24 3:00 AM","0"
"Year 1 Jan 24 4:00 AM","0"
"Year 1 Jan 24 5:00 AM","0"
"Year 1 Jan 24 6:00 AM","0"
"Year 1 Jan 24 7:00 AM","0"
"Year 1 Jan 24 8:00 AM","6.06816011748434"
"Year 1 Jan 24 9:00 AM","20.5225702654277"
"Year 1 Jan 24 10:00 AM","45.6289205047278"
"Year 1 Jan 24 11:00 AM","66.7624850251296"
"Year 1 Jan 24 12:00 PM","80.7992840893222"
"Year 1 Jan 24 1:00 PM","85.9453640425428"
"Year 1 Jan 24 2:00 PM","85.3131584128048"
"Year 1 Jan 24 3:00 PM","73.3141219825076"
"Year 1 Jan 24 4:00 PM","49.4983787006919"
"Year 1 Jan 24 5:00 PM","17.0448633269865"
"Year 1 Jan 24 6:00 PM","0"
"Year 1 Jan 24 7:00 PM","0"
"Year 1 Jan 24 8:00 PM","0"
"Year 1 Jan 24 9:00 PM","0"
"Year 1 Jan 24 10:00 PM","0"
"Year 1 Jan 24 11:00 PM","0"
"Year 1 Jan 25 12:00 AM","0"
"Year 1 Jan 25 1:00 AM","0"
"Year 1 Jan 25 2:00 AM","0"
"Year 1 Jan 25 3:00 AM","0"
"Year 1 Jan 25 4:00 AM","0"
"Year 1 Jan 25 5:00 AM","0"
"Year 1 Jan 25 6:00 AM","0"
"Year 1 Jan 25 7:00 AM","0"
"Year 1 Jan 25 8:00 AM","8.72480477239341"
"Year 1 Jan 25 9:00 AM","26.4896231405758"
"Year 1 Jan 25 10:00 AM","52.59206394911"
"Year 1 Jan 25 11:00 AM","64.5723013069737"
"Year 1 Jan 25 12:00 PM","69.9480184205638"
"Year 1 Jan 25 1:00 PM","68.1487650884198"
"Year 1 Jan 25 2:00 PM","85.6623654172786"
"Year 1 Jan 25 3:00 PM","100.228140912006"
"Year 1 Jan 25 4:00 PM","94.5610048317923"
"Year 1 Jan 25 5:00 PM","47.474904167376"
"Year 1 Jan 25 6:00 PM","0"
"Year 1 Jan 25 7:00 PM","0"
"Year 1 Jan 25 8:00 PM","0"
"Year 1 Jan 25 9:00 PM","0"
"Year 1 Jan 25 10:00 PM","0"
"Year 1 Jan 25 11:00 PM","0"
"Year 1 Jan 26 12:00 AM","0"
"Year 1 Jan 26 1:00 AM","0"
"Year 1 Jan 26 2:00 AM","0"
"Year 1 Jan 26 3:00 AM","0"
"Year 1 Jan 26 4:00 AM","0"
"Year 1 Jan 26 5:00 AM","0"
"Year 1 Jan 26 6:00 AM","0"
"Year 1 Jan 26 7:00 AM","0"
"Year 1 Jan 26 8:00 AM","8.10323189761171"
"Year 1 Jan 26 9:00 AM","26.4442450031527"
"Year 1 Jan 26 10:00 AM","50.3384366378784"
"Year 1 Jan 26 11:00 AM","67.6188964345562"
"Year 1 Jan 26 12:00 PM","71.6163958642364"
"Year 1 Jan 26 1:00 PM","80.0553693936009"
"Year 1 Jan 26 2:00 PM","94.6908882930452"
"Year 1 Jan 26 3:00 PM","65.7948757082686"
"Year 1 Jan 26 4:00 PM","93.7902426815403"
"Year 1 Jan 26 5:00 PM","57.2681717505115"
"Year 1 Jan 26 6:00 PM","0"
"Year 1 Jan 26 7:00 PM","0"
"Year 1 Jan 26 8:00 PM","0"
"Year 1 Jan 26 9:00 PM","0"
"Year 1 Jan 26 10:00 PM","0"
"Year 1 Jan 26 11:00 PM","0"
"Year 1 Jan 27 12:00 AM","0"
"Year 1 Jan 27 1:00 AM","0"
"Year 1 Jan 27 2:00 AM","0"
"Year 1 Jan 27 3:00 AM","0"
"Year 1 Jan 27 4:00 AM","0"
"Year 1 Jan 27 5:00 AM","0"
"Year 1 Jan 27 6:00 AM","0"
"Year 1 Jan 27 7:00 AM","0"
"Year 1 Jan 27 8:00 AM","10.2219483498489"
"Year 1 Jan 27 9:00 AM","23.2837811759633"
"Year 1 Jan 27 10:00 AM","31.6502809472896"
"Year 1 Jan 27 11:00 AM","36.0111929019259"
"Year 1 Jan 27 12:00 PM","37.8222763563089"
"Year 1 Jan 27 1:00 PM","43.8858699035109"
"Year 1 Jan 27 2:00 PM","58.469120379732"
"Year 1 Jan 27 3:00 PM","84.3259835739613"
"Year 1 Jan 27 4:00 PM","71.7959746006999"
"Year 1 Jan 27 5:00 PM","55.3533976778621"
"Year 1 Jan 27 6:00 PM","0"
"Year 1 Jan 27 7:00 PM","0"
"Year 1 Jan 27 8:00 PM","0"
"Year 1 Jan 27 9:00 PM","0"
"Year 1 Jan 27 10:00 PM","0"
"Year 1 Jan 27 11:00 PM","0"
"Year 1 Jan 28 12:00 AM","0"
"Year 1 Jan 28 1:00 AM","0"
"Year 1 Jan 28 2:00 AM","0"
"Year 1 Jan 28 3:00 AM","0"
"Year 1 Jan 28 4:00 AM","0"
"Year 1 Jan 28 5:00 AM","0"
"Year 1 Jan 28 6:00 AM","0"
"Year 1 Jan 28 7:00 AM","0"
"Year 1 Jan 28 8:00 AM","9.45079918530372"
"Year 1 Jan 28 9:00 AM","26.4313815991394"
"Year 1 Jan 28 10:00 AM","50.6658375987114"
"Year 1 Jan 28 11:00 AM","68.3266479676805"
"Year 1 Jan 28 12:00 PM","71.3174178588225"
"Year 1 Jan 28 1:00 PM","88.1100580900692"
"Year 1 Jan 28 2:00 PM","96.7025455336161"
"Year 1 Jan 28 3:00 PM","60.7404944074489"
"Year 1 Jan 28 4:00 PM","35.7794966087668"
"Year 1 Jan 28 5:00 PM","10.1888033190487"
"Year 1 Jan 28 6:00 PM","0"
"Year 1 Jan 28 7:00 PM","0"
"Year 1 Jan 28 8:00 PM","0"
"Year 1 Jan 28 9:00 PM","0"
"Year 1 Jan 28 10:00 PM","0"
"Year 1 Jan 28 11:00 PM","0"
"Year 1 Jan 29 12:00 AM","0"
"Year 1 Jan 29 1:00 AM","0"
"Year 1 Jan 29 2:00 AM","0"
"Year 1 Jan 29 3:00 AM","0"
"Year 1 Jan 29 4:00 AM","0"
"Year 1 Jan 29 5:00 AM","0"
"Year 1 Jan 29 6:00 AM","0"
"Year 1 Jan 29 7:00 AM","0"
"Year 1 Jan 29 8:00 AM","11.8636312701315"
"Year 1 Jan 29 9:00 AM","34.0578468867887"
"Year 1 Jan 29 10:00 AM","45.3171977995269"
"Year 1 Jan 29 11:00 AM","73.0477022488849"
"Year 1 Jan 29 12:00 PM","94.1484446774127"
"Year 1 Jan 29 1:00 PM","87.1905664767757"
"Year 1 Jan 29 2:00 PM","116.210180563866"
"Year 1 Jan 29 3:00 PM","125.191488214785"
"Year 1 Jan 29 4:00 PM","112.853245778774"
"Year 1 Jan 29 5:00 PM","61.121624928329"
"Year 1 Jan 29 6:00 PM","0"
"Year 1 Jan 29 7:00 PM","0"
"Year 1 Jan 29 8:00 PM","0"
"Year 1 Jan 29 9:00 PM","0"
"Year 1 Jan 29 10:00 PM","0"
"Year 1 Jan 29 11:00 PM","0"
"Year 1 Jan 30 12:00 AM","0"
"Year 1 Jan 30 1:00 AM","0"
"Year 1 Jan 30 2:00 AM","0"
"Year 1 Jan 30 3:00 AM","0"
"Year 1 Jan 30 4:00 AM","0"
"Year 1 Jan 30 5:00 AM","0"
"Year 1 Jan 30 6:00 AM","0"
"Year 1 Jan 30 7:00 AM","0"
"Year 1 Jan 30 8:00 AM","11.1099843981519"
"Year 1 Jan 30 9:00 AM","29.6927656830333"
"Year 1 Jan 30 10:00 AM","48.0430847724168"
"Year 1 Jan 30 11:00 AM","58.5489329819138"
"Year 1 Jan 30 12:00 PM","71.8980913809267"
"Year 1 Jan 30 1:00 PM","81.9367906366532"
"Year 1 Jan 30 2:00 PM","89.0634592839557"
"Year 1 Jan 30 3:00 PM","74.8777535807609"
"Year 1 Jan 30 4:00 PM","53.2878720038386"
"Year 1 Jan 30 5:00 PM","26.1555289754344"
"Year 1 Jan 30 6:00 PM","0"
"Year 1 Jan 30 7:00 PM","0"
"Year 1 Jan 30 8:00 PM","0"
"Year 1 Jan 30 9:00 PM","0"
"Year 1 Jan 30 10:00 PM","0"
"Year 1 Jan 30 11:00 PM","0"
"Year 1 Jan 31 12:00 AM","0"
"Year 1 Jan 31 1:00 AM","0"
"Year 1 Jan 31 2:00 AM","0"
"Year 1 Jan 31 3:00 AM","0"
"Year 1 Jan 31 4:00 AM","0"
"Year 1 Jan 31 5:00 AM","0"
"Year 1 Jan 31 6:00 AM","0"
"Year 1 Jan 31 7:00 AM","0"
"Year 1 Jan 31 8:00 AM","13.0490302931764"
"Year 1 Jan 31 9:00 AM","40.6518729183044"
"Year 1 Jan 31 10:00 AM","68.6903729558228"
"Year 1 Jan 31 11:00 AM","86.1166169429235"
"Year 1 Jan 31 12:00 PM","89.499371524037"
"Year 1 Jan 31 1:00 PM","90.3399813849103"
"Year 1 Jan 31 2:00 PM","81.2676497452326"
"Year 1 Jan 31 3:00 PM","55.4816898957612"
"Year 1 Jan 31 4:00 PM","31.6996029479501"
"Year 1 Jan 31 5:00 PM","8.87582210413684"
"Year 1 Jan 31 6:00 PM","0"
"Year 1 Jan 31 7:00 PM","0"
"Year 1 Jan 31 8:00 PM","0"
"Year 1 Jan 31 9:00 PM","0"
"Year 1 Jan 31 10:00 PM","0"
"Year 1 Jan 31 11:00 PM","0"
"Year 1 Feb 01 12:00 AM","0"
"Year 1 Feb 01 1:00 AM","0"
"Year 1 Feb 01 2:00 AM","0"
"Year 1 Feb 01 3:00 AM","0"
"Year 1 Feb 01 4:00 AM","0"
"Year 1 Feb 01 5:00 AM","0"
"Year 1 Feb 01 6:00 AM","0"
"Year 1 Feb 01 7:00 AM","0"
"Year 1 Feb 01 8:00 AM","13.548825501196"
"Year 1 Feb 01 9:00 AM","37.4044831847269"
"Year 1 Feb 01 10:00 AM","53.9794940824177"
"Year 1 Feb 01 11:00 AM","50.1503374600819"
"Year 1 Feb 01 12:00 PM","49.0994093282028"
"Year 1 Feb 01 1:00 PM","62.3318710486116"
"Year 1 Feb 01 2:00 PM","84.7270831995672"
"Year 1 Feb 01 3:00 PM","97.7810836128577"
"Year 1 Feb 01 4:00 PM","99.5587413478635"
"Year 1 Feb 01 5:00 PM","70.3555852195263"
"Year 1 Feb 01 6:00 PM","0"
"Year 1 Feb 01 7:00 PM","0"
"Year 1 Feb 01 8:00 PM","0"
"Year 1 Feb 01 9:00 PM","0"
"Year 1 Feb 01 10:00 PM","0"
"Year 1 Feb 01 11:00 PM","0"
"Year 1 Feb 02 12:00 AM","0"
"Year 1 Feb 02 1:00 AM","0"
"Year 1 Feb 02 2:00 AM","0"
"Year 1 Feb 02 3:00 AM","0"
"Year 1 Feb 02 4:00 AM","0"
"Year 1 Feb 02 5:00 AM","0"
"Year 1 Feb 02 6:00 AM","0"
"Year 1 Feb 02 7:00 AM","0"
"Year 1 Feb 02 8:00 AM","19.0569519013922"
"Year 1 Feb 02 9:00 AM","46.8451509260736"
"Year 1 Feb 02 10:00 AM","78.5147718036406"
"Year 1 Feb 02 11:00 AM","89.2591478409215"
"Year 1 Feb 02 12:00 PM","87.1860594389029"
"Year 1 Feb 02 1:00 PM","93.4238125571299"
"Year 1 Feb 02 2:00 PM","98.94771800279"
"Year 1 Feb 02 3:00 PM","72.344577147414"
"Year 1 Feb 02 4:00 PM","58.4794593689458"
"Year 1 Feb 02 5:00 PM","38.6859327015579"
"Year 1 Feb 02 6:00 PM","0"
"Year 1 Feb 02 7:00 PM","0"
"Year 1 Feb 02 8:00 PM","0"
"Year 1 Feb 02 9:00 PM","0"
"Year 1 Feb 02 10:00 PM","0"
"Year 1 Feb 02 11:00 PM","0"
"Year 1 Feb 03 12:00 AM","0"
"Year 1 Feb 03 1:00 AM","0"
"Year 1 Feb 03 2:00 AM","0"
"Year 1 Feb 03 3:00 AM","0"
"Year 1 Feb 03 4:00 AM","0"
"Year 1 Feb 03 5:00 AM","0"
"Year 1 Feb 03 6:00 AM","0"
"Year 1 Feb 03 7:00 AM","0"
"Year 1 Feb 03 8:00 AM","14.2291553469899"
"Year 1 Feb 03 9:00 AM","43.4147058138567"
"Year 1 Feb 03 10:00 AM","69.635627508164"
"Year 1 Feb 03 11:00 AM","72.3452265835588"
"Year 1 Feb 03 12:00 PM","96.7119201901035"
"Year 1 Feb 03 1:00 PM","113.545195361362"
"Year 1 Feb 03 2:00 PM","130.165533909692"
"Year 1 Feb 03 3:00 PM","90.1365961179216"
"Year 1 Feb 03 4:00 PM","87.4480740271672"
"Year 1 Feb 03 5:00 PM","95.8433003282156"
"Year 1 Feb 03 6:00 PM","0"
"Year 1 Feb 03 7:00 PM","0"
"Year 1 Feb 03 8:00 PM","0"
"Year 1 Feb 03 9:00 PM","0"
"Year 1 Feb 03 10:00 PM","0"
"Year 1 Feb 03 11:00 PM","0"
"Year 1 Feb 04 12:00 AM","0"
"Year 1 Feb 04 1:00 AM","0"
"Year 1 Feb 04 2:00 AM","0"
"Year 1 Feb 04 3:00 AM","0"
"Year 1 Feb 04 4:00 AM","0"
"Year 1 Feb 04 5:00 AM","0"
"Year 1 Feb 04 6:00 AM","0"
"Year 1 Feb 04 7:00 AM","0"
"Year 1 Feb 04 8:00 AM","13.9989544225512"
"Year 1 Feb 04 9:00 AM","37.8378062870329"
"Year 1 Feb 04 10:00 AM","68.7924096246648"
"Year 1 Feb 04 11:00 AM","76.1241853271896"
"Year 1 Feb 04 12:00 PM","98.7813727949641"
"Year 1 Feb 04 1:00 PM","95.4803531218134"
"Year 1 Feb 04 2:00 PM","99.42750236683"
"Year 1 Feb 04 3:00 PM","93.3101356776424"
"Year 1 Feb 04 4:00 PM","71.7913555134113"
"Year 1 Feb 04 5:00 PM","46.2805689368239"
"Year 1 Feb 04 6:00 PM","0"
"Year 1 Feb 04 7:00 PM","0"
"Year 1 Feb 04 8:00 PM","0"
"Year 1 Feb 04 9:00 PM","0"
"Year 1 Feb 04 10:00 PM","0"
"Year 1 Feb 04 11:00 PM","0"
"Year 1 Feb 05 12:00 AM","0"
"Year 1 Feb 05 1:00 AM","0"
"Year 1 Feb 05 2:00 AM","0"
"Year 1 Feb 05 3:00 AM","0"
"Year 1 Feb 05 4:00 AM","0"
"Year 1 Feb 05 5:00 AM","0"
"Year 1 Feb 05 6:00 AM","0"
"Year 1 Feb 05 7:00 AM","0"
"Year 1 Feb 05 8:00 AM","15.7503805220834"
"Year 1 Feb 05 9:00 AM","34.8400024548804"
"Year 1 Feb 05 10:00 AM","45.4186646731869"
"Year 1 Feb 05 11:00 AM","51.2722625651815"
"Year 1 Feb 05 12:00 PM","53.9388193970387"
"Year 1 Feb 05 1:00 PM","68.0118655865939"
"Year 1 Feb 05 2:00 PM","91.5489285947771"
"Year 1 Feb 05 3:00 PM","105.825495645723"
"Year 1 Feb 05 4:00 PM","106.198843205762"
"Year 1 Feb 05 5:00 PM","80.0232546279531"
"Year 1 Feb 05 6:00 PM","0"
"Year 1 Feb 05 7:00 PM","0"
"Year 1 Feb 05 8:00 PM","0"
"Year 1 Feb 05 9:00 PM","0"
"Year 1 Feb 05 10:00 PM","0"
"Year 1 Feb 05 11:00 PM","0"
"Year 1 Feb 06 12:00 AM","0"
"Year 1 Feb 06 1:00 AM","0"
"Year 1 Feb 06 2:00 AM","0"
"Year 1 Feb 06 3:00 AM","0"
"Year 1 Feb 06 4:00 AM","0"
"Year 1 Feb 06 5:00 AM","0"
"Year 1 Feb 06 6:00 AM","0"
"Year 1 Feb 06 7:00 AM","0"
"Year 1 Feb 06 8:00 AM","16.9776837550939"
"Year 1 Feb 06 9:00 AM","37.3540528217864"
"Year 1 Feb 06 10:00 AM","48.5358225443577"
"Year 1 Feb 06 11:00 AM","55.0830825439864"
"Year 1 Feb 06 12:00 PM","59.8245004221946"
"Year 1 Feb 06 1:00 PM","74.4920688288527"
"Year 1 Feb 06 2:00 PM","96.6090367345705"
"Year 1 Feb 06 3:00 PM","110.309974793462"
"Year 1 Feb 06 4:00 PM","109.876889680448"
"Year 1 Feb 06 5:00 PM","82.4617975837267"
"Year 1 Feb 06 6:00 PM","0"
"Year 1 Feb 06 7:00 PM","0"
"Year 1 Feb 06 8:00 PM","0"
"Year 1 Feb 06 9:00 PM","0"
"Year 1 Feb 06 10:00 PM","0"
"Year 1 Feb 06 11:00 PM","0"
"Year 1 Feb 07 12:00 AM","0"
"Year 1 Feb 07 1:00 AM","0"
"Year 1 Feb 07 2:00 AM","0"
"Year 1 Feb 07 3:00 AM","0"
"Year 1 Feb 07 4:00 AM","0"
"Year 1 Feb 07 5:00 AM","0"
"Year 1 Feb 07 6:00 AM","0"
"Year 1 Feb 07 7:00 AM","0"
"Year 1 Feb 07 8:00 AM","16.674765471014"
"Year 1 Feb 07 9:00 AM","30.7674405390678"
"Year 1 Feb 07 10:00 AM","42.6531896083807"
"Year 1 Feb 07 11:00 AM","48.4252863664129"
"Year 1 Feb 07 12:00 PM","50.6341909272374"
"Year 1 Feb 07 1:00 PM","61.7428766707574"
"Year 1 Feb 07 2:00 PM","80.2933566515209"
"Year 1 Feb 07 3:00 PM","90.9442212455272"
"Year 1 Feb 07 4:00 PM","98.2261911217009"
"Year 1 Feb 07 5:00 PM","77.2791975865609"
"Year 1 Feb 07 6:00 PM","0"
"Year 1 Feb 07 7:00 PM","0"
"Year 1 Feb 07 8:00 PM","0"
"Year 1 Feb 07 9:00 PM","0"
"Year 1 Feb 07 10:00 PM","0"
"Year 1 Feb 07 11:00 PM","0"
"Year 1 Feb 08 12:00 AM","0"
"Year 1 Feb 08 1:00 AM","0"
"Year 1 Feb 08 2:00 AM","0"
"Year 1 Feb 08 3:00 AM","0"
"Year 1 Feb 08 4:00 AM","0"
"Year 1 Feb 08 5:00 AM","0"
"Year 1 Feb 08 6:00 AM","0"
"Year 1 Feb 08 7:00 AM","0"
"Year 1 Feb 08 8:00 AM","17.765018718834"
"Year 1 Feb 08 9:00 AM","45.4855770788049"
"Year 1 Feb 08 10:00 AM","58.3972282931068"
"Year 1 Feb 08 11:00 AM","51.1472914035455"
"Year 1 Feb 08 12:00 PM","53.515839560113"
"Year 1 Feb 08 1:00 PM","67.6701300541501"
"Year 1 Feb 08 2:00 PM","88.4219705757263"
"Year 1 Feb 08 3:00 PM","102.581708995155"
"Year 1 Feb 08 4:00 PM","104.763933536014"
"Year 1 Feb 08 5:00 PM","85.8406554961494"
"Year 1 Feb 08 6:00 PM","0"
"Year 1 Feb 08 7:00 PM","0"
"Year 1 Feb 08 8:00 PM","0"
"Year 1 Feb 08 9:00 PM","0"
"Year 1 Feb 08 10:00 PM","0"
"Year 1 Feb 08 11:00 PM","0"
"Year 1 Feb 09 12:00 AM","0"
"Year 1 Feb 09 1:00 AM","0"
"Year 1 Feb 09 2:00 AM","0"
"Year 1 Feb 09 3:00 AM","0"
"Year 1 Feb 09 4:00 AM","0"
"Year 1 Feb 09 5:00 AM","0"
"Year 1 Feb 09 6:00 AM","0"
"Year 1 Feb 09 7:00 AM","0"
"Year 1 Feb 09 8:00 AM","23.0131502029094"
"Year 1 Feb 09 9:00 AM","55.1223858440392"
"Year 1 Feb 09 10:00 AM","75.5134378856206"
"Year 1 Feb 09 11:00 AM","90.5322182073403"
"Year 1 Feb 09 12:00 PM","94.4693378059572"
"Year 1 Feb 09 1:00 PM","89.5859154058027"
"Year 1 Feb 09 2:00 PM","116.455398624815"
"Year 1 Feb 09 3:00 PM","85.8813094435635"
"Year 1 Feb 09 4:00 PM","76.7963173313139"
"Year 1 Feb 09 5:00 PM","64.8472722286293"
"Year 1 Feb 09 6:00 PM","2.21088089366236"
"Year 1 Feb 09 7:00 PM","0"
"Year 1 Feb 09 8:00 PM","0"
"Year 1 Feb 09 9:00 PM","0"
"Year 1 Feb 09 10:00 PM","0"
"Year 1 Feb 09 11:00 PM","0"
"Year 1 Feb 10 12:00 AM","0"
"Year 1 Feb 10 1:00 AM","0"
"Year 1 Feb 10 2:00 AM","0"
"Year 1 Feb 10 3:00 AM","0"
"Year 1 Feb 10 4:00 AM","0"
"Year 1 Feb 10 5:00 AM","0"
"Year 1 Feb 10 6:00 AM","0"
"Year 1 Feb 10 7:00 AM","0"
"Year 1 Feb 10 8:00 AM","17.4358798944156"
"Year 1 Feb 10 9:00 AM","40.8775979652172"
"Year 1 Feb 10 10:00 AM","56.2220066296541"
"Year 1 Feb 10 11:00 AM","66.1218479656933"
"Year 1 Feb 10 12:00 PM","69.5205880528598"
"Year 1 Feb 10 1:00 PM","84.1305050542705"
"Year 1 Feb 10 2:00 PM","110.832717456931"
"Year 1 Feb 10 3:00 PM","120.851027521878"
"Year 1 Feb 10 4:00 PM","115.656546293328"
"Year 1 Feb 10 5:00 PM","84.0009064087526"
"Year 1 Feb 10 6:00 PM","7.50682989734632"
"Year 1 Feb 10 7:00 PM","0"
"Year 1 Feb 10 8:00 PM","0"
"Year 1 Feb 10 9:00 PM","0"
"Year 1 Feb 10 10:00 PM","0"
"Year 1 Feb 10 11:00 PM","0"
"Year 1 Feb 11 12:00 AM","0"
"Year 1 Feb 11 1:00 AM","0"
"Year 1 Feb 11 2:00 AM","0"
"Year 1 Feb 11 3:00 AM","0"
"Year 1 Feb 11 4:00 AM","0"
"Year 1 Feb 11 5:00 AM","0"
"Year 1 Feb 11 6:00 AM","0"
"Year 1 Feb 11 7:00 AM","1.21525537205375"
"Year 1 Feb 11 8:00 AM","20.8363023960055"
"Year 1 Feb 11 9:00 AM","48.4582556389582"
"Year 1 Feb 11 10:00 AM","64.6626085566838"
"Year 1 Feb 11 11:00 AM","72.1708529137113"
"Year 1 Feb 11 12:00 PM","82.7776531711961"
"Year 1 Feb 11 1:00 PM","93.6189285451253"
"Year 1 Feb 11 2:00 PM","119.692005849822"
"Year 1 Feb 11 3:00 PM","114.581360018186"
"Year 1 Feb 11 4:00 PM","111.929735733221"
"Year 1 Feb 11 5:00 PM","82.7464448597531"
"Year 1 Feb 11 6:00 PM","6.52479568974756"
"Year 1 Feb 11 7:00 PM","0"
"Year 1 Feb 11 8:00 PM","0"
"Year 1 Feb 11 9:00 PM","0"
"Year 1 Feb 11 10:00 PM","0"
"Year 1 Feb 11 11:00 PM","0"
"Year 1 Feb 12 12:00 AM","0"
"Year 1 Feb 12 1:00 AM","0"
"Year 1 Feb 12 2:00 AM","0"
"Year 1 Feb 12 3:00 AM","0"
"Year 1 Feb 12 4:00 AM","0"
"Year 1 Feb 12 5:00 AM","0"
"Year 1 Feb 12 6:00 AM","0"
"Year 1 Feb 12 7:00 AM","0.822354386555458"
"Year 1 Feb 12 8:00 AM","14.3926711618665"
"Year 1 Feb 12 9:00 AM","36.6821397941056"
"Year 1 Feb 12 10:00 AM","40.7603803518757"
"Year 1 Feb 12 11:00 AM","56.1055531708016"
"Year 1 Feb 12 12:00 PM","82.7074434292669"
"Year 1 Feb 12 1:00 PM","72.1414871491357"
"Year 1 Feb 12 2:00 PM","118.210597210239"
"Year 1 Feb 12 3:00 PM","126.248946248138"
"Year 1 Feb 12 4:00 PM","60.3827579322532"
"Year 1 Feb 12 5:00 PM","49.9054099548108"
"Year 1 Feb 12 6:00 PM","6.38433761309982"
"Year 1 Feb 12 7:00 PM","0"
"Year 1 Feb 12 8:00 PM","0"
"Year 1 Feb 12 9:00 PM","0"
"Year 1 Feb 12 10:00 PM","0"
"Year 1 Feb 12 11:00 PM","0"
"Year 1 Feb 13 12:00 AM","0"
"Year 1 Feb 13 1:00 AM","0"
"Year 1 Feb 13 2:00 AM","0"
"Year 1 Feb 13 3:00 AM","0"
"Year 1 Feb 13 4:00 AM","0"
"Year 1 Feb 13 5:00 AM","0"
"Year 1 Feb 13 6:00 AM","0"
"Year 1 Feb 13 7:00 AM","0.915491410642733"
"Year 1 Feb 13 8:00 AM","16.0198422067844"
"Year 1 Feb 13 9:00 AM","44.8171467488619"
"Year 1 Feb 13 10:00 AM","64.8502785435144"
"Year 1 Feb 13 11:00 AM","87.5131825885808"
"Year 1 Feb 13 12:00 PM","99.7152344053938"
"Year 1 Feb 13 1:00 PM","106.32054442837"
"Year 1 Feb 13 2:00 PM","107.89430868698"
"Year 1 Feb 13 3:00 PM","103.252347383203"
"Year 1 Feb 13 4:00 PM","108.665069346412"
"Year 1 Feb 13 5:00 PM","94.8068449096559"
"Year 1 Feb 13 6:00 PM","7.37819458019102"
"Year 1 Feb 13 7:00 PM","0"
"Year 1 Feb 13 8:00 PM","0"
"Year 1 Feb 13 9:00 PM","0"
"Year 1 Feb 13 10:00 PM","0"
"Year 1 Feb 13 11:00 PM","0"
"Year 1 Feb 14 12:00 AM","0"
"Year 1 Feb 14 1:00 AM","0"
"Year 1 Feb 14 2:00 AM","0"
"Year 1 Feb 14 3:00 AM","0"
"Year 1 Feb 14 4:00 AM","0"
"Year 1 Feb 14 5:00 AM","0"
"Year 1 Feb 14 6:00 AM","0"
"Year 1 Feb 14 7:00 AM","1.17314225668563"
"Year 1 Feb 14 8:00 AM","15.4664618396748"
"Year 1 Feb 14 9:00 AM","31.1675315444677"
"Year 1 Feb 14 10:00 AM","64.2671820553294"
"Year 1 Feb 14 11:00 AM","82.2225127093125"
"Year 1 Feb 14 12:00 PM","94.860464523189"
"Year 1 Feb 14 1:00 PM","94.6844473545751"
"Year 1 Feb 14 2:00 PM","86.8654970819133"
"Year 1 Feb 14 3:00 PM","80.1407598921241"
"Year 1 Feb 14 4:00 PM","89.2579691551034"
"Year 1 Feb 14 5:00 PM","46.3913734444143"
"Year 1 Feb 14 6:00 PM","4.45928158199537"
"Year 1 Feb 14 7:00 PM","0"
"Year 1 Feb 14 8:00 PM","0"
"Year 1 Feb 14 9:00 PM","0"
"Year 1 Feb 14 10:00 PM","0"
"Year 1 Feb 14 11:00 PM","0"
"Year 1 Feb 15 12:00 AM","0"
"Year 1 Feb 15 1:00 AM","0"
"Year 1 Feb 15 2:00 AM","0"
"Year 1 Feb 15 3:00 AM","0"
"Year 1 Feb 15 4:00 AM","0"
"Year 1 Feb 15 5:00 AM","0"
"Year 1 Feb 15 6:00 AM","0"
"Year 1 Feb 15 7:00 AM","1.42848709921382"
"Year 1 Feb 15 8:00 AM","17.231437349857"
"Year 1 Feb 15 9:00 AM","32.6393185770269"
"Year 1 Feb 15 10:00 AM","41.6566469519003"
"Year 1 Feb 15 11:00 AM","45.5846325427577"
"Year 1 Feb 15 12:00 PM","45.4828589916425"
"Year 1 Feb 15 1:00 PM","54.3029620651344"
"Year 1 Feb 15 2:00 PM","65.9815233012389"
"Year 1 Feb 15 3:00 PM","69.0063073183596"
"Year 1 Feb 15 4:00 PM","79.780553022029"
"Year 1 Feb 15 5:00 PM","80.2537906375804"
"Year 1 Feb 15 6:00 PM","6.53834185971303"
"Year 1 Feb 15 7:00 PM","0"
"Year 1 Feb 15 8:00 PM","0"
"Year 1 Feb 15 9:00 PM","0"
"Year 1 Feb 15 10:00 PM","0"
"Year 1 Feb 15 11:00 PM","0"
"Year 1 Feb 16 12:00 AM","0"
"Year 1 Feb 16 1:00 AM","0"
"Year 1 Feb 16 2:00 AM","0"
"Year 1 Feb 16 3:00 AM","0"
"Year 1 Feb 16 4:00 AM","0"
"Year 1 Feb 16 5:00 AM","0"
"Year 1 Feb 16 6:00 AM","0"
"Year 1 Feb 16 7:00 AM","1.67224984492053"
"Year 1 Feb 16 8:00 AM","22.7741367634412"
"Year 1 Feb 16 9:00 AM","37.3661253387257"
"Year 1 Feb 16 10:00 AM","38.3327309573239"
"Year 1 Feb 16 11:00 AM","41.9824096032009"
"Year 1 Feb 16 12:00 PM","36.9845968775578"
"Year 1 Feb 16 1:00 PM","40.9457434090381"
"Year 1 Feb 16 2:00 PM","59.6382793820382"
"Year 1 Feb 16 3:00 PM","58.5152563515224"
"Year 1 Feb 16 4:00 PM","62.0159600054709"
"Year 1 Feb 16 5:00 PM","72.1476358020833"
"Year 1 Feb 16 6:00 PM","7.18669455050008"
"Year 1 Feb 16 7:00 PM","0"
"Year 1 Feb 16 8:00 PM","0"
"Year 1 Feb 16 9:00 PM","0"
"Year 1 Feb 16 10:00 PM","0"
"Year 1 Feb 16 11:00 PM","0"
"Year 1 Feb 17 12:00 AM","0"
"Year 1 Feb 17 1:00 AM","0"
"Year 1 Feb 17 2:00 AM","0"
"Year 1 Feb 17 3:00 AM","0"
"Year 1 Feb 17 4:00 AM","0"
"Year 1 Feb 17 5:00 AM","0"
"Year 1 Feb 17 6:00 AM","0"
"Year 1 Feb 17 7:00 AM","0.997978290882624"
"Year 1 Feb 17 8:00 AM","15.91774905741"
"Year 1 Feb 17 9:00 AM","38.778922597558"
"Year 1 Feb 17 10:00 AM","57.0165642768382"
"Year 1 Feb 17 11:00 AM","94.9459717486666"
"Year 1 Feb 17 12:00 PM","97.1993815658856"
"Year 1 Feb 17 1:00 PM","88.113004385058"
"Year 1 Feb 17 2:00 PM","84.6469929738747"
"Year 1 Feb 17 3:00 PM","88.8405747090798"
"Year 1 Feb 17 4:00 PM","27.4254028707567"
"Year 1 Feb 17 5:00 PM","13.2803027283482"
"Year 1 Feb 17 6:00 PM","3.17866521426979"
"Year 1 Feb 17 7:00 PM","0"
"Year 1 Feb 17 8:00 PM","0"
"Year 1 Feb 17 9:00 PM","0"
"Year 1 Feb 17 10:00 PM","0"
"Year 1 Feb 17 11:00 PM","0"
"Year 1 Feb 18 12:00 AM","0"
"Year 1 Feb 18 1:00 AM","0"
"Year 1 Feb 18 2:00 AM","0"
"Year 1 Feb 18 3:00 AM","0"
"Year 1 Feb 18 4:00 AM","0"
"Year 1 Feb 18 5:00 AM","0"
"Year 1 Feb 18 6:00 AM","0"
"Year 1 Feb 18 7:00 AM","2.01647568062409"
"Year 1 Feb 18 8:00 AM","18.0222127939996"
"Year 1 Feb 18 9:00 AM","43.4650107427818"
"Year 1 Feb 18 10:00 AM","54.7458677789497"
"Year 1 Feb 18 11:00 AM","73.8853086898066"
"Year 1 Feb 18 12:00 PM","88.821378770168"
"Year 1 Feb 18 1:00 PM","96.726038124136"
"Year 1 Feb 18 2:00 PM","105.2040207669"
"Year 1 Feb 18 3:00 PM","121.391100734003"
"Year 1 Feb 18 4:00 PM","117.525901805529"
"Year 1 Feb 18 5:00 PM","98.2940620845026"
"Year 1 Feb 18 6:00 PM","15.5445354538266"
"Year 1 Feb 18 7:00 PM","0"
"Year 1 Feb 18 8:00 PM","0"
"Year 1 Feb 18 9:00 PM","0"
"Year 1 Feb 18 10:00 PM","0"
"Year 1 Feb 18 11:00 PM","0"
"Year 1 Feb 19 12:00 AM","0"
"Year 1 Feb 19 1:00 AM","0"
"Year 1 Feb 19 2:00 AM","0"
"Year 1 Feb 19 3:00 AM","0"
"Year 1 Feb 19 4:00 AM","0"
"Year 1 Feb 19 5:00 AM","0"
"Year 1 Feb 19 6:00 AM","0"
"Year 1 Feb 19 7:00 AM","2.07292551641453"
"Year 1 Feb 19 8:00 AM","17.7918707066453"
"Year 1 Feb 19 9:00 AM","42.8494295726974"
"Year 1 Feb 19 10:00 AM","62.5939030615992"
"Year 1 Feb 19 11:00 AM","78.3017689262051"
"Year 1 Feb 19 12:00 PM","88.6484686093918"
"Year 1 Feb 19 1:00 PM","111.222397577566"
"Year 1 Feb 19 2:00 PM","99.692314178977"
"Year 1 Feb 19 3:00 PM","95.1560458705603"
"Year 1 Feb 19 4:00 PM","71.1348541877417"
"Year 1 Feb 19 5:00 PM","38.2763715850274"
"Year 1 Feb 19 6:00 PM","11.017478511468"
"Year 1 Feb 19 7:00 PM","0"
"Year 1 Feb 19 8:00 PM","0"
"Year 1 Feb 19 9:00 PM","0"
"Year 1 Feb 19 10:00 PM","0"
"Year 1 Feb 19 11:00 PM","0"
"Year 1 Feb 20 12:00 AM","0"
"Year 1 Feb 20 1:00 AM","0"
"Year 1 Feb 20 2:00 AM","0"
"Year 1 Feb 20 3:00 AM","0"
"Year 1 Feb 20 4:00 AM","0"
"Year 1 Feb 20 5:00 AM","0"
"Year 1 Feb 20 6:00 AM","0"
"Year 1 Feb 20 7:00 AM","3.24580209438643"
"Year 1 Feb 20 8:00 AM","21.3194803918168"
"Year 1 Feb 20 9:00 AM","34.5673181680036"
"Year 1 Feb 20 10:00 AM","52.4961991656877"
"Year 1 Feb 20 11:00 AM","88.6582678578859"
"Year 1 Feb 20 12:00 PM","76.2259057387405"
"Year 1 Feb 20 1:00 PM","97.8382363497662"
"Year 1 Feb 20 2:00 PM","113.840885220717"
"Year 1 Feb 20 3:00 PM","78.0354155085222"
"Year 1 Feb 20 4:00 PM","79.909033064657"
"Year 1 Feb 20 5:00 PM","37.927209897091"
"Year 1 Feb 20 6:00 PM","6.78743637930637"
"Year 1 Feb 20 7:00 PM","0"
"Year 1 Feb 20 8:00 PM","0"
"Year 1 Feb 20 9:00 PM","0"
"Year 1 Feb 20 10:00 PM","0"
"Year 1 Feb 20 11:00 PM","0"
"Year 1 Feb 21 12:00 AM","0"
"Year 1 Feb 21 1:00 AM","0"
"Year 1 Feb 21 2:00 AM","0"
"Year 1 Feb 21 3:00 AM","0"
"Year 1 Feb 21 4:00 AM","0"
"Year 1 Feb 21 5:00 AM","0"
"Year 1 Feb 21 6:00 AM","0"
"Year 1 Feb 21 7:00 AM","1.25994095375832"
"Year 1 Feb 21 8:00 AM","13.2201897264065"
"Year 1 Feb 21 9:00 AM","48.8877514877412"
"Year 1 Feb 21 10:00 AM","59.279691994657"
"Year 1 Feb 21 11:00 AM","70.1714880976683"
"Year 1 Feb 21 12:00 PM","89.3698490051272"
"Year 1 Feb 21 1:00 PM","90.1354127810492"
"Year 1 Feb 21 2:00 PM","92.2452519857229"
"Year 1 Feb 21 3:00 PM","144.012673326142"
"Year 1 Feb 21 4:00 PM","123.194430675496"
"Year 1 Feb 21 5:00 PM","95.0006280986543"
"Year 1 Feb 21 6:00 PM","16.3878158600358"
"Year 1 Feb 21 7:00 PM","0"
"Year 1 Feb 21 8:00 PM","0"
"Year 1 Feb 21 9:00 PM","0"
"Year 1 Feb 21 10:00 PM","0"
"Year 1 Feb 21 11:00 PM","0"
"Year 1 Feb 22 12:00 AM","0"
"Year 1 Feb 22 1:00 AM","0"
"Year 1 Feb 22 2:00 AM","0"
"Year 1 Feb 22 3:00 AM","0"
"Year 1 Feb 22 4:00 AM","0"
"Year 1 Feb 22 5:00 AM","0"
"Year 1 Feb 22 6:00 AM","0"
"Year 1 Feb 22 7:00 AM","3.36324324591339"
"Year 1 Feb 22 8:00 AM","25.0182182420928"
"Year 1 Feb 22 9:00 AM","49.7813813152565"
"Year 1 Feb 22 10:00 AM","74.6638645928828"
"Year 1 Feb 22 11:00 AM","84.9166589515304"
"Year 1 Feb 22 12:00 PM","102.019152694122"
"Year 1 Feb 22 1:00 PM","118.916471148952"
"Year 1 Feb 22 2:00 PM","140.187915109645"
"Year 1 Feb 22 3:00 PM","133.721693021236"
"Year 1 Feb 22 4:00 PM","70.493165214329"
"Year 1 Feb 22 5:00 PM","26.2899668565394"
"Year 1 Feb 22 6:00 PM","4.31982589888021"
"Year 1 Feb 22 7:00 PM","0"
"Year 1 Feb 22 8:00 PM","0"
"Year 1 Feb 22 9:00 PM","0"
"Year 1 Feb 22 10:00 PM","0"
"Year 1 Feb 22 11:00 PM","0"
"Year 1 Feb 23 12:00 AM","0"
"Year 1 Feb 23 1:00 AM","0"
"Year 1 Feb 23 2:00 AM","0"
"Year 1 Feb 23 3:00 AM","0"
"Year 1 Feb 23 4:00 AM","0"
"Year 1 Feb 23 5:00 AM","0"
"Year 1 Feb 23 6:00 AM","0"
"Year 1 Feb 23 7:00 AM","3.37520283796654"
"Year 1 Feb 23 8:00 AM","24.2011718843178"
"Year 1 Feb 23 9:00 AM","48.9134932715577"
"Year 1 Feb 23 10:00 AM","70.0693077520834"
"Year 1 Feb 23 11:00 AM","71.6748652904881"
"Year 1 Feb 23 12:00 PM","75.6612760347629"
"Year 1 Feb 23 1:00 PM","68.8300260582598"
"Year 1 Feb 23 2:00 PM","86.917610613097"
"Year 1 Feb 23 3:00 PM","64.4435506244705"
"Year 1 Feb 23 4:00 PM","65.942040149432"
"Year 1 Feb 23 5:00 PM","39.4384380108484"
"Year 1 Feb 23 6:00 PM","9.02068087715463"
"Year 1 Feb 23 7:00 PM","0"
"Year 1 Feb 23 8:00 PM","0"
"Year 1 Feb 23 9:00 PM","0"
"Year 1 Feb 23 10:00 PM","0"
"Year 1 Feb 23 11:00 PM","0"
"Year 1 Feb 24 12:00 AM","0"
"Year 1 Feb 24 1:00 AM","0"
"Year 1 Feb 24 2:00 AM","0"
"Year 1 Feb 24 3:00 AM","0"
"Year 1 Feb 24 4:00 AM","0"
"Year 1 Feb 24 5:00 AM","0"
"Year 1 Feb 24 6:00 AM","0"
"Year 1 Feb 24 7:00 AM","2.29711731326034"
"Year 1 Feb 24 8:00 AM","18.6054159332561"
"Year 1 Feb 24 9:00 AM","48.6429153104648"
"Year 1 Feb 24 10:00 AM","73.6707604606574"
"Year 1 Feb 24 11:00 AM","94.1927766832577"
"Year 1 Feb 24 12:00 PM","106.87304107716"
"Year 1 Feb 24 1:00 PM","115.634940931557"
"Year 1 Feb 24 2:00 PM","119.711558378018"
"Year 1 Feb 24 3:00 PM","102.432309625504"
"Year 1 Feb 24 4:00 PM","73.5008031079827"
"Year 1 Feb 24 5:00 PM","40.9245085100582"
"Year 1 Feb 24 6:00 PM","11.6368673727798"
"Year 1 Feb 24 7:00 PM","0"
"Year 1 Feb 24 8:00 PM","0"
"Year 1 Feb 24 9:00 PM","0"
"Year 1 Feb 24 10:00 PM","0"
"Year 1 Feb 24 11:00 PM","0"
"Year 1 Feb 25 12:00 AM","0"
"Year 1 Feb 25 1:00 AM","0"
"Year 1 Feb 25 2:00 AM","0"
"Year 1 Feb 25 3:00 AM","0"
"Year 1 Feb 25 4:00 AM","0"
"Year 1 Feb 25 5:00 AM","0"
"Year 1 Feb 25 6:00 AM","0"
"Year 1 Feb 25 7:00 AM","4.90250075924996"
"Year 1 Feb 25 8:00 AM","23.9792502742199"
"Year 1 Feb 25 9:00 AM","40.6166982842536"
"Year 1 Feb 25 10:00 AM","71.7245822632023"
"Year 1 Feb 25 11:00 AM","84.4897794205656"
"Year 1 Feb 25 12:00 PM","90.1900009641855"
"Year 1 Feb 25 1:00 PM","98.5692752494814"
"Year 1 Feb 25 2:00 PM","88.6452207457904"
"Year 1 Feb 25 3:00 PM","96.7306663210214"
"Year 1 Feb 25 4:00 PM","94.1011801534543"
"Year 1 Feb 25 5:00 PM","86.7454366815862"
"Year 1 Feb 25 6:00 PM","24.6345850709012"
"Year 1 Feb 25 7:00 PM","0"
"Year 1 Feb 25 8:00 PM","0"
"Year 1 Feb 25 9:00 PM","0"
"Year 1 Feb 25 10:00 PM","0"
"Year 1 Feb 25 11:00 PM","0"
"Year 1 Feb 26 12:00 AM","0"
"Year 1 Feb 26 1:00 AM","0"
"Year 1 Feb 26 2:00 AM","0"
"Year 1 Feb 26 3:00 AM","0"
"Year 1 Feb 26 4:00 AM","0"
"Year 1 Feb 26 5:00 AM","0"
"Year 1 Feb 26 6:00 AM","0"
"Year 1 Feb 26 7:00 AM","5.66309110922768"
"Year 1 Feb 26 8:00 AM","29.1930942412806"
"Year 1 Feb 26 9:00 AM","39.0749255331966"
"Year 1 Feb 26 10:00 AM","43.6578715734069"
"Year 1 Feb 26 11:00 AM","72.1081637738327"
"Year 1 Feb 26 12:00 PM","82.1706584090405"
"Year 1 Feb 26 1:00 PM","86.9107530548249"
"Year 1 Feb 26 2:00 PM","91.4681518009787"
"Year 1 Feb 26 3:00 PM","92.8605140641009"
"Year 1 Feb 26 4:00 PM","63.6566096074801"
"Year 1 Feb 26 5:00 PM","39.7165927603439"
"Year 1 Feb 26 6:00 PM","17.1027097059308"
"Year 1 Feb 26 7:00 PM","0"
"Year 1 Feb 26 8:00 PM","0"
"Year 1 Feb 26 9:00 PM","0"
"Year 1 Feb 26 10:00 PM","0"
"Year 1 Feb 26 11:00 PM","0"
"Year 1 Feb 27 12:00 AM","0"
"Year 1 Feb 27 1:00 AM","0"
"Year 1 Feb 27 2:00 AM","0"
"Year 1 Feb 27 3:00 AM","0"
"Year 1 Feb 27 4:00 AM","0"
"Year 1 Feb 27 5:00 AM","0"
"Year 1 Feb 27 6:00 AM","0"
"Year 1 Feb 27 7:00 AM","5.80819828560679"
"Year 1 Feb 27 8:00 AM","28.9877282728256"
"Year 1 Feb 27 9:00 AM","52.0170854976439"
"Year 1 Feb 27 10:00 AM","81.1995059047297"
"Year 1 Feb 27 11:00 AM","86.803862329265"
"Year 1 Feb 27 12:00 PM","67.2214188090645"
"Year 1 Feb 27 1:00 PM","91.0289411747936"
"Year 1 Feb 27 2:00 PM","98.7144297196163"
"Year 1 Feb 27 3:00 PM","95.8965893376864"
"Year 1 Feb 27 4:00 PM","63.0160164113714"
"Year 1 Feb 27 5:00 PM","31.2518658413017"
"Year 1 Feb 27 6:00 PM","11.4583443236433"
"Year 1 Feb 27 7:00 PM","0"
"Year 1 Feb 27 8:00 PM","0"
"Year 1 Feb 27 9:00 PM","0"
"Year 1 Feb 27 10:00 PM","0"
"Year 1 Feb 27 11:00 PM","0"
"Year 1 Feb 28 12:00 AM","0"
"Year 1 Feb 28 1:00 AM","0"
"Year 1 Feb 28 2:00 AM","0"
"Year 1 Feb 28 3:00 AM","0"
"Year 1 Feb 28 4:00 AM","0"
"Year 1 Feb 28 5:00 AM","0"
"Year 1 Feb 28 6:00 AM","0"
"Year 1 Feb 28 7:00 AM","6.71148700392147"
"Year 1 Feb 28 8:00 AM","33.5837714485815"
"Year 1 Feb 28 9:00 AM","60.4649775250407"
"Year 1 Feb 28 10:00 AM","77.0278245913523"
"Year 1 Feb 28 11:00 AM","86.9112347992407"
"Year 1 Feb 28 12:00 PM","83.0429401191437"
"Year 1 Feb 28 1:00 PM","98.4318418511298"
"Year 1 Feb 28 2:00 PM","129.955162277903"
"Year 1 Feb 28 3:00 PM","146.358977136197"
"Year 1 Feb 28 4:00 PM","141.142261464315"
"Year 1 Feb 28 5:00 PM","100.064646619574"
"Year 1 Feb 28 6:00 PM","25.9956414734833"
"Year 1 Feb 28 7:00 PM","0"
"Year 1 Feb 28 8:00 PM","0"
"Year 1 Feb 28 9:00 PM","0"
"Year 1 Feb 28 10:00 PM","0"
"Year 1 Feb 28 11:00 PM","0"
"Year 1 Mar 01 12:00 AM","0"
"Year 1 Mar 01 1:00 AM","0"
"Year 1 Mar 01 2:00 AM","0"
"Year 1 Mar 01 3:00 AM","0"
"Year 1 Mar 01 4:00 AM","0"
"Year 1 Mar 01 5:00 AM","0"
"Year 1 Mar 01 6:00 AM","0"
"Year 1 Mar 01 7:00 AM","3.67866996712348"
"Year 1 Mar 01 8:00 AM","17.6301966053391"
"Year 1 Mar 01 9:00 AM","37.9100902405786"
"Year 1 Mar 01 10:00 AM","78.8604778333455"
"Year 1 Mar 01 11:00 AM","89.3645158586709"
"Year 1 Mar 01 12:00 PM","67.2070465565442"
"Year 1 Mar 01 1:00 PM","71.6082345654303"
"Year 1 Mar 01 2:00 PM","74.7743198768516"
"Year 1 Mar 01 3:00 PM","113.745902066025"
"Year 1 Mar 01 4:00 PM","102.513720739407"
"Year 1 Mar 01 5:00 PM","110.788939602353"
"Year 1 Mar 01 6:00 PM","35.8639695615683"
"Year 1 Mar 01 7:00 PM","0"
"Year 1 Mar 01 8:00 PM","0"
"Year 1 Mar 01 9:00 PM","0"
"Year 1 Mar 01 10:00 PM","0"
"Year 1 Mar 01 11:00 PM","0"
"Year 1 Mar 02 12:00 AM","0"
"Year 1 Mar 02 1:00 AM","0"
"Year 1 Mar 02 2:00 AM","0"
"Year 1 Mar 02 3:00 AM","0"
"Year 1 Mar 02 4:00 AM","0"
"Year 1 Mar 02 5:00 AM","0"
"Year 1 Mar 02 6:00 AM","0"
"Year 1 Mar 02 7:00 AM","6.44533315452294"
"Year 1 Mar 02 8:00 AM","28.6384442262812"
"Year 1 Mar 02 9:00 AM","46.4747918756856"
"Year 1 Mar 02 10:00 AM","64.0299236456645"
"Year 1 Mar 02 11:00 AM","72.522031640959"
"Year 1 Mar 02 12:00 PM","79.2066063853884"
"Year 1 Mar 02 1:00 PM","101.293013918159"
"Year 1 Mar 02 2:00 PM","140.714890749551"
"Year 1 Mar 02 3:00 PM","139.703330869409"
"Year 1 Mar 02 4:00 PM","120.254863648754"
"Year 1 Mar 02 5:00 PM","82.091991159201"
"Year 1 Mar 02 6:00 PM","20.8150327783938"
"Year 1 Mar 02 7:00 PM","0"
"Year 1 Mar 02 8:00 PM","0"
"Year 1 Mar 02 9:00 PM","0"
"Year 1 Mar 02 10:00 PM","0"
"Year 1 Mar 02 11:00 PM","0"
"Year 1 Mar 03 12:00 AM","0"
"Year 1 Mar 03 1:00 AM","0"
"Year 1 Mar 03 2:00 AM","0"
"Year 1 Mar 03 3:00 AM","0"
"Year 1 Mar 03 4:00 AM","0"
"Year 1 Mar 03 5:00 AM","0"
"Year 1 Mar 03 6:00 AM","0"
"Year 1 Mar 03 7:00 AM","5.13370085558306"
"Year 1 Mar 03 8:00 AM","25.5699237561525"
"Year 1 Mar 03 9:00 AM","63.2424013481308"
"Year 1 Mar 03 10:00 AM","68.4529474981111"
"Year 1 Mar 03 11:00 AM","79.2665222663663"
"Year 1 Mar 03 12:00 PM","96.7830470340414"
"Year 1 Mar 03 1:00 PM","89.0544203261245"
"Year 1 Mar 03 2:00 PM","99.3870903569452"
"Year 1 Mar 03 3:00 PM","85.2153170930089"
"Year 1 Mar 03 4:00 PM","67.9469404211052"
"Year 1 Mar 03 5:00 PM","36.0340453581977"
"Year 1 Mar 03 6:00 PM","10.4159606624521"
"Year 1 Mar 03 7:00 PM","0"
"Year 1 Mar 03 8:00 PM","0"
"Year 1 Mar 03 9:00 PM","0"
"Year 1 Mar 03 10:00 PM","0"
"Year 1 Mar 03 11:00 PM","0"
"Year 1 Mar 04 12:00 AM","0"
"Year 1 Mar 04 1:00 AM","0"
"Year 1 Mar 04 2:00 AM","0"
"Year 1 Mar 04 3:00 AM","0"
"Year 1 Mar 04 4:00 AM","0"
"Year 1 Mar 04 5:00 AM","0"
"Year 1 Mar 04 6:00 AM","0"
"Year 1 Mar 04 7:00 AM","4.73471112394665"
"Year 1 Mar 04 8:00 AM","20.0540176967077"
"Year 1 Mar 04 9:00 AM","41.0652550614044"
"Year 1 Mar 04 10:00 AM","57.1688518342217"
"Year 1 Mar 04 11:00 AM","71.9979756654656"
"Year 1 Mar 04 12:00 PM","82.0012586711653"
"Year 1 Mar 04 1:00 PM","108.735002742498"
"Year 1 Mar 04 2:00 PM","139.832939923327"
"Year 1 Mar 04 3:00 PM","107.981630764849"
"Year 1 Mar 04 4:00 PM","67.001480793261"
"Year 1 Mar 04 5:00 PM","24.2630007735823"
"Year 1 Mar 04 6:00 PM","4.41759562172725"
"Year 1 Mar 04 7:00 PM","0"
"Year 1 Mar 04 8:00 PM","0"
"Year 1 Mar 04 9:00 PM","0"
"Year 1 Mar 04 10:00 PM","0"
"Year 1 Mar 04 11:00 PM","0"
"Year 1 Mar 05 12:00 AM","0"
"Year 1 Mar 05 1:00 AM","0"
"Year 1 Mar 05 2:00 AM","0"
"Year 1 Mar 05 3:00 AM","0"
"Year 1 Mar 05 4:00 AM","0"
"Year 1 Mar 05 5:00 AM","0"
"Year 1 Mar 05 6:00 AM","0"
"Year 1 Mar 05 7:00 AM","7.34895912796085"
"Year 1 Mar 05 8:00 AM","28.719596148195"
"Year 1 Mar 05 9:00 AM","49.8312329812051"
"Year 1 Mar 05 10:00 AM","81.6153669440491"
"Year 1 Mar 05 11:00 AM","96.8566421673303"
"Year 1 Mar 05 12:00 PM","102.245246020083"
"Year 1 Mar 05 1:00 PM","124.109003832456"
"Year 1 Mar 05 2:00 PM","160.225469355366"
"Year 1 Mar 05 3:00 PM","139.134416927761"
"Year 1 Mar 05 4:00 PM","109.947504441254"
"Year 1 Mar 05 5:00 PM","36.5311179646296"
"Year 1 Mar 05 6:00 PM","14.1067413368764"
"Year 1 Mar 05 7:00 PM","0"
"Year 1 Mar 05 8:00 PM","0"
"Year 1 Mar 05 9:00 PM","0"
"Year 1 Mar 05 10:00 PM","0"
"Year 1 Mar 05 11:00 PM","0"
"Year 1 Mar 06 12:00 AM","0"
"Year 1 Mar 06 1:00 AM","0"
"Year 1 Mar 06 2:00 AM","0"
"Year 1 Mar 06 3:00 AM","0"
"Year 1 Mar 06 4:00 AM","0"
"Year 1 Mar 06 5:00 AM","0"
"Year 1 Mar 06 6:00 AM","0"
"Year 1 Mar 06 7:00 AM","8.88424507444441"
"Year 1 Mar 06 8:00 AM","39.781918546304"
"Year 1 Mar 06 9:00 AM","67.3832265871828"
"Year 1 Mar 06 10:00 AM","64.0785495127239"
"Year 1 Mar 06 11:00 AM","48.0099785369088"
"Year 1 Mar 06 12:00 PM","55.3692391976841"
"Year 1 Mar 06 1:00 PM","72.951359666897"
"Year 1 Mar 06 2:00 PM","101.040728874635"
"Year 1 Mar 06 3:00 PM","121.955899599827"
"Year 1 Mar 06 4:00 PM","135.649491143393"
"Year 1 Mar 06 5:00 PM","83.9087282577326"
"Year 1 Mar 06 6:00 PM","39.8192532686969"
"Year 1 Mar 06 7:00 PM","0"
"Year 1 Mar 06 8:00 PM","0"
"Year 1 Mar 06 9:00 PM","0"
"Year 1 Mar 06 10:00 PM","0"
"Year 1 Mar 06 11:00 PM","0"
"Year 1 Mar 07 12:00 AM","0"
"Year 1 Mar 07 1:00 AM","0"
"Year 1 Mar 07 2:00 AM","0"
"Year 1 Mar 07 3:00 AM","0"
"Year 1 Mar 07 4:00 AM","0"
"Year 1 Mar 07 5:00 AM","0"
"Year 1 Mar 07 6:00 AM","0"
"Year 1 Mar 07 7:00 AM","5.93191726391624"
"Year 1 Mar 07 8:00 AM","25.0018072043123"
"Year 1 Mar 07 9:00 AM","35.5819016214654"
"Year 1 Mar 07 10:00 AM","71.7083474893088"
"Year 1 Mar 07 11:00 AM","98.3225824047443"
"Year 1 Mar 07 12:00 PM","108.76125215352"
"Year 1 Mar 07 1:00 PM","110.22373897195"
"Year 1 Mar 07 2:00 PM","120.433401033129"
"Year 1 Mar 07 3:00 PM","127.658196242536"
"Year 1 Mar 07 4:00 PM","113.534613609631"
"Year 1 Mar 07 5:00 PM","59.5114343133864"
"Year 1 Mar 07 6:00 PM","22.9583099156051"
"Year 1 Mar 07 7:00 PM","0"
"Year 1 Mar 07 8:00 PM","0"
"Year 1 Mar 07 9:00 PM","0"
"Year 1 Mar 07 10:00 PM","0"
"Year 1 Mar 07 11:00 PM","0"
"Year 1 Mar 08 12:00 AM","0"
"Year 1 Mar 08 1:00 AM","0"
"Year 1 Mar 08 2:00 AM","0"
"Year 1 Mar 08 3:00 AM","0"
"Year 1 Mar 08 4:00 AM","0"
"Year 1 Mar 08 5:00 AM","0"
"Year 1 Mar 08 6:00 AM","0"
"Year 1 Mar 08 7:00 AM","9.64277895546724"
"Year 1 Mar 08 8:00 AM","28.7082909993724"
"Year 1 Mar 08 9:00 AM","38.9349123069806"
"Year 1 Mar 08 10:00 AM","45.4402170135159"
"Year 1 Mar 08 11:00 AM","47.8504725966549"
"Year 1 Mar 08 12:00 PM","48.5475259200399"
"Year 1 Mar 08 1:00 PM","61.4693804180652"
"Year 1 Mar 08 2:00 PM","82.4609168650463"
"Year 1 Mar 08 3:00 PM","97.0707363339504"
"Year 1 Mar 08 4:00 PM","102.352309491789"
"Year 1 Mar 08 5:00 PM","104.026267584931"
"Year 1 Mar 08 6:00 PM","48.9971462353233"
"Year 1 Mar 08 7:00 PM","0"
"Year 1 Mar 08 8:00 PM","0"
"Year 1 Mar 08 9:00 PM","0"
"Year 1 Mar 08 10:00 PM","0"
"Year 1 Mar 08 11:00 PM","0"
"Year 1 Mar 09 12:00 AM","0"
"Year 1 Mar 09 1:00 AM","0"
"Year 1 Mar 09 2:00 AM","0"
"Year 1 Mar 09 3:00 AM","0"
"Year 1 Mar 09 4:00 AM","0"
"Year 1 Mar 09 5:00 AM","0"
"Year 1 Mar 09 6:00 AM","0"
"Year 1 Mar 09 7:00 AM","11.1584221359033"
"Year 1 Mar 09 8:00 AM","31.7487115772776"
"Year 1 Mar 09 9:00 AM","43.8660075675194"
"Year 1 Mar 09 10:00 AM","50.5806144502265"
"Year 1 Mar 09 11:00 AM","58.3202038225086"
"Year 1 Mar 09 12:00 PM","59.1947167876958"
"Year 1 Mar 09 1:00 PM","73.8114003975868"
"Year 1 Mar 09 2:00 PM","97.7306845943235"
"Year 1 Mar 09 3:00 PM","117.891100517288"
"Year 1 Mar 09 4:00 PM","123.003955655376"
"Year 1 Mar 09 5:00 PM","111.692238959904"
"Year 1 Mar 09 6:00 PM","52.0422663832792"
"Year 1 Mar 09 7:00 PM","0"
"Year 1 Mar 09 8:00 PM","0"
"Year 1 Mar 09 9:00 PM","0"
"Year 1 Mar 09 10:00 PM","0"
"Year 1 Mar 09 11:00 PM","0"
"Year 1 Mar 10 12:00 AM","0"
"Year 1 Mar 10 1:00 AM","0"
"Year 1 Mar 10 2:00 AM","0"
"Year 1 Mar 10 3:00 AM","0"
"Year 1 Mar 10 4:00 AM","0"
"Year 1 Mar 10 5:00 AM","0"
"Year 1 Mar 10 6:00 AM","0"
"Year 1 Mar 10 7:00 AM","11.9734481232038"
"Year 1 Mar 10 8:00 AM","36.0890896579774"
"Year 1 Mar 10 9:00 AM","53.3158139283352"
"Year 1 Mar 10 10:00 AM","66.8732903930271"
"Year 1 Mar 10 11:00 AM","70.4900033019245"
"Year 1 Mar 10 12:00 PM","73.0525361654458"
"Year 1 Mar 10 1:00 PM","106.709213231425"
"Year 1 Mar 10 2:00 PM","147.391938346088"
"Year 1 Mar 10 3:00 PM","168.778519543642"
"Year 1 Mar 10 4:00 PM","147.43921121795"
"Year 1 Mar 10 5:00 PM","74.6641046886838"
"Year 1 Mar 10 6:00 PM","28.956298094211"
"Year 1 Mar 10 7:00 PM","0"
"Year 1 Mar 10 8:00 PM","0"
"Year 1 Mar 10 9:00 PM","0"
"Year 1 Mar 10 10:00 PM","0"
"Year 1 Mar 10 11:00 PM","0"
"Year 1 Mar 11 12:00 AM","0"
"Year 1 Mar 11 1:00 AM","0"
"Year 1 Mar 11 2:00 AM","0"
"Year 1 Mar 11 3:00 AM","0"
"Year 1 Mar 11 4:00 AM","0"
"Year 1 Mar 11 5:00 AM","0"
"Year 1 Mar 11 6:00 AM","0"
"Year 1 Mar 11 7:00 AM","6.99718211927818"
"Year 1 Mar 11 8:00 AM","27.48062942798"
"Year 1 Mar 11 9:00 AM","50.9872340358694"
"Year 1 Mar 11 10:00 AM","82.581541279401"
"Year 1 Mar 11 11:00 AM","106.183074000285"
"Year 1 Mar 11 12:00 PM","113.400064280345"
"Year 1 Mar 11 1:00 PM","127.427906060115"
"Year 1 Mar 11 2:00 PM","126.402397741082"
"Year 1 Mar 11 3:00 PM","116.360735033898"
"Year 1 Mar 11 4:00 PM","97.1849629095217"
"Year 1 Mar 11 5:00 PM","32.9434075720809"
"Year 1 Mar 11 6:00 PM","6.25104395965535"
"Year 1 Mar 11 7:00 PM","0"
"Year 1 Mar 11 8:00 PM","0"
"Year 1 Mar 11 9:00 PM","0"
"Year 1 Mar 11 10:00 PM","0"
"Year 1 Mar 11 11:00 PM","0"
"Year 1 Mar 12 12:00 AM","0"
"Year 1 Mar 12 1:00 AM","0"
"Year 1 Mar 12 2:00 AM","0"
"Year 1 Mar 12 3:00 AM","0"
"Year 1 Mar 12 4:00 AM","0"
"Year 1 Mar 12 5:00 AM","0"
"Year 1 Mar 12 6:00 AM","0"
"Year 1 Mar 12 7:00 AM","12.4056195574465"
"Year 1 Mar 12 8:00 AM","31.0442610235182"
"Year 1 Mar 12 9:00 AM","41.9053034916716"
"Year 1 Mar 12 10:00 AM","51.2689699277674"
"Year 1 Mar 12 11:00 AM","53.5230587721985"
"Year 1 Mar 12 12:00 PM","54.1426320244702"
"Year 1 Mar 12 1:00 PM","68.4335368893603"
"Year 1 Mar 12 2:00 PM","93.1897239301719"
"Year 1 Mar 12 3:00 PM","132.209695116493"
"Year 1 Mar 12 4:00 PM","165.139413208065"
"Year 1 Mar 12 5:00 PM","88.6193631408167"
"Year 1 Mar 12 6:00 PM","49.6428115938769"
"Year 1 Mar 12 7:00 PM","0"
"Year 1 Mar 12 8:00 PM","0"
"Year 1 Mar 12 9:00 PM","0"
"Year 1 Mar 12 10:00 PM","0"
"Year 1 Mar 12 11:00 PM","0"
"Year 1 Mar 13 12:00 AM","0"
"Year 1 Mar 13 1:00 AM","0"
"Year 1 Mar 13 2:00 AM","0"
"Year 1 Mar 13 3:00 AM","0"
"Year 1 Mar 13 4:00 AM","0"
"Year 1 Mar 13 5:00 AM","0"
"Year 1 Mar 13 6:00 AM","0"
"Year 1 Mar 13 7:00 AM","6.58623726965906"
"Year 1 Mar 13 8:00 AM","22.0904559162229"
"Year 1 Mar 13 9:00 AM","51.482172138439"
"Year 1 Mar 13 10:00 AM","68.5369273590106"
"Year 1 Mar 13 11:00 AM","66.1365711628547"
"Year 1 Mar 13 12:00 PM","67.4581014848625"
"Year 1 Mar 13 1:00 PM","69.8104033973049"
"Year 1 Mar 13 2:00 PM","74.5453353775523"
"Year 1 Mar 13 3:00 PM","115.448044014024"
"Year 1 Mar 13 4:00 PM","92.3251662513798"
"Year 1 Mar 13 5:00 PM","75.1732961089957"
"Year 1 Mar 13 6:00 PM","10.434999813392"
"Year 1 Mar 13 7:00 PM","0"
"Year 1 Mar 13 8:00 PM","0"
"Year 1 Mar 13 9:00 PM","0"
"Year 1 Mar 13 10:00 PM","0"
"Year 1 Mar 13 11:00 PM","0"
"Year 1 Mar 14 12:00 AM","0"
"Year 1 Mar 14 1:00 AM","0"
"Year 1 Mar 14 2:00 AM","0"
"Year 1 Mar 14 3:00 AM","0"
"Year 1 Mar 14 4:00 AM","0"
"Year 1 Mar 14 5:00 AM","0"
"Year 1 Mar 14 6:00 AM","0"
"Year 1 Mar 14 7:00 AM","11.6151948129641"
"Year 1 Mar 14 8:00 AM","25.3080693050462"
"Year 1 Mar 14 9:00 AM","36.6504368368378"
"Year 1 Mar 14 10:00 AM","51.3928502002272"
"Year 1 Mar 14 11:00 AM","53.655959755917"
"Year 1 Mar 14 12:00 PM","63.6754955851609"
"Year 1 Mar 14 1:00 PM","117.464190083267"
"Year 1 Mar 14 2:00 PM","142.512805006936"
"Year 1 Mar 14 3:00 PM","157.487328017546"
"Year 1 Mar 14 4:00 PM","146.287845472976"
"Year 1 Mar 14 5:00 PM","122.135026810221"
"Year 1 Mar 14 6:00 PM","71.5765194605695"
"Year 1 Mar 14 7:00 PM","0"
"Year 1 Mar 14 8:00 PM","0"
"Year 1 Mar 14 9:00 PM","0"
"Year 1 Mar 14 10:00 PM","0"
"Year 1 Mar 14 11:00 PM","0"
"Year 1 Mar 15 12:00 AM","0"
"Year 1 Mar 15 1:00 AM","0"
"Year 1 Mar 15 2:00 AM","0"
"Year 1 Mar 15 3:00 AM","0"
"Year 1 Mar 15 4:00 AM","0"
"Year 1 Mar 15 5:00 AM","0"
"Year 1 Mar 15 6:00 AM","0"
"Year 1 Mar 15 7:00 AM","13.3610258340669"
"Year 1 Mar 15 8:00 AM","26.3553936418278"
"Year 1 Mar 15 9:00 AM","36.6301091642135"
"Year 1 Mar 15 10:00 AM","42.4410305889753"
"Year 1 Mar 15 11:00 AM","44.0671188346845"
"Year 1 Mar 15 12:00 PM","44.4773488148314"
"Year 1 Mar 15 1:00 PM","52.7264067535685"
"Year 1 Mar 15 2:00 PM","65.6884016014787"
"Year 1 Mar 15 3:00 PM","74.8251769423493"
"Year 1 Mar 15 4:00 PM","83.4338168200446"
"Year 1 Mar 15 5:00 PM","87.0898823593867"
"Year 1 Mar 15 6:00 PM","56.6695375405957"
"Year 1 Mar 15 7:00 PM","0"
"Year 1 Mar 15 8:00 PM","0"
"Year 1 Mar 15 9:00 PM","0"
"Year 1 Mar 15 10:00 PM","0"
"Year 1 Mar 15 11:00 PM","0"
"Year 1 Mar 16 12:00 AM","0"
"Year 1 Mar 16 1:00 AM","0"
"Year 1 Mar 16 2:00 AM","0"
"Year 1 Mar 16 3:00 AM","0"
"Year 1 Mar 16 4:00 AM","0"
"Year 1 Mar 16 5:00 AM","0"
"Year 1 Mar 16 6:00 AM","0"
"Year 1 Mar 16 7:00 AM","17.1616091714417"
"Year 1 Mar 16 8:00 AM","44.1765324784423"
"Year 1 Mar 16 9:00 AM","70.5420199272476"
"Year 1 Mar 16 10:00 AM","94.5769182921341"
"Year 1 Mar 16 11:00 AM","83.8584289228742"
"Year 1 Mar 16 12:00 PM","102.443988026959"
"Year 1 Mar 16 1:00 PM","135.692375390544"
"Year 1 Mar 16 2:00 PM","150.665888536094"
"Year 1 Mar 16 3:00 PM","139.811234745882"
"Year 1 Mar 16 4:00 PM","133.116673290663"
"Year 1 Mar 16 5:00 PM","101.050656714841"
"Year 1 Mar 16 6:00 PM","61.728246516449"
"Year 1 Mar 16 7:00 PM","0"
"Year 1 Mar 16 8:00 PM","0"
"Year 1 Mar 16 9:00 PM","0"
"Year 1 Mar 16 10:00 PM","0"
"Year 1 Mar 16 11:00 PM","0"
"Year 1 Mar 17 12:00 AM","0"
"Year 1 Mar 17 1:00 AM","0"
"Year 1 Mar 17 2:00 AM","0"
"Year 1 Mar 17 3:00 AM","0"
"Year 1 Mar 17 4:00 AM","0"
"Year 1 Mar 17 5:00 AM","0"
"Year 1 Mar 17 6:00 AM","0"
"Year 1 Mar 17 7:00 AM","16.388464824943"
"Year 1 Mar 17 8:00 AM","36.3965300893681"
"Year 1 Mar 17 9:00 AM","63.5604679390656"
"Year 1 Mar 17 10:00 AM","92.8287137602952"
"Year 1 Mar 17 11:00 AM","88.6300509615691"
"Year 1 Mar 17 12:00 PM","101.369760360551"
"Year 1 Mar 17 1:00 PM","132.262125090391"
"Year 1 Mar 17 2:00 PM","127.963664038611"
"Year 1 Mar 17 3:00 PM","120.754024011154"
"Year 1 Mar 17 4:00 PM","131.946186041833"
"Year 1 Mar 17 5:00 PM","110.431585168506"
"Year 1 Mar 17 6:00 PM","65.1541464819671"
"Year 1 Mar 17 7:00 PM","0"
"Year 1 Mar 17 8:00 PM","0"
"Year 1 Mar 17 9:00 PM","0"
"Year 1 Mar 17 10:00 PM","0"
"Year 1 Mar 17 11:00 PM","0"
"Year 1 Mar 18 12:00 AM","0"
"Year 1 Mar 18 1:00 AM","0"
"Year 1 Mar 18 2:00 AM","0"
"Year 1 Mar 18 3:00 AM","0"
"Year 1 Mar 18 4:00 AM","0"
"Year 1 Mar 18 5:00 AM","0"
"Year 1 Mar 18 6:00 AM","0"
"Year 1 Mar 18 7:00 AM","16.8345995273339"
"Year 1 Mar 18 8:00 AM","37.6130354684452"
"Year 1 Mar 18 9:00 AM","49.6127738996471"
"Year 1 Mar 18 10:00 AM","55.7420214193886"
"Year 1 Mar 18 11:00 AM","61.3236992714968"
"Year 1 Mar 18 12:00 PM","63.0802405811321"
"Year 1 Mar 18 1:00 PM","80.103043964279"
"Year 1 Mar 18 2:00 PM","107.797443435531"
"Year 1 Mar 18 3:00 PM","128.466386730332"
"Year 1 Mar 18 4:00 PM","133.989861254186"
"Year 1 Mar 18 5:00 PM","118.710791813759"
"Year 1 Mar 18 6:00 PM","59.3511521286655"
"Year 1 Mar 18 7:00 PM","0"
"Year 1 Mar 18 8:00 PM","0"
"Year 1 Mar 18 9:00 PM","0"
"Year 1 Mar 18 10:00 PM","0"
"Year 1 Mar 18 11:00 PM","0"
"Year 1 Mar 19 12:00 AM","0"
"Year 1 Mar 19 1:00 AM","0"
"Year 1 Mar 19 2:00 AM","0"
"Year 1 Mar 19 3:00 AM","0"
"Year 1 Mar 19 4:00 AM","0"
"Year 1 Mar 19 5:00 AM","0"
"Year 1 Mar 19 6:00 AM","0"
"Year 1 Mar 19 7:00 AM","19.6560995178309"
"Year 1 Mar 19 8:00 AM","46.6376586232937"
"Year 1 Mar 19 9:00 AM","71.6941282570654"
"Year 1 Mar 19 10:00 AM","94.1993115413774"
"Year 1 Mar 19 11:00 AM","90.4127802849816"
"Year 1 Mar 19 12:00 PM","84.2516843549391"
"Year 1 Mar 19 1:00 PM","99.0956132446163"
"Year 1 Mar 19 2:00 PM","122.395385458628"
"Year 1 Mar 19 3:00 PM","139.480248765498"
"Year 1 Mar 19 4:00 PM","145.337299481915"
"Year 1 Mar 19 5:00 PM","118.907231721742"
"Year 1 Mar 19 6:00 PM","61.5652579660905"
"Year 1 Mar 19 7:00 PM","0"
"Year 1 Mar 19 8:00 PM","0"
"Year 1 Mar 19 9:00 PM","0"
"Year 1 Mar 19 10:00 PM","0"
"Year 1 Mar 19 11:00 PM","0"
"Year 1 Mar 20 12:00 AM","0"
"Year 1 Mar 20 1:00 AM","0"
"Year 1 Mar 20 2:00 AM","0"
"Year 1 Mar 20 3:00 AM","0"
"Year 1 Mar 20 4:00 AM","0"
"Year 1 Mar 20 5:00 AM","0"
"Year 1 Mar 20 6:00 AM","0"
"Year 1 Mar 20 7:00 AM","17.5727355694905"
"Year 1 Mar 20 8:00 AM","37.0168619451114"
"Year 1 Mar 20 9:00 AM","47.8198713799397"
"Year 1 Mar 20 10:00 AM","55.2902504775616"
"Year 1 Mar 20 11:00 AM","61.9907746347261"
"Year 1 Mar 20 12:00 PM","66.9433970522258"
"Year 1 Mar 20 1:00 PM","89.6523582447352"
"Year 1 Mar 20 2:00 PM","128.08259249267"
"Year 1 Mar 20 3:00 PM","166.607367314762"
"Year 1 Mar 20 4:00 PM","155.768126217407"
"Year 1 Mar 20 5:00 PM","132.816991073424"
"Year 1 Mar 20 6:00 PM","70.1796291515977"
"Year 1 Mar 20 7:00 PM","0"
"Year 1 Mar 20 8:00 PM","0"
"Year 1 Mar 20 9:00 PM","0"
"Year 1 Mar 20 10:00 PM","0"
"Year 1 Mar 20 11:00 PM","0"
"Year 1 Mar 21 12:00 AM","0"
"Year 1 Mar 21 1:00 AM","0"
"Year 1 Mar 21 2:00 AM","0"
"Year 1 Mar 21 3:00 AM","0"
"Year 1 Mar 21 4:00 AM","0"
"Year 1 Mar 21 5:00 AM","0"
"Year 1 Mar 21 6:00 AM","1.21250409248137"
"Year 1 Mar 21 7:00 AM","17.6747229913538"
"Year 1 Mar 21 8:00 AM","31.9455940721436"
"Year 1 Mar 21 9:00 AM","44.5882657551805"
"Year 1 Mar 21 10:00 AM","50.5214074930192"
"Year 1 Mar 21 11:00 AM","52.4905154792677"
"Year 1 Mar 21 12:00 PM","49.9119770525862"
"Year 1 Mar 21 1:00 PM","75.8048307164881"
"Year 1 Mar 21 2:00 PM","129.938736357926"
"Year 1 Mar 21 3:00 PM","158.598643756923"
"Year 1 Mar 21 4:00 PM","127.970784208213"
"Year 1 Mar 21 5:00 PM","118.130449034126"
"Year 1 Mar 21 6:00 PM","60.2459624734799"
"Year 1 Mar 21 7:00 PM","0"
"Year 1 Mar 21 8:00 PM","0"
"Year 1 Mar 21 9:00 PM","0"
"Year 1 Mar 21 10:00 PM","0"
"Year 1 Mar 21 11:00 PM","0"
"Year 1 Mar 22 12:00 AM","0"
"Year 1 Mar 22 1:00 AM","0"
"Year 1 Mar 22 2:00 AM","0"
"Year 1 Mar 22 3:00 AM","0"
"Year 1 Mar 22 4:00 AM","0"
"Year 1 Mar 22 5:00 AM","0"
"Year 1 Mar 22 6:00 AM","1.32351876078852"
"Year 1 Mar 22 7:00 AM","20.0456431866836"
"Year 1 Mar 22 8:00 AM","42.7610161437998"
"Year 1 Mar 22 9:00 AM","56.6753702409541"
"Year 1 Mar 22 10:00 AM","73.457657082035"
"Year 1 Mar 22 11:00 AM","82.4299328749871"
"Year 1 Mar 22 12:00 PM","98.5892321234132"
"Year 1 Mar 22 1:00 PM","120.374281220466"
"Year 1 Mar 22 2:00 PM","153.834933535062"
"Year 1 Mar 22 3:00 PM","107.066169706095"
"Year 1 Mar 22 4:00 PM","70.043427111863"
"Year 1 Mar 22 5:00 PM","44.8897436415328"
"Year 1 Mar 22 6:00 PM","20.5856204988891"
"Year 1 Mar 22 7:00 PM","0"
"Year 1 Mar 22 8:00 PM","0"
"Year 1 Mar 22 9:00 PM","0"
"Year 1 Mar 22 10:00 PM","0"
"Year 1 Mar 22 11:00 PM","0"
"Year 1 Mar 23 12:00 AM","0"
"Year 1 Mar 23 1:00 AM","0"
"Year 1 Mar 23 2:00 AM","0"
"Year 1 Mar 23 3:00 AM","0"
"Year 1 Mar 23 4:00 AM","0"
"Year 1 Mar 23 5:00 AM","0"
"Year 1 Mar 23 6:00 AM","0.947923385008558"
"Year 1 Mar 23 7:00 AM","15.9092235999839"
"Year 1 Mar 23 8:00 AM","40.6380114222397"
"Year 1 Mar 23 9:00 AM","57.7120864234503"
"Year 1 Mar 23 10:00 AM","100.748514284242"
"Year 1 Mar 23 11:00 AM","84.4349098061974"
"Year 1 Mar 23 12:00 PM","86.8809620425733"
"Year 1 Mar 23 1:00 PM","93.3911355757084"
"Year 1 Mar 23 2:00 PM","88.0109213538166"
"Year 1 Mar 23 3:00 PM","85.3266216704076"
"Year 1 Mar 23 4:00 PM","110.650978094387"
"Year 1 Mar 23 5:00 PM","41.824466042288"
"Year 1 Mar 23 6:00 PM","13.5408111658563"
"Year 1 Mar 23 7:00 PM","0"
"Year 1 Mar 23 8:00 PM","0"
"Year 1 Mar 23 9:00 PM","0"
"Year 1 Mar 23 10:00 PM","0"
"Year 1 Mar 23 11:00 PM","0"
"Year 1 Mar 24 12:00 AM","0"
"Year 1 Mar 24 1:00 AM","0"
"Year 1 Mar 24 2:00 AM","0"
"Year 1 Mar 24 3:00 AM","0"
"Year 1 Mar 24 4:00 AM","0"
"Year 1 Mar 24 5:00 AM","0"
"Year 1 Mar 24 6:00 AM","0.818088903051699"
"Year 1 Mar 24 7:00 AM","11.8220692970859"
"Year 1 Mar 24 8:00 AM","30.0410532111076"
"Year 1 Mar 24 9:00 AM","58.7232283203984"
"Year 1 Mar 24 10:00 AM","96.5913212832464"
"Year 1 Mar 24 11:00 AM","87.5781359946039"
"Year 1 Mar 24 12:00 PM","94.1528590827427"
"Year 1 Mar 24 1:00 PM","133.070352933069"
"Year 1 Mar 24 2:00 PM","96.7930466733515"
"Year 1 Mar 24 3:00 PM","81.8662898657467"
"Year 1 Mar 24 4:00 PM","94.1141898365548"
"Year 1 Mar 24 5:00 PM","62.0545415476193"
"Year 1 Mar 24 6:00 PM","31.8766426813038"
"Year 1 Mar 24 7:00 PM","0"
"Year 1 Mar 24 8:00 PM","0"
"Year 1 Mar 24 9:00 PM","0"
"Year 1 Mar 24 10:00 PM","0"
"Year 1 Mar 24 11:00 PM","0"
"Year 1 Mar 25 12:00 AM","0"
"Year 1 Mar 25 1:00 AM","0"
"Year 1 Mar 25 2:00 AM","0"
"Year 1 Mar 25 3:00 AM","0"
"Year 1 Mar 25 4:00 AM","0"
"Year 1 Mar 25 5:00 AM","0"
"Year 1 Mar 25 6:00 AM","1.40425252982575"
"Year 1 Mar 25 7:00 AM","21.3610089626739"
"Year 1 Mar 25 8:00 AM","53.8827673558433"
"Year 1 Mar 25 9:00 AM","89.2799493855506"
"Year 1 Mar 25 10:00 AM","108.556841561916"
"Year 1 Mar 25 11:00 AM","125.798197076864"
"Year 1 Mar 25 12:00 PM","137.059101066166"
"Year 1 Mar 25 1:00 PM","151.651961885231"
"Year 1 Mar 25 2:00 PM","156.696065291548"
"Year 1 Mar 25 3:00 PM","142.739752449078"
"Year 1 Mar 25 4:00 PM","129.684005014544"
"Year 1 Mar 25 5:00 PM","97.9161414089448"
"Year 1 Mar 25 6:00 PM","81.4539135335983"
"Year 1 Mar 25 7:00 PM","0"
"Year 1 Mar 25 8:00 PM","0"
"Year 1 Mar 25 9:00 PM","0"
"Year 1 Mar 25 10:00 PM","0"
"Year 1 Mar 25 11:00 PM","0"
"Year 1 Mar 26 12:00 AM","0"
"Year 1 Mar 26 1:00 AM","0"
"Year 1 Mar 26 2:00 AM","0"
"Year 1 Mar 26 3:00 AM","0"
"Year 1 Mar 26 4:00 AM","0"
"Year 1 Mar 26 5:00 AM","0"
"Year 1 Mar 26 6:00 AM","1.72681873671127"
"Year 1 Mar 26 7:00 AM","21.4889814727095"
"Year 1 Mar 26 8:00 AM","40.5506658004712"
"Year 1 Mar 26 9:00 AM","50.7338437842518"
"Year 1 Mar 26 10:00 AM","56.4694831512707"
"Year 1 Mar 26 11:00 AM","64.2432947324724"
"Year 1 Mar 26 12:00 PM","80.5672644466095"
"Year 1 Mar 26 1:00 PM","114.298385297726"
"Year 1 Mar 26 2:00 PM","154.282393778609"
"Year 1 Mar 26 3:00 PM","164.785871849104"
"Year 1 Mar 26 4:00 PM","176.924667326539"
"Year 1 Mar 26 5:00 PM","135.044164140975"
"Year 1 Mar 26 6:00 PM","74.8683855103697"
"Year 1 Mar 26 7:00 PM","0"
"Year 1 Mar 26 8:00 PM","0"
"Year 1 Mar 26 9:00 PM","0"
"Year 1 Mar 26 10:00 PM","0"
"Year 1 Mar 26 11:00 PM","0"
"Year 1 Mar 27 12:00 AM","0"
"Year 1 Mar 27 1:00 AM","0"
"Year 1 Mar 27 2:00 AM","0"
"Year 1 Mar 27 3:00 AM","0"
"Year 1 Mar 27 4:00 AM","0"
"Year 1 Mar 27 5:00 AM","0"
"Year 1 Mar 27 6:00 AM","1.04025262399397"
"Year 1 Mar 27 7:00 AM","13.4257919748635"
"Year 1 Mar 27 8:00 AM","41.6803571307378"
"Year 1 Mar 27 9:00 AM","44.4831407944353"
"Year 1 Mar 27 10:00 AM","63.4243524296913"
"Year 1 Mar 27 11:00 AM","99.3793141512369"
"Year 1 Mar 27 12:00 PM","91.8207547745437"
"Year 1 Mar 27 1:00 PM","100.123869081347"
"Year 1 Mar 27 2:00 PM","154.356771150238"
"Year 1 Mar 27 3:00 PM","187.648530209295"
"Year 1 Mar 27 4:00 PM","139.550400295858"
"Year 1 Mar 27 5:00 PM","78.1758237763471"
"Year 1 Mar 27 6:00 PM","77.9662628861451"
"Year 1 Mar 27 7:00 PM","0"
"Year 1 Mar 27 8:00 PM","0"
"Year 1 Mar 27 9:00 PM","0"
"Year 1 Mar 27 10:00 PM","0"
"Year 1 Mar 27 11:00 PM","0"
"Year 1 Mar 28 12:00 AM","0"
"Year 1 Mar 28 1:00 AM","0"
"Year 1 Mar 28 2:00 AM","0"
"Year 1 Mar 28 3:00 AM","0"
"Year 1 Mar 28 4:00 AM","0"
"Year 1 Mar 28 5:00 AM","0"
"Year 1 Mar 28 6:00 AM","1.74586037289795"
"Year 1 Mar 28 7:00 AM","17.4406346617365"
"Year 1 Mar 28 8:00 AM","42.0579034196039"
"Year 1 Mar 28 9:00 AM","38.3884995414825"
"Year 1 Mar 28 10:00 AM","60.4804762851962"
"Year 1 Mar 28 11:00 AM","109.782667628288"
"Year 1 Mar 28 12:00 PM","113.85368722374"
"Year 1 Mar 28 1:00 PM","131.499674464108"
"Year 1 Mar 28 2:00 PM","115.655399211229"
"Year 1 Mar 28 3:00 PM","83.9489943381738"
"Year 1 Mar 28 4:00 PM","94.5552316164516"
"Year 1 Mar 28 5:00 PM","33.9550924003621"
"Year 1 Mar 28 6:00 PM","10.3465405468937"
"Year 1 Mar 28 7:00 PM","0"
"Year 1 Mar 28 8:00 PM","0"
"Year 1 Mar 28 9:00 PM","0"
"Year 1 Mar 28 10:00 PM","0"
"Year 1 Mar 28 11:00 PM","0"
"Year 1 Mar 29 12:00 AM","0"
"Year 1 Mar 29 1:00 AM","0"
"Year 1 Mar 29 2:00 AM","0"
"Year 1 Mar 29 3:00 AM","0"
"Year 1 Mar 29 4:00 AM","0"
"Year 1 Mar 29 5:00 AM","0"
"Year 1 Mar 29 6:00 AM","3.23447263030976"
"Year 1 Mar 29 7:00 AM","25.1485711393714"
"Year 1 Mar 29 8:00 AM","50.0716627565739"
"Year 1 Mar 29 9:00 AM","85.4662855247636"
"Year 1 Mar 29 10:00 AM","101.525495342584"
"Year 1 Mar 29 11:00 AM","123.637299947674"
"Year 1 Mar 29 12:00 PM","133.384686744526"
"Year 1 Mar 29 1:00 PM","145.363998449438"
"Year 1 Mar 29 2:00 PM","140.759177235267"
"Year 1 Mar 29 3:00 PM","142.748680669803"
"Year 1 Mar 29 4:00 PM","80.217880250174"
"Year 1 Mar 29 5:00 PM","70.6704540601235"
"Year 1 Mar 29 6:00 PM","36.2262833451174"
"Year 1 Mar 29 7:00 PM","0"
"Year 1 Mar 29 8:00 PM","0"
"Year 1 Mar 29 9:00 PM","0"
"Year 1 Mar 29 10:00 PM","0"
"Year 1 Mar 29 11:00 PM","0"
"Year 1 Mar 30 12:00 AM","0"
"Year 1 Mar 30 1:00 AM","0"
"Year 1 Mar 30 2:00 AM","0"
"Year 1 Mar 30 3:00 AM","0"
"Year 1 Mar 30 4:00 AM","0"
"Year 1 Mar 30 5:00 AM","0"
"Year 1 Mar 30 6:00 AM","2.94487114198416"
"Year 1 Mar 30 7:00 AM","24.0557301168241"
"Year 1 Mar 30 8:00 AM","56.3815802021154"
"Year 1 Mar 30 9:00 AM","87.3654906537935"
"Year 1 Mar 30 10:00 AM","111.572299047679"
"Year 1 Mar 30 11:00 AM","132.256855254544"
"Year 1 Mar 30 12:00 PM","146.95386972271"
"Year 1 Mar 30 1:00 PM","153.606634993027"
"Year 1 Mar 30 2:00 PM","157.13936455976"
"Year 1 Mar 30 3:00 PM","158.856259336887"
"Year 1 Mar 30 4:00 PM","125.816869098383"
"Year 1 Mar 30 5:00 PM","90.8403250403956"
"Year 1 Mar 30 6:00 PM","46.7932656211579"
"Year 1 Mar 30 7:00 PM","0"
"Year 1 Mar 30 8:00 PM","0"
"Year 1 Mar 30 9:00 PM","0"
"Year 1 Mar 30 10:00 PM","0"
"Year 1 Mar 30 11:00 PM","0"
"Year 1 Mar 31 12:00 AM","0"
"Year 1 Mar 31 1:00 AM","0"
"Year 1 Mar 31 2:00 AM","0"
"Year 1 Mar 31 3:00 AM","0"
"Year 1 Mar 31 4:00 AM","0"
"Year 1 Mar 31 5:00 AM","0"
"Year 1 Mar 31 6:00 AM","2.21214634420857"
"Year 1 Mar 31 7:00 AM","16.8736123205468"
"Year 1 Mar 31 8:00 AM","39.2895186487502"
"Year 1 Mar 31 9:00 AM","66.5662519707922"
"Year 1 Mar 31 10:00 AM","110.057156873625"
"Year 1 Mar 31 11:00 AM","130.39918734438"
"Year 1 Mar 31 12:00 PM","130.60484454052"
"Year 1 Mar 31 1:00 PM","97.1373007317263"
"Year 1 Mar 31 2:00 PM","97.6186383745319"
"Year 1 Mar 31 3:00 PM","125.326373785995"
"Year 1 Mar 31 4:00 PM","62.8325299285717"
"Year 1 Mar 31 5:00 PM","32.8499198103422"
"Year 1 Mar 31 6:00 PM","13.1334654218809"
"Year 1 Mar 31 7:00 PM","2.07426393112018"
"Year 1 Mar 31 8:00 PM","0"
"Year 1 Mar 31 9:00 PM","0"
"Year 1 Mar 31 10:00 PM","0"
"Year 1 Mar 31 11:00 PM","0"
"Year 1 Apr 01 12:00 AM","0"
"Year 1 Apr 01 1:00 AM","0"
"Year 1 Apr 01 2:00 AM","0"
"Year 1 Apr 01 3:00 AM","0"
"Year 1 Apr 01 4:00 AM","0"
"Year 1 Apr 01 5:00 AM","0"
"Year 1 Apr 01 6:00 AM","5.02142939222773"
"Year 1 Apr 01 7:00 AM","36.5096919712529"
"Year 1 Apr 01 8:00 AM","57.3267816786122"
"Year 1 Apr 01 9:00 AM","76.786833881818"
"Year 1 Apr 01 10:00 AM","103.995645029053"
"Year 1 Apr 01 11:00 AM","107.482922235941"
"Year 1 Apr 01 12:00 PM","98.1926837984325"
"Year 1 Apr 01 1:00 PM","73.2280376260543"
"Year 1 Apr 01 2:00 PM","67.0993903351388"
"Year 1 Apr 01 3:00 PM","55.2348521163798"
"Year 1 Apr 01 4:00 PM","36.3692609838657"
"Year 1 Apr 01 5:00 PM","31.5206547197424"
"Year 1 Apr 01 6:00 PM","20.9985739681908"
"Year 1 Apr 01 7:00 PM","2.69944772336698"
"Year 1 Apr 01 8:00 PM","0"
"Year 1 Apr 01 9:00 PM","0"
"Year 1 Apr 01 10:00 PM","0"
"Year 1 Apr 01 11:00 PM","0"
"Year 1 Apr 02 12:00 AM","0"
"Year 1 Apr 02 1:00 AM","0"
"Year 1 Apr 02 2:00 AM","0"
"Year 1 Apr 02 3:00 AM","0"
"Year 1 Apr 02 4:00 AM","0"
"Year 1 Apr 02 5:00 AM","0"
"Year 1 Apr 02 6:00 AM","3.46363110133784"
"Year 1 Apr 02 7:00 AM","19.3935019976645"
"Year 1 Apr 02 8:00 AM","34.9520190960293"
"Year 1 Apr 02 9:00 AM","88.9794214259807"
"Year 1 Apr 02 10:00 AM","103.872122753819"
"Year 1 Apr 02 11:00 AM","113.356985214221"
"Year 1 Apr 02 12:00 PM","88.3895822544438"
"Year 1 Apr 02 1:00 PM","121.529730912539"
"Year 1 Apr 02 2:00 PM","100.80372698576"
"Year 1 Apr 02 3:00 PM","75.1454073205811"
"Year 1 Apr 02 4:00 PM","45.5614830420771"
"Year 1 Apr 02 5:00 PM","24.0516624020823"
"Year 1 Apr 02 6:00 PM","8.02325051356593"
"Year 1 Apr 02 7:00 PM","0.439627912175392"
"Year 1 Apr 02 8:00 PM","0"
"Year 1 Apr 02 9:00 PM","0"
"Year 1 Apr 02 10:00 PM","0"
"Year 1 Apr 02 11:00 PM","0"
"Year 1 Apr 03 12:00 AM","0"
"Year 1 Apr 03 1:00 AM","0"
"Year 1 Apr 03 2:00 AM","0"
"Year 1 Apr 03 3:00 AM","0"
"Year 1 Apr 03 4:00 AM","0"
"Year 1 Apr 03 5:00 AM","0"
"Year 1 Apr 03 6:00 AM","6.37336820426759"
"Year 1 Apr 03 7:00 AM","35.902975020837"
"Year 1 Apr 03 8:00 AM","44.8145097156508"
"Year 1 Apr 03 9:00 AM","63.1548423476798"
"Year 1 Apr 03 10:00 AM","80.0012414177788"
"Year 1 Apr 03 11:00 AM","92.0270623649086"
"Year 1 Apr 03 12:00 PM","100.831745984108"
"Year 1 Apr 03 1:00 PM","108.609151767923"
"Year 1 Apr 03 2:00 PM","184.642818270809"
"Year 1 Apr 03 3:00 PM","200.660924100936"
"Year 1 Apr 03 4:00 PM","192.537217070677"
"Year 1 Apr 03 5:00 PM","144.958831894068"
"Year 1 Apr 03 6:00 PM","94.947630556407"
"Year 1 Apr 03 7:00 PM","7.31090283953396"
"Year 1 Apr 03 8:00 PM","0"
"Year 1 Apr 03 9:00 PM","0"
"Year 1 Apr 03 10:00 PM","0"
"Year 1 Apr 03 11:00 PM","0"
"Year 1 Apr 04 12:00 AM","0"
"Year 1 Apr 04 1:00 AM","0"
"Year 1 Apr 04 2:00 AM","0"
"Year 1 Apr 04 3:00 AM","0"
"Year 1 Apr 04 4:00 AM","0"
"Year 1 Apr 04 5:00 AM","0"
"Year 1 Apr 04 6:00 AM","6.60017273999486"
"Year 1 Apr 04 7:00 AM","39.6594904028209"
"Year 1 Apr 04 8:00 AM","66.1919307468456"
"Year 1 Apr 04 9:00 AM","91.6863628915762"
"Year 1 Apr 04 10:00 AM","102.978178006566"
"Year 1 Apr 04 11:00 AM","91.2701030896749"
"Year 1 Apr 04 12:00 PM","78.7160685943859"
"Year 1 Apr 04 1:00 PM","77.5230943998082"
"Year 1 Apr 04 2:00 PM","73.8671934605091"
"Year 1 Apr 04 3:00 PM","57.2545910521262"
"Year 1 Apr 04 4:00 PM","43.6976139094704"
"Year 1 Apr 04 5:00 PM","37.949175160193"
"Year 1 Apr 04 6:00 PM","20.2478781555656"
"Year 1 Apr 04 7:00 PM","2.0737355207565"
"Year 1 Apr 04 8:00 PM","0"
"Year 1 Apr 04 9:00 PM","0"
"Year 1 Apr 04 10:00 PM","0"
"Year 1 Apr 04 11:00 PM","0"
"Year 1 Apr 05 12:00 AM","0"
"Year 1 Apr 05 1:00 AM","0"
"Year 1 Apr 05 2:00 AM","0"
"Year 1 Apr 05 3:00 AM","0"
"Year 1 Apr 05 4:00 AM","0"
"Year 1 Apr 05 5:00 AM","0"
"Year 1 Apr 05 6:00 AM","6.41479287691718"
"Year 1 Apr 05 7:00 AM","38.9783676085687"
"Year 1 Apr 05 8:00 AM","68.4746053846749"
"Year 1 Apr 05 9:00 AM","94.9089599911539"
"Year 1 Apr 05 10:00 AM","114.072923890508"
"Year 1 Apr 05 11:00 AM","121.739281039224"
"Year 1 Apr 05 12:00 PM","128.87485695228"
"Year 1 Apr 05 1:00 PM","133.349235303446"
"Year 1 Apr 05 2:00 PM","81.347713952587"
"Year 1 Apr 05 3:00 PM","62.3420189477524"
"Year 1 Apr 05 4:00 PM","96.7206115746127"
"Year 1 Apr 05 5:00 PM","72.6507602882943"
"Year 1 Apr 05 6:00 PM","104.786207163564"
"Year 1 Apr 05 7:00 PM","9.30870885274893"
"Year 1 Apr 05 8:00 PM","0"
"Year 1 Apr 05 9:00 PM","0"
"Year 1 Apr 05 10:00 PM","0"
"Year 1 Apr 05 11:00 PM","0"
"Year 1 Apr 06 12:00 AM","0"
"Year 1 Apr 06 1:00 AM","0"
"Year 1 Apr 06 2:00 AM","0"
"Year 1 Apr 06 3:00 AM","0"
"Year 1 Apr 06 4:00 AM","0"
"Year 1 Apr 06 5:00 AM","0"
"Year 1 Apr 06 6:00 AM","7.15118896753026"
"Year 1 Apr 06 7:00 AM","39.9392590888527"
"Year 1 Apr 06 8:00 AM","59.2821171743888"
"Year 1 Apr 06 9:00 AM","72.5653568440286"
"Year 1 Apr 06 10:00 AM","74.6470594017686"
"Year 1 Apr 06 11:00 AM","77.15915409533"
"Year 1 Apr 06 12:00 PM","87.360615555755"
"Year 1 Apr 06 1:00 PM","103.938476852242"
"Year 1 Apr 06 2:00 PM","138.254469239968"
"Year 1 Apr 06 3:00 PM","163.415583002948"
"Year 1 Apr 06 4:00 PM","177.456577292051"
"Year 1 Apr 06 5:00 PM","162.244850979619"
"Year 1 Apr 06 6:00 PM","114.725745340887"
"Year 1 Apr 06 7:00 PM","7.87885738337178"
"Year 1 Apr 06 8:00 PM","0"
"Year 1 Apr 06 9:00 PM","0"
"Year 1 Apr 06 10:00 PM","0"
"Year 1 Apr 06 11:00 PM","0"
"Year 1 Apr 07 12:00 AM","0"
"Year 1 Apr 07 1:00 AM","0"
"Year 1 Apr 07 2:00 AM","0"
"Year 1 Apr 07 3:00 AM","0"
"Year 1 Apr 07 4:00 AM","0"
"Year 1 Apr 07 5:00 AM","0"
"Year 1 Apr 07 6:00 AM","3.3481882682069"
"Year 1 Apr 07 7:00 AM","18.5533278293121"
"Year 1 Apr 07 8:00 AM","26.1961999935443"
"Year 1 Apr 07 9:00 AM","40.3749696282224"
"Year 1 Apr 07 10:00 AM","53.0366760532577"
"Year 1 Apr 07 11:00 AM","58.5926652366225"
"Year 1 Apr 07 12:00 PM","65.3057460793658"
"Year 1 Apr 07 1:00 PM","67.2486552257705"
"Year 1 Apr 07 2:00 PM","71.1370411910868"
"Year 1 Apr 07 3:00 PM","62.6390077932489"
"Year 1 Apr 07 4:00 PM","61.4096490334094"
"Year 1 Apr 07 5:00 PM","32.3180797026842"
"Year 1 Apr 07 6:00 PM","21.8868734133371"
"Year 1 Apr 07 7:00 PM","2.07638206580152"
"Year 1 Apr 07 8:00 PM","0"
"Year 1 Apr 07 9:00 PM","0"
"Year 1 Apr 07 10:00 PM","0"
"Year 1 Apr 07 11:00 PM","0"
"Year 1 Apr 08 12:00 AM","0"
"Year 1 Apr 08 1:00 AM","0"
"Year 1 Apr 08 2:00 AM","0"
"Year 1 Apr 08 3:00 AM","0"
"Year 1 Apr 08 4:00 AM","0"
"Year 1 Apr 08 5:00 AM","0"
"Year 1 Apr 08 6:00 AM","4.03599294223225"
"Year 1 Apr 08 7:00 AM","22.1627524382562"
"Year 1 Apr 08 8:00 AM","31.5475086987808"
"Year 1 Apr 08 9:00 AM","41.7219802479491"
"Year 1 Apr 08 10:00 AM","47.2388602882356"
"Year 1 Apr 08 11:00 AM","54.5564286761535"
"Year 1 Apr 08 12:00 PM","56.5620316529669"
"Year 1 Apr 08 1:00 PM","58.767038130424"
"Year 1 Apr 08 2:00 PM","58.937556947694"
"Year 1 Apr 08 3:00 PM","50.546534117714"
"Year 1 Apr 08 4:00 PM","45.2905968905146"
"Year 1 Apr 08 5:00 PM","25.2304150383636"
"Year 1 Apr 08 6:00 PM","10.9161991455473"
"Year 1 Apr 08 7:00 PM","0.64865206210007"
"Year 1 Apr 08 8:00 PM","0"
"Year 1 Apr 08 9:00 PM","0"
"Year 1 Apr 08 10:00 PM","0"
"Year 1 Apr 08 11:00 PM","0"
"Year 1 Apr 09 12:00 AM","0"
"Year 1 Apr 09 1:00 AM","0"
"Year 1 Apr 09 2:00 AM","0"
"Year 1 Apr 09 3:00 AM","0"
"Year 1 Apr 09 4:00 AM","0"
"Year 1 Apr 09 5:00 AM","0"
"Year 1 Apr 09 6:00 AM","8.0285389492155"
"Year 1 Apr 09 7:00 AM","38.6656433105563"
"Year 1 Apr 09 8:00 AM","42.7196677090495"
"Year 1 Apr 09 9:00 AM","48.6230983172925"
"Year 1 Apr 09 10:00 AM","49.6756633846855"
"Year 1 Apr 09 11:00 AM","56.3484121932727"
"Year 1 Apr 09 12:00 PM","73.6235327306726"
"Year 1 Apr 09 1:00 PM","135.135692679209"
"Year 1 Apr 09 2:00 PM","169.075873435492"
"Year 1 Apr 09 3:00 PM","166.832168395415"
"Year 1 Apr 09 4:00 PM","191.34593117461"
"Year 1 Apr 09 5:00 PM","159.533919752153"
"Year 1 Apr 09 6:00 PM","112.58801137789"
"Year 1 Apr 09 7:00 PM","13.3407589463079"
"Year 1 Apr 09 8:00 PM","0"
"Year 1 Apr 09 9:00 PM","0"
"Year 1 Apr 09 10:00 PM","0"
"Year 1 Apr 09 11:00 PM","0"
"Year 1 Apr 10 12:00 AM","0"
"Year 1 Apr 10 1:00 AM","0"
"Year 1 Apr 10 2:00 AM","0"
"Year 1 Apr 10 3:00 AM","0"
"Year 1 Apr 10 4:00 AM","0"
"Year 1 Apr 10 5:00 AM","0"
"Year 1 Apr 10 6:00 AM","8.72615425359942"
"Year 1 Apr 10 7:00 AM","43.2152905475177"
"Year 1 Apr 10 8:00 AM","60.1393898769491"
"Year 1 Apr 10 9:00 AM","70.9681727944195"
"Year 1 Apr 10 10:00 AM","71.5216202862986"
"Year 1 Apr 10 11:00 AM","69.5767383669798"
"Year 1 Apr 10 12:00 PM","73.3487569329992"
"Year 1 Apr 10 1:00 PM","87.3255289723446"
"Year 1 Apr 10 2:00 PM","116.881942720113"
"Year 1 Apr 10 3:00 PM","155.331710311532"
"Year 1 Apr 10 4:00 PM","167.234816463352"
"Year 1 Apr 10 5:00 PM","146.605211503646"
"Year 1 Apr 10 6:00 PM","115.572501896497"
"Year 1 Apr 10 7:00 PM","11.0630396274282"
"Year 1 Apr 10 8:00 PM","0"
"Year 1 Apr 10 9:00 PM","0"
"Year 1 Apr 10 10:00 PM","0"
"Year 1 Apr 10 11:00 PM","0"
"Year 1 Apr 11 12:00 AM","0"
"Year 1 Apr 11 1:00 AM","0"
"Year 1 Apr 11 2:00 AM","0"
"Year 1 Apr 11 3:00 AM","0"
"Year 1 Apr 11 4:00 AM","0"
"Year 1 Apr 11 5:00 AM","0"
"Year 1 Apr 11 6:00 AM","8.9165682262489"
"Year 1 Apr 11 7:00 AM","43.2685886580803"
"Year 1 Apr 11 8:00 AM","67.2687449145255"
"Year 1 Apr 11 9:00 AM","90.0975225223266"
"Year 1 Apr 11 10:00 AM","81.9154391404133"
"Year 1 Apr 11 11:00 AM","75.4047270931842"
"Year 1 Apr 11 12:00 PM","90.0759295314014"
"Year 1 Apr 11 1:00 PM","134.235844512438"
"Year 1 Apr 11 2:00 PM","167.848578290492"
"Year 1 Apr 11 3:00 PM","169.705986909439"
"Year 1 Apr 11 4:00 PM","169.546708449508"
"Year 1 Apr 11 5:00 PM","149.245699110371"
"Year 1 Apr 11 6:00 PM","116.517395690591"
"Year 1 Apr 11 7:00 PM","14.549228081729"
"Year 1 Apr 11 8:00 PM","0"
"Year 1 Apr 11 9:00 PM","0"
"Year 1 Apr 11 10:00 PM","0"
"Year 1 Apr 11 11:00 PM","0"
"Year 1 Apr 12 12:00 AM","0"
"Year 1 Apr 12 1:00 AM","0"
"Year 1 Apr 12 2:00 AM","0"
"Year 1 Apr 12 3:00 AM","0"
"Year 1 Apr 12 4:00 AM","0"
"Year 1 Apr 12 5:00 AM","0"
"Year 1 Apr 12 6:00 AM","10.4038855295393"
"Year 1 Apr 12 7:00 AM","44.6433179081391"
"Year 1 Apr 12 8:00 AM","45.9924552276594"
"Year 1 Apr 12 9:00 AM","74.6089804924023"
"Year 1 Apr 12 10:00 AM","83.610933215637"
"Year 1 Apr 12 11:00 AM","92.9985187177741"
"Year 1 Apr 12 12:00 PM","91.2427852699465"
"Year 1 Apr 12 1:00 PM","91.8577209017931"
"Year 1 Apr 12 2:00 PM","88.7000649727073"
"Year 1 Apr 12 3:00 PM","81.461758422676"
"Year 1 Apr 12 4:00 PM","73.0300562576765"
"Year 1 Apr 12 5:00 PM","29.5295915443648"
"Year 1 Apr 12 6:00 PM","8.88965210872078"
"Year 1 Apr 12 7:00 PM","0.722033793849535"
"Year 1 Apr 12 8:00 PM","0"
"Year 1 Apr 12 9:00 PM","0"
"Year 1 Apr 12 10:00 PM","0"
"Year 1 Apr 12 11:00 PM","0"
"Year 1 Apr 13 12:00 AM","0"
"Year 1 Apr 13 1:00 AM","0"
"Year 1 Apr 13 2:00 AM","0"
"Year 1 Apr 13 3:00 AM","0"
"Year 1 Apr 13 4:00 AM","0"
"Year 1 Apr 13 5:00 AM","0"
"Year 1 Apr 13 6:00 AM","9.82224764857403"
"Year 1 Apr 13 7:00 AM","44.526823524091"
"Year 1 Apr 13 8:00 AM","60.5394484863083"
"Year 1 Apr 13 9:00 AM","76.7578946319259"
"Year 1 Apr 13 10:00 AM","101.754320991959"
"Year 1 Apr 13 11:00 AM","118.549735376143"
"Year 1 Apr 13 12:00 PM","90.645138796206"
"Year 1 Apr 13 1:00 PM","88.5903254060866"
"Year 1 Apr 13 2:00 PM","148.338557649408"
"Year 1 Apr 13 3:00 PM","201.172267418269"
"Year 1 Apr 13 4:00 PM","196.631125146608"
"Year 1 Apr 13 5:00 PM","127.426267648212"
"Year 1 Apr 13 6:00 PM","42.46449933562"
"Year 1 Apr 13 7:00 PM","3.4035700539898"
"Year 1 Apr 13 8:00 PM","0"
"Year 1 Apr 13 9:00 PM","0"
"Year 1 Apr 13 10:00 PM","0"
"Year 1 Apr 13 11:00 PM","0"
"Year 1 Apr 14 12:00 AM","0"
"Year 1 Apr 14 1:00 AM","0"
"Year 1 Apr 14 2:00 AM","0"
"Year 1 Apr 14 3:00 AM","0"
"Year 1 Apr 14 4:00 AM","0"
"Year 1 Apr 14 5:00 AM","0"
"Year 1 Apr 14 6:00 AM","7.92147324619953"
"Year 1 Apr 14 7:00 AM","44.3731766953857"
"Year 1 Apr 14 8:00 AM","63.6651722810747"
"Year 1 Apr 14 9:00 AM","70.9623375034789"
"Year 1 Apr 14 10:00 AM","68.0642149770965"
"Year 1 Apr 14 11:00 AM","65.561287728629"
"Year 1 Apr 14 12:00 PM","71.415463573987"
"Year 1 Apr 14 1:00 PM","114.396836315874"
"Year 1 Apr 14 2:00 PM","137.938929043285"
"Year 1 Apr 14 3:00 PM","185.333242446429"
"Year 1 Apr 14 4:00 PM","196.255108170115"
"Year 1 Apr 14 5:00 PM","159.522664994773"
"Year 1 Apr 14 6:00 PM","88.1732463235495"
"Year 1 Apr 14 7:00 PM","10.0840506470318"
"Year 1 Apr 14 8:00 PM","0"
"Year 1 Apr 14 9:00 PM","0"
"Year 1 Apr 14 10:00 PM","0"
"Year 1 Apr 14 11:00 PM","0"
"Year 1 Apr 15 12:00 AM","0"
"Year 1 Apr 15 1:00 AM","0"
"Year 1 Apr 15 2:00 AM","0"
"Year 1 Apr 15 3:00 AM","0"
"Year 1 Apr 15 4:00 AM","0"
"Year 1 Apr 15 5:00 AM","0"
"Year 1 Apr 15 6:00 AM","9.04987963713648"
"Year 1 Apr 15 7:00 AM","50.9588898768722"
"Year 1 Apr 15 8:00 AM","74.5705667551428"
"Year 1 Apr 15 9:00 AM","80.5850274962434"
"Year 1 Apr 15 10:00 AM","76.0658349682734"
"Year 1 Apr 15 11:00 AM","68.2603358833849"
"Year 1 Apr 15 12:00 PM","62.2982522331417"
"Year 1 Apr 15 1:00 PM","96.5891980557951"
"Year 1 Apr 15 2:00 PM","136.290926478563"
"Year 1 Apr 15 3:00 PM","165.372127678603"
"Year 1 Apr 15 4:00 PM","171.988297294944"
"Year 1 Apr 15 5:00 PM","157.432306993462"
"Year 1 Apr 15 6:00 PM","121.746660222142"
"Year 1 Apr 15 7:00 PM","12.9398457342358"
"Year 1 Apr 15 8:00 PM","0"
"Year 1 Apr 15 9:00 PM","0"
"Year 1 Apr 15 10:00 PM","0"
"Year 1 Apr 15 11:00 PM","0"
"Year 1 Apr 16 12:00 AM","0"
"Year 1 Apr 16 1:00 AM","0"
"Year 1 Apr 16 2:00 AM","0"
"Year 1 Apr 16 3:00 AM","0"
"Year 1 Apr 16 4:00 AM","0"
"Year 1 Apr 16 5:00 AM","0"
"Year 1 Apr 16 6:00 AM","8.0400203828125"
"Year 1 Apr 16 7:00 AM","45.3418415928916"
"Year 1 Apr 16 8:00 AM","61.4306013106673"
"Year 1 Apr 16 9:00 AM","72.7039106346543"
"Year 1 Apr 16 10:00 AM","70.5649879842885"
"Year 1 Apr 16 11:00 AM","73.0027954538101"
"Year 1 Apr 16 12:00 PM","85.7312083326403"
"Year 1 Apr 16 1:00 PM","95.9012581838311"
"Year 1 Apr 16 2:00 PM","136.235003492769"
"Year 1 Apr 16 3:00 PM","192.829049591039"
"Year 1 Apr 16 4:00 PM","195.501491318773"
"Year 1 Apr 16 5:00 PM","93.4182524682135"
"Year 1 Apr 16 6:00 PM","43.9145487760702"
"Year 1 Apr 16 7:00 PM","3.73993221128358"
"Year 1 Apr 16 8:00 PM","0"
"Year 1 Apr 16 9:00 PM","0"
"Year 1 Apr 16 10:00 PM","0"
"Year 1 Apr 16 11:00 PM","0"
"Year 1 Apr 17 12:00 AM","0"
"Year 1 Apr 17 1:00 AM","0"
"Year 1 Apr 17 2:00 AM","0"
"Year 1 Apr 17 3:00 AM","0"
"Year 1 Apr 17 4:00 AM","0"
"Year 1 Apr 17 5:00 AM","0"
"Year 1 Apr 17 6:00 AM","9.53220714259853"
"Year 1 Apr 17 7:00 AM","51.1195779893811"
"Year 1 Apr 17 8:00 AM","74.2747976207236"
"Year 1 Apr 17 9:00 AM","99.9256773866655"
"Year 1 Apr 17 10:00 AM","112.068013521699"
"Year 1 Apr 17 11:00 AM","101.348758221845"
"Year 1 Apr 17 12:00 PM","75.267921579798"
"Year 1 Apr 17 1:00 PM","103.540189075466"
"Year 1 Apr 17 2:00 PM","139.565352966563"
"Year 1 Apr 17 3:00 PM","172.735926388812"
"Year 1 Apr 17 4:00 PM","174.266409518634"
"Year 1 Apr 17 5:00 PM","158.981634066334"
"Year 1 Apr 17 6:00 PM","119.140377585721"
"Year 1 Apr 17 7:00 PM","17.7789994524146"
"Year 1 Apr 17 8:00 PM","0"
"Year 1 Apr 17 9:00 PM","0"
"Year 1 Apr 17 10:00 PM","0"
"Year 1 Apr 17 11:00 PM","0"
"Year 1 Apr 18 12:00 AM","0"
"Year 1 Apr 18 1:00 AM","0"
"Year 1 Apr 18 2:00 AM","0"
"Year 1 Apr 18 3:00 AM","0"
"Year 1 Apr 18 4:00 AM","0"
"Year 1 Apr 18 5:00 AM","0"
"Year 1 Apr 18 6:00 AM","8.89274529996335"
"Year 1 Apr 18 7:00 AM","49.1095969660726"
"Year 1 Apr 18 8:00 AM","76.8242415864643"
"Year 1 Apr 18 9:00 AM","103.624730888706"
"Year 1 Apr 18 10:00 AM","114.87942591893"
"Year 1 Apr 18 11:00 AM","96.9272767210188"
"Year 1 Apr 18 12:00 PM","100.549168117338"
"Year 1 Apr 18 1:00 PM","131.603797316884"
"Year 1 Apr 18 2:00 PM","153.012291775103"
"Year 1 Apr 18 3:00 PM","195.591131994405"
"Year 1 Apr 18 4:00 PM","131.638652073417"
"Year 1 Apr 18 5:00 PM","72.348383166899"
"Year 1 Apr 18 6:00 PM","123.967605744031"
"Year 1 Apr 18 7:00 PM","18.0318215086735"
"Year 1 Apr 18 8:00 PM","0"
"Year 1 Apr 18 9:00 PM","0"
"Year 1 Apr 18 10:00 PM","0"
"Year 1 Apr 18 11:00 PM","0"
"Year 1 Apr 19 12:00 AM","0"
"Year 1 Apr 19 1:00 AM","0"
"Year 1 Apr 19 2:00 AM","0"
"Year 1 Apr 19 3:00 AM","0"
"Year 1 Apr 19 4:00 AM","0"
"Year 1 Apr 19 5:00 AM","0"
"Year 1 Apr 19 6:00 AM","8.87165312134734"
"Year 1 Apr 19 7:00 AM","45.0920622668328"
"Year 1 Apr 19 8:00 AM","59.0338950382502"
"Year 1 Apr 19 9:00 AM","95.6602738287082"
"Year 1 Apr 19 10:00 AM","102.671527510778"
"Year 1 Apr 19 11:00 AM","83.7767174854322"
"Year 1 Apr 19 12:00 PM","89.1133400937526"
"Year 1 Apr 19 1:00 PM","113.175773402675"
"Year 1 Apr 19 2:00 PM","169.158886437432"
"Year 1 Apr 19 3:00 PM","217.030856998256"
"Year 1 Apr 19 4:00 PM","195.795018853071"
"Year 1 Apr 19 5:00 PM","159.671904619579"
"Year 1 Apr 19 6:00 PM","127.333324246917"
"Year 1 Apr 19 7:00 PM","17.5277368895888"
"Year 1 Apr 19 8:00 PM","0"
"Year 1 Apr 19 9:00 PM","0"
"Year 1 Apr 19 10:00 PM","0"
"Year 1 Apr 19 11:00 PM","0"
"Year 1 Apr 20 12:00 AM","0"
"Year 1 Apr 20 1:00 AM","0"
"Year 1 Apr 20 2:00 AM","0"
"Year 1 Apr 20 3:00 AM","0"
"Year 1 Apr 20 4:00 AM","0"
"Year 1 Apr 20 5:00 AM","0"
"Year 1 Apr 20 6:00 AM","7.75355894808691"
"Year 1 Apr 20 7:00 AM","45.7162073651092"
"Year 1 Apr 20 8:00 AM","75.2224552726324"
"Year 1 Apr 20 9:00 AM","90.3942247576222"
"Year 1 Apr 20 10:00 AM","89.2608539190115"
"Year 1 Apr 20 11:00 AM","106.657341243574"
"Year 1 Apr 20 12:00 PM","100.417554895194"
"Year 1 Apr 20 1:00 PM","140.54797270835"
"Year 1 Apr 20 2:00 PM","126.686768761998"
"Year 1 Apr 20 3:00 PM","139.735551643203"
"Year 1 Apr 20 4:00 PM","172.435109849515"
"Year 1 Apr 20 5:00 PM","58.6156022089869"
"Year 1 Apr 20 6:00 PM","27.5614705708781"
"Year 1 Apr 20 7:00 PM","2.54161755404436"
"Year 1 Apr 20 8:00 PM","0"
"Year 1 Apr 20 9:00 PM","0"
"Year 1 Apr 20 10:00 PM","0"
"Year 1 Apr 20 11:00 PM","0"
"Year 1 Apr 21 12:00 AM","0"
"Year 1 Apr 21 1:00 AM","0"
"Year 1 Apr 21 2:00 AM","0"
"Year 1 Apr 21 3:00 AM","0"
"Year 1 Apr 21 4:00 AM","0"
"Year 1 Apr 21 5:00 AM","0"
"Year 1 Apr 21 6:00 AM","2.76155318194836"
"Year 1 Apr 21 7:00 AM","18.4376992646555"
"Year 1 Apr 21 8:00 AM","34.3412980697333"
"Year 1 Apr 21 9:00 AM","43.9888807410414"
"Year 1 Apr 21 10:00 AM","68.0376976615817"
"Year 1 Apr 21 11:00 AM","72.1283676462474"
"Year 1 Apr 21 12:00 PM","73.7092130836075"
"Year 1 Apr 21 1:00 PM","67.1535595734757"
"Year 1 Apr 21 2:00 PM","55.3912228464223"
"Year 1 Apr 21 3:00 PM","55.7740974544645"
"Year 1 Apr 21 4:00 PM","92.9817054477923"
"Year 1 Apr 21 5:00 PM","30.7589192251597"
"Year 1 Apr 21 6:00 PM","14.9108711641936"
"Year 1 Apr 21 7:00 PM","1.73026035810851"
"Year 1 Apr 21 8:00 PM","0"
"Year 1 Apr 21 9:00 PM","0"
"Year 1 Apr 21 10:00 PM","0"
"Year 1 Apr 21 11:00 PM","0"
"Year 1 Apr 22 12:00 AM","0"
"Year 1 Apr 22 1:00 AM","0"
"Year 1 Apr 22 2:00 AM","0"
"Year 1 Apr 22 3:00 AM","0"
"Year 1 Apr 22 4:00 AM","0"
"Year 1 Apr 22 5:00 AM","0"
"Year 1 Apr 22 6:00 AM","9.71596504012667"
"Year 1 Apr 22 7:00 AM","51.622521965832"
"Year 1 Apr 22 8:00 AM","66.8552830101192"
"Year 1 Apr 22 9:00 AM","52.1962218561108"
"Year 1 Apr 22 10:00 AM","57.3643789404342"
"Year 1 Apr 22 11:00 AM","74.2602111324158"
"Year 1 Apr 22 12:00 PM","67.6964135264155"
"Year 1 Apr 22 1:00 PM","97.2888884548567"
"Year 1 Apr 22 2:00 PM","176.621220239613"
"Year 1 Apr 22 3:00 PM","146.177596482294"
"Year 1 Apr 22 4:00 PM","149.627533528787"
"Year 1 Apr 22 5:00 PM","146.723818070966"
"Year 1 Apr 22 6:00 PM","118.644290650076"
"Year 1 Apr 22 7:00 PM","26.0403521386407"
"Year 1 Apr 22 8:00 PM","0"
"Year 1 Apr 22 9:00 PM","0"
"Year 1 Apr 22 10:00 PM","0"
"Year 1 Apr 22 11:00 PM","0"
"Year 1 Apr 23 12:00 AM","0"
"Year 1 Apr 23 1:00 AM","0"
"Year 1 Apr 23 2:00 AM","0"
"Year 1 Apr 23 3:00 AM","0"
"Year 1 Apr 23 4:00 AM","0"
"Year 1 Apr 23 5:00 AM","0"
"Year 1 Apr 23 6:00 AM","8.88270494164752"
"Year 1 Apr 23 7:00 AM","45.7977601971175"
"Year 1 Apr 23 8:00 AM","59.2605860306989"
"Year 1 Apr 23 9:00 AM","61.1166748242557"
"Year 1 Apr 23 10:00 AM","63.6825241798413"
"Year 1 Apr 23 11:00 AM","61.146408661156"
"Year 1 Apr 23 12:00 PM","60.5876309615324"
"Year 1 Apr 23 1:00 PM","84.2524756966876"
"Year 1 Apr 23 2:00 PM","118.171729238247"
"Year 1 Apr 23 3:00 PM","159.718321695396"
"Year 1 Apr 23 4:00 PM","174.01819756049"
"Year 1 Apr 23 5:00 PM","154.488228028826"
"Year 1 Apr 23 6:00 PM","122.225257584113"
"Year 1 Apr 23 7:00 PM","27.3678289474867"
"Year 1 Apr 23 8:00 PM","0"
"Year 1 Apr 23 9:00 PM","0"
"Year 1 Apr 23 10:00 PM","0"
"Year 1 Apr 23 11:00 PM","0"
"Year 1 Apr 24 12:00 AM","0"
"Year 1 Apr 24 1:00 AM","0"
"Year 1 Apr 24 2:00 AM","0"
"Year 1 Apr 24 3:00 AM","0"
"Year 1 Apr 24 4:00 AM","0"
"Year 1 Apr 24 5:00 AM","0"
"Year 1 Apr 24 6:00 AM","8.86411685876263"
"Year 1 Apr 24 7:00 AM","48.9947046735374"
"Year 1 Apr 24 8:00 AM","64.3975649836867"
"Year 1 Apr 24 9:00 AM","70.813369393027"
"Year 1 Apr 24 10:00 AM","68.734225171091"
"Year 1 Apr 24 11:00 AM","70.6768275935583"
"Year 1 Apr 24 12:00 PM","97.8302136081534"
"Year 1 Apr 24 1:00 PM","153.838680326679"
"Year 1 Apr 24 2:00 PM","95.9819857545139"
"Year 1 Apr 24 3:00 PM","51.4904846039159"
"Year 1 Apr 24 4:00 PM","36.3071254596331"
"Year 1 Apr 24 5:00 PM","23.0395881478422"
"Year 1 Apr 24 6:00 PM","10.8493500209357"
"Year 1 Apr 24 7:00 PM","1.96964087441407"
"Year 1 Apr 24 8:00 PM","0"
"Year 1 Apr 24 9:00 PM","0"
"Year 1 Apr 24 10:00 PM","0"
"Year 1 Apr 24 11:00 PM","0"
"Year 1 Apr 25 12:00 AM","0"
"Year 1 Apr 25 1:00 AM","0"
"Year 1 Apr 25 2:00 AM","0"
"Year 1 Apr 25 3:00 AM","0"
"Year 1 Apr 25 4:00 AM","0"
"Year 1 Apr 25 5:00 AM","0"
"Year 1 Apr 25 6:00 AM","8.87506699975443"
"Year 1 Apr 25 7:00 AM","49.5224469161736"
"Year 1 Apr 25 8:00 AM","65.479296093115"
"Year 1 Apr 25 9:00 AM","72.2687538085011"
"Year 1 Apr 25 10:00 AM","68.1390892793"
"Year 1 Apr 25 11:00 AM","64.7899130030414"
"Year 1 Apr 25 12:00 PM","67.4980326608808"
"Year 1 Apr 25 1:00 PM","97.3706139134888"
"Year 1 Apr 25 2:00 PM","130.000862957028"
"Year 1 Apr 25 3:00 PM","161.754630839751"
"Year 1 Apr 25 4:00 PM","176.608102989665"
"Year 1 Apr 25 5:00 PM","154.25465360169"
"Year 1 Apr 25 6:00 PM","120.331687000998"
"Year 1 Apr 25 7:00 PM","30.2461148476247"
"Year 1 Apr 25 8:00 PM","0"
"Year 1 Apr 25 9:00 PM","0"
"Year 1 Apr 25 10:00 PM","0"
"Year 1 Apr 25 11:00 PM","0"
"Year 1 Apr 26 12:00 AM","0"
"Year 1 Apr 26 1:00 AM","0"
"Year 1 Apr 26 2:00 AM","0"
"Year 1 Apr 26 3:00 AM","0"
"Year 1 Apr 26 4:00 AM","0"
"Year 1 Apr 26 5:00 AM","0"
"Year 1 Apr 26 6:00 AM","9.06832848078231"
"Year 1 Apr 26 7:00 AM","49.1415278500812"
"Year 1 Apr 26 8:00 AM","64.9727391630754"
"Year 1 Apr 26 9:00 AM","74.914984689481"
"Year 1 Apr 26 10:00 AM","79.168969427044"
"Year 1 Apr 26 11:00 AM","67.8628473031213"
"Year 1 Apr 26 12:00 PM","59.1624471428657"
"Year 1 Apr 26 1:00 PM","82.4682271218789"
"Year 1 Apr 26 2:00 PM","129.304002735257"
"Year 1 Apr 26 3:00 PM","164.050726210052"
"Year 1 Apr 26 4:00 PM","175.35354472126"
"Year 1 Apr 26 5:00 PM","156.323458390597"
"Year 1 Apr 26 6:00 PM","123.878274828428"
"Year 1 Apr 26 7:00 PM","24.4039085617629"
"Year 1 Apr 26 8:00 PM","0"
"Year 1 Apr 26 9:00 PM","0"
"Year 1 Apr 26 10:00 PM","0"
"Year 1 Apr 26 11:00 PM","0"
"Year 1 Apr 27 12:00 AM","0"
"Year 1 Apr 27 1:00 AM","0"
"Year 1 Apr 27 2:00 AM","0"
"Year 1 Apr 27 3:00 AM","0"
"Year 1 Apr 27 4:00 AM","0"
"Year 1 Apr 27 5:00 AM","0.983274872238589"
"Year 1 Apr 27 6:00 AM","12.5512343844689"
"Year 1 Apr 27 7:00 AM","19.1760269320642"
"Year 1 Apr 27 8:00 AM","37.0349354800685"
"Year 1 Apr 27 9:00 AM","56.464345361826"
"Year 1 Apr 27 10:00 AM","64.3142984695928"
"Year 1 Apr 27 11:00 AM","62.8590323730198"
"Year 1 Apr 27 12:00 PM","63.05076560861"
"Year 1 Apr 27 1:00 PM","61.0106975975694"
"Year 1 Apr 27 2:00 PM","57.681395990913"
"Year 1 Apr 27 3:00 PM","50.6477056344508"
"Year 1 Apr 27 4:00 PM","36.9637393173915"
"Year 1 Apr 27 5:00 PM","23.3998405438965"
"Year 1 Apr 27 6:00 PM","10.8121441532695"
"Year 1 Apr 27 7:00 PM","1.79172481511266"
"Year 1 Apr 27 8:00 PM","0"
"Year 1 Apr 27 9:00 PM","0"
"Year 1 Apr 27 10:00 PM","0"
"Year 1 Apr 27 11:00 PM","0"
"Year 1 Apr 28 12:00 AM","0"
"Year 1 Apr 28 1:00 AM","0"
"Year 1 Apr 28 2:00 AM","0"
"Year 1 Apr 28 3:00 AM","0"
"Year 1 Apr 28 4:00 AM","0"
"Year 1 Apr 28 5:00 AM","1.30166688861933"
"Year 1 Apr 28 6:00 AM","20.425924644332"
"Year 1 Apr 28 7:00 AM","39.6684351562655"
"Year 1 Apr 28 8:00 AM","38.5405645011102"
"Year 1 Apr 28 9:00 AM","50.2339491191541"
"Year 1 Apr 28 10:00 AM","52.3306982743601"
"Year 1 Apr 28 11:00 AM","59.8445642505911"
"Year 1 Apr 28 12:00 PM","62.8598153012874"
"Year 1 Apr 28 1:00 PM","61.017869385217"
"Year 1 Apr 28 2:00 PM","58.9789100300065"
"Year 1 Apr 28 3:00 PM","59.4772536705013"
"Year 1 Apr 28 4:00 PM","52.9286186909982"
"Year 1 Apr 28 5:00 PM","35.2420416698893"
"Year 1 Apr 28 6:00 PM","8.85437949171147"
"Year 1 Apr 28 7:00 PM","1.07205483781144"
"Year 1 Apr 28 8:00 PM","0"
"Year 1 Apr 28 9:00 PM","0"
"Year 1 Apr 28 10:00 PM","0"
"Year 1 Apr 28 11:00 PM","0"
"Year 1 Apr 29 12:00 AM","0"
"Year 1 Apr 29 1:00 AM","0"
"Year 1 Apr 29 2:00 AM","0"
"Year 1 Apr 29 3:00 AM","0"
"Year 1 Apr 29 4:00 AM","0"
"Year 1 Apr 29 5:00 AM","1.29662922950844"
"Year 1 Apr 29 6:00 AM","20.7751713989164"
"Year 1 Apr 29 7:00 AM","50.1973715117772"
"Year 1 Apr 29 8:00 AM","79.6272359566728"
"Year 1 Apr 29 9:00 AM","97.5325289883791"
"Year 1 Apr 29 10:00 AM","124.685029553479"
"Year 1 Apr 29 11:00 AM","134.820461005715"
"Year 1 Apr 29 12:00 PM","119.800402637522"
"Year 1 Apr 29 1:00 PM","99.9256884273468"
"Year 1 Apr 29 2:00 PM","188.457764303957"
"Year 1 Apr 29 3:00 PM","171.058446364559"
"Year 1 Apr 29 4:00 PM","177.474103428911"
"Year 1 Apr 29 5:00 PM","161.557520249744"
"Year 1 Apr 29 6:00 PM","131.763001186227"
"Year 1 Apr 29 7:00 PM","30.0876692431317"
"Year 1 Apr 29 8:00 PM","0"
"Year 1 Apr 29 9:00 PM","0"
"Year 1 Apr 29 10:00 PM","0"
"Year 1 Apr 29 11:00 PM","0"
"Year 1 Apr 30 12:00 AM","0"
"Year 1 Apr 30 1:00 AM","0"
"Year 1 Apr 30 2:00 AM","0"
"Year 1 Apr 30 3:00 AM","0"
"Year 1 Apr 30 4:00 AM","0"
"Year 1 Apr 30 5:00 AM","1.54605934946153"
"Year 1 Apr 30 6:00 AM","26.0429446034771"
"Year 1 Apr 30 7:00 AM","61.3972288700459"
"Year 1 Apr 30 8:00 AM","79.502900940707"
"Year 1 Apr 30 9:00 AM","99.8984986081067"
"Year 1 Apr 30 10:00 AM","90.6487830793522"
"Year 1 Apr 30 11:00 AM","112.110140868217"
"Year 1 Apr 30 12:00 PM","113.639939122154"
"Year 1 Apr 30 1:00 PM","154.079268637095"
"Year 1 Apr 30 2:00 PM","154.092115918437"
"Year 1 Apr 30 3:00 PM","135.634042715249"
"Year 1 Apr 30 4:00 PM","142.659971601935"
"Year 1 Apr 30 5:00 PM","187.705977738073"
"Year 1 Apr 30 6:00 PM","100.699009594677"
"Year 1 Apr 30 7:00 PM","32.8160811641867"
"Year 1 Apr 30 8:00 PM","0"
"Year 1 Apr 30 9:00 PM","0"
"Year 1 Apr 30 10:00 PM","0"
"Year 1 Apr 30 11:00 PM","0"
"Year 1 May 01 12:00 AM","0"
"Year 1 May 01 1:00 AM","0"
"Year 1 May 01 2:00 AM","0"
"Year 1 May 01 3:00 AM","0"
"Year 1 May 01 4:00 AM","0"
"Year 1 May 01 5:00 AM","0.788762609967572"
"Year 1 May 01 6:00 AM","15.2357192995138"
"Year 1 May 01 7:00 AM","48.3704218728467"
"Year 1 May 01 8:00 AM","81.4622880226335"
"Year 1 May 01 9:00 AM","101.365745492126"
"Year 1 May 01 10:00 AM","113.001514231034"
"Year 1 May 01 11:00 AM","136.750389948833"
"Year 1 May 01 12:00 PM","158.470735091275"
"Year 1 May 01 1:00 PM","166.156416286935"
"Year 1 May 01 2:00 PM","147.666826618589"
"Year 1 May 01 3:00 PM","128.358508283619"
"Year 1 May 01 4:00 PM","126.387015540938"
"Year 1 May 01 5:00 PM","135.403978701429"
"Year 1 May 01 6:00 PM","75.5433563201801"
"Year 1 May 01 7:00 PM","15.2951223831051"
"Year 1 May 01 8:00 PM","0"
"Year 1 May 01 9:00 PM","0"
"Year 1 May 01 10:00 PM","0"
"Year 1 May 01 11:00 PM","0"
"Year 1 May 02 12:00 AM","0"
"Year 1 May 02 1:00 AM","0"
"Year 1 May 02 2:00 AM","0"
"Year 1 May 02 3:00 AM","0"
"Year 1 May 02 4:00 AM","0"
"Year 1 May 02 5:00 AM","1.08828497767224"
"Year 1 May 02 6:00 AM","16.965009907827"
"Year 1 May 02 7:00 AM","39.8671131724706"
"Year 1 May 02 8:00 AM","57.0736653924663"
"Year 1 May 02 9:00 AM","92.8919365733297"
"Year 1 May 02 10:00 AM","82.7235276802591"
"Year 1 May 02 11:00 AM","78.9902617821252"
"Year 1 May 02 12:00 PM","101.657600356859"
"Year 1 May 02 1:00 PM","151.78992933349"
"Year 1 May 02 2:00 PM","187.676343511947"
"Year 1 May 02 3:00 PM","181.96156506675"
"Year 1 May 02 4:00 PM","165.916751371492"
"Year 1 May 02 5:00 PM","156.940344821741"
"Year 1 May 02 6:00 PM","111.684426908837"
"Year 1 May 02 7:00 PM","38.052247818278"
"Year 1 May 02 8:00 PM","0"
"Year 1 May 02 9:00 PM","0"
"Year 1 May 02 10:00 PM","0"
"Year 1 May 02 11:00 PM","0"
"Year 1 May 03 12:00 AM","0"
"Year 1 May 03 1:00 AM","0"
"Year 1 May 03 2:00 AM","0"
"Year 1 May 03 3:00 AM","0"
"Year 1 May 03 4:00 AM","0"
"Year 1 May 03 5:00 AM","1.65708654775329"
"Year 1 May 03 6:00 AM","19.1902231683415"
"Year 1 May 03 7:00 AM","32.7222702529981"
"Year 1 May 03 8:00 AM","41.7165830239133"
"Year 1 May 03 9:00 AM","47.4216470725655"
"Year 1 May 03 10:00 AM","49.1586953202617"
"Year 1 May 03 11:00 AM","46.8927755707274"
"Year 1 May 03 12:00 PM","45.8556466802099"
"Year 1 May 03 1:00 PM","59.5694902153166"
"Year 1 May 03 2:00 PM","77.7317248499805"
"Year 1 May 03 3:00 PM","91.2032721264323"
"Year 1 May 03 4:00 PM","109.741016875565"
"Year 1 May 03 5:00 PM","106.68614288201"
"Year 1 May 03 6:00 PM","103.154453117874"
"Year 1 May 03 7:00 PM","47.6904702953733"
"Year 1 May 03 8:00 PM","0"
"Year 1 May 03 9:00 PM","0"
"Year 1 May 03 10:00 PM","0"
"Year 1 May 03 11:00 PM","0"
"Year 1 May 04 12:00 AM","0"
"Year 1 May 04 1:00 AM","0"
"Year 1 May 04 2:00 AM","0"
"Year 1 May 04 3:00 AM","0"
"Year 1 May 04 4:00 AM","0"
"Year 1 May 04 5:00 AM","2.92495101744755"
"Year 1 May 04 6:00 AM","22.3652552075599"
"Year 1 May 04 7:00 AM","42.40234683489"
"Year 1 May 04 8:00 AM","58.7593004079714"
"Year 1 May 04 9:00 AM","65.008858615371"
"Year 1 May 04 10:00 AM","65.6844664867311"
"Year 1 May 04 11:00 AM","66.1229022424544"
"Year 1 May 04 12:00 PM","65.6569511780734"
"Year 1 May 04 1:00 PM","97.352754688109"
"Year 1 May 04 2:00 PM","153.524452644598"
"Year 1 May 04 3:00 PM","171.169386820025"
"Year 1 May 04 4:00 PM","172.100596281803"
"Year 1 May 04 5:00 PM","158.001742743975"
"Year 1 May 04 6:00 PM","114.911191345717"
"Year 1 May 04 7:00 PM","33.3531246101982"
"Year 1 May 04 8:00 PM","0"
"Year 1 May 04 9:00 PM","0"
"Year 1 May 04 10:00 PM","0"
"Year 1 May 04 11:00 PM","0"
"Year 1 May 05 12:00 AM","0"
"Year 1 May 05 1:00 AM","0"
"Year 1 May 05 2:00 AM","0"
"Year 1 May 05 3:00 AM","0"
"Year 1 May 05 4:00 AM","0"
"Year 1 May 05 5:00 AM","2.65838935412599"
"Year 1 May 05 6:00 AM","20.6018177806268"
"Year 1 May 05 7:00 AM","33.2873950968686"
"Year 1 May 05 8:00 AM","45.3941910783725"
"Year 1 May 05 9:00 AM","48.9595925685087"
"Year 1 May 05 10:00 AM","51.4536507483793"
"Year 1 May 05 11:00 AM","49.4745220418939"
"Year 1 May 05 12:00 PM","48.2166751031706"
"Year 1 May 05 1:00 PM","74.9332356179932"
"Year 1 May 05 2:00 PM","158.467042962115"
"Year 1 May 05 3:00 PM","186.317729663326"
"Year 1 May 05 4:00 PM","181.260867270978"
"Year 1 May 05 5:00 PM","144.078853818316"
"Year 1 May 05 6:00 PM","122.947672138189"
"Year 1 May 05 7:00 PM","32.9218277709839"
"Year 1 May 05 8:00 PM","0"
"Year 1 May 05 9:00 PM","0"
"Year 1 May 05 10:00 PM","0"
"Year 1 May 05 11:00 PM","0"
"Year 1 May 06 12:00 AM","0"
"Year 1 May 06 1:00 AM","0"
"Year 1 May 06 2:00 AM","0"
"Year 1 May 06 3:00 AM","0"
"Year 1 May 06 4:00 AM","0"
"Year 1 May 06 5:00 AM","3.08089974799644"
"Year 1 May 06 6:00 AM","22.3794012924997"
"Year 1 May 06 7:00 AM","35.8259751477968"
"Year 1 May 06 8:00 AM","46.8310278048957"
"Year 1 May 06 9:00 AM","52.2593631282119"
"Year 1 May 06 10:00 AM","52.9214183943191"
"Year 1 May 06 11:00 AM","52.1537189723466"
"Year 1 May 06 12:00 PM","57.7787665535254"
"Year 1 May 06 1:00 PM","116.554315252657"
"Year 1 May 06 2:00 PM","165.131162100961"
"Year 1 May 06 3:00 PM","179.518880140566"
"Year 1 May 06 4:00 PM","186.918477246267"
"Year 1 May 06 5:00 PM","143.662639602577"
"Year 1 May 06 6:00 PM","99.9228945687585"
"Year 1 May 06 7:00 PM","42.6312923536601"
"Year 1 May 06 8:00 PM","0"
"Year 1 May 06 9:00 PM","0"
"Year 1 May 06 10:00 PM","0"
"Year 1 May 06 11:00 PM","0"
"Year 1 May 07 12:00 AM","0"
"Year 1 May 07 1:00 AM","0"
"Year 1 May 07 2:00 AM","0"
"Year 1 May 07 3:00 AM","0"
"Year 1 May 07 4:00 AM","0"
"Year 1 May 07 5:00 AM","3.24530711834205"
"Year 1 May 07 6:00 AM","22.8309804076887"
"Year 1 May 07 7:00 AM","40.7556068424239"
"Year 1 May 07 8:00 AM","55.6873225447401"
"Year 1 May 07 9:00 AM","80.9255822460963"
"Year 1 May 07 10:00 AM","102.88089662455"
"Year 1 May 07 11:00 AM","105.753005002098"
"Year 1 May 07 12:00 PM","121.862056580346"
"Year 1 May 07 1:00 PM","160.507007386248"
"Year 1 May 07 2:00 PM","183.892370710792"
"Year 1 May 07 3:00 PM","166.3820234906"
"Year 1 May 07 4:00 PM","175.447051014703"
"Year 1 May 07 5:00 PM","153.546482139361"
"Year 1 May 07 6:00 PM","88.6157747184281"
"Year 1 May 07 7:00 PM","41.340934065938"
"Year 1 May 07 8:00 PM","0"
"Year 1 May 07 9:00 PM","0"
"Year 1 May 07 10:00 PM","0"
"Year 1 May 07 11:00 PM","0"
"Year 1 May 08 12:00 AM","0"
"Year 1 May 08 1:00 AM","0"
"Year 1 May 08 2:00 AM","0"
"Year 1 May 08 3:00 AM","0"
"Year 1 May 08 4:00 AM","0"
"Year 1 May 08 5:00 AM","2.83370653648005"
"Year 1 May 08 6:00 AM","23.0345797720159"
"Year 1 May 08 7:00 AM","50.3473900020149"
"Year 1 May 08 8:00 AM","67.4792757708562"
"Year 1 May 08 9:00 AM","96.7705420235307"
"Year 1 May 08 10:00 AM","95.3662436914003"
"Year 1 May 08 11:00 AM","110.361640961487"
"Year 1 May 08 12:00 PM","128.031375065093"
"Year 1 May 08 1:00 PM","149.375177435403"
"Year 1 May 08 2:00 PM","166.72225030062"
"Year 1 May 08 3:00 PM","195.784431324483"
"Year 1 May 08 4:00 PM","177.875382528051"
"Year 1 May 08 5:00 PM","140.91346199275"
"Year 1 May 08 6:00 PM","94.0401616991455"
"Year 1 May 08 7:00 PM","24.9039330502397"
"Year 1 May 08 8:00 PM","0"
"Year 1 May 08 9:00 PM","0"
"Year 1 May 08 10:00 PM","0"
"Year 1 May 08 11:00 PM","0"
"Year 1 May 09 12:00 AM","0"
"Year 1 May 09 1:00 AM","0"
"Year 1 May 09 2:00 AM","0"
"Year 1 May 09 3:00 AM","0"
"Year 1 May 09 4:00 AM","0"
"Year 1 May 09 5:00 AM","3.29249573414154"
"Year 1 May 09 6:00 AM","19.3424470622383"
"Year 1 May 09 7:00 AM","31.7948600186859"
"Year 1 May 09 8:00 AM","38.9087503553664"
"Year 1 May 09 9:00 AM","43.8894289132118"
"Year 1 May 09 10:00 AM","73.1909988747321"
"Year 1 May 09 11:00 AM","128.027734794365"
"Year 1 May 09 12:00 PM","105.247143406607"
"Year 1 May 09 1:00 PM","135.46586744573"
"Year 1 May 09 2:00 PM","160.10780340841"
"Year 1 May 09 3:00 PM","136.375898633405"
"Year 1 May 09 4:00 PM","122.747157377046"
"Year 1 May 09 5:00 PM","101.220089524518"
"Year 1 May 09 6:00 PM","92.6565917481371"
"Year 1 May 09 7:00 PM","54.4214157452308"
"Year 1 May 09 8:00 PM","0"
"Year 1 May 09 9:00 PM","0"
"Year 1 May 09 10:00 PM","0"
"Year 1 May 09 11:00 PM","0"
"Year 1 May 10 12:00 AM","0"
"Year 1 May 10 1:00 AM","0"
"Year 1 May 10 2:00 AM","0"
"Year 1 May 10 3:00 AM","0"
"Year 1 May 10 4:00 AM","0"
"Year 1 May 10 5:00 AM","1.57822920871861"
"Year 1 May 10 6:00 AM","13.7542299461676"
"Year 1 May 10 7:00 AM","41.9400509583418"
"Year 1 May 10 8:00 AM","77.7602623177438"
"Year 1 May 10 9:00 AM","106.706960483634"
"Year 1 May 10 10:00 AM","126.622554585784"
"Year 1 May 10 11:00 AM","130.995805328355"
"Year 1 May 10 12:00 PM","105.476949907919"
"Year 1 May 10 1:00 PM","122.58664312759"
"Year 1 May 10 2:00 PM","133.980676986653"
"Year 1 May 10 3:00 PM","107.060884561031"
"Year 1 May 10 4:00 PM","96.1891327353339"
"Year 1 May 10 5:00 PM","61.2554021755565"
"Year 1 May 10 6:00 PM","19.0171982051434"
"Year 1 May 10 7:00 PM","4.78930985954342"
"Year 1 May 10 8:00 PM","0"
"Year 1 May 10 9:00 PM","0"
"Year 1 May 10 10:00 PM","0"
"Year 1 May 10 11:00 PM","0"
"Year 1 May 11 12:00 AM","0"
"Year 1 May 11 1:00 AM","0"
"Year 1 May 11 2:00 AM","0"
"Year 1 May 11 3:00 AM","0"
"Year 1 May 11 4:00 AM","0"
"Year 1 May 11 5:00 AM","3.55944136319268"
"Year 1 May 11 6:00 AM","23.6502167954059"
"Year 1 May 11 7:00 AM","40.8638615841478"
"Year 1 May 11 8:00 AM","56.754483872841"
"Year 1 May 11 9:00 AM","82.793277535416"
"Year 1 May 11 10:00 AM","89.4649290279329"
"Year 1 May 11 11:00 AM","105.661544427038"
"Year 1 May 11 12:00 PM","86.5827017568324"
"Year 1 May 11 1:00 PM","110.157167645176"
"Year 1 May 11 2:00 PM","164.791766575835"
"Year 1 May 11 3:00 PM","216.197793670081"
"Year 1 May 11 4:00 PM","191.73914597384"
"Year 1 May 11 5:00 PM","154.58636052852"
"Year 1 May 11 6:00 PM","68.021886403459"
"Year 1 May 11 7:00 PM","11.1367797393602"
"Year 1 May 11 8:00 PM","0"
"Year 1 May 11 9:00 PM","0"
"Year 1 May 11 10:00 PM","0"
"Year 1 May 11 11:00 PM","0"
"Year 1 May 12 12:00 AM","0"
"Year 1 May 12 1:00 AM","0"
"Year 1 May 12 2:00 AM","0"
"Year 1 May 12 3:00 AM","0"
"Year 1 May 12 4:00 AM","0"
"Year 1 May 12 5:00 AM","2.33262905654142"
"Year 1 May 12 6:00 AM","18.0858569627403"
"Year 1 May 12 7:00 AM","49.6246821246454"
"Year 1 May 12 8:00 AM","78.6887476689068"
"Year 1 May 12 9:00 AM","105.660878092849"
"Year 1 May 12 10:00 AM","136.437395524172"
"Year 1 May 12 11:00 AM","120.353459112037"
"Year 1 May 12 12:00 PM","89.8003692328638"
"Year 1 May 12 1:00 PM","101.813856274319"
"Year 1 May 12 2:00 PM","167.063298585887"
"Year 1 May 12 3:00 PM","195.099467725589"
"Year 1 May 12 4:00 PM","164.51533430598"
"Year 1 May 12 5:00 PM","154.175448135"
"Year 1 May 12 6:00 PM","43.7783914412447"
"Year 1 May 12 7:00 PM","10.5398713281007"
"Year 1 May 12 8:00 PM","0"
"Year 1 May 12 9:00 PM","0"
"Year 1 May 12 10:00 PM","0"
"Year 1 May 12 11:00 PM","0"
"Year 1 May 13 12:00 AM","0"
"Year 1 May 13 1:00 AM","0"
"Year 1 May 13 2:00 AM","0"
"Year 1 May 13 3:00 AM","0"
"Year 1 May 13 4:00 AM","0"
"Year 1 May 13 5:00 AM","3.77047188259003"
"Year 1 May 13 6:00 AM","21.9433348878674"
"Year 1 May 13 7:00 AM","52.1017489084748"
"Year 1 May 13 8:00 AM","69.8603366769705"
"Year 1 May 13 9:00 AM","98.2546771495034"
"Year 1 May 13 10:00 AM","120.139439777452"
"Year 1 May 13 11:00 AM","120.417504616206"
"Year 1 May 13 12:00 PM","108.221820802303"
"Year 1 May 13 1:00 PM","172.504306940674"
"Year 1 May 13 2:00 PM","194.593890011638"
"Year 1 May 13 3:00 PM","186.12096017946"
"Year 1 May 13 4:00 PM","163.669369294987"
"Year 1 May 13 5:00 PM","106.781210170286"
"Year 1 May 13 6:00 PM","34.3543258026552"
"Year 1 May 13 7:00 PM","12.0509108521723"
"Year 1 May 13 8:00 PM","0"
"Year 1 May 13 9:00 PM","0"
"Year 1 May 13 10:00 PM","0"
"Year 1 May 13 11:00 PM","0"
"Year 1 May 14 12:00 AM","0"
"Year 1 May 14 1:00 AM","0"
"Year 1 May 14 2:00 AM","0"
"Year 1 May 14 3:00 AM","0"
"Year 1 May 14 4:00 AM","0"
"Year 1 May 14 5:00 AM","5.26288167561448"
"Year 1 May 14 6:00 AM","23.7315257198179"
"Year 1 May 14 7:00 AM","31.7746929759115"
"Year 1 May 14 8:00 AM","43.6287313592848"
"Year 1 May 14 9:00 AM","65.1199327631331"
"Year 1 May 14 10:00 AM","75.213688102768"
"Year 1 May 14 11:00 AM","80.8979891045509"
"Year 1 May 14 12:00 PM","100.87623986045"
"Year 1 May 14 1:00 PM","147.537552308557"
"Year 1 May 14 2:00 PM","152.407021566268"
"Year 1 May 14 3:00 PM","162.77198340027"
"Year 1 May 14 4:00 PM","163.089232640849"
"Year 1 May 14 5:00 PM","173.487520368924"
"Year 1 May 14 6:00 PM","103.212254887679"
"Year 1 May 14 7:00 PM","60.5788090554512"
"Year 1 May 14 8:00 PM","0"
"Year 1 May 14 9:00 PM","0"
"Year 1 May 14 10:00 PM","0"
"Year 1 May 14 11:00 PM","0"
"Year 1 May 15 12:00 AM","0"
"Year 1 May 15 1:00 AM","0"
"Year 1 May 15 2:00 AM","0"
"Year 1 May 15 3:00 AM","0"
"Year 1 May 15 4:00 AM","0"
"Year 1 May 15 5:00 AM","3.16502812809255"
"Year 1 May 15 6:00 AM","19.5582944473496"
"Year 1 May 15 7:00 AM","53.524059171233"
"Year 1 May 15 8:00 AM","72.9862982925007"
"Year 1 May 15 9:00 AM","48.6247837682296"
"Year 1 May 15 10:00 AM","47.6229607404747"
"Year 1 May 15 11:00 AM","43.7774329833064"
"Year 1 May 15 12:00 PM","36.2851850216315"
"Year 1 May 15 1:00 PM","51.643404790845"
"Year 1 May 15 2:00 PM","70.9134795913365"
"Year 1 May 15 3:00 PM","82.3698474925069"
"Year 1 May 15 4:00 PM","90.6416597969128"
"Year 1 May 15 5:00 PM","99.4696075865455"
"Year 1 May 15 6:00 PM","91.1474067427631"
"Year 1 May 15 7:00 PM","61.4555959907958"
"Year 1 May 15 8:00 PM","0"
"Year 1 May 15 9:00 PM","0"
"Year 1 May 15 10:00 PM","0"
"Year 1 May 15 11:00 PM","0"
"Year 1 May 16 12:00 AM","0"
"Year 1 May 16 1:00 AM","0"
"Year 1 May 16 2:00 AM","0"
"Year 1 May 16 3:00 AM","0"
"Year 1 May 16 4:00 AM","0"
"Year 1 May 16 5:00 AM","5.78132651097797"
"Year 1 May 16 6:00 AM","31.9069925370499"
"Year 1 May 16 7:00 AM","58.2801141222084"
"Year 1 May 16 8:00 AM","81.1926401145998"
"Year 1 May 16 9:00 AM","104.200833351953"
"Year 1 May 16 10:00 AM","109.728367474398"
"Year 1 May 16 11:00 AM","124.166704132153"
"Year 1 May 16 12:00 PM","152.274848080338"
"Year 1 May 16 1:00 PM","175.278270900304"
"Year 1 May 16 2:00 PM","177.60221936815"
"Year 1 May 16 3:00 PM","131.464568265879"
"Year 1 May 16 4:00 PM","110.311717422857"
"Year 1 May 16 5:00 PM","48.0522456276921"
"Year 1 May 16 6:00 PM","20.4501990877039"
"Year 1 May 16 7:00 PM","7.71353401604701"
"Year 1 May 16 8:00 PM","0"
"Year 1 May 16 9:00 PM","0"
"Year 1 May 16 10:00 PM","0"
"Year 1 May 16 11:00 PM","0"
"Year 1 May 17 12:00 AM","0"
"Year 1 May 17 1:00 AM","0"
"Year 1 May 17 2:00 AM","0"
"Year 1 May 17 3:00 AM","0"
"Year 1 May 17 4:00 AM","0"
"Year 1 May 17 5:00 AM","4.77281991141937"
"Year 1 May 17 6:00 AM","25.6405276069972"
"Year 1 May 17 7:00 AM","56.4386228647835"
"Year 1 May 17 8:00 AM","95.8198531570898"
"Year 1 May 17 9:00 AM","124.619229039956"
"Year 1 May 17 10:00 AM","136.774940516889"
"Year 1 May 17 11:00 AM","152.002771466206"
"Year 1 May 17 12:00 PM","161.671326277852"
"Year 1 May 17 1:00 PM","176.932487436872"
"Year 1 May 17 2:00 PM","177.23535237159"
"Year 1 May 17 3:00 PM","99.2665043023048"
"Year 1 May 17 4:00 PM","70.9774759075564"
"Year 1 May 17 5:00 PM","48.1304113945122"
"Year 1 May 17 6:00 PM","22.7657387306497"
"Year 1 May 17 7:00 PM","7.55040986256735"
"Year 1 May 17 8:00 PM","0"
"Year 1 May 17 9:00 PM","0"
"Year 1 May 17 10:00 PM","0"
"Year 1 May 17 11:00 PM","0"
"Year 1 May 18 12:00 AM","0"
"Year 1 May 18 1:00 AM","0"
"Year 1 May 18 2:00 AM","0"
"Year 1 May 18 3:00 AM","0"
"Year 1 May 18 4:00 AM","0"
"Year 1 May 18 5:00 AM","3.93491541204014"
"Year 1 May 18 6:00 AM","20.9042620279409"
"Year 1 May 18 7:00 AM","53.4675128853208"
"Year 1 May 18 8:00 AM","87.8734842395205"
"Year 1 May 18 9:00 AM","122.99786989211"
"Year 1 May 18 10:00 AM","139.453183829438"
"Year 1 May 18 11:00 AM","159.700975288783"
"Year 1 May 18 12:00 PM","163.210629737582"
"Year 1 May 18 1:00 PM","169.170532807357"
"Year 1 May 18 2:00 PM","177.386213040402"
"Year 1 May 18 3:00 PM","169.223272341926"
"Year 1 May 18 4:00 PM","147.691604197369"
"Year 1 May 18 5:00 PM","94.3794722161999"
"Year 1 May 18 6:00 PM","28.3175205789194"
"Year 1 May 18 7:00 PM","18.7386015113702"
"Year 1 May 18 8:00 PM","0"
"Year 1 May 18 9:00 PM","0"
"Year 1 May 18 10:00 PM","0"
"Year 1 May 18 11:00 PM","0"
"Year 1 May 19 12:00 AM","0"
"Year 1 May 19 1:00 AM","0"
"Year 1 May 19 2:00 AM","0"
"Year 1 May 19 3:00 AM","0"
"Year 1 May 19 4:00 AM","0"
"Year 1 May 19 5:00 AM","5.78713501091881"
"Year 1 May 19 6:00 AM","29.8619951216944"
"Year 1 May 19 7:00 AM","59.5081388125009"
"Year 1 May 19 8:00 AM","86.4462825123076"
"Year 1 May 19 9:00 AM","115.445956489851"
"Year 1 May 19 10:00 AM","135.431380233727"
"Year 1 May 19 11:00 AM","118.8079590166"
"Year 1 May 19 12:00 PM","121.15387416094"
"Year 1 May 19 1:00 PM","145.396177522188"
"Year 1 May 19 2:00 PM","172.628996494037"
"Year 1 May 19 3:00 PM","187.466367332151"
"Year 1 May 19 4:00 PM","185.470931052924"
"Year 1 May 19 5:00 PM","169.428027800335"
"Year 1 May 19 6:00 PM","120.256222281956"
"Year 1 May 19 7:00 PM","50.9717729313342"
"Year 1 May 19 8:00 PM","0"
"Year 1 May 19 9:00 PM","0"
"Year 1 May 19 10:00 PM","0"
"Year 1 May 19 11:00 PM","0"
"Year 1 May 20 12:00 AM","0"
"Year 1 May 20 1:00 AM","0"
"Year 1 May 20 2:00 AM","0"
"Year 1 May 20 3:00 AM","0"
"Year 1 May 20 4:00 AM","0"
"Year 1 May 20 5:00 AM","5.34382183366305"
"Year 1 May 20 6:00 AM","26.6002126838077"
"Year 1 May 20 7:00 AM","46.204410624889"
"Year 1 May 20 8:00 AM","59.6873489242307"
"Year 1 May 20 9:00 AM","66.2139581084478"
"Year 1 May 20 10:00 AM","73.4242879363189"
"Year 1 May 20 11:00 AM","76.7152468265966"
"Year 1 May 20 12:00 PM","75.8898225118235"
"Year 1 May 20 1:00 PM","105.361035992075"
"Year 1 May 20 2:00 PM","162.609058992369"
"Year 1 May 20 3:00 PM","178.833172177716"
"Year 1 May 20 4:00 PM","180.499900768842"
"Year 1 May 20 5:00 PM","162.8186427045"
"Year 1 May 20 6:00 PM","85.9534261753194"
"Year 1 May 20 7:00 PM","45.2036983909957"
"Year 1 May 20 8:00 PM","0"
"Year 1 May 20 9:00 PM","0"
"Year 1 May 20 10:00 PM","0"
"Year 1 May 20 11:00 PM","0"
"Year 1 May 21 12:00 AM","0"
"Year 1 May 21 1:00 AM","0"
"Year 1 May 21 2:00 AM","0"
"Year 1 May 21 3:00 AM","0"
"Year 1 May 21 4:00 AM","0"
"Year 1 May 21 5:00 AM","6.73272945837876"
"Year 1 May 21 6:00 AM","32.7422723855184"
"Year 1 May 21 7:00 AM","54.4652613458267"
"Year 1 May 21 8:00 AM","51.3676284938397"
"Year 1 May 21 9:00 AM","56.1304232074957"
"Year 1 May 21 10:00 AM","53.0533629702766"
"Year 1 May 21 11:00 AM","49.9271373268267"
"Year 1 May 21 12:00 PM","47.8505121364877"
"Year 1 May 21 1:00 PM","64.1471323120318"
"Year 1 May 21 2:00 PM","94.3347082870281"
"Year 1 May 21 3:00 PM","134.988147560382"
"Year 1 May 21 4:00 PM","139.685568583131"
"Year 1 May 21 5:00 PM","154.817478490129"
"Year 1 May 21 6:00 PM","120.009400952979"
"Year 1 May 21 7:00 PM","77.4001025383335"
"Year 1 May 21 8:00 PM","0"
"Year 1 May 21 9:00 PM","0"
"Year 1 May 21 10:00 PM","0"
"Year 1 May 21 11:00 PM","0"
"Year 1 May 22 12:00 AM","0"
"Year 1 May 22 1:00 AM","0"
"Year 1 May 22 2:00 AM","0"
"Year 1 May 22 3:00 AM","0"
"Year 1 May 22 4:00 AM","0"
"Year 1 May 22 5:00 AM","5.58585715431378"
"Year 1 May 22 6:00 AM","25.7922202432572"
"Year 1 May 22 7:00 AM","39.9422312872626"
"Year 1 May 22 8:00 AM","48.799422713905"
"Year 1 May 22 9:00 AM","55.6762973510164"
"Year 1 May 22 10:00 AM","54.4044993007121"
"Year 1 May 22 11:00 AM","51.1476585634332"
"Year 1 May 22 12:00 PM","49.6759856968467"
"Year 1 May 22 1:00 PM","69.2265221630108"
"Year 1 May 22 2:00 PM","100.149089829853"
"Year 1 May 22 3:00 PM","122.050283700488"
"Year 1 May 22 4:00 PM","141.559449793858"
"Year 1 May 22 5:00 PM","140.178157304748"
"Year 1 May 22 6:00 PM","120.660562051083"
"Year 1 May 22 7:00 PM","80.3097114994642"
"Year 1 May 22 8:00 PM","0"
"Year 1 May 22 9:00 PM","0"
"Year 1 May 22 10:00 PM","0"
"Year 1 May 22 11:00 PM","0"
"Year 1 May 23 12:00 AM","0"
"Year 1 May 23 1:00 AM","0"
"Year 1 May 23 2:00 AM","0"
"Year 1 May 23 3:00 AM","0"
"Year 1 May 23 4:00 AM","0"
"Year 1 May 23 5:00 AM","7.09043375698117"
"Year 1 May 23 6:00 AM","30.5192837872815"
"Year 1 May 23 7:00 AM","59.2152098520959"
"Year 1 May 23 8:00 AM","88.0449895851058"
"Year 1 May 23 9:00 AM","101.407004244108"
"Year 1 May 23 10:00 AM","98.5401113067533"
"Year 1 May 23 11:00 AM","100.321546627887"
"Year 1 May 23 12:00 PM","122.92793267334"
"Year 1 May 23 1:00 PM","104.042860518859"
"Year 1 May 23 2:00 PM","151.531107607053"
"Year 1 May 23 3:00 PM","140.683494325483"
"Year 1 May 23 4:00 PM","122.664131618019"
"Year 1 May 23 5:00 PM","78.9150966261899"
"Year 1 May 23 6:00 PM","44.1596876980281"
"Year 1 May 23 7:00 PM","18.6174650065714"
"Year 1 May 23 8:00 PM","0"
"Year 1 May 23 9:00 PM","0"
"Year 1 May 23 10:00 PM","0"
"Year 1 May 23 11:00 PM","0"
"Year 1 May 24 12:00 AM","0"
"Year 1 May 24 1:00 AM","0"
"Year 1 May 24 2:00 AM","0"
"Year 1 May 24 3:00 AM","0"
"Year 1 May 24 4:00 AM","0"
"Year 1 May 24 5:00 AM","6.93556680165457"
"Year 1 May 24 6:00 AM","30.3696181277235"
"Year 1 May 24 7:00 AM","65.3056115895885"
"Year 1 May 24 8:00 AM","100.831690392164"
"Year 1 May 24 9:00 AM","128.634436882962"
"Year 1 May 24 10:00 AM","124.45881272258"
"Year 1 May 24 11:00 AM","69.0824627218577"
"Year 1 May 24 12:00 PM","58.32145225477"
"Year 1 May 24 1:00 PM","77.2864146500898"
"Year 1 May 24 2:00 PM","133.720285788534"
"Year 1 May 24 3:00 PM","189.621982175401"
"Year 1 May 24 4:00 PM","191.646944036642"
"Year 1 May 24 5:00 PM","171.720603818175"
"Year 1 May 24 6:00 PM","109.23637217056"
"Year 1 May 24 7:00 PM","69.0783706897839"
"Year 1 May 24 8:00 PM","0"
"Year 1 May 24 9:00 PM","0"
"Year 1 May 24 10:00 PM","0"
"Year 1 May 24 11:00 PM","0"
"Year 1 May 25 12:00 AM","0"
"Year 1 May 25 1:00 AM","0"
"Year 1 May 25 2:00 AM","0"
"Year 1 May 25 3:00 AM","0"
"Year 1 May 25 4:00 AM","0"
"Year 1 May 25 5:00 AM","4.45936443621255"
"Year 1 May 25 6:00 AM","20.5466109709204"
"Year 1 May 25 7:00 AM","49.7768501383911"
"Year 1 May 25 8:00 AM","61.2240103792166"
"Year 1 May 25 9:00 AM","67.1993785702054"
"Year 1 May 25 10:00 AM","60.7614737407489"
"Year 1 May 25 11:00 AM","51.568840754461"
"Year 1 May 25 12:00 PM","49.1168005750279"
"Year 1 May 25 1:00 PM","74.7132859432617"
"Year 1 May 25 2:00 PM","141.191106433249"
"Year 1 May 25 3:00 PM","187.232469388318"
"Year 1 May 25 4:00 PM","200.853539411214"
"Year 1 May 25 5:00 PM","160.914916002818"
"Year 1 May 25 6:00 PM","122.339075318785"
"Year 1 May 25 7:00 PM","79.0176607766697"
"Year 1 May 25 8:00 PM","0"
"Year 1 May 25 9:00 PM","0"
"Year 1 May 25 10:00 PM","0"
"Year 1 May 25 11:00 PM","0"
"Year 1 May 26 12:00 AM","0"
"Year 1 May 26 1:00 AM","0"
"Year 1 May 26 2:00 AM","0"
"Year 1 May 26 3:00 AM","0"
"Year 1 May 26 4:00 AM","0"
"Year 1 May 26 5:00 AM","7.52753187768044"
"Year 1 May 26 6:00 AM","31.2655277509152"
"Year 1 May 26 7:00 AM","53.225318326518"
"Year 1 May 26 8:00 AM","68.68369987652"
"Year 1 May 26 9:00 AM","78.023371103089"
"Year 1 May 26 10:00 AM","77.1333057838184"
"Year 1 May 26 11:00 AM","73.0282594279814"
"Year 1 May 26 12:00 PM","71.2519870575467"
"Year 1 May 26 1:00 PM","107.106645603912"
"Year 1 May 26 2:00 PM","151.114335771405"
"Year 1 May 26 3:00 PM","180.258674289842"
"Year 1 May 26 4:00 PM","187.963384045834"
"Year 1 May 26 5:00 PM","168.570927901524"
"Year 1 May 26 6:00 PM","136.269031800824"
"Year 1 May 26 7:00 PM","68.3921403515665"
"Year 1 May 26 8:00 PM","0"
"Year 1 May 26 9:00 PM","0"
"Year 1 May 26 10:00 PM","0"
"Year 1 May 26 11:00 PM","0"
"Year 1 May 27 12:00 AM","0"
"Year 1 May 27 1:00 AM","0"
"Year 1 May 27 2:00 AM","0"
"Year 1 May 27 3:00 AM","0"
"Year 1 May 27 4:00 AM","0"
"Year 1 May 27 5:00 AM","7.10810369416792"
"Year 1 May 27 6:00 AM","30.1212424714344"
"Year 1 May 27 7:00 AM","58.8996320558232"
"Year 1 May 27 8:00 AM","82.3396923618861"
"Year 1 May 27 9:00 AM","90.9549914891328"
"Year 1 May 27 10:00 AM","87.7563038274856"
"Year 1 May 27 11:00 AM","68.9374166430877"
"Year 1 May 27 12:00 PM","54.0761854083153"
"Year 1 May 27 1:00 PM","77.2874108535611"
"Year 1 May 27 2:00 PM","130.711877724329"
"Year 1 May 27 3:00 PM","188.382515406126"
"Year 1 May 27 4:00 PM","179.757099933536"
"Year 1 May 27 5:00 PM","152.49118404805"
"Year 1 May 27 6:00 PM","120.085305173373"
"Year 1 May 27 7:00 PM","71.2401618683103"
"Year 1 May 27 8:00 PM","4.20529680052266"
"Year 1 May 27 9:00 PM","0"
"Year 1 May 27 10:00 PM","0"
"Year 1 May 27 11:00 PM","0"
"Year 1 May 28 12:00 AM","0"
"Year 1 May 28 1:00 AM","0"
"Year 1 May 28 2:00 AM","0"
"Year 1 May 28 3:00 AM","0"
"Year 1 May 28 4:00 AM","0"
"Year 1 May 28 5:00 AM","8.31185312615789"
"Year 1 May 28 6:00 AM","33.0075256426572"
"Year 1 May 28 7:00 AM","51.2592012355845"
"Year 1 May 28 8:00 AM","54.9797490129353"
"Year 1 May 28 9:00 AM","59.1118509389146"
"Year 1 May 28 10:00 AM","67.0053560273857"
"Year 1 May 28 11:00 AM","87.3362807133753"
"Year 1 May 28 12:00 PM","133.579057536559"
"Year 1 May 28 1:00 PM","132.55135750191"
"Year 1 May 28 2:00 PM","175.606595728181"
"Year 1 May 28 3:00 PM","175.390447439648"
"Year 1 May 28 4:00 PM","84.7743530103646"
"Year 1 May 28 5:00 PM","40.4029040551264"
"Year 1 May 28 6:00 PM","24.3613475052962"
"Year 1 May 28 7:00 PM","31.4562432991819"
"Year 1 May 28 8:00 PM","4.49893442186508"
"Year 1 May 28 9:00 PM","0"
"Year 1 May 28 10:00 PM","0"
"Year 1 May 28 11:00 PM","0"
"Year 1 May 29 12:00 AM","0"
"Year 1 May 29 1:00 AM","0"
"Year 1 May 29 2:00 AM","0"
"Year 1 May 29 3:00 AM","0"
"Year 1 May 29 4:00 AM","0"
"Year 1 May 29 5:00 AM","6.15311577938121"
"Year 1 May 29 6:00 AM","24.0361461167138"
"Year 1 May 29 7:00 AM","44.9202144076803"
"Year 1 May 29 8:00 AM","95.042521058518"
"Year 1 May 29 9:00 AM","113.787674429447"
"Year 1 May 29 10:00 AM","102.342023485808"
"Year 1 May 29 11:00 AM","69.5571530953163"
"Year 1 May 29 12:00 PM","88.0089478747723"
"Year 1 May 29 1:00 PM","153.300929679308"
"Year 1 May 29 2:00 PM","112.63654627225"
"Year 1 May 29 3:00 PM","104.21231246416"
"Year 1 May 29 4:00 PM","196.571031240893"
"Year 1 May 29 5:00 PM","156.451299220773"
"Year 1 May 29 6:00 PM","121.82319480286"
"Year 1 May 29 7:00 PM","64.2763037931453"
"Year 1 May 29 8:00 PM","4.05773526831377"
"Year 1 May 29 9:00 PM","0"
"Year 1 May 29 10:00 PM","0"
"Year 1 May 29 11:00 PM","0"
"Year 1 May 30 12:00 AM","0"
"Year 1 May 30 1:00 AM","0"
"Year 1 May 30 2:00 AM","0"
"Year 1 May 30 3:00 AM","0"
"Year 1 May 30 4:00 AM","0"
"Year 1 May 30 5:00 AM","6.65604135801316"
"Year 1 May 30 6:00 AM","20.8532850249442"
"Year 1 May 30 7:00 AM","41.1606741453213"
"Year 1 May 30 8:00 AM","82.617457634997"
"Year 1 May 30 9:00 AM","116.926465419877"
"Year 1 May 30 10:00 AM","128.643147286488"
"Year 1 May 30 11:00 AM","75.4545173534938"
"Year 1 May 30 12:00 PM","69.0266676126037"
"Year 1 May 30 1:00 PM","119.217026613312"
"Year 1 May 30 2:00 PM","157.636652071335"
"Year 1 May 30 3:00 PM","184.216710720863"
"Year 1 May 30 4:00 PM","182.986329440638"
"Year 1 May 30 5:00 PM","161.596145505747"
"Year 1 May 30 6:00 PM","127.267689995997"
"Year 1 May 30 7:00 PM","86.4668958671541"
"Year 1 May 30 8:00 PM","5.25397092416156"
"Year 1 May 30 9:00 PM","0"
"Year 1 May 30 10:00 PM","0"
"Year 1 May 30 11:00 PM","0"
"Year 1 May 31 12:00 AM","0"
"Year 1 May 31 1:00 AM","0"
"Year 1 May 31 2:00 AM","0"
"Year 1 May 31 3:00 AM","0"
"Year 1 May 31 4:00 AM","0"
"Year 1 May 31 5:00 AM","7.78861052345834"
"Year 1 May 31 6:00 AM","31.2921285183702"
"Year 1 May 31 7:00 AM","51.186533388856"
"Year 1 May 31 8:00 AM","66.9474042057361"
"Year 1 May 31 9:00 AM","73.2338982423157"
"Year 1 May 31 10:00 AM","72.1478045187791"
"Year 1 May 31 11:00 AM","68.041508505053"
"Year 1 May 31 12:00 PM","66.5364295180956"
"Year 1 May 31 1:00 PM","104.792531306803"
"Year 1 May 31 2:00 PM","163.592577688966"
"Year 1 May 31 3:00 PM","195.577055667293"
"Year 1 May 31 4:00 PM","222.773520138011"
"Year 1 May 31 5:00 PM","175.68243738449"
"Year 1 May 31 6:00 PM","68.5929269301075"
"Year 1 May 31 7:00 PM","34.5092192759891"
"Year 1 May 31 8:00 PM","3.74423899234931"
"Year 1 May 31 9:00 PM","0"
"Year 1 May 31 10:00 PM","0"
"Year 1 May 31 11:00 PM","0"
"Year 1 Jun 01 12:00 AM","0"
"Year 1 Jun 01 1:00 AM","0"
"Year 1 Jun 01 2:00 AM","0"
"Year 1 Jun 01 3:00 AM","0"
"Year 1 Jun 01 4:00 AM","0"
"Year 1 Jun 01 5:00 AM","5.52270494103155"
"Year 1 Jun 01 6:00 AM","22.1989203718614"
"Year 1 Jun 01 7:00 AM","49.4585823339549"
"Year 1 Jun 01 8:00 AM","84.100400218556"
"Year 1 Jun 01 9:00 AM","62.0193739634785"
"Year 1 Jun 01 10:00 AM","57.9608912352384"
"Year 1 Jun 01 11:00 AM","51.6475929408521"
"Year 1 Jun 01 12:00 PM","57.6497849818691"
"Year 1 Jun 01 1:00 PM","94.0146191820319"
"Year 1 Jun 01 2:00 PM","137.953216479102"
"Year 1 Jun 01 3:00 PM","126.39335871455"
"Year 1 Jun 01 4:00 PM","127.777892843603"
"Year 1 Jun 01 5:00 PM","116.531257779132"
"Year 1 Jun 01 6:00 PM","105.767458252009"
"Year 1 Jun 01 7:00 PM","84.1491610246182"
"Year 1 Jun 01 8:00 PM","5.58557134673473"
"Year 1 Jun 01 9:00 PM","0"
"Year 1 Jun 01 10:00 PM","0"
"Year 1 Jun 01 11:00 PM","0"
"Year 1 Jun 02 12:00 AM","0"
"Year 1 Jun 02 1:00 AM","0"
"Year 1 Jun 02 2:00 AM","0"
"Year 1 Jun 02 3:00 AM","0"
"Year 1 Jun 02 4:00 AM","0"
"Year 1 Jun 02 5:00 AM","8.82580090518918"
"Year 1 Jun 02 6:00 AM","33.3048219291231"
"Year 1 Jun 02 7:00 AM","46.3984565147452"
"Year 1 Jun 02 8:00 AM","61.3227342534989"
"Year 1 Jun 02 9:00 AM","75.7927339519056"
"Year 1 Jun 02 10:00 AM","72.8086306336528"
"Year 1 Jun 02 11:00 AM","83.5661672706937"
"Year 1 Jun 02 12:00 PM","97.9775619912692"
"Year 1 Jun 02 1:00 PM","119.960093681589"
"Year 1 Jun 02 2:00 PM","173.32648769784"
"Year 1 Jun 02 3:00 PM","154.764348469575"
"Year 1 Jun 02 4:00 PM","123.734996625957"
"Year 1 Jun 02 5:00 PM","100.030145285305"
"Year 1 Jun 02 6:00 PM","103.876591071166"
"Year 1 Jun 02 7:00 PM","72.2128358779833"
"Year 1 Jun 02 8:00 PM","6.02466185855569"
"Year 1 Jun 02 9:00 PM","0"
"Year 1 Jun 02 10:00 PM","0"
"Year 1 Jun 02 11:00 PM","0"
"Year 1 Jun 03 12:00 AM","0"
"Year 1 Jun 03 1:00 AM","0"
"Year 1 Jun 03 2:00 AM","0"
"Year 1 Jun 03 3:00 AM","0"
"Year 1 Jun 03 4:00 AM","0"
"Year 1 Jun 03 5:00 AM","7.6343738577963"
"Year 1 Jun 03 6:00 AM","24.2040647970591"
"Year 1 Jun 03 7:00 AM","36.0283731589194"
"Year 1 Jun 03 8:00 AM","42.6141914485299"
"Year 1 Jun 03 9:00 AM","47.1436783726223"
"Year 1 Jun 03 10:00 AM","46.2103543489986"
"Year 1 Jun 03 11:00 AM","44.115392027908"
"Year 1 Jun 03 12:00 PM","50.42064574196"
"Year 1 Jun 03 1:00 PM","92.9881301008344"
"Year 1 Jun 03 2:00 PM","137.694266721734"
"Year 1 Jun 03 3:00 PM","181.90453437805"
"Year 1 Jun 03 4:00 PM","162.810368268284"
"Year 1 Jun 03 5:00 PM","145.714568257984"
"Year 1 Jun 03 6:00 PM","124.760089926943"
"Year 1 Jun 03 7:00 PM","88.2649712329069"
"Year 1 Jun 03 8:00 PM","6.18424289500717"
"Year 1 Jun 03 9:00 PM","0"
"Year 1 Jun 03 10:00 PM","0"
"Year 1 Jun 03 11:00 PM","0"
"Year 1 Jun 04 12:00 AM","0"
"Year 1 Jun 04 1:00 AM","0"
"Year 1 Jun 04 2:00 AM","0"
"Year 1 Jun 04 3:00 AM","0"
"Year 1 Jun 04 4:00 AM","0"
"Year 1 Jun 04 5:00 AM","7.98863525736267"
"Year 1 Jun 04 6:00 AM","30.7566937938537"
"Year 1 Jun 04 7:00 AM","49.3498790844137"
"Year 1 Jun 04 8:00 AM","65.4440708771776"
"Year 1 Jun 04 9:00 AM","70.8577252123973"
"Year 1 Jun 04 10:00 AM","72.8230463765748"
"Year 1 Jun 04 11:00 AM","78.6789382184955"
"Year 1 Jun 04 12:00 PM","87.8194003075484"
"Year 1 Jun 04 1:00 PM","140.830515328934"
"Year 1 Jun 04 2:00 PM","178.84375606247"
"Year 1 Jun 04 3:00 PM","215.677856271982"
"Year 1 Jun 04 4:00 PM","197.243215476913"
"Year 1 Jun 04 5:00 PM","112.372703690409"
"Year 1 Jun 04 6:00 PM","84.7451472847721"
"Year 1 Jun 04 7:00 PM","44.1132903071918"
"Year 1 Jun 04 8:00 PM","4.34796604645973"
"Year 1 Jun 04 9:00 PM","0"
"Year 1 Jun 04 10:00 PM","0"
"Year 1 Jun 04 11:00 PM","0"
"Year 1 Jun 05 12:00 AM","0"
"Year 1 Jun 05 1:00 AM","0"
"Year 1 Jun 05 2:00 AM","0"
"Year 1 Jun 05 3:00 AM","0"
"Year 1 Jun 05 4:00 AM","0"
"Year 1 Jun 05 5:00 AM","7.75210475143468"
"Year 1 Jun 05 6:00 AM","26.7228991698497"
"Year 1 Jun 05 7:00 AM","39.2666428936475"
"Year 1 Jun 05 8:00 AM","63.1401385827709"
"Year 1 Jun 05 9:00 AM","70.7081779409623"
"Year 1 Jun 05 10:00 AM","63.8346035887604"
"Year 1 Jun 05 11:00 AM","45.067411158031"
"Year 1 Jun 05 12:00 PM","57.5544626335885"
"Year 1 Jun 05 1:00 PM","137.301630877987"
"Year 1 Jun 05 2:00 PM","148.459093578361"
"Year 1 Jun 05 3:00 PM","96.0036636153165"
"Year 1 Jun 05 4:00 PM","91.918783620543"
"Year 1 Jun 05 5:00 PM","101.976571295602"
"Year 1 Jun 05 6:00 PM","94.2044442215717"
"Year 1 Jun 05 7:00 PM","83.4542544980362"
"Year 1 Jun 05 8:00 PM","5.50441249297592"
"Year 1 Jun 05 9:00 PM","0"
"Year 1 Jun 05 10:00 PM","0"
"Year 1 Jun 05 11:00 PM","0"
"Year 1 Jun 06 12:00 AM","0"
"Year 1 Jun 06 1:00 AM","0"
"Year 1 Jun 06 2:00 AM","0"
"Year 1 Jun 06 3:00 AM","0"
"Year 1 Jun 06 4:00 AM","0"
"Year 1 Jun 06 5:00 AM","7.30053803929549"
"Year 1 Jun 06 6:00 AM","22.2809338293515"
"Year 1 Jun 06 7:00 AM","35.1402476494502"
"Year 1 Jun 06 8:00 AM","45.4936437514439"
"Year 1 Jun 06 9:00 AM","57.5794060874347"
"Year 1 Jun 06 10:00 AM","55.5400729376715"
"Year 1 Jun 06 11:00 AM","47.0572017754024"
"Year 1 Jun 06 12:00 PM","65.4162301596613"
"Year 1 Jun 06 1:00 PM","90.2415156466145"
"Year 1 Jun 06 2:00 PM","123.488700597061"
"Year 1 Jun 06 3:00 PM","128.210390415633"
"Year 1 Jun 06 4:00 PM","161.103597174388"
"Year 1 Jun 06 5:00 PM","147.224821334357"
"Year 1 Jun 06 6:00 PM","130.578374622627"
"Year 1 Jun 06 7:00 PM","87.0896474164933"
"Year 1 Jun 06 8:00 PM","6.54877538034654"
"Year 1 Jun 06 9:00 PM","0"
"Year 1 Jun 06 10:00 PM","0"
"Year 1 Jun 06 11:00 PM","0"
"Year 1 Jun 07 12:00 AM","0"
"Year 1 Jun 07 1:00 AM","0"
"Year 1 Jun 07 2:00 AM","0"
"Year 1 Jun 07 3:00 AM","0"
"Year 1 Jun 07 4:00 AM","0"
"Year 1 Jun 07 5:00 AM","8.81392092740125"
"Year 1 Jun 07 6:00 AM","34.062729430848"
"Year 1 Jun 07 7:00 AM","52.9314226262831"
"Year 1 Jun 07 8:00 AM","60.8331760876668"
"Year 1 Jun 07 9:00 AM","79.8039185698644"
"Year 1 Jun 07 10:00 AM","118.766270420304"
"Year 1 Jun 07 11:00 AM","89.3671348335312"
"Year 1 Jun 07 12:00 PM","97.5214734629261"
"Year 1 Jun 07 1:00 PM","140.370696048762"
"Year 1 Jun 07 2:00 PM","107.076406977207"
"Year 1 Jun 07 3:00 PM","137.458084249715"
"Year 1 Jun 07 4:00 PM","196.377730953965"
"Year 1 Jun 07 5:00 PM","191.84376041173"
"Year 1 Jun 07 6:00 PM","119.739420234021"
"Year 1 Jun 07 7:00 PM","66.3736841523933"
"Year 1 Jun 07 8:00 PM","5.54611365424927"
"Year 1 Jun 07 9:00 PM","0"
"Year 1 Jun 07 10:00 PM","0"
"Year 1 Jun 07 11:00 PM","0"
"Year 1 Jun 08 12:00 AM","0"
"Year 1 Jun 08 1:00 AM","0"
"Year 1 Jun 08 2:00 AM","0"
"Year 1 Jun 08 3:00 AM","0"
"Year 1 Jun 08 4:00 AM","0"
"Year 1 Jun 08 5:00 AM","7.29513226209602"
"Year 1 Jun 08 6:00 AM","27.0159407090042"
"Year 1 Jun 08 7:00 AM","39.9369051824351"
"Year 1 Jun 08 8:00 AM","54.8576558689831"
"Year 1 Jun 08 9:00 AM","56.9859569803685"
"Year 1 Jun 08 10:00 AM","67.9282716289813"
"Year 1 Jun 08 11:00 AM","97.4112602848461"
"Year 1 Jun 08 12:00 PM","109.008879590999"
"Year 1 Jun 08 1:00 PM","153.367892707271"
"Year 1 Jun 08 2:00 PM","140.062516783402"
"Year 1 Jun 08 3:00 PM","77.961608845306"
"Year 1 Jun 08 4:00 PM","59.6997635608152"
"Year 1 Jun 08 5:00 PM","92.2008138199345"
"Year 1 Jun 08 6:00 PM","31.548019377429"
"Year 1 Jun 08 7:00 PM","9.04500104567662"
"Year 1 Jun 08 8:00 PM","0.625642893286139"
"Year 1 Jun 08 9:00 PM","0"
"Year 1 Jun 08 10:00 PM","0"
"Year 1 Jun 08 11:00 PM","0"
"Year 1 Jun 09 12:00 AM","0"
"Year 1 Jun 09 1:00 AM","0"
"Year 1 Jun 09 2:00 AM","0"
"Year 1 Jun 09 3:00 AM","0"
"Year 1 Jun 09 4:00 AM","0"
"Year 1 Jun 09 5:00 AM","7.02846425103523"
"Year 1 Jun 09 6:00 AM","27.8690395797061"
"Year 1 Jun 09 7:00 AM","59.9612166381054"
"Year 1 Jun 09 8:00 AM","99.8971213213081"
"Year 1 Jun 09 9:00 AM","122.195733352833"
"Year 1 Jun 09 10:00 AM","117.484481410581"
"Year 1 Jun 09 11:00 AM","128.859058065596"
"Year 1 Jun 09 12:00 PM","150.186518077697"
"Year 1 Jun 09 1:00 PM","151.126513645948"
"Year 1 Jun 09 2:00 PM","160.838818354049"
"Year 1 Jun 09 3:00 PM","208.144033501328"
"Year 1 Jun 09 4:00 PM","197.618005492567"
"Year 1 Jun 09 5:00 PM","159.213408461634"
"Year 1 Jun 09 6:00 PM","104.639085907326"
"Year 1 Jun 09 7:00 PM","16.0363904240177"
"Year 1 Jun 09 8:00 PM","0.625244937505945"
"Year 1 Jun 09 9:00 PM","0"
"Year 1 Jun 09 10:00 PM","0"
"Year 1 Jun 09 11:00 PM","0"
"Year 1 Jun 10 12:00 AM","0"
"Year 1 Jun 10 1:00 AM","0"
"Year 1 Jun 10 2:00 AM","0"
"Year 1 Jun 10 3:00 AM","0"
"Year 1 Jun 10 4:00 AM","0"
"Year 1 Jun 10 5:00 AM","6.68668200309454"
"Year 1 Jun 10 6:00 AM","27.1514704306003"
"Year 1 Jun 10 7:00 AM","44.4983554417487"
"Year 1 Jun 10 8:00 AM","74.8225447815009"
"Year 1 Jun 10 9:00 AM","101.818635370583"
"Year 1 Jun 10 10:00 AM","122.234730852834"
"Year 1 Jun 10 11:00 AM","136.822872404688"
"Year 1 Jun 10 12:00 PM","146.547140969667"
"Year 1 Jun 10 1:00 PM","162.59019757092"
"Year 1 Jun 10 2:00 PM","171.174540616571"
"Year 1 Jun 10 3:00 PM","177.003615091437"
"Year 1 Jun 10 4:00 PM","99.104552012839"
"Year 1 Jun 10 5:00 PM","126.906806093444"
"Year 1 Jun 10 6:00 PM","91.8048800054101"
"Year 1 Jun 10 7:00 PM","34.8627516919801"
"Year 1 Jun 10 8:00 PM","7.02409044579128"
"Year 1 Jun 10 9:00 PM","0"
"Year 1 Jun 10 10:00 PM","0"
"Year 1 Jun 10 11:00 PM","0"
"Year 1 Jun 11 12:00 AM","0"
"Year 1 Jun 11 1:00 AM","0"
"Year 1 Jun 11 2:00 AM","0"
"Year 1 Jun 11 3:00 AM","0"
"Year 1 Jun 11 4:00 AM","0"
"Year 1 Jun 11 5:00 AM","8.63738019167146"
"Year 1 Jun 11 6:00 AM","33.634274812415"
"Year 1 Jun 11 7:00 AM","57.505380007933"
"Year 1 Jun 11 8:00 AM","74.5380919859615"
"Year 1 Jun 11 9:00 AM","83.5643178525851"
"Year 1 Jun 11 10:00 AM","84.0572736602513"
"Year 1 Jun 11 11:00 AM","78.907002467572"
"Year 1 Jun 11 12:00 PM","76.0042405715632"
"Year 1 Jun 11 1:00 PM","125.240077212597"
"Year 1 Jun 11 2:00 PM","208.351993624223"
"Year 1 Jun 11 3:00 PM","234.867278014748"
"Year 1 Jun 11 4:00 PM","205.725781103859"
"Year 1 Jun 11 5:00 PM","175.690772774844"
"Year 1 Jun 11 6:00 PM","121.898255155727"
"Year 1 Jun 11 7:00 PM","54.3630737216635"
"Year 1 Jun 11 8:00 PM","5.74228527662485"
"Year 1 Jun 11 9:00 PM","0"
"Year 1 Jun 11 10:00 PM","0"
"Year 1 Jun 11 11:00 PM","0"
"Year 1 Jun 12 12:00 AM","0"
"Year 1 Jun 12 1:00 AM","0"
"Year 1 Jun 12 2:00 AM","0"
"Year 1 Jun 12 3:00 AM","0"
"Year 1 Jun 12 4:00 AM","0"
"Year 1 Jun 12 5:00 AM","8.10886445543471"
"Year 1 Jun 12 6:00 AM","27.5328237369521"
"Year 1 Jun 12 7:00 AM","39.6303660874916"
"Year 1 Jun 12 8:00 AM","48.5093793061836"
"Year 1 Jun 12 9:00 AM","60.7687437777086"
"Year 1 Jun 12 10:00 AM","81.9641277251796"
"Year 1 Jun 12 11:00 AM","105.69320896876"
"Year 1 Jun 12 12:00 PM","107.63200825345"
"Year 1 Jun 12 1:00 PM","145.284704158258"
"Year 1 Jun 12 2:00 PM","194.637469772165"
"Year 1 Jun 12 3:00 PM","203.792287482424"
"Year 1 Jun 12 4:00 PM","207.155185784046"
"Year 1 Jun 12 5:00 PM","156.044407594418"
"Year 1 Jun 12 6:00 PM","100.924819968989"
"Year 1 Jun 12 7:00 PM","72.585330560001"
"Year 1 Jun 12 8:00 PM","7.91328274519932"
"Year 1 Jun 12 9:00 PM","0"
"Year 1 Jun 12 10:00 PM","0"
"Year 1 Jun 12 11:00 PM","0"
"Year 1 Jun 13 12:00 AM","0"
"Year 1 Jun 13 1:00 AM","0"
"Year 1 Jun 13 2:00 AM","0"
"Year 1 Jun 13 3:00 AM","0"
"Year 1 Jun 13 4:00 AM","0"
"Year 1 Jun 13 5:00 AM","7.04266714880239"
"Year 1 Jun 13 6:00 AM","32.5472001528117"
"Year 1 Jun 13 7:00 AM","60.3844952663577"
"Year 1 Jun 13 8:00 AM","65.7731834412821"
"Year 1 Jun 13 9:00 AM","87.8001776311259"
"Year 1 Jun 13 10:00 AM","109.952820912937"
"Year 1 Jun 13 11:00 AM","110.554136044699"
"Year 1 Jun 13 12:00 PM","121.880533863801"
"Year 1 Jun 13 1:00 PM","142.092672471516"
"Year 1 Jun 13 2:00 PM","144.167834594331"
"Year 1 Jun 13 3:00 PM","198.143510140519"
"Year 1 Jun 13 4:00 PM","195.390600220005"
"Year 1 Jun 13 5:00 PM","183.406195168432"
"Year 1 Jun 13 6:00 PM","135.174785621241"
"Year 1 Jun 13 7:00 PM","88.2029872643791"
"Year 1 Jun 13 8:00 PM","12.2931516339573"
"Year 1 Jun 13 9:00 PM","0"
"Year 1 Jun 13 10:00 PM","0"
"Year 1 Jun 13 11:00 PM","0"
"Year 1 Jun 14 12:00 AM","0"
"Year 1 Jun 14 1:00 AM","0"
"Year 1 Jun 14 2:00 AM","0"
"Year 1 Jun 14 3:00 AM","0"
"Year 1 Jun 14 4:00 AM","0"
"Year 1 Jun 14 5:00 AM","8.95280699895028"
"Year 1 Jun 14 6:00 AM","36.6213356876051"
"Year 1 Jun 14 7:00 AM","63.129549329782"
"Year 1 Jun 14 8:00 AM","90.9878744808608"
"Year 1 Jun 14 9:00 AM","113.945379988469"
"Year 1 Jun 14 10:00 AM","117.581598989277"
"Year 1 Jun 14 11:00 AM","123.802076084935"
"Year 1 Jun 14 12:00 PM","117.722124130194"
"Year 1 Jun 14 1:00 PM","146.128288594592"
"Year 1 Jun 14 2:00 PM","199.916672118223"
"Year 1 Jun 14 3:00 PM","221.678912947057"
"Year 1 Jun 14 4:00 PM","222.68562266766"
"Year 1 Jun 14 5:00 PM","178.586391368394"
"Year 1 Jun 14 6:00 PM","137.460543863986"
"Year 1 Jun 14 7:00 PM","60.8265993330143"
"Year 1 Jun 14 8:00 PM","7.95296447234125"
"Year 1 Jun 14 9:00 PM","0"
"Year 1 Jun 14 10:00 PM","0"
"Year 1 Jun 14 11:00 PM","0"
"Year 1 Jun 15 12:00 AM","0"
"Year 1 Jun 15 1:00 AM","0"
"Year 1 Jun 15 2:00 AM","0"
"Year 1 Jun 15 3:00 AM","0"
"Year 1 Jun 15 4:00 AM","0"
"Year 1 Jun 15 5:00 AM","8.51821233973532"
"Year 1 Jun 15 6:00 AM","31.1535002781814"
"Year 1 Jun 15 7:00 AM","49.1088373169801"
"Year 1 Jun 15 8:00 AM","62.5046803994584"
"Year 1 Jun 15 9:00 AM","66.6340929488254"
"Year 1 Jun 15 10:00 AM","65.4808903091686"
"Year 1 Jun 15 11:00 AM","61.2755379487734"
"Year 1 Jun 15 12:00 PM","59.463687825103"
"Year 1 Jun 15 1:00 PM","89.9880047597417"
"Year 1 Jun 15 2:00 PM","128.763375111265"
"Year 1 Jun 15 3:00 PM","156.544140626798"
"Year 1 Jun 15 4:00 PM","171.39587369127"
"Year 1 Jun 15 5:00 PM","163.343375410826"
"Year 1 Jun 15 6:00 PM","124.181736790886"
"Year 1 Jun 15 7:00 PM","68.2453743580794"
"Year 1 Jun 15 8:00 PM","7.48925195472706"
"Year 1 Jun 15 9:00 PM","0"
"Year 1 Jun 15 10:00 PM","0"
"Year 1 Jun 15 11:00 PM","0"
"Year 1 Jun 16 12:00 AM","0"
"Year 1 Jun 16 1:00 AM","0"
"Year 1 Jun 16 2:00 AM","0"
"Year 1 Jun 16 3:00 AM","0"
"Year 1 Jun 16 4:00 AM","0"
"Year 1 Jun 16 5:00 AM","8.84048119082875"
"Year 1 Jun 16 6:00 AM","32.4769591151107"
"Year 1 Jun 16 7:00 AM","53.9840402106175"
"Year 1 Jun 16 8:00 AM","73.8896316806032"
"Year 1 Jun 16 9:00 AM","95.678095619372"
"Year 1 Jun 16 10:00 AM","91.5820949161204"
"Year 1 Jun 16 11:00 AM","80.9813757570579"
"Year 1 Jun 16 12:00 PM","81.6294877519962"
"Year 1 Jun 16 1:00 PM","118.990535252168"
"Year 1 Jun 16 2:00 PM","166.658349461948"
"Year 1 Jun 16 3:00 PM","205.946155813289"
"Year 1 Jun 16 4:00 PM","206.998435809284"
"Year 1 Jun 16 5:00 PM","185.351183381248"
"Year 1 Jun 16 6:00 PM","115.161535728284"
"Year 1 Jun 16 7:00 PM","45.6756756777273"
"Year 1 Jun 16 8:00 PM","7.03990455931339"
"Year 1 Jun 16 9:00 PM","0"
"Year 1 Jun 16 10:00 PM","0"
"Year 1 Jun 16 11:00 PM","0"
"Year 1 Jun 17 12:00 AM","0"
"Year 1 Jun 17 1:00 AM","0"
"Year 1 Jun 17 2:00 AM","0"
"Year 1 Jun 17 3:00 AM","0"
"Year 1 Jun 17 4:00 AM","0"
"Year 1 Jun 17 5:00 AM","7.54667388475605"
"Year 1 Jun 17 6:00 AM","25.9555401585926"
"Year 1 Jun 17 7:00 AM","51.6056807771758"
"Year 1 Jun 17 8:00 AM","64.9183756278751"
"Year 1 Jun 17 9:00 AM","95.7730361366226"
"Year 1 Jun 17 10:00 AM","134.516724955904"
"Year 1 Jun 17 11:00 AM","116.771068683022"
"Year 1 Jun 17 12:00 PM","87.8197663327636"
"Year 1 Jun 17 1:00 PM","113.096044855914"
"Year 1 Jun 17 2:00 PM","186.6466802277"
"Year 1 Jun 17 3:00 PM","202.143698329206"
"Year 1 Jun 17 4:00 PM","187.795107717462"
"Year 1 Jun 17 5:00 PM","77.5115315935516"
"Year 1 Jun 17 6:00 PM","132.502899891021"
"Year 1 Jun 17 7:00 PM","73.7303559602313"
"Year 1 Jun 17 8:00 PM","7.90646251050672"
"Year 1 Jun 17 9:00 PM","0"
"Year 1 Jun 17 10:00 PM","0"
"Year 1 Jun 17 11:00 PM","0"
"Year 1 Jun 18 12:00 AM","0"
"Year 1 Jun 18 1:00 AM","0"
"Year 1 Jun 18 2:00 AM","0"
"Year 1 Jun 18 3:00 AM","0"
"Year 1 Jun 18 4:00 AM","0"
"Year 1 Jun 18 5:00 AM","6.92019925730719"
"Year 1 Jun 18 6:00 AM","29.7572795862721"
"Year 1 Jun 18 7:00 AM","64.5999131068065"
"Year 1 Jun 18 8:00 AM","73.1859917894245"
"Year 1 Jun 18 9:00 AM","82.394589581425"
"Year 1 Jun 18 10:00 AM","111.82995670126"
"Year 1 Jun 18 11:00 AM","91.173502962214"
"Year 1 Jun 18 12:00 PM","108.260847202912"
"Year 1 Jun 18 1:00 PM","148.702456557231"
"Year 1 Jun 18 2:00 PM","184.109472563438"
"Year 1 Jun 18 3:00 PM","225.963651034241"
"Year 1 Jun 18 4:00 PM","224.169004119892"
"Year 1 Jun 18 5:00 PM","183.019539135069"
"Year 1 Jun 18 6:00 PM","65.7407208039073"
"Year 1 Jun 18 7:00 PM","46.4986350874315"
"Year 1 Jun 18 8:00 PM","8.84846727958504"
"Year 1 Jun 18 9:00 PM","0"
"Year 1 Jun 18 10:00 PM","0"
"Year 1 Jun 18 11:00 PM","0"
"Year 1 Jun 19 12:00 AM","0"
"Year 1 Jun 19 1:00 AM","0"
"Year 1 Jun 19 2:00 AM","0"
"Year 1 Jun 19 3:00 AM","0"
"Year 1 Jun 19 4:00 AM","0"
"Year 1 Jun 19 5:00 AM","7.09262224248271"
"Year 1 Jun 19 6:00 AM","28.3308919129095"
"Year 1 Jun 19 7:00 AM","59.9723847830975"
"Year 1 Jun 19 8:00 AM","81.1528559994992"
"Year 1 Jun 19 9:00 AM","90.2405676882096"
"Year 1 Jun 19 10:00 AM","113.380263272432"
"Year 1 Jun 19 11:00 AM","115.770055000282"
"Year 1 Jun 19 12:00 PM","143.000318949905"
"Year 1 Jun 19 1:00 PM","169.825108750021"
"Year 1 Jun 19 2:00 PM","206.64533166218"
"Year 1 Jun 19 3:00 PM","224.338389843698"
"Year 1 Jun 19 4:00 PM","223.547578972051"
"Year 1 Jun 19 5:00 PM","129.125997340156"
"Year 1 Jun 19 6:00 PM","112.176008322792"
"Year 1 Jun 19 7:00 PM","59.2087349173123"
"Year 1 Jun 19 8:00 PM","7.0804688925346"
"Year 1 Jun 19 9:00 PM","0"
"Year 1 Jun 19 10:00 PM","0"
"Year 1 Jun 19 11:00 PM","0"
"Year 1 Jun 20 12:00 AM","0"
"Year 1 Jun 20 1:00 AM","0"
"Year 1 Jun 20 2:00 AM","0"
"Year 1 Jun 20 3:00 AM","0"
"Year 1 Jun 20 4:00 AM","0"
"Year 1 Jun 20 5:00 AM","7.49494172927163"
"Year 1 Jun 20 6:00 AM","33.5584316611968"
"Year 1 Jun 20 7:00 AM","67.8080186757543"
"Year 1 Jun 20 8:00 AM","91.5597147664613"
"Year 1 Jun 20 9:00 AM","107.60909306184"
"Year 1 Jun 20 10:00 AM","117.170863172162"
"Year 1 Jun 20 11:00 AM","122.060947911218"
"Year 1 Jun 20 12:00 PM","102.063902553108"
"Year 1 Jun 20 1:00 PM","135.185382460485"
"Year 1 Jun 20 2:00 PM","186.597468774845"
"Year 1 Jun 20 3:00 PM","201.399202904787"
"Year 1 Jun 20 4:00 PM","180.591912136395"
"Year 1 Jun 20 5:00 PM","147.343617880455"
"Year 1 Jun 20 6:00 PM","98.2671597013913"
"Year 1 Jun 20 7:00 PM","34.9986297477274"
"Year 1 Jun 20 8:00 PM","5.39451510133493"
"Year 1 Jun 20 9:00 PM","0"
"Year 1 Jun 20 10:00 PM","0"
"Year 1 Jun 20 11:00 PM","0"
"Year 1 Jun 21 12:00 AM","0"
"Year 1 Jun 21 1:00 AM","0"
"Year 1 Jun 21 2:00 AM","0"
"Year 1 Jun 21 3:00 AM","0"
"Year 1 Jun 21 4:00 AM","0"
"Year 1 Jun 21 5:00 AM","8.31416664395508"
"Year 1 Jun 21 6:00 AM","30.9348236746445"
"Year 1 Jun 21 7:00 AM","48.84752091577"
"Year 1 Jun 21 8:00 AM","63.0440853180446"
"Year 1 Jun 21 9:00 AM","67.4057103231351"
"Year 1 Jun 21 10:00 AM","65.7444142351128"
"Year 1 Jun 21 11:00 AM","59.8973687365526"
"Year 1 Jun 21 12:00 PM","58.5469926457626"
"Year 1 Jun 21 1:00 PM","88.2804916674307"
"Year 1 Jun 21 2:00 PM","140.147312424565"
"Year 1 Jun 21 3:00 PM","181.123548923021"
"Year 1 Jun 21 4:00 PM","187.317016019296"
"Year 1 Jun 21 5:00 PM","158.77599166746"
"Year 1 Jun 21 6:00 PM","129.976575880309"
"Year 1 Jun 21 7:00 PM","80.0796964543676"
"Year 1 Jun 21 8:00 PM","12.72207860685"
"Year 1 Jun 21 9:00 PM","0"
"Year 1 Jun 21 10:00 PM","0"
"Year 1 Jun 21 11:00 PM","0"
"Year 1 Jun 22 12:00 AM","0"
"Year 1 Jun 22 1:00 AM","0"
"Year 1 Jun 22 2:00 AM","0"
"Year 1 Jun 22 3:00 AM","0"
"Year 1 Jun 22 4:00 AM","0"
"Year 1 Jun 22 5:00 AM","8.48836521174329"
"Year 1 Jun 22 6:00 AM","30.912868674555"
"Year 1 Jun 22 7:00 AM","52.7491853557974"
"Year 1 Jun 22 8:00 AM","75.8026166676255"
"Year 1 Jun 22 9:00 AM","90.6896412621437"
"Year 1 Jun 22 10:00 AM","79.3538021880234"
"Year 1 Jun 22 11:00 AM","54.0427425537101"
"Year 1 Jun 22 12:00 PM","44.2824989603921"
"Year 1 Jun 22 1:00 PM","72.6409442427318"
"Year 1 Jun 22 2:00 PM","93.2524792968539"
"Year 1 Jun 22 3:00 PM","165.877991603978"
"Year 1 Jun 22 4:00 PM","174.572431620757"
"Year 1 Jun 22 5:00 PM","154.095199771837"
"Year 1 Jun 22 6:00 PM","127.317469632169"
"Year 1 Jun 22 7:00 PM","92.0342244974736"
"Year 1 Jun 22 8:00 PM","14.2885920598016"
"Year 1 Jun 22 9:00 PM","0"
"Year 1 Jun 22 10:00 PM","0"
"Year 1 Jun 22 11:00 PM","0"
"Year 1 Jun 23 12:00 AM","0"
"Year 1 Jun 23 1:00 AM","0"
"Year 1 Jun 23 2:00 AM","0"
"Year 1 Jun 23 3:00 AM","0"
"Year 1 Jun 23 4:00 AM","0"
"Year 1 Jun 23 5:00 AM","5.74411918308395"
"Year 1 Jun 23 6:00 AM","22.5561791303509"
"Year 1 Jun 23 7:00 AM","48.6224720229009"
"Year 1 Jun 23 8:00 AM","66.1739011475209"
"Year 1 Jun 23 9:00 AM","93.2287169811121"
"Year 1 Jun 23 10:00 AM","110.00570884555"
"Year 1 Jun 23 11:00 AM","82.7640628097593"
"Year 1 Jun 23 12:00 PM","69.8059080692936"
"Year 1 Jun 23 1:00 PM","116.937113013869"
"Year 1 Jun 23 2:00 PM","183.15005950928"
"Year 1 Jun 23 3:00 PM","189.13581918863"
"Year 1 Jun 23 4:00 PM","216.55418179525"
"Year 1 Jun 23 5:00 PM","154.79081605687"
"Year 1 Jun 23 6:00 PM","73.9744478406461"
"Year 1 Jun 23 7:00 PM","34.971920695899"
"Year 1 Jun 23 8:00 PM","5.13267285586316"
"Year 1 Jun 23 9:00 PM","0"
"Year 1 Jun 23 10:00 PM","0"
"Year 1 Jun 23 11:00 PM","0"
"Year 1 Jun 24 12:00 AM","0"
"Year 1 Jun 24 1:00 AM","0"
"Year 1 Jun 24 2:00 AM","0"
"Year 1 Jun 24 3:00 AM","0"
"Year 1 Jun 24 4:00 AM","0"
"Year 1 Jun 24 5:00 AM","7.20469154284103"
"Year 1 Jun 24 6:00 AM","25.5311388966052"
"Year 1 Jun 24 7:00 AM","36.6972910378686"
"Year 1 Jun 24 8:00 AM","45.8861304250223"
"Year 1 Jun 24 9:00 AM","48.8599649912708"
"Year 1 Jun 24 10:00 AM","49.9494030418491"
"Year 1 Jun 24 11:00 AM","48.3973891359979"
"Year 1 Jun 24 12:00 PM","65.8939796376993"
"Year 1 Jun 24 1:00 PM","54.6328846928531"
"Year 1 Jun 24 2:00 PM","75.8324577473602"
"Year 1 Jun 24 3:00 PM","95.2887860505923"
"Year 1 Jun 24 4:00 PM","115.141961787765"
"Year 1 Jun 24 5:00 PM","114.389114356822"
"Year 1 Jun 24 6:00 PM","109.642652808838"
"Year 1 Jun 24 7:00 PM","92.608482837262"
"Year 1 Jun 24 8:00 PM","14.5064600314794"
"Year 1 Jun 24 9:00 PM","0"
"Year 1 Jun 24 10:00 PM","0"
"Year 1 Jun 24 11:00 PM","0"
"Year 1 Jun 25 12:00 AM","0"
"Year 1 Jun 25 1:00 AM","0"
"Year 1 Jun 25 2:00 AM","0"
"Year 1 Jun 25 3:00 AM","0"
"Year 1 Jun 25 4:00 AM","0"
"Year 1 Jun 25 5:00 AM","7.77734511572799"
"Year 1 Jun 25 6:00 AM","25.9164745931792"
"Year 1 Jun 25 7:00 AM","37.2855885959307"
"Year 1 Jun 25 8:00 AM","47.9301777588731"
"Year 1 Jun 25 9:00 AM","50.7476920945484"
"Year 1 Jun 25 10:00 AM","51.1717726172621"
"Year 1 Jun 25 11:00 AM","54.2135549326226"
"Year 1 Jun 25 12:00 PM","56.0787031752986"
"Year 1 Jun 25 1:00 PM","77.5884438818577"
"Year 1 Jun 25 2:00 PM","99.8864576132848"
"Year 1 Jun 25 3:00 PM","114.342757381007"
"Year 1 Jun 25 4:00 PM","117.353047677912"
"Year 1 Jun 25 5:00 PM","118.815297545296"
"Year 1 Jun 25 6:00 PM","113.067740798276"
"Year 1 Jun 25 7:00 PM","92.7426568028349"
"Year 1 Jun 25 8:00 PM","14.6899262760011"
"Year 1 Jun 25 9:00 PM","0"
"Year 1 Jun 25 10:00 PM","0"
"Year 1 Jun 25 11:00 PM","0"
"Year 1 Jun 26 12:00 AM","0"
"Year 1 Jun 26 1:00 AM","0"
"Year 1 Jun 26 2:00 AM","0"
"Year 1 Jun 26 3:00 AM","0"
"Year 1 Jun 26 4:00 AM","0"
"Year 1 Jun 26 5:00 AM","7.72270960387362"
"Year 1 Jun 26 6:00 AM","27.3233104619561"
"Year 1 Jun 26 7:00 AM","47.0755611363434"
"Year 1 Jun 26 8:00 AM","59.8575655403824"
"Year 1 Jun 26 9:00 AM","46.1154582859448"
"Year 1 Jun 26 10:00 AM","46.3954453275542"
"Year 1 Jun 26 11:00 AM","43.0517386670527"
"Year 1 Jun 26 12:00 PM","52.4776343151438"
"Year 1 Jun 26 1:00 PM","80.0014351795266"
"Year 1 Jun 26 2:00 PM","95.2803810751752"
"Year 1 Jun 26 3:00 PM","79.1055546724055"
"Year 1 Jun 26 4:00 PM","136.94579518206"
"Year 1 Jun 26 5:00 PM","149.964451708174"
"Year 1 Jun 26 6:00 PM","123.238293614371"
"Year 1 Jun 26 7:00 PM","75.5939947453289"
"Year 1 Jun 26 8:00 PM","8.9891947907717"
"Year 1 Jun 26 9:00 PM","0"
"Year 1 Jun 26 10:00 PM","0"
"Year 1 Jun 26 11:00 PM","0"
"Year 1 Jun 27 12:00 AM","0"
"Year 1 Jun 27 1:00 AM","0"
"Year 1 Jun 27 2:00 AM","0"
"Year 1 Jun 27 3:00 AM","0"
"Year 1 Jun 27 4:00 AM","0"
"Year 1 Jun 27 5:00 AM","7.07905490263672"
"Year 1 Jun 27 6:00 AM","32.2450961205273"
"Year 1 Jun 27 7:00 AM","64.8627024886802"
"Year 1 Jun 27 8:00 AM","83.1046905712869"
"Year 1 Jun 27 9:00 AM","109.676960350909"
"Year 1 Jun 27 10:00 AM","123.732811828628"
"Year 1 Jun 27 11:00 AM","138.706437525487"
"Year 1 Jun 27 12:00 PM","128.208319007304"
"Year 1 Jun 27 1:00 PM","135.136730016789"
"Year 1 Jun 27 2:00 PM","196.275917115111"
"Year 1 Jun 27 3:00 PM","222.79532953655"
"Year 1 Jun 27 4:00 PM","220.320777994919"
"Year 1 Jun 27 5:00 PM","179.501919009644"
"Year 1 Jun 27 6:00 PM","130.619681962709"
"Year 1 Jun 27 7:00 PM","70.0348373272886"
"Year 1 Jun 27 8:00 PM","10.0120842456897"
"Year 1 Jun 27 9:00 PM","0"
"Year 1 Jun 27 10:00 PM","0"
"Year 1 Jun 27 11:00 PM","0"
"Year 1 Jun 28 12:00 AM","0"
"Year 1 Jun 28 1:00 AM","0"
"Year 1 Jun 28 2:00 AM","0"
"Year 1 Jun 28 3:00 AM","0"
"Year 1 Jun 28 4:00 AM","0"
"Year 1 Jun 28 5:00 AM","6.95983526702453"
"Year 1 Jun 28 6:00 AM","23.1587036818279"
"Year 1 Jun 28 7:00 AM","36.0992397964494"
"Year 1 Jun 28 8:00 AM","45.5828797068652"
"Year 1 Jun 28 9:00 AM","50.7164904126309"
"Year 1 Jun 28 10:00 AM","65.469393758587"
"Year 1 Jun 28 11:00 AM","74.4638622459578"
"Year 1 Jun 28 12:00 PM","92.9746215625746"
"Year 1 Jun 28 1:00 PM","114.567308796527"
"Year 1 Jun 28 2:00 PM","165.514944099792"
"Year 1 Jun 28 3:00 PM","206.924138936988"
"Year 1 Jun 28 4:00 PM","181.143975943912"
"Year 1 Jun 28 5:00 PM","173.636715524392"
"Year 1 Jun 28 6:00 PM","143.925402351278"
"Year 1 Jun 28 7:00 PM","66.7952721564195"
"Year 1 Jun 28 8:00 PM","5.90152317355708"
"Year 1 Jun 28 9:00 PM","0"
"Year 1 Jun 28 10:00 PM","0"
"Year 1 Jun 28 11:00 PM","0"
"Year 1 Jun 29 12:00 AM","0"
"Year 1 Jun 29 1:00 AM","0"
"Year 1 Jun 29 2:00 AM","0"
"Year 1 Jun 29 3:00 AM","0"
"Year 1 Jun 29 4:00 AM","0"
"Year 1 Jun 29 5:00 AM","3.47036983423828"
"Year 1 Jun 29 6:00 AM","15.67784200198"
"Year 1 Jun 29 7:00 AM","50.2872814541208"
"Year 1 Jun 29 8:00 AM","84.1224357845448"
"Year 1 Jun 29 9:00 AM","105.756759953923"
"Year 1 Jun 29 10:00 AM","113.570904952344"
"Year 1 Jun 29 11:00 AM","129.22541051161"
"Year 1 Jun 29 12:00 PM","93.0296258831757"
"Year 1 Jun 29 1:00 PM","78.1974448590935"
"Year 1 Jun 29 2:00 PM","91.8635683928516"
"Year 1 Jun 29 3:00 PM","95.96997795989"
"Year 1 Jun 29 4:00 PM","121.826180783676"
"Year 1 Jun 29 5:00 PM","101.772984027388"
"Year 1 Jun 29 6:00 PM","55.4567474861856"
"Year 1 Jun 29 7:00 PM","23.625770012166"
"Year 1 Jun 29 8:00 PM","5.37524931147817"
"Year 1 Jun 29 9:00 PM","0"
"Year 1 Jun 29 10:00 PM","0"
"Year 1 Jun 29 11:00 PM","0"
"Year 1 Jun 30 12:00 AM","0"
"Year 1 Jun 30 1:00 AM","0"
"Year 1 Jun 30 2:00 AM","0"
"Year 1 Jun 30 3:00 AM","0"
"Year 1 Jun 30 4:00 AM","0"
"Year 1 Jun 30 5:00 AM","7.38357238085237"
"Year 1 Jun 30 6:00 AM","27.8587696540228"
"Year 1 Jun 30 7:00 AM","43.3000282351996"
"Year 1 Jun 30 8:00 AM","54.0438483264452"
"Year 1 Jun 30 9:00 AM","58.7837724193457"
"Year 1 Jun 30 10:00 AM","63.9367963233717"
"Year 1 Jun 30 11:00 AM","82.5826692999852"
"Year 1 Jun 30 12:00 PM","67.0144602099098"
"Year 1 Jun 30 1:00 PM","123.036375594967"
"Year 1 Jun 30 2:00 PM","174.182325193642"
"Year 1 Jun 30 3:00 PM","196.791123207971"
"Year 1 Jun 30 4:00 PM","147.802177527718"
"Year 1 Jun 30 5:00 PM","143.769597266397"
"Year 1 Jun 30 6:00 PM","52.7748182246447"
"Year 1 Jun 30 7:00 PM","19.0940172986479"
"Year 1 Jun 30 8:00 PM","3.70662602386789"
"Year 1 Jun 30 9:00 PM","0"
"Year 1 Jun 30 10:00 PM","0"
"Year 1 Jun 30 11:00 PM","0"
"Year 1 Jul 01 12:00 AM","0"
"Year 1 Jul 01 1:00 AM","0"
"Year 1 Jul 01 2:00 AM","0"
"Year 1 Jul 01 3:00 AM","0"
"Year 1 Jul 01 4:00 AM","0"
"Year 1 Jul 01 5:00 AM","5.44507979965603"
"Year 1 Jul 01 6:00 AM","25.0540724774838"
"Year 1 Jul 01 7:00 AM","61.3247932326181"
"Year 1 Jul 01 8:00 AM","88.7494490797948"
"Year 1 Jul 01 9:00 AM","116.20862228883"
"Year 1 Jul 01 10:00 AM","138.872877997718"
"Year 1 Jul 01 11:00 AM","159.130266551546"
"Year 1 Jul 01 12:00 PM","163.946439123346"
"Year 1 Jul 01 1:00 PM","181.456147330004"
"Year 1 Jul 01 2:00 PM","184.923596716416"
"Year 1 Jul 01 3:00 PM","173.083887101184"
"Year 1 Jul 01 4:00 PM","87.110897797827"
"Year 1 Jul 01 5:00 PM","67.8881766019248"
"Year 1 Jul 01 6:00 PM","64.8456756070988"
"Year 1 Jul 01 7:00 PM","42.6887848455443"
"Year 1 Jul 01 8:00 PM","9.60883500422329"
"Year 1 Jul 01 9:00 PM","0"
"Year 1 Jul 01 10:00 PM","0"
"Year 1 Jul 01 11:00 PM","0"
"Year 1 Jul 02 12:00 AM","0"
"Year 1 Jul 02 1:00 AM","0"
"Year 1 Jul 02 2:00 AM","0"
"Year 1 Jul 02 3:00 AM","0"
"Year 1 Jul 02 4:00 AM","0"
"Year 1 Jul 02 5:00 AM","7.57458533000785"
"Year 1 Jul 02 6:00 AM","32.3312085810796"
"Year 1 Jul 02 7:00 AM","62.5775532411826"
"Year 1 Jul 02 8:00 AM","94.4466279092156"
"Year 1 Jul 02 9:00 AM","123.140796563959"
"Year 1 Jul 02 10:00 AM","137.015435346895"
"Year 1 Jul 02 11:00 AM","120.539955494726"
"Year 1 Jul 02 12:00 PM","97.5136749656768"
"Year 1 Jul 02 1:00 PM","129.780503300417"
"Year 1 Jul 02 2:00 PM","160.72482980987"
"Year 1 Jul 02 3:00 PM","196.576028809416"
"Year 1 Jul 02 4:00 PM","192.5050967286"
"Year 1 Jul 02 5:00 PM","186.527304834071"
"Year 1 Jul 02 6:00 PM","123.966259744533"
"Year 1 Jul 02 7:00 PM","107.08968163062"
"Year 1 Jul 02 8:00 PM","13.3044890115088"
"Year 1 Jul 02 9:00 PM","0"
"Year 1 Jul 02 10:00 PM","0"
"Year 1 Jul 02 11:00 PM","0"
"Year 1 Jul 03 12:00 AM","0"
"Year 1 Jul 03 1:00 AM","0"
"Year 1 Jul 03 2:00 AM","0"
"Year 1 Jul 03 3:00 AM","0"
"Year 1 Jul 03 4:00 AM","0"
"Year 1 Jul 03 5:00 AM","7.77748606198411"
"Year 1 Jul 03 6:00 AM","30.2859981425668"
"Year 1 Jul 03 7:00 AM","50.3517898719073"
"Year 1 Jul 03 8:00 AM","66.0507166327217"
"Year 1 Jul 03 9:00 AM","72.2805127716814"
"Year 1 Jul 03 10:00 AM","70.3526130850755"
"Year 1 Jul 03 11:00 AM","66.0383579855169"
"Year 1 Jul 03 12:00 PM","63.2124009330647"
"Year 1 Jul 03 1:00 PM","100.323400545846"
"Year 1 Jul 03 2:00 PM","167.178062792671"
"Year 1 Jul 03 3:00 PM","175.718513657002"
"Year 1 Jul 03 4:00 PM","190.790004924646"
"Year 1 Jul 03 5:00 PM","169.909274876357"
"Year 1 Jul 03 6:00 PM","134.640980690086"
"Year 1 Jul 03 7:00 PM","81.8082134779727"
"Year 1 Jul 03 8:00 PM","12.0785776969504"
"Year 1 Jul 03 9:00 PM","0"
"Year 1 Jul 03 10:00 PM","0"
"Year 1 Jul 03 11:00 PM","0"
"Year 1 Jul 04 12:00 AM","0"
"Year 1 Jul 04 1:00 AM","0"
"Year 1 Jul 04 2:00 AM","0"
"Year 1 Jul 04 3:00 AM","0"
"Year 1 Jul 04 4:00 AM","0"
"Year 1 Jul 04 5:00 AM","7.86355124347832"
"Year 1 Jul 04 6:00 AM","30.9258573909896"
"Year 1 Jul 04 7:00 AM","54.1021533789726"
"Year 1 Jul 04 8:00 AM","87.2984316900646"
"Year 1 Jul 04 9:00 AM","96.3086021342148"
"Year 1 Jul 04 10:00 AM","100.06987424178"
"Year 1 Jul 04 11:00 AM","111.377704836852"
"Year 1 Jul 04 12:00 PM","70.3299504078327"
"Year 1 Jul 04 1:00 PM","90.2263312182743"
"Year 1 Jul 04 2:00 PM","153.621060477657"
"Year 1 Jul 04 3:00 PM","180.322210583094"
"Year 1 Jul 04 4:00 PM","182.240801817415"
"Year 1 Jul 04 5:00 PM","164.053301677522"
"Year 1 Jul 04 6:00 PM","130.634959645446"
"Year 1 Jul 04 7:00 PM","69.8352017294671"
"Year 1 Jul 04 8:00 PM","10.3322058266495"
"Year 1 Jul 04 9:00 PM","0"
"Year 1 Jul 04 10:00 PM","0"
"Year 1 Jul 04 11:00 PM","0"
"Year 1 Jul 05 12:00 AM","0"
"Year 1 Jul 05 1:00 AM","0"
"Year 1 Jul 05 2:00 AM","0"
"Year 1 Jul 05 3:00 AM","0"
"Year 1 Jul 05 4:00 AM","0"
"Year 1 Jul 05 5:00 AM","7.2025008081471"
"Year 1 Jul 05 6:00 AM","27.8860568353823"
"Year 1 Jul 05 7:00 AM","39.3623231964092"
"Year 1 Jul 05 8:00 AM","47.7049753465847"
"Year 1 Jul 05 9:00 AM","55.5068468521423"
"Year 1 Jul 05 10:00 AM","54.7919345935181"
"Year 1 Jul 05 11:00 AM","52.2774617593708"
"Year 1 Jul 05 12:00 PM","48.0288546714172"
"Year 1 Jul 05 1:00 PM","65.3325089310486"
"Year 1 Jul 05 2:00 PM","111.845183431864"
"Year 1 Jul 05 3:00 PM","168.582173095988"
"Year 1 Jul 05 4:00 PM","182.821222092917"
"Year 1 Jul 05 5:00 PM","162.201419721493"
"Year 1 Jul 05 6:00 PM","124.361393697261"
"Year 1 Jul 05 7:00 PM","94.0233524774526"
"Year 1 Jul 05 8:00 PM","14.2309336745319"
"Year 1 Jul 05 9:00 PM","0"
"Year 1 Jul 05 10:00 PM","0"
"Year 1 Jul 05 11:00 PM","0"
"Year 1 Jul 06 12:00 AM","0"
"Year 1 Jul 06 1:00 AM","0"
"Year 1 Jul 06 2:00 AM","0"
"Year 1 Jul 06 3:00 AM","0"
"Year 1 Jul 06 4:00 AM","0"
"Year 1 Jul 06 5:00 AM","7.01630423230824"
"Year 1 Jul 06 6:00 AM","25.6692508459671"
"Year 1 Jul 06 7:00 AM","37.810781696816"
"Year 1 Jul 06 8:00 AM","47.564975590371"
"Year 1 Jul 06 9:00 AM","51.61115408188"
"Year 1 Jul 06 10:00 AM","51.1608456856565"
"Year 1 Jul 06 11:00 AM","48.6948460588894"
"Year 1 Jul 06 12:00 PM","48.1569632962905"
"Year 1 Jul 06 1:00 PM","90.5714578870504"
"Year 1 Jul 06 2:00 PM","152.272789136102"
"Year 1 Jul 06 3:00 PM","189.840836754111"
"Year 1 Jul 06 4:00 PM","194.266164431142"
"Year 1 Jul 06 5:00 PM","156.640838731051"
"Year 1 Jul 06 6:00 PM","118.515470623339"
"Year 1 Jul 06 7:00 PM","26.5329594220471"
"Year 1 Jul 06 8:00 PM","1.25023335255796"
"Year 1 Jul 06 9:00 PM","0"
"Year 1 Jul 06 10:00 PM","0"
"Year 1 Jul 06 11:00 PM","0"
"Year 1 Jul 07 12:00 AM","0"
"Year 1 Jul 07 1:00 AM","0"
"Year 1 Jul 07 2:00 AM","0"
"Year 1 Jul 07 3:00 AM","0"
"Year 1 Jul 07 4:00 AM","0"
"Year 1 Jul 07 5:00 AM","5.50232226945687"
"Year 1 Jul 07 6:00 AM","29.5015145536737"
"Year 1 Jul 07 7:00 AM","53.5177860072132"
"Year 1 Jul 07 8:00 AM","80.3836877459995"
"Year 1 Jul 07 9:00 AM","108.510306476811"
"Year 1 Jul 07 10:00 AM","111.199404914358"
"Year 1 Jul 07 11:00 AM","98.308534654113"
"Year 1 Jul 07 12:00 PM","101.898967820582"
"Year 1 Jul 07 1:00 PM","141.582488662762"
"Year 1 Jul 07 2:00 PM","147.20300538186"
"Year 1 Jul 07 3:00 PM","111.642494673409"
"Year 1 Jul 07 4:00 PM","87.4300542220739"
"Year 1 Jul 07 5:00 PM","48.7868099103866"
"Year 1 Jul 07 6:00 PM","43.3325763510965"
"Year 1 Jul 07 7:00 PM","27.5193172675532"
"Year 1 Jul 07 8:00 PM","6.75696770781112"
"Year 1 Jul 07 9:00 PM","0"
"Year 1 Jul 07 10:00 PM","0"
"Year 1 Jul 07 11:00 PM","0"
"Year 1 Jul 08 12:00 AM","0"
"Year 1 Jul 08 1:00 AM","0"
"Year 1 Jul 08 2:00 AM","0"
"Year 1 Jul 08 3:00 AM","0"
"Year 1 Jul 08 4:00 AM","0"
"Year 1 Jul 08 5:00 AM","4.25132329217547"
"Year 1 Jul 08 6:00 AM","18.2304054733223"
"Year 1 Jul 08 7:00 AM","41.3682437498946"
"Year 1 Jul 08 8:00 AM","72.8160086917173"
"Year 1 Jul 08 9:00 AM","92.2210168035991"
"Year 1 Jul 08 10:00 AM","92.095426733048"
"Year 1 Jul 08 11:00 AM","104.971064442927"
"Year 1 Jul 08 12:00 PM","113.820800793656"
"Year 1 Jul 08 1:00 PM","79.1511974509116"
"Year 1 Jul 08 2:00 PM","91.140838021527"
"Year 1 Jul 08 3:00 PM","172.851485661271"
"Year 1 Jul 08 4:00 PM","154.57963199087"
"Year 1 Jul 08 5:00 PM","168.421611281223"
"Year 1 Jul 08 6:00 PM","90.8343050180373"
"Year 1 Jul 08 7:00 PM","22.3799084420711"
"Year 1 Jul 08 8:00 PM","2.21282282211038"
"Year 1 Jul 08 9:00 PM","0"
"Year 1 Jul 08 10:00 PM","0"
"Year 1 Jul 08 11:00 PM","0"
"Year 1 Jul 09 12:00 AM","0"
"Year 1 Jul 09 1:00 AM","0"
"Year 1 Jul 09 2:00 AM","0"
"Year 1 Jul 09 3:00 AM","0"
"Year 1 Jul 09 4:00 AM","0"
"Year 1 Jul 09 5:00 AM","5.86407434472807"
"Year 1 Jul 09 6:00 AM","23.1316346161432"
"Year 1 Jul 09 7:00 AM","43.9640391856298"
"Year 1 Jul 09 8:00 AM","74.2549375652908"
"Year 1 Jul 09 9:00 AM","108.751767571046"
"Year 1 Jul 09 10:00 AM","148.28513603078"
"Year 1 Jul 09 11:00 AM","153.489629417618"
"Year 1 Jul 09 12:00 PM","123.924364311071"
"Year 1 Jul 09 1:00 PM","126.248518305271"
"Year 1 Jul 09 2:00 PM","175.723278395033"
"Year 1 Jul 09 3:00 PM","204.769332423562"
"Year 1 Jul 09 4:00 PM","217.040917546712"
"Year 1 Jul 09 5:00 PM","177.312567424529"
"Year 1 Jul 09 6:00 PM","129.482877068967"
"Year 1 Jul 09 7:00 PM","68.2458536489144"
"Year 1 Jul 09 8:00 PM","9.30108661247032"
"Year 1 Jul 09 9:00 PM","0"
"Year 1 Jul 09 10:00 PM","0"
"Year 1 Jul 09 11:00 PM","0"
"Year 1 Jul 10 12:00 AM","0"
"Year 1 Jul 10 1:00 AM","0"
"Year 1 Jul 10 2:00 AM","0"
"Year 1 Jul 10 3:00 AM","0"
"Year 1 Jul 10 4:00 AM","0"
"Year 1 Jul 10 5:00 AM","5.03430371613959"
"Year 1 Jul 10 6:00 AM","21.6423626871047"
"Year 1 Jul 10 7:00 AM","47.8829839435256"
"Year 1 Jul 10 8:00 AM","91.1009331651625"
"Year 1 Jul 10 9:00 AM","110.482288774649"
"Year 1 Jul 10 10:00 AM","136.454082854012"
"Year 1 Jul 10 11:00 AM","133.735978666463"
"Year 1 Jul 10 12:00 PM","119.717282981358"
"Year 1 Jul 10 1:00 PM","157.248547511361"
"Year 1 Jul 10 2:00 PM","171.381076676094"
"Year 1 Jul 10 3:00 PM","113.462953979921"
"Year 1 Jul 10 4:00 PM","97.7292974517051"
"Year 1 Jul 10 5:00 PM","116.189638564157"
"Year 1 Jul 10 6:00 PM","80.6913934395161"
"Year 1 Jul 10 7:00 PM","39.1128053005127"
"Year 1 Jul 10 8:00 PM","7.9891421217892"
"Year 1 Jul 10 9:00 PM","0"
"Year 1 Jul 10 10:00 PM","0"
"Year 1 Jul 10 11:00 PM","0"
"Year 1 Jul 11 12:00 AM","0"
"Year 1 Jul 11 1:00 AM","0"
"Year 1 Jul 11 2:00 AM","0"
"Year 1 Jul 11 3:00 AM","0"
"Year 1 Jul 11 4:00 AM","0"
"Year 1 Jul 11 5:00 AM","5.65455745919965"
"Year 1 Jul 11 6:00 AM","27.3184033885699"
"Year 1 Jul 11 7:00 AM","54.4150811631038"
"Year 1 Jul 11 8:00 AM","79.3177195038843"
"Year 1 Jul 11 9:00 AM","75.5644639000378"
"Year 1 Jul 11 10:00 AM","89.4756917190747"
"Year 1 Jul 11 11:00 AM","116.662575158696"
"Year 1 Jul 11 12:00 PM","160.980418869697"
"Year 1 Jul 11 1:00 PM","168.670426806283"
"Year 1 Jul 11 2:00 PM","176.82043830047"
"Year 1 Jul 11 3:00 PM","195.532786689898"
"Year 1 Jul 11 4:00 PM","200.631964535631"
"Year 1 Jul 11 5:00 PM","178.801399169586"
"Year 1 Jul 11 6:00 PM","131.695875799315"
"Year 1 Jul 11 7:00 PM","44.9833432515145"
"Year 1 Jul 11 8:00 PM","6.95157382171865"
"Year 1 Jul 11 9:00 PM","0"
"Year 1 Jul 11 10:00 PM","0"
"Year 1 Jul 11 11:00 PM","0"
"Year 1 Jul 12 12:00 AM","0"
"Year 1 Jul 12 1:00 AM","0"
"Year 1 Jul 12 2:00 AM","0"
"Year 1 Jul 12 3:00 AM","0"
"Year 1 Jul 12 4:00 AM","0"
"Year 1 Jul 12 5:00 AM","5.90967001144556"
"Year 1 Jul 12 6:00 AM","26.0143059469557"
"Year 1 Jul 12 7:00 AM","38.24882900395"
"Year 1 Jul 12 8:00 AM","79.3388112864525"
"Year 1 Jul 12 9:00 AM","79.6816631161267"
"Year 1 Jul 12 10:00 AM","138.171982250554"
"Year 1 Jul 12 11:00 AM","121.771749222907"
"Year 1 Jul 12 12:00 PM","128.286938881096"
"Year 1 Jul 12 1:00 PM","158.958382230565"
"Year 1 Jul 12 2:00 PM","201.610116202982"
"Year 1 Jul 12 3:00 PM","211.873042674193"
"Year 1 Jul 12 4:00 PM","111.354175529673"
"Year 1 Jul 12 5:00 PM","165.385154910993"
"Year 1 Jul 12 6:00 PM","120.615016973987"
"Year 1 Jul 12 7:00 PM","74.6647940296652"
"Year 1 Jul 12 8:00 PM","9.87941919158203"
"Year 1 Jul 12 9:00 PM","0"
"Year 1 Jul 12 10:00 PM","0"
"Year 1 Jul 12 11:00 PM","0"
"Year 1 Jul 13 12:00 AM","0"
"Year 1 Jul 13 1:00 AM","0"
"Year 1 Jul 13 2:00 AM","0"
"Year 1 Jul 13 3:00 AM","0"
"Year 1 Jul 13 4:00 AM","0"
"Year 1 Jul 13 5:00 AM","5.28802827408891"
"Year 1 Jul 13 6:00 AM","26.3165279845378"
"Year 1 Jul 13 7:00 AM","45.3579657483585"
"Year 1 Jul 13 8:00 AM","59.5317133391137"
"Year 1 Jul 13 9:00 AM","65.9754855698656"
"Year 1 Jul 13 10:00 AM","68.5088180536529"
"Year 1 Jul 13 11:00 AM","63.8740639842248"
"Year 1 Jul 13 12:00 PM","59.4589640649149"
"Year 1 Jul 13 1:00 PM","98.8335093637824"
"Year 1 Jul 13 2:00 PM","145.248223598714"
"Year 1 Jul 13 3:00 PM","166.694558294619"
"Year 1 Jul 13 4:00 PM","172.518797537328"
"Year 1 Jul 13 5:00 PM","156.773328099333"
"Year 1 Jul 13 6:00 PM","126.698937185268"
"Year 1 Jul 13 7:00 PM","86.7126086352864"
"Year 1 Jul 13 8:00 PM","12.7886476622612"
"Year 1 Jul 13 9:00 PM","0"
"Year 1 Jul 13 10:00 PM","0"
"Year 1 Jul 13 11:00 PM","0"
"Year 1 Jul 14 12:00 AM","0"
"Year 1 Jul 14 1:00 AM","0"
"Year 1 Jul 14 2:00 AM","0"
"Year 1 Jul 14 3:00 AM","0"
"Year 1 Jul 14 4:00 AM","0"
"Year 1 Jul 14 5:00 AM","4.91524316644024"
"Year 1 Jul 14 6:00 AM","27.5769307210658"
"Year 1 Jul 14 7:00 AM","57.0523733937492"
"Year 1 Jul 14 8:00 AM","82.0652785110969"
"Year 1 Jul 14 9:00 AM","106.097587043892"
"Year 1 Jul 14 10:00 AM","100.118399199968"
"Year 1 Jul 14 11:00 AM","101.649671020927"
"Year 1 Jul 14 12:00 PM","88.1769332173051"
"Year 1 Jul 14 1:00 PM","107.730988027319"
"Year 1 Jul 14 2:00 PM","106.847629407854"
"Year 1 Jul 14 3:00 PM","166.887689397491"
"Year 1 Jul 14 4:00 PM","181.075329624936"
"Year 1 Jul 14 5:00 PM","164.028265958235"
"Year 1 Jul 14 6:00 PM","141.183906615379"
"Year 1 Jul 14 7:00 PM","96.5585521914689"
"Year 1 Jul 14 8:00 PM","9.86956524380658"
"Year 1 Jul 14 9:00 PM","0"
"Year 1 Jul 14 10:00 PM","0"
"Year 1 Jul 14 11:00 PM","0"
"Year 1 Jul 15 12:00 AM","0"
"Year 1 Jul 15 1:00 AM","0"
"Year 1 Jul 15 2:00 AM","0"
"Year 1 Jul 15 3:00 AM","0"
"Year 1 Jul 15 4:00 AM","0"
"Year 1 Jul 15 5:00 AM","5.53524235811867"
"Year 1 Jul 15 6:00 AM","27.001396637455"
"Year 1 Jul 15 7:00 AM","47.4585963693897"
"Year 1 Jul 15 8:00 AM","72.4601932891902"
"Year 1 Jul 15 9:00 AM","105.617849734499"
"Year 1 Jul 15 10:00 AM","106.946167049011"
"Year 1 Jul 15 11:00 AM","103.550740431195"
"Year 1 Jul 15 12:00 PM","93.2939573267864"
"Year 1 Jul 15 1:00 PM","132.055495916938"
"Year 1 Jul 15 2:00 PM","188.954194694569"
"Year 1 Jul 15 3:00 PM","217.994376553685"
"Year 1 Jul 15 4:00 PM","198.504722488302"
"Year 1 Jul 15 5:00 PM","122.806344738235"
"Year 1 Jul 15 6:00 PM","38.6309250851914"
"Year 1 Jul 15 7:00 PM","15.5576042808942"
"Year 1 Jul 15 8:00 PM","1.61965346345387"
"Year 1 Jul 15 9:00 PM","0"
"Year 1 Jul 15 10:00 PM","0"
"Year 1 Jul 15 11:00 PM","0"
"Year 1 Jul 16 12:00 AM","0"
"Year 1 Jul 16 1:00 AM","0"
"Year 1 Jul 16 2:00 AM","0"
"Year 1 Jul 16 3:00 AM","0"
"Year 1 Jul 16 4:00 AM","0"
"Year 1 Jul 16 5:00 AM","5.29757987452428"
"Year 1 Jul 16 6:00 AM","24.5669158505719"
"Year 1 Jul 16 7:00 AM","40.7938388810528"
"Year 1 Jul 16 8:00 AM","50.1413488084309"
"Year 1 Jul 16 9:00 AM","56.9617675691665"
"Year 1 Jul 16 10:00 AM","60.4489006032577"
"Year 1 Jul 16 11:00 AM","54.2288270066498"
"Year 1 Jul 16 12:00 PM","54.8470026028976"
"Year 1 Jul 16 1:00 PM","97.5334488180296"
"Year 1 Jul 16 2:00 PM","158.149069477593"
"Year 1 Jul 16 3:00 PM","186.968345531443"
"Year 1 Jul 16 4:00 PM","161.246317480123"
"Year 1 Jul 16 5:00 PM","146.668169406128"
"Year 1 Jul 16 6:00 PM","122.686631665395"
"Year 1 Jul 16 7:00 PM","86.7742003047415"
"Year 1 Jul 16 8:00 PM","12.1495079602574"
"Year 1 Jul 16 9:00 PM","0"
"Year 1 Jul 16 10:00 PM","0"
"Year 1 Jul 16 11:00 PM","0"
"Year 1 Jul 17 12:00 AM","0"
"Year 1 Jul 17 1:00 AM","0"
"Year 1 Jul 17 2:00 AM","0"
"Year 1 Jul 17 3:00 AM","0"
"Year 1 Jul 17 4:00 AM","0"
"Year 1 Jul 17 5:00 AM","5.22032353817056"
"Year 1 Jul 17 6:00 AM","28.4866738382181"
"Year 1 Jul 17 7:00 AM","54.8554806073768"
"Year 1 Jul 17 8:00 AM","76.4025909485421"
"Year 1 Jul 17 9:00 AM","88.3924556547441"
"Year 1 Jul 17 10:00 AM","92.5377691624441"
"Year 1 Jul 17 11:00 AM","95.3803561040641"
"Year 1 Jul 17 12:00 PM","105.814127851002"
"Year 1 Jul 17 1:00 PM","136.164174206231"
"Year 1 Jul 17 2:00 PM","193.315159463434"
"Year 1 Jul 17 3:00 PM","228.941938911046"
"Year 1 Jul 17 4:00 PM","216.758986207846"
"Year 1 Jul 17 5:00 PM","181.693418726184"
"Year 1 Jul 17 6:00 PM","118.447687995467"
"Year 1 Jul 17 7:00 PM","44.1424584406433"
"Year 1 Jul 17 8:00 PM","4.36399601534834"
"Year 1 Jul 17 9:00 PM","0"
"Year 1 Jul 17 10:00 PM","0"
"Year 1 Jul 17 11:00 PM","0"
"Year 1 Jul 18 12:00 AM","0"
"Year 1 Jul 18 1:00 AM","0"
"Year 1 Jul 18 2:00 AM","0"
"Year 1 Jul 18 3:00 AM","0"
"Year 1 Jul 18 4:00 AM","0"
"Year 1 Jul 18 5:00 AM","4.85688334843215"
"Year 1 Jul 18 6:00 AM","25.1229157729869"
"Year 1 Jul 18 7:00 AM","48.250028749438"
"Year 1 Jul 18 8:00 AM","67.4794636709505"
"Year 1 Jul 18 9:00 AM","78.4983019464097"
"Year 1 Jul 18 10:00 AM","80.2090294328521"
"Year 1 Jul 18 11:00 AM","75.9971013608302"
"Year 1 Jul 18 12:00 PM","72.1991664777211"
"Year 1 Jul 18 1:00 PM","102.69874679154"
"Year 1 Jul 18 2:00 PM","149.347501272407"
"Year 1 Jul 18 3:00 PM","181.583315751852"
"Year 1 Jul 18 4:00 PM","187.200094798998"
"Year 1 Jul 18 5:00 PM","173.760412576604"
"Year 1 Jul 18 6:00 PM","132.187638072101"
"Year 1 Jul 18 7:00 PM","72.6344394524275"
"Year 1 Jul 18 8:00 PM","6.20051525059385"
"Year 1 Jul 18 9:00 PM","0"
"Year 1 Jul 18 10:00 PM","0"
"Year 1 Jul 18 11:00 PM","0"
"Year 1 Jul 19 12:00 AM","0"
"Year 1 Jul 19 1:00 AM","0"
"Year 1 Jul 19 2:00 AM","0"
"Year 1 Jul 19 3:00 AM","0"
"Year 1 Jul 19 4:00 AM","0"
"Year 1 Jul 19 5:00 AM","5.3676891968696"
"Year 1 Jul 19 6:00 AM","30.840571866072"
"Year 1 Jul 19 7:00 AM","55.0587562584636"
"Year 1 Jul 19 8:00 AM","72.2771222353555"
"Year 1 Jul 19 9:00 AM","94.2837059006304"
"Year 1 Jul 19 10:00 AM","127.196347478456"
"Year 1 Jul 19 11:00 AM","137.683603536321"
"Year 1 Jul 19 12:00 PM","129.060170319044"
"Year 1 Jul 19 1:00 PM","149.592435041481"
"Year 1 Jul 19 2:00 PM","181.920221091963"
"Year 1 Jul 19 3:00 PM","200.700189708853"
"Year 1 Jul 19 4:00 PM","198.549480925249"
"Year 1 Jul 19 5:00 PM","171.012759677683"
"Year 1 Jul 19 6:00 PM","95.0740143516643"
"Year 1 Jul 19 7:00 PM","10.2792954226532"
"Year 1 Jul 19 8:00 PM","0.443089427746738"
"Year 1 Jul 19 9:00 PM","0"
"Year 1 Jul 19 10:00 PM","0"
"Year 1 Jul 19 11:00 PM","0"
"Year 1 Jul 20 12:00 AM","0"
"Year 1 Jul 20 1:00 AM","0"
"Year 1 Jul 20 2:00 AM","0"
"Year 1 Jul 20 3:00 AM","0"
"Year 1 Jul 20 4:00 AM","0"
"Year 1 Jul 20 5:00 AM","4.78574111363866"
"Year 1 Jul 20 6:00 AM","26.1211346393983"
"Year 1 Jul 20 7:00 AM","53.2972832046047"
"Year 1 Jul 20 8:00 AM","79.0085732957036"
"Year 1 Jul 20 9:00 AM","86.6530115444052"
"Year 1 Jul 20 10:00 AM","93.4442258546622"
"Year 1 Jul 20 11:00 AM","93.4133617145838"
"Year 1 Jul 20 12:00 PM","91.3126092380101"
"Year 1 Jul 20 1:00 PM","112.413474542382"
"Year 1 Jul 20 2:00 PM","160.934119304884"
"Year 1 Jul 20 3:00 PM","188.540278863331"
"Year 1 Jul 20 4:00 PM","206.171160781258"
"Year 1 Jul 20 5:00 PM","174.95032111281"
"Year 1 Jul 20 6:00 PM","127.587193423469"
"Year 1 Jul 20 7:00 PM","64.9970648717906"
"Year 1 Jul 20 8:00 PM","6.09520162381279"
"Year 1 Jul 20 9:00 PM","0"
"Year 1 Jul 20 10:00 PM","0"
"Year 1 Jul 20 11:00 PM","0"
"Year 1 Jul 21 12:00 AM","0"
"Year 1 Jul 21 1:00 AM","0"
"Year 1 Jul 21 2:00 AM","0"
"Year 1 Jul 21 3:00 AM","0"
"Year 1 Jul 21 4:00 AM","0"
"Year 1 Jul 21 5:00 AM","4.41218851974881"
"Year 1 Jul 21 6:00 AM","20.8995557542402"
"Year 1 Jul 21 7:00 AM","32.966520968066"
"Year 1 Jul 21 8:00 AM","41.2278370784442"
"Year 1 Jul 21 9:00 AM","45.8146564635188"
"Year 1 Jul 21 10:00 AM","57.0386308391226"
"Year 1 Jul 21 11:00 AM","48.2032331254137"
"Year 1 Jul 21 12:00 PM","55.8621202179434"
"Year 1 Jul 21 1:00 PM","75.0255577084022"
"Year 1 Jul 21 2:00 PM","102.666849167293"
"Year 1 Jul 21 3:00 PM","170.277977348807"
"Year 1 Jul 21 4:00 PM","136.183252053113"
"Year 1 Jul 21 5:00 PM","58.2901134202779"
"Year 1 Jul 21 6:00 PM","52.9533380481536"
"Year 1 Jul 21 7:00 PM","71.3407027761694"
"Year 1 Jul 21 8:00 PM","5.5762873109599"
"Year 1 Jul 21 9:00 PM","0"
"Year 1 Jul 21 10:00 PM","0"
"Year 1 Jul 21 11:00 PM","0"
"Year 1 Jul 22 12:00 AM","0"
"Year 1 Jul 22 1:00 AM","0"
"Year 1 Jul 22 2:00 AM","0"
"Year 1 Jul 22 3:00 AM","0"
"Year 1 Jul 22 4:00 AM","0"
"Year 1 Jul 22 5:00 AM","4.7323768137683"
"Year 1 Jul 22 6:00 AM","24.9313998129894"
"Year 1 Jul 22 7:00 AM","43.7364013156008"
"Year 1 Jul 22 8:00 AM","60.9036186220719"
"Year 1 Jul 22 9:00 AM","71.6538699231216"
"Year 1 Jul 22 10:00 AM","85.6533608017657"
"Year 1 Jul 22 11:00 AM","104.008828195114"
"Year 1 Jul 22 12:00 PM","93.8655681638859"
"Year 1 Jul 22 1:00 PM","136.552716187539"
"Year 1 Jul 22 2:00 PM","177.604902036591"
"Year 1 Jul 22 3:00 PM","209.017810617828"
"Year 1 Jul 22 4:00 PM","202.692799923513"
"Year 1 Jul 22 5:00 PM","182.38417148026"
"Year 1 Jul 22 6:00 PM","104.764439021665"
"Year 1 Jul 22 7:00 PM","63.7571271455999"
"Year 1 Jul 22 8:00 PM","4.96449754454354"
"Year 1 Jul 22 9:00 PM","0"
"Year 1 Jul 22 10:00 PM","0"
"Year 1 Jul 22 11:00 PM","0"
"Year 1 Jul 23 12:00 AM","0"
"Year 1 Jul 23 1:00 AM","0"
"Year 1 Jul 23 2:00 AM","0"
"Year 1 Jul 23 3:00 AM","0"
"Year 1 Jul 23 4:00 AM","0"
"Year 1 Jul 23 5:00 AM","3.55154008515574"
"Year 1 Jul 23 6:00 AM","25.0894929079235"
"Year 1 Jul 23 7:00 AM","48.5256955407966"
"Year 1 Jul 23 8:00 AM","65.4886588698762"
"Year 1 Jul 23 9:00 AM","77.3319254073573"
"Year 1 Jul 23 10:00 AM","98.425678736414"
"Year 1 Jul 23 11:00 AM","97.1739161377597"
"Year 1 Jul 23 12:00 PM","83.873254140455"
"Year 1 Jul 23 1:00 PM","112.428950791674"
"Year 1 Jul 23 2:00 PM","178.649590069758"
"Year 1 Jul 23 3:00 PM","191.91785518563"
"Year 1 Jul 23 4:00 PM","201.711863189824"
"Year 1 Jul 23 5:00 PM","179.552331552587"
"Year 1 Jul 23 6:00 PM","119.232499699783"
"Year 1 Jul 23 7:00 PM","55.9314211575214"
"Year 1 Jul 23 8:00 PM","4.57777593627586"
"Year 1 Jul 23 9:00 PM","0"
"Year 1 Jul 23 10:00 PM","0"
"Year 1 Jul 23 11:00 PM","0"
"Year 1 Jul 24 12:00 AM","0"
"Year 1 Jul 24 1:00 AM","0"
"Year 1 Jul 24 2:00 AM","0"
"Year 1 Jul 24 3:00 AM","0"
"Year 1 Jul 24 4:00 AM","0"
"Year 1 Jul 24 5:00 AM","3.11717982573431"
"Year 1 Jul 24 6:00 AM","23.7412826635961"
"Year 1 Jul 24 7:00 AM","47.8440367120476"
"Year 1 Jul 24 8:00 AM","71.3115401396959"
"Year 1 Jul 24 9:00 AM","96.5183253245283"
"Year 1 Jul 24 10:00 AM","118.599135734282"
"Year 1 Jul 24 11:00 AM","113.870250336967"
"Year 1 Jul 24 12:00 PM","97.01260635234"
"Year 1 Jul 24 1:00 PM","144.129046714676"
"Year 1 Jul 24 2:00 PM","193.794541283545"
"Year 1 Jul 24 3:00 PM","192.645173345729"
"Year 1 Jul 24 4:00 PM","188.35671133913"
"Year 1 Jul 24 5:00 PM","178.985450481753"
"Year 1 Jul 24 6:00 PM","128.199277018393"
"Year 1 Jul 24 7:00 PM","68.6785433143168"
"Year 1 Jul 24 8:00 PM","4.92336314758244"
"Year 1 Jul 24 9:00 PM","0"
"Year 1 Jul 24 10:00 PM","0"
"Year 1 Jul 24 11:00 PM","0"
"Year 1 Jul 25 12:00 AM","0"
"Year 1 Jul 25 1:00 AM","0"
"Year 1 Jul 25 2:00 AM","0"
"Year 1 Jul 25 3:00 AM","0"
"Year 1 Jul 25 4:00 AM","0"
"Year 1 Jul 25 5:00 AM","1.53093177609528"
"Year 1 Jul 25 6:00 AM","12.1487192243676"
"Year 1 Jul 25 7:00 AM","31.346004909011"
"Year 1 Jul 25 8:00 AM","66.7125248269726"
"Year 1 Jul 25 9:00 AM","93.4718001988323"
"Year 1 Jul 25 10:00 AM","120.651787833089"
"Year 1 Jul 25 11:00 AM","123.994395469868"
"Year 1 Jul 25 12:00 PM","130.896361898606"
"Year 1 Jul 25 1:00 PM","125.446258637932"
"Year 1 Jul 25 2:00 PM","149.26730172352"
"Year 1 Jul 25 3:00 PM","203.925845772868"
"Year 1 Jul 25 4:00 PM","154.155755593518"
"Year 1 Jul 25 5:00 PM","139.709896925166"
"Year 1 Jul 25 6:00 PM","121.818187417249"
"Year 1 Jul 25 7:00 PM","83.5373109524501"
"Year 1 Jul 25 8:00 PM","6.1389577639786"
"Year 1 Jul 25 9:00 PM","0"
"Year 1 Jul 25 10:00 PM","0"
"Year 1 Jul 25 11:00 PM","0"
"Year 1 Jul 26 12:00 AM","0"
"Year 1 Jul 26 1:00 AM","0"
"Year 1 Jul 26 2:00 AM","0"
"Year 1 Jul 26 3:00 AM","0"
"Year 1 Jul 26 4:00 AM","0"
"Year 1 Jul 26 5:00 AM","3.04689395750452"
"Year 1 Jul 26 6:00 AM","21.6741654597988"
"Year 1 Jul 26 7:00 AM","47.0718296899724"
"Year 1 Jul 26 8:00 AM","78.1788678228167"
"Year 1 Jul 26 9:00 AM","77.4527531664271"
"Year 1 Jul 26 10:00 AM","65.6865498029714"
"Year 1 Jul 26 11:00 AM","76.1527873867435"
"Year 1 Jul 26 12:00 PM","69.414548634112"
"Year 1 Jul 26 1:00 PM","84.1793112612881"
"Year 1 Jul 26 2:00 PM","155.527801787372"
"Year 1 Jul 26 3:00 PM","197.10877768612"
"Year 1 Jul 26 4:00 PM","208.976922871265"
"Year 1 Jul 26 5:00 PM","154.84359448579"
"Year 1 Jul 26 6:00 PM","134.334258372171"
"Year 1 Jul 26 7:00 PM","84.4052231994629"
"Year 1 Jul 26 8:00 PM","6.63484139908029"
"Year 1 Jul 26 9:00 PM","0"
"Year 1 Jul 26 10:00 PM","0"
"Year 1 Jul 26 11:00 PM","0"
"Year 1 Jul 27 12:00 AM","0"
"Year 1 Jul 27 1:00 AM","0"
"Year 1 Jul 27 2:00 AM","0"
"Year 1 Jul 27 3:00 AM","0"
"Year 1 Jul 27 4:00 AM","0"
"Year 1 Jul 27 5:00 AM","3.15064457842037"
"Year 1 Jul 27 6:00 AM","22.4064803662208"
"Year 1 Jul 27 7:00 AM","40.5875499906963"
"Year 1 Jul 27 8:00 AM","52.380132557419"
"Year 1 Jul 27 9:00 AM","59.5337069301142"
"Year 1 Jul 27 10:00 AM","60.7769260523654"
"Year 1 Jul 27 11:00 AM","57.8750417346619"
"Year 1 Jul 27 12:00 PM","54.9680425312817"
"Year 1 Jul 27 1:00 PM","79.3388128688571"
"Year 1 Jul 27 2:00 PM","138.146298559407"
"Year 1 Jul 27 3:00 PM","164.94300387253"
"Year 1 Jul 27 4:00 PM","198.157675083786"
"Year 1 Jul 27 5:00 PM","171.085182408209"
"Year 1 Jul 27 6:00 PM","133.705624746279"
"Year 1 Jul 27 7:00 PM","57.8984338965958"
"Year 1 Jul 27 8:00 PM","4.70271170345816"
"Year 1 Jul 27 9:00 PM","0"
"Year 1 Jul 27 10:00 PM","0"
"Year 1 Jul 27 11:00 PM","0"
"Year 1 Jul 28 12:00 AM","0"
"Year 1 Jul 28 1:00 AM","0"
"Year 1 Jul 28 2:00 AM","0"
"Year 1 Jul 28 3:00 AM","0"
"Year 1 Jul 28 4:00 AM","0"
"Year 1 Jul 28 5:00 AM","1.63880232300708"
"Year 1 Jul 28 6:00 AM","15.378184679396"
"Year 1 Jul 28 7:00 AM","46.0950323695676"
"Year 1 Jul 28 8:00 AM","82.461388224584"
"Year 1 Jul 28 9:00 AM","100.950860678333"
"Year 1 Jul 28 10:00 AM","105.390222100792"
"Year 1 Jul 28 11:00 AM","97.6211875563016"
"Year 1 Jul 28 12:00 PM","122.612207800247"
"Year 1 Jul 28 1:00 PM","139.968188468564"
"Year 1 Jul 28 2:00 PM","175.04516783693"
"Year 1 Jul 28 3:00 PM","206.17594876562"
"Year 1 Jul 28 4:00 PM","208.471217993937"
"Year 1 Jul 28 5:00 PM","174.878107292305"
"Year 1 Jul 28 6:00 PM","129.692054473393"
"Year 1 Jul 28 7:00 PM","71.4383030205198"
"Year 1 Jul 28 8:00 PM","5.33070128367821"
"Year 1 Jul 28 9:00 PM","0"
"Year 1 Jul 28 10:00 PM","0"
"Year 1 Jul 28 11:00 PM","0"
"Year 1 Jul 29 12:00 AM","0"
"Year 1 Jul 29 1:00 AM","0"
"Year 1 Jul 29 2:00 AM","0"
"Year 1 Jul 29 3:00 AM","0"
"Year 1 Jul 29 4:00 AM","0"
"Year 1 Jul 29 5:00 AM","2.71032772173793"
"Year 1 Jul 29 6:00 AM","20.9141176928612"
"Year 1 Jul 29 7:00 AM","37.7636769829734"
"Year 1 Jul 29 8:00 AM","46.866470712072"
"Year 1 Jul 29 9:00 AM","57.7188897515171"
"Year 1 Jul 29 10:00 AM","73.2672927078736"
"Year 1 Jul 29 11:00 AM","53.9026238650694"
"Year 1 Jul 29 12:00 PM","50.0790789635511"
"Year 1 Jul 29 1:00 PM","68.5837246084834"
"Year 1 Jul 29 2:00 PM","98.1444581487513"
"Year 1 Jul 29 3:00 PM","120.400203607173"
"Year 1 Jul 29 4:00 PM","133.398400045978"
"Year 1 Jul 29 5:00 PM","135.649520131101"
"Year 1 Jul 29 6:00 PM","118.724140216801"
"Year 1 Jul 29 7:00 PM","79.0788277287673"
"Year 1 Jul 29 8:00 PM","0"
"Year 1 Jul 29 9:00 PM","0"
"Year 1 Jul 29 10:00 PM","0"
"Year 1 Jul 29 11:00 PM","0"
"Year 1 Jul 30 12:00 AM","0"
"Year 1 Jul 30 1:00 AM","0"
"Year 1 Jul 30 2:00 AM","0"
"Year 1 Jul 30 3:00 AM","0"
"Year 1 Jul 30 4:00 AM","0"
"Year 1 Jul 30 5:00 AM","1.91281185745377"
"Year 1 Jul 30 6:00 AM","17.5755367393934"
"Year 1 Jul 30 7:00 AM","48.5757151533146"
"Year 1 Jul 30 8:00 AM","81.7787314091171"
"Year 1 Jul 30 9:00 AM","105.92830849623"
"Year 1 Jul 30 10:00 AM","105.456053384589"
"Year 1 Jul 30 11:00 AM","97.0368509476027"
"Year 1 Jul 30 12:00 PM","90.8144254997304"
"Year 1 Jul 30 1:00 PM","126.991330711548"
"Year 1 Jul 30 2:00 PM","210.227535396351"
"Year 1 Jul 30 3:00 PM","193.208325735328"
"Year 1 Jul 30 4:00 PM","192.955143228788"
"Year 1 Jul 30 5:00 PM","135.180281109086"
"Year 1 Jul 30 6:00 PM","88.2581517114035"
"Year 1 Jul 30 7:00 PM","63.9951291913209"
"Year 1 Jul 30 8:00 PM","0"
"Year 1 Jul 30 9:00 PM","0"
"Year 1 Jul 30 10:00 PM","0"
"Year 1 Jul 30 11:00 PM","0"
"Year 1 Jul 31 12:00 AM","0"
"Year 1 Jul 31 1:00 AM","0"
"Year 1 Jul 31 2:00 AM","0"
"Year 1 Jul 31 3:00 AM","0"
"Year 1 Jul 31 4:00 AM","0"
"Year 1 Jul 31 5:00 AM","1.79230196830229"
"Year 1 Jul 31 6:00 AM","18.0830806832911"
"Year 1 Jul 31 7:00 AM","51.1631934233466"
"Year 1 Jul 31 8:00 AM","72.6766875412475"
"Year 1 Jul 31 9:00 AM","85.8715399448754"
"Year 1 Jul 31 10:00 AM","90.7578927738193"
"Year 1 Jul 31 11:00 AM","87.8588227736407"
"Year 1 Jul 31 12:00 PM","86.3061277042156"
"Year 1 Jul 31 1:00 PM","136.589896217285"
"Year 1 Jul 31 2:00 PM","210.965849518266"
"Year 1 Jul 31 3:00 PM","245.798351714444"
"Year 1 Jul 31 4:00 PM","192.86363146782"
"Year 1 Jul 31 5:00 PM","128.792036365445"
"Year 1 Jul 31 6:00 PM","69.1817787233059"
"Year 1 Jul 31 7:00 PM","15.5586080655551"
"Year 1 Jul 31 8:00 PM","0"
"Year 1 Jul 31 9:00 PM","0"
"Year 1 Jul 31 10:00 PM","0"
"Year 1 Jul 31 11:00 PM","0"
"Year 1 Aug 01 12:00 AM","0"
"Year 1 Aug 01 1:00 AM","0"
"Year 1 Aug 01 2:00 AM","0"
"Year 1 Aug 01 3:00 AM","0"
"Year 1 Aug 01 4:00 AM","0"
"Year 1 Aug 01 5:00 AM","1.67329356741918"
"Year 1 Aug 01 6:00 AM","17.893806453477"
"Year 1 Aug 01 7:00 AM","51.8489762549138"
"Year 1 Aug 01 8:00 AM","75.6343330862597"
"Year 1 Aug 01 9:00 AM","71.1583123804817"
"Year 1 Aug 01 10:00 AM","59.0105707909861"
"Year 1 Aug 01 11:00 AM","51.0669933619597"
"Year 1 Aug 01 12:00 PM","48.8202668665838"
"Year 1 Aug 01 1:00 PM","74.8874942033962"
"Year 1 Aug 01 2:00 PM","131.691232533656"
"Year 1 Aug 01 3:00 PM","135.175437080817"
"Year 1 Aug 01 4:00 PM","124.605460157609"
"Year 1 Aug 01 5:00 PM","126.183260140289"
"Year 1 Aug 01 6:00 PM","115.07760573578"
"Year 1 Aug 01 7:00 PM","80.0753708224958"
"Year 1 Aug 01 8:00 PM","0"
"Year 1 Aug 01 9:00 PM","0"
"Year 1 Aug 01 10:00 PM","0"
"Year 1 Aug 01 11:00 PM","0"
"Year 1 Aug 02 12:00 AM","0"
"Year 1 Aug 02 1:00 AM","0"
"Year 1 Aug 02 2:00 AM","0"
"Year 1 Aug 02 3:00 AM","0"
"Year 1 Aug 02 4:00 AM","0"
"Year 1 Aug 02 5:00 AM","1.59017804513211"
"Year 1 Aug 02 6:00 AM","19.626460335977"
"Year 1 Aug 02 7:00 AM","37.3617895802319"
"Year 1 Aug 02 8:00 AM","47.2532233671879"
"Year 1 Aug 02 9:00 AM","55.8921280933962"
"Year 1 Aug 02 10:00 AM","60.3042173616817"
"Year 1 Aug 02 11:00 AM","57.640103763746"
"Year 1 Aug 02 12:00 PM","54.5215603916068"
"Year 1 Aug 02 1:00 PM","70.4756538784605"
"Year 1 Aug 02 2:00 PM","99.5625781190803"
"Year 1 Aug 02 3:00 PM","121.796253185818"
"Year 1 Aug 02 4:00 PM","135.487075744371"
"Year 1 Aug 02 5:00 PM","136.606600633593"
"Year 1 Aug 02 6:00 PM","119.049327979922"
"Year 1 Aug 02 7:00 PM","78.8538690281702"
"Year 1 Aug 02 8:00 PM","0"
"Year 1 Aug 02 9:00 PM","0"
"Year 1 Aug 02 10:00 PM","0"
"Year 1 Aug 02 11:00 PM","0"
"Year 1 Aug 03 12:00 AM","0"
"Year 1 Aug 03 1:00 AM","0"
"Year 1 Aug 03 2:00 AM","0"
"Year 1 Aug 03 3:00 AM","0"
"Year 1 Aug 03 4:00 AM","0"
"Year 1 Aug 03 5:00 AM","1.62480955351113"
"Year 1 Aug 03 6:00 AM","22.3632451464455"
"Year 1 Aug 03 7:00 AM","45.8383563520257"
"Year 1 Aug 03 8:00 AM","62.0697847973116"
"Year 1 Aug 03 9:00 AM","80.4295345582877"
"Year 1 Aug 03 10:00 AM","84.854800928105"
"Year 1 Aug 03 11:00 AM","97.1207371201098"
"Year 1 Aug 03 12:00 PM","98.5467986066546"
"Year 1 Aug 03 1:00 PM","131.336581714724"
"Year 1 Aug 03 2:00 PM","169.869179475169"
"Year 1 Aug 03 3:00 PM","197.659343640402"
"Year 1 Aug 03 4:00 PM","204.044371546467"
"Year 1 Aug 03 5:00 PM","175.629632708754"
"Year 1 Aug 03 6:00 PM","123.507124008178"
"Year 1 Aug 03 7:00 PM","58.1903351719168"
"Year 1 Aug 03 8:00 PM","0"
"Year 1 Aug 03 9:00 PM","0"
"Year 1 Aug 03 10:00 PM","0"
"Year 1 Aug 03 11:00 PM","0"
"Year 1 Aug 04 12:00 AM","0"
"Year 1 Aug 04 1:00 AM","0"
"Year 1 Aug 04 2:00 AM","0"
"Year 1 Aug 04 3:00 AM","0"
"Year 1 Aug 04 4:00 AM","0"
"Year 1 Aug 04 5:00 AM","1.00390308047509"
"Year 1 Aug 04 6:00 AM","15.9383490172046"
"Year 1 Aug 04 7:00 AM","36.8755967830988"
"Year 1 Aug 04 8:00 AM","46.4826398916828"
"Year 1 Aug 04 9:00 AM","88.2886861118797"
"Year 1 Aug 04 10:00 AM","117.409970356796"
"Year 1 Aug 04 11:00 AM","137.912577819161"
"Year 1 Aug 04 12:00 PM","138.22324174865"
"Year 1 Aug 04 1:00 PM","125.7260571213"
"Year 1 Aug 04 2:00 PM","153.028462300688"
"Year 1 Aug 04 3:00 PM","177.130273287096"
"Year 1 Aug 04 4:00 PM","187.408572599821"
"Year 1 Aug 04 5:00 PM","161.826135123132"
"Year 1 Aug 04 6:00 PM","115.069981259581"
"Year 1 Aug 04 7:00 PM","56.5183386901698"
"Year 1 Aug 04 8:00 PM","0"
"Year 1 Aug 04 9:00 PM","0"
"Year 1 Aug 04 10:00 PM","0"
"Year 1 Aug 04 11:00 PM","0"
"Year 1 Aug 05 12:00 AM","0"
"Year 1 Aug 05 1:00 AM","0"
"Year 1 Aug 05 2:00 AM","0"
"Year 1 Aug 05 3:00 AM","0"
"Year 1 Aug 05 4:00 AM","0"
"Year 1 Aug 05 5:00 AM","1.02434373064725"
"Year 1 Aug 05 6:00 AM","16.8366033612582"
"Year 1 Aug 05 7:00 AM","43.552018878999"
"Year 1 Aug 05 8:00 AM","63.840390319208"
"Year 1 Aug 05 9:00 AM","75.183967302122"
"Year 1 Aug 05 10:00 AM","56.1044183283165"
"Year 1 Aug 05 11:00 AM","82.8014639592597"
"Year 1 Aug 05 12:00 PM","52.5203879517017"
"Year 1 Aug 05 1:00 PM","116.126455473083"
"Year 1 Aug 05 2:00 PM","136.030967530956"
"Year 1 Aug 05 3:00 PM","170.164725807258"
"Year 1 Aug 05 4:00 PM","167.197578701091"
"Year 1 Aug 05 5:00 PM","111.044995685144"
"Year 1 Aug 05 6:00 PM","96.3741223372015"
"Year 1 Aug 05 7:00 PM","70.3875354720995"
"Year 1 Aug 05 8:00 PM","0"
"Year 1 Aug 05 9:00 PM","0"
"Year 1 Aug 05 10:00 PM","0"
"Year 1 Aug 05 11:00 PM","0"
"Year 1 Aug 06 12:00 AM","0"
"Year 1 Aug 06 1:00 AM","0"
"Year 1 Aug 06 2:00 AM","0"
"Year 1 Aug 06 3:00 AM","0"
"Year 1 Aug 06 4:00 AM","0"
"Year 1 Aug 06 5:00 AM","1.34259879877805"
"Year 1 Aug 06 6:00 AM","18.0572832891778"
"Year 1 Aug 06 7:00 AM","31.5512479672417"
"Year 1 Aug 06 8:00 AM","47.8734160795592"
"Year 1 Aug 06 9:00 AM","80.9206533470188"
"Year 1 Aug 06 10:00 AM","103.019148548285"
"Year 1 Aug 06 11:00 AM","86.3439285050354"
"Year 1 Aug 06 12:00 PM","103.230322911787"
"Year 1 Aug 06 1:00 PM","150.393572868548"
"Year 1 Aug 06 2:00 PM","169.317178765209"
"Year 1 Aug 06 3:00 PM","134.228297305309"
"Year 1 Aug 06 4:00 PM","124.364126202208"
"Year 1 Aug 06 5:00 PM","93.8605366184221"
"Year 1 Aug 06 6:00 PM","120.047797545809"
"Year 1 Aug 06 7:00 PM","70.1101453664551"
"Year 1 Aug 06 8:00 PM","0"
"Year 1 Aug 06 9:00 PM","0"
"Year 1 Aug 06 10:00 PM","0"
"Year 1 Aug 06 11:00 PM","0"
"Year 1 Aug 07 12:00 AM","0"
"Year 1 Aug 07 1:00 AM","0"
"Year 1 Aug 07 2:00 AM","0"
"Year 1 Aug 07 3:00 AM","0"
"Year 1 Aug 07 4:00 AM","0"
"Year 1 Aug 07 5:00 AM","1.26407449981328"
"Year 1 Aug 07 6:00 AM","18.4196215688578"
"Year 1 Aug 07 7:00 AM","35.5161393102447"
"Year 1 Aug 07 8:00 AM","48.9915999672884"
"Year 1 Aug 07 9:00 AM","53.9198505809491"
"Year 1 Aug 07 10:00 AM","63.026430212469"
"Year 1 Aug 07 11:00 AM","77.113451502405"
"Year 1 Aug 07 12:00 PM","110.150975798123"
"Year 1 Aug 07 1:00 PM","118.843755713109"
"Year 1 Aug 07 2:00 PM","146.867113926821"
"Year 1 Aug 07 3:00 PM","149.940797029976"
"Year 1 Aug 07 4:00 PM","164.040901628404"
"Year 1 Aug 07 5:00 PM","168.285354017761"
"Year 1 Aug 07 6:00 PM","120.745361574374"
"Year 1 Aug 07 7:00 PM","64.939633539681"
"Year 1 Aug 07 8:00 PM","0"
"Year 1 Aug 07 9:00 PM","0"
"Year 1 Aug 07 10:00 PM","0"
"Year 1 Aug 07 11:00 PM","0"
"Year 1 Aug 08 12:00 AM","0"
"Year 1 Aug 08 1:00 AM","0"
"Year 1 Aug 08 2:00 AM","0"
"Year 1 Aug 08 3:00 AM","0"
"Year 1 Aug 08 4:00 AM","0"
"Year 1 Aug 08 5:00 AM","1.34998766284818"
"Year 1 Aug 08 6:00 AM","17.9777175171414"
"Year 1 Aug 08 7:00 AM","36.5820862681875"
"Year 1 Aug 08 8:00 AM","47.1103780940273"
"Year 1 Aug 08 9:00 AM","56.7071994280499"
"Year 1 Aug 08 10:00 AM","80.0381763679519"
"Year 1 Aug 08 11:00 AM","111.851520161472"
"Year 1 Aug 08 12:00 PM","92.7898738869561"
"Year 1 Aug 08 1:00 PM","114.918830587557"
"Year 1 Aug 08 2:00 PM","169.509724331324"
"Year 1 Aug 08 3:00 PM","207.639478198693"
"Year 1 Aug 08 4:00 PM","175.928334252294"
"Year 1 Aug 08 5:00 PM","163.680605065466"
"Year 1 Aug 08 6:00 PM","104.98568757216"
"Year 1 Aug 08 7:00 PM","12.2096029128184"
"Year 1 Aug 08 8:00 PM","0"
"Year 1 Aug 08 9:00 PM","0"
"Year 1 Aug 08 10:00 PM","0"
"Year 1 Aug 08 11:00 PM","0"
"Year 1 Aug 09 12:00 AM","0"
"Year 1 Aug 09 1:00 AM","0"
"Year 1 Aug 09 2:00 AM","0"
"Year 1 Aug 09 3:00 AM","0"
"Year 1 Aug 09 4:00 AM","0"
"Year 1 Aug 09 5:00 AM","1.35517760172578"
"Year 1 Aug 09 6:00 AM","18.2392645470288"
"Year 1 Aug 09 7:00 AM","37.2741235265108"
"Year 1 Aug 09 8:00 AM","60.3276314688434"
"Year 1 Aug 09 9:00 AM","60.1363007671564"
"Year 1 Aug 09 10:00 AM","63.0708616548289"
"Year 1 Aug 09 11:00 AM","62.5189284401562"
"Year 1 Aug 09 12:00 PM","72.5042881671366"
"Year 1 Aug 09 1:00 PM","125.788612494003"
"Year 1 Aug 09 2:00 PM","188.22006892048"
"Year 1 Aug 09 3:00 PM","222.858439793978"
"Year 1 Aug 09 4:00 PM","163.234948328046"
"Year 1 Aug 09 5:00 PM","120.845342907631"
"Year 1 Aug 09 6:00 PM","80.2602305189349"
"Year 1 Aug 09 7:00 PM","15.3830878833546"
"Year 1 Aug 09 8:00 PM","0"
"Year 1 Aug 09 9:00 PM","0"
"Year 1 Aug 09 10:00 PM","0"
"Year 1 Aug 09 11:00 PM","0"
"Year 1 Aug 10 12:00 AM","0"
"Year 1 Aug 10 1:00 AM","0"
"Year 1 Aug 10 2:00 AM","0"
"Year 1 Aug 10 3:00 AM","0"
"Year 1 Aug 10 4:00 AM","0"
"Year 1 Aug 10 5:00 AM","1.13233627441085"
"Year 1 Aug 10 6:00 AM","18.983381776028"
"Year 1 Aug 10 7:00 AM","44.4341588020518"
"Year 1 Aug 10 8:00 AM","64.5136250406589"
"Year 1 Aug 10 9:00 AM","77.5998449906059"
"Year 1 Aug 10 10:00 AM","92.6870860510111"
"Year 1 Aug 10 11:00 AM","92.3444967220055"
"Year 1 Aug 10 12:00 PM","94.8811710390243"
"Year 1 Aug 10 1:00 PM","136.983621122802"
"Year 1 Aug 10 2:00 PM","193.73803778095"
"Year 1 Aug 10 3:00 PM","200.120054870064"
"Year 1 Aug 10 4:00 PM","94.4406409092246"
"Year 1 Aug 10 5:00 PM","40.1719118553767"
"Year 1 Aug 10 6:00 PM","16.5480780136921"
"Year 1 Aug 10 7:00 PM","16.4492809466812"
"Year 1 Aug 10 8:00 PM","0"
"Year 1 Aug 10 9:00 PM","0"
"Year 1 Aug 10 10:00 PM","0"
"Year 1 Aug 10 11:00 PM","0"
"Year 1 Aug 11 12:00 AM","0"
"Year 1 Aug 11 1:00 AM","0"
"Year 1 Aug 11 2:00 AM","0"
"Year 1 Aug 11 3:00 AM","0"
"Year 1 Aug 11 4:00 AM","0"
"Year 1 Aug 11 5:00 AM","1.07233787576974"
"Year 1 Aug 11 6:00 AM","15.9454571683842"
"Year 1 Aug 11 7:00 AM","28.8984065307896"
"Year 1 Aug 11 8:00 AM","42.0725067489123"
"Year 1 Aug 11 9:00 AM","56.8170582271744"
"Year 1 Aug 11 10:00 AM","62.9741075015775"
"Year 1 Aug 11 11:00 AM","77.732082836852"
"Year 1 Aug 11 12:00 PM","99.4712411702708"
"Year 1 Aug 11 1:00 PM","73.2307892958468"
"Year 1 Aug 11 2:00 PM","110.039465805385"
"Year 1 Aug 11 3:00 PM","176.336158644756"
"Year 1 Aug 11 4:00 PM","166.344553612053"
"Year 1 Aug 11 5:00 PM","125.797756878192"
"Year 1 Aug 11 6:00 PM","113.540584447041"
"Year 1 Aug 11 7:00 PM","59.0801913644007"
"Year 1 Aug 11 8:00 PM","0"
"Year 1 Aug 11 9:00 PM","0"
"Year 1 Aug 11 10:00 PM","0"
"Year 1 Aug 11 11:00 PM","0"
"Year 1 Aug 12 12:00 AM","0"
"Year 1 Aug 12 1:00 AM","0"
"Year 1 Aug 12 2:00 AM","0"
"Year 1 Aug 12 3:00 AM","0"
"Year 1 Aug 12 4:00 AM","0"
"Year 1 Aug 12 5:00 AM","0"
"Year 1 Aug 12 6:00 AM","16.5214679005396"
"Year 1 Aug 12 7:00 AM","46.9840843821806"
"Year 1 Aug 12 8:00 AM","70.1292854595903"
"Year 1 Aug 12 9:00 AM","85.1346178129255"
"Year 1 Aug 12 10:00 AM","92.7490080804759"
"Year 1 Aug 12 11:00 AM","100.164893166618"
"Year 1 Aug 12 12:00 PM","105.361757961929"
"Year 1 Aug 12 1:00 PM","154.065192778337"
"Year 1 Aug 12 2:00 PM","205.041954640161"
"Year 1 Aug 12 3:00 PM","174.324503897482"
"Year 1 Aug 12 4:00 PM","188.056139956844"
"Year 1 Aug 12 5:00 PM","135.286408313815"
"Year 1 Aug 12 6:00 PM","46.2800015515031"
"Year 1 Aug 12 7:00 PM","25.7104447126244"
"Year 1 Aug 12 8:00 PM","0"
"Year 1 Aug 12 9:00 PM","0"
"Year 1 Aug 12 10:00 PM","0"
"Year 1 Aug 12 11:00 PM","0"
"Year 1 Aug 13 12:00 AM","0"
"Year 1 Aug 13 1:00 AM","0"
"Year 1 Aug 13 2:00 AM","0"
"Year 1 Aug 13 3:00 AM","0"
"Year 1 Aug 13 4:00 AM","0"
"Year 1 Aug 13 5:00 AM","0"
"Year 1 Aug 13 6:00 AM","16.91162287936"
"Year 1 Aug 13 7:00 AM","37.5641031850927"
"Year 1 Aug 13 8:00 AM","54.9170468229897"
"Year 1 Aug 13 9:00 AM","61.7395735477379"
"Year 1 Aug 13 10:00 AM","63.3818727516725"
"Year 1 Aug 13 11:00 AM","63.9404785786024"
"Year 1 Aug 13 12:00 PM","66.5407021486485"
"Year 1 Aug 13 1:00 PM","119.896100157904"
"Year 1 Aug 13 2:00 PM","167.462062609503"
"Year 1 Aug 13 3:00 PM","197.074248670488"
"Year 1 Aug 13 4:00 PM","199.806484222214"
"Year 1 Aug 13 5:00 PM","166.884876795746"
"Year 1 Aug 13 6:00 PM","35.8612622411975"
"Year 1 Aug 13 7:00 PM","6.54376418338534"
"Year 1 Aug 13 8:00 PM","0"
"Year 1 Aug 13 9:00 PM","0"
"Year 1 Aug 13 10:00 PM","0"
"Year 1 Aug 13 11:00 PM","0"
"Year 1 Aug 14 12:00 AM","0"
"Year 1 Aug 14 1:00 AM","0"
"Year 1 Aug 14 2:00 AM","0"
"Year 1 Aug 14 3:00 AM","0"
"Year 1 Aug 14 4:00 AM","0"
"Year 1 Aug 14 5:00 AM","0"
"Year 1 Aug 14 6:00 AM","13.3058231651461"
"Year 1 Aug 14 7:00 AM","37.5002575265431"
"Year 1 Aug 14 8:00 AM","69.8319034024909"
"Year 1 Aug 14 9:00 AM","91.0101612708128"
"Year 1 Aug 14 10:00 AM","101.818301588807"
"Year 1 Aug 14 11:00 AM","127.649658698163"
"Year 1 Aug 14 12:00 PM","94.9957139542588"
"Year 1 Aug 14 1:00 PM","132.62637123271"
"Year 1 Aug 14 2:00 PM","154.749637690025"
"Year 1 Aug 14 3:00 PM","82.3268972203128"
"Year 1 Aug 14 4:00 PM","113.406519116645"
"Year 1 Aug 14 5:00 PM","75.7705681205686"
"Year 1 Aug 14 6:00 PM","20.3233914106762"
"Year 1 Aug 14 7:00 PM","5.44903476256271"
"Year 1 Aug 14 8:00 PM","0"
"Year 1 Aug 14 9:00 PM","0"
"Year 1 Aug 14 10:00 PM","0"
"Year 1 Aug 14 11:00 PM","0"
"Year 1 Aug 15 12:00 AM","0"
"Year 1 Aug 15 1:00 AM","0"
"Year 1 Aug 15 2:00 AM","0"
"Year 1 Aug 15 3:00 AM","0"
"Year 1 Aug 15 4:00 AM","0"
"Year 1 Aug 15 5:00 AM","0"
"Year 1 Aug 15 6:00 AM","11.3572307150225"
"Year 1 Aug 15 7:00 AM","31.3671056906177"
"Year 1 Aug 15 8:00 AM","71.3825384146174"
"Year 1 Aug 15 9:00 AM","98.4243093828588"
"Year 1 Aug 15 10:00 AM","105.743629776116"
"Year 1 Aug 15 11:00 AM","114.844245237032"
"Year 1 Aug 15 12:00 PM","116.975162606573"
"Year 1 Aug 15 1:00 PM","117.333396787962"
"Year 1 Aug 15 2:00 PM","157.785760118179"
"Year 1 Aug 15 3:00 PM","159.752320455917"
"Year 1 Aug 15 4:00 PM","135.427142924275"
"Year 1 Aug 15 5:00 PM","166.258340714993"
"Year 1 Aug 15 6:00 PM","66.3005184597264"
"Year 1 Aug 15 7:00 PM","5.45298475531861"
"Year 1 Aug 15 8:00 PM","0"
"Year 1 Aug 15 9:00 PM","0"
"Year 1 Aug 15 10:00 PM","0"
"Year 1 Aug 15 11:00 PM","0"
"Year 1 Aug 16 12:00 AM","0"
"Year 1 Aug 16 1:00 AM","0"
"Year 1 Aug 16 2:00 AM","0"
"Year 1 Aug 16 3:00 AM","0"
"Year 1 Aug 16 4:00 AM","0"
"Year 1 Aug 16 5:00 AM","0"
"Year 1 Aug 16 6:00 AM","14.2130885467915"
"Year 1 Aug 16 7:00 AM","36.5340460786627"
"Year 1 Aug 16 8:00 AM","76.1915282499434"
"Year 1 Aug 16 9:00 AM","88.2127277363402"
"Year 1 Aug 16 10:00 AM","95.8400471762782"
"Year 1 Aug 16 11:00 AM","88.8304536799377"
"Year 1 Aug 16 12:00 PM","97.3772546523919"
"Year 1 Aug 16 1:00 PM","126.20155382872"
"Year 1 Aug 16 2:00 PM","151.784325445868"
"Year 1 Aug 16 3:00 PM","150.029189270548"
"Year 1 Aug 16 4:00 PM","145.712544965032"
"Year 1 Aug 16 5:00 PM","140.537424569104"
"Year 1 Aug 16 6:00 PM","112.813820550858"
"Year 1 Aug 16 7:00 PM","50.266161548315"
"Year 1 Aug 16 8:00 PM","0"
"Year 1 Aug 16 9:00 PM","0"
"Year 1 Aug 16 10:00 PM","0"
"Year 1 Aug 16 11:00 PM","0"
"Year 1 Aug 17 12:00 AM","0"
"Year 1 Aug 17 1:00 AM","0"
"Year 1 Aug 17 2:00 AM","0"
"Year 1 Aug 17 3:00 AM","0"
"Year 1 Aug 17 4:00 AM","0"
"Year 1 Aug 17 5:00 AM","0"
"Year 1 Aug 17 6:00 AM","14.8451849094722"
"Year 1 Aug 17 7:00 AM","38.876411817706"
"Year 1 Aug 17 8:00 AM","69.2120141547718"
"Year 1 Aug 17 9:00 AM","95.6246442882611"
"Year 1 Aug 17 10:00 AM","103.231113346416"
"Year 1 Aug 17 11:00 AM","101.623328561082"
"Year 1 Aug 17 12:00 PM","101.317653974857"
"Year 1 Aug 17 1:00 PM","137.32737513379"
"Year 1 Aug 17 2:00 PM","188.033339485424"
"Year 1 Aug 17 3:00 PM","194.063497843553"
"Year 1 Aug 17 4:00 PM","196.992719434666"
"Year 1 Aug 17 5:00 PM","159.917527635373"
"Year 1 Aug 17 6:00 PM","104.690620371395"
"Year 1 Aug 17 7:00 PM","31.5367892094015"
"Year 1 Aug 17 8:00 PM","0"
"Year 1 Aug 17 9:00 PM","0"
"Year 1 Aug 17 10:00 PM","0"
"Year 1 Aug 17 11:00 PM","0"
"Year 1 Aug 18 12:00 AM","0"
"Year 1 Aug 18 1:00 AM","0"
"Year 1 Aug 18 2:00 AM","0"
"Year 1 Aug 18 3:00 AM","0"
"Year 1 Aug 18 4:00 AM","0"
"Year 1 Aug 18 5:00 AM","0"
"Year 1 Aug 18 6:00 AM","14.2899490713873"
"Year 1 Aug 18 7:00 AM","28.3036210607002"
"Year 1 Aug 18 8:00 AM","39.6085985015756"
"Year 1 Aug 18 9:00 AM","51.1575381189661"
"Year 1 Aug 18 10:00 AM","49.5962957682593"
"Year 1 Aug 18 11:00 AM","49.7533273539009"
"Year 1 Aug 18 12:00 PM","50.5134352626668"
"Year 1 Aug 18 1:00 PM","58.0212131981971"
"Year 1 Aug 18 2:00 PM","68.896001457767"
"Year 1 Aug 18 3:00 PM","84.2772790230522"
"Year 1 Aug 18 4:00 PM","101.471902806266"
"Year 1 Aug 18 5:00 PM","102.185068988154"
"Year 1 Aug 18 6:00 PM","97.893669294933"
"Year 1 Aug 18 7:00 PM","47.2988189477605"
"Year 1 Aug 18 8:00 PM","0"
"Year 1 Aug 18 9:00 PM","0"
"Year 1 Aug 18 10:00 PM","0"
"Year 1 Aug 18 11:00 PM","0"
"Year 1 Aug 19 12:00 AM","0"
"Year 1 Aug 19 1:00 AM","0"
"Year 1 Aug 19 2:00 AM","0"
"Year 1 Aug 19 3:00 AM","0"
"Year 1 Aug 19 4:00 AM","0"
"Year 1 Aug 19 5:00 AM","0"
"Year 1 Aug 19 6:00 AM","14.8145525245188"
"Year 1 Aug 19 7:00 AM","36.1085535486926"
"Year 1 Aug 19 8:00 AM","53.2087595937453"
"Year 1 Aug 19 9:00 AM","60.3118756561755"
"Year 1 Aug 19 10:00 AM","67.9561078096918"
"Year 1 Aug 19 11:00 AM","93.1437065048778"
"Year 1 Aug 19 12:00 PM","85.4548509088944"
"Year 1 Aug 19 1:00 PM","142.326355298115"
"Year 1 Aug 19 2:00 PM","176.875755523609"
"Year 1 Aug 19 3:00 PM","192.995064439438"
"Year 1 Aug 19 4:00 PM","178.686221890414"
"Year 1 Aug 19 5:00 PM","123.802786995956"
"Year 1 Aug 19 6:00 PM","62.4538925512631"
"Year 1 Aug 19 7:00 PM","19.3728227866326"
"Year 1 Aug 19 8:00 PM","0"
"Year 1 Aug 19 9:00 PM","0"
"Year 1 Aug 19 10:00 PM","0"
"Year 1 Aug 19 11:00 PM","0"
"Year 1 Aug 20 12:00 AM","0"
"Year 1 Aug 20 1:00 AM","0"
"Year 1 Aug 20 2:00 AM","0"
"Year 1 Aug 20 3:00 AM","0"
"Year 1 Aug 20 4:00 AM","0"
"Year 1 Aug 20 5:00 AM","0"
"Year 1 Aug 20 6:00 AM","12.9535204852356"
"Year 1 Aug 20 7:00 AM","38.6171993279182"
"Year 1 Aug 20 8:00 AM","67.5050442376734"
"Year 1 Aug 20 9:00 AM","109.382037703445"
"Year 1 Aug 20 10:00 AM","112.962148595444"
"Year 1 Aug 20 11:00 AM","112.404639806171"
"Year 1 Aug 20 12:00 PM","111.318292163872"
"Year 1 Aug 20 1:00 PM","145.242462477882"
"Year 1 Aug 20 2:00 PM","200.374535840668"
"Year 1 Aug 20 3:00 PM","217.762112652338"
"Year 1 Aug 20 4:00 PM","179.68805821658"
"Year 1 Aug 20 5:00 PM","145.436959375306"
"Year 1 Aug 20 6:00 PM","78.9469700603899"
"Year 1 Aug 20 7:00 PM","20.4118671919992"
"Year 1 Aug 20 8:00 PM","0"
"Year 1 Aug 20 9:00 PM","0"
"Year 1 Aug 20 10:00 PM","0"
"Year 1 Aug 20 11:00 PM","0"
"Year 1 Aug 21 12:00 AM","0"
"Year 1 Aug 21 1:00 AM","0"
"Year 1 Aug 21 2:00 AM","0"
"Year 1 Aug 21 3:00 AM","0"
"Year 1 Aug 21 4:00 AM","0"
"Year 1 Aug 21 5:00 AM","0"
"Year 1 Aug 21 6:00 AM","14.0991148754153"
"Year 1 Aug 21 7:00 AM","40.4686030386005"
"Year 1 Aug 21 8:00 AM","62.1591085786973"
"Year 1 Aug 21 9:00 AM","72.1000933512833"
"Year 1 Aug 21 10:00 AM","77.8497926649978"
"Year 1 Aug 21 11:00 AM","71.4003022949964"
"Year 1 Aug 21 12:00 PM","68.7593890617122"
"Year 1 Aug 21 1:00 PM","106.19683051967"
"Year 1 Aug 21 2:00 PM","161.194247443991"
"Year 1 Aug 21 3:00 PM","173.760368689033"
"Year 1 Aug 21 4:00 PM","183.625190816634"
"Year 1 Aug 21 5:00 PM","127.363226926768"
"Year 1 Aug 21 6:00 PM","72.3036246445848"
"Year 1 Aug 21 7:00 PM","13.0562538724274"
"Year 1 Aug 21 8:00 PM","0"
"Year 1 Aug 21 9:00 PM","0"
"Year 1 Aug 21 10:00 PM","0"
"Year 1 Aug 21 11:00 PM","0"
"Year 1 Aug 22 12:00 AM","0"
"Year 1 Aug 22 1:00 AM","0"
"Year 1 Aug 22 2:00 AM","0"
"Year 1 Aug 22 3:00 AM","0"
"Year 1 Aug 22 4:00 AM","0"
"Year 1 Aug 22 5:00 AM","0"
"Year 1 Aug 22 6:00 AM","4.55350110794617"
"Year 1 Aug 22 7:00 AM","21.8396303660515"
"Year 1 Aug 22 8:00 AM","44.6982384031002"
"Year 1 Aug 22 9:00 AM","87.3993064393516"
"Year 1 Aug 22 10:00 AM","119.892266224162"
"Year 1 Aug 22 11:00 AM","128.623897593678"
"Year 1 Aug 22 12:00 PM","152.826841124865"
"Year 1 Aug 22 1:00 PM","147.612237453084"
"Year 1 Aug 22 2:00 PM","147.059134490952"
"Year 1 Aug 22 3:00 PM","187.301181647547"
"Year 1 Aug 22 4:00 PM","170.629127511031"
"Year 1 Aug 22 5:00 PM","137.60443695029"
"Year 1 Aug 22 6:00 PM","98.6750999390088"
"Year 1 Aug 22 7:00 PM","29.2045168022436"
"Year 1 Aug 22 8:00 PM","0"
"Year 1 Aug 22 9:00 PM","0"
"Year 1 Aug 22 10:00 PM","0"
"Year 1 Aug 22 11:00 PM","0"
"Year 1 Aug 23 12:00 AM","0"
"Year 1 Aug 23 1:00 AM","0"
"Year 1 Aug 23 2:00 AM","0"
"Year 1 Aug 23 3:00 AM","0"
"Year 1 Aug 23 4:00 AM","0"
"Year 1 Aug 23 5:00 AM","0"
"Year 1 Aug 23 6:00 AM","8.32092303225254"
"Year 1 Aug 23 7:00 AM","26.0202316194644"
"Year 1 Aug 23 8:00 AM","61.6271017153237"
"Year 1 Aug 23 9:00 AM","77.5716674160646"
"Year 1 Aug 23 10:00 AM","70.939870161667"
"Year 1 Aug 23 11:00 AM","92.8181856198201"
"Year 1 Aug 23 12:00 PM","97.5350501378213"
"Year 1 Aug 23 1:00 PM","148.324092720129"
"Year 1 Aug 23 2:00 PM","154.506414188925"
"Year 1 Aug 23 3:00 PM","148.493103430302"
"Year 1 Aug 23 4:00 PM","123.746879196364"
"Year 1 Aug 23 5:00 PM","75.6849655743993"
"Year 1 Aug 23 6:00 PM","49.326837446025"
"Year 1 Aug 23 7:00 PM","13.9937676307792"
"Year 1 Aug 23 8:00 PM","0"
"Year 1 Aug 23 9:00 PM","0"
"Year 1 Aug 23 10:00 PM","0"
"Year 1 Aug 23 11:00 PM","0"
"Year 1 Aug 24 12:00 AM","0"
"Year 1 Aug 24 1:00 AM","0"
"Year 1 Aug 24 2:00 AM","0"
"Year 1 Aug 24 3:00 AM","0"
"Year 1 Aug 24 4:00 AM","0"
"Year 1 Aug 24 5:00 AM","0"
"Year 1 Aug 24 6:00 AM","8.63554008904982"
"Year 1 Aug 24 7:00 AM","32.2405953089335"
"Year 1 Aug 24 8:00 AM","63.825252804669"
"Year 1 Aug 24 9:00 AM","100.784147386132"
"Year 1 Aug 24 10:00 AM","114.403132176581"
"Year 1 Aug 24 11:00 AM","112.896459218799"
"Year 1 Aug 24 12:00 PM","115.695925839906"
"Year 1 Aug 24 1:00 PM","145.380855013577"
"Year 1 Aug 24 2:00 PM","197.686517040756"
"Year 1 Aug 24 3:00 PM","199.317841480416"
"Year 1 Aug 24 4:00 PM","181.588405516706"
"Year 1 Aug 24 5:00 PM","142.044233712233"
"Year 1 Aug 24 6:00 PM","110.132661144605"
"Year 1 Aug 24 7:00 PM","28.984189538775"
"Year 1 Aug 24 8:00 PM","0"
"Year 1 Aug 24 9:00 PM","0"
"Year 1 Aug 24 10:00 PM","0"
"Year 1 Aug 24 11:00 PM","0"
"Year 1 Aug 25 12:00 AM","0"
"Year 1 Aug 25 1:00 AM","0"
"Year 1 Aug 25 2:00 AM","0"
"Year 1 Aug 25 3:00 AM","0"
"Year 1 Aug 25 4:00 AM","0"
"Year 1 Aug 25 5:00 AM","0"
"Year 1 Aug 25 6:00 AM","13.3639965571551"
"Year 1 Aug 25 7:00 AM","43.1933477912657"
"Year 1 Aug 25 8:00 AM","66.4306634427078"
"Year 1 Aug 25 9:00 AM","77.8763553925119"
"Year 1 Aug 25 10:00 AM","69.218160844686"
"Year 1 Aug 25 11:00 AM","62.449503607994"
"Year 1 Aug 25 12:00 PM","59.8821450050858"
"Year 1 Aug 25 1:00 PM","77.9411720455523"
"Year 1 Aug 25 2:00 PM","110.405378555376"
"Year 1 Aug 25 3:00 PM","138.828048309098"
"Year 1 Aug 25 4:00 PM","140.8637624424"
"Year 1 Aug 25 5:00 PM","137.540993341601"
"Year 1 Aug 25 6:00 PM","109.797157247079"
"Year 1 Aug 25 7:00 PM","23.9917195102842"
"Year 1 Aug 25 8:00 PM","0"
"Year 1 Aug 25 9:00 PM","0"
"Year 1 Aug 25 10:00 PM","0"
"Year 1 Aug 25 11:00 PM","0"
"Year 1 Aug 26 12:00 AM","0"
"Year 1 Aug 26 1:00 AM","0"
"Year 1 Aug 26 2:00 AM","0"
"Year 1 Aug 26 3:00 AM","0"
"Year 1 Aug 26 4:00 AM","0"
"Year 1 Aug 26 5:00 AM","0"
"Year 1 Aug 26 6:00 AM","9.55915999751284"
"Year 1 Aug 26 7:00 AM","34.4820914044588"
"Year 1 Aug 26 8:00 AM","66.116733943547"
"Year 1 Aug 26 9:00 AM","85.1931577270013"
"Year 1 Aug 26 10:00 AM","116.420803954361"
"Year 1 Aug 26 11:00 AM","129.734440832749"
"Year 1 Aug 26 12:00 PM","126.428834580148"
"Year 1 Aug 26 1:00 PM","135.823627128279"
"Year 1 Aug 26 2:00 PM","148.58763820125"
"Year 1 Aug 26 3:00 PM","118.927000895168"
"Year 1 Aug 26 4:00 PM","99.4779648361829"
"Year 1 Aug 26 5:00 PM","31.2560435124127"
"Year 1 Aug 26 6:00 PM","27.0583343620602"
"Year 1 Aug 26 7:00 PM","8.15293323544126"
"Year 1 Aug 26 8:00 PM","0"
"Year 1 Aug 26 9:00 PM","0"
"Year 1 Aug 26 10:00 PM","0"
"Year 1 Aug 26 11:00 PM","0"
"Year 1 Aug 27 12:00 AM","0"
"Year 1 Aug 27 1:00 AM","0"
"Year 1 Aug 27 2:00 AM","0"
"Year 1 Aug 27 3:00 AM","0"
"Year 1 Aug 27 4:00 AM","0"
"Year 1 Aug 27 5:00 AM","0"
"Year 1 Aug 27 6:00 AM","11.0110919739512"
"Year 1 Aug 27 7:00 AM","38.9314939703987"
"Year 1 Aug 27 8:00 AM","65.9736104065799"
"Year 1 Aug 27 9:00 AM","84.0530737987832"
"Year 1 Aug 27 10:00 AM","117.295057124248"
"Year 1 Aug 27 11:00 AM","125.291712192582"
"Year 1 Aug 27 12:00 PM","128.008783562592"
"Year 1 Aug 27 1:00 PM","135.363605015708"
"Year 1 Aug 27 2:00 PM","165.798399267905"
"Year 1 Aug 27 3:00 PM","198.871995182246"
"Year 1 Aug 27 4:00 PM","201.749905787909"
"Year 1 Aug 27 5:00 PM","151.413992646471"
"Year 1 Aug 27 6:00 PM","73.3493434734755"
"Year 1 Aug 27 7:00 PM","15.2824241834278"
"Year 1 Aug 27 8:00 PM","0"
"Year 1 Aug 27 9:00 PM","0"
"Year 1 Aug 27 10:00 PM","0"
"Year 1 Aug 27 11:00 PM","0"
"Year 1 Aug 28 12:00 AM","0"
"Year 1 Aug 28 1:00 AM","0"
"Year 1 Aug 28 2:00 AM","0"
"Year 1 Aug 28 3:00 AM","0"
"Year 1 Aug 28 4:00 AM","0"
"Year 1 Aug 28 5:00 AM","0"
"Year 1 Aug 28 6:00 AM","5.71313376060369"
"Year 1 Aug 28 7:00 AM","18.0477568092464"
"Year 1 Aug 28 8:00 AM","40.542723471377"
"Year 1 Aug 28 9:00 AM","93.3527459257807"
"Year 1 Aug 28 10:00 AM","114.034704459031"
"Year 1 Aug 28 11:00 AM","100.160973436827"
"Year 1 Aug 28 12:00 PM","115.746668440837"
"Year 1 Aug 28 1:00 PM","122.496950000842"
"Year 1 Aug 28 2:00 PM","178.309696701953"
"Year 1 Aug 28 3:00 PM","145.944809015509"
"Year 1 Aug 28 4:00 PM","108.390222517994"
"Year 1 Aug 28 5:00 PM","54.4574063261008"
"Year 1 Aug 28 6:00 PM","29.5881193297615"
"Year 1 Aug 28 7:00 PM","7.05726664036998"
"Year 1 Aug 28 8:00 PM","0"
"Year 1 Aug 28 9:00 PM","0"
"Year 1 Aug 28 10:00 PM","0"
"Year 1 Aug 28 11:00 PM","0"
"Year 1 Aug 29 12:00 AM","0"
"Year 1 Aug 29 1:00 AM","0"
"Year 1 Aug 29 2:00 AM","0"
"Year 1 Aug 29 3:00 AM","0"
"Year 1 Aug 29 4:00 AM","0"
"Year 1 Aug 29 5:00 AM","0"
"Year 1 Aug 29 6:00 AM","9.69267311339874"
"Year 1 Aug 29 7:00 AM","28.2783156360358"
"Year 1 Aug 29 8:00 AM","35.6321181457003"
"Year 1 Aug 29 9:00 AM","58.6623946271985"
"Year 1 Aug 29 10:00 AM","107.047660716151"
"Year 1 Aug 29 11:00 AM","104.6193383015"
"Year 1 Aug 29 12:00 PM","84.1674665239716"
"Year 1 Aug 29 1:00 PM","142.152715558697"
"Year 1 Aug 29 2:00 PM","166.035919847349"
"Year 1 Aug 29 3:00 PM","157.794750487375"
"Year 1 Aug 29 4:00 PM","183.531218173058"
"Year 1 Aug 29 5:00 PM","118.086387837806"
"Year 1 Aug 29 6:00 PM","35.3122967016861"
"Year 1 Aug 29 7:00 PM","7.46680767805443"
"Year 1 Aug 29 8:00 PM","0"
"Year 1 Aug 29 9:00 PM","0"
"Year 1 Aug 29 10:00 PM","0"
"Year 1 Aug 29 11:00 PM","0"
"Year 1 Aug 30 12:00 AM","0"
"Year 1 Aug 30 1:00 AM","0"
"Year 1 Aug 30 2:00 AM","0"
"Year 1 Aug 30 3:00 AM","0"
"Year 1 Aug 30 4:00 AM","0"
"Year 1 Aug 30 5:00 AM","0"
"Year 1 Aug 30 6:00 AM","11.6377256724664"
"Year 1 Aug 30 7:00 AM","35.3465575512528"
"Year 1 Aug 30 8:00 AM","53.1866495435347"
"Year 1 Aug 30 9:00 AM","65.8512976188179"
"Year 1 Aug 30 10:00 AM","62.5886999132982"
"Year 1 Aug 30 11:00 AM","74.7615372821358"
"Year 1 Aug 30 12:00 PM","85.3103641453556"
"Year 1 Aug 30 1:00 PM","84.7167986098834"
"Year 1 Aug 30 2:00 PM","111.571204598409"
"Year 1 Aug 30 3:00 PM","143.017383013475"
"Year 1 Aug 30 4:00 PM","150.015435742476"
"Year 1 Aug 30 5:00 PM","135.857276527654"
"Year 1 Aug 30 6:00 PM","108.198117837365"
"Year 1 Aug 30 7:00 PM","17.1566051941346"
"Year 1 Aug 30 8:00 PM","0"
"Year 1 Aug 30 9:00 PM","0"
"Year 1 Aug 30 10:00 PM","0"
"Year 1 Aug 30 11:00 PM","0"
"Year 1 Aug 31 12:00 AM","0"
"Year 1 Aug 31 1:00 AM","0"
"Year 1 Aug 31 2:00 AM","0"
"Year 1 Aug 31 3:00 AM","0"
"Year 1 Aug 31 4:00 AM","0"
"Year 1 Aug 31 5:00 AM","0"
"Year 1 Aug 31 6:00 AM","10.9639340311677"
"Year 1 Aug 31 7:00 AM","31.7805714315852"
"Year 1 Aug 31 8:00 AM","50.8637106574808"
"Year 1 Aug 31 9:00 AM","65.0025684566688"
"Year 1 Aug 31 10:00 AM","78.5330010286687"
"Year 1 Aug 31 11:00 AM","99.2729267570454"
"Year 1 Aug 31 12:00 PM","112.960597008161"
"Year 1 Aug 31 1:00 PM","104.848233141708"
"Year 1 Aug 31 2:00 PM","82.755933397062"
"Year 1 Aug 31 3:00 PM","127.835995617188"
"Year 1 Aug 31 4:00 PM","145.503765053314"
"Year 1 Aug 31 5:00 PM","36.4290338094236"
"Year 1 Aug 31 6:00 PM","10.1566374892157"
"Year 1 Aug 31 7:00 PM","1.28436745895758"
"Year 1 Aug 31 8:00 PM","0"
"Year 1 Aug 31 9:00 PM","0"
"Year 1 Aug 31 10:00 PM","0"
"Year 1 Aug 31 11:00 PM","0"
"Year 1 Sep 01 12:00 AM","0"
"Year 1 Sep 01 1:00 AM","0"
"Year 1 Sep 01 2:00 AM","0"
"Year 1 Sep 01 3:00 AM","0"
"Year 1 Sep 01 4:00 AM","0"
"Year 1 Sep 01 5:00 AM","0"
"Year 1 Sep 01 6:00 AM","8.08096779750089"
"Year 1 Sep 01 7:00 AM","26.0819920617969"
"Year 1 Sep 01 8:00 AM","38.7733151394944"
"Year 1 Sep 01 9:00 AM","46.3428840495921"
"Year 1 Sep 01 10:00 AM","56.2038111705724"
"Year 1 Sep 01 11:00 AM","60.7850675523855"
"Year 1 Sep 01 12:00 PM","58.2371574551036"
"Year 1 Sep 01 1:00 PM","98.197347598272"
"Year 1 Sep 01 2:00 PM","127.808767923129"
"Year 1 Sep 01 3:00 PM","171.961889863555"
"Year 1 Sep 01 4:00 PM","150.259709737746"
"Year 1 Sep 01 5:00 PM","118.367646781937"
"Year 1 Sep 01 6:00 PM","101.558072948519"
"Year 1 Sep 01 7:00 PM","16.3069130302381"
"Year 1 Sep 01 8:00 PM","0"
"Year 1 Sep 01 9:00 PM","0"
"Year 1 Sep 01 10:00 PM","0"
"Year 1 Sep 01 11:00 PM","0"
"Year 1 Sep 02 12:00 AM","0"
"Year 1 Sep 02 1:00 AM","0"
"Year 1 Sep 02 2:00 AM","0"
"Year 1 Sep 02 3:00 AM","0"
"Year 1 Sep 02 4:00 AM","0"
"Year 1 Sep 02 5:00 AM","0"
"Year 1 Sep 02 6:00 AM","8.74431746171545"
"Year 1 Sep 02 7:00 AM","35.6297091999016"
"Year 1 Sep 02 8:00 AM","69.9056098918855"
"Year 1 Sep 02 9:00 AM","95.2321653521649"
"Year 1 Sep 02 10:00 AM","109.165804118521"
"Year 1 Sep 02 11:00 AM","93.5067701507055"
"Year 1 Sep 02 12:00 PM","97.7622623108086"
"Year 1 Sep 02 1:00 PM","123.323359179277"
"Year 1 Sep 02 2:00 PM","174.551252962368"
"Year 1 Sep 02 3:00 PM","150.527360420825"
"Year 1 Sep 02 4:00 PM","133.523452939934"
"Year 1 Sep 02 5:00 PM","115.948432119507"
"Year 1 Sep 02 6:00 PM","100.19711263138"
"Year 1 Sep 02 7:00 PM","15.0571498470411"
"Year 1 Sep 02 8:00 PM","0"
"Year 1 Sep 02 9:00 PM","0"
"Year 1 Sep 02 10:00 PM","0"
"Year 1 Sep 02 11:00 PM","0"
"Year 1 Sep 03 12:00 AM","0"
"Year 1 Sep 03 1:00 AM","0"
"Year 1 Sep 03 2:00 AM","0"
"Year 1 Sep 03 3:00 AM","0"
"Year 1 Sep 03 4:00 AM","0"
"Year 1 Sep 03 5:00 AM","0"
"Year 1 Sep 03 6:00 AM","9.45517335914533"
"Year 1 Sep 03 7:00 AM","33.7930843893421"
"Year 1 Sep 03 8:00 AM","52.4377154095531"
"Year 1 Sep 03 9:00 AM","65.4995301079455"
"Year 1 Sep 03 10:00 AM","69.1744630848092"
"Year 1 Sep 03 11:00 AM","69.0822206273182"
"Year 1 Sep 03 12:00 PM","69.3708981671654"
"Year 1 Sep 03 1:00 PM","98.2611815496312"
"Year 1 Sep 03 2:00 PM","134.675508379963"
"Year 1 Sep 03 3:00 PM","158.309759928613"
"Year 1 Sep 03 4:00 PM","161.161331537715"
"Year 1 Sep 03 5:00 PM","136.919487574578"
"Year 1 Sep 03 6:00 PM","94.0029317288468"
"Year 1 Sep 03 7:00 PM","9.64359976052751"
"Year 1 Sep 03 8:00 PM","0"
"Year 1 Sep 03 9:00 PM","0"
"Year 1 Sep 03 10:00 PM","0"
"Year 1 Sep 03 11:00 PM","0"
"Year 1 Sep 04 12:00 AM","0"
"Year 1 Sep 04 1:00 AM","0"
"Year 1 Sep 04 2:00 AM","0"
"Year 1 Sep 04 3:00 AM","0"
"Year 1 Sep 04 4:00 AM","0"
"Year 1 Sep 04 5:00 AM","0"
"Year 1 Sep 04 6:00 AM","8.87078547584925"
"Year 1 Sep 04 7:00 AM","30.6303405610992"
"Year 1 Sep 04 8:00 AM","45.6102083380454"
"Year 1 Sep 04 9:00 AM","53.0740161697959"
"Year 1 Sep 04 10:00 AM","58.948147162752"
"Year 1 Sep 04 11:00 AM","59.9614848802223"
"Year 1 Sep 04 12:00 PM","59.8828638721412"
"Year 1 Sep 04 1:00 PM","81.5008613217851"
"Year 1 Sep 04 2:00 PM","108.903303018211"
"Year 1 Sep 04 3:00 PM","132.440315669706"
"Year 1 Sep 04 4:00 PM","139.833602120811"
"Year 1 Sep 04 5:00 PM","130.715945164139"
"Year 1 Sep 04 6:00 PM","101.167376450945"
"Year 1 Sep 04 7:00 PM","8.07579049595271"
"Year 1 Sep 04 8:00 PM","0"
"Year 1 Sep 04 9:00 PM","0"
"Year 1 Sep 04 10:00 PM","0"
"Year 1 Sep 04 11:00 PM","0"
"Year 1 Sep 05 12:00 AM","0"
"Year 1 Sep 05 1:00 AM","0"
"Year 1 Sep 05 2:00 AM","0"
"Year 1 Sep 05 3:00 AM","0"
"Year 1 Sep 05 4:00 AM","0"
"Year 1 Sep 05 5:00 AM","0"
"Year 1 Sep 05 6:00 AM","8.88018298429802"
"Year 1 Sep 05 7:00 AM","32.8740287753139"
"Year 1 Sep 05 8:00 AM","51.1937269214908"
"Year 1 Sep 05 9:00 AM","63.7513245839592"
"Year 1 Sep 05 10:00 AM","67.4073848300318"
"Year 1 Sep 05 11:00 AM","67.5460310479727"
"Year 1 Sep 05 12:00 PM","70.2994478213198"
"Year 1 Sep 05 1:00 PM","114.081751904921"
"Year 1 Sep 05 2:00 PM","155.486829695215"
"Year 1 Sep 05 3:00 PM","171.917261762366"
"Year 1 Sep 05 4:00 PM","159.969178234862"
"Year 1 Sep 05 5:00 PM","133.74857029994"
"Year 1 Sep 05 6:00 PM","90.3398185641405"
"Year 1 Sep 05 7:00 PM","7.70887462439882"
"Year 1 Sep 05 8:00 PM","0"
"Year 1 Sep 05 9:00 PM","0"
"Year 1 Sep 05 10:00 PM","0"
"Year 1 Sep 05 11:00 PM","0"
"Year 1 Sep 06 12:00 AM","0"
"Year 1 Sep 06 1:00 AM","0"
"Year 1 Sep 06 2:00 AM","0"
"Year 1 Sep 06 3:00 AM","0"
"Year 1 Sep 06 4:00 AM","0"
"Year 1 Sep 06 5:00 AM","0"
"Year 1 Sep 06 6:00 AM","8.38399609922445"
"Year 1 Sep 06 7:00 AM","29.2465715469043"
"Year 1 Sep 06 8:00 AM","40.8959902132193"
"Year 1 Sep 06 9:00 AM","49.5395198684134"
"Year 1 Sep 06 10:00 AM","54.8865923423953"
"Year 1 Sep 06 11:00 AM","58.5729010649657"
"Year 1 Sep 06 12:00 PM","85.4546815435474"
"Year 1 Sep 06 1:00 PM","112.340964636998"
"Year 1 Sep 06 2:00 PM","171.057496725333"
"Year 1 Sep 06 3:00 PM","131.373726782928"
"Year 1 Sep 06 4:00 PM","147.316812665193"
"Year 1 Sep 06 5:00 PM","126.916770258021"
"Year 1 Sep 06 6:00 PM","60.7609554665293"
"Year 1 Sep 06 7:00 PM","6.75355766307691"
"Year 1 Sep 06 8:00 PM","0"
"Year 1 Sep 06 9:00 PM","0"
"Year 1 Sep 06 10:00 PM","0"
"Year 1 Sep 06 11:00 PM","0"
"Year 1 Sep 07 12:00 AM","0"
"Year 1 Sep 07 1:00 AM","0"
"Year 1 Sep 07 2:00 AM","0"
"Year 1 Sep 07 3:00 AM","0"
"Year 1 Sep 07 4:00 AM","0"
"Year 1 Sep 07 5:00 AM","0"
"Year 1 Sep 07 6:00 AM","6.47418414367899"
"Year 1 Sep 07 7:00 AM","28.6435221594691"
"Year 1 Sep 07 8:00 AM","53.2665315933708"
"Year 1 Sep 07 9:00 AM","84.0854630641814"
"Year 1 Sep 07 10:00 AM","104.406409531029"
"Year 1 Sep 07 11:00 AM","123.670265176946"
"Year 1 Sep 07 12:00 PM","143.968190314712"
"Year 1 Sep 07 1:00 PM","164.972355800166"
"Year 1 Sep 07 2:00 PM","171.689405650945"
"Year 1 Sep 07 3:00 PM","155.878344322"
"Year 1 Sep 07 4:00 PM","121.119882114815"
"Year 1 Sep 07 5:00 PM","78.6301372163367"
"Year 1 Sep 07 6:00 PM","43.5753376080427"
"Year 1 Sep 07 7:00 PM","6.55317522905942"
"Year 1 Sep 07 8:00 PM","0"
"Year 1 Sep 07 9:00 PM","0"
"Year 1 Sep 07 10:00 PM","0"
"Year 1 Sep 07 11:00 PM","0"
"Year 1 Sep 08 12:00 AM","0"
"Year 1 Sep 08 1:00 AM","0"
"Year 1 Sep 08 2:00 AM","0"
"Year 1 Sep 08 3:00 AM","0"
"Year 1 Sep 08 4:00 AM","0"
"Year 1 Sep 08 5:00 AM","0"
"Year 1 Sep 08 6:00 AM","7.77045032704778"
"Year 1 Sep 08 7:00 AM","34.3506445875381"
"Year 1 Sep 08 8:00 AM","69.9555528935341"
"Year 1 Sep 08 9:00 AM","97.5037960941423"
"Year 1 Sep 08 10:00 AM","118.729483336268"
"Year 1 Sep 08 11:00 AM","125.140383066015"
"Year 1 Sep 08 12:00 PM","130.984533620524"
"Year 1 Sep 08 1:00 PM","130.046737897307"
"Year 1 Sep 08 2:00 PM","143.648808301443"
"Year 1 Sep 08 3:00 PM","187.207806479096"
"Year 1 Sep 08 4:00 PM","157.116513647848"
"Year 1 Sep 08 5:00 PM","124.062973525994"
"Year 1 Sep 08 6:00 PM","54.8264322000515"
"Year 1 Sep 08 7:00 PM","6.21927830266991"
"Year 1 Sep 08 8:00 PM","0"
"Year 1 Sep 08 9:00 PM","0"
"Year 1 Sep 08 10:00 PM","0"
"Year 1 Sep 08 11:00 PM","0"
"Year 1 Sep 09 12:00 AM","0"
"Year 1 Sep 09 1:00 AM","0"
"Year 1 Sep 09 2:00 AM","0"
"Year 1 Sep 09 3:00 AM","0"
"Year 1 Sep 09 4:00 AM","0"
"Year 1 Sep 09 5:00 AM","0"
"Year 1 Sep 09 6:00 AM","7.74781060242187"
"Year 1 Sep 09 7:00 AM","30.7335909438225"
"Year 1 Sep 09 8:00 AM","60.5732231639728"
"Year 1 Sep 09 9:00 AM","55.4808169240385"
"Year 1 Sep 09 10:00 AM","69.819970952707"
"Year 1 Sep 09 11:00 AM","102.823017157102"
"Year 1 Sep 09 12:00 PM","109.23035658906"
"Year 1 Sep 09 1:00 PM","114.182720679822"
"Year 1 Sep 09 2:00 PM","162.922944183381"
"Year 1 Sep 09 3:00 PM","201.102300849212"
"Year 1 Sep 09 4:00 PM","159.62123160023"
"Year 1 Sep 09 5:00 PM","129.919362413758"
"Year 1 Sep 09 6:00 PM","94.9319399103976"
"Year 1 Sep 09 7:00 PM","0"
"Year 1 Sep 09 8:00 PM","0"
"Year 1 Sep 09 9:00 PM","0"
"Year 1 Sep 09 10:00 PM","0"
"Year 1 Sep 09 11:00 PM","0"
"Year 1 Sep 10 12:00 AM","0"
"Year 1 Sep 10 1:00 AM","0"
"Year 1 Sep 10 2:00 AM","0"
"Year 1 Sep 10 3:00 AM","0"
"Year 1 Sep 10 4:00 AM","0"
"Year 1 Sep 10 5:00 AM","0"
"Year 1 Sep 10 6:00 AM","7.08293140632861"
"Year 1 Sep 10 7:00 AM","32.7411393911805"
"Year 1 Sep 10 8:00 AM","59.5116545218454"
"Year 1 Sep 10 9:00 AM","74.0441494822037"
"Year 1 Sep 10 10:00 AM","76.7301437120575"
"Year 1 Sep 10 11:00 AM","82.1164251046824"
"Year 1 Sep 10 12:00 PM","86.1081794186657"
"Year 1 Sep 10 1:00 PM","129.871993649952"
"Year 1 Sep 10 2:00 PM","152.622946130346"
"Year 1 Sep 10 3:00 PM","104.69477534838"
"Year 1 Sep 10 4:00 PM","81.7181019894742"
"Year 1 Sep 10 5:00 PM","37.7622612138154"
"Year 1 Sep 10 6:00 PM","13.9115918509466"
"Year 1 Sep 10 7:00 PM","0"
"Year 1 Sep 10 8:00 PM","0"
"Year 1 Sep 10 9:00 PM","0"
"Year 1 Sep 10 10:00 PM","0"
"Year 1 Sep 10 11:00 PM","0"
"Year 1 Sep 11 12:00 AM","0"
"Year 1 Sep 11 1:00 AM","0"
"Year 1 Sep 11 2:00 AM","0"
"Year 1 Sep 11 3:00 AM","0"
"Year 1 Sep 11 4:00 AM","0"
"Year 1 Sep 11 5:00 AM","0"
"Year 1 Sep 11 6:00 AM","7.47677483981364"
"Year 1 Sep 11 7:00 AM","32.0917571701128"
"Year 1 Sep 11 8:00 AM","43.8410359212187"
"Year 1 Sep 11 9:00 AM","51.8945536141146"
"Year 1 Sep 11 10:00 AM","70.7613342952146"
"Year 1 Sep 11 11:00 AM","73.0443355416929"
"Year 1 Sep 11 12:00 PM","85.7686931972333"
"Year 1 Sep 11 1:00 PM","97.208948381855"
"Year 1 Sep 11 2:00 PM","85.9340625943639"
"Year 1 Sep 11 3:00 PM","115.393583513749"
"Year 1 Sep 11 4:00 PM","149.545905740158"
"Year 1 Sep 11 5:00 PM","125.790404548097"
"Year 1 Sep 11 6:00 PM","67.1771878771273"
"Year 1 Sep 11 7:00 PM","0"
"Year 1 Sep 11 8:00 PM","0"
"Year 1 Sep 11 9:00 PM","0"
"Year 1 Sep 11 10:00 PM","0"
"Year 1 Sep 11 11:00 PM","0"
"Year 1 Sep 12 12:00 AM","0"
"Year 1 Sep 12 1:00 AM","0"
"Year 1 Sep 12 2:00 AM","0"
"Year 1 Sep 12 3:00 AM","0"
"Year 1 Sep 12 4:00 AM","0"
"Year 1 Sep 12 5:00 AM","0"
"Year 1 Sep 12 6:00 AM","3.66555538991434"
"Year 1 Sep 12 7:00 AM","22.3375469189196"
"Year 1 Sep 12 8:00 AM","63.6118338123297"
"Year 1 Sep 12 9:00 AM","59.7662135706952"
"Year 1 Sep 12 10:00 AM","53.9823681638689"
"Year 1 Sep 12 11:00 AM","63.6069025301576"
"Year 1 Sep 12 12:00 PM","78.0510388249968"
"Year 1 Sep 12 1:00 PM","125.982476075487"
"Year 1 Sep 12 2:00 PM","142.754783628615"
"Year 1 Sep 12 3:00 PM","146.463971826206"
"Year 1 Sep 12 4:00 PM","135.700277388049"
"Year 1 Sep 12 5:00 PM","124.195943000975"
"Year 1 Sep 12 6:00 PM","78.3041551804888"
"Year 1 Sep 12 7:00 PM","0"
"Year 1 Sep 12 8:00 PM","0"
"Year 1 Sep 12 9:00 PM","0"
"Year 1 Sep 12 10:00 PM","0"
"Year 1 Sep 12 11:00 PM","0"
"Year 1 Sep 13 12:00 AM","0"
"Year 1 Sep 13 1:00 AM","0"
"Year 1 Sep 13 2:00 AM","0"
"Year 1 Sep 13 3:00 AM","0"
"Year 1 Sep 13 4:00 AM","0"
"Year 1 Sep 13 5:00 AM","0"
"Year 1 Sep 13 6:00 AM","5.72997974044269"
"Year 1 Sep 13 7:00 AM","26.7442633327209"
"Year 1 Sep 13 8:00 AM","55.5788655867376"
"Year 1 Sep 13 9:00 AM","84.0616383937726"
"Year 1 Sep 13 10:00 AM","68.3397540421893"
"Year 1 Sep 13 11:00 AM","65.3738611251037"
"Year 1 Sep 13 12:00 PM","72.0330256764519"
"Year 1 Sep 13 1:00 PM","113.004263539228"
"Year 1 Sep 13 2:00 PM","120.073974930579"
"Year 1 Sep 13 3:00 PM","148.414837318016"
"Year 1 Sep 13 4:00 PM","116.839452300926"
"Year 1 Sep 13 5:00 PM","54.1706868430274"
"Year 1 Sep 13 6:00 PM","67.0251832801442"
"Year 1 Sep 13 7:00 PM","0"
"Year 1 Sep 13 8:00 PM","0"
"Year 1 Sep 13 9:00 PM","0"
"Year 1 Sep 13 10:00 PM","0"
"Year 1 Sep 13 11:00 PM","0"
"Year 1 Sep 14 12:00 AM","0"
"Year 1 Sep 14 1:00 AM","0"
"Year 1 Sep 14 2:00 AM","0"
"Year 1 Sep 14 3:00 AM","0"
"Year 1 Sep 14 4:00 AM","0"
"Year 1 Sep 14 5:00 AM","0"
"Year 1 Sep 14 6:00 AM","5.69497386448164"
"Year 1 Sep 14 7:00 AM","22.5150997387581"
"Year 1 Sep 14 8:00 AM","36.5172886197203"
"Year 1 Sep 14 9:00 AM","45.9058054268189"
"Year 1 Sep 14 10:00 AM","47.9953683897349"
"Year 1 Sep 14 11:00 AM","50.5203391989205"
"Year 1 Sep 14 12:00 PM","50.9660902164436"
"Year 1 Sep 14 1:00 PM","67.0833488159981"
"Year 1 Sep 14 2:00 PM","97.891539084"
"Year 1 Sep 14 3:00 PM","111.377233887093"
"Year 1 Sep 14 4:00 PM","142.485113074442"
"Year 1 Sep 14 5:00 PM","90.9568312311632"
"Year 1 Sep 14 6:00 PM","35.8390900783731"
"Year 1 Sep 14 7:00 PM","0"
"Year 1 Sep 14 8:00 PM","0"
"Year 1 Sep 14 9:00 PM","0"
"Year 1 Sep 14 10:00 PM","0"
"Year 1 Sep 14 11:00 PM","0"
"Year 1 Sep 15 12:00 AM","0"
"Year 1 Sep 15 1:00 AM","0"
"Year 1 Sep 15 2:00 AM","0"
"Year 1 Sep 15 3:00 AM","0"
"Year 1 Sep 15 4:00 AM","0"
"Year 1 Sep 15 5:00 AM","0"
"Year 1 Sep 15 6:00 AM","4.96736259910769"
"Year 1 Sep 15 7:00 AM","25.4710675201444"
"Year 1 Sep 15 8:00 AM","57.8635369993886"
"Year 1 Sep 15 9:00 AM","89.7534568158964"
"Year 1 Sep 15 10:00 AM","99.8005154922267"
"Year 1 Sep 15 11:00 AM","104.077301604253"
"Year 1 Sep 15 12:00 PM","107.395287172323"
"Year 1 Sep 15 1:00 PM","109.81463779483"
"Year 1 Sep 15 2:00 PM","105.634825810447"
"Year 1 Sep 15 3:00 PM","117.628583258038"
"Year 1 Sep 15 4:00 PM","154.100489103034"
"Year 1 Sep 15 5:00 PM","74.2357381157933"
"Year 1 Sep 15 6:00 PM","21.7812079630824"
"Year 1 Sep 15 7:00 PM","0"
"Year 1 Sep 15 8:00 PM","0"
"Year 1 Sep 15 9:00 PM","0"
"Year 1 Sep 15 10:00 PM","0"
"Year 1 Sep 15 11:00 PM","0"
"Year 1 Sep 16 12:00 AM","0"
"Year 1 Sep 16 1:00 AM","0"
"Year 1 Sep 16 2:00 AM","0"
"Year 1 Sep 16 3:00 AM","0"
"Year 1 Sep 16 4:00 AM","0"
"Year 1 Sep 16 5:00 AM","0"
"Year 1 Sep 16 6:00 AM","4.16219132293008"
"Year 1 Sep 16 7:00 AM","24.5251566735316"
"Year 1 Sep 16 8:00 AM","52.2463172755668"
"Year 1 Sep 16 9:00 AM","65.2035009060323"
"Year 1 Sep 16 10:00 AM","74.2772850514014"
"Year 1 Sep 16 11:00 AM","76.8944423960332"
"Year 1 Sep 16 12:00 PM","81.2668471918989"
"Year 1 Sep 16 1:00 PM","99.7047667232599"
"Year 1 Sep 16 2:00 PM","151.515733032589"
"Year 1 Sep 16 3:00 PM","158.57794009032"
"Year 1 Sep 16 4:00 PM","123.552990456977"
"Year 1 Sep 16 5:00 PM","92.4597425909178"
"Year 1 Sep 16 6:00 PM","39.9159965775199"
"Year 1 Sep 16 7:00 PM","0"
"Year 1 Sep 16 8:00 PM","0"
"Year 1 Sep 16 9:00 PM","0"
"Year 1 Sep 16 10:00 PM","0"
"Year 1 Sep 16 11:00 PM","0"
"Year 1 Sep 17 12:00 AM","0"
"Year 1 Sep 17 1:00 AM","0"
"Year 1 Sep 17 2:00 AM","0"
"Year 1 Sep 17 3:00 AM","0"
"Year 1 Sep 17 4:00 AM","0"
"Year 1 Sep 17 5:00 AM","0"
"Year 1 Sep 17 6:00 AM","3.11910340618526"
"Year 1 Sep 17 7:00 AM","15.2668989445844"
"Year 1 Sep 17 8:00 AM","26.4841997521478"
"Year 1 Sep 17 9:00 AM","41.8236481808848"
"Year 1 Sep 17 10:00 AM","62.1963791800472"
"Year 1 Sep 17 11:00 AM","107.858952155026"
"Year 1 Sep 17 12:00 PM","123.495388200928"
"Year 1 Sep 17 1:00 PM","127.329267175221"
"Year 1 Sep 17 2:00 PM","130.530879756597"
"Year 1 Sep 17 3:00 PM","81.7266761101009"
"Year 1 Sep 17 4:00 PM","100.313568919042"
"Year 1 Sep 17 5:00 PM","59.2325714279515"
"Year 1 Sep 17 6:00 PM","14.1378030878314"
"Year 1 Sep 17 7:00 PM","0"
"Year 1 Sep 17 8:00 PM","0"
"Year 1 Sep 17 9:00 PM","0"
"Year 1 Sep 17 10:00 PM","0"
"Year 1 Sep 17 11:00 PM","0"
"Year 1 Sep 18 12:00 AM","0"
"Year 1 Sep 18 1:00 AM","0"
"Year 1 Sep 18 2:00 AM","0"
"Year 1 Sep 18 3:00 AM","0"
"Year 1 Sep 18 4:00 AM","0"
"Year 1 Sep 18 5:00 AM","0"
"Year 1 Sep 18 6:00 AM","3.64735568561424"
"Year 1 Sep 18 7:00 AM","20.1086229115631"
"Year 1 Sep 18 8:00 AM","42.1087405279539"
"Year 1 Sep 18 9:00 AM","74.2660470420047"
"Year 1 Sep 18 10:00 AM","92.1249144333788"
"Year 1 Sep 18 11:00 AM","112.79387098975"
"Year 1 Sep 18 12:00 PM","120.114020833696"
"Year 1 Sep 18 1:00 PM","119.093479797511"
"Year 1 Sep 18 2:00 PM","80.5221898396687"
"Year 1 Sep 18 3:00 PM","73.5936202163834"
"Year 1 Sep 18 4:00 PM","46.2618706252238"
"Year 1 Sep 18 5:00 PM","25.3152856051182"
"Year 1 Sep 18 6:00 PM","8.23338752247292"
"Year 1 Sep 18 7:00 PM","0"
"Year 1 Sep 18 8:00 PM","0"
"Year 1 Sep 18 9:00 PM","0"
"Year 1 Sep 18 10:00 PM","0"
"Year 1 Sep 18 11:00 PM","0"
"Year 1 Sep 19 12:00 AM","0"
"Year 1 Sep 19 1:00 AM","0"
"Year 1 Sep 19 2:00 AM","0"
"Year 1 Sep 19 3:00 AM","0"
"Year 1 Sep 19 4:00 AM","0"
"Year 1 Sep 19 5:00 AM","0"
"Year 1 Sep 19 6:00 AM","5.31465547946259"
"Year 1 Sep 19 7:00 AM","25.9231675022027"
"Year 1 Sep 19 8:00 AM","41.9619776723291"
"Year 1 Sep 19 9:00 AM","50.6697305237226"
"Year 1 Sep 19 10:00 AM","59.9497414325131"
"Year 1 Sep 19 11:00 AM","87.0168064938998"
"Year 1 Sep 19 12:00 PM","113.216337846222"
"Year 1 Sep 19 1:00 PM","157.603955265253"
"Year 1 Sep 19 2:00 PM","153.687548733145"
"Year 1 Sep 19 3:00 PM","128.248397360989"
"Year 1 Sep 19 4:00 PM","69.1103588456511"
"Year 1 Sep 19 5:00 PM","21.8835596522272"
"Year 1 Sep 19 6:00 PM","7.61233887692204"
"Year 1 Sep 19 7:00 PM","0"
"Year 1 Sep 19 8:00 PM","0"
"Year 1 Sep 19 9:00 PM","0"
"Year 1 Sep 19 10:00 PM","0"
"Year 1 Sep 19 11:00 PM","0"
"Year 1 Sep 20 12:00 AM","0"
"Year 1 Sep 20 1:00 AM","0"
"Year 1 Sep 20 2:00 AM","0"
"Year 1 Sep 20 3:00 AM","0"
"Year 1 Sep 20 4:00 AM","0"
"Year 1 Sep 20 5:00 AM","0"
"Year 1 Sep 20 6:00 AM","3.04460473570475"
"Year 1 Sep 20 7:00 AM","24.721496355844"
"Year 1 Sep 20 8:00 AM","49.8353285078355"
"Year 1 Sep 20 9:00 AM","75.6960703724001"
"Year 1 Sep 20 10:00 AM","100.19261493634"
"Year 1 Sep 20 11:00 AM","75.1725403070134"
"Year 1 Sep 20 12:00 PM","116.719080864311"
"Year 1 Sep 20 1:00 PM","124.710614681291"
"Year 1 Sep 20 2:00 PM","110.366785293363"
"Year 1 Sep 20 3:00 PM","92.6468001943162"
"Year 1 Sep 20 4:00 PM","64.2075064973449"
"Year 1 Sep 20 5:00 PM","93.1869803811359"
"Year 1 Sep 20 6:00 PM","17.0511314218286"
"Year 1 Sep 20 7:00 PM","0"
"Year 1 Sep 20 8:00 PM","0"
"Year 1 Sep 20 9:00 PM","0"
"Year 1 Sep 20 10:00 PM","0"
"Year 1 Sep 20 11:00 PM","0"
"Year 1 Sep 21 12:00 AM","0"
"Year 1 Sep 21 1:00 AM","0"
"Year 1 Sep 21 2:00 AM","0"
"Year 1 Sep 21 3:00 AM","0"
"Year 1 Sep 21 4:00 AM","0"
"Year 1 Sep 21 5:00 AM","0"
"Year 1 Sep 21 6:00 AM","3.67898278544839"
"Year 1 Sep 21 7:00 AM","24.9237306580836"
"Year 1 Sep 21 8:00 AM","40.2884228825936"
"Year 1 Sep 21 9:00 AM","68.6992158440956"
"Year 1 Sep 21 10:00 AM","93.5644968305864"
"Year 1 Sep 21 11:00 AM","75.0398213496896"
"Year 1 Sep 21 12:00 PM","88.924565252314"
"Year 1 Sep 21 1:00 PM","117.978811772139"
"Year 1 Sep 21 2:00 PM","88.598632440286"
"Year 1 Sep 21 3:00 PM","73.6006534322986"
"Year 1 Sep 21 4:00 PM","51.4869285314907"
"Year 1 Sep 21 5:00 PM","26.1228912068561"
"Year 1 Sep 21 6:00 PM","4.67832989505246"
"Year 1 Sep 21 7:00 PM","0"
"Year 1 Sep 21 8:00 PM","0"
"Year 1 Sep 21 9:00 PM","0"
"Year 1 Sep 21 10:00 PM","0"
"Year 1 Sep 21 11:00 PM","0"
"Year 1 Sep 22 12:00 AM","0"
"Year 1 Sep 22 1:00 AM","0"
"Year 1 Sep 22 2:00 AM","0"
"Year 1 Sep 22 3:00 AM","0"
"Year 1 Sep 22 4:00 AM","0"
"Year 1 Sep 22 5:00 AM","0"
"Year 1 Sep 22 6:00 AM","3.77573408728619"
"Year 1 Sep 22 7:00 AM","26.7578833946459"
"Year 1 Sep 22 8:00 AM","46.6076401871437"
"Year 1 Sep 22 9:00 AM","88.0727779420748"
"Year 1 Sep 22 10:00 AM","114.111216935142"
"Year 1 Sep 22 11:00 AM","108.840746138553"
"Year 1 Sep 22 12:00 PM","106.565345115003"
"Year 1 Sep 22 1:00 PM","124.19300353068"
"Year 1 Sep 22 2:00 PM","138.783483879171"
"Year 1 Sep 22 3:00 PM","62.7236094748524"
"Year 1 Sep 22 4:00 PM","75.3252671500272"
"Year 1 Sep 22 5:00 PM","49.1491430534799"
"Year 1 Sep 22 6:00 PM","32.38029810125"
"Year 1 Sep 22 7:00 PM","0"
"Year 1 Sep 22 8:00 PM","0"
"Year 1 Sep 22 9:00 PM","0"
"Year 1 Sep 22 10:00 PM","0"
"Year 1 Sep 22 11:00 PM","0"
"Year 1 Sep 23 12:00 AM","0"
"Year 1 Sep 23 1:00 AM","0"
"Year 1 Sep 23 2:00 AM","0"
"Year 1 Sep 23 3:00 AM","0"
"Year 1 Sep 23 4:00 AM","0"
"Year 1 Sep 23 5:00 AM","0"
"Year 1 Sep 23 6:00 AM","3.51802267903384"
"Year 1 Sep 23 7:00 AM","23.1964008710675"
"Year 1 Sep 23 8:00 AM","35.8774134699006"
"Year 1 Sep 23 9:00 AM","46.2357633538561"
"Year 1 Sep 23 10:00 AM","51.5132934861669"
"Year 1 Sep 23 11:00 AM","56.5697995999449"
"Year 1 Sep 23 12:00 PM","75.6862780822678"
"Year 1 Sep 23 1:00 PM","109.799242141821"
"Year 1 Sep 23 2:00 PM","138.669467400835"
"Year 1 Sep 23 3:00 PM","115.315572233093"
"Year 1 Sep 23 4:00 PM","116.019075443097"
"Year 1 Sep 23 5:00 PM","109.677432072073"
"Year 1 Sep 23 6:00 PM","50.8272566172444"
"Year 1 Sep 23 7:00 PM","0"
"Year 1 Sep 23 8:00 PM","0"
"Year 1 Sep 23 9:00 PM","0"
"Year 1 Sep 23 10:00 PM","0"
"Year 1 Sep 23 11:00 PM","0"
"Year 1 Sep 24 12:00 AM","0"
"Year 1 Sep 24 1:00 AM","0"
"Year 1 Sep 24 2:00 AM","0"
"Year 1 Sep 24 3:00 AM","0"
"Year 1 Sep 24 4:00 AM","0"
"Year 1 Sep 24 5:00 AM","0"
"Year 1 Sep 24 6:00 AM","3.09258784238039"
"Year 1 Sep 24 7:00 AM","22.6080278322206"
"Year 1 Sep 24 8:00 AM","46.4561373570507"
"Year 1 Sep 24 9:00 AM","70.1569555118102"
"Year 1 Sep 24 10:00 AM","59.6588678280938"
"Year 1 Sep 24 11:00 AM","58.278004370864"
"Year 1 Sep 24 12:00 PM","74.7703717022135"
"Year 1 Sep 24 1:00 PM","95.5387189960599"
"Year 1 Sep 24 2:00 PM","142.619679788806"
"Year 1 Sep 24 3:00 PM","145.46065336797"
"Year 1 Sep 24 4:00 PM","137.458920690052"
"Year 1 Sep 24 5:00 PM","110.12291747265"
"Year 1 Sep 24 6:00 PM","19.2237540575894"
"Year 1 Sep 24 7:00 PM","0"
"Year 1 Sep 24 8:00 PM","0"
"Year 1 Sep 24 9:00 PM","0"
"Year 1 Sep 24 10:00 PM","0"
"Year 1 Sep 24 11:00 PM","0"
"Year 1 Sep 25 12:00 AM","0"
"Year 1 Sep 25 1:00 AM","0"
"Year 1 Sep 25 2:00 AM","0"
"Year 1 Sep 25 3:00 AM","0"
"Year 1 Sep 25 4:00 AM","0"
"Year 1 Sep 25 5:00 AM","0"
"Year 1 Sep 25 6:00 AM","3.04747098787374"
"Year 1 Sep 25 7:00 AM","23.7766973054718"
"Year 1 Sep 25 8:00 AM","44.838447610734"
"Year 1 Sep 25 9:00 AM","57.5729857618883"
"Year 1 Sep 25 10:00 AM","62.9373342259226"
"Year 1 Sep 25 11:00 AM","58.0698175582811"
"Year 1 Sep 25 12:00 PM","59.6021667042556"
"Year 1 Sep 25 1:00 PM","82.3840998130593"
"Year 1 Sep 25 2:00 PM","106.066048484567"
"Year 1 Sep 25 3:00 PM","124.433056300812"
"Year 1 Sep 25 4:00 PM","126.873242064023"
"Year 1 Sep 25 5:00 PM","112.94841401074"
"Year 1 Sep 25 6:00 PM","48.472173618434"
"Year 1 Sep 25 7:00 PM","0"
"Year 1 Sep 25 8:00 PM","0"
"Year 1 Sep 25 9:00 PM","0"
"Year 1 Sep 25 10:00 PM","0"
"Year 1 Sep 25 11:00 PM","0"
"Year 1 Sep 26 12:00 AM","0"
"Year 1 Sep 26 1:00 AM","0"
"Year 1 Sep 26 2:00 AM","0"
"Year 1 Sep 26 3:00 AM","0"
"Year 1 Sep 26 4:00 AM","0"
"Year 1 Sep 26 5:00 AM","0"
"Year 1 Sep 26 6:00 AM","3.46698330780206"
"Year 1 Sep 26 7:00 AM","23.5666280218135"
"Year 1 Sep 26 8:00 AM","41.9309267765948"
"Year 1 Sep 26 9:00 AM","51.8541451245259"
"Year 1 Sep 26 10:00 AM","56.4568050685647"
"Year 1 Sep 26 11:00 AM","61.0360143607909"
"Year 1 Sep 26 12:00 PM","64.5335372667731"
"Year 1 Sep 26 1:00 PM","87.4016191908269"
"Year 1 Sep 26 2:00 PM","114.255108655361"
"Year 1 Sep 26 3:00 PM","134.917128092581"
"Year 1 Sep 26 4:00 PM","144.754690941671"
"Year 1 Sep 26 5:00 PM","100.976070290342"
"Year 1 Sep 26 6:00 PM","27.5688755807769"
"Year 1 Sep 26 7:00 PM","0"
"Year 1 Sep 26 8:00 PM","0"
"Year 1 Sep 26 9:00 PM","0"
"Year 1 Sep 26 10:00 PM","0"
"Year 1 Sep 26 11:00 PM","0"
"Year 1 Sep 27 12:00 AM","0"
"Year 1 Sep 27 1:00 AM","0"
"Year 1 Sep 27 2:00 AM","0"
"Year 1 Sep 27 3:00 AM","0"
"Year 1 Sep 27 4:00 AM","0"
"Year 1 Sep 27 5:00 AM","0"
"Year 1 Sep 27 6:00 AM","2.87127034670426"
"Year 1 Sep 27 7:00 AM","22.024505015496"
"Year 1 Sep 27 8:00 AM","36.673191944756"
"Year 1 Sep 27 9:00 AM","49.9261960081519"
"Year 1 Sep 27 10:00 AM","80.6458901501371"
"Year 1 Sep 27 11:00 AM","99.8428078054045"
"Year 1 Sep 27 12:00 PM","116.410231800039"
"Year 1 Sep 27 1:00 PM","118.324817134523"
"Year 1 Sep 27 2:00 PM","103.532273035589"
"Year 1 Sep 27 3:00 PM","109.272396167123"
"Year 1 Sep 27 4:00 PM","118.226267463541"
"Year 1 Sep 27 5:00 PM","114.753933147539"
"Year 1 Sep 27 6:00 PM","35.2222366298368"
"Year 1 Sep 27 7:00 PM","0"
"Year 1 Sep 27 8:00 PM","0"
"Year 1 Sep 27 9:00 PM","0"
"Year 1 Sep 27 10:00 PM","0"
"Year 1 Sep 27 11:00 PM","0"
"Year 1 Sep 28 12:00 AM","0"
"Year 1 Sep 28 1:00 AM","0"
"Year 1 Sep 28 2:00 AM","0"
"Year 1 Sep 28 3:00 AM","0"
"Year 1 Sep 28 4:00 AM","0"
"Year 1 Sep 28 5:00 AM","0"
"Year 1 Sep 28 6:00 AM","3.3549194472338"
"Year 1 Sep 28 7:00 AM","23.0119858993902"
"Year 1 Sep 28 8:00 AM","32.7983674739255"
"Year 1 Sep 28 9:00 AM","49.1333881192958"
"Year 1 Sep 28 10:00 AM","72.5183983380809"
"Year 1 Sep 28 11:00 AM","55.6151314774231"
"Year 1 Sep 28 12:00 PM","92.9718905128073"
"Year 1 Sep 28 1:00 PM","112.929013202448"
"Year 1 Sep 28 2:00 PM","117.39312877106"
"Year 1 Sep 28 3:00 PM","142.288439360178"
"Year 1 Sep 28 4:00 PM","118.051284893127"
"Year 1 Sep 28 5:00 PM","50.3002710758847"
"Year 1 Sep 28 6:00 PM","11.9061289892303"
"Year 1 Sep 28 7:00 PM","0"
"Year 1 Sep 28 8:00 PM","0"
"Year 1 Sep 28 9:00 PM","0"
"Year 1 Sep 28 10:00 PM","0"
"Year 1 Sep 28 11:00 PM","0"
"Year 1 Sep 29 12:00 AM","0"
"Year 1 Sep 29 1:00 AM","0"
"Year 1 Sep 29 2:00 AM","0"
"Year 1 Sep 29 3:00 AM","0"
"Year 1 Sep 29 4:00 AM","0"
"Year 1 Sep 29 5:00 AM","0"
"Year 1 Sep 29 6:00 AM","2.67065725427328"
"Year 1 Sep 29 7:00 AM","21.3189061062687"
"Year 1 Sep 29 8:00 AM","35.1184770464961"
"Year 1 Sep 29 9:00 AM","44.8638699378122"
"Year 1 Sep 29 10:00 AM","65.2104209697464"
"Year 1 Sep 29 11:00 AM","105.091709011763"
"Year 1 Sep 29 12:00 PM","113.560930339349"
"Year 1 Sep 29 1:00 PM","137.451651549754"
"Year 1 Sep 29 2:00 PM","126.456558978858"
"Year 1 Sep 29 3:00 PM","133.748097750442"
"Year 1 Sep 29 4:00 PM","133.398608836711"
"Year 1 Sep 29 5:00 PM","103.754182754808"
"Year 1 Sep 29 6:00 PM","28.9562871079502"
"Year 1 Sep 29 7:00 PM","0"
"Year 1 Sep 29 8:00 PM","0"
"Year 1 Sep 29 9:00 PM","0"
"Year 1 Sep 29 10:00 PM","0"
"Year 1 Sep 29 11:00 PM","0"
"Year 1 Sep 30 12:00 AM","0"
"Year 1 Sep 30 1:00 AM","0"
"Year 1 Sep 30 2:00 AM","0"
"Year 1 Sep 30 3:00 AM","0"
"Year 1 Sep 30 4:00 AM","0"
"Year 1 Sep 30 5:00 AM","0"
"Year 1 Sep 30 6:00 AM","1.59944990508163"
"Year 1 Sep 30 7:00 AM","22.8100437338194"
"Year 1 Sep 30 8:00 AM","51.0771456591343"
"Year 1 Sep 30 9:00 AM","74.7346487900135"
"Year 1 Sep 30 10:00 AM","87.9188597585373"
"Year 1 Sep 30 11:00 AM","93.6936195462743"
"Year 1 Sep 30 12:00 PM","93.4203253093643"
"Year 1 Sep 30 1:00 PM","124.638731729863"
"Year 1 Sep 30 2:00 PM","163.696102429251"
"Year 1 Sep 30 3:00 PM","170.923606301224"
"Year 1 Sep 30 4:00 PM","141.250603358805"
"Year 1 Sep 30 5:00 PM","92.5853026183976"
"Year 1 Sep 30 6:00 PM","20.2177119685363"
"Year 1 Sep 30 7:00 PM","0"
"Year 1 Sep 30 8:00 PM","0"
"Year 1 Sep 30 9:00 PM","0"
"Year 1 Sep 30 10:00 PM","0"
"Year 1 Sep 30 11:00 PM","0"
"Year 1 Oct 01 12:00 AM","0"
"Year 1 Oct 01 1:00 AM","0"
"Year 1 Oct 01 2:00 AM","0"
"Year 1 Oct 01 3:00 AM","0"
"Year 1 Oct 01 4:00 AM","0"
"Year 1 Oct 01 5:00 AM","0"
"Year 1 Oct 01 6:00 AM","1.67845314116655"
"Year 1 Oct 01 7:00 AM","22.5385517052237"
"Year 1 Oct 01 8:00 AM","42.1048647104223"
"Year 1 Oct 01 9:00 AM","57.2075153236692"
"Year 1 Oct 01 10:00 AM","62.4372358480023"
"Year 1 Oct 01 11:00 AM","64.5347015572523"
"Year 1 Oct 01 12:00 PM","82.3214813483489"
"Year 1 Oct 01 1:00 PM","119.794884510804"
"Year 1 Oct 01 2:00 PM","147.220632141295"
"Year 1 Oct 01 3:00 PM","150.136537924974"
"Year 1 Oct 01 4:00 PM","136.257357568239"
"Year 1 Oct 01 5:00 PM","102.070173313597"
"Year 1 Oct 01 6:00 PM","27.925883810794"
"Year 1 Oct 01 7:00 PM","0"
"Year 1 Oct 01 8:00 PM","0"
"Year 1 Oct 01 9:00 PM","0"
"Year 1 Oct 01 10:00 PM","0"
"Year 1 Oct 01 11:00 PM","0"
"Year 1 Oct 02 12:00 AM","0"
"Year 1 Oct 02 1:00 AM","0"
"Year 1 Oct 02 2:00 AM","0"
"Year 1 Oct 02 3:00 AM","0"
"Year 1 Oct 02 4:00 AM","0"
"Year 1 Oct 02 5:00 AM","0"
"Year 1 Oct 02 6:00 AM","1.560906841822"
"Year 1 Oct 02 7:00 AM","19.7763614299239"
"Year 1 Oct 02 8:00 AM","38.3075688414691"
"Year 1 Oct 02 9:00 AM","51.4805727034214"
"Year 1 Oct 02 10:00 AM","60.9095295650121"
"Year 1 Oct 02 11:00 AM","52.343344195763"
"Year 1 Oct 02 12:00 PM","56.8943449378249"
"Year 1 Oct 02 1:00 PM","59.603398226196"
"Year 1 Oct 02 2:00 PM","112.778332072872"
"Year 1 Oct 02 3:00 PM","128.709448920822"
"Year 1 Oct 02 4:00 PM","65.9456449891015"
"Year 1 Oct 02 5:00 PM","24.1754247999728"
"Year 1 Oct 02 6:00 PM","3.19847796454517"
"Year 1 Oct 02 7:00 PM","0"
"Year 1 Oct 02 8:00 PM","0"
"Year 1 Oct 02 9:00 PM","0"
"Year 1 Oct 02 10:00 PM","0"
"Year 1 Oct 02 11:00 PM","0"
"Year 1 Oct 03 12:00 AM","0"
"Year 1 Oct 03 1:00 AM","0"
"Year 1 Oct 03 2:00 AM","0"
"Year 1 Oct 03 3:00 AM","0"
"Year 1 Oct 03 4:00 AM","0"
"Year 1 Oct 03 5:00 AM","0"
"Year 1 Oct 03 6:00 AM","0.962706555978524"
"Year 1 Oct 03 7:00 AM","16.2586759615744"
"Year 1 Oct 03 8:00 AM","45.6138163704523"
"Year 1 Oct 03 9:00 AM","76.2327125476318"
"Year 1 Oct 03 10:00 AM","97.8612728644183"
"Year 1 Oct 03 11:00 AM","108.784788741732"
"Year 1 Oct 03 12:00 PM","106.066206524655"
"Year 1 Oct 03 1:00 PM","133.779995244247"
"Year 1 Oct 03 2:00 PM","151.432987563821"
"Year 1 Oct 03 3:00 PM","155.254193115928"
"Year 1 Oct 03 4:00 PM","119.022300623902"
"Year 1 Oct 03 5:00 PM","92.0258833996836"
"Year 1 Oct 03 6:00 PM","22.6447879909954"
"Year 1 Oct 03 7:00 PM","0"
"Year 1 Oct 03 8:00 PM","0"
"Year 1 Oct 03 9:00 PM","0"
"Year 1 Oct 03 10:00 PM","0"
"Year 1 Oct 03 11:00 PM","0"
"Year 1 Oct 04 12:00 AM","0"
"Year 1 Oct 04 1:00 AM","0"
"Year 1 Oct 04 2:00 AM","0"
"Year 1 Oct 04 3:00 AM","0"
"Year 1 Oct 04 4:00 AM","0"
"Year 1 Oct 04 5:00 AM","0"
"Year 1 Oct 04 6:00 AM","1.37558884328342"
"Year 1 Oct 04 7:00 AM","20.3307353104137"
"Year 1 Oct 04 8:00 AM","40.7572051378227"
"Year 1 Oct 04 9:00 AM","58.548829299092"
"Year 1 Oct 04 10:00 AM","78.9250675243859"
"Year 1 Oct 04 11:00 AM","75.6947652702407"
"Year 1 Oct 04 12:00 PM","85.8961539661062"
"Year 1 Oct 04 1:00 PM","103.434339697305"
"Year 1 Oct 04 2:00 PM","156.219619906543"
"Year 1 Oct 04 3:00 PM","141.929065213443"
"Year 1 Oct 04 4:00 PM","138.012330329003"
"Year 1 Oct 04 5:00 PM","105.089463772709"
"Year 1 Oct 04 6:00 PM","25.1633628310247"
"Year 1 Oct 04 7:00 PM","0"
"Year 1 Oct 04 8:00 PM","0"
"Year 1 Oct 04 9:00 PM","0"
"Year 1 Oct 04 10:00 PM","0"
"Year 1 Oct 04 11:00 PM","0"
"Year 1 Oct 05 12:00 AM","0"
"Year 1 Oct 05 1:00 AM","0"
"Year 1 Oct 05 2:00 AM","0"
"Year 1 Oct 05 3:00 AM","0"
"Year 1 Oct 05 4:00 AM","0"
"Year 1 Oct 05 5:00 AM","0"
"Year 1 Oct 05 6:00 AM","1.37410138467113"
"Year 1 Oct 05 7:00 AM","21.2359460558708"
"Year 1 Oct 05 8:00 AM","42.9575304047677"
"Year 1 Oct 05 9:00 AM","51.7540488035978"
"Year 1 Oct 05 10:00 AM","60.3591481299201"
"Year 1 Oct 05 11:00 AM","77.1920959701255"
"Year 1 Oct 05 12:00 PM","88.3567150484476"
"Year 1 Oct 05 1:00 PM","85.5888336500861"
"Year 1 Oct 05 2:00 PM","60.4135328407579"
"Year 1 Oct 05 3:00 PM","42.1219221417521"
"Year 1 Oct 05 4:00 PM","36.5378802721842"
"Year 1 Oct 05 5:00 PM","11.6194784380355"
"Year 1 Oct 05 6:00 PM","2.56981328774129"
"Year 1 Oct 05 7:00 PM","0"
"Year 1 Oct 05 8:00 PM","0"
"Year 1 Oct 05 9:00 PM","0"
"Year 1 Oct 05 10:00 PM","0"
"Year 1 Oct 05 11:00 PM","0"
"Year 1 Oct 06 12:00 AM","0"
"Year 1 Oct 06 1:00 AM","0"
"Year 1 Oct 06 2:00 AM","0"
"Year 1 Oct 06 3:00 AM","0"
"Year 1 Oct 06 4:00 AM","0"
"Year 1 Oct 06 5:00 AM","0"
"Year 1 Oct 06 6:00 AM","1.10556179271254"
"Year 1 Oct 06 7:00 AM","18.0077373831693"
"Year 1 Oct 06 8:00 AM","44.5379117615825"
"Year 1 Oct 06 9:00 AM","60.5534027026571"
"Year 1 Oct 06 10:00 AM","84.4281469915911"
"Year 1 Oct 06 11:00 AM","98.4443512020823"
"Year 1 Oct 06 12:00 PM","102.365771415769"
"Year 1 Oct 06 1:00 PM","108.801993523801"
"Year 1 Oct 06 2:00 PM","97.3947212511332"
"Year 1 Oct 06 3:00 PM","84.9668044181893"
"Year 1 Oct 06 4:00 PM","74.2733429155783"
"Year 1 Oct 06 5:00 PM","36.3572398333342"
"Year 1 Oct 06 6:00 PM","8.62647659735693"
"Year 1 Oct 06 7:00 PM","0"
"Year 1 Oct 06 8:00 PM","0"
"Year 1 Oct 06 9:00 PM","0"
"Year 1 Oct 06 10:00 PM","0"
"Year 1 Oct 06 11:00 PM","0"
"Year 1 Oct 07 12:00 AM","0"
"Year 1 Oct 07 1:00 AM","0"
"Year 1 Oct 07 2:00 AM","0"
"Year 1 Oct 07 3:00 AM","0"
"Year 1 Oct 07 4:00 AM","0"
"Year 1 Oct 07 5:00 AM","0"
"Year 1 Oct 07 6:00 AM","1.28352666763684"
"Year 1 Oct 07 7:00 AM","18.9166465003501"
"Year 1 Oct 07 8:00 AM","43.5027898303415"
"Year 1 Oct 07 9:00 AM","75.4700529745981"
"Year 1 Oct 07 10:00 AM","94.8515075751927"
"Year 1 Oct 07 11:00 AM","99.6000729315935"
"Year 1 Oct 07 12:00 PM","100.525994890545"
"Year 1 Oct 07 1:00 PM","113.018163704301"
"Year 1 Oct 07 2:00 PM","105.153701109496"
"Year 1 Oct 07 3:00 PM","68.7894634944643"
"Year 1 Oct 07 4:00 PM","59.0796360872874"
"Year 1 Oct 07 5:00 PM","27.6843147844876"
"Year 1 Oct 07 6:00 PM","4.85720901059255"
"Year 1 Oct 07 7:00 PM","0"
"Year 1 Oct 07 8:00 PM","0"
"Year 1 Oct 07 9:00 PM","0"
"Year 1 Oct 07 10:00 PM","0"
"Year 1 Oct 07 11:00 PM","0"
"Year 1 Oct 08 12:00 AM","0"
"Year 1 Oct 08 1:00 AM","0"
"Year 1 Oct 08 2:00 AM","0"
"Year 1 Oct 08 3:00 AM","0"
"Year 1 Oct 08 4:00 AM","0"
"Year 1 Oct 08 5:00 AM","0"
"Year 1 Oct 08 6:00 AM","1.30071040848558"
"Year 1 Oct 08 7:00 AM","16.5918039013208"
"Year 1 Oct 08 8:00 AM","29.9936313045404"
"Year 1 Oct 08 9:00 AM","38.3234863555214"
"Year 1 Oct 08 10:00 AM","48.1178491401872"
"Year 1 Oct 08 11:00 AM","53.7737880631988"
"Year 1 Oct 08 12:00 PM","49.0904447072723"
"Year 1 Oct 08 1:00 PM","68.1456242343791"
"Year 1 Oct 08 2:00 PM","115.257294095676"
"Year 1 Oct 08 3:00 PM","138.684224344163"
"Year 1 Oct 08 4:00 PM","127.638836550637"
"Year 1 Oct 08 5:00 PM","99.9713149632634"
"Year 1 Oct 08 6:00 PM","9.8619602620714"
"Year 1 Oct 08 7:00 PM","0"
"Year 1 Oct 08 8:00 PM","0"
"Year 1 Oct 08 9:00 PM","0"
"Year 1 Oct 08 10:00 PM","0"
"Year 1 Oct 08 11:00 PM","0"
"Year 1 Oct 09 12:00 AM","0"
"Year 1 Oct 09 1:00 AM","0"
"Year 1 Oct 09 2:00 AM","0"
"Year 1 Oct 09 3:00 AM","0"
"Year 1 Oct 09 4:00 AM","0"
"Year 1 Oct 09 5:00 AM","0"
"Year 1 Oct 09 6:00 AM","0"
"Year 1 Oct 09 7:00 AM","22.5163574931246"
"Year 1 Oct 09 8:00 AM","49.2017138728243"
"Year 1 Oct 09 9:00 AM","47.8955306284092"
"Year 1 Oct 09 10:00 AM","53.6015601783381"
"Year 1 Oct 09 11:00 AM","60.9469153319832"
"Year 1 Oct 09 12:00 PM","82.7055917974368"
"Year 1 Oct 09 1:00 PM","97.5167704756193"
"Year 1 Oct 09 2:00 PM","135.353848785732"
"Year 1 Oct 09 3:00 PM","156.021414052558"
"Year 1 Oct 09 4:00 PM","117.926986501702"
"Year 1 Oct 09 5:00 PM","98.7024174953104"
"Year 1 Oct 09 6:00 PM","9.68538379995253"
"Year 1 Oct 09 7:00 PM","0"
"Year 1 Oct 09 8:00 PM","0"
"Year 1 Oct 09 9:00 PM","0"
"Year 1 Oct 09 10:00 PM","0"
"Year 1 Oct 09 11:00 PM","0"
"Year 1 Oct 10 12:00 AM","0"
"Year 1 Oct 10 1:00 AM","0"
"Year 1 Oct 10 2:00 AM","0"
"Year 1 Oct 10 3:00 AM","0"
"Year 1 Oct 10 4:00 AM","0"
"Year 1 Oct 10 5:00 AM","0"
"Year 1 Oct 10 6:00 AM","0"
"Year 1 Oct 10 7:00 AM","12.7209983992888"
"Year 1 Oct 10 8:00 AM","38.1399507470164"
"Year 1 Oct 10 9:00 AM","56.3830025607722"
"Year 1 Oct 10 10:00 AM","80.0678297932872"
"Year 1 Oct 10 11:00 AM","95.3834186722831"
"Year 1 Oct 10 12:00 PM","105.070780649288"
"Year 1 Oct 10 1:00 PM","111.068832789687"
"Year 1 Oct 10 2:00 PM","124.408870174825"
"Year 1 Oct 10 3:00 PM","113.9119932498"
"Year 1 Oct 10 4:00 PM","121.812109846579"
"Year 1 Oct 10 5:00 PM","33.7434126993968"
"Year 1 Oct 10 6:00 PM","2.08023120793802"
"Year 1 Oct 10 7:00 PM","0"
"Year 1 Oct 10 8:00 PM","0"
"Year 1 Oct 10 9:00 PM","0"
"Year 1 Oct 10 10:00 PM","0"
"Year 1 Oct 10 11:00 PM","0"
"Year 1 Oct 11 12:00 AM","0"
"Year 1 Oct 11 1:00 AM","0"
"Year 1 Oct 11 2:00 AM","0"
"Year 1 Oct 11 3:00 AM","0"
"Year 1 Oct 11 4:00 AM","0"
"Year 1 Oct 11 5:00 AM","0"
"Year 1 Oct 11 6:00 AM","0"
"Year 1 Oct 11 7:00 AM","15.1501457471638"
"Year 1 Oct 11 8:00 AM","36.8019705557494"
"Year 1 Oct 11 9:00 AM","65.950353262207"
"Year 1 Oct 11 10:00 AM","74.7221403878514"
"Year 1 Oct 11 11:00 AM","86.8606516418268"
"Year 1 Oct 11 12:00 PM","98.4989901236682"
"Year 1 Oct 11 1:00 PM","107.94405948309"
"Year 1 Oct 11 2:00 PM","99.1413571369062"
"Year 1 Oct 11 3:00 PM","97.426725349415"
"Year 1 Oct 11 4:00 PM","104.595138885866"
"Year 1 Oct 11 5:00 PM","71.022605957138"
"Year 1 Oct 11 6:00 PM","8.46004380771146"
"Year 1 Oct 11 7:00 PM","0"
"Year 1 Oct 11 8:00 PM","0"
"Year 1 Oct 11 9:00 PM","0"
"Year 1 Oct 11 10:00 PM","0"
"Year 1 Oct 11 11:00 PM","0"
"Year 1 Oct 12 12:00 AM","0"
"Year 1 Oct 12 1:00 AM","0"
"Year 1 Oct 12 2:00 AM","0"
"Year 1 Oct 12 3:00 AM","0"
"Year 1 Oct 12 4:00 AM","0"
"Year 1 Oct 12 5:00 AM","0"
"Year 1 Oct 12 6:00 AM","0"
"Year 1 Oct 12 7:00 AM","18.2642040774465"
"Year 1 Oct 12 8:00 AM","50.0337285840133"
"Year 1 Oct 12 9:00 AM","76.9105759919418"
"Year 1 Oct 12 10:00 AM","92.4291291624978"
"Year 1 Oct 12 11:00 AM","102.790311844602"
"Year 1 Oct 12 12:00 PM","106.325589884667"
"Year 1 Oct 12 1:00 PM","111.94028481679"
"Year 1 Oct 12 2:00 PM","55.4295148523574"
"Year 1 Oct 12 3:00 PM","55.1757975919792"
"Year 1 Oct 12 4:00 PM","24.5834844868534"
"Year 1 Oct 12 5:00 PM","8.44930225686126"
"Year 1 Oct 12 6:00 PM","0.771921054934913"
"Year 1 Oct 12 7:00 PM","0"
"Year 1 Oct 12 8:00 PM","0"
"Year 1 Oct 12 9:00 PM","0"
"Year 1 Oct 12 10:00 PM","0"
"Year 1 Oct 12 11:00 PM","0"
"Year 1 Oct 13 12:00 AM","0"
"Year 1 Oct 13 1:00 AM","0"
"Year 1 Oct 13 2:00 AM","0"
"Year 1 Oct 13 3:00 AM","0"
"Year 1 Oct 13 4:00 AM","0"
"Year 1 Oct 13 5:00 AM","0"
"Year 1 Oct 13 6:00 AM","0"
"Year 1 Oct 13 7:00 AM","14.7885271096558"
"Year 1 Oct 13 8:00 AM","29.0961821858533"
"Year 1 Oct 13 9:00 AM","38.8103893593309"
"Year 1 Oct 13 10:00 AM","51.2018620325048"
"Year 1 Oct 13 11:00 AM","66.7401935907805"
"Year 1 Oct 13 12:00 PM","77.8620676776052"
"Year 1 Oct 13 1:00 PM","107.796192417774"
"Year 1 Oct 13 2:00 PM","146.793927703013"
"Year 1 Oct 13 3:00 PM","141.223794397021"
"Year 1 Oct 13 4:00 PM","114.249304872139"
"Year 1 Oct 13 5:00 PM","71.3541477581592"
"Year 1 Oct 13 6:00 PM","7.76269617953629"
"Year 1 Oct 13 7:00 PM","0"
"Year 1 Oct 13 8:00 PM","0"
"Year 1 Oct 13 9:00 PM","0"
"Year 1 Oct 13 10:00 PM","0"
"Year 1 Oct 13 11:00 PM","0"
"Year 1 Oct 14 12:00 AM","0"
"Year 1 Oct 14 1:00 AM","0"
"Year 1 Oct 14 2:00 AM","0"
"Year 1 Oct 14 3:00 AM","0"
"Year 1 Oct 14 4:00 AM","0"
"Year 1 Oct 14 5:00 AM","0"
"Year 1 Oct 14 6:00 AM","0"
"Year 1 Oct 14 7:00 AM","15.9039729235421"
"Year 1 Oct 14 8:00 AM","34.2653589168555"
"Year 1 Oct 14 9:00 AM","53.6509393825311"
"Year 1 Oct 14 10:00 AM","81.9328449873779"
"Year 1 Oct 14 11:00 AM","87.4671659526871"
"Year 1 Oct 14 12:00 PM","98.4862535373281"
"Year 1 Oct 14 1:00 PM","136.772580957532"
"Year 1 Oct 14 2:00 PM","146.532869450926"
"Year 1 Oct 14 3:00 PM","139.281081777544"
"Year 1 Oct 14 4:00 PM","121.703900931069"
"Year 1 Oct 14 5:00 PM","82.6385053581489"
"Year 1 Oct 14 6:00 PM","0"
"Year 1 Oct 14 7:00 PM","0"
"Year 1 Oct 14 8:00 PM","0"
"Year 1 Oct 14 9:00 PM","0"
"Year 1 Oct 14 10:00 PM","0"
"Year 1 Oct 14 11:00 PM","0"
"Year 1 Oct 15 12:00 AM","0"
"Year 1 Oct 15 1:00 AM","0"
"Year 1 Oct 15 2:00 AM","0"
"Year 1 Oct 15 3:00 AM","0"
"Year 1 Oct 15 4:00 AM","0"
"Year 1 Oct 15 5:00 AM","0"
"Year 1 Oct 15 6:00 AM","0"
"Year 1 Oct 15 7:00 AM","10.434354250892"
"Year 1 Oct 15 8:00 AM","31.1987222914323"
"Year 1 Oct 15 9:00 AM","41.0561637307039"
"Year 1 Oct 15 10:00 AM","54.8943682149474"
"Year 1 Oct 15 11:00 AM","69.3072479436178"
"Year 1 Oct 15 12:00 PM","95.992832131729"
"Year 1 Oct 15 1:00 PM","73.9321560379319"
"Year 1 Oct 15 2:00 PM","102.641443942639"
"Year 1 Oct 15 3:00 PM","106.490669397545"
"Year 1 Oct 15 4:00 PM","74.3127075442278"
"Year 1 Oct 15 5:00 PM","35.9307512752615"
"Year 1 Oct 15 6:00 PM","0"
"Year 1 Oct 15 7:00 PM","0"
"Year 1 Oct 15 8:00 PM","0"
"Year 1 Oct 15 9:00 PM","0"
"Year 1 Oct 15 10:00 PM","0"
"Year 1 Oct 15 11:00 PM","0"
"Year 1 Oct 16 12:00 AM","0"
"Year 1 Oct 16 1:00 AM","0"
"Year 1 Oct 16 2:00 AM","0"
"Year 1 Oct 16 3:00 AM","0"
"Year 1 Oct 16 4:00 AM","0"
"Year 1 Oct 16 5:00 AM","0"
"Year 1 Oct 16 6:00 AM","0"
"Year 1 Oct 16 7:00 AM","9.34895425992302"
"Year 1 Oct 16 8:00 AM","26.540758602955"
"Year 1 Oct 16 9:00 AM","42.6658103246326"
"Year 1 Oct 16 10:00 AM","90.7150715157776"
"Year 1 Oct 16 11:00 AM","78.5386648183943"
"Year 1 Oct 16 12:00 PM","102.576213175723"
"Year 1 Oct 16 1:00 PM","130.940373071107"
"Year 1 Oct 16 2:00 PM","139.812869693444"
"Year 1 Oct 16 3:00 PM","144.473510925797"
"Year 1 Oct 16 4:00 PM","135.273843655625"
"Year 1 Oct 16 5:00 PM","87.7906260106148"
"Year 1 Oct 16 6:00 PM","0"
"Year 1 Oct 16 7:00 PM","0"
"Year 1 Oct 16 8:00 PM","0"
"Year 1 Oct 16 9:00 PM","0"
"Year 1 Oct 16 10:00 PM","0"
"Year 1 Oct 16 11:00 PM","0"
"Year 1 Oct 17 12:00 AM","0"
"Year 1 Oct 17 1:00 AM","0"
"Year 1 Oct 17 2:00 AM","0"
"Year 1 Oct 17 3:00 AM","0"
"Year 1 Oct 17 4:00 AM","0"
"Year 1 Oct 17 5:00 AM","0"
"Year 1 Oct 17 6:00 AM","0"
"Year 1 Oct 17 7:00 AM","15.6055295992253"
"Year 1 Oct 17 8:00 AM","35.5524502744246"
"Year 1 Oct 17 9:00 AM","52.5562107793846"
"Year 1 Oct 17 10:00 AM","66.7974385317833"
"Year 1 Oct 17 11:00 AM","82.0837401809618"
"Year 1 Oct 17 12:00 PM","90.6582380964448"
"Year 1 Oct 17 1:00 PM","124.863963620824"
"Year 1 Oct 17 2:00 PM","133.983259395437"
"Year 1 Oct 17 3:00 PM","46.0228198998994"
"Year 1 Oct 17 4:00 PM","32.7897111565727"
"Year 1 Oct 17 5:00 PM","40.5920938901708"
"Year 1 Oct 17 6:00 PM","0"
"Year 1 Oct 17 7:00 PM","0"
"Year 1 Oct 17 8:00 PM","0"
"Year 1 Oct 17 9:00 PM","0"
"Year 1 Oct 17 10:00 PM","0"
"Year 1 Oct 17 11:00 PM","0"
"Year 1 Oct 18 12:00 AM","0"
"Year 1 Oct 18 1:00 AM","0"
"Year 1 Oct 18 2:00 AM","0"
"Year 1 Oct 18 3:00 AM","0"
"Year 1 Oct 18 4:00 AM","0"
"Year 1 Oct 18 5:00 AM","0"
"Year 1 Oct 18 6:00 AM","0"
"Year 1 Oct 18 7:00 AM","13.3247172948972"
"Year 1 Oct 18 8:00 AM","41.9437761330642"
"Year 1 Oct 18 9:00 AM","59.2350767890589"
"Year 1 Oct 18 10:00 AM","69.8541928479725"
"Year 1 Oct 18 11:00 AM","88.6446317972534"
"Year 1 Oct 18 12:00 PM","84.5582686319035"
"Year 1 Oct 18 1:00 PM","95.6607852868081"
"Year 1 Oct 18 2:00 PM","93.6478895598386"
"Year 1 Oct 18 3:00 PM","122.230807106731"
"Year 1 Oct 18 4:00 PM","44.0829816819693"
"Year 1 Oct 18 5:00 PM","60.6449679831506"
"Year 1 Oct 18 6:00 PM","0"
"Year 1 Oct 18 7:00 PM","0"
"Year 1 Oct 18 8:00 PM","0"
"Year 1 Oct 18 9:00 PM","0"
"Year 1 Oct 18 10:00 PM","0"
"Year 1 Oct 18 11:00 PM","0"
"Year 1 Oct 19 12:00 AM","0"
"Year 1 Oct 19 1:00 AM","0"
"Year 1 Oct 19 2:00 AM","0"
"Year 1 Oct 19 3:00 AM","0"
"Year 1 Oct 19 4:00 AM","0"
"Year 1 Oct 19 5:00 AM","0"
"Year 1 Oct 19 6:00 AM","0"
"Year 1 Oct 19 7:00 AM","12.1482933509491"
"Year 1 Oct 19 8:00 AM","38.2189299672198"
"Year 1 Oct 19 9:00 AM","60.618988121457"
"Year 1 Oct 19 10:00 AM","72.0712756250069"
"Year 1 Oct 19 11:00 AM","81.4666961375534"
"Year 1 Oct 19 12:00 PM","89.1759305858491"
"Year 1 Oct 19 1:00 PM","115.849978393718"
"Year 1 Oct 19 2:00 PM","139.213834938988"
"Year 1 Oct 19 3:00 PM","148.200271510671"
"Year 1 Oct 19 4:00 PM","109.893159487134"
"Year 1 Oct 19 5:00 PM","48.5147742713293"
"Year 1 Oct 19 6:00 PM","0"
"Year 1 Oct 19 7:00 PM","0"
"Year 1 Oct 19 8:00 PM","0"
"Year 1 Oct 19 9:00 PM","0"
"Year 1 Oct 19 10:00 PM","0"
"Year 1 Oct 19 11:00 PM","0"
"Year 1 Oct 20 12:00 AM","0"
"Year 1 Oct 20 1:00 AM","0"
"Year 1 Oct 20 2:00 AM","0"
"Year 1 Oct 20 3:00 AM","0"
"Year 1 Oct 20 4:00 AM","0"
"Year 1 Oct 20 5:00 AM","0"
"Year 1 Oct 20 6:00 AM","0"
"Year 1 Oct 20 7:00 AM","12.373658463227"
"Year 1 Oct 20 8:00 AM","31.5340975440782"
"Year 1 Oct 20 9:00 AM","41.526136324203"
"Year 1 Oct 20 10:00 AM","48.005830865193"
"Year 1 Oct 20 11:00 AM","54.298702169147"
"Year 1 Oct 20 12:00 PM","57.6277224919228"
"Year 1 Oct 20 1:00 PM","77.8365161434629"
"Year 1 Oct 20 2:00 PM","98.2659718861144"
"Year 1 Oct 20 3:00 PM","109.244649146655"
"Year 1 Oct 20 4:00 PM","107.910011052689"
"Year 1 Oct 20 5:00 PM","68.5351550326582"
"Year 1 Oct 20 6:00 PM","0"
"Year 1 Oct 20 7:00 PM","0"
"Year 1 Oct 20 8:00 PM","0"
"Year 1 Oct 20 9:00 PM","0"
"Year 1 Oct 20 10:00 PM","0"
"Year 1 Oct 20 11:00 PM","0"
"Year 1 Oct 21 12:00 AM","0"
"Year 1 Oct 21 1:00 AM","0"
"Year 1 Oct 21 2:00 AM","0"
"Year 1 Oct 21 3:00 AM","0"
"Year 1 Oct 21 4:00 AM","0"
"Year 1 Oct 21 5:00 AM","0"
"Year 1 Oct 21 6:00 AM","0"
"Year 1 Oct 21 7:00 AM","13.0675028662834"
"Year 1 Oct 21 8:00 AM","36.1565745789465"
"Year 1 Oct 21 9:00 AM","49.8867570671572"
"Year 1 Oct 21 10:00 AM","67.8170836106885"
"Year 1 Oct 21 11:00 AM","75.9091466825451"
"Year 1 Oct 21 12:00 PM","85.5902560247518"
"Year 1 Oct 21 1:00 PM","117.239489661413"
"Year 1 Oct 21 2:00 PM","118.031940803877"
"Year 1 Oct 21 3:00 PM","128.80444881166"
"Year 1 Oct 21 4:00 PM","103.555431653614"
"Year 1 Oct 21 5:00 PM","41.5615473844207"
"Year 1 Oct 21 6:00 PM","0"
"Year 1 Oct 21 7:00 PM","0"
"Year 1 Oct 21 8:00 PM","0"
"Year 1 Oct 21 9:00 PM","0"
"Year 1 Oct 21 10:00 PM","0"
"Year 1 Oct 21 11:00 PM","0"
"Year 1 Oct 22 12:00 AM","0"
"Year 1 Oct 22 1:00 AM","0"
"Year 1 Oct 22 2:00 AM","0"
"Year 1 Oct 22 3:00 AM","0"
"Year 1 Oct 22 4:00 AM","0"
"Year 1 Oct 22 5:00 AM","0"
"Year 1 Oct 22 6:00 AM","0"
"Year 1 Oct 22 7:00 AM","9.10700612854777"
"Year 1 Oct 22 8:00 AM","27.7115112962117"
"Year 1 Oct 22 9:00 AM","44.0593645383558"
"Year 1 Oct 22 10:00 AM","66.5197466719958"
"Year 1 Oct 22 11:00 AM","97.4889565386358"
"Year 1 Oct 22 12:00 PM","88.8056887046544"
"Year 1 Oct 22 1:00 PM","109.185344505613"
"Year 1 Oct 22 2:00 PM","97.0291987063691"
"Year 1 Oct 22 3:00 PM","64.9046062155131"
"Year 1 Oct 22 4:00 PM","44.4646447047127"
"Year 1 Oct 22 5:00 PM","13.7095104529756"
"Year 1 Oct 22 6:00 PM","0"
"Year 1 Oct 22 7:00 PM","0"
"Year 1 Oct 22 8:00 PM","0"
"Year 1 Oct 22 9:00 PM","0"
"Year 1 Oct 22 10:00 PM","0"
"Year 1 Oct 22 11:00 PM","0"
"Year 1 Oct 23 12:00 AM","0"
"Year 1 Oct 23 1:00 AM","0"
"Year 1 Oct 23 2:00 AM","0"
"Year 1 Oct 23 3:00 AM","0"
"Year 1 Oct 23 4:00 AM","0"
"Year 1 Oct 23 5:00 AM","0"
"Year 1 Oct 23 6:00 AM","0"
"Year 1 Oct 23 7:00 AM","10.9770253600144"
"Year 1 Oct 23 8:00 AM","34.762290423913"
"Year 1 Oct 23 9:00 AM","53.2401892806191"
"Year 1 Oct 23 10:00 AM","77.9791531611054"
"Year 1 Oct 23 11:00 AM","86.3925169730864"
"Year 1 Oct 23 12:00 PM","86.6707116789707"
"Year 1 Oct 23 1:00 PM","129.856057922675"
"Year 1 Oct 23 2:00 PM","142.258140867656"
"Year 1 Oct 23 3:00 PM","129.004107849766"
"Year 1 Oct 23 4:00 PM","123.037189147025"
"Year 1 Oct 23 5:00 PM","63.6673701333887"
"Year 1 Oct 23 6:00 PM","0"
"Year 1 Oct 23 7:00 PM","0"
"Year 1 Oct 23 8:00 PM","0"
"Year 1 Oct 23 9:00 PM","0"
"Year 1 Oct 23 10:00 PM","0"
"Year 1 Oct 23 11:00 PM","0"
"Year 1 Oct 24 12:00 AM","0"
"Year 1 Oct 24 1:00 AM","0"
"Year 1 Oct 24 2:00 AM","0"
"Year 1 Oct 24 3:00 AM","0"
"Year 1 Oct 24 4:00 AM","0"
"Year 1 Oct 24 5:00 AM","0"
"Year 1 Oct 24 6:00 AM","0"
"Year 1 Oct 24 7:00 AM","11.0639056013694"
"Year 1 Oct 24 8:00 AM","26.0329936288141"
"Year 1 Oct 24 9:00 AM","37.8360147633186"
"Year 1 Oct 24 10:00 AM","45.4389193667657"
"Year 1 Oct 24 11:00 AM","50.0790501115866"
"Year 1 Oct 24 12:00 PM","55.8312624476361"
"Year 1 Oct 24 1:00 PM","71.0707909742798"
"Year 1 Oct 24 2:00 PM","78.2278947566752"
"Year 1 Oct 24 3:00 PM","83.4851077440063"
"Year 1 Oct 24 4:00 PM","86.8384802489579"
"Year 1 Oct 24 5:00 PM","56.5006645942855"
"Year 1 Oct 24 6:00 PM","0"
"Year 1 Oct 24 7:00 PM","0"
"Year 1 Oct 24 8:00 PM","0"
"Year 1 Oct 24 9:00 PM","0"
"Year 1 Oct 24 10:00 PM","0"
"Year 1 Oct 24 11:00 PM","0"
"Year 1 Oct 25 12:00 AM","0"
"Year 1 Oct 25 1:00 AM","0"
"Year 1 Oct 25 2:00 AM","0"
"Year 1 Oct 25 3:00 AM","0"
"Year 1 Oct 25 4:00 AM","0"
"Year 1 Oct 25 5:00 AM","0"
"Year 1 Oct 25 6:00 AM","0"
"Year 1 Oct 25 7:00 AM","5.51726205883667"
"Year 1 Oct 25 8:00 AM","18.7570124430893"
"Year 1 Oct 25 9:00 AM","34.4682916202325"
"Year 1 Oct 25 10:00 AM","43.5136766188021"
"Year 1 Oct 25 11:00 AM","55.2325008574527"
"Year 1 Oct 25 12:00 PM","69.384991005584"
"Year 1 Oct 25 1:00 PM","94.2695484972252"
"Year 1 Oct 25 2:00 PM","112.639843533921"
"Year 1 Oct 25 3:00 PM","78.8111993777722"
"Year 1 Oct 25 4:00 PM","50.2124633473054"
"Year 1 Oct 25 5:00 PM","21.5414717666252"
"Year 1 Oct 25 6:00 PM","0"
"Year 1 Oct 25 7:00 PM","0"
"Year 1 Oct 25 8:00 PM","0"
"Year 1 Oct 25 9:00 PM","0"
"Year 1 Oct 25 10:00 PM","0"
"Year 1 Oct 25 11:00 PM","0"
"Year 1 Oct 26 12:00 AM","0"
"Year 1 Oct 26 1:00 AM","0"
"Year 1 Oct 26 2:00 AM","0"
"Year 1 Oct 26 3:00 AM","0"
"Year 1 Oct 26 4:00 AM","0"
"Year 1 Oct 26 5:00 AM","0"
"Year 1 Oct 26 6:00 AM","0"
"Year 1 Oct 26 7:00 AM","7.21084389602893"
"Year 1 Oct 26 8:00 AM","29.255178803924"
"Year 1 Oct 26 9:00 AM","51.1819608435334"
"Year 1 Oct 26 10:00 AM","61.1997185986087"
"Year 1 Oct 26 11:00 AM","57.540542566244"
"Year 1 Oct 26 12:00 PM","65.4887350500534"
"Year 1 Oct 26 1:00 PM","101.702842360304"
"Year 1 Oct 26 2:00 PM","129.302305938456"
"Year 1 Oct 26 3:00 PM","128.302946408119"
"Year 1 Oct 26 4:00 PM","97.5161881263716"
"Year 1 Oct 26 5:00 PM","57.3614096604027"
"Year 1 Oct 26 6:00 PM","0"
"Year 1 Oct 26 7:00 PM","0"
"Year 1 Oct 26 8:00 PM","0"
"Year 1 Oct 26 9:00 PM","0"
"Year 1 Oct 26 10:00 PM","0"
"Year 1 Oct 26 11:00 PM","0"
"Year 1 Oct 27 12:00 AM","0"
"Year 1 Oct 27 1:00 AM","0"
"Year 1 Oct 27 2:00 AM","0"
"Year 1 Oct 27 3:00 AM","0"
"Year 1 Oct 27 4:00 AM","0"
"Year 1 Oct 27 5:00 AM","0"
"Year 1 Oct 27 6:00 AM","0"
"Year 1 Oct 27 7:00 AM","8.12211610464335"
"Year 1 Oct 27 8:00 AM","21.9189288384984"
"Year 1 Oct 27 9:00 AM","31.5709163544768"
"Year 1 Oct 27 10:00 AM","36.1629039843238"
"Year 1 Oct 27 11:00 AM","38.5514184238141"
"Year 1 Oct 27 12:00 PM","41.4942566079342"
"Year 1 Oct 27 1:00 PM","51.401275477597"
"Year 1 Oct 27 2:00 PM","58.6384790252456"
"Year 1 Oct 27 3:00 PM","62.957836789916"
"Year 1 Oct 27 4:00 PM","68.9552760222702"
"Year 1 Oct 27 5:00 PM","43.3255505090951"
"Year 1 Oct 27 6:00 PM","0"
"Year 1 Oct 27 7:00 PM","0"
"Year 1 Oct 27 8:00 PM","0"
"Year 1 Oct 27 9:00 PM","0"
"Year 1 Oct 27 10:00 PM","0"
"Year 1 Oct 27 11:00 PM","0"
"Year 1 Oct 28 12:00 AM","0"
"Year 1 Oct 28 1:00 AM","0"
"Year 1 Oct 28 2:00 AM","0"
"Year 1 Oct 28 3:00 AM","0"
"Year 1 Oct 28 4:00 AM","0"
"Year 1 Oct 28 5:00 AM","0"
"Year 1 Oct 28 6:00 AM","0"
"Year 1 Oct 28 7:00 AM","9.31200277284658"
"Year 1 Oct 28 8:00 AM","27.817941077683"
"Year 1 Oct 28 9:00 AM","36.0757941636542"
"Year 1 Oct 28 10:00 AM","43.8172672566985"
"Year 1 Oct 28 11:00 AM","41.9878063534909"
"Year 1 Oct 28 12:00 PM","66.9343463749118"
"Year 1 Oct 28 1:00 PM","85.5720873276427"
"Year 1 Oct 28 2:00 PM","99.6832316852924"
"Year 1 Oct 28 3:00 PM","87.0503540821678"
"Year 1 Oct 28 4:00 PM","82.1810319703217"
"Year 1 Oct 28 5:00 PM","45.5751132744023"
"Year 1 Oct 28 6:00 PM","0"
"Year 1 Oct 28 7:00 PM","0"
"Year 1 Oct 28 8:00 PM","0"
"Year 1 Oct 28 9:00 PM","0"
"Year 1 Oct 28 10:00 PM","0"
"Year 1 Oct 28 11:00 PM","0"
"Year 1 Oct 29 12:00 AM","0"
"Year 1 Oct 29 1:00 AM","0"
"Year 1 Oct 29 2:00 AM","0"
"Year 1 Oct 29 3:00 AM","0"
"Year 1 Oct 29 4:00 AM","0"
"Year 1 Oct 29 5:00 AM","0"
"Year 1 Oct 29 6:00 AM","0"
"Year 1 Oct 29 7:00 AM","7.67896784868028"
"Year 1 Oct 29 8:00 AM","27.4041548719961"
"Year 1 Oct 29 9:00 AM","40.2259461322242"
"Year 1 Oct 29 10:00 AM","68.539120629547"
"Year 1 Oct 29 11:00 AM","75.4671208163611"
"Year 1 Oct 29 12:00 PM","79.8274821966464"
"Year 1 Oct 29 1:00 PM","96.2966838747772"
"Year 1 Oct 29 2:00 PM","102.724480881404"
"Year 1 Oct 29 3:00 PM","107.776636283075"
"Year 1 Oct 29 4:00 PM","102.691157087354"
"Year 1 Oct 29 5:00 PM","47.8273826126746"
"Year 1 Oct 29 6:00 PM","0"
"Year 1 Oct 29 7:00 PM","0"
"Year 1 Oct 29 8:00 PM","0"
"Year 1 Oct 29 9:00 PM","0"
"Year 1 Oct 29 10:00 PM","0"
"Year 1 Oct 29 11:00 PM","0"
"Year 1 Oct 30 12:00 AM","0"
"Year 1 Oct 30 1:00 AM","0"
"Year 1 Oct 30 2:00 AM","0"
"Year 1 Oct 30 3:00 AM","0"
"Year 1 Oct 30 4:00 AM","0"
"Year 1 Oct 30 5:00 AM","0"
"Year 1 Oct 30 6:00 AM","0"
"Year 1 Oct 30 7:00 AM","8.25760981628685"
"Year 1 Oct 30 8:00 AM","25.5077452875529"
"Year 1 Oct 30 9:00 AM","36.6435334770424"
"Year 1 Oct 30 10:00 AM","43.5384438651087"
"Year 1 Oct 30 11:00 AM","46.261462976293"
"Year 1 Oct 30 12:00 PM","49.4239064580641"
"Year 1 Oct 30 1:00 PM","67.065401859129"
"Year 1 Oct 30 2:00 PM","83.0219078642758"
"Year 1 Oct 30 3:00 PM","92.6565148148453"
"Year 1 Oct 30 4:00 PM","95.8520430807411"
"Year 1 Oct 30 5:00 PM","46.8760712142483"
"Year 1 Oct 30 6:00 PM","0"
"Year 1 Oct 30 7:00 PM","0"
"Year 1 Oct 30 8:00 PM","0"
"Year 1 Oct 30 9:00 PM","0"
"Year 1 Oct 30 10:00 PM","0"
"Year 1 Oct 30 11:00 PM","0"
"Year 1 Oct 31 12:00 AM","0"
"Year 1 Oct 31 1:00 AM","0"
"Year 1 Oct 31 2:00 AM","0"
"Year 1 Oct 31 3:00 AM","0"
"Year 1 Oct 31 4:00 AM","0"
"Year 1 Oct 31 5:00 AM","0"
"Year 1 Oct 31 6:00 AM","0"
"Year 1 Oct 31 7:00 AM","8.42731271710153"
"Year 1 Oct 31 8:00 AM","28.4768720233909"
"Year 1 Oct 31 9:00 AM","45.3308310073789"
"Year 1 Oct 31 10:00 AM","62.4293719041238"
"Year 1 Oct 31 11:00 AM","69.3396329792636"
"Year 1 Oct 31 12:00 PM","91.9172330199964"
"Year 1 Oct 31 1:00 PM","105.04633721303"
"Year 1 Oct 31 2:00 PM","116.56300804777"
"Year 1 Oct 31 3:00 PM","123.908075303755"
"Year 1 Oct 31 4:00 PM","101.804133378359"
"Year 1 Oct 31 5:00 PM","28.8286676436664"
"Year 1 Oct 31 6:00 PM","0"
"Year 1 Oct 31 7:00 PM","0"
"Year 1 Oct 31 8:00 PM","0"
"Year 1 Oct 31 9:00 PM","0"
"Year 1 Oct 31 10:00 PM","0"
"Year 1 Oct 31 11:00 PM","0"
"Year 1 Nov 01 12:00 AM","0"
"Year 1 Nov 01 1:00 AM","0"
"Year 1 Nov 01 2:00 AM","0"
"Year 1 Nov 01 3:00 AM","0"
"Year 1 Nov 01 4:00 AM","0"
"Year 1 Nov 01 5:00 AM","0"
"Year 1 Nov 01 6:00 AM","0"
"Year 1 Nov 01 7:00 AM","5.03402510584922"
"Year 1 Nov 01 8:00 AM","20.4103206676568"
"Year 1 Nov 01 9:00 AM","39.2949279655813"
"Year 1 Nov 01 10:00 AM","51.7466160652114"
"Year 1 Nov 01 11:00 AM","60.0793338196708"
"Year 1 Nov 01 12:00 PM","63.6798878408839"
"Year 1 Nov 01 1:00 PM","63.8283973985973"
"Year 1 Nov 01 2:00 PM","61.1623282967413"
"Year 1 Nov 01 3:00 PM","46.474556300662"
"Year 1 Nov 01 4:00 PM","23.7014221577331"
"Year 1 Nov 01 5:00 PM","5.91074896823649"
"Year 1 Nov 01 6:00 PM","0"
"Year 1 Nov 01 7:00 PM","0"
"Year 1 Nov 01 8:00 PM","0"
"Year 1 Nov 01 9:00 PM","0"
"Year 1 Nov 01 10:00 PM","0"
"Year 1 Nov 01 11:00 PM","0"
"Year 1 Nov 02 12:00 AM","0"
"Year 1 Nov 02 1:00 AM","0"
"Year 1 Nov 02 2:00 AM","0"
"Year 1 Nov 02 3:00 AM","0"
"Year 1 Nov 02 4:00 AM","0"
"Year 1 Nov 02 5:00 AM","0"
"Year 1 Nov 02 6:00 AM","0"
"Year 1 Nov 02 7:00 AM","8.19069982887829"
"Year 1 Nov 02 8:00 AM","32.0887066023153"
"Year 1 Nov 02 9:00 AM","41.6148439139556"
"Year 1 Nov 02 10:00 AM","57.8745299941119"
"Year 1 Nov 02 11:00 AM","65.7696544322586"
"Year 1 Nov 02 12:00 PM","68.4893573653446"
"Year 1 Nov 02 1:00 PM","93.7787849392042"
"Year 1 Nov 02 2:00 PM","105.584922414853"
"Year 1 Nov 02 3:00 PM","64.4482075047565"
"Year 1 Nov 02 4:00 PM","85.0458477105274"
"Year 1 Nov 02 5:00 PM","33.6339682615764"
"Year 1 Nov 02 6:00 PM","0"
"Year 1 Nov 02 7:00 PM","0"
"Year 1 Nov 02 8:00 PM","0"
"Year 1 Nov 02 9:00 PM","0"
"Year 1 Nov 02 10:00 PM","0"
"Year 1 Nov 02 11:00 PM","0"
"Year 1 Nov 03 12:00 AM","0"
"Year 1 Nov 03 1:00 AM","0"
"Year 1 Nov 03 2:00 AM","0"
"Year 1 Nov 03 3:00 AM","0"
"Year 1 Nov 03 4:00 AM","0"
"Year 1 Nov 03 5:00 AM","0"
"Year 1 Nov 03 6:00 AM","0"
"Year 1 Nov 03 7:00 AM","3.7530816751186"
"Year 1 Nov 03 8:00 AM","22.7325445967849"
"Year 1 Nov 03 9:00 AM","46.4191764385337"
"Year 1 Nov 03 10:00 AM","63.8338183187321"
"Year 1 Nov 03 11:00 AM","82.3707976953761"
"Year 1 Nov 03 12:00 PM","93.2194259981773"
"Year 1 Nov 03 1:00 PM","91.4783383291667"
"Year 1 Nov 03 2:00 PM","101.171314247063"
"Year 1 Nov 03 3:00 PM","67.8928712244548"
"Year 1 Nov 03 4:00 PM","33.2580509900097"
"Year 1 Nov 03 5:00 PM","10.8616594583258"
"Year 1 Nov 03 6:00 PM","0"
"Year 1 Nov 03 7:00 PM","0"
"Year 1 Nov 03 8:00 PM","0"
"Year 1 Nov 03 9:00 PM","0"
"Year 1 Nov 03 10:00 PM","0"
"Year 1 Nov 03 11:00 PM","0"
"Year 1 Nov 04 12:00 AM","0"
"Year 1 Nov 04 1:00 AM","0"
"Year 1 Nov 04 2:00 AM","0"
"Year 1 Nov 04 3:00 AM","0"
"Year 1 Nov 04 4:00 AM","0"
"Year 1 Nov 04 5:00 AM","0"
"Year 1 Nov 04 6:00 AM","0"
"Year 1 Nov 04 7:00 AM","5.88184871016422"
"Year 1 Nov 04 8:00 AM","25.7319370681974"
"Year 1 Nov 04 9:00 AM","43.1322112093817"
"Year 1 Nov 04 10:00 AM","56.2861978142128"
"Year 1 Nov 04 11:00 AM","65.1430147335863"
"Year 1 Nov 04 12:00 PM","55.4232862730301"
"Year 1 Nov 04 1:00 PM","72.7315344140398"
"Year 1 Nov 04 2:00 PM","82.9112384606341"
"Year 1 Nov 04 3:00 PM","92.121865949917"
"Year 1 Nov 04 4:00 PM","94.8094936071627"
"Year 1 Nov 04 5:00 PM","34.2081671281628"
"Year 1 Nov 04 6:00 PM","0"
"Year 1 Nov 04 7:00 PM","0"
"Year 1 Nov 04 8:00 PM","0"
"Year 1 Nov 04 9:00 PM","0"
"Year 1 Nov 04 10:00 PM","0"
"Year 1 Nov 04 11:00 PM","0"
"Year 1 Nov 05 12:00 AM","0"
"Year 1 Nov 05 1:00 AM","0"
"Year 1 Nov 05 2:00 AM","0"
"Year 1 Nov 05 3:00 AM","0"
"Year 1 Nov 05 4:00 AM","0"
"Year 1 Nov 05 5:00 AM","0"
"Year 1 Nov 05 6:00 AM","0"
"Year 1 Nov 05 7:00 AM","3.20881271702069"
"Year 1 Nov 05 8:00 AM","17.8692265407558"
"Year 1 Nov 05 9:00 AM","42.7770929284719"
"Year 1 Nov 05 10:00 AM","66.2196478024648"
"Year 1 Nov 05 11:00 AM","84.8767765400669"
"Year 1 Nov 05 12:00 PM","94.7595321135742"
"Year 1 Nov 05 1:00 PM","82.2777148537218"
"Year 1 Nov 05 2:00 PM","77.6406219747968"
"Year 1 Nov 05 3:00 PM","73.1415023465036"
"Year 1 Nov 05 4:00 PM","70.9703474459532"
"Year 1 Nov 05 5:00 PM","14.9158678280874"
"Year 1 Nov 05 6:00 PM","0"
"Year 1 Nov 05 7:00 PM","0"
"Year 1 Nov 05 8:00 PM","0"
"Year 1 Nov 05 9:00 PM","0"
"Year 1 Nov 05 10:00 PM","0"
"Year 1 Nov 05 11:00 PM","0"
"Year 1 Nov 06 12:00 AM","0"
"Year 1 Nov 06 1:00 AM","0"
"Year 1 Nov 06 2:00 AM","0"
"Year 1 Nov 06 3:00 AM","0"
"Year 1 Nov 06 4:00 AM","0"
"Year 1 Nov 06 5:00 AM","0"
"Year 1 Nov 06 6:00 AM","0"
"Year 1 Nov 06 7:00 AM","3.51842202471714"
"Year 1 Nov 06 8:00 AM","18.9829495458616"
"Year 1 Nov 06 9:00 AM","42.2593424271974"
"Year 1 Nov 06 10:00 AM","57.5312535652348"
"Year 1 Nov 06 11:00 AM","71.7115620466021"
"Year 1 Nov 06 12:00 PM","93.7683461188012"
"Year 1 Nov 06 1:00 PM","87.9967241342942"
"Year 1 Nov 06 2:00 PM","80.2759515757902"
"Year 1 Nov 06 3:00 PM","74.2531924302212"
"Year 1 Nov 06 4:00 PM","20.6033301534486"
"Year 1 Nov 06 5:00 PM","3.69084792718223"
"Year 1 Nov 06 6:00 PM","0"
"Year 1 Nov 06 7:00 PM","0"
"Year 1 Nov 06 8:00 PM","0"
"Year 1 Nov 06 9:00 PM","0"
"Year 1 Nov 06 10:00 PM","0"
"Year 1 Nov 06 11:00 PM","0"
"Year 1 Nov 07 12:00 AM","0"
"Year 1 Nov 07 1:00 AM","0"
"Year 1 Nov 07 2:00 AM","0"
"Year 1 Nov 07 3:00 AM","0"
"Year 1 Nov 07 4:00 AM","0"
"Year 1 Nov 07 5:00 AM","0"
"Year 1 Nov 07 6:00 AM","0"
"Year 1 Nov 07 7:00 AM","3.90667194695823"
"Year 1 Nov 07 8:00 AM","17.9220183890244"
"Year 1 Nov 07 9:00 AM","37.5886672072273"
"Year 1 Nov 07 10:00 AM","51.9765625939205"
"Year 1 Nov 07 11:00 AM","64.7935871885371"
"Year 1 Nov 07 12:00 PM","94.2816245183884"
"Year 1 Nov 07 1:00 PM","110.286323007892"
"Year 1 Nov 07 2:00 PM","104.575755004934"
"Year 1 Nov 07 3:00 PM","79.0516862982099"
"Year 1 Nov 07 4:00 PM","48.9081279410785"
"Year 1 Nov 07 5:00 PM","15.8075675741659"
"Year 1 Nov 07 6:00 PM","0"
"Year 1 Nov 07 7:00 PM","0"
"Year 1 Nov 07 8:00 PM","0"
"Year 1 Nov 07 9:00 PM","0"
"Year 1 Nov 07 10:00 PM","0"
"Year 1 Nov 07 11:00 PM","0"
"Year 1 Nov 08 12:00 AM","0"
"Year 1 Nov 08 1:00 AM","0"
"Year 1 Nov 08 2:00 AM","0"
"Year 1 Nov 08 3:00 AM","0"
"Year 1 Nov 08 4:00 AM","0"
"Year 1 Nov 08 5:00 AM","0"
"Year 1 Nov 08 6:00 AM","0"
"Year 1 Nov 08 7:00 AM","5.80425962846711"
"Year 1 Nov 08 8:00 AM","29.9496384277001"
"Year 1 Nov 08 9:00 AM","56.1307232418667"
"Year 1 Nov 08 10:00 AM","78.775614904744"
"Year 1 Nov 08 11:00 AM","89.7484919790922"
"Year 1 Nov 08 12:00 PM","97.5994115660482"
"Year 1 Nov 08 1:00 PM","110.198393174212"
"Year 1 Nov 08 2:00 PM","99.5898529445185"
"Year 1 Nov 08 3:00 PM","83.1711591875328"
"Year 1 Nov 08 4:00 PM","66.9460979926536"
"Year 1 Nov 08 5:00 PM","24.9237363952658"
"Year 1 Nov 08 6:00 PM","0"
"Year 1 Nov 08 7:00 PM","0"
"Year 1 Nov 08 8:00 PM","0"
"Year 1 Nov 08 9:00 PM","0"
"Year 1 Nov 08 10:00 PM","0"
"Year 1 Nov 08 11:00 PM","0"
"Year 1 Nov 09 12:00 AM","0"
"Year 1 Nov 09 1:00 AM","0"
"Year 1 Nov 09 2:00 AM","0"
"Year 1 Nov 09 3:00 AM","0"
"Year 1 Nov 09 4:00 AM","0"
"Year 1 Nov 09 5:00 AM","0"
"Year 1 Nov 09 6:00 AM","0"
"Year 1 Nov 09 7:00 AM","4.60989889148113"
"Year 1 Nov 09 8:00 AM","23.9508128662434"
"Year 1 Nov 09 9:00 AM","46.7601691424033"
"Year 1 Nov 09 10:00 AM","50.7257437843479"
"Year 1 Nov 09 11:00 AM","72.8289672838776"
"Year 1 Nov 09 12:00 PM","72.14086565114"
"Year 1 Nov 09 1:00 PM","93.7470654545263"
"Year 1 Nov 09 2:00 PM","117.239700372929"
"Year 1 Nov 09 3:00 PM","118.073095373092"
"Year 1 Nov 09 4:00 PM","88.5226574504211"
"Year 1 Nov 09 5:00 PM","20.5359401776733"
"Year 1 Nov 09 6:00 PM","0"
"Year 1 Nov 09 7:00 PM","0"
"Year 1 Nov 09 8:00 PM","0"
"Year 1 Nov 09 9:00 PM","0"
"Year 1 Nov 09 10:00 PM","0"
"Year 1 Nov 09 11:00 PM","0"
"Year 1 Nov 10 12:00 AM","0"
"Year 1 Nov 10 1:00 AM","0"
"Year 1 Nov 10 2:00 AM","0"
"Year 1 Nov 10 3:00 AM","0"
"Year 1 Nov 10 4:00 AM","0"
"Year 1 Nov 10 5:00 AM","0"
"Year 1 Nov 10 6:00 AM","0"
"Year 1 Nov 10 7:00 AM","4.7291970353304"
"Year 1 Nov 10 8:00 AM","26.418747703157"
"Year 1 Nov 10 9:00 AM","41.0615136821743"
"Year 1 Nov 10 10:00 AM","60.8493257115102"
"Year 1 Nov 10 11:00 AM","73.981449390501"
"Year 1 Nov 10 12:00 PM","95.4447354292237"
"Year 1 Nov 10 1:00 PM","109.285338326993"
"Year 1 Nov 10 2:00 PM","100.628849625396"
"Year 1 Nov 10 3:00 PM","89.1800637370085"
"Year 1 Nov 10 4:00 PM","67.3155354034736"
"Year 1 Nov 10 5:00 PM","23.7061558111797"
"Year 1 Nov 10 6:00 PM","0"
"Year 1 Nov 10 7:00 PM","0"
"Year 1 Nov 10 8:00 PM","0"
"Year 1 Nov 10 9:00 PM","0"
"Year 1 Nov 10 10:00 PM","0"
"Year 1 Nov 10 11:00 PM","0"
"Year 1 Nov 11 12:00 AM","0"
"Year 1 Nov 11 1:00 AM","0"
"Year 1 Nov 11 2:00 AM","0"
"Year 1 Nov 11 3:00 AM","0"
"Year 1 Nov 11 4:00 AM","0"
"Year 1 Nov 11 5:00 AM","0"
"Year 1 Nov 11 6:00 AM","0"
"Year 1 Nov 11 7:00 AM","3.37884222046077"
"Year 1 Nov 11 8:00 AM","21.6236438913184"
"Year 1 Nov 11 9:00 AM","36.1849593291344"
"Year 1 Nov 11 10:00 AM","60.1089674007745"
"Year 1 Nov 11 11:00 AM","75.0554673672333"
"Year 1 Nov 11 12:00 PM","74.4354290792177"
"Year 1 Nov 11 1:00 PM","100.692097438734"
"Year 1 Nov 11 2:00 PM","113.736270464272"
"Year 1 Nov 11 3:00 PM","113.781904207053"
"Year 1 Nov 11 4:00 PM","92.3376437433555"
"Year 1 Nov 11 5:00 PM","25.5919764979432"
"Year 1 Nov 11 6:00 PM","0"
"Year 1 Nov 11 7:00 PM","0"
"Year 1 Nov 11 8:00 PM","0"
"Year 1 Nov 11 9:00 PM","0"
"Year 1 Nov 11 10:00 PM","0"
"Year 1 Nov 11 11:00 PM","0"
"Year 1 Nov 12 12:00 AM","0"
"Year 1 Nov 12 1:00 AM","0"
"Year 1 Nov 12 2:00 AM","0"
"Year 1 Nov 12 3:00 AM","0"
"Year 1 Nov 12 4:00 AM","0"
"Year 1 Nov 12 5:00 AM","0"
"Year 1 Nov 12 6:00 AM","0"
"Year 1 Nov 12 7:00 AM","3.34892783758395"
"Year 1 Nov 12 8:00 AM","23.0567410351382"
"Year 1 Nov 12 9:00 AM","36.2510195459519"
"Year 1 Nov 12 10:00 AM","43.2993647772072"
"Year 1 Nov 12 11:00 AM","46.8890381648225"
"Year 1 Nov 12 12:00 PM","50.9534349454288"
"Year 1 Nov 12 1:00 PM","72.3478916588519"
"Year 1 Nov 12 2:00 PM","95.3006101054005"
"Year 1 Nov 12 3:00 PM","111.023127258518"
"Year 1 Nov 12 4:00 PM","99.3970192529185"
"Year 1 Nov 12 5:00 PM","15.4457498734655"
"Year 1 Nov 12 6:00 PM","0"
"Year 1 Nov 12 7:00 PM","0"
"Year 1 Nov 12 8:00 PM","0"
"Year 1 Nov 12 9:00 PM","0"
"Year 1 Nov 12 10:00 PM","0"
"Year 1 Nov 12 11:00 PM","0"
"Year 1 Nov 13 12:00 AM","0"
"Year 1 Nov 13 1:00 AM","0"
"Year 1 Nov 13 2:00 AM","0"
"Year 1 Nov 13 3:00 AM","0"
"Year 1 Nov 13 4:00 AM","0"
"Year 1 Nov 13 5:00 AM","0"
"Year 1 Nov 13 6:00 AM","0"
"Year 1 Nov 13 7:00 AM","3.37234043866135"
"Year 1 Nov 13 8:00 AM","25.4408108058993"
"Year 1 Nov 13 9:00 AM","48.8864783970654"
"Year 1 Nov 13 10:00 AM","62.349416815755"
"Year 1 Nov 13 11:00 AM","79.3695613304136"
"Year 1 Nov 13 12:00 PM","84.0385592753735"
"Year 1 Nov 13 1:00 PM","95.6619691331368"
"Year 1 Nov 13 2:00 PM","102.542286253659"
"Year 1 Nov 13 3:00 PM","60.3728556776849"
"Year 1 Nov 13 4:00 PM","13.5817744722028"
"Year 1 Nov 13 5:00 PM","1.67200318509299"
"Year 1 Nov 13 6:00 PM","0"
"Year 1 Nov 13 7:00 PM","0"
"Year 1 Nov 13 8:00 PM","0"
"Year 1 Nov 13 9:00 PM","0"
"Year 1 Nov 13 10:00 PM","0"
"Year 1 Nov 13 11:00 PM","0"
"Year 1 Nov 14 12:00 AM","0"
"Year 1 Nov 14 1:00 AM","0"
"Year 1 Nov 14 2:00 AM","0"
"Year 1 Nov 14 3:00 AM","0"
"Year 1 Nov 14 4:00 AM","0"
"Year 1 Nov 14 5:00 AM","0"
"Year 1 Nov 14 6:00 AM","0"
"Year 1 Nov 14 7:00 AM","3.05276276988994"
"Year 1 Nov 14 8:00 AM","19.2194302544844"
"Year 1 Nov 14 9:00 AM","30.9908182049261"
"Year 1 Nov 14 10:00 AM","36.9955576154376"
"Year 1 Nov 14 11:00 AM","41.0709275060917"
"Year 1 Nov 14 12:00 PM","44.2692854132099"
"Year 1 Nov 14 1:00 PM","62.3152434605578"
"Year 1 Nov 14 2:00 PM","91.5729102189231"
"Year 1 Nov 14 3:00 PM","107.590027854621"
"Year 1 Nov 14 4:00 PM","94.7522300566139"
"Year 1 Nov 14 5:00 PM","18.4021323441234"
"Year 1 Nov 14 6:00 PM","0"
"Year 1 Nov 14 7:00 PM","0"
"Year 1 Nov 14 8:00 PM","0"
"Year 1 Nov 14 9:00 PM","0"
"Year 1 Nov 14 10:00 PM","0"
"Year 1 Nov 14 11:00 PM","0"
"Year 1 Nov 15 12:00 AM","0"
"Year 1 Nov 15 1:00 AM","0"
"Year 1 Nov 15 2:00 AM","0"
"Year 1 Nov 15 3:00 AM","0"
"Year 1 Nov 15 4:00 AM","0"
"Year 1 Nov 15 5:00 AM","0"
"Year 1 Nov 15 6:00 AM","0"
"Year 1 Nov 15 7:00 AM","3.16851014556556"
"Year 1 Nov 15 8:00 AM","23.0518387694302"
"Year 1 Nov 15 9:00 AM","46.7097917202327"
"Year 1 Nov 15 10:00 AM","74.9342895391239"
"Year 1 Nov 15 11:00 AM","72.9080273697598"
"Year 1 Nov 15 12:00 PM","65.5470597185966"
"Year 1 Nov 15 1:00 PM","87.256531615022"
"Year 1 Nov 15 2:00 PM","56.9751479547842"
"Year 1 Nov 15 3:00 PM","51.5913489168545"
"Year 1 Nov 15 4:00 PM","28.2658754201704"
"Year 1 Nov 15 5:00 PM","7.13588174447851"
"Year 1 Nov 15 6:00 PM","0"
"Year 1 Nov 15 7:00 PM","0"
"Year 1 Nov 15 8:00 PM","0"
"Year 1 Nov 15 9:00 PM","0"
"Year 1 Nov 15 10:00 PM","0"
"Year 1 Nov 15 11:00 PM","0"
"Year 1 Nov 16 12:00 AM","0"
"Year 1 Nov 16 1:00 AM","0"
"Year 1 Nov 16 2:00 AM","0"
"Year 1 Nov 16 3:00 AM","0"
"Year 1 Nov 16 4:00 AM","0"
"Year 1 Nov 16 5:00 AM","0"
"Year 1 Nov 16 6:00 AM","0"
"Year 1 Nov 16 7:00 AM","2.88607093891556"
"Year 1 Nov 16 8:00 AM","20.2514911147252"
"Year 1 Nov 16 9:00 AM","36.3604546794719"
"Year 1 Nov 16 10:00 AM","50.5910718978463"
"Year 1 Nov 16 11:00 AM","73.7003420576092"
"Year 1 Nov 16 12:00 PM","87.3927510825552"
"Year 1 Nov 16 1:00 PM","94.7443214606896"
"Year 1 Nov 16 2:00 PM","100.335843032872"
"Year 1 Nov 16 3:00 PM","41.6749006830258"
"Year 1 Nov 16 4:00 PM","22.0393683168381"
"Year 1 Nov 16 5:00 PM","6.00031894549709"
"Year 1 Nov 16 6:00 PM","0"
"Year 1 Nov 16 7:00 PM","0"
"Year 1 Nov 16 8:00 PM","0"
"Year 1 Nov 16 9:00 PM","0"
"Year 1 Nov 16 10:00 PM","0"
"Year 1 Nov 16 11:00 PM","0"
"Year 1 Nov 17 12:00 AM","0"
"Year 1 Nov 17 1:00 AM","0"
"Year 1 Nov 17 2:00 AM","0"
"Year 1 Nov 17 3:00 AM","0"
"Year 1 Nov 17 4:00 AM","0"
"Year 1 Nov 17 5:00 AM","0"
"Year 1 Nov 17 6:00 AM","0"
"Year 1 Nov 17 7:00 AM","2.6238554152296"
"Year 1 Nov 17 8:00 AM","19.1814578771057"
"Year 1 Nov 17 9:00 AM","37.4162665685562"
"Year 1 Nov 17 10:00 AM","54.72731948867"
"Year 1 Nov 17 11:00 AM","56.6791000172963"
"Year 1 Nov 17 12:00 PM","72.2806599877834"
"Year 1 Nov 17 1:00 PM","105.6452245915"
"Year 1 Nov 17 2:00 PM","89.8886457743116"
"Year 1 Nov 17 3:00 PM","92.1602387060409"
"Year 1 Nov 17 4:00 PM","34.6610171427799"
"Year 1 Nov 17 5:00 PM","8.70428360794487"
"Year 1 Nov 17 6:00 PM","0"
"Year 1 Nov 17 7:00 PM","0"
"Year 1 Nov 17 8:00 PM","0"
"Year 1 Nov 17 9:00 PM","0"
"Year 1 Nov 17 10:00 PM","0"
"Year 1 Nov 17 11:00 PM","0"
"Year 1 Nov 18 12:00 AM","0"
"Year 1 Nov 18 1:00 AM","0"
"Year 1 Nov 18 2:00 AM","0"
"Year 1 Nov 18 3:00 AM","0"
"Year 1 Nov 18 4:00 AM","0"
"Year 1 Nov 18 5:00 AM","0"
"Year 1 Nov 18 6:00 AM","0"
"Year 1 Nov 18 7:00 AM","1.56221791532532"
"Year 1 Nov 18 8:00 AM","16.3140075480814"
"Year 1 Nov 18 9:00 AM","44.8506410429476"
"Year 1 Nov 18 10:00 AM","53.4362886451546"
"Year 1 Nov 18 11:00 AM","44.0715526849531"
"Year 1 Nov 18 12:00 PM","58.7640715909175"
"Year 1 Nov 18 1:00 PM","86.253166642303"
"Year 1 Nov 18 2:00 PM","83.291114953077"
"Year 1 Nov 18 3:00 PM","76.562722944682"
"Year 1 Nov 18 4:00 PM","80.9645936380244"
"Year 1 Nov 18 5:00 PM","12.6583618679235"
"Year 1 Nov 18 6:00 PM","0"
"Year 1 Nov 18 7:00 PM","0"
"Year 1 Nov 18 8:00 PM","0"
"Year 1 Nov 18 9:00 PM","0"
"Year 1 Nov 18 10:00 PM","0"
"Year 1 Nov 18 11:00 PM","0"
"Year 1 Nov 19 12:00 AM","0"
"Year 1 Nov 19 1:00 AM","0"
"Year 1 Nov 19 2:00 AM","0"
"Year 1 Nov 19 3:00 AM","0"
"Year 1 Nov 19 4:00 AM","0"
"Year 1 Nov 19 5:00 AM","0"
"Year 1 Nov 19 6:00 AM","0"
"Year 1 Nov 19 7:00 AM","1.39627750919912"
"Year 1 Nov 19 8:00 AM","18.8507233335284"
"Year 1 Nov 19 9:00 AM","36.8599534684569"
"Year 1 Nov 19 10:00 AM","57.7365566970589"
"Year 1 Nov 19 11:00 AM","69.751418939581"
"Year 1 Nov 19 12:00 PM","72.6601716880106"
"Year 1 Nov 19 1:00 PM","79.9586071449178"
"Year 1 Nov 19 2:00 PM","79.1685928123709"
"Year 1 Nov 19 3:00 PM","64.0673200106593"
"Year 1 Nov 19 4:00 PM","48.5905771053846"
"Year 1 Nov 19 5:00 PM","9.47888911056937"
"Year 1 Nov 19 6:00 PM","0"
"Year 1 Nov 19 7:00 PM","0"
"Year 1 Nov 19 8:00 PM","0"
"Year 1 Nov 19 9:00 PM","0"
"Year 1 Nov 19 10:00 PM","0"
"Year 1 Nov 19 11:00 PM","0"
"Year 1 Nov 20 12:00 AM","0"
"Year 1 Nov 20 1:00 AM","0"
"Year 1 Nov 20 2:00 AM","0"
"Year 1 Nov 20 3:00 AM","0"
"Year 1 Nov 20 4:00 AM","0"
"Year 1 Nov 20 5:00 AM","0"
"Year 1 Nov 20 6:00 AM","0"
"Year 1 Nov 20 7:00 AM","1.40272419149985"
"Year 1 Nov 20 8:00 AM","20.2046778967457"
"Year 1 Nov 20 9:00 AM","42.3741841505176"
"Year 1 Nov 20 10:00 AM","43.3143264046213"
"Year 1 Nov 20 11:00 AM","58.1439774323842"
"Year 1 Nov 20 12:00 PM","86.6602390917232"
"Year 1 Nov 20 1:00 PM","92.8309895801309"
"Year 1 Nov 20 2:00 PM","90.8908343921124"
"Year 1 Nov 20 3:00 PM","83.923082773411"
"Year 1 Nov 20 4:00 PM","45.3209389356642"
"Year 1 Nov 20 5:00 PM","7.79735850272223"
"Year 1 Nov 20 6:00 PM","0"
"Year 1 Nov 20 7:00 PM","0"
"Year 1 Nov 20 8:00 PM","0"
"Year 1 Nov 20 9:00 PM","0"
"Year 1 Nov 20 10:00 PM","0"
"Year 1 Nov 20 11:00 PM","0"
"Year 1 Nov 21 12:00 AM","0"
"Year 1 Nov 21 1:00 AM","0"
"Year 1 Nov 21 2:00 AM","0"
"Year 1 Nov 21 3:00 AM","0"
"Year 1 Nov 21 4:00 AM","0"
"Year 1 Nov 21 5:00 AM","0"
"Year 1 Nov 21 6:00 AM","0"
"Year 1 Nov 21 7:00 AM","1.48801089551538"
"Year 1 Nov 21 8:00 AM","19.1594758381781"
"Year 1 Nov 21 9:00 AM","38.0923349372371"
"Year 1 Nov 21 10:00 AM","49.2893296577777"
"Year 1 Nov 21 11:00 AM","46.6146844751242"
"Year 1 Nov 21 12:00 PM","47.9885136907321"
"Year 1 Nov 21 1:00 PM","69.6624059137477"
"Year 1 Nov 21 2:00 PM","96.3248721406376"
"Year 1 Nov 21 3:00 PM","104.107910217408"
"Year 1 Nov 21 4:00 PM","79.50008754981"
"Year 1 Nov 21 5:00 PM","13.3356124148808"
"Year 1 Nov 21 6:00 PM","0"
"Year 1 Nov 21 7:00 PM","0"
"Year 1 Nov 21 8:00 PM","0"
"Year 1 Nov 21 9:00 PM","0"
"Year 1 Nov 21 10:00 PM","0"
"Year 1 Nov 21 11:00 PM","0"
"Year 1 Nov 22 12:00 AM","0"
"Year 1 Nov 22 1:00 AM","0"
"Year 1 Nov 22 2:00 AM","0"
"Year 1 Nov 22 3:00 AM","0"
"Year 1 Nov 22 4:00 AM","0"
"Year 1 Nov 22 5:00 AM","0"
"Year 1 Nov 22 6:00 AM","0"
"Year 1 Nov 22 7:00 AM","0.967899608079923"
"Year 1 Nov 22 8:00 AM","14.3569256545174"
"Year 1 Nov 22 9:00 AM","32.2353094925939"
"Year 1 Nov 22 10:00 AM","47.5652426674606"
"Year 1 Nov 22 11:00 AM","62.8982491874426"
"Year 1 Nov 22 12:00 PM","68.0671051324049"
"Year 1 Nov 22 1:00 PM","68.5741477945255"
"Year 1 Nov 22 2:00 PM","73.6527599270699"
"Year 1 Nov 22 3:00 PM","78.5633877325659"
"Year 1 Nov 22 4:00 PM","50.3153855713514"
"Year 1 Nov 22 5:00 PM","10.4237908180581"
"Year 1 Nov 22 6:00 PM","0"
"Year 1 Nov 22 7:00 PM","0"
"Year 1 Nov 22 8:00 PM","0"
"Year 1 Nov 22 9:00 PM","0"
"Year 1 Nov 22 10:00 PM","0"
"Year 1 Nov 22 11:00 PM","0"
"Year 1 Nov 23 12:00 AM","0"
"Year 1 Nov 23 1:00 AM","0"
"Year 1 Nov 23 2:00 AM","0"
"Year 1 Nov 23 3:00 AM","0"
"Year 1 Nov 23 4:00 AM","0"
"Year 1 Nov 23 5:00 AM","0"
"Year 1 Nov 23 6:00 AM","0"
"Year 1 Nov 23 7:00 AM","0.688619305493629"
"Year 1 Nov 23 8:00 AM","9.3450113807212"
"Year 1 Nov 23 9:00 AM","20.711084937529"
"Year 1 Nov 23 10:00 AM","40.4853686198522"
"Year 1 Nov 23 11:00 AM","65.6960049769464"
"Year 1 Nov 23 12:00 PM","67.9903315268306"
"Year 1 Nov 23 1:00 PM","83.2337784702734"
"Year 1 Nov 23 2:00 PM","72.3939023586347"
"Year 1 Nov 23 3:00 PM","59.2292662419775"
"Year 1 Nov 23 4:00 PM","42.7146514788361"
"Year 1 Nov 23 5:00 PM","11.9471663118311"
"Year 1 Nov 23 6:00 PM","0"
"Year 1 Nov 23 7:00 PM","0"
"Year 1 Nov 23 8:00 PM","0"
"Year 1 Nov 23 9:00 PM","0"
"Year 1 Nov 23 10:00 PM","0"
"Year 1 Nov 23 11:00 PM","0"
"Year 1 Nov 24 12:00 AM","0"
"Year 1 Nov 24 1:00 AM","0"
"Year 1 Nov 24 2:00 AM","0"
"Year 1 Nov 24 3:00 AM","0"
"Year 1 Nov 24 4:00 AM","0"
"Year 1 Nov 24 5:00 AM","0"
"Year 1 Nov 24 6:00 AM","0"
"Year 1 Nov 24 7:00 AM","1.06600695710972"
"Year 1 Nov 24 8:00 AM","16.9111810772156"
"Year 1 Nov 24 9:00 AM","41.484705359886"
"Year 1 Nov 24 10:00 AM","53.7920072644031"
"Year 1 Nov 24 11:00 AM","46.1313486137624"
"Year 1 Nov 24 12:00 PM","60.8106021858534"
"Year 1 Nov 24 1:00 PM","81.2907876421895"
"Year 1 Nov 24 2:00 PM","70.3846653496289"
"Year 1 Nov 24 3:00 PM","90.9813483486724"
"Year 1 Nov 24 4:00 PM","80.3358939209164"
"Year 1 Nov 24 5:00 PM","13.0619945848116"
"Year 1 Nov 24 6:00 PM","0"
"Year 1 Nov 24 7:00 PM","0"
"Year 1 Nov 24 8:00 PM","0"
"Year 1 Nov 24 9:00 PM","0"
"Year 1 Nov 24 10:00 PM","0"
"Year 1 Nov 24 11:00 PM","0"
"Year 1 Nov 25 12:00 AM","0"
"Year 1 Nov 25 1:00 AM","0"
"Year 1 Nov 25 2:00 AM","0"
"Year 1 Nov 25 3:00 AM","0"
"Year 1 Nov 25 4:00 AM","0"
"Year 1 Nov 25 5:00 AM","0"
"Year 1 Nov 25 6:00 AM","0"
"Year 1 Nov 25 7:00 AM","0.874939431884947"
"Year 1 Nov 25 8:00 AM","15.6564188077019"
"Year 1 Nov 25 9:00 AM","41.8449364758365"
"Year 1 Nov 25 10:00 AM","53.3901686643632"
"Year 1 Nov 25 11:00 AM","68.8456213398837"
"Year 1 Nov 25 12:00 PM","75.0821027761635"
"Year 1 Nov 25 1:00 PM","100.522358960147"
"Year 1 Nov 25 2:00 PM","78.7945733435418"
"Year 1 Nov 25 3:00 PM","103.171318351107"
"Year 1 Nov 25 4:00 PM","30.6590982018355"
"Year 1 Nov 25 5:00 PM","1.91792415666386"
"Year 1 Nov 25 6:00 PM","0"
"Year 1 Nov 25 7:00 PM","0"
"Year 1 Nov 25 8:00 PM","0"
"Year 1 Nov 25 9:00 PM","0"
"Year 1 Nov 25 10:00 PM","0"
"Year 1 Nov 25 11:00 PM","0"
"Year 1 Nov 26 12:00 AM","0"
"Year 1 Nov 26 1:00 AM","0"
"Year 1 Nov 26 2:00 AM","0"
"Year 1 Nov 26 3:00 AM","0"
"Year 1 Nov 26 4:00 AM","0"
"Year 1 Nov 26 5:00 AM","0"
"Year 1 Nov 26 6:00 AM","0"
"Year 1 Nov 26 7:00 AM","1.15648581289982"
"Year 1 Nov 26 8:00 AM","16.6902748841343"
"Year 1 Nov 26 9:00 AM","30.6981460840071"
"Year 1 Nov 26 10:00 AM","38.1543829965564"
"Year 1 Nov 26 11:00 AM","46.0960366106145"
"Year 1 Nov 26 12:00 PM","49.2757080696693"
"Year 1 Nov 26 1:00 PM","73.5667947588465"
"Year 1 Nov 26 2:00 PM","103.030203272711"
"Year 1 Nov 26 3:00 PM","99.9573587818697"
"Year 1 Nov 26 4:00 PM","66.4984191949272"
"Year 1 Nov 26 5:00 PM","7.22480955016781"
"Year 1 Nov 26 6:00 PM","0"
"Year 1 Nov 26 7:00 PM","0"
"Year 1 Nov 26 8:00 PM","0"
"Year 1 Nov 26 9:00 PM","0"
"Year 1 Nov 26 10:00 PM","0"
"Year 1 Nov 26 11:00 PM","0"
"Year 1 Nov 27 12:00 AM","0"
"Year 1 Nov 27 1:00 AM","0"
"Year 1 Nov 27 2:00 AM","0"
"Year 1 Nov 27 3:00 AM","0"
"Year 1 Nov 27 4:00 AM","0"
"Year 1 Nov 27 5:00 AM","0"
"Year 1 Nov 27 6:00 AM","0"
"Year 1 Nov 27 7:00 AM","0.995731873753905"
"Year 1 Nov 27 8:00 AM","14.4435033488176"
"Year 1 Nov 27 9:00 AM","29.509355136623"
"Year 1 Nov 27 10:00 AM","49.2186171214627"
"Year 1 Nov 27 11:00 AM","70.042430342108"
"Year 1 Nov 27 12:00 PM","71.8463445687954"
"Year 1 Nov 27 1:00 PM","78.9013970881311"
"Year 1 Nov 27 2:00 PM","69.1182182195802"
"Year 1 Nov 27 3:00 PM","56.8496168673043"
"Year 1 Nov 27 4:00 PM","39.5582919298983"
"Year 1 Nov 27 5:00 PM","6.04396463464287"
"Year 1 Nov 27 6:00 PM","0"
"Year 1 Nov 27 7:00 PM","0"
"Year 1 Nov 27 8:00 PM","0"
"Year 1 Nov 27 9:00 PM","0"
"Year 1 Nov 27 10:00 PM","0"
"Year 1 Nov 27 11:00 PM","0"
"Year 1 Nov 28 12:00 AM","0"
"Year 1 Nov 28 1:00 AM","0"
"Year 1 Nov 28 2:00 AM","0"
"Year 1 Nov 28 3:00 AM","0"
"Year 1 Nov 28 4:00 AM","0"
"Year 1 Nov 28 5:00 AM","0"
"Year 1 Nov 28 6:00 AM","0"
"Year 1 Nov 28 7:00 AM","0"
"Year 1 Nov 28 8:00 AM","16.456376216993"
"Year 1 Nov 28 9:00 AM","31.6963793216336"
"Year 1 Nov 28 10:00 AM","40.1726454363154"
"Year 1 Nov 28 11:00 AM","50.3849324896101"
"Year 1 Nov 28 12:00 PM","68.0788151772391"
"Year 1 Nov 28 1:00 PM","100.524964845076"
"Year 1 Nov 28 2:00 PM","114.272182347422"
"Year 1 Nov 28 3:00 PM","98.0228353935321"
"Year 1 Nov 28 4:00 PM","79.6715154129773"
"Year 1 Nov 28 5:00 PM","8.74642636019833"
"Year 1 Nov 28 6:00 PM","0"
"Year 1 Nov 28 7:00 PM","0"
"Year 1 Nov 28 8:00 PM","0"
"Year 1 Nov 28 9:00 PM","0"
"Year 1 Nov 28 10:00 PM","0"
"Year 1 Nov 28 11:00 PM","0"
"Year 1 Nov 29 12:00 AM","0"
"Year 1 Nov 29 1:00 AM","0"
"Year 1 Nov 29 2:00 AM","0"
"Year 1 Nov 29 3:00 AM","0"
"Year 1 Nov 29 4:00 AM","0"
"Year 1 Nov 29 5:00 AM","0"
"Year 1 Nov 29 6:00 AM","0"
"Year 1 Nov 29 7:00 AM","0"
"Year 1 Nov 29 8:00 AM","17.085695427683"
"Year 1 Nov 29 9:00 AM","40.598408837414"
"Year 1 Nov 29 10:00 AM","62.3029971011973"
"Year 1 Nov 29 11:00 AM","71.4690910991756"
"Year 1 Nov 29 12:00 PM","79.331968745046"
"Year 1 Nov 29 1:00 PM","108.31262626333"
"Year 1 Nov 29 2:00 PM","120.802599591847"
"Year 1 Nov 29 3:00 PM","118.409677403678"
"Year 1 Nov 29 4:00 PM","91.7675239010646"
"Year 1 Nov 29 5:00 PM","9.11102287310097"
"Year 1 Nov 29 6:00 PM","0"
"Year 1 Nov 29 7:00 PM","0"
"Year 1 Nov 29 8:00 PM","0"
"Year 1 Nov 29 9:00 PM","0"
"Year 1 Nov 29 10:00 PM","0"
"Year 1 Nov 29 11:00 PM","0"
"Year 1 Nov 30 12:00 AM","0"
"Year 1 Nov 30 1:00 AM","0"
"Year 1 Nov 30 2:00 AM","0"
"Year 1 Nov 30 3:00 AM","0"
"Year 1 Nov 30 4:00 AM","0"
"Year 1 Nov 30 5:00 AM","0"
"Year 1 Nov 30 6:00 AM","0"
"Year 1 Nov 30 7:00 AM","0"
"Year 1 Nov 30 8:00 AM","10.4809237092012"
"Year 1 Nov 30 9:00 AM","34.3025958180446"
"Year 1 Nov 30 10:00 AM","53.3733205810906"
"Year 1 Nov 30 11:00 AM","72.7713926586509"
"Year 1 Nov 30 12:00 PM","73.8206837165069"
"Year 1 Nov 30 1:00 PM","85.7361392975551"
"Year 1 Nov 30 2:00 PM","91.7602342084327"
"Year 1 Nov 30 3:00 PM","58.8521960848426"
"Year 1 Nov 30 4:00 PM","36.5879653531271"
"Year 1 Nov 30 5:00 PM","5.53004395656999"
"Year 1 Nov 30 6:00 PM","0"
"Year 1 Nov 30 7:00 PM","0"
"Year 1 Nov 30 8:00 PM","0"
"Year 1 Nov 30 9:00 PM","0"
"Year 1 Nov 30 10:00 PM","0"
"Year 1 Nov 30 11:00 PM","0"
"Year 1 Dec 01 12:00 AM","0"
"Year 1 Dec 01 1:00 AM","0"
"Year 1 Dec 01 2:00 AM","0"
"Year 1 Dec 01 3:00 AM","0"
"Year 1 Dec 01 4:00 AM","0"
"Year 1 Dec 01 5:00 AM","0"
"Year 1 Dec 01 6:00 AM","0"
"Year 1 Dec 01 7:00 AM","0"
"Year 1 Dec 01 8:00 AM","8.0237178875477"
"Year 1 Dec 01 9:00 AM","23.4420799480224"
"Year 1 Dec 01 10:00 AM","39.8745978153639"
"Year 1 Dec 01 11:00 AM","50.1328922239092"
"Year 1 Dec 01 12:00 PM","50.4266683675341"
"Year 1 Dec 01 1:00 PM","48.1856825287188"
"Year 1 Dec 01 2:00 PM","41.8594211483087"
"Year 1 Dec 01 3:00 PM","26.7822301553991"
"Year 1 Dec 01 4:00 PM","12.334471559724"
"Year 1 Dec 01 5:00 PM","1.70251441139475"
"Year 1 Dec 01 6:00 PM","0"
"Year 1 Dec 01 7:00 PM","0"
"Year 1 Dec 01 8:00 PM","0"
"Year 1 Dec 01 9:00 PM","0"
"Year 1 Dec 01 10:00 PM","0"
"Year 1 Dec 01 11:00 PM","0"
"Year 1 Dec 02 12:00 AM","0"
"Year 1 Dec 02 1:00 AM","0"
"Year 1 Dec 02 2:00 AM","0"
"Year 1 Dec 02 3:00 AM","0"
"Year 1 Dec 02 4:00 AM","0"
"Year 1 Dec 02 5:00 AM","0"
"Year 1 Dec 02 6:00 AM","0"
"Year 1 Dec 02 7:00 AM","0"
"Year 1 Dec 02 8:00 AM","13.8878407713883"
"Year 1 Dec 02 9:00 AM","39.1924247737161"
"Year 1 Dec 02 10:00 AM","60.2987212383014"
"Year 1 Dec 02 11:00 AM","73.1056700107995"
"Year 1 Dec 02 12:00 PM","76.3430554928084"
"Year 1 Dec 02 1:00 PM","86.7713492588489"
"Year 1 Dec 02 2:00 PM","77.4310167046404"
"Year 1 Dec 02 3:00 PM","60.9773809884788"
"Year 1 Dec 02 4:00 PM","31.9553565158486"
"Year 1 Dec 02 5:00 PM","3.32959883736636"
"Year 1 Dec 02 6:00 PM","0"
"Year 1 Dec 02 7:00 PM","0"
"Year 1 Dec 02 8:00 PM","0"
"Year 1 Dec 02 9:00 PM","0"
"Year 1 Dec 02 10:00 PM","0"
"Year 1 Dec 02 11:00 PM","0"
"Year 1 Dec 03 12:00 AM","0"
"Year 1 Dec 03 1:00 AM","0"
"Year 1 Dec 03 2:00 AM","0"
"Year 1 Dec 03 3:00 AM","0"
"Year 1 Dec 03 4:00 AM","0"
"Year 1 Dec 03 5:00 AM","0"
"Year 1 Dec 03 6:00 AM","0"
"Year 1 Dec 03 7:00 AM","0"
"Year 1 Dec 03 8:00 AM","13.964212499561"
"Year 1 Dec 03 9:00 AM","27.2089683597869"
"Year 1 Dec 03 10:00 AM","40.4386633821445"
"Year 1 Dec 03 11:00 AM","53.3936994725902"
"Year 1 Dec 03 12:00 PM","69.9415817425272"
"Year 1 Dec 03 1:00 PM","73.7928826328637"
"Year 1 Dec 03 2:00 PM","68.7200221448018"
"Year 1 Dec 03 3:00 PM","44.4130172168279"
"Year 1 Dec 03 4:00 PM","11.7380463339541"
"Year 1 Dec 03 5:00 PM","0.760379840965025"
"Year 1 Dec 03 6:00 PM","0"
"Year 1 Dec 03 7:00 PM","0"
"Year 1 Dec 03 8:00 PM","0"
"Year 1 Dec 03 9:00 PM","0"
"Year 1 Dec 03 10:00 PM","0"
"Year 1 Dec 03 11:00 PM","0"
"Year 1 Dec 04 12:00 AM","0"
"Year 1 Dec 04 1:00 AM","0"
"Year 1 Dec 04 2:00 AM","0"
"Year 1 Dec 04 3:00 AM","0"
"Year 1 Dec 04 4:00 AM","0"
"Year 1 Dec 04 5:00 AM","0"
"Year 1 Dec 04 6:00 AM","0"
"Year 1 Dec 04 7:00 AM","0"
"Year 1 Dec 04 8:00 AM","14.158689661918"
"Year 1 Dec 04 9:00 AM","36.3387455650505"
"Year 1 Dec 04 10:00 AM","54.0437225329919"
"Year 1 Dec 04 11:00 AM","65.7206319535627"
"Year 1 Dec 04 12:00 PM","60.1899142454662"
"Year 1 Dec 04 1:00 PM","66.5747125510597"
"Year 1 Dec 04 2:00 PM","93.6645362999271"
"Year 1 Dec 04 3:00 PM","91.0839040631163"
"Year 1 Dec 04 4:00 PM","79.8807441029974"
"Year 1 Dec 04 5:00 PM","6.1272246451413"
"Year 1 Dec 04 6:00 PM","0"
"Year 1 Dec 04 7:00 PM","0"
"Year 1 Dec 04 8:00 PM","0"
"Year 1 Dec 04 9:00 PM","0"
"Year 1 Dec 04 10:00 PM","0"
"Year 1 Dec 04 11:00 PM","0"
"Year 1 Dec 05 12:00 AM","0"
"Year 1 Dec 05 1:00 AM","0"
"Year 1 Dec 05 2:00 AM","0"
"Year 1 Dec 05 3:00 AM","0"
"Year 1 Dec 05 4:00 AM","0"
"Year 1 Dec 05 5:00 AM","0"
"Year 1 Dec 05 6:00 AM","0"
"Year 1 Dec 05 7:00 AM","0"
"Year 1 Dec 05 8:00 AM","11.5112524650442"
"Year 1 Dec 05 9:00 AM","21.9907401140257"
"Year 1 Dec 05 10:00 AM","27.6208013070014"
"Year 1 Dec 05 11:00 AM","30.505317881422"
"Year 1 Dec 05 12:00 PM","32.4194555518931"
"Year 1 Dec 05 1:00 PM","40.069041226824"
"Year 1 Dec 05 2:00 PM","47.3474080357082"
"Year 1 Dec 05 3:00 PM","53.0573296592873"
"Year 1 Dec 05 4:00 PM","57.530605520995"
"Year 1 Dec 05 5:00 PM","3.7990997634363"
"Year 1 Dec 05 6:00 PM","0"
"Year 1 Dec 05 7:00 PM","0"
"Year 1 Dec 05 8:00 PM","0"
"Year 1 Dec 05 9:00 PM","0"
"Year 1 Dec 05 10:00 PM","0"
"Year 1 Dec 05 11:00 PM","0"
"Year 1 Dec 06 12:00 AM","0"
"Year 1 Dec 06 1:00 AM","0"
"Year 1 Dec 06 2:00 AM","0"
"Year 1 Dec 06 3:00 AM","0"
"Year 1 Dec 06 4:00 AM","0"
"Year 1 Dec 06 5:00 AM","0"
"Year 1 Dec 06 6:00 AM","0"
"Year 1 Dec 06 7:00 AM","0"
"Year 1 Dec 06 8:00 AM","11.690675455001"
"Year 1 Dec 06 9:00 AM","34.9753956821993"
"Year 1 Dec 06 10:00 AM","47.5198468801934"
"Year 1 Dec 06 11:00 AM","57.8522905550175"
"Year 1 Dec 06 12:00 PM","64.5590806943203"
"Year 1 Dec 06 1:00 PM","93.0005676380973"
"Year 1 Dec 06 2:00 PM","70.0380103418437"
"Year 1 Dec 06 3:00 PM","67.75787445355"
"Year 1 Dec 06 4:00 PM","72.5825248070258"
"Year 1 Dec 06 5:00 PM","7.29592321704463"
"Year 1 Dec 06 6:00 PM","0"
"Year 1 Dec 06 7:00 PM","0"
"Year 1 Dec 06 8:00 PM","0"
"Year 1 Dec 06 9:00 PM","0"
"Year 1 Dec 06 10:00 PM","0"
"Year 1 Dec 06 11:00 PM","0"
"Year 1 Dec 07 12:00 AM","0"
"Year 1 Dec 07 1:00 AM","0"
"Year 1 Dec 07 2:00 AM","0"
"Year 1 Dec 07 3:00 AM","0"
"Year 1 Dec 07 4:00 AM","0"
"Year 1 Dec 07 5:00 AM","0"
"Year 1 Dec 07 6:00 AM","0"
"Year 1 Dec 07 7:00 AM","0"
"Year 1 Dec 07 8:00 AM","9.70962781165369"
"Year 1 Dec 07 9:00 AM","29.6000965279584"
"Year 1 Dec 07 10:00 AM","51.0834637752845"
"Year 1 Dec 07 11:00 AM","56.9508709173803"
"Year 1 Dec 07 12:00 PM","62.5339156142059"
"Year 1 Dec 07 1:00 PM","66.3461850442659"
"Year 1 Dec 07 2:00 PM","91.5269801223761"
"Year 1 Dec 07 3:00 PM","86.9516734075957"
"Year 1 Dec 07 4:00 PM","55.2241932236106"
"Year 1 Dec 07 5:00 PM","5.04486260508568"
"Year 1 Dec 07 6:00 PM","0"
"Year 1 Dec 07 7:00 PM","0"
"Year 1 Dec 07 8:00 PM","0"
"Year 1 Dec 07 9:00 PM","0"
"Year 1 Dec 07 10:00 PM","0"
"Year 1 Dec 07 11:00 PM","0"
"Year 1 Dec 08 12:00 AM","0"
"Year 1 Dec 08 1:00 AM","0"
"Year 1 Dec 08 2:00 AM","0"
"Year 1 Dec 08 3:00 AM","0"
"Year 1 Dec 08 4:00 AM","0"
"Year 1 Dec 08 5:00 AM","0"
"Year 1 Dec 08 6:00 AM","0"
"Year 1 Dec 08 7:00 AM","0"
"Year 1 Dec 08 8:00 AM","9.93818007763908"
"Year 1 Dec 08 9:00 AM","31.0755250383885"
"Year 1 Dec 08 10:00 AM","43.7371444809386"
"Year 1 Dec 08 11:00 AM","66.1567754491489"
"Year 1 Dec 08 12:00 PM","66.4964965143673"
"Year 1 Dec 08 1:00 PM","77.6356443867787"
"Year 1 Dec 08 2:00 PM","70.4105218653685"
"Year 1 Dec 08 3:00 PM","55.2495523694983"
"Year 1 Dec 08 4:00 PM","38.4322889565065"
"Year 1 Dec 08 5:00 PM","5.39865827759715"
"Year 1 Dec 08 6:00 PM","0"
"Year 1 Dec 08 7:00 PM","0"
"Year 1 Dec 08 8:00 PM","0"
"Year 1 Dec 08 9:00 PM","0"
"Year 1 Dec 08 10:00 PM","0"
"Year 1 Dec 08 11:00 PM","0"
"Year 1 Dec 09 12:00 AM","0"
"Year 1 Dec 09 1:00 AM","0"
"Year 1 Dec 09 2:00 AM","0"
"Year 1 Dec 09 3:00 AM","0"
"Year 1 Dec 09 4:00 AM","0"
"Year 1 Dec 09 5:00 AM","0"
"Year 1 Dec 09 6:00 AM","0"
"Year 1 Dec 09 7:00 AM","0"
"Year 1 Dec 09 8:00 AM","10.9581559811904"
"Year 1 Dec 09 9:00 AM","30.0595325504722"
"Year 1 Dec 09 10:00 AM","46.2414713571476"
"Year 1 Dec 09 11:00 AM","59.523475898353"
"Year 1 Dec 09 12:00 PM","45.2223534371493"
"Year 1 Dec 09 1:00 PM","59.9515445102484"
"Year 1 Dec 09 2:00 PM","52.6664815562798"
"Year 1 Dec 09 3:00 PM","49.2578859541084"
"Year 1 Dec 09 4:00 PM","33.8143110606099"
"Year 1 Dec 09 5:00 PM","2.66763222875013"
"Year 1 Dec 09 6:00 PM","0"
"Year 1 Dec 09 7:00 PM","0"
"Year 1 Dec 09 8:00 PM","0"
"Year 1 Dec 09 9:00 PM","0"
"Year 1 Dec 09 10:00 PM","0"
"Year 1 Dec 09 11:00 PM","0"
"Year 1 Dec 10 12:00 AM","0"
"Year 1 Dec 10 1:00 AM","0"
"Year 1 Dec 10 2:00 AM","0"
"Year 1 Dec 10 3:00 AM","0"
"Year 1 Dec 10 4:00 AM","0"
"Year 1 Dec 10 5:00 AM","0"
"Year 1 Dec 10 6:00 AM","0"
"Year 1 Dec 10 7:00 AM","0"
"Year 1 Dec 10 8:00 AM","10.036549736192"
"Year 1 Dec 10 9:00 AM","21.6357589478137"
"Year 1 Dec 10 10:00 AM","29.1278027469169"
"Year 1 Dec 10 11:00 AM","33.5766592972067"
"Year 1 Dec 10 12:00 PM","36.078627898876"
"Year 1 Dec 10 1:00 PM","46.2619509579253"
"Year 1 Dec 10 2:00 PM","68.3850386278843"
"Year 1 Dec 10 3:00 PM","93.0239416781581"
"Year 1 Dec 10 4:00 PM","79.9094647778215"
"Year 1 Dec 10 5:00 PM","6.10584926124566"
"Year 1 Dec 10 6:00 PM","0"
"Year 1 Dec 10 7:00 PM","0"
"Year 1 Dec 10 8:00 PM","0"
"Year 1 Dec 10 9:00 PM","0"
"Year 1 Dec 10 10:00 PM","0"
"Year 1 Dec 10 11:00 PM","0"
"Year 1 Dec 11 12:00 AM","0"
"Year 1 Dec 11 1:00 AM","0"
"Year 1 Dec 11 2:00 AM","0"
"Year 1 Dec 11 3:00 AM","0"
"Year 1 Dec 11 4:00 AM","0"
"Year 1 Dec 11 5:00 AM","0"
"Year 1 Dec 11 6:00 AM","0"
"Year 1 Dec 11 7:00 AM","0"
"Year 1 Dec 11 8:00 AM","9.24223479698219"
"Year 1 Dec 11 9:00 AM","29.2828634726049"
"Year 1 Dec 11 10:00 AM","47.8127534178064"
"Year 1 Dec 11 11:00 AM","54.4906083831591"
"Year 1 Dec 11 12:00 PM","59.3561270069518"
"Year 1 Dec 11 1:00 PM","83.2690215588012"
"Year 1 Dec 11 2:00 PM","71.3437861109073"
"Year 1 Dec 11 3:00 PM","69.0469202375541"
"Year 1 Dec 11 4:00 PM","70.0634018512754"
"Year 1 Dec 11 5:00 PM","4.38594181554454"
"Year 1 Dec 11 6:00 PM","0"
"Year 1 Dec 11 7:00 PM","0"
"Year 1 Dec 11 8:00 PM","0"
"Year 1 Dec 11 9:00 PM","0"
"Year 1 Dec 11 10:00 PM","0"
"Year 1 Dec 11 11:00 PM","0"
"Year 1 Dec 12 12:00 AM","0"
"Year 1 Dec 12 1:00 AM","0"
"Year 1 Dec 12 2:00 AM","0"
"Year 1 Dec 12 3:00 AM","0"
"Year 1 Dec 12 4:00 AM","0"
"Year 1 Dec 12 5:00 AM","0"
"Year 1 Dec 12 6:00 AM","0"
"Year 1 Dec 12 7:00 AM","0"
"Year 1 Dec 12 8:00 AM","10.6252351434566"
"Year 1 Dec 12 9:00 AM","30.8743731575943"
"Year 1 Dec 12 10:00 AM","44.4524272879944"
"Year 1 Dec 12 11:00 AM","59.3895442815345"
"Year 1 Dec 12 12:00 PM","59.776818011745"
"Year 1 Dec 12 1:00 PM","81.5248716739468"
"Year 1 Dec 12 2:00 PM","76.4119204530202"
"Year 1 Dec 12 3:00 PM","57.5333122696686"
"Year 1 Dec 12 4:00 PM","26.2935225856605"
"Year 1 Dec 12 5:00 PM","2.65524893439998"
"Year 1 Dec 12 6:00 PM","0"
"Year 1 Dec 12 7:00 PM","0"
"Year 1 Dec 12 8:00 PM","0"
"Year 1 Dec 12 9:00 PM","0"
"Year 1 Dec 12 10:00 PM","0"
"Year 1 Dec 12 11:00 PM","0"
"Year 1 Dec 13 12:00 AM","0"
"Year 1 Dec 13 1:00 AM","0"
"Year 1 Dec 13 2:00 AM","0"
"Year 1 Dec 13 3:00 AM","0"
"Year 1 Dec 13 4:00 AM","0"
"Year 1 Dec 13 5:00 AM","0"
"Year 1 Dec 13 6:00 AM","0"
"Year 1 Dec 13 7:00 AM","0"
"Year 1 Dec 13 8:00 AM","8.06577223427026"
"Year 1 Dec 13 9:00 AM","22.1824735062081"
"Year 1 Dec 13 10:00 AM","43.2879635762983"
"Year 1 Dec 13 11:00 AM","59.6742996710446"
"Year 1 Dec 13 12:00 PM","65.197873673884"
"Year 1 Dec 13 1:00 PM","70.0730078180654"
"Year 1 Dec 13 2:00 PM","76.9690876193194"
"Year 1 Dec 13 3:00 PM","56.0192368793364"
"Year 1 Dec 13 4:00 PM","39.0383484605452"
"Year 1 Dec 13 5:00 PM","4.73923634252581"
"Year 1 Dec 13 6:00 PM","0"
"Year 1 Dec 13 7:00 PM","0"
"Year 1 Dec 13 8:00 PM","0"
"Year 1 Dec 13 9:00 PM","0"
"Year 1 Dec 13 10:00 PM","0"
"Year 1 Dec 13 11:00 PM","0"
"Year 1 Dec 14 12:00 AM","0"
"Year 1 Dec 14 1:00 AM","0"
"Year 1 Dec 14 2:00 AM","0"
"Year 1 Dec 14 3:00 AM","0"
"Year 1 Dec 14 4:00 AM","0"
"Year 1 Dec 14 5:00 AM","0"
"Year 1 Dec 14 6:00 AM","0"
"Year 1 Dec 14 7:00 AM","0"
"Year 1 Dec 14 8:00 AM","11.1429359778393"
"Year 1 Dec 14 9:00 AM","35.414158691281"
"Year 1 Dec 14 10:00 AM","58.1239893790256"
"Year 1 Dec 14 11:00 AM","68.989611990306"
"Year 1 Dec 14 12:00 PM","77.1578102890963"
"Year 1 Dec 14 1:00 PM","86.4338317184057"
"Year 1 Dec 14 2:00 PM","102.120392569903"
"Year 1 Dec 14 3:00 PM","76.0824447813231"
"Year 1 Dec 14 4:00 PM","28.3079552711296"
"Year 1 Dec 14 5:00 PM","3.11361777489623"
"Year 1 Dec 14 6:00 PM","0"
"Year 1 Dec 14 7:00 PM","0"
"Year 1 Dec 14 8:00 PM","0"
"Year 1 Dec 14 9:00 PM","0"
"Year 1 Dec 14 10:00 PM","0"
"Year 1 Dec 14 11:00 PM","0"
"Year 1 Dec 15 12:00 AM","0"
"Year 1 Dec 15 1:00 AM","0"
"Year 1 Dec 15 2:00 AM","0"
"Year 1 Dec 15 3:00 AM","0"
"Year 1 Dec 15 4:00 AM","0"
"Year 1 Dec 15 5:00 AM","0"
"Year 1 Dec 15 6:00 AM","0"
"Year 1 Dec 15 7:00 AM","0"
"Year 1 Dec 15 8:00 AM","9.13772840846188"
"Year 1 Dec 15 9:00 AM","31.3604233747308"
"Year 1 Dec 15 10:00 AM","47.6739007781703"
"Year 1 Dec 15 11:00 AM","54.771131695097"
"Year 1 Dec 15 12:00 PM","56.9468947914707"
"Year 1 Dec 15 1:00 PM","72.4657325713625"
"Year 1 Dec 15 2:00 PM","90.8896299494162"
"Year 1 Dec 15 3:00 PM","100.217598185598"
"Year 1 Dec 15 4:00 PM","78.3547488544748"
"Year 1 Dec 15 5:00 PM","6.0226613649246"
"Year 1 Dec 15 6:00 PM","0"
"Year 1 Dec 15 7:00 PM","0"
"Year 1 Dec 15 8:00 PM","0"
"Year 1 Dec 15 9:00 PM","0"
"Year 1 Dec 15 10:00 PM","0"
"Year 1 Dec 15 11:00 PM","0"
"Year 1 Dec 16 12:00 AM","0"
"Year 1 Dec 16 1:00 AM","0"
"Year 1 Dec 16 2:00 AM","0"
"Year 1 Dec 16 3:00 AM","0"
"Year 1 Dec 16 4:00 AM","0"
"Year 1 Dec 16 5:00 AM","0"
"Year 1 Dec 16 6:00 AM","0"
"Year 1 Dec 16 7:00 AM","0"
"Year 1 Dec 16 8:00 AM","9.29680249902367"
"Year 1 Dec 16 9:00 AM","21.3925710164149"
"Year 1 Dec 16 10:00 AM","32.566369173173"
"Year 1 Dec 16 11:00 AM","51.0176737789153"
"Year 1 Dec 16 12:00 PM","62.7107895246213"
"Year 1 Dec 16 1:00 PM","88.5228679888016"
"Year 1 Dec 16 2:00 PM","62.8402719810598"
"Year 1 Dec 16 3:00 PM","52.4195397307957"
"Year 1 Dec 16 4:00 PM","17.7624360246807"
"Year 1 Dec 16 5:00 PM","1.27542791312595"
"Year 1 Dec 16 6:00 PM","0"
"Year 1 Dec 16 7:00 PM","0"
"Year 1 Dec 16 8:00 PM","0"
"Year 1 Dec 16 9:00 PM","0"
"Year 1 Dec 16 10:00 PM","0"
"Year 1 Dec 16 11:00 PM","0"
"Year 1 Dec 17 12:00 AM","0"
"Year 1 Dec 17 1:00 AM","0"
"Year 1 Dec 17 2:00 AM","0"
"Year 1 Dec 17 3:00 AM","0"
"Year 1 Dec 17 4:00 AM","0"
"Year 1 Dec 17 5:00 AM","0"
"Year 1 Dec 17 6:00 AM","0"
"Year 1 Dec 17 7:00 AM","0"
"Year 1 Dec 17 8:00 AM","4.85033329161536"
"Year 1 Dec 17 9:00 AM","23.099426903749"
"Year 1 Dec 17 10:00 AM","47.736485091499"
"Year 1 Dec 17 11:00 AM","48.1589004106618"
"Year 1 Dec 17 12:00 PM","52.0325460548134"
"Year 1 Dec 17 1:00 PM","60.4515296674681"
"Year 1 Dec 17 2:00 PM","54.0602521248411"
"Year 1 Dec 17 3:00 PM","44.8072064314676"
"Year 1 Dec 17 4:00 PM","46.5832628261322"
"Year 1 Dec 17 5:00 PM","6.48348578669223"
"Year 1 Dec 17 6:00 PM","0"
"Year 1 Dec 17 7:00 PM","0"
"Year 1 Dec 17 8:00 PM","0"
"Year 1 Dec 17 9:00 PM","0"
"Year 1 Dec 17 10:00 PM","0"
"Year 1 Dec 17 11:00 PM","0"
"Year 1 Dec 18 12:00 AM","0"
"Year 1 Dec 18 1:00 AM","0"
"Year 1 Dec 18 2:00 AM","0"
"Year 1 Dec 18 3:00 AM","0"
"Year 1 Dec 18 4:00 AM","0"
"Year 1 Dec 18 5:00 AM","0"
"Year 1 Dec 18 6:00 AM","0"
"Year 1 Dec 18 7:00 AM","0"
"Year 1 Dec 18 8:00 AM","9.73683567432826"
"Year 1 Dec 18 9:00 AM","26.913334355948"
"Year 1 Dec 18 10:00 AM","35.5195611563874"
"Year 1 Dec 18 11:00 AM","40.3613195190684"
"Year 1 Dec 18 12:00 PM","43.18792189805"
"Year 1 Dec 18 1:00 PM","59.6947978729286"
"Year 1 Dec 18 2:00 PM","77.2693692532226"
"Year 1 Dec 18 3:00 PM","86.2327405784771"
"Year 1 Dec 18 4:00 PM","78.9762241517083"
"Year 1 Dec 18 5:00 PM","6.31122403794718"
"Year 1 Dec 18 6:00 PM","0"
"Year 1 Dec 18 7:00 PM","0"
"Year 1 Dec 18 8:00 PM","0"
"Year 1 Dec 18 9:00 PM","0"
"Year 1 Dec 18 10:00 PM","0"
"Year 1 Dec 18 11:00 PM","0"
"Year 1 Dec 19 12:00 AM","0"
"Year 1 Dec 19 1:00 AM","0"
"Year 1 Dec 19 2:00 AM","0"
"Year 1 Dec 19 3:00 AM","0"
"Year 1 Dec 19 4:00 AM","0"
"Year 1 Dec 19 5:00 AM","0"
"Year 1 Dec 19 6:00 AM","0"
"Year 1 Dec 19 7:00 AM","0"
"Year 1 Dec 19 8:00 AM","7.88199337050398"
"Year 1 Dec 19 9:00 AM","21.0197132026662"
"Year 1 Dec 19 10:00 AM","28.8805533498464"
"Year 1 Dec 19 11:00 AM","32.7068933423841"
"Year 1 Dec 19 12:00 PM","37.3196810422268"
"Year 1 Dec 19 1:00 PM","67.7179650194497"
"Year 1 Dec 19 2:00 PM","78.2370022778649"
"Year 1 Dec 19 3:00 PM","70.7773181600211"
"Year 1 Dec 19 4:00 PM","60.4981012197382"
"Year 1 Dec 19 5:00 PM","5.14573500415177"
"Year 1 Dec 19 6:00 PM","0"
"Year 1 Dec 19 7:00 PM","0"
"Year 1 Dec 19 8:00 PM","0"
"Year 1 Dec 19 9:00 PM","0"
"Year 1 Dec 19 10:00 PM","0"
"Year 1 Dec 19 11:00 PM","0"
"Year 1 Dec 20 12:00 AM","0"
"Year 1 Dec 20 1:00 AM","0"
"Year 1 Dec 20 2:00 AM","0"
"Year 1 Dec 20 3:00 AM","0"
"Year 1 Dec 20 4:00 AM","0"
"Year 1 Dec 20 5:00 AM","0"
"Year 1 Dec 20 6:00 AM","0"
"Year 1 Dec 20 7:00 AM","0"
"Year 1 Dec 20 8:00 AM","8.66971807170215"
"Year 1 Dec 20 9:00 AM","26.9016535973576"
"Year 1 Dec 20 10:00 AM","36.8358838955082"
"Year 1 Dec 20 11:00 AM","45.0914658216344"
"Year 1 Dec 20 12:00 PM","53.3242919646321"
"Year 1 Dec 20 1:00 PM","74.254315162609"
"Year 1 Dec 20 2:00 PM","85.7620474056996"
"Year 1 Dec 20 3:00 PM","99.4784243074727"
"Year 1 Dec 20 4:00 PM","85.3187127253327"
"Year 1 Dec 20 5:00 PM","7.99004695451783"
"Year 1 Dec 20 6:00 PM","0"
"Year 1 Dec 20 7:00 PM","0"
"Year 1 Dec 20 8:00 PM","0"
"Year 1 Dec 20 9:00 PM","0"
"Year 1 Dec 20 10:00 PM","0"
"Year 1 Dec 20 11:00 PM","0"
"Year 1 Dec 21 12:00 AM","0"
"Year 1 Dec 21 1:00 AM","0"
"Year 1 Dec 21 2:00 AM","0"
"Year 1 Dec 21 3:00 AM","0"
"Year 1 Dec 21 4:00 AM","0"
"Year 1 Dec 21 5:00 AM","0"
"Year 1 Dec 21 6:00 AM","0"
"Year 1 Dec 21 7:00 AM","0"
"Year 1 Dec 21 8:00 AM","6.1549656708635"
"Year 1 Dec 21 9:00 AM","25.4064380862156"
"Year 1 Dec 21 10:00 AM","48.6179153372149"
"Year 1 Dec 21 11:00 AM","69.2618454809674"
"Year 1 Dec 21 12:00 PM","60.9482567568834"
"Year 1 Dec 21 1:00 PM","70.8106016120741"
"Year 1 Dec 21 2:00 PM","68.8148901996673"
"Year 1 Dec 21 3:00 PM","52.1751779697245"
"Year 1 Dec 21 4:00 PM","32.8741197278735"
"Year 1 Dec 21 5:00 PM","4.24660486523886"
"Year 1 Dec 21 6:00 PM","0"
"Year 1 Dec 21 7:00 PM","0"
"Year 1 Dec 21 8:00 PM","0"
"Year 1 Dec 21 9:00 PM","0"
"Year 1 Dec 21 10:00 PM","0"
"Year 1 Dec 21 11:00 PM","0"
"Year 1 Dec 22 12:00 AM","0"
"Year 1 Dec 22 1:00 AM","0"
"Year 1 Dec 22 2:00 AM","0"
"Year 1 Dec 22 3:00 AM","0"
"Year 1 Dec 22 4:00 AM","0"
"Year 1 Dec 22 5:00 AM","0"
"Year 1 Dec 22 6:00 AM","0"
"Year 1 Dec 22 7:00 AM","0"
"Year 1 Dec 22 8:00 AM","6.97401920664629"
"Year 1 Dec 22 9:00 AM","22.5187434932585"
"Year 1 Dec 22 10:00 AM","53.2070311295962"
"Year 1 Dec 22 11:00 AM","64.6490922080136"
"Year 1 Dec 22 12:00 PM","73.3250612736023"
"Year 1 Dec 22 1:00 PM","86.3952476559713"
"Year 1 Dec 22 2:00 PM","89.7089716821021"
"Year 1 Dec 22 3:00 PM","70.9396618531913"
"Year 1 Dec 22 4:00 PM","52.1823725549984"
"Year 1 Dec 22 5:00 PM","7.13998306347568"
"Year 1 Dec 22 6:00 PM","0"
"Year 1 Dec 22 7:00 PM","0"
"Year 1 Dec 22 8:00 PM","0"
"Year 1 Dec 22 9:00 PM","0"
"Year 1 Dec 22 10:00 PM","0"
"Year 1 Dec 22 11:00 PM","0"
"Year 1 Dec 23 12:00 AM","0"
"Year 1 Dec 23 1:00 AM","0"
"Year 1 Dec 23 2:00 AM","0"
"Year 1 Dec 23 3:00 AM","0"
"Year 1 Dec 23 4:00 AM","0"
"Year 1 Dec 23 5:00 AM","0"
"Year 1 Dec 23 6:00 AM","0"
"Year 1 Dec 23 7:00 AM","0"
"Year 1 Dec 23 8:00 AM","8.87024994905377"
"Year 1 Dec 23 9:00 AM","25.8948004415278"
"Year 1 Dec 23 10:00 AM","30.696990642685"
"Year 1 Dec 23 11:00 AM","32.0139980227258"
"Year 1 Dec 23 12:00 PM","31.8573921507829"
"Year 1 Dec 23 1:00 PM","38.3195627023901"
"Year 1 Dec 23 2:00 PM","45.7828384228797"
"Year 1 Dec 23 3:00 PM","49.8661443550967"
"Year 1 Dec 23 4:00 PM","54.3755771156598"
"Year 1 Dec 23 5:00 PM","4.47661821135342"
"Year 1 Dec 23 6:00 PM","0"
"Year 1 Dec 23 7:00 PM","0"
"Year 1 Dec 23 8:00 PM","0"
"Year 1 Dec 23 9:00 PM","0"
"Year 1 Dec 23 10:00 PM","0"
"Year 1 Dec 23 11:00 PM","0"
"Year 1 Dec 24 12:00 AM","0"
"Year 1 Dec 24 1:00 AM","0"
"Year 1 Dec 24 2:00 AM","0"
"Year 1 Dec 24 3:00 AM","0"
"Year 1 Dec 24 4:00 AM","0"
"Year 1 Dec 24 5:00 AM","0"
"Year 1 Dec 24 6:00 AM","0"
"Year 1 Dec 24 7:00 AM","0"
"Year 1 Dec 24 8:00 AM","7.60905246022697"
"Year 1 Dec 24 9:00 AM","22.8530066796676"
"Year 1 Dec 24 10:00 AM","32.7342045228483"
"Year 1 Dec 24 11:00 AM","36.4171219041955"
"Year 1 Dec 24 12:00 PM","38.1923993848965"
"Year 1 Dec 24 1:00 PM","50.3979983866995"
"Year 1 Dec 24 2:00 PM","64.0836368262964"
"Year 1 Dec 24 3:00 PM","72.1728803226735"
"Year 1 Dec 24 4:00 PM","74.1682637087886"
"Year 1 Dec 24 5:00 PM","5.55122013984303"
"Year 1 Dec 24 6:00 PM","0"
"Year 1 Dec 24 7:00 PM","0"
"Year 1 Dec 24 8:00 PM","0"
"Year 1 Dec 24 9:00 PM","0"
"Year 1 Dec 24 10:00 PM","0"
"Year 1 Dec 24 11:00 PM","0"
"Year 1 Dec 25 12:00 AM","0"
"Year 1 Dec 25 1:00 AM","0"
"Year 1 Dec 25 2:00 AM","0"
"Year 1 Dec 25 3:00 AM","0"
"Year 1 Dec 25 4:00 AM","0"
"Year 1 Dec 25 5:00 AM","0"
"Year 1 Dec 25 6:00 AM","0"
"Year 1 Dec 25 7:00 AM","0"
"Year 1 Dec 25 8:00 AM","8.32177495595442"
"Year 1 Dec 25 9:00 AM","25.9977800950876"
"Year 1 Dec 25 10:00 AM","32.0424174217852"
"Year 1 Dec 25 11:00 AM","39.8575388065227"
"Year 1 Dec 25 12:00 PM","42.2048459081858"
"Year 1 Dec 25 1:00 PM","61.6928089520008"
"Year 1 Dec 25 2:00 PM","97.0899748127384"
"Year 1 Dec 25 3:00 PM","87.9108216742881"
"Year 1 Dec 25 4:00 PM","75.7550220837483"
"Year 1 Dec 25 5:00 PM","6.74515431316972"
"Year 1 Dec 25 6:00 PM","0"
"Year 1 Dec 25 7:00 PM","0"
"Year 1 Dec 25 8:00 PM","0"
"Year 1 Dec 25 9:00 PM","0"
"Year 1 Dec 25 10:00 PM","0"
"Year 1 Dec 25 11:00 PM","0"
"Year 1 Dec 26 12:00 AM","0"
"Year 1 Dec 26 1:00 AM","0"
"Year 1 Dec 26 2:00 AM","0"
"Year 1 Dec 26 3:00 AM","0"
"Year 1 Dec 26 4:00 AM","0"
"Year 1 Dec 26 5:00 AM","0"
"Year 1 Dec 26 6:00 AM","0"
"Year 1 Dec 26 7:00 AM","0"
"Year 1 Dec 26 8:00 AM","7.71804339457722"
"Year 1 Dec 26 9:00 AM","25.4367657892782"
"Year 1 Dec 26 10:00 AM","45.5589797994729"
"Year 1 Dec 26 11:00 AM","56.3532716092262"
"Year 1 Dec 26 12:00 PM","69.3015836125978"
"Year 1 Dec 26 1:00 PM","70.5914153076868"
"Year 1 Dec 26 2:00 PM","68.4996333557065"
"Year 1 Dec 26 3:00 PM","59.5398692637511"
"Year 1 Dec 26 4:00 PM","42.9199551800066"
"Year 1 Dec 26 5:00 PM","5.67847436126379"
"Year 1 Dec 26 6:00 PM","0"
"Year 1 Dec 26 7:00 PM","0"
"Year 1 Dec 26 8:00 PM","0"
"Year 1 Dec 26 9:00 PM","0"
"Year 1 Dec 26 10:00 PM","0"
"Year 1 Dec 26 11:00 PM","0"
"Year 1 Dec 27 12:00 AM","0"
"Year 1 Dec 27 1:00 AM","0"
"Year 1 Dec 27 2:00 AM","0"
"Year 1 Dec 27 3:00 AM","0"
"Year 1 Dec 27 4:00 AM","0"
"Year 1 Dec 27 5:00 AM","0"
"Year 1 Dec 27 6:00 AM","0"
"Year 1 Dec 27 7:00 AM","0"
"Year 1 Dec 27 8:00 AM","4.69789974650744"
"Year 1 Dec 27 9:00 AM","21.5831235084005"
"Year 1 Dec 27 10:00 AM","47.6396954113978"
"Year 1 Dec 27 11:00 AM","60.4560801347924"
"Year 1 Dec 27 12:00 PM","64.8928545773677"
"Year 1 Dec 27 1:00 PM","88.6013438623881"
"Year 1 Dec 27 2:00 PM","65.34527226664"
"Year 1 Dec 27 3:00 PM","35.2634081116679"
"Year 1 Dec 27 4:00 PM","26.2619308421577"
"Year 1 Dec 27 5:00 PM","6.93252700772949"
"Year 1 Dec 27 6:00 PM","0"
"Year 1 Dec 27 7:00 PM","0"
"Year 1 Dec 27 8:00 PM","0"
"Year 1 Dec 27 9:00 PM","0"
"Year 1 Dec 27 10:00 PM","0"
"Year 1 Dec 27 11:00 PM","0"
"Year 1 Dec 28 12:00 AM","0"
"Year 1 Dec 28 1:00 AM","0"
"Year 1 Dec 28 2:00 AM","0"
"Year 1 Dec 28 3:00 AM","0"
"Year 1 Dec 28 4:00 AM","0"
"Year 1 Dec 28 5:00 AM","0"
"Year 1 Dec 28 6:00 AM","0"
"Year 1 Dec 28 7:00 AM","0"
"Year 1 Dec 28 8:00 AM","5.54900371029308"
"Year 1 Dec 28 9:00 AM","22.5679341059994"
"Year 1 Dec 28 10:00 AM","39.227149145328"
"Year 1 Dec 28 11:00 AM","66.1100024184861"
"Year 1 Dec 28 12:00 PM","70.56137274856"
"Year 1 Dec 28 1:00 PM","75.0854672608909"
"Year 1 Dec 28 2:00 PM","97.9600260375119"
"Year 1 Dec 28 3:00 PM","99.4205771423548"
"Year 1 Dec 28 4:00 PM","73.0078657557407"
"Year 1 Dec 28 5:00 PM","11.0609723774263"
"Year 1 Dec 28 6:00 PM","0"
"Year 1 Dec 28 7:00 PM","0"
"Year 1 Dec 28 8:00 PM","0"
"Year 1 Dec 28 9:00 PM","0"
"Year 1 Dec 28 10:00 PM","0"
"Year 1 Dec 28 11:00 PM","0"
"Year 1 Dec 29 12:00 AM","0"
"Year 1 Dec 29 1:00 AM","0"
"Year 1 Dec 29 2:00 AM","0"
"Year 1 Dec 29 3:00 AM","0"
"Year 1 Dec 29 4:00 AM","0"
"Year 1 Dec 29 5:00 AM","0"
"Year 1 Dec 29 6:00 AM","0"
"Year 1 Dec 29 7:00 AM","0"
"Year 1 Dec 29 8:00 AM","7.36757314354793"
"Year 1 Dec 29 9:00 AM","21.9165257222624"
"Year 1 Dec 29 10:00 AM","28.5326997990533"
"Year 1 Dec 29 11:00 AM","35.9105803256048"
"Year 1 Dec 29 12:00 PM","38.1304369008059"
"Year 1 Dec 29 1:00 PM","46.00671163946"
"Year 1 Dec 29 2:00 PM","57.1019735847342"
"Year 1 Dec 29 3:00 PM","70.7449214985471"
"Year 1 Dec 29 4:00 PM","84.0227790000721"
"Year 1 Dec 29 5:00 PM","13.4825329490029"
"Year 1 Dec 29 6:00 PM","0"
"Year 1 Dec 29 7:00 PM","0"
"Year 1 Dec 29 8:00 PM","0"
"Year 1 Dec 29 9:00 PM","0"
"Year 1 Dec 29 10:00 PM","0"
"Year 1 Dec 29 11:00 PM","0"
"Year 1 Dec 30 12:00 AM","0"
"Year 1 Dec 30 1:00 AM","0"
"Year 1 Dec 30 2:00 AM","0"
"Year 1 Dec 30 3:00 AM","0"
"Year 1 Dec 30 4:00 AM","0"
"Year 1 Dec 30 5:00 AM","0"
"Year 1 Dec 30 6:00 AM","0"
"Year 1 Dec 30 7:00 AM","0"
"Year 1 Dec 30 8:00 AM","7.57375059664797"
"Year 1 Dec 30 9:00 AM","27.8285417449892"
"Year 1 Dec 30 10:00 AM","44.4209680827343"
"Year 1 Dec 30 11:00 AM","58.4286236348638"
"Year 1 Dec 30 12:00 PM","65.7887097932274"
"Year 1 Dec 30 1:00 PM","67.8065029601861"
"Year 1 Dec 30 2:00 PM","58.9007913371728"
"Year 1 Dec 30 3:00 PM","53.7047344519816"
"Year 1 Dec 30 4:00 PM","53.2049461388896"
"Year 1 Dec 30 5:00 PM","11.1754156729873"
"Year 1 Dec 30 6:00 PM","0"
"Year 1 Dec 30 7:00 PM","0"
"Year 1 Dec 30 8:00 PM","0"
"Year 1 Dec 30 9:00 PM","0"
"Year 1 Dec 30 10:00 PM","0"
"Year 1 Dec 30 11:00 PM","0"
"Year 1 Dec 31 12:00 AM","0"
"Year 1 Dec 31 1:00 AM","0"
"Year 1 Dec 31 2:00 AM","0"
"Year 1 Dec 31 3:00 AM","0"
"Year 1 Dec 31 4:00 AM","0"
"Year 1 Dec 31 5:00 AM","0"
"Year 1 Dec 31 6:00 AM","0"
"Year 1 Dec 31 7:00 AM","0"
"Year 1 Dec 31 8:00 AM","5.83842916695472"
"Year 1 Dec 31 9:00 AM","23.6497547313053"
"Year 1 Dec 31 10:00 AM","43.672004887016"
"Year 1 Dec 31 11:00 AM","58.0117775236229"
"Year 1 Dec 31 12:00 PM","50.0361071646669"
"Year 1 Dec 31 1:00 PM","42.7745228454321"
"Year 1 Dec 31 2:00 PM","38.6521914498387"
"Year 1 Dec 31 3:00 PM","30.0506300347708"
"Year 1 Dec 31 4:00 PM","46.186929076294"
"Year 1 Dec 31 5:00 PM","11.9996067456677"
"Year 1 Dec 31 6:00 PM","0"
"Year 1 Dec 31 7:00 PM","0"
"Year 1 Dec 31 8:00 PM","0"
"Year 1 Dec 31 9:00 PM","0"
"Year 1 Dec 31 10:00 PM","0"
"Year 1 Dec 31 11:00 PM","0"
"Year 2 Jan 01 12:00 AM","0"