Year 1 Jan 01 1:00 AM,0,,0,#DIV/0!,0,,,0,,0
Year 1 Jan 01 2:00 AM,0,,0,#DIV/0!,0,,,0,,0
Year 1 Jan 01 3:00 AM,0,,0,#DIV/0!,0,,,0,,0
Year 1 Jan 01 4:00 AM,0,,0,#DIV/0!,0,,,0,,0
Year 1 Jan 01 5:00 AM,0,,0,#DIV/0!,0,,,0,,0
Year 1 Jan 01 6:00 AM,0,,0,#DIV/0!,0,,,0,,0
Year 1 Jan 01 7:00 AM,0,,0,#DIV/0!,0,,,0,,0
Year 1 Jan 01 8:00 AM,14.36534118,,14.36522181,0.99999169,0.000119371,,,14.36534118,,0
Year 1 Jan 01 9:00 AM,109.5803272,,109.5795317,0.99999274,0.00079555,,,109.5803272,,0
Year 1 Jan 01 10:00 AM,233.5871233,,233.5864477,0.999997108,0.000675646,,,233.5871233,,0
Year 1 Jan 01 11:00 AM,323.17436,,323.1727061,0.999994883,0.001653836,,,323.17436,,0
Year 1 Jan 01 12:00 PM,307.4398618,,307.439264,0.999998055,0.000597877,,,307.4398618,,0
Year 1 Jan 01 1:00 PM,181.6088806,,143.824561,0.79194674,37.7843196,,,181.6088806,,0
Year 1 Jan 01 2:00 PM,120.7164775,,71.12939253,0.589226873,49.58708494,,,120.7164775,,0
Year 1 Jan 01 3:00 PM,79.8066388,,43.02757399,0.539147803,36.77906481,,,79.8066388,,0
Year 1 Jan 01 4:00 PM,30.1882093,,21.17671394,0.701489569,9.011495364,,,30.1882093,,0
Year 1 Jan 01 5:00 PM,3.002767387,,2.563342917,0.853660169,0.439424471,,,3.002767387,,0
Year 1 Jan 01 6:00 PM,0,,0,#DIV/0!,0,,,0,,0
Year 1 Jan 01 7:00 PM,0,,0,#DIV/0!,0,,,0,,0
Year 1 Jan 01 8:00 PM,0,,0,#DIV/0!,0,,,0,,0
Year 1 Jan 01 9:00 PM,0,,0,#DIV/0!,0,,,0,,0
Year 1 Jan 01 10:00 PM,0,,0,#DIV/0!,0,,,0,,0
Year 1 Jan 01 11:00 PM,0,,0,#DIV/0!,0,,,0,,0
Year 1 Jan 02 12:00 AM,0,,0,#DIV/0!,0,,,0,,0
Year 1 Jan 02 1:00 AM,0,,0,#DIV/0!,0,,,0,,0
Year 1 Jan 02 2:00 AM,0,,0,#DIV/0!,0,,,0,,0
Year 1 Jan 02 3:00 AM,0,,0,#DIV/0!,0,,,0,,0
Year 1 Jan 02 4:00 AM,0,,0,#DIV/0!,0,,,0,,0
Year 1 Jan 02 5:00 AM,0,,0,#DIV/0!,0,,,0,,0
Year 1 Jan 02 6:00 AM,0,,0,#DIV/0!,0,,,0,,0
Year 1 Jan 02 7:00 AM,0,,0,#DIV/0!,0,,,0,,0
Year 1 Jan 02 8:00 AM,6.563625324,,6.563621736,0.999999453,3.5879E-06,,,6.563625324,,0
Year 1 Jan 02 9:00 AM,32.31336075,,32.31332966,0.999999038,3.10857E-05,,,32.31336075,,0
Year 1 Jan 02 10:00 AM,70.50036677,,70.50031572,0.999999276,5.10474E-05,,,70.50036677,,0
Year 1 Jan 02 11:00 AM,83.19605333,,83.19597909,0.999999108,7.42394E-05,,,83.19605333,,0
Year 1 Jan 02 12:00 PM,106.0184488,,106.0183837,0.999999386,6.50669E-05,,,106.0184488,,0
Year 1 Jan 02 1:00 PM,111.2799295,,102.4107344,0.92029834,8.869195085,,,111.2799295,,0
Year 1 Jan 02 2:00 PM,97.62794738,,80.25870915,0.822087438,17.36923823,,,97.62794738,,0
Year 1 Jan 02 3:00 PM,68.95932789,,58.05925446,0.84193475,10.90007343,,,68.95932789,,0
Year 1 Jan 02 4:00 PM,30.8432253,,27.49811568,0.891544753,3.345109627,,,30.8432253,,0
Year 1 Jan 02 5:00 PM,4.196195217,,3.587666854,0.854980922,0.608528363,,,4.196195217,,0
Year 1 Jan 02 6:00 PM,0,,0,#DIV/0!,0,,,0,,0
Year 1 Jan 02 7:00 PM,0,,0,#DIV/0!,0,,,0,,0
Year 1 Jan 02 8:00 PM,0,,0,#DIV/0!,0,,,0,,0
Year 1 Jan 02 9:00 PM,0,,0,#DIV/0!,0,,,0,,0
Year 1 Jan 02 10:00 PM,0,,0,#DIV/0!,0,,,0,,0
Year 1 Jan 02 11:00 PM,0,,0,#DIV/0!,0,,,0,,0
Year 1 Jan 03 12:00 AM,0,,0,#DIV/0!,0,,,0,,0
Year 1 Jan 03 1:00 AM,0,,0,#DIV/0!,0,,,0,,0
Year 1 Jan 03 2:00 AM,0,,0,#DIV/0!,0,,,0,,0
Year 1 Jan 03 3:00 AM,0,,0,#DIV/0!,0,,,0,,0
Year 1 Jan 03 4:00 AM,0,,0,#DIV/0!,0,,,0,,0
Year 1 Jan 03 5:00 AM,0,,0,#DIV/0!,0,,,0,,0
Year 1 Jan 03 6:00 AM,0,,0,#DIV/0!,0,,,0,,0
Year 1 Jan 03 7:00 AM,0,,0,#DIV/0!,0,,,0,,0
Year 1 Jan 03 8:00 AM,14.45765638,,14.45758982,0.999995396,6.65577E-05,,,14.45765638,,0
Year 1 Jan 03 9:00 AM,55.31956002,,55.319459,0.999998174,0.000101021,,,55.31956002,,0
Year 1 Jan 03 10:00 AM,104.9520257,,104.9519216,0.999999008,0.00010412,,,104.9520257,,0
Year 1 Jan 03 11:00 AM,133.1428344,,133.142623,0.999998412,0.000211406,,,133.1428344,,0
Year 1 Jan 03 12:00 PM,135.8371896,,135.8370915,0.999999277,9.81611E-05,,,135.8371896,,0
Year 1 Jan 03 1:00 PM,133.7757776,,120.2338289,0.898771295,13.54194873,,,133.7757776,,0
Year 1 Jan 03 2:00 PM,124.5645524,,94.23768553,0.756536942,30.32686691,,,124.5645524,,0
Year 1 Jan 03 3:00 PM,87.92947141,,68.37919674,0.777659591,19.55027467,,,87.92947141,,0
Year 1 Jan 03 4:00 PM,44.66437047,,35.68596377,0.798980561,8.978406699,,,44.66437047,,0
Year 1 Jan 03 5:00 PM,6.250944819,,4.696689802,0.751356785,1.554255017,,,6.250944819,,0
Year 1 Jan 03 6:00 PM,0,,0,#DIV/0!,0,,,0,,0
Year 1 Jan 03 7:00 PM,0,,0,#DIV/0!,0,,,0,,0
Year 1 Jan 03 8:00 PM,0,,0,#DIV/0!,0,,,0,,0
Year 1 Jan 03 9:00 PM,0,,0,#DIV/0!,0,,,0,,0
Year 1 Jan 03 10:00 PM,0,,0,#DIV/0!,0,,,0,,0
Year 1 Jan 03 11:00 PM,0,,0,#DIV/0!,0,,,0,,0
Year 1 Jan 04 12:00 AM,0,,0,#DIV/0!,0,,,0,,0
Year 1 Jan 04 1:00 AM,0,,0,#DIV/0!,0,,,0,,0
Year 1 Jan 04 2:00 AM,0,,0,#DIV/0!,0,,,0,,0
Year 1 Jan 04 3:00 AM,0,,0,#DIV/0!,0,,,0,,0
Year 1 Jan 04 4:00 AM,0,,0,#DIV/0!,0,,,0,,0
Year 1 Jan 04 5:00 AM,0,,0,#DIV/0!,0,,,0,,0
Year 1 Jan 04 6:00 AM,0,,0,#DIV/0!,0,,,0,,0
Year 1 Jan 04 7:00 AM,0,,0,#DIV/0!,0,,,0,,0
Year 1 Jan 04 8:00 AM,13.61666263,,13.61660495,0.999995764,5.76798E-05,,,13.61666263,,0
Year 1 Jan 04 9:00 AM,48.65130749,,48.6512334,0.999998477,7.40943E-05,,,48.65130749,,0
Year 1 Jan 04 10:00 AM,80.88822822,,80.88816755,0.99999925,6.06667E-05,,,80.88822822,,0
Year 1 Jan 04 11:00 AM,110.8137543,,110.8136102,0.999998699,0.000144166,,,110.8137543,,0
Year 1 Jan 04 12:00 PM,117.560398,,117.5603222,0.999999355,7.57818E-05,,,117.560398,,0
Year 1 Jan 04 1:00 PM,114.6890365,,105.9052298,0.923411976,8.783806728,,,114.6890365,,0
Year 1 Jan 04 2:00 PM,93.95749597,,78.26097419,0.832940186,15.69652177,,,93.95749597,,0
Year 1 Jan 04 3:00 PM,73.18425055,,60.79179638,0.830667745,12.39245417,,,73.18425055,,0
Year 1 Jan 04 4:00 PM,35.10392285,,30.47009271,0.8679968,4.633830135,,,35.10392285,,0
Year 1 Jan 04 5:00 PM,5.244587251,,4.272162144,0.814585007,0.972425107,,,5.244587251,,0
Year 1 Jan 04 6:00 PM,0,,0,#DIV/0!,0,,,0,,0
Year 1 Jan 04 7:00 PM,0,,0,#DIV/0!,0,,,0,,0
Year 1 Jan 04 8:00 PM,0,,0,#DIV/0!,0,,,0,,0
Year 1 Jan 04 9:00 PM,0,,0,#DIV/0!,0,,,0,,0
Year 1 Jan 04 10:00 PM,0,,0,#DIV/0!,0,,,0,,0
Year 1 Jan 04 11:00 PM,0,,0,#DIV/0!,0,,,0,,0
Year 1 Jan 05 12:00 AM,0,,0,#DIV/0!,0,,,0,,0
Year 1 Jan 05 1:00 AM,0,,0,#DIV/0!,0,,,0,,0
Year 1 Jan 05 2:00 AM,0,,0,#DIV/0!,0,,,0,,0
Year 1 Jan 05 3:00 AM,0,,0,#DIV/0!,0,,,0,,0
Year 1 Jan 05 4:00 AM,0,,0,#DIV/0!,0,,,0,,0
Year 1 Jan 05 5:00 AM,0,,0,#DIV/0!,0,,,0,,0
Year 1 Jan 05 6:00 AM,0,,0,#DIV/0!,0,,,0,,0
Year 1 Jan 05 7:00 AM,0,,0,#DIV/0!,0,,,0,,0
Year 1 Jan 05 8:00 AM,19.18746599,,19.18728653,0.999990647,0.000179466,,,19.18746599,,0
Year 1 Jan 05 9:00 AM,117.6257829,,117.6249186,0.999992653,0.000864246,,,117.6257829,,0
Year 1 Jan 05 10:00 AM,261.18788,,261.1871031,0.999997026,0.000776838,,,261.18788,,0
Year 1 Jan 05 11:00 AM,373.2621917,,373.2602639,0.999994835,0.001927721,,,373.2621917,,0
Year 1 Jan 05 12:00 PM,424.8593447,,424.8583982,0.999997772,0.000946481,,,424.8593447,,0
Year 1 Jan 05 1:00 PM,413.1510489,,248.4619655,0.601382875,164.6890833,,,413.1510489,,0
Year 1 Jan 05 2:00 PM,327.1898246,,24.68460859,0.075444304,302.505216,,,327.1898246,,0
Year 1 Jan 05 3:00 PM,205.6348917,,30.58052959,0.148712747,175.0543621,,,205.6348917,,0
Year 1 Jan 05 4:00 PM,66.03245111,,21.62803673,0.327536482,44.40441438,,,66.03245111,,0
Year 1 Jan 05 5:00 PM,6.478944,,3.477152412,0.536685054,3.001791588,,,6.478944,,0
Year 1 Jan 05 6:00 PM,0,,0,#DIV/0!,0,,,0,,0
Year 1 Jan 05 7:00 PM,0,,0,#DIV/0!,0,,,0,,0
Year 1 Jan 05 8:00 PM,0,,0,#DIV/0!,0,,,0,,0
Year 1 Jan 05 9:00 PM,0,,0,#DIV/0!,0,,,0,,0
Year 1 Jan 05 10:00 PM,0,,0,#DIV/0!,0,,,0,,0
Year 1 Jan 05 11:00 PM,0,,0,#DIV/0!,0,,,0,,0
Year 1 Jan 06 12:00 AM,0,,0,#DIV/0!,0,,,0,,0
Year 1 Jan 06 1:00 AM,0,,0,#DIV/0!,0,,,0,,0
Year 1 Jan 06 2:00 AM,0,,0,#DIV/0!,0,,,0,,0
Year 1 Jan 06 3:00 AM,0,,0,#DIV/0!,0,,,0,,0
Year 1 Jan 06 4:00 AM,0,,0,#DIV/0!,0,,,0,,0
Year 1 Jan 06 5:00 AM,0,,0,#DIV/0!,0,,,0,,0
Year 1 Jan 06 6:00 AM,0,,0,#DIV/0!,0,,,0,,0
Year 1 Jan 06 7:00 AM,0,,0,#DIV/0!,0,,,0,,0
Year 1 Jan 06 8:00 AM,18.33737619,,18.33720812,0.999990834,0.000168073,,,18.33737619,,0
Year 1 Jan 06 9:00 AM,117.7690305,,117.768174,0.999992727,0.0008565,,,117.7690305,,0
Year 1 Jan 06 10:00 AM,238.6626836,,238.6619735,0.999997025,0.000710121,,,238.6626836,,0
Year 1 Jan 06 11:00 AM,272.4347967,,272.4334154,0.99999493,0.001381277,,,272.4347967,,0
Year 1 Jan 06 12:00 PM,162.8238605,,162.8236686,0.999998821,0.0001919,,,162.8238605,,0
Year 1 Jan 06 1:00 PM,149.7536029,,125.1753473,0.835875363,24.57825565,,,149.7536029,,0
Year 1 Jan 06 2:00 PM,92.49823289,,66.28688771,0.716628693,26.21134518,,,92.49823289,,0
Year 1 Jan 06 3:00 PM,99.22753881,,53.73492048,0.541532332,45.49261833,,,99.22753881,,0
Year 1 Jan 06 4:00 PM,58.69931014,,32.50452055,0.553746211,26.19478959,,,58.69931014,,0
Year 1 Jan 06 5:00 PM,7.484285561,,4.577842122,0.611660537,2.906443439,,,7.484285561,,0
Year 1 Jan 06 6:00 PM,0,,0,#DIV/0!,0,,,0,,0
Year 1 Jan 06 7:00 PM,0,,0,#DIV/0!,0,,,0,,0
Year 1 Jan 06 8:00 PM,0,,0,#DIV/0!,0,,,0,,0
Year 1 Jan 06 9:00 PM,0,,0,#DIV/0!,0,,,0,,0
Year 1 Jan 06 10:00 PM,0,,0,#DIV/0!,0,,,0,,0
Year 1 Jan 06 11:00 PM,0,,0,#DIV/0!,0,,,0,,0
Year 1 Jan 07 12:00 AM,0,,0,#DIV/0!,0,,,0,,0
Year 1 Jan 07 1:00 AM,0,,0,#DIV/0!,0,,,0,,0
Year 1 Jan 07 2:00 AM,0,,0,#DIV/0!,0,,,0,,0
Year 1 Jan 07 3:00 AM,0,,0,#DIV/0!,0,,,0,,0
Year 1 Jan 07 4:00 AM,0,,0,#DIV/0!,0,,,0,,0
Year 1 Jan 07 5:00 AM,0,,0,#DIV/0!,0,,,0,,0
Year 1 Jan 07 6:00 AM,0,,0,#DIV/0!,0,,,0,,0
Year 1 Jan 07 7:00 AM,0,,0,#DIV/0!,0,,,0,,0
Year 1 Jan 07 8:00 AM,20.83144263,,20.8311968,0.999988199,0.000245833,,,20.83144263,,0
Year 1 Jan 07 9:00 AM,138.163641,,138.1625534,0.999992129,0.001087515,,,138.163641,,0
Year 1 Jan 07 10:00 AM,277.4533744,,277.4525323,0.999996965,0.000842021,,,277.4533744,,0
Year 1 Jan 07 11:00 AM,382.2056885,,382.203702,0.999994803,0.001986477,,,382.2056885,,0
Year 1 Jan 07 12:00 PM,431.6835207,,431.682558,0.99999777,0.000962705,,,431.6835207,,0
Year 1 Jan 07 1:00 PM,425.3609488,,251.843246,0.592069504,173.5177028,,,425.3609488,,0
Year 1 Jan 07 2:00 PM,361.8789628,,18.61668291,0.051444502,343.2622799,,,361.8789628,,0
Year 1 Jan 07 3:00 PM,247.694127,,15.59869274,0.062975626,232.0954343,,,247.694127,,0
Year 1 Jan 07 4:00 PM,107.0733156,,10.66286214,0.099584682,96.4104535,,,107.0733156,,0
Year 1 Jan 07 5:00 PM,9.612421134,,3.189836116,0.331845231,6.422585018,,,9.612421134,,0
Year 1 Jan 07 6:00 PM,0,,0,#DIV/0!,0,,,0,,0
Year 1 Jan 07 7:00 PM,0,,0,#DIV/0!,0,,,0,,0
Year 1 Jan 07 8:00 PM,0,,0,#DIV/0!,0,,,0,,0
Year 1 Jan 07 9:00 PM,0,,0,#DIV/0!,0,,,0,,0
Year 1 Jan 07 10:00 PM,0,,0,#DIV/0!,0,,,0,,0
Year 1 Jan 07 11:00 PM,0,,0,#DIV/0!,0,,,0,,0
Year 1 Jan 08 12:00 AM,0,,0,#DIV/0!,0,,,0,,0
Year 1 Jan 08 1:00 AM,0,,0,#DIV/0!,0,,,0,,0
Year 1 Jan 08 2:00 AM,0,,0,#DIV/0!,0,,,0,,0
Year 1 Jan 08 3:00 AM,0,,0,#DIV/0!,0,,,0,,0
Year 1 Jan 08 4:00 AM,0,,0,#DIV/0!,0,,,0,,0
Year 1 Jan 08 5:00 AM,0,,0,#DIV/0!,0,,,0,,0
Year 1 Jan 08 6:00 AM,0,,0,#DIV/0!,0,,,0,,0
Year 1 Jan 08 7:00 AM,0,,0,#DIV/0!,0,,,0,,0
Year 1 Jan 08 8:00 AM,21.03207772,,21.03183644,0.999988528,0.000241282,,,21.03207772,,0
Year 1 Jan 08 9:00 AM,135.058559,,135.0575109,0.99999224,0.001048091,,,135.058559,,0
Year 1 Jan 08 10:00 AM,248.7919818,,248.7912476,0.999997049,0.000734198,,,248.7919818,,0
Year 1 Jan 08 11:00 AM,342.3866781,,342.3849518,0.999994958,0.001726337,,,342.3866781,,0
Year 1 Jan 08 12:00 PM,382.9651959,,382.9643958,0.999997911,0.000800135,,,382.9651959,,0
Year 1 Jan 08 1:00 PM,383.9748258,,230.5880923,0.600529193,153.3867334,,,383.9748258,,0
Year 1 Jan 08 2:00 PM,333.8333114,,23.79697318,0.071283998,310.0363383,,,333.8333114,,0
Year 1 Jan 08 3:00 PM,237.4273086,,15.65187374,0.065922803,221.7754349,,,237.4273086,,0
Year 1 Jan 08 4:00 PM,103.0657037,,12.05310553,0.116945842,91.01259818,,,103.0657037,,0
Year 1 Jan 08 5:00 PM,9.731517312,,3.637934491,0.373830141,6.093582821,,,9.731517312,,0
Year 1 Jan 08 6:00 PM,0,,0,#DIV/0!,0,,,0,,0
Year 1 Jan 08 7:00 PM,0,,0,#DIV/0!,0,,,0,,0
Year 1 Jan 08 8:00 PM,0,,0,#DIV/0!,0,,,0,,0
Year 1 Jan 08 9:00 PM,0,,0,#DIV/0!,0,,,0,,0
Year 1 Jan 08 10:00 PM,0,,0,#DIV/0!,0,,,0,,0
Year 1 Jan 08 11:00 PM,0,,0,#DIV/0!,0,,,0,,0
Year 1 Jan 09 12:00 AM,0,,0,#DIV/0!,0,,,0,,0
Year 1 Jan 09 1:00 AM,0,,0,#DIV/0!,0,,,0,,0
Year 1 Jan 09 2:00 AM,0,,0,#DIV/0!,0,,,0,,0
Year 1 Jan 09 3:00 AM,0,,0,#DIV/0!,0,,,0,,0
Year 1 Jan 09 4:00 AM,0,,0,#DIV/0!,0,,,0,,0
Year 1 Jan 09 5:00 AM,0,,0,#DIV/0!,0,,,0,,0
Year 1 Jan 09 6:00 AM,0,,0,#DIV/0!,0,,,0,,0
Year 1 Jan 09 7:00 AM,0,,0,#DIV/0!,0,,,0,,0
Year 1 Jan 09 8:00 AM,14.28215013,,14.28206196,0.999993826,8.81723E-05,,,14.28215013,,0
Year 1 Jan 09 9:00 AM,76.29633069,,76.2959306,0.999994756,0.000400084,,,76.29633069,,0
Year 1 Jan 09 10:00 AM,162.326097,,162.3257381,0.999997789,0.000358876,,,162.326097,,0
Year 1 Jan 09 11:00 AM,215.2824609,,215.2817403,0.999996653,0.000720641,,,215.2824609,,0
Year 1 Jan 09 12:00 PM,268.0486825,,268.0482074,0.999998227,0.000475161,,,268.0486825,,0
Year 1 Jan 09 1:00 PM,282.2763888,,196.3189641,0.695484893,85.95742476,,,282.2763888,,0
Year 1 Jan 09 2:00 PM,224.1849939,,62.28089415,0.277810272,161.9040997,,,224.1849939,,0
Year 1 Jan 09 3:00 PM,167.2968802,,36.84989294,0.220266468,130.4469872,,,167.2968802,,0
Year 1 Jan 09 4:00 PM,65.67515115,,22.92706333,0.349097991,42.74808783,,,65.67515115,,0
Year 1 Jan 09 5:00 PM,7.396221383,,4.880890792,0.659916806,2.515330591,,,7.396221383,,0
Year 1 Jan 09 6:00 PM,0,,0,#DIV/0!,0,,,0,,0
Year 1 Jan 09 7:00 PM,0,,0,#DIV/0!,0,,,0,,0
Year 1 Jan 09 8:00 PM,0,,0,#DIV/0!,0,,,0,,0
Year 1 Jan 09 9:00 PM,0,,0,#DIV/0!,0,,,0,,0
Year 1 Jan 09 10:00 PM,0,,0,#DIV/0!,0,,,0,,0
Year 1 Jan 09 11:00 PM,0,,0,#DIV/0!,0,,,0,,0
Year 1 Jan 10 12:00 AM,0,,0,#DIV/0!,0,,,0,,0
Year 1 Jan 10 1:00 AM,0,,0,#DIV/0!,0,,,0,,0
Year 1 Jan 10 2:00 AM,0,,0,#DIV/0!,0,,,0,,0
Year 1 Jan 10 3:00 AM,0,,0,#DIV/0!,0,,,0,,0
Year 1 Jan 10 4:00 AM,0,,0,#DIV/0!,0,,,0,,0
Year 1 Jan 10 5:00 AM,0,,0,#DIV/0!,0,,,0,,0
Year 1 Jan 10 6:00 AM,0,,0,#DIV/0!,0,,,0,,0
Year 1 Jan 10 7:00 AM,0,,0,#DIV/0!,0,,,0,,0
Year 1 Jan 10 8:00 AM,17.92784892,,17.92767611,0.999990361,0.000172815,,,17.92784892,,0
Year 1 Jan 10 9:00 AM,115.7726109,,115.7717619,0.999992666,0.000849051,,,115.7726109,,0
Year 1 Jan 10 10:00 AM,244.4912632,,244.4905471,0.999997071,0.000716112,,,244.4912632,,0
Year 1 Jan 10 11:00 AM,346.6910481,,346.6892888,0.999994925,0.001759397,,,346.6910481,,0
Year 1 Jan 10 12:00 PM,394.4478753,,394.4470155,0.99999782,0.000859844,,,394.4478753,,0
Year 1 Jan 10 1:00 PM,389.5114879,,234.2329026,0.601350435,155.2785853,,,389.5114879,,0
Year 1 Jan 10 2:00 PM,329.8832019,,23.7845382,0.072099877,306.0986637,,,329.8832019,,0
Year 1 Jan 10 3:00 PM,219.2889616,,21.31218164,0.097187663,197.97678,,,219.2889616,,0
Year 1 Jan 10 4:00 PM,90.03872906,,16.1354355,0.1792055,73.90329355,,,90.03872906,,0
Year 1 Jan 10 5:00 PM,9.541086796,,4.627508805,0.485008564,4.913577991,,,9.541086796,,0
Year 1 Jan 10 6:00 PM,0,,0,#DIV/0!,0,,,0,,0
Year 1 Jan 10 7:00 PM,0,,0,#DIV/0!,0,,,0,,0
Year 1 Jan 10 8:00 PM,0,,0,#DIV/0!,0,,,0,,0
Year 1 Jan 10 9:00 PM,0,,0,#DIV/0!,0,,,0,,0
Year 1 Jan 10 10:00 PM,0,,0,#DIV/0!,0,,,0,,0
Year 1 Jan 10 11:00 PM,0,,0,#DIV/0!,0,,,0,,0
Year 1 Jan 11 12:00 AM,0,,0,#DIV/0!,0,,,0,,0
Year 1 Jan 11 1:00 AM,0,,0,#DIV/0!,0,,,0,,0
Year 1 Jan 11 2:00 AM,0,,0,#DIV/0!,0,,,0,,0
Year 1 Jan 11 3:00 AM,0,,0,#DIV/0!,0,,,0,,0
Year 1 Jan 11 4:00 AM,0,,0,#DIV/0!,0,,,0,,0
Year 1 Jan 11 5:00 AM,0,,0,#DIV/0!,0,,,0,,0
Year 1 Jan 11 6:00 AM,0,,0,#DIV/0!,0,,,0,,0
Year 1 Jan 11 7:00 AM,0,,0,#DIV/0!,0,,,0,,0
Year 1 Jan 11 8:00 AM,8.671585571,,8.67157281,0.999998528,1.27617E-05,,,8.671585571,,0
Year 1 Jan 11 9:00 AM,42.8771975,,42.87711067,0.999997975,8.6829E-05,,,42.8771975,,0
Year 1 Jan 11 10:00 AM,109.4478981,,109.4477354,0.999998513,0.000162709,,,109.4478981,,0
Year 1 Jan 11 11:00 AM,180.0565509,,180.0559785,0.999996821,0.000572424,,,180.0565509,,0
Year 1 Jan 11 12:00 PM,303.8299909,,303.8293708,0.999997959,0.000620167,,,303.8299909,,0
Year 1 Jan 11 1:00 PM,326.5823601,,205.2202262,0.628387357,121.3621339,,,326.5823601,,0
Year 1 Jan 11 2:00 PM,295.8768151,,35.03122461,0.118398005,260.8455905,,,295.8768151,,0
Year 1 Jan 11 3:00 PM,216.1649352,,18.05710034,0.083533901,198.1078349,,,216.1649352,,0
Year 1 Jan 11 4:00 PM,96.64818341,,11.39056795,0.117855996,85.25761546,,,96.64818341,,0
Year 1 Jan 11 5:00 PM,9.924433787,,3.62388674,0.365147959,6.300547048,,,9.924433787,,0
Year 1 Jan 11 6:00 PM,0,,0,#DIV/0!,0,,,0,,0
Year 1 Jan 11 7:00 PM,0,,0,#DIV/0!,0,,,0,,0
Year 1 Jan 11 8:00 PM,0,,0,#DIV/0!,0,,,0,,0
Year 1 Jan 11 9:00 PM,0,,0,#DIV/0!,0,,,0,,0
Year 1 Jan 11 10:00 PM,0,,0,#DIV/0!,0,,,0,,0
Year 1 Jan 11 11:00 PM,0,,0,#DIV/0!,0,,,0,,0
Year 1 Jan 12 12:00 AM,0,,0,#DIV/0!,0,,,0,,0
Year 1 Jan 12 1:00 AM,0,,0,#DIV/0!,0,,,0,,0
Year 1 Jan 12 2:00 AM,0,,0,#DIV/0!,0,,,0,,0
Year 1 Jan 12 3:00 AM,0,,0,#DIV/0!,0,,,0,,0
Year 1 Jan 12 4:00 AM,0,,0,#DIV/0!,0,,,0,,0
Year 1 Jan 12 5:00 AM,0,,0,#DIV/0!,0,,,0,,0
Year 1 Jan 12 6:00 AM,0,,0,#DIV/0!,0,,,0,,0
Year 1 Jan 12 7:00 AM,0,,0,#DIV/0!,0,,,0,,0
Year 1 Jan 12 8:00 AM,16.31939755,,16.31926158,0.999991668,0.00013597,,,16.31939755,,0
Year 1 Jan 12 9:00 AM,59.786866,,59.78660237,0.99999559,0.000263636,,,59.786866,,0
Year 1 Jan 12 10:00 AM,50.33342856,,50.3334,0.999999433,2.85624E-05,,,50.33342856,,0
Year 1 Jan 12 11:00 AM,72.43665089,,72.43659508,0.999999229,5.58139E-05,,,72.43665089,,0
Year 1 Jan 12 12:00 PM,92.75162821,,92.75157931,0.999999473,4.8894E-05,,,92.75162821,,0
Year 1 Jan 12 1:00 PM,101.6156924,,94.51532572,0.930125294,7.100366661,,,101.6156924,,0
Year 1 Jan 12 2:00 PM,97.0227563,,80.44480349,0.829133355,16.57795281,,,97.0227563,,0
Year 1 Jan 12 3:00 PM,66.06574502,,56.72800898,0.858659945,9.337736033,,,66.06574502,,0
Year 1 Jan 12 4:00 PM,32.45004622,,29.42320342,0.906723005,3.026842803,,,32.45004622,,0
Year 1 Jan 12 5:00 PM,5.70843515,,5.296516459,0.927840349,0.411918691,,,5.70843515,,0
Year 1 Jan 12 6:00 PM,0,,0,#DIV/0!,0,,,0,,0
Year 1 Jan 12 7:00 PM,0,,0,#DIV/0!,0,,,0,,0
Year 1 Jan 12 8:00 PM,0,,0,#DIV/0!,0,,,0,,0
Year 1 Jan 12 9:00 PM,0,,0,#DIV/0!,0,,,0,,0
Year 1 Jan 12 10:00 PM,0,,0,#DIV/0!,0,,,0,,0
Year 1 Jan 12 11:00 PM,0,,0,#DIV/0!,0,,,0,,0
Year 1 Jan 13 12:00 AM,0,,0,#DIV/0!,0,,,0,,0
Year 1 Jan 13 1:00 AM,0,,0,#DIV/0!,0,,,0,,0
Year 1 Jan 13 2:00 AM,0,,0,#DIV/0!,0,,,0,,0
Year 1 Jan 13 3:00 AM,0,,0,#DIV/0!,0,,,0,,0
Year 1 Jan 13 4:00 AM,0,,0,#DIV/0!,0,,,0,,0
Year 1 Jan 13 5:00 AM,0,,0,#DIV/0!,0,,,0,,0
Year 1 Jan 13 6:00 AM,0,,0,#DIV/0!,0,,,0,,0
Year 1 Jan 13 7:00 AM,0,,0,#DIV/0!,0,,,0,,0
Year 1 Jan 13 8:00 AM,17.94682747,,17.946673,0.999991393,0.000154464,,,17.94682747,,0
Year 1 Jan 13 9:00 AM,108.6725734,,108.6718157,0.999993027,0.000757723,,,108.6725734,,0
Year 1 Jan 13 10:00 AM,234.4244118,,234.4237373,0.999997123,0.00067449,,,234.4244118,,0
Year 1 Jan 13 11:00 AM,334.9162995,,334.9146265,0.999995005,0.001672987,,,334.9162995,,0
Year 1 Jan 13 12:00 PM,381.8706657,,381.8698413,0.999997841,0.000824425,,,381.8706657,,0
Year 1 Jan 13 1:00 PM,332.4242141,,226.8803978,0.682502622,105.5438163,,,332.4242141,,0
Year 1 Jan 13 2:00 PM,201.1443847,,81.06634649,0.40302565,120.0780383,,,201.1443847,,0
Year 1 Jan 13 3:00 PM,146.7791308,,47.74599723,0.325291456,99.03313358,,,146.7791308,,0
Year 1 Jan 13 4:00 PM,24.39054655,,15.95325572,0.654075368,8.437290832,,,24.39054655,,0
Year 1 Jan 13 5:00 PM,3.350423422,,3.321148412,0.991262296,0.02927501,,,3.350423422,,0
Year 1 Jan 13 6:00 PM,0,,0,#DIV/0!,0,,,0,,0
Year 1 Jan 13 7:00 PM,0,,0,#DIV/0!,0,,,0,,0
Year 1 Jan 13 8:00 PM,0,,0,#DIV/0!,0,,,0,,0
Year 1 Jan 13 9:00 PM,0,,0,#DIV/0!,0,,,0,,0
Year 1 Jan 13 10:00 PM,0,,0,#DIV/0!,0,,,0,,0
Year 1 Jan 13 11:00 PM,0,,0,#DIV/0!,0,,,0,,0
Year 1 Jan 14 12:00 AM,0,,0,#DIV/0!,0,,,0,,0
Year 1 Jan 14 1:00 AM,0,,0,#DIV/0!,0,,,0,,0
Year 1 Jan 14 2:00 AM,0,,0,#DIV/0!,0,,,0,,0
Year 1 Jan 14 3:00 AM,0,,0,#DIV/0!,0,,,0,,0
Year 1 Jan 14 4:00 AM,0,,0,#DIV/0!,0,,,0,,0
Year 1 Jan 14 5:00 AM,0,,0,#DIV/0!,0,,,0,,0
Year 1 Jan 14 6:00 AM,0,,0,#DIV/0!,0,,,0,,0
Year 1 Jan 14 7:00 AM,0,,0,#DIV/0!,0,,,0,,0
Year 1 Jan 14 8:00 AM,12.59875812,,12.59872026,0.999996995,3.7865E-05,,,12.59875812,,0
Year 1 Jan 14 9:00 AM,49.41936439,,49.41928545,0.999998403,7.89374E-05,,,49.41936439,,0
Year 1 Jan 14 10:00 AM,79.01477665,,79.01471381,0.999999205,6.28465E-05,,,79.01477665,,0
Year 1 Jan 14 11:00 AM,95.51847597,,95.51837565,0.99999895,0.000100321,,,95.51847597,,0
Year 1 Jan 14 12:00 PM,113.5701832,,113.570111,0.999999364,7.22538E-05,,,113.5701832,,0
Year 1 Jan 14 1:00 PM,166.9221176,,95.94716283,0.574801975,70.97495475,,,166.9221176,,0
Year 1 Jan 14 2:00 PM,328.9040389,,21.56477934,0.065565566,307.3392596,,,328.9040389,,0
Year 1 Jan 14 3:00 PM,220.5918987,,18.11376062,0.082114351,202.478138,,,220.5918987,,0
Year 1 Jan 14 4:00 PM,86.96964474,,13.72390381,0.157801079,73.24574093,,,86.96964474,,0
Year 1 Jan 14 5:00 PM,10.38984321,,4.167839533,0.401145566,6.222003672,,,10.38984321,,0
Year 1 Jan 14 6:00 PM,0,,0,#DIV/0!,0,,,0,,0
Year 1 Jan 14 7:00 PM,0,,0,#DIV/0!,0,,,0,,0
Year 1 Jan 14 8:00 PM,0,,0,#DIV/0!,0,,,0,,0
Year 1 Jan 14 9:00 PM,0,,0,#DIV/0!,0,,,0,,0
Year 1 Jan 14 10:00 PM,0,,0,#DIV/0!,0,,,0,,0
Year 1 Jan 14 11:00 PM,0,,0,#DIV/0!,0,,,0,,0
Year 1 Jan 15 12:00 AM,0,,0,#DIV/0!,0,,,0,,0
Year 1 Jan 15 1:00 AM,0,,0,#DIV/0!,0,,,0,,0
Year 1 Jan 15 2:00 AM,0,,0,#DIV/0!,0,,,0,,0
Year 1 Jan 15 3:00 AM,0,,0,#DIV/0!,0,,,0,,0
Year 1 Jan 15 4:00 AM,0,,0,#DIV/0!,0,,,0,,0
Year 1 Jan 15 5:00 AM,0,,0,#DIV/0!,0,,,0,,0
Year 1 Jan 15 6:00 AM,0,,0,#DIV/0!,0,,,0,,0
Year 1 Jan 15 7:00 AM,0,,0,#DIV/0!,0,,,0,,0
Year 1 Jan 15 8:00 AM,15.85001715,,15.84990287,0.99999279,0.000114282,,,15.85001715,,0
Year 1 Jan 15 9:00 AM,80.82246085,,80.82197323,0.999993967,0.000487624,,,80.82246085,,0
Year 1 Jan 15 10:00 AM,221.7090016,,221.7083851,0.999997219,0.000616559,,,221.7090016,,0
Year 1 Jan 15 11:00 AM,344.3044466,,344.3027259,0.999995002,0.001720702,,,344.3044466,,0
Year 1 Jan 15 12:00 PM,392.2613784,,392.2605297,0.999997836,0.000848674,,,392.2613784,,0
Year 1 Jan 15 1:00 PM,382.5144714,,237.2682186,0.620285601,145.2462528,,,382.5144714,,0
Year 1 Jan 15 2:00 PM,302.7304121,,40.5628516,0.133990012,262.1675605,,,302.7304121,,0
Year 1 Jan 15 3:00 PM,153.4877585,,44.4460256,0.289573749,109.0417329,,,153.4877585,,0
Year 1 Jan 15 4:00 PM,74.78071295,,27.10527945,0.362463507,47.6754335,,,74.78071295,,0
Year 1 Jan 15 5:00 PM,10.25708017,,6.480847667,0.631841378,3.776232499,,,10.25708017,,0
Year 1 Jan 15 6:00 PM,0,,0,#DIV/0!,0,,,0,,0
Year 1 Jan 15 7:00 PM,0,,0,#DIV/0!,0,,,0,,0
Year 1 Jan 15 8:00 PM,0,,0,#DIV/0!,0,,,0,,0
Year 1 Jan 15 9:00 PM,0,,0,#DIV/0!,0,,,0,,0
Year 1 Jan 15 10:00 PM,0,,0,#DIV/0!,0,,,0,,0
Year 1 Jan 15 11:00 PM,0,,0,#DIV/0!,0,,,0,,0
Year 1 Jan 16 12:00 AM,0,,0,#DIV/0!,0,,,0,,0
Year 1 Jan 16 1:00 AM,0,,0,#DIV/0!,0,,,0,,0
Year 1 Jan 16 2:00 AM,0,,0,#DIV/0!,0,,,0,,0
Year 1 Jan 16 3:00 AM,0,,0,#DIV/0!,0,,,0,,0
Year 1 Jan 16 4:00 AM,0,,0,#DIV/0!,0,,,0,,0
Year 1 Jan 16 5:00 AM,0,,0,#DIV/0!,0,,,0,,0
Year 1 Jan 16 6:00 AM,0,,0,#DIV/0!,0,,,0,,0
Year 1 Jan 16 7:00 AM,0,,0,#DIV/0!,0,,,0,,0
Year 1 Jan 16 8:00 AM,15.54391071,,15.54382119,0.999994241,8.9512E-05,,,15.54391071,,0
Year 1 Jan 16 9:00 AM,80.25925545,,80.2588998,0.999995569,0.000355643,,,80.25925545,,0
Year 1 Jan 16 10:00 AM,138.0466873,,138.0463873,0.999997827,0.000299948,,,138.0466873,,0
Year 1 Jan 16 11:00 AM,104.2511564,,104.2509853,0.999998359,0.000171065,,,104.2511564,,0
Year 1 Jan 16 12:00 PM,198.4964783,,198.4961539,0.999998366,0.000324391,,,198.4964783,,0
Year 1 Jan 16 1:00 PM,326.8848543,,198.2835754,0.606585386,128.6012789,,,326.8848543,,0
Year 1 Jan 16 2:00 PM,270.6573625,,40.79173899,0.150713576,229.8656236,,,270.6573625,,0
Year 1 Jan 16 3:00 PM,132.116552,,53.9085494,0.408037817,78.20800255,,,132.116552,,0
Year 1 Jan 16 4:00 PM,59.28899073,,32.16871198,0.542574795,27.12027874,,,59.28899073,,0
Year 1 Jan 16 5:00 PM,9.946237257,,7.585046695,0.762604641,2.361190562,,,9.946237257,,0
Year 1 Jan 16 6:00 PM,0,,0,#DIV/0!,0,,,0,,0
Year 1 Jan 16 7:00 PM,0,,0,#DIV/0!,0,,,0,,0
Year 1 Jan 16 8:00 PM,0,,0,#DIV/0!,0,,,0,,0
Year 1 Jan 16 9:00 PM,0,,0,#DIV/0!,0,,,0,,0
Year 1 Jan 16 10:00 PM,0,,0,#DIV/0!,0,,,0,,0
Year 1 Jan 16 11:00 PM,0,,0,#DIV/0!,0,,,0,,0
Year 1 Jan 17 12:00 AM,0,,0,#DIV/0!,0,,,0,,0
Year 1 Jan 17 1:00 AM,0,,0,#DIV/0!,0,,,0,,0
Year 1 Jan 17 2:00 AM,0,,0,#DIV/0!,0,,,0,,0
Year 1 Jan 17 3:00 AM,0,,0,#DIV/0!,0,,,0,,0
Year 1 Jan 17 4:00 AM,0,,0,#DIV/0!,0,,,0,,0
Year 1 Jan 17 5:00 AM,0,,0,#DIV/0!,0,,,0,,0
Year 1 Jan 17 6:00 AM,0,,0,#DIV/0!,0,,,0,,0
Year 1 Jan 17 7:00 AM,0,,0,#DIV/0!,0,,,0,,0
Year 1 Jan 17 8:00 AM,20.02356892,,20.02335296,0.999989215,0.000215958,,,20.02356892,,0
Year 1 Jan 17 9:00 AM,126.4270478,,126.4260843,0.999992378,0.000963572,,,126.4270478,,0
Year 1 Jan 17 10:00 AM,257.9560341,,257.9552418,0.999996928,0.000792322,,,257.9560341,,0
Year 1 Jan 17 11:00 AM,337.8204312,,337.818716,0.999994923,0.001715174,,,337.8204312,,0
Year 1 Jan 17 12:00 PM,395.8232933,,395.8224227,0.999997801,0.000870554,,,395.8232933,,0
Year 1 Jan 17 1:00 PM,347.2956369,,221.7931165,0.638629147,125.5025204,,,347.2956369,,0
Year 1 Jan 17 2:00 PM,239.2261132,,43.86706144,0.183370707,195.3590518,,,239.2261132,,0
Year 1 Jan 17 3:00 PM,83.28506741,,47.37294985,0.568804845,35.91211756,,,83.28506741,,0
Year 1 Jan 17 4:00 PM,43.43486206,,32.83574294,0.755976683,10.59911912,,,43.43486206,,0
Year 1 Jan 17 5:00 PM,9.960113836,,8.294785099,0.832800231,1.665328737,,,9.960113836,,0
Year 1 Jan 17 6:00 PM,0,,0,#DIV/0!,0,,,0,,0
Year 1 Jan 17 7:00 PM,0,,0,#DIV/0!,0,,,0,,0
Year 1 Jan 17 8:00 PM,0,,0,#DIV/0!,0,,,0,,0
Year 1 Jan 17 9:00 PM,0,,0,#DIV/0!,0,,,0,,0
Year 1 Jan 17 10:00 PM,0,,0,#DIV/0!,0,,,0,,0
Year 1 Jan 17 11:00 PM,0,,0,#DIV/0!,0,,,0,,0
Year 1 Jan 18 12:00 AM,0,,0,#DIV/0!,0,,,0,,0
Year 1 Jan 18 1:00 AM,0,,0,#DIV/0!,0,,,0,,0
Year 1 Jan 18 2:00 AM,0,,0,#DIV/0!,0,,,0,,0
Year 1 Jan 18 3:00 AM,0,,0,#DIV/0!,0,,,0,,0
Year 1 Jan 18 4:00 AM,0,,0,#DIV/0!,0,,,0,,0
Year 1 Jan 18 5:00 AM,0,,0,#DIV/0!,0,,,0,,0
Year 1 Jan 18 6:00 AM,0,,0,#DIV/0!,0,,,0,,0
Year 1 Jan 18 7:00 AM,0,,0,#DIV/0!,0,,,0,,0
Year 1 Jan 18 8:00 AM,7.37011539,,7.370110617,0.999999352,4.77324E-06,,,7.37011539,,0
Year 1 Jan 18 9:00 AM,39.3439815,,39.34389217,0.999997729,8.93368E-05,,,39.3439815,,0
Year 1 Jan 18 10:00 AM,129.7705903,,129.7703607,0.999998231,0.000229603,,,129.7705903,,0
Year 1 Jan 18 11:00 AM,206.0589933,,206.058227,0.999996281,0.000766286,,,206.0589933,,0
Year 1 Jan 18 12:00 PM,219.0706707,,219.0702986,0.999998301,0.000372134,,,219.0706707,,0
Year 1 Jan 18 1:00 PM,106.7759228,,101.0658899,0.946523216,5.710032972,,,106.7759228,,0
Year 1 Jan 18 2:00 PM,81.1573115,,70.46173185,0.868211755,10.69557966,,,81.1573115,,0
Year 1 Jan 18 3:00 PM,59.71668883,,53.5685373,0.897044668,6.148151534,,,59.71668883,,0
Year 1 Jan 18 4:00 PM,26.22186939,,25.27710085,0.963970207,0.944768538,,,26.22186939,,0
Year 1 Jan 18 5:00 PM,5.878532282,,5.864137689,0.997551329,0.014394593,,,5.878532282,,0
Year 1 Jan 18 6:00 PM,0,,0,#DIV/0!,0,,,0,,0
Year 1 Jan 18 7:00 PM,0,,0,#DIV/0!,0,,,0,,0
Year 1 Jan 18 8:00 PM,0,,0,#DIV/0!,0,,,0,,0
Year 1 Jan 18 9:00 PM,0,,0,#DIV/0!,0,,,0,,0
Year 1 Jan 18 10:00 PM,0,,0,#DIV/0!,0,,,0,,0
Year 1 Jan 18 11:00 PM,0,,0,#DIV/0!,0,,,0,,0
Year 1 Jan 19 12:00 AM,0,,0,#DIV/0!,0,,,0,,0
Year 1 Jan 19 1:00 AM,0,,0,#DIV/0!,0,,,0,,0
Year 1 Jan 19 2:00 AM,0,,0,#DIV/0!,0,,,0,,0
Year 1 Jan 19 3:00 AM,0,,0,#DIV/0!,0,,,0,,0
Year 1 Jan 19 4:00 AM,0,,0,#DIV/0!,0,,,0,,0
Year 1 Jan 19 5:00 AM,0,,0,#DIV/0!,0,,,0,,0
Year 1 Jan 19 6:00 AM,0,,0,#DIV/0!,0,,,0,,0
Year 1 Jan 19 7:00 AM,0,,0,#DIV/0!,0,,,0,,0
Year 1 Jan 19 8:00 AM,12.13105158,,12.13102828,0.999998079,2.33039E-05,,,12.13105158,,0
Year 1 Jan 19 9:00 AM,52.1242932,,52.12421412,0.999998483,7.90773E-05,,,52.1242932,,0
Year 1 Jan 19 10:00 AM,83.31758445,,83.31752327,0.999999266,6.11774E-05,,,83.31758445,,0
Year 1 Jan 19 11:00 AM,112.4403463,,112.4402144,0.999998826,0.000131985,,,112.4403463,,0
Year 1 Jan 19 12:00 PM,136.3412583,,136.3411633,0.999999303,9.50443E-05,,,136.3412583,,0
Year 1 Jan 19 1:00 PM,134.517421,,122.1309506,0.90791921,12.3864704,,,134.517421,,0
Year 1 Jan 19 2:00 PM,126.3376254,,98.85378698,0.782457219,27.48383839,,,126.3376254,,0
Year 1 Jan 19 3:00 PM,86.08995265,,70.75159835,0.821833398,15.3383543,,,86.08995265,,0
Year 1 Jan 19 4:00 PM,48.91397664,,41.5049316,0.84852908,7.409045034,,,48.91397664,,0
Year 1 Jan 19 5:00 PM,11.92518318,,10.43218293,0.87480274,1.493000256,,,11.92518318,,0
Year 1 Jan 19 6:00 PM,0,,0,#DIV/0!,0,,,0,,0
Year 1 Jan 19 7:00 PM,0,,0,#DIV/0!,0,,,0,,0
Year 1 Jan 19 8:00 PM,0,,0,#DIV/0!,0,,,0,,0
Year 1 Jan 19 9:00 PM,0,,0,#DIV/0!,0,,,0,,0
Year 1 Jan 19 10:00 PM,0,,0,#DIV/0!,0,,,0,,0
Year 1 Jan 19 11:00 PM,0,,0,#DIV/0!,0,,,0,,0
Year 1 Jan 20 12:00 AM,0,,0,#DIV/0!,0,,,0,,0
Year 1 Jan 20 1:00 AM,0,,0,#DIV/0!,0,,,0,,0
Year 1 Jan 20 2:00 AM,0,,0,#DIV/0!,0,,,0,,0
Year 1 Jan 20 3:00 AM,0,,0,#DIV/0!,0,,,0,,0
Year 1 Jan 20 4:00 AM,0,,0,#DIV/0!,0,,,0,,0
Year 1 Jan 20 5:00 AM,0,,0,#DIV/0!,0,,,0,,0
Year 1 Jan 20 6:00 AM,0,,0,#DIV/0!,0,,,0,,0
Year 1 Jan 20 7:00 AM,0,,0,#DIV/0!,0,,,0,,0
Year 1 Jan 20 8:00 AM,13.37731195,,13.37727143,0.999996971,4.05145E-05,,,13.37731195,,0
Year 1 Jan 20 9:00 AM,48.95193012,,48.95186414,0.999998652,6.59817E-05,,,48.95193012,,0
Year 1 Jan 20 10:00 AM,88.72070433,,88.72063454,0.999999213,6.97804E-05,,,88.72070433,,0
Year 1 Jan 20 11:00 AM,114.0436669,,114.0435277,0.99999878,0.000139146,,,114.0436669,,0
Year 1 Jan 20 12:00 PM,129.1942897,,129.1942043,0.999999339,8.54442E-05,,,129.1942897,,0
Year 1 Jan 20 1:00 PM,171.7974091,,109.4445914,0.637056123,62.35281772,,,171.7974091,,0
Year 1 Jan 20 2:00 PM,308.3380717,,32.55449218,0.105580514,275.7835796,,,308.3380717,,0
Year 1 Jan 20 3:00 PM,237.5244938,,19.56426974,0.082367378,217.9602241,,,237.5244938,,0
Year 1 Jan 20 4:00 PM,106.824483,,14.67917524,0.13741396,92.14530778,,,106.824483,,0
Year 1 Jan 20 5:00 PM,14.03225969,,7.13902331,0.508757924,6.893236376,,,14.03225969,,0
Year 1 Jan 20 6:00 PM,0,,0,#DIV/0!,0,,,0,,0
Year 1 Jan 20 7:00 PM,0,,0,#DIV/0!,0,,,0,,0
Year 1 Jan 20 8:00 PM,0,,0,#DIV/0!,0,,,0,,0
Year 1 Jan 20 9:00 PM,0,,0,#DIV/0!,0,,,0,,0
Year 1 Jan 20 10:00 PM,0,,0,#DIV/0!,0,,,0,,0
Year 1 Jan 20 11:00 PM,0,,0,#DIV/0!,0,,,0,,0
Year 1 Jan 21 12:00 AM,0,,0,#DIV/0!,0,,,0,,0
Year 1 Jan 21 1:00 AM,0,,0,#DIV/0!,0,,,0,,0
Year 1 Jan 21 2:00 AM,0,,0,#DIV/0!,0,,,0,,0
Year 1 Jan 21 3:00 AM,0,,0,#DIV/0!,0,,,0,,0
Year 1 Jan 21 4:00 AM,0,,0,#DIV/0!,0,,,0,,0
Year 1 Jan 21 5:00 AM,0,,0,#DIV/0!,0,,,0,,0
Year 1 Jan 21 6:00 AM,0,,0,#DIV/0!,0,,,0,,0
Year 1 Jan 21 7:00 AM,0,,0,#DIV/0!,0,,,0,,0
Year 1 Jan 21 8:00 AM,20.48486982,,20.48470807,0.999992104,0.000161756,,,20.48486982,,0
Year 1 Jan 21 9:00 AM,91.09206474,,91.09165764,0.999995531,0.000407104,,,91.09206474,,0
Year 1 Jan 21 10:00 AM,167.3182159,,167.3153984,0.999983161,0.002817514,,,167.3182159,,0
Year 1 Jan 21 11:00 AM,286.0070731,,286.0002698,0.999976213,0.00680328,,,286.0070731,,0
Year 1 Jan 21 12:00 PM,315.6649403,,315.6627661,0.999993112,0.002174203,,,315.6649403,,0
Year 1 Jan 21 1:00 PM,273.6533087,,204.8260235,0.74848729,68.82728522,,,273.6533087,,0
Year 1 Jan 21 2:00 PM,187.7983107,,76.93451564,0.409665643,110.8637951,,,187.7983107,,0
Year 1 Jan 21 3:00 PM,79.2958891,,51.5466341,0.650054305,27.749255,,,79.2958891,,0
Year 1 Jan 21 4:00 PM,51.51071504,,34.53110267,0.670367372,16.97961237,,,51.51071504,,0
Year 1 Jan 21 5:00 PM,14.06775975,,10.22322433,0.726713031,3.84453542,,,14.06775975,,0
Year 1 Jan 21 6:00 PM,0,,0,#DIV/0!,0,,,0,,0
Year 1 Jan 21 7:00 PM,0,,0,#DIV/0!,0,,,0,,0
Year 1 Jan 21 8:00 PM,0,,0,#DIV/0!,0,,,0,,0
Year 1 Jan 21 9:00 PM,0,,0,#DIV/0!,0,,,0,,0
Year 1 Jan 21 10:00 PM,0,,0,#DIV/0!,0,,,0,,0
Year 1 Jan 21 11:00 PM,0,,0,#DIV/0!,0,,,0,,0
Year 1 Jan 22 12:00 AM,0,,0,#DIV/0!,0,,,0,,0
Year 1 Jan 22 1:00 AM,0,,0,#DIV/0!,0,,,0,,0
Year 1 Jan 22 2:00 AM,0,,0,#DIV/0!,0,,,0,,0
Year 1 Jan 22 3:00 AM,0,,0,#DIV/0!,0,,,0,,0
Year 1 Jan 22 4:00 AM,0,,0,#DIV/0!,0,,,0,,0
Year 1 Jan 22 5:00 AM,0,,0,#DIV/0!,0,,,0,,0
Year 1 Jan 22 6:00 AM,0,,0,#DIV/0!,0,,,0,,0
Year 1 Jan 22 7:00 AM,0,,0,#DIV/0!,0,,,0,,0
Year 1 Jan 22 8:00 AM,9.019120413,,9.019102416,0.999998004,1.79977E-05,,,9.019120413,,0
Year 1 Jan 22 9:00 AM,44.13691694,,44.13680766,0.999997524,0.000109282,,,44.13691694,,0
Year 1 Jan 22 10:00 AM,136.9424496,,136.9403561,0.999984712,0.002093508,,,136.9424496,,0
Year 1 Jan 22 11:00 AM,311.5712209,,311.5642009,0.999977469,0.007020002,,,311.5712209,,0
Year 1 Jan 22 12:00 PM,376.5849997,,376.5820842,0.999992258,0.002915535,,,376.5849997,,0
Year 1 Jan 22 1:00 PM,435.3891431,,279.1286409,0.641101519,156.2605022,,,435.3891431,,0
Year 1 Jan 22 2:00 PM,398.132254,,23.04935478,0.057893714,375.0828992,,,398.132254,,0
Year 1 Jan 22 3:00 PM,285.3887348,,20.61888012,0.072248402,264.7698547,,,285.3887348,,0
Year 1 Jan 22 4:00 PM,139.8409535,,15.55338454,0.111221957,124.287569,,,139.8409535,,0
Year 1 Jan 22 5:00 PM,21.46323126,,6.305613511,0.293786776,15.15761775,,,21.46323126,,0
Year 1 Jan 22 6:00 PM,0,,0,#DIV/0!,0,,,0,,0
Year 1 Jan 22 7:00 PM,0,,0,#DIV/0!,0,,,0,,0
Year 1 Jan 22 8:00 PM,0,,0,#DIV/0!,0,,,0,,0
Year 1 Jan 22 9:00 PM,0,,0,#DIV/0!,0,,,0,,0
Year 1 Jan 22 10:00 PM,0,,0,#DIV/0!,0,,,0,,0
Year 1 Jan 22 11:00 PM,0,,0,#DIV/0!,0,,,0,,0
Year 1 Jan 23 12:00 AM,0,,0,#DIV/0!,0,,,0,,0
Year 1 Jan 23 1:00 AM,0,,0,#DIV/0!,0,,,0,,0
Year 1 Jan 23 2:00 AM,0,,0,#DIV/0!,0,,,0,,0
Year 1 Jan 23 3:00 AM,0,,0,#DIV/0!,0,,,0,,0
Year 1 Jan 23 4:00 AM,0,,0,#DIV/0!,0,,,0,,0
Year 1 Jan 23 5:00 AM,0,,0,#DIV/0!,0,,,0,,0
Year 1 Jan 23 6:00 AM,0,,0,#DIV/0!,0,,,0,,0
Year 1 Jan 23 7:00 AM,0,,0,#DIV/0!,0,,,0,,0
Year 1 Jan 23 8:00 AM,21.90451061,,21.90427616,0.999989297,0.000234455,,,21.90451061,,0
Year 1 Jan 23 9:00 AM,124.2968729,,124.2960965,0.999993754,0.000776408,,,124.2968729,,0
Year 1 Jan 23 10:00 AM,254.0239784,,254.0185717,0.999978716,0.005406657,,,254.0239784,,0
Year 1 Jan 23 11:00 AM,341.2858163,,341.2751864,0.999968853,0.010629884,,,341.2858163,,0
Year 1 Jan 23 12:00 PM,382.635148,,382.6321276,0.999992106,0.003020409,,,382.635148,,0
Year 1 Jan 23 1:00 PM,417.0002616,,275.8330472,0.661469722,141.1672144,,,417.0002616,,0
Year 1 Jan 23 2:00 PM,359.4582868,,34.67762184,0.096471894,324.7806649,,,359.4582868,,0
Year 1 Jan 23 3:00 PM,250.3991509,,31.12892473,0.124317214,219.2702262,,,250.3991509,,0
Year 1 Jan 23 4:00 PM,117.072235,,23.60726372,0.201646989,93.46497128,,,117.072235,,0
Year 1 Jan 23 5:00 PM,18.49313379,,8.537662337,0.461666607,9.955471454,,,18.49313379,,0
Year 1 Jan 23 6:00 PM,0,,0,#DIV/0!,0,,,0,,0
Year 1 Jan 23 7:00 PM,0,,0,#DIV/0!,0,,,0,,0
Year 1 Jan 23 8:00 PM,0,,0,#DIV/0!,0,,,0,,0
Year 1 Jan 23 9:00 PM,0,,0,#DIV/0!,0,,,0,,0
Year 1 Jan 23 10:00 PM,0,,0,#DIV/0!,0,,,0,,0
Year 1 Jan 23 11:00 PM,0,,0,#DIV/0!,0,,,0,,0
Year 1 Jan 24 12:00 AM,0,,0,#DIV/0!,0,,,0,,0
Year 1 Jan 24 1:00 AM,0,,0,#DIV/0!,0,,,0,,0
Year 1 Jan 24 2:00 AM,0,,0,#DIV/0!,0,,,0,,0
Year 1 Jan 24 3:00 AM,0,,0,#DIV/0!,0,,,0,,0
Year 1 Jan 24 4:00 AM,0,,0,#DIV/0!,0,,,0,,0
Year 1 Jan 24 5:00 AM,0,,0,#DIV/0!,0,,,0,,0
Year 1 Jan 24 6:00 AM,0,,0,#DIV/0!,0,,,0,,0
Year 1 Jan 24 7:00 AM,0,,0,#DIV/0!,0,,,0,,0
Year 1 Jan 24 8:00 AM,8.360088304,,8.360074353,0.999998331,1.39506E-05,,,8.360088304,,0
Year 1 Jan 24 9:00 AM,28.98184498,,28.98182141,0.999999187,2.35654E-05,,,28.98184498,,0
Year 1 Jan 24 10:00 AM,68.89709273,,68.89685043,0.999996483,0.000242303,,,68.89709273,,0
Year 1 Jan 24 11:00 AM,106.3289791,,106.3283902,0.999994461,0.000588924,,,106.3289791,,0
Year 1 Jan 24 12:00 PM,132.1052415,,132.1049695,0.999997942,0.000271907,,,132.1052415,,0
Year 1 Jan 24 1:00 PM,130.0814207,,120.6397302,0.927417072,9.441690413,,,130.0814207,,0
Year 1 Jan 24 2:00 PM,110.7986227,,90.62230961,0.817901048,20.17631306,,,110.7986227,,0
Year 1 Jan 24 3:00 PM,81.47027852,,68.93511056,0.846138148,12.53516795,,,81.47027852,,0
Year 1 Jan 24 4:00 PM,45.92548143,,40.34226784,0.87842885,5.583213594,,,45.92548143,,0
Year 1 Jan 24 5:00 PM,11.47755255,,10.43485349,0.909153188,1.042699055,,,11.47755255,,0
Year 1 Jan 24 6:00 PM,0,,0,#DIV/0!,0,,,0,,0
Year 1 Jan 24 7:00 PM,0,,0,#DIV/0!,0,,,0,,0
Year 1 Jan 24 8:00 PM,0,,0,#DIV/0!,0,,,0,,0
Year 1 Jan 24 9:00 PM,0,,0,#DIV/0!,0,,,0,,0
Year 1 Jan 24 10:00 PM,0,,0,#DIV/0!,0,,,0,,0
Year 1 Jan 24 11:00 PM,0,,0,#DIV/0!,0,,,0,,0
Year 1 Jan 25 12:00 AM,0,,0,#DIV/0!,0,,,0,,0
Year 1 Jan 25 1:00 AM,0,,0,#DIV/0!,0,,,0,,0
Year 1 Jan 25 2:00 AM,0,,0,#DIV/0!,0,,,0,,0
Year 1 Jan 25 3:00 AM,0,,0,#DIV/0!,0,,,0,,0
Year 1 Jan 25 4:00 AM,0,,0,#DIV/0!,0,,,0,,0
Year 1 Jan 25 5:00 AM,0,,0,#DIV/0!,0,,,0,,0
Year 1 Jan 25 6:00 AM,0,,0,#DIV/0!,0,,,0,,0
Year 1 Jan 25 7:00 AM,0,,0,#DIV/0!,0,,,0,,0
Year 1 Jan 25 8:00 AM,12.53742742,,12.53741238,0.9999988,1.50392E-05,,,12.53742742,,0
Year 1 Jan 25 9:00 AM,46.73375134,,46.73356863,0.99999609,0.000182711,,,46.73375134,,0
Year 1 Jan 25 10:00 AM,136.4339058,,136.432159,0.999987197,0.001746816,,,136.4339058,,0
Year 1 Jan 25 11:00 AM,107.4122316,,107.4103291,0.999982288,0.001902499,,,107.4122316,,0
Year 1 Jan 25 12:00 PM,109.6478482,,109.6476552,0.99999824,0.000193032,,,109.6478482,,0
Year 1 Jan 25 1:00 PM,98.01035529,,92.93458278,0.948211875,5.075772506,,,98.01035529,,0
Year 1 Jan 25 2:00 PM,139.8348474,,73.08767794,0.522671418,66.74716947,,,139.8348474,,0
Year 1 Jan 25 3:00 PM,239.5145627,,30.44564077,0.127113944,209.0689219,,,239.5145627,,0
Year 1 Jan 25 4:00 PM,127.3738624,,20.65220732,0.162138503,106.7216551,,,127.3738624,,0
Year 1 Jan 25 5:00 PM,22.50555696,,8.601113929,0.382177342,13.90444303,,,22.50555696,,0
Year 1 Jan 25 6:00 PM,0,,0,#DIV/0!,0,,,0,,0
Year 1 Jan 25 7:00 PM,0,,0,#DIV/0!,0,,,0,,0
Year 1 Jan 25 8:00 PM,0,,0,#DIV/0!,0,,,0,,0
Year 1 Jan 25 9:00 PM,0,,0,#DIV/0!,0,,,0,,0
Year 1 Jan 25 10:00 PM,0,,0,#DIV/0!,0,,,0,,0
Year 1 Jan 25 11:00 PM,0,,0,#DIV/0!,0,,,0,,0
Year 1 Jan 26 12:00 AM,0,,0,#DIV/0!,0,,,0,,0
Year 1 Jan 26 1:00 AM,0,,0,#DIV/0!,0,,,0,,0
Year 1 Jan 26 2:00 AM,0,,0,#DIV/0!,0,,,0,,0
Year 1 Jan 26 3:00 AM,0,,0,#DIV/0!,0,,,0,,0
Year 1 Jan 26 4:00 AM,0,,0,#DIV/0!,0,,,0,,0
Year 1 Jan 26 5:00 AM,0,,0,#DIV/0!,0,,,0,,0
Year 1 Jan 26 6:00 AM,0,,0,#DIV/0!,0,,,0,,0
Year 1 Jan 26 7:00 AM,0,,0,#DIV/0!,0,,,0,,0
Year 1 Jan 26 8:00 AM,11.4363959,,11.43638289,0.999998863,1.30043E-05,,,11.4363959,,0
Year 1 Jan 26 9:00 AM,37.95040345,,37.95036908,0.999999094,3.43747E-05,,,37.95040345,,0
Year 1 Jan 26 10:00 AM,76.48263606,,76.48235494,0.999996324,0.000281114,,,76.48263606,,0
Year 1 Jan 26 11:00 AM,107.8812958,,107.8806395,0.999993917,0.000656247,,,107.8812958,,0
Year 1 Jan 26 12:00 PM,113.8115784,,113.8113744,0.999998208,0.00020395,,,113.8115784,,0
Year 1 Jan 26 1:00 PM,136.5301127,,106.1030638,0.777140381,30.4270489,,,136.5301127,,0
Year 1 Jan 26 2:00 PM,191.3598417,,65.28885237,0.341183666,126.0709893,,,191.3598417,,0
Year 1 Jan 26 3:00 PM,84.07876397,,55.05965835,0.654858085,29.01910563,,,84.07876397,,0
Year 1 Jan 26 4:00 PM,80.22991891,,39.00052534,0.486109495,41.22939357,,,80.22991891,,0
Year 1 Jan 26 5:00 PM,27.95629766,,10.97429516,0.392551807,16.9820025,,,27.95629766,,0
Year 1 Jan 26 6:00 PM,0,,0,#DIV/0!,0,,,0,,0
Year 1 Jan 26 7:00 PM,0,,0,#DIV/0!,0,,,0,,0
Year 1 Jan 26 8:00 PM,0,,0,#DIV/0!,0,,,0,,0
Year 1 Jan 26 9:00 PM,0,,0,#DIV/0!,0,,,0,,0
Year 1 Jan 26 10:00 PM,0,,0,#DIV/0!,0,,,0,,0
Year 1 Jan 26 11:00 PM,0,,0,#DIV/0!,0,,,0,,0
Year 1 Jan 27 12:00 AM,0,,0,#DIV/0!,0,,,0,,0
Year 1 Jan 27 1:00 AM,0,,0,#DIV/0!,0,,,0,,0
Year 1 Jan 27 2:00 AM,0,,0,#DIV/0!,0,,,0,,0
Year 1 Jan 27 3:00 AM,0,,0,#DIV/0!,0,,,0,,0
Year 1 Jan 27 4:00 AM,0,,0,#DIV/0!,0,,,0,,0
Year 1 Jan 27 5:00 AM,0,,0,#DIV/0!,0,,,0,,0
Year 1 Jan 27 6:00 AM,0,,0,#DIV/0!,0,,,0,,0
Year 1 Jan 27 7:00 AM,0,,0,#DIV/0!,0,,,0,,0
Year 1 Jan 27 8:00 AM,36.27358187,,36.27305654,0.999985518,0.000525331,,,36.27358187,,0
Year 1 Jan 27 9:00 AM,176.3854854,,176.3842672,0.999993094,0.001218175,,,176.3854854,,0
Year 1 Jan 27 10:00 AM,325.5511721,,325.5436665,0.999976945,0.007505594,,,325.5511721,,0
Year 1 Jan 27 11:00 AM,441.0264547,,441.0119032,0.999967005,0.014551496,,,441.0264547,,0
Year 1 Jan 27 12:00 PM,501.3468977,,501.3426797,0.999991587,0.004217984,,,501.3468977,,0
Year 1 Jan 27 1:00 PM,501.4911702,,324.2942142,0.646659869,177.1969559,,,501.4911702,,0
Year 1 Jan 27 2:00 PM,432.1041589,,20.83393599,0.048215079,411.2702229,,,432.1041589,,0
Year 1 Jan 27 3:00 PM,294.4372663,,21.64708525,0.073520195,272.790181,,,294.4372663,,0
Year 1 Jan 27 4:00 PM,167.1609112,,13.79637545,0.082533502,153.3645358,,,167.1609112,,0
Year 1 Jan 27 5:00 PM,32.10435383,,8.212167154,0.255796058,23.89218667,,,32.10435383,,0
Year 1 Jan 27 6:00 PM,0,,0,#DIV/0!,0,,,0,,0
Year 1 Jan 27 7:00 PM,0,,0,#DIV/0!,0,,,0,,0
Year 1 Jan 27 8:00 PM,0,,0,#DIV/0!,0,,,0,,0
Year 1 Jan 27 9:00 PM,0,,0,#DIV/0!,0,,,0,,0
Year 1 Jan 27 10:00 PM,0,,0,#DIV/0!,0,,,0,,0
Year 1 Jan 27 11:00 PM,0,,0,#DIV/0!,0,,,0,,0
Year 1 Jan 28 12:00 AM,0,,0,#DIV/0!,0,,,0,,0
Year 1 Jan 28 1:00 AM,0,,0,#DIV/0!,0,,,0,,0
Year 1 Jan 28 2:00 AM,0,,0,#DIV/0!,0,,,0,,0
Year 1 Jan 28 3:00 AM,0,,0,#DIV/0!,0,,,0,,0
Year 1 Jan 28 4:00 AM,0,,0,#DIV/0!,0,,,0,,0
Year 1 Jan 28 5:00 AM,0,,0,#DIV/0!,0,,,0,,0
Year 1 Jan 28 6:00 AM,0,,0,#DIV/0!,0,,,0,,0
Year 1 Jan 28 7:00 AM,0,,0,#DIV/0!,0,,,0,,0
Year 1 Jan 28 8:00 AM,13.71078738,,13.71076829,0.999998608,1.90883E-05,,,13.71078738,,0
Year 1 Jan 28 9:00 AM,38.39382984,,38.39379067,0.99999898,3.91749E-05,,,38.39382984,,0
Year 1 Jan 28 10:00 AM,78.91814826,,78.91782274,0.999995875,0.000325517,,,78.91814826,,0
Year 1 Jan 28 11:00 AM,108.6514976,,108.6507874,0.999993463,0.000710243,,,108.6514976,,0
Year 1 Jan 28 12:00 PM,110.9582319,,110.958059,0.999998442,0.000172839,,,110.9582319,,0
Year 1 Jan 28 1:00 PM,149.3678909,,118.1405718,0.790936868,31.22731911,,,149.3678909,,0
Year 1 Jan 28 2:00 PM,185.2052517,,71.27716532,0.38485499,113.9280864,,,185.2052517,,0
Year 1 Jan 28 3:00 PM,77.83817088,,59.56953248,0.765299747,18.2686384,,,77.83817088,,0
Year 1 Jan 28 4:00 PM,39.12150997,,36.21842449,0.925793113,2.903085478,,,39.12150997,,0
Year 1 Jan 28 5:00 PM,10.66912292,,10.3167603,0.966973609,0.352362622,,,10.66912292,,0
Year 1 Jan 28 6:00 PM,0,,0,#DIV/0!,0,,,0,,0
Year 1 Jan 28 7:00 PM,0,,0,#DIV/0!,0,,,0,,0
Year 1 Jan 28 8:00 PM,0,,0,#DIV/0!,0,,,0,,0
Year 1 Jan 28 9:00 PM,0,,0,#DIV/0!,0,,,0,,0
Year 1 Jan 28 10:00 PM,0,,0,#DIV/0!,0,,,0,,0
Year 1 Jan 28 11:00 PM,0,,0,#DIV/0!,0,,,0,,0
Year 1 Jan 29 12:00 AM,0,,0,#DIV/0!,0,,,0,,0
Year 1 Jan 29 1:00 AM,0,,0,#DIV/0!,0,,,0,,0
Year 1 Jan 29 2:00 AM,0,,0,#DIV/0!,0,,,0,,0
Year 1 Jan 29 3:00 AM,0,,0,#DIV/0!,0,,,0,,0
Year 1 Jan 29 4:00 AM,0,,0,#DIV/0!,0,,,0,,0
Year 1 Jan 29 5:00 AM,0,,0,#DIV/0!,0,,,0,,0
Year 1 Jan 29 6:00 AM,0,,0,#DIV/0!,0,,,0,,0
Year 1 Jan 29 7:00 AM,0,,0,#DIV/0!,0,,,0,,0
Year 1 Jan 29 8:00 AM,18.6838658,,18.68380381,0.999996682,6.19881E-05,,,18.6838658,,0
Year 1 Jan 29 9:00 AM,59.07318345,,59.07305202,0.999997775,0.000131432,,,59.07318345,,0
Year 1 Jan 29 10:00 AM,81.70062613,,81.69998982,0.999992212,0.000636315,,,81.70062613,,0
Year 1 Jan 29 11:00 AM,132.9724643,,132.9716974,0.999994233,0.000766882,,,132.9724643,,0
Year 1 Jan 29 12:00 PM,276.6999846,,276.6984642,0.999994505,0.001520423,,,276.6999846,,0
Year 1 Jan 29 1:00 PM,358.7729173,,247.6576001,0.690290677,111.1153173,,,358.7729173,,0
Year 1 Jan 29 2:00 PM,297.7111633,,59.59387811,0.200173475,238.1172852,,,297.7111633,,0
Year 1 Jan 29 3:00 PM,242.6163186,,47.70577196,0.196630516,194.9105466,,,242.6163186,,0
Year 1 Jan 29 4:00 PM,132.3981666,,31.25782701,0.236089576,101.1403396,,,132.3981666,,0
Year 1 Jan 29 5:00 PM,29.99816413,,10.37001393,0.345688286,19.6281502,,,29.99816413,,0
Year 1 Jan 29 6:00 PM,0,,0,#DIV/0!,0,,,0,,0
Year 1 Jan 29 7:00 PM,0,,0,#DIV/0!,0,,,0,,0
Year 1 Jan 29 8:00 PM,0,,0,#DIV/0!,0,,,0,,0
Year 1 Jan 29 9:00 PM,0,,0,#DIV/0!,0,,,0,,0
Year 1 Jan 29 10:00 PM,0,,0,#DIV/0!,0,,,0,,0
Year 1 Jan 29 11:00 PM,0,,0,#DIV/0!,0,,,0,,0
Year 1 Jan 30 12:00 AM,0,,0,#DIV/0!,0,,,0,,0
Year 1 Jan 30 1:00 AM,0,,0,#DIV/0!,0,,,0,,0
Year 1 Jan 30 2:00 AM,0,,0,#DIV/0!,0,,,0,,0
Year 1 Jan 30 3:00 AM,0,,0,#DIV/0!,0,,,0,,0
Year 1 Jan 30 4:00 AM,0,,0,#DIV/0!,0,,,0,,0
Year 1 Jan 30 5:00 AM,0,,0,#DIV/0!,0,,,0,,0
Year 1 Jan 30 6:00 AM,0,,0,#DIV/0!,0,,,0,,0
Year 1 Jan 30 7:00 AM,0,,0,#DIV/0!,0,,,0,,0
Year 1 Jan 30 8:00 AM,16.5261567,,16.52612731,0.999998222,2.93876E-05,,,16.5261567,,0
Year 1 Jan 30 9:00 AM,43.38263439,,43.3825916,0.999999014,4.27918E-05,,,43.38263439,,0
Year 1 Jan 30 10:00 AM,71.94462215,,71.94440166,0.999996935,0.000220489,,,71.94462215,,0
Year 1 Jan 30 11:00 AM,87.14477087,,87.14440868,0.999995844,0.000362198,,,87.14477087,,0
Year 1 Jan 30 12:00 PM,112.2551873,,112.2549938,0.999998276,0.000193481,,,112.2551873,,0
Year 1 Jan 30 1:00 PM,121.2918548,,113.1728598,0.933062323,8.11899502,,,121.2918548,,0
Year 1 Jan 30 2:00 PM,116.176581,,95.31111152,0.820398661,20.86546946,,,116.176581,,0
Year 1 Jan 30 3:00 PM,85.02002243,,72.3857821,0.851396883,12.63424034,,,85.02002243,,0
Year 1 Jan 30 4:00 PM,50.82559748,,44.72666738,0.880002786,6.098930105,,,50.82559748,,0
Year 1 Jan 30 5:00 PM,16.62642532,,14.88688181,0.895374774,1.739543512,,,16.62642532,,0
Year 1 Jan 30 6:00 PM,0,,0,#DIV/0!,0,,,0,,0
Year 1 Jan 30 7:00 PM,0,,0,#DIV/0!,0,,,0,,0
Year 1 Jan 30 8:00 PM,0,,0,#DIV/0!,0,,,0,,0
Year 1 Jan 30 9:00 PM,0,,0,#DIV/0!,0,,,0,,0
Year 1 Jan 30 10:00 PM,0,,0,#DIV/0!,0,,,0,,0
Year 1 Jan 30 11:00 PM,0,,0,#DIV/0!,0,,,0,,0
Year 1 Jan 31 12:00 AM,0,,0,#DIV/0!,0,,,0,,0
Year 1 Jan 31 1:00 AM,0,,0,#DIV/0!,0,,,0,,0
Year 1 Jan 31 2:00 AM,0,,0,#DIV/0!,0,,,0,,0
Year 1 Jan 31 3:00 AM,0,,0,#DIV/0!,0,,,0,,0
Year 1 Jan 31 4:00 AM,0,,0,#DIV/0!,0,,,0,,0
Year 1 Jan 31 5:00 AM,0,,0,#DIV/0!,0,,,0,,0
Year 1 Jan 31 6:00 AM,0,,0,#DIV/0!,0,,,0,,0
Year 1 Jan 31 7:00 AM,0,,0,#DIV/0!,0,,,0,,0
Year 1 Jan 31 8:00 AM,20.10647902,,20.10642711,0.999997418,5.19125E-05,,,20.10647902,,0
Year 1 Jan 31 9:00 AM,64.7503201,,64.75021645,0.999998399,0.000103644,,,64.7503201,,0
Year 1 Jan 31 10:00 AM,114.7748249,,114.7741903,0.999994471,0.000634631,,,114.7748249,,0
Year 1 Jan 31 11:00 AM,144.8095226,,144.8083134,0.99999165,0.001209205,,,144.8095226,,0
Year 1 Jan 31 12:00 PM,170.6721718,,170.6716829,0.999997136,0.000488862,,,170.6721718,,0
Year 1 Jan 31 1:00 PM,214.5101307,,172.5419542,0.804353405,41.96817658,,,214.5101307,,0
Year 1 Jan 31 2:00 PM,114.2806712,,85.57378245,0.748803639,28.70688875,,,114.2806712,,0
Year 1 Jan 31 3:00 PM,68.62542388,,60.64679079,0.883736484,7.97863309,,,68.62542388,,0
Year 1 Jan 31 4:00 PM,37.62791481,,34.99532758,0.930036324,2.632587237,,,37.62791481,,0
Year 1 Jan 31 5:00 PM,10.86581265,,10.60233107,0.975751323,0.26348158,,,10.86581265,,0
Year 1 Jan 31 6:00 PM,0,,0,#DIV/0!,0,,,0,,0
Year 1 Jan 31 7:00 PM,0,,0,#DIV/0!,0,,,0,,0
Year 1 Jan 31 8:00 PM,0,,0,#DIV/0!,0,,,0,,0
Year 1 Jan 31 9:00 PM,0,,0,#DIV/0!,0,,,0,,0
Year 1 Jan 31 10:00 PM,0,,0,#DIV/0!,0,,,0,,0
Year 1 Jan 31 11:00 PM,0,,0,#DIV/0!,0,,,0,,0
Year 1 Feb 01 12:00 AM,0,,0,#DIV/0!,0,,,0,,0
Year 1 Feb 01 1:00 AM,0,,0,#DIV/0!,0,,,0,,0
Year 1 Feb 01 2:00 AM,0,,0,#DIV/0!,0,,,0,,0
Year 1 Feb 01 3:00 AM,0,,0,#DIV/0!,0,,,0,,0
Year 1 Feb 01 4:00 AM,0,,0,#DIV/0!,0,,,0,,0
Year 1 Feb 01 5:00 AM,0,,0,#DIV/0!,0,,,0,,0
Year 1 Feb 01 6:00 AM,0,,0,#DIV/0!,0,,,0,,0
Year 1 Feb 01 7:00 AM,0,,0,#DIV/0!,0,,,0,,0
Year 1 Feb 01 8:00 AM,22.75308647,,22.75298192,0.999995405,0.000104548,,,22.75308647,,0
Year 1 Feb 01 9:00 AM,89.65635931,,89.65588836,0.999994747,0.000470953,,,89.65635931,,0
Year 1 Feb 01 10:00 AM,261.6286423,,261.6232338,0.999979327,0.005408547,,,261.6286423,,0
Year 1 Feb 01 11:00 AM,417.3171713,,417.3046629,0.999970027,0.012508423,,,417.3171713,,0
Year 1 Feb 01 12:00 PM,479.4033069,,479.3993416,0.999991729,0.003965307,,,479.4033069,,0
Year 1 Feb 01 1:00 PM,480.1840248,,313.7455135,0.653385988,166.4385113,,,480.1840248,,0
Year 1 Feb 01 2:00 PM,419.4823282,,28.13999181,0.067082663,391.3423364,,,419.4823282,,0
Year 1 Feb 01 3:00 PM,306.4438557,,25.75772277,0.084053644,280.6861329,,,306.4438557,,0
Year 1 Feb 01 4:00 PM,159.331424,,20.94399049,0.131449214,138.3874335,,,159.331424,,0
Year 1 Feb 01 5:00 PM,35.09442289,,11.70103802,0.333415884,23.39338487,,,35.09442289,,0
Year 1 Feb 01 6:00 PM,0,,0,#DIV/0!,0,,,0,,0
Year 1 Feb 01 7:00 PM,0,,0,#DIV/0!,0,,,0,,0
Year 1 Feb 01 8:00 PM,0,,0,#DIV/0!,0,,,0,,0
Year 1 Feb 01 9:00 PM,0,,0,#DIV/0!,0,,,0,,0
Year 1 Feb 01 10:00 PM,0,,0,#DIV/0!,0,,,0,,0
Year 1 Feb 01 11:00 PM,0,,0,#DIV/0!,0,,,0,,0
Year 1 Feb 02 12:00 AM,0,,0,#DIV/0!,0,,,0,,0
Year 1 Feb 02 1:00 AM,0,,0,#DIV/0!,0,,,0,,0
Year 1 Feb 02 2:00 AM,0,,0,#DIV/0!,0,,,0,,0
Year 1 Feb 02 3:00 AM,0,,0,#DIV/0!,0,,,0,,0
Year 1 Feb 02 4:00 AM,0,,0,#DIV/0!,0,,,0,,0
Year 1 Feb 02 5:00 AM,0,,0,#DIV/0!,0,,,0,,0
Year 1 Feb 02 6:00 AM,0,,0,#DIV/0!,0,,,0,,0
Year 1 Feb 02 7:00 AM,0,,0,#DIV/0!,0,,,0,,0
Year 1 Feb 02 8:00 AM,35.60591391,,35.60568041,0.999993442,0.000233509,,,35.60591391,,0
Year 1 Feb 02 9:00 AM,95.80373385,,95.80340911,0.99999661,0.000324733,,,95.80373385,,0
Year 1 Feb 02 10:00 AM,178.8195902,,178.8174851,0.999988228,0.00210515,,,178.8195902,,0
Year 1 Feb 02 11:00 AM,261.3014899,,261.2970624,0.999983056,0.004427458,,,261.3014899,,0
Year 1 Feb 02 12:00 PM,358.4693395,,358.4668311,0.999993003,0.002508359,,,358.4693395,,0
Year 1 Feb 02 1:00 PM,296.2567973,,231.3888417,0.78104146,64.86795566,,,296.2567973,,0
Year 1 Feb 02 2:00 PM,144.1638478,,96.46385839,0.669126552,47.69998942,,,144.1638478,,0
Year 1 Feb 02 3:00 PM,84.15796977,,72.14105974,0.857210077,12.01691003,,,84.15796977,,0
Year 1 Feb 02 4:00 PM,56.1792621,,48.23445981,0.858581228,7.944802285,,,56.1792621,,0
Year 1 Feb 02 5:00 PM,21.37407339,,18.76714921,0.878033347,2.606924183,,,21.37407339,,0
Year 1 Feb 02 6:00 PM,0,,0,#DIV/0!,0,,,0,,0
Year 1 Feb 02 7:00 PM,0,,0,#DIV/0!,0,,,0,,0
Year 1 Feb 02 8:00 PM,0,,0,#DIV/0!,0,,,0,,0
Year 1 Feb 02 9:00 PM,0,,0,#DIV/0!,0,,,0,,0
Year 1 Feb 02 10:00 PM,0,,0,#DIV/0!,0,,,0,,0
Year 1 Feb 02 11:00 PM,0,,0,#DIV/0!,0,,,0,,0
Year 1 Feb 03 12:00 AM,0,,0,#DIV/0!,0,,,0,,0
Year 1 Feb 03 1:00 AM,0,,0,#DIV/0!,0,,,0,,0
Year 1 Feb 03 2:00 AM,0,,0,#DIV/0!,0,,,0,,0
Year 1 Feb 03 3:00 AM,0,,0,#DIV/0!,0,,,0,,0
Year 1 Feb 03 4:00 AM,0,,0,#DIV/0!,0,,,0,,0
Year 1 Feb 03 5:00 AM,0,,0,#DIV/0!,0,,,0,,0
Year 1 Feb 03 6:00 AM,0,,0,#DIV/0!,0,,,0,,0
Year 1 Feb 03 7:00 AM,0,,0,#DIV/0!,0,,,0,,0
Year 1 Feb 03 8:00 AM,21.35879636,,21.35874636,0.999997659,4.99987E-05,,,21.35879636,,0
Year 1 Feb 03 9:00 AM,70.8603855,,70.86025773,0.999998197,0.000127768,,,70.8603855,,0
Year 1 Feb 03 10:00 AM,119.3988894,,119.3982437,0.999994592,0.000645753,,,119.3988894,,0
Year 1 Feb 03 11:00 AM,143.3616174,,143.3608527,0.999994666,0.000764709,,,143.3616174,,0
Year 1 Feb 03 12:00 PM,328.5179884,,328.5157859,0.999993296,0.002202511,,,328.5179884,,0
Year 1 Feb 03 1:00 PM,328.6674315,,251.7747616,0.766047188,76.89266998,,,328.6674315,,0
Year 1 Feb 03 2:00 PM,226.9030638,,98.07046538,0.432213051,128.8325984,,,226.9030638,,0
Year 1 Feb 03 3:00 PM,107.0113017,,75.75743121,0.707938601,31.25387046,,,107.0113017,,0
Year 1 Feb 03 4:00 PM,76.00348277,,49.26647121,0.648213337,26.73701155,,,76.00348277,,0
Year 1 Feb 03 5:00 PM,35.09642675,,21.60059348,0.615464179,13.49583327,,,35.09642675,,0
Year 1 Feb 03 6:00 PM,0,,0,#DIV/0!,0,,,0,,0
Year 1 Feb 03 7:00 PM,0,,0,#DIV/0!,0,,,0,,0
Year 1 Feb 03 8:00 PM,0,,0,#DIV/0!,0,,,0,,0
Year 1 Feb 03 9:00 PM,0,,0,#DIV/0!,0,,,0,,0
Year 1 Feb 03 10:00 PM,0,,0,#DIV/0!,0,,,0,,0
Year 1 Feb 03 11:00 PM,0,,0,#DIV/0!,0,,,0,,0
Year 1 Feb 04 12:00 AM,0,,0,#DIV/0!,0,,,0,,0
Year 1 Feb 04 1:00 AM,0,,0,#DIV/0!,0,,,0,,0
Year 1 Feb 04 2:00 AM,0,,0,#DIV/0!,0,,,0,,0
Year 1 Feb 04 3:00 AM,0,,0,#DIV/0!,0,,,0,,0
Year 1 Feb 04 4:00 AM,0,,0,#DIV/0!,0,,,0,,0
Year 1 Feb 04 5:00 AM,0,,0,#DIV/0!,0,,,0,,0
Year 1 Feb 04 6:00 AM,0,,0,#DIV/0!,0,,,0,,0
Year 1 Feb 04 7:00 AM,0,,0,#DIV/0!,0,,,0,,0
Year 1 Feb 04 8:00 AM,20.58713235,,20.58709565,0.999998218,3.66954E-05,,,20.58713235,,0
Year 1 Feb 04 9:00 AM,58.9666548,,58.96656042,0.9999984,9.43708E-05,,,58.9666548,,0
Year 1 Feb 04 10:00 AM,115.912961,,115.9123554,0.999994776,0.000605541,,,115.912961,,0
Year 1 Feb 04 11:00 AM,122.4367488,,122.4359048,0.999993107,0.000844002,,,122.4367488,,0
Year 1 Feb 04 12:00 PM,170.9906545,,170.9902058,0.999997376,0.000448702,,,170.9906545,,0
Year 1 Feb 04 1:00 PM,146.248621,,135.5517663,0.926858424,10.69685469,,,146.248621,,0
Year 1 Feb 04 2:00 PM,129.6192717,,104.5344361,0.806472947,25.08483561,,,129.6192717,,0
Year 1 Feb 04 3:00 PM,103.5225733,,84.52250634,0.816464503,19.00006693,,,103.5225733,,0
Year 1 Feb 04 4:00 PM,65.80490324,,54.45427827,0.827510954,11.35062498,,,65.80490324,,0
Year 1 Feb 04 5:00 PM,23.87432013,,18.86962548,0.790373313,5.004694643,,,23.87432013,,0
Year 1 Feb 04 6:00 PM,0,,0,#DIV/0!,0,,,0,,0
Year 1 Feb 04 7:00 PM,0,,0,#DIV/0!,0,,,0,,0
Year 1 Feb 04 8:00 PM,0,,0,#DIV/0!,0,,,0,,0
Year 1 Feb 04 9:00 PM,0,,0,#DIV/0!,0,,,0,,0
Year 1 Feb 04 10:00 PM,0,,0,#DIV/0!,0,,,0,,0
Year 1 Feb 04 11:00 PM,0,,0,#DIV/0!,0,,,0,,0
Year 1 Feb 05 12:00 AM,0,,0,#DIV/0!,0,,,0,,0
Year 1 Feb 05 1:00 AM,0,,0,#DIV/0!,0,,,0,,0
Year 1 Feb 05 2:00 AM,0,,0,#DIV/0!,0,,,0,,0
Year 1 Feb 05 3:00 AM,0,,0,#DIV/0!,0,,,0,,0
Year 1 Feb 05 4:00 AM,0,,0,#DIV/0!,0,,,0,,0
Year 1 Feb 05 5:00 AM,0,,0,#DIV/0!,0,,,0,,0
Year 1 Feb 05 6:00 AM,0,,0,#DIV/0!,0,,,0,,0
Year 1 Feb 05 7:00 AM,0,,0,#DIV/0!,0,,,0,,0
Year 1 Feb 05 8:00 AM,38.70317353,,38.70271289,0.999988098,0.000460638,,,38.70317353,,0
Year 1 Feb 05 9:00 AM,171.6204974,,171.6193756,0.999993463,0.001121801,,,171.6204974,,0
Year 1 Feb 05 10:00 AM,322.3545701,,322.3474096,0.999977787,0.007160435,,,322.3545701,,0
Year 1 Feb 05 11:00 AM,437.9476273,,437.9336183,0.999968012,0.014008969,,,437.9476273,,0
Year 1 Feb 05 12:00 PM,497.4019808,,497.3978923,0.99999178,0.004088529,,,497.4019808,,0
Year 1 Feb 05 1:00 PM,499.5735651,,327.3657023,0.655290282,172.2078628,,,499.5735651,,0
Year 1 Feb 05 2:00 PM,436.7894974,,31.7050988,0.072586678,405.0843986,,,436.7894974,,0
Year 1 Feb 05 3:00 PM,321.2412259,,29.47452838,0.091752011,291.7666975,,,321.2412259,,0
Year 1 Feb 05 4:00 PM,170.901146,,24.03810404,0.14065502,146.8630419,,,170.901146,,0
Year 1 Feb 05 5:00 PM,40.85405979,,13.9102797,0.340487084,26.94378009,,,40.85405979,,0
Year 1 Feb 05 6:00 PM,0,,0,#DIV/0!,0,,,0,,0
Year 1 Feb 05 7:00 PM,0,,0,#DIV/0!,0,,,0,,0
Year 1 Feb 05 8:00 PM,0,,0,#DIV/0!,0,,,0,,0
Year 1 Feb 05 9:00 PM,0,,0,#DIV/0!,0,,,0,,0
Year 1 Feb 05 10:00 PM,0,,0,#DIV/0!,0,,,0,,0
Year 1 Feb 05 11:00 PM,0,,0,#DIV/0!,0,,,0,,0
Year 1 Feb 06 12:00 AM,0,,0,#DIV/0!,0,,,0,,0
Year 1 Feb 06 1:00 AM,0,,0,#DIV/0!,0,,,0,,0
Year 1 Feb 06 2:00 AM,0,,0,#DIV/0!,0,,,0,,0
Year 1 Feb 06 3:00 AM,0,,0,#DIV/0!,0,,,0,,0
Year 1 Feb 06 4:00 AM,0,,0,#DIV/0!,0,,,0,,0
Year 1 Feb 06 5:00 AM,0,,0,#DIV/0!,0,,,0,,0
Year 1 Feb 06 6:00 AM,0,,0,#DIV/0!,0,,,0,,0
Year 1 Feb 06 7:00 AM,0,,0,#DIV/0!,0,,,0,,0
Year 1 Feb 06 8:00 AM,40.35925818,,40.35880263,0.999988712,0.000455556,,,40.35925818,,0
Year 1 Feb 06 9:00 AM,170.3362323,,170.335137,0.999993569,0.001095348,,,170.3362323,,0
Year 1 Feb 06 10:00 AM,319.2743505,,319.2673334,0.999978022,0.007017031,,,319.2743505,,0
Year 1 Feb 06 11:00 AM,434.8643066,,434.8505516,0.999968369,0.01375504,,,434.8643066,,0
Year 1 Feb 06 12:00 PM,496.7343777,,496.7303388,0.999991869,0.004038857,,,496.7343777,,0
Year 1 Feb 06 1:00 PM,496.1158357,,327.0094589,0.659139329,169.1063768,,,496.1158357,,0
Year 1 Feb 06 2:00 PM,433.9059425,,34.85042461,0.080317924,399.0555179,,,433.9059425,,0
Year 1 Feb 06 3:00 PM,317.9260917,,31.91668003,0.100390251,286.0094116,,,317.9260917,,0
Year 1 Feb 06 4:00 PM,168.1971754,,26.10676713,0.155215253,142.0904083,,,168.1971754,,0
Year 1 Feb 06 5:00 PM,40.51817077,,14.78108413,0.364801368,25.73708664,,,40.51817077,,0
Year 1 Feb 06 6:00 PM,0,,0,#DIV/0!,0,,,0,,0
Year 1 Feb 06 7:00 PM,0,,0,#DIV/0!,0,,,0,,0
Year 1 Feb 06 8:00 PM,0,,0,#DIV/0!,0,,,0,,0
Year 1 Feb 06 9:00 PM,0,,0,#DIV/0!,0,,,0,,0
Year 1 Feb 06 10:00 PM,0,,0,#DIV/0!,0,,,0,,0
Year 1 Feb 06 11:00 PM,0,,0,#DIV/0!,0,,,0,,0
Year 1 Feb 07 12:00 AM,0,,0,#DIV/0!,0,,,0,,0
Year 1 Feb 07 1:00 AM,0,,0,#DIV/0!,0,,,0,,0
Year 1 Feb 07 2:00 AM,0,,0,#DIV/0!,0,,,0,,0
Year 1 Feb 07 3:00 AM,0,,0,#DIV/0!,0,,,0,,0
Year 1 Feb 07 4:00 AM,0,,0,#DIV/0!,0,,,0,,0
Year 1 Feb 07 5:00 AM,0,,0,#DIV/0!,0,,,0,,0
Year 1 Feb 07 6:00 AM,0,,0,#DIV/0!,0,,,0,,0
Year 1 Feb 07 7:00 AM,0,,0,#DIV/0!,0,,,0,,0
Year 1 Feb 07 8:00 AM,44.9178254,,44.91724878,0.999987163,0.000576612,,,44.9178254,,0
Year 1 Feb 07 9:00 AM,186.6527147,,186.651458,0.999993267,0.001256694,,,186.6527147,,0
Year 1 Feb 07 10:00 AM,337.6927651,,337.6851442,0.999977433,0.007620857,,,337.6927651,,0
Year 1 Feb 07 11:00 AM,453.2749438,,453.2602378,0.999967556,0.01470599,,,453.2749438,,0
Year 1 Feb 07 12:00 PM,514.3089387,,514.3046731,0.999991706,0.004265521,,,514.3089387,,0
Year 1 Feb 07 1:00 PM,514.7971396,,335.6576021,0.652019167,179.1395375,,,514.7971396,,0
Year 1 Feb 07 2:00 PM,452.7010007,,28.6380598,0.06326043,424.0629409,,,452.7010007,,0
Year 1 Feb 07 3:00 PM,337.222395,,26.28742725,0.077952792,310.9349677,,,337.222395,,0
Year 1 Feb 07 4:00 PM,185.8899569,,19.7625022,0.10631291,166.1274547,,,185.8899569,,0
Year 1 Feb 07 5:00 PM,46.45941638,,12.85410322,0.276673799,33.60531316,,,46.45941638,,0
Year 1 Feb 07 6:00 PM,0,,0,#DIV/0!,0,,,0,,0
Year 1 Feb 07 7:00 PM,0,,0,#DIV/0!,0,,,0,,0
Year 1 Feb 07 8:00 PM,0,,0,#DIV/0!,0,,,0,,0
Year 1 Feb 07 9:00 PM,0,,0,#DIV/0!,0,,,0,,0
Year 1 Feb 07 10:00 PM,0,,0,#DIV/0!,0,,,0,,0
Year 1 Feb 07 11:00 PM,0,,0,#DIV/0!,0,,,0,,0
Year 1 Feb 08 12:00 AM,0,,0,#DIV/0!,0,,,0,,0
Year 1 Feb 08 1:00 AM,0,,0,#DIV/0!,0,,,0,,0
Year 1 Feb 08 2:00 AM,0,,0,#DIV/0!,0,,,0,,0
Year 1 Feb 08 3:00 AM,0,,0,#DIV/0!,0,,,0,,0
Year 1 Feb 08 4:00 AM,0,,0,#DIV/0!,0,,,0,,0
Year 1 Feb 08 5:00 AM,0,,0,#DIV/0!,0,,,0,,0
Year 1 Feb 08 6:00 AM,0,,0,#DIV/0!,0,,,0,,0
Year 1 Feb 08 7:00 AM,0,,0,#DIV/0!,0,,,0,,0
Year 1 Feb 08 8:00 AM,32.60360755,,32.60336199,0.999992468,0.000245558,,,32.60360755,,0
Year 1 Feb 08 9:00 AM,129.2571829,,129.2565337,0.999994977,0.000649268,,,129.2571829,,0
Year 1 Feb 08 10:00 AM,254.0967798,,254.0915357,0.999979362,0.005244069,,,254.0967798,,0
Year 1 Feb 08 11:00 AM,434.1175248,,434.1048345,0.999970768,0.012690211,,,434.1175248,,0
Year 1 Feb 08 12:00 PM,492.3601824,,492.3561357,0.999991781,0.004046624,,,492.3601824,,0
Year 1 Feb 08 1:00 PM,497.9909635,,326.4425377,0.655518999,171.5484258,,,497.9909635,,0
Year 1 Feb 08 2:00 PM,443.0709554,,29.32512014,0.066186058,413.7458353,,,443.0709554,,0
Year 1 Feb 08 3:00 PM,328.4458099,,27.22542758,0.082891688,301.2203823,,,328.4458099,,0
Year 1 Feb 08 4:00 PM,179.0239687,,22.70306971,0.126815811,156.320899,,,179.0239687,,0
Year 1 Feb 08 5:00 PM,45.36125079,,14.33271114,0.315968164,31.02853964,,,45.36125079,,0
Year 1 Feb 08 6:00 PM,0,,0,#DIV/0!,0,,,0,,0
Year 1 Feb 08 7:00 PM,0,,0,#DIV/0!,0,,,0,,0
Year 1 Feb 08 8:00 PM,0,,0,#DIV/0!,0,,,0,,0
Year 1 Feb 08 9:00 PM,0,,0,#DIV/0!,0,,,0,,0
Year 1 Feb 08 10:00 PM,0,,0,#DIV/0!,0,,,0,,0
Year 1 Feb 08 11:00 PM,0,,0,#DIV/0!,0,,,0,,0
Year 1 Feb 09 12:00 AM,0,,0,#DIV/0!,0,,,0,,0
Year 1 Feb 09 1:00 AM,0,,0,#DIV/0!,0,,,0,,0
Year 1 Feb 09 2:00 AM,0,,0,#DIV/0!,0,,,0,,0
Year 1 Feb 09 3:00 AM,0,,0,#DIV/0!,0,,,0,,0
Year 1 Feb 09 4:00 AM,0,,0,#DIV/0!,0,,,0,,0
Year 1 Feb 09 5:00 AM,0,,0,#DIV/0!,0,,,0,,0
Year 1 Feb 09 6:00 AM,0,,0,#DIV/0!,0,,,0,,0
Year 1 Feb 09 7:00 AM,0,,0,#DIV/0!,0,,,0,,0
Year 1 Feb 09 8:00 AM,38.66882735,,38.66867954,0.999996178,0.000147807,,,38.66882735,,0
Year 1 Feb 09 9:00 AM,108.2081568,,108.2078138,0.99999683,0.000342999,,,108.2081568,,0
Year 1 Feb 09 10:00 AM,213.1794338,,213.1759856,0.999983825,0.00344816,,,213.1794338,,0
Year 1 Feb 09 11:00 AM,330.5536269,,330.5455103,0.999975445,0.00811662,,,330.5536269,,0
Year 1 Feb 09 12:00 PM,341.1800869,,341.1781201,0.999994235,0.001966801,,,341.1800869,,0
Year 1 Feb 09 1:00 PM,477.6787664,,316.5704321,0.662726615,161.1083344,,,477.6787664,,0
Year 1 Feb 09 2:00 PM,423.8874435,,51.21228072,0.120815753,372.6751627,,,423.8874435,,0
Year 1 Feb 09 3:00 PM,337.7938539,,22.71412798,0.067242573,315.0797259,,,337.7938539,,0
Year 1 Feb 09 4:00 PM,195.7279167,,14.57394692,0.074460236,181.1539698,,,195.7279167,,0
Year 1 Feb 09 5:00 PM,50.76328223,,9.434699838,0.185856773,41.3285824,,,50.76328223,,0
Year 1 Feb 09 6:00 PM,0.941121202,,0.941120964,0.999999748,2.37405E-07,,,0.941121202,,0
Year 1 Feb 09 7:00 PM,0,,0,#DIV/0!,0,,,0,,0
Year 1 Feb 09 8:00 PM,0,,0,#DIV/0!,0,,,0,,0
Year 1 Feb 09 9:00 PM,0,,0,#DIV/0!,0,,,0,,0
Year 1 Feb 09 10:00 PM,0,,0,#DIV/0!,0,,,0,,0
Year 1 Feb 09 11:00 PM,0,,0,#DIV/0!,0,,,0,,0
Year 1 Feb 10 12:00 AM,0,,0,#DIV/0!,0,,,0,,0
Year 1 Feb 10 1:00 AM,0,,0,#DIV/0!,0,,,0,,0
Year 1 Feb 10 2:00 AM,0,,0,#DIV/0!,0,,,0,,0
Year 1 Feb 10 3:00 AM,0,,0,#DIV/0!,0,,,0,,0
Year 1 Feb 10 4:00 AM,0,,0,#DIV/0!,0,,,0,,0
Year 1 Feb 10 5:00 AM,0,,0,#DIV/0!,0,,,0,,0
Year 1 Feb 10 6:00 AM,0,,0,#DIV/0!,0,,,0,,0
Year 1 Feb 10 7:00 AM,0,,0,#DIV/0!,0,,,0,,0
Year 1 Feb 10 8:00 AM,44.19513239,,44.19511353,0.999999573,1.88613E-05,,,44.19513239,,0
Year 1 Feb 10 9:00 AM,174.1374768,,174.1374682,0.99999995,8.65061E-06,,,174.1374768,,0
Year 1 Feb 10 10:00 AM,323.672682,,323.6726704,0.999999964,1.15854E-05,,,323.672682,,0
Year 1 Feb 10 11:00 AM,451.4425071,,451.4395472,0.999993443,0.002959912,,,451.4425071,,0
Year 1 Feb 10 12:00 PM,517.5666243,,517.5644114,0.999995724,0.002212861,,,517.5666243,,0
Year 1 Feb 10 1:00 PM,519.8846945,,318.7444843,0.613106113,201.1402102,,,519.8846945,,0
Year 1 Feb 10 2:00 PM,456.4951474,,44.50928186,0.097502202,411.9858655,,,456.4951474,,0
Year 1 Feb 10 3:00 PM,338.4036287,,41.25685733,0.12191612,297.1467714,,,338.4036287,,0
Year 1 Feb 10 4:00 PM,185.79274,,32.80815743,0.176584712,152.9845825,,,185.79274,,0
Year 1 Feb 10 5:00 PM,52.49303115,,19.27778087,0.367244574,33.21525028,,,52.49303115,,0
Year 1 Feb 10 6:00 PM,2.322030554,,1.391907733,0.59943558,0.930122821,,,2.322030554,,0
Year 1 Feb 10 7:00 PM,0,,0,#DIV/0!,0,,,0,,0
Year 1 Feb 10 8:00 PM,0,,0,#DIV/0!,0,,,0,,0
Year 1 Feb 10 9:00 PM,0,,0,#DIV/0!,0,,,0,,0
Year 1 Feb 10 10:00 PM,0,,0,#DIV/0!,0,,,0,,0
Year 1 Feb 10 11:00 PM,0,,0,#DIV/0!,0,,,0,,0
Year 1 Feb 11 12:00 AM,0,,0,#DIV/0!,0,,,0,,0
Year 1 Feb 11 1:00 AM,0,,0,#DIV/0!,0,,,0,,0
Year 1 Feb 11 2:00 AM,0,,0,#DIV/0!,0,,,0,,0
Year 1 Feb 11 3:00 AM,0,,0,#DIV/0!,0,,,0,,0
Year 1 Feb 11 4:00 AM,0,,0,#DIV/0!,0,,,0,,0
Year 1 Feb 11 5:00 AM,0,,0,#DIV/0!,0,,,0,,0
Year 1 Feb 11 6:00 AM,0,,0,#DIV/0!,0,,,0,,0
Year 1 Feb 11 7:00 AM,2.382676741,,2.382676382,0.999999849,3.5928E-07,,,2.382676741,,0
Year 1 Feb 11 8:00 AM,46.95192954,,46.95191009,0.999999586,1.94522E-05,,,46.95192954,,0
Year 1 Feb 11 9:00 AM,164.7455044,,164.7454921,0.999999925,1.22834E-05,,,164.7455044,,0
Year 1 Feb 11 10:00 AM,325.2033232,,325.2033092,0.999999957,1.39723E-05,,,325.2033232,,0
Year 1 Feb 11 11:00 AM,443.5570299,,443.5542501,0.999993733,0.002779798,,,443.5570299,,0
Year 1 Feb 11 12:00 PM,494.008682,,494.0066632,0.999995913,0.002018794,,,494.008682,,0
Year 1 Feb 11 1:00 PM,522.1724685,,326.7601467,0.625770538,195.4123218,,,522.1724685,,0
Year 1 Feb 11 2:00 PM,439.9577698,,57.59245664,0.130904511,382.3653131,,,439.9577698,,0
Year 1 Feb 11 3:00 PM,311.1984431,,39.95843882,0.128401795,271.2400043,,,311.1984431,,0
Year 1 Feb 11 4:00 PM,198.8313081,,27.95437451,0.140593425,170.8769336,,,198.8313081,,0
Year 1 Feb 11 5:00 PM,53.6983979,,18.02019193,0.335581556,35.67820596,,,53.6983979,,0
Year 1 Feb 11 6:00 PM,2.148186088,,1.283756631,0.597600291,0.864429457,,,2.148186088,,0
Year 1 Feb 11 7:00 PM,0,,0,#DIV/0!,0,,,0,,0
Year 1 Feb 11 8:00 PM,0,,0,#DIV/0!,0,,,0,,0
Year 1 Feb 11 9:00 PM,0,,0,#DIV/0!,0,,,0,,0
Year 1 Feb 11 10:00 PM,0,,0,#DIV/0!,0,,,0,,0
Year 1 Feb 11 11:00 PM,0,,0,#DIV/0!,0,,,0,,0
Year 1 Feb 12 12:00 AM,0,,0,#DIV/0!,0,,,0,,0
Year 1 Feb 12 1:00 AM,0,,0,#DIV/0!,0,,,0,,0
Year 1 Feb 12 2:00 AM,0,,0,#DIV/0!,0,,,0,,0
Year 1 Feb 12 3:00 AM,0,,0,#DIV/0!,0,,,0,,0
Year 1 Feb 12 4:00 AM,0,,0,#DIV/0!,0,,,0,,0
Year 1 Feb 12 5:00 AM,0,,0,#DIV/0!,0,,,0,,0
Year 1 Feb 12 6:00 AM,0,,0,#DIV/0!,0,,,0,,0
Year 1 Feb 12 7:00 AM,1.231377978,,1.231377702,0.999999776,2.76097E-07,,,1.231377978,,0
Year 1 Feb 12 8:00 AM,20.2264913,,20.22648635,0.999999755,4.95564E-06,,,20.2264913,,0
Year 1 Feb 12 9:00 AM,53.75406202,,53.75404981,0.999999773,1.22094E-05,,,53.75406202,,0
Year 1 Feb 12 10:00 AM,59.23284548,,59.23283194,0.999999771,1.35489E-05,,,59.23284548,,0
Year 1 Feb 12 11:00 AM,83.62900347,,83.62889801,0.999998739,0.000105468,,,83.62900347,,0
Year 1 Feb 12 12:00 PM,130.0101522,,130.0100286,0.999999049,0.000123597,,,130.0101522,,0
Year 1 Feb 12 1:00 PM,104.5438794,,97.21614054,0.929907529,7.327738889,,,104.5438794,,0
Year 1 Feb 12 2:00 PM,167.5880482,,113.7597378,0.678805792,53.82831042,,,167.5880482,,0
Year 1 Feb 12 3:00 PM,180.1244017,,76.7942631,0.426340143,103.3301386,,,180.1244017,,0
Year 1 Feb 12 4:00 PM,66.79325151,,50.68575995,0.758845524,16.10749156,,,66.79325151,,0
Year 1 Feb 12 5:00 PM,31.12533959,,26.54331347,0.852787916,4.582026119,,,31.12533959,,0
Year 1 Feb 12 6:00 PM,2.120790945,,1.635040623,0.770957942,0.485750322,,,2.120790945,,0
Year 1 Feb 12 7:00 PM,0,,0,#DIV/0!,0,,,0,,0
Year 1 Feb 12 8:00 PM,0,,0,#DIV/0!,0,,,0,,0
Year 1 Feb 12 9:00 PM,0,,0,#DIV/0!,0,,,0,,0
Year 1 Feb 12 10:00 PM,0,,0,#DIV/0!,0,,,0,,0
Year 1 Feb 12 11:00 PM,0,,0,#DIV/0!,0,,,0,,0
Year 1 Feb 13 12:00 AM,0,,0,#DIV/0!,0,,,0,,0
Year 1 Feb 13 1:00 AM,0,,0,#DIV/0!,0,,,0,,0
Year 1 Feb 13 2:00 AM,0,,0,#DIV/0!,0,,,0,,0
Year 1 Feb 13 3:00 AM,0,,0,#DIV/0!,0,,,0,,0
Year 1 Feb 13 4:00 AM,0,,0,#DIV/0!,0,,,0,,0
Year 1 Feb 13 5:00 AM,0,,0,#DIV/0!,0,,,0,,0
Year 1 Feb 13 6:00 AM,0,,0,#DIV/0!,0,,,0,,0
Year 1 Feb 13 7:00 AM,1.385339433,,1.385339126,0.999999778,3.07097E-07,,,1.385339433,,0
Year 1 Feb 13 8:00 AM,23.21056226,,23.21055666,0.999999758,5.60539E-06,,,23.21056226,,0
Year 1 Feb 13 9:00 AM,70.57130046,,70.57128561,0.99999979,1.48515E-05,,,70.57130046,,0
Year 1 Feb 13 10:00 AM,101.3629197,,101.3628984,0.999999789,2.13631E-05,,,101.3629197,,0
Year 1 Feb 13 11:00 AM,143.159914,,143.1596657,0.999998266,0.000248235,,,143.159914,,0
Year 1 Feb 13 12:00 PM,164.7341845,,164.7339846,0.999998786,0.000199933,,,164.7341845,,0
Year 1 Feb 13 1:00 PM,162.8167149,,148.2086479,0.91027907,14.60806702,,,162.8167149,,0
Year 1 Feb 13 2:00 PM,152.0729262,,108.7277606,0.714971187,43.3451656,,,152.0729262,,0
Year 1 Feb 13 3:00 PM,177.7094578,,56.95856182,0.320515084,120.750896,,,177.7094578,,0
Year 1 Feb 13 4:00 PM,200.6983559,,25.20870191,0.125604925,175.489654,,,200.6983559,,0
Year 1 Feb 13 5:00 PM,67.74609554,,17.49329152,0.258218446,50.25280402,,,67.74609554,,0
Year 1 Feb 13 6:00 PM,2.796923685,,1.537432266,0.549686884,1.259491419,,,2.796923685,,0
Year 1 Feb 13 7:00 PM,0,,0,#DIV/0!,0,,,0,,0
Year 1 Feb 13 8:00 PM,0,,0,#DIV/0!,0,,,0,,0
Year 1 Feb 13 9:00 PM,0,,0,#DIV/0!,0,,,0,,0
Year 1 Feb 13 10:00 PM,0,,0,#DIV/0!,0,,,0,,0
Year 1 Feb 13 11:00 PM,0,,0,#DIV/0!,0,,,0,,0
Year 1 Feb 14 12:00 AM,0,,0,#DIV/0!,0,,,0,,0
Year 1 Feb 14 1:00 AM,0,,0,#DIV/0!,0,,,0,,0
Year 1 Feb 14 2:00 AM,0,,0,#DIV/0!,0,,,0,,0
Year 1 Feb 14 3:00 AM,0,,0,#DIV/0!,0,,,0,,0
Year 1 Feb 14 4:00 AM,0,,0,#DIV/0!,0,,,0,,0
Year 1 Feb 14 5:00 AM,0,,0,#DIV/0!,0,,,0,,0
Year 1 Feb 14 6:00 AM,0,,0,#DIV/0!,0,,,0,,0
Year 1 Feb 14 7:00 AM,1.932678208,,1.932677842,0.99999981,3.66546E-07,,,1.932678208,,0
Year 1 Feb 14 8:00 AM,23.62724009,,23.62723083,0.999999608,9.25676E-06,,,23.62724009,,0
Year 1 Feb 14 9:00 AM,45.88109916,,45.88108876,0.999999773,1.03972E-05,,,45.88109916,,0
Year 1 Feb 14 10:00 AM,102.1660627,,102.1660415,0.999999793,2.11766E-05,,,102.1660627,,0
Year 1 Feb 14 11:00 AM,133.9021401,,133.9019103,0.999998284,0.000229793,,,133.9021401,,0
Year 1 Feb 14 12:00 PM,157.7319343,,157.731742,0.999998781,0.000192315,,,157.7319343,,0
Year 1 Feb 14 1:00 PM,142.2917582,,132.1075302,0.928427141,10.18422799,,,142.2917582,,0
Year 1 Feb 14 2:00 PM,115.8111962,,98.03273064,0.846487506,17.77846556,,,115.8111962,,0
Year 1 Feb 14 3:00 PM,97.18959268,,78.96687819,0.812503438,18.22271449,,,97.18959268,,0
Year 1 Feb 14 4:00 PM,86.1702319,,56.89953773,0.660315476,29.27069416,,,86.1702319,,0
Year 1 Feb 14 5:00 PM,33.34661722,,24.08907507,0.72238437,9.257542152,,,33.34661722,,0
Year 1 Feb 14 6:00 PM,1.844641555,,1.451068508,0.786639824,0.393573047,,,1.844641555,,0
Year 1 Feb 14 7:00 PM,0,,0,#DIV/0!,0,,,0,,0
Year 1 Feb 14 8:00 PM,0,,0,#DIV/0!,0,,,0,,0
Year 1 Feb 14 9:00 PM,0,,0,#DIV/0!,0,,,0,,0
Year 1 Feb 14 10:00 PM,0,,0,#DIV/0!,0,,,0,,0
Year 1 Feb 14 11:00 PM,0,,0,#DIV/0!,0,,,0,,0
Year 1 Feb 15 12:00 AM,0,,0,#DIV/0!,0,,,0,,0
Year 1 Feb 15 1:00 AM,0,,0,#DIV/0!,0,,,0,,0
Year 1 Feb 15 2:00 AM,0,,0,#DIV/0!,0,,,0,,0
Year 1 Feb 15 3:00 AM,0,,0,#DIV/0!,0,,,0,,0
Year 1 Feb 15 4:00 AM,0,,0,#DIV/0!,0,,,0,,0
Year 1 Feb 15 5:00 AM,0,,0,#DIV/0!,0,,,0,,0
Year 1 Feb 15 6:00 AM,0,,0,#DIV/0!,0,,,0,,0
Year 1 Feb 15 7:00 AM,2.935003199,,2.9350029,0.999999898,2.99179E-07,,,2.935003199,,0
Year 1 Feb 15 8:00 AM,84.56332294,,84.56326438,0.999999308,5.85556E-05,,,84.56332294,,0
Year 1 Feb 15 9:00 AM,249.1455125,,249.1455075,0.99999998,5.0059E-06,,,249.1455125,,0
Year 1 Feb 15 10:00 AM,407.2947937,,407.2947876,0.999999985,6.05611E-06,,,407.2947937,,0
Year 1 Feb 15 11:00 AM,524.5513189,,524.5477013,0.999993103,0.003617601,,,524.5513189,,0
Year 1 Feb 15 12:00 PM,589.1778159,,589.175151,0.999995477,0.002664962,,,589.1778159,,0
Year 1 Feb 15 1:00 PM,591.9693297,,351.4260808,0.593655893,240.5432489,,,591.9693297,,0
Year 1 Feb 15 2:00 PM,534.157898,,27.04395129,0.050629133,507.1139467,,,534.157898,,0
Year 1 Feb 15 3:00 PM,419.0055281,,22.3147579,0.053256476,396.6907702,,,419.0055281,,0
Year 1 Feb 15 4:00 PM,258.8557525,,15.47148422,0.059768748,243.3842683,,,258.8557525,,0
Year 1 Feb 15 5:00 PM,89.8137176,,11.16669922,0.124331778,78.64701839,,,89.8137176,,0
Year 1 Feb 15 6:00 PM,3.032283632,,1.172186098,0.386568752,1.860097534,,,3.032283632,,0
Year 1 Feb 15 7:00 PM,0,,0,#DIV/0!,0,,,0,,0
Year 1 Feb 15 8:00 PM,0,,0,#DIV/0!,0,,,0,,0
Year 1 Feb 15 9:00 PM,0,,0,#DIV/0!,0,,,0,,0
Year 1 Feb 15 10:00 PM,0,,0,#DIV/0!,0,,,0,,0
Year 1 Feb 15 11:00 PM,0,,0,#DIV/0!,0,,,0,,0
Year 1 Feb 16 12:00 AM,0,,0,#DIV/0!,0,,,0,,0
Year 1 Feb 16 1:00 AM,0,,0,#DIV/0!,0,,,0,,0
Year 1 Feb 16 2:00 AM,0,,0,#DIV/0!,0,,,0,,0
Year 1 Feb 16 3:00 AM,0,,0,#DIV/0!,0,,,0,,0
Year 1 Feb 16 4:00 AM,0,,0,#DIV/0!,0,,,0,,0
Year 1 Feb 16 5:00 AM,0,,0,#DIV/0!,0,,,0,,0
Year 1 Feb 16 6:00 AM,0,,0,#DIV/0!,0,,,0,,0
Year 1 Feb 16 7:00 AM,3.075985828,,3.075985338,0.999999841,4.8958E-07,,,3.075985828,,0
Year 1 Feb 16 8:00 AM,49.17585925,,49.17583642,0.999999536,2.28294E-05,,,49.17585925,,0
Year 1 Feb 16 9:00 AM,152.2628964,,152.2628884,0.999999947,8.02416E-06,,,152.2628964,,0
Year 1 Feb 16 10:00 AM,374.1626849,,374.1626795,0.999999986,5.40315E-06,,,374.1626849,,0
Year 1 Feb 16 11:00 AM,513.4157716,,513.4122142,0.999993071,0.00355741,,,513.4157716,,0
Year 1 Feb 16 12:00 PM,577.6509088,,577.6482941,0.999995474,0.002614712,,,577.6509088,,0
Year 1 Feb 16 1:00 PM,570.2433617,,337.062433,0.591085238,233.1809287,,,570.2433617,,0
Year 1 Feb 16 2:00 PM,509.9968106,,23.74853724,0.046566051,486.2482733,,,509.9968106,,0
Year 1 Feb 16 3:00 PM,409.008608,,18.26632392,0.044659999,390.7422841,,,409.008608,,0
Year 1 Feb 16 4:00 PM,259.8043233,,15.29764758,0.05888142,244.5066757,,,259.8043233,,0
Year 1 Feb 16 5:00 PM,94.79360734,,10.06723619,0.106201636,84.72637115,,,94.79360734,,0
Year 1 Feb 16 6:00 PM,3.275429933,,1.106672308,0.337870854,2.168757625,,,3.275429933,,0
Year 1 Feb 16 7:00 PM,0,,0,#DIV/0!,0,,,0,,0
Year 1 Feb 16 8:00 PM,0,,0,#DIV/0!,0,,,0,,0
Year 1 Feb 16 9:00 PM,0,,0,#DIV/0!,0,,,0,,0
Year 1 Feb 16 10:00 PM,0,,0,#DIV/0!,0,,,0,,0
Year 1 Feb 16 11:00 PM,0,,0,#DIV/0!,0,,,0,,0
Year 1 Feb 17 12:00 AM,0,,0,#DIV/0!,0,,,0,,0
Year 1 Feb 17 1:00 AM,0,,0,#DIV/0!,0,,,0,,0
Year 1 Feb 17 2:00 AM,0,,0,#DIV/0!,0,,,0,,0
Year 1 Feb 17 3:00 AM,0,,0,#DIV/0!,0,,,0,,0
Year 1 Feb 17 4:00 AM,0,,0,#DIV/0!,0,,,0,,0
Year 1 Feb 17 5:00 AM,0,,0,#DIV/0!,0,,,0,,0
Year 1 Feb 17 6:00 AM,0,,0,#DIV/0!,0,,,0,,0
Year 1 Feb 17 7:00 AM,1.463350321,,1.463350006,0.999999785,3.14968E-07,,,1.463350321,,0
Year 1 Feb 17 8:00 AM,25.9378975,,25.93788701,0.999999596,1.04862E-05,,,25.9378975,,0
Year 1 Feb 17 9:00 AM,67.70886016,,67.70884811,0.999999822,1.20557E-05,,,67.70886016,,0
Year 1 Feb 17 10:00 AM,95.71686924,,95.71685112,0.999999811,1.81266E-05,,,95.71686924,,0
Year 1 Feb 17 11:00 AM,204.5779225,,204.5772206,0.999996569,0.000701947,,,204.5779225,,0
Year 1 Feb 17 12:00 PM,235.4866906,,235.4860894,0.999997447,0.000601194,,,235.4866906,,0
Year 1 Feb 17 1:00 PM,255.6296502,,191.2021598,0.747965503,64.42749038,,,255.6296502,,0
Year 1 Feb 17 2:00 PM,129.0061955,,86.96983478,0.674152388,42.03636072,,,129.0061955,,0
Year 1 Feb 17 3:00 PM,115.5445821,,74.46798848,0.644495719,41.07659362,,,115.5445821,,0
Year 1 Feb 17 4:00 PM,35.54411928,,30.14150376,0.848002549,5.402615521,,,35.54411928,,0
Year 1 Feb 17 5:00 PM,17.14146022,,14.91251948,0.869967861,2.228940746,,,17.14146022,,0
Year 1 Feb 17 6:00 PM,2.307099292,,2.119974786,0.918891871,0.187124507,,,2.307099292,,0
Year 1 Feb 17 7:00 PM,0,,0,#DIV/0!,0,,,0,,0
Year 1 Feb 17 8:00 PM,0,,0,#DIV/0!,0,,,0,,0
Year 1 Feb 17 9:00 PM,0,,0,#DIV/0!,0,,,0,,0
Year 1 Feb 17 10:00 PM,0,,0,#DIV/0!,0,,,0,,0
Year 1 Feb 17 11:00 PM,0,,0,#DIV/0!,0,,,0,,0
Year 1 Feb 18 12:00 AM,0,,0,#DIV/0!,0,,,0,,0
Year 1 Feb 18 1:00 AM,0,,0,#DIV/0!,0,,,0,,0
Year 1 Feb 18 2:00 AM,0,,0,#DIV/0!,0,,,0,,0
Year 1 Feb 18 3:00 AM,0,,0,#DIV/0!,0,,,0,,0
Year 1 Feb 18 4:00 AM,0,,0,#DIV/0!,0,,,0,,0
Year 1 Feb 18 5:00 AM,0,,0,#DIV/0!,0,,,0,,0
Year 1 Feb 18 6:00 AM,0,,0,#DIV/0!,0,,,0,,0
Year 1 Feb 18 7:00 AM,3.014888983,,3.014887221,0.999999416,1.76145E-06,,,3.014888983,,0
Year 1 Feb 18 8:00 AM,25.55990491,,25.55989848,0.999999749,6.42496E-06,,,25.55990491,,0
Year 1 Feb 18 9:00 AM,103.1413249,,103.1413126,0.999999881,1.22856E-05,,,103.1413249,,0
Year 1 Feb 18 10:00 AM,324.2055977,,324.2055874,0.999999968,1.03116E-05,,,324.2055977,,0
Year 1 Feb 18 11:00 AM,351.1487569,,351.1467864,0.999994388,0.001970598,,,351.1487569,,0
Year 1 Feb 18 12:00 PM,340.8399107,,340.8386623,0.999996337,0.00124844,,,340.8399107,,0
Year 1 Feb 18 1:00 PM,376.9792425,,263.5168928,0.699022288,113.4623497,,,376.9792425,,0
Year 1 Feb 18 2:00 PM,194.5756653,,84.09871564,0.432215999,110.4769496,,,194.5756653,,0
Year 1 Feb 18 3:00 PM,214.2745422,,63.51733626,0.296429691,150.7572059,,,214.2745422,,0
Year 1 Feb 18 4:00 PM,200.6898163,,31.03649234,0.154649065,169.6533239,,,200.6898163,,0
Year 1 Feb 18 5:00 PM,73.26505421,,18.38662246,0.250960334,54.87843175,,,73.26505421,,0
Year 1 Feb 18 6:00 PM,4.807586743,,2.764559745,0.575041053,2.043026998,,,4.807586743,,0
Year 1 Feb 18 7:00 PM,0,,0,#DIV/0!,0,,,0,,0
Year 1 Feb 18 8:00 PM,0,,0,#DIV/0!,0,,,0,,0
Year 1 Feb 18 9:00 PM,0,,0,#DIV/0!,0,,,0,,0
Year 1 Feb 18 10:00 PM,0,,0,#DIV/0!,0,,,0,,0
Year 1 Feb 18 11:00 PM,0,,0,#DIV/0!,0,,,0,,0
Year 1 Feb 19 12:00 AM,0,,0,#DIV/0!,0,,,0,,0
Year 1 Feb 19 1:00 AM,0,,0,#DIV/0!,0,,,0,,0
Year 1 Feb 19 2:00 AM,0,,0,#DIV/0!,0,,,0,,0
Year 1 Feb 19 3:00 AM,0,,0,#DIV/0!,0,,,0,,0
Year 1 Feb 19 4:00 AM,0,,0,#DIV/0!,0,,,0,,0
Year 1 Feb 19 5:00 AM,0,,0,#DIV/0!,0,,,0,,0
Year 1 Feb 19 6:00 AM,0,,0,#DIV/0!,0,,,0,,0
Year 1 Feb 19 7:00 AM,3.014381387,,3.014379549,0.99999939,1.83875E-06,,,3.014381387,,0
Year 1 Feb 19 8:00 AM,26.43891524,,26.43890652,0.99999967,8.71818E-06,,,26.43891524,,0
Year 1 Feb 19 9:00 AM,65.10536429,,65.10535007,0.999999781,1.42274E-05,,,65.10536429,,0
Year 1 Feb 19 10:00 AM,95.64269136,,95.64267071,0.999999784,2.06447E-05,,,95.64269136,,0
Year 1 Feb 19 11:00 AM,120.682605,,120.682442,0.99999865,0.00016295,,,120.682605,,0
Year 1 Feb 19 12:00 PM,140.5217113,,140.521566,0.999998966,0.00014528,,,140.5217113,,0
Year 1 Feb 19 1:00 PM,172.9236794,,157.0809196,0.908382936,15.84275985,,,172.9236794,,0
Year 1 Feb 19 2:00 PM,132.6522162,,109.7724476,0.827520646,22.87976853,,,132.6522162,,0
Year 1 Feb 19 3:00 PM,110.8351222,,92.71192936,0.83648511,18.12319281,,,110.8351222,,0
Year 1 Feb 19 4:00 PM,72.17099845,,62.48016674,0.865724018,9.690831713,,,72.17099845,,0
Year 1 Feb 19 5:00 PM,30.95401853,,28.20939513,0.911332243,2.744623398,,,30.95401853,,0
Year 1 Feb 19 6:00 PM,4.40006923,,3.646688322,0.82877976,0.753380907,,,4.40006923,,0
Year 1 Feb 19 7:00 PM,0,,0,#DIV/0!,0,,,0,,0
Year 1 Feb 19 8:00 PM,0,,0,#DIV/0!,0,,,0,,0
Year 1 Feb 19 9:00 PM,0,,0,#DIV/0!,0,,,0,,0
Year 1 Feb 19 10:00 PM,0,,0,#DIV/0!,0,,,0,,0
Year 1 Feb 19 11:00 PM,0,,0,#DIV/0!,0,,,0,,0
Year 1 Feb 20 12:00 AM,0,,0,#DIV/0!,0,,,0,,0
Year 1 Feb 20 1:00 AM,0,,0,#DIV/0!,0,,,0,,0
Year 1 Feb 20 2:00 AM,0,,0,#DIV/0!,0,,,0,,0
Year 1 Feb 20 3:00 AM,0,,0,#DIV/0!,0,,,0,,0
Year 1 Feb 20 4:00 AM,0,,0,#DIV/0!,0,,,0,,0
Year 1 Feb 20 5:00 AM,0,,0,#DIV/0!,0,,,0,,0
Year 1 Feb 20 6:00 AM,0,,0,#DIV/0!,0,,,0,,0
Year 1 Feb 20 7:00 AM,5.48827935,,5.488274479,0.999999112,4.87151E-06,,,5.48827935,,0
Year 1 Feb 20 8:00 AM,89.56181512,,89.56175412,0.999999319,6.09937E-05,,,89.56181512,,0
Year 1 Feb 20 9:00 AM,253.4279112,,253.4279059,0.999999979,5.31769E-06,,,253.4279112,,0
Year 1 Feb 20 10:00 AM,393.0501043,,393.0500954,0.999999977,8.88282E-06,,,393.0501043,,0
Year 1 Feb 20 11:00 AM,352.0342006,,352.0325058,0.999995186,0.001694835,,,352.0342006,,0
Year 1 Feb 20 12:00 PM,173.7257977,,173.7252393,0.999996785,0.000558451,,,173.7257977,,0
Year 1 Feb 20 1:00 PM,155.1077827,,140.1117559,0.90331867,14.99602678,,,155.1077827,,0
Year 1 Feb 20 2:00 PM,156.8188812,,120.9691648,0.771394133,35.84971637,,,156.8188812,,0
Year 1 Feb 20 3:00 PM,99.37220716,,82.26210105,0.827817993,17.11010611,,,99.37220716,,0
Year 1 Feb 20 4:00 PM,79.79953593,,56.51550173,0.708218426,23.28403419,,,79.79953593,,0
Year 1 Feb 20 5:00 PM,32.52862914,,28.77324362,0.884551374,3.755385525,,,32.52862914,,0
Year 1 Feb 20 6:00 PM,3.689136188,,3.2874689,0.891121589,0.401667287,,,3.689136188,,0
Year 1 Feb 20 7:00 PM,0,,0,#DIV/0!,0,,,0,,0
Year 1 Feb 20 8:00 PM,0,,0,#DIV/0!,0,,,0,,0
Year 1 Feb 20 9:00 PM,0,,0,#DIV/0!,0,,,0,,0
Year 1 Feb 20 10:00 PM,0,,0,#DIV/0!,0,,,0,,0
Year 1 Feb 20 11:00 PM,0,,0,#DIV/0!,0,,,0,,0
Year 1 Feb 21 12:00 AM,0,,0,#DIV/0!,0,,,0,,0
Year 1 Feb 21 1:00 AM,0,,0,#DIV/0!,0,,,0,,0
Year 1 Feb 21 2:00 AM,0,,0,#DIV/0!,0,,,0,,0
Year 1 Feb 21 3:00 AM,0,,0,#DIV/0!,0,,,0,,0
Year 1 Feb 21 4:00 AM,0,,0,#DIV/0!,0,,,0,,0
Year 1 Feb 21 5:00 AM,0,,0,#DIV/0!,0,,,0,,0
Year 1 Feb 21 6:00 AM,0,,0,#DIV/0!,0,,,0,,0
Year 1 Feb 21 7:00 AM,1.64607132,,1.646070819,0.999999696,5.00989E-07,,,1.64607132,,0
Year 1 Feb 21 8:00 AM,22.42961269,,22.42960879,0.999999826,3.89761E-06,,,22.42961269,,0
Year 1 Feb 21 9:00 AM,140.0252404,,140.025228,0.999999911,1.24794E-05,,,140.0252404,,0
Year 1 Feb 21 10:00 AM,332.2965321,,332.2965202,0.999999964,1.19252E-05,,,332.2965321,,0
Year 1 Feb 21 11:00 AM,408.604199,,408.601775,0.999994068,0.002423991,,,408.604199,,0
Year 1 Feb 21 12:00 PM,302.3760357,,302.3748969,0.999996234,0.001138755,,,302.3760357,,0
Year 1 Feb 21 1:00 PM,156.4183683,,144.769546,0.925527786,11.64882225,,,156.4183683,,0
Year 1 Feb 21 2:00 PM,128.1553926,,100.1007611,0.78108895,28.05463151,,,128.1553926,,0
Year 1 Feb 21 3:00 PM,180.1272105,,95.47970554,0.530068196,84.64750492,,,180.1272105,,0
Year 1 Feb 21 4:00 PM,156.5232978,,52.25594982,0.333854133,104.267348,,,156.5232978,,0
Year 1 Feb 21 5:00 PM,68.26229695,,26.20997123,0.383959703,42.05232571,,,68.26229695,,0
Year 1 Feb 21 6:00 PM,5.143844437,,3.254894707,0.632774717,1.88894973,,,5.143844437,,0
Year 1 Feb 21 7:00 PM,0,,0,#DIV/0!,0,,,0,,0
Year 1 Feb 21 8:00 PM,0,,0,#DIV/0!,0,,,0,,0
Year 1 Feb 21 9:00 PM,0,,0,#DIV/0!,0,,,0,,0
Year 1 Feb 21 10:00 PM,0,,0,#DIV/0!,0,,,0,,0
Year 1 Feb 21 11:00 PM,0,,0,#DIV/0!,0,,,0,,0
Year 1 Feb 22 12:00 AM,0,,0,#DIV/0!,0,,,0,,0
Year 1 Feb 22 1:00 AM,0,,0,#DIV/0!,0,,,0,,0
Year 1 Feb 22 2:00 AM,0,,0,#DIV/0!,0,,,0,,0
Year 1 Feb 22 3:00 AM,0,,0,#DIV/0!,0,,,0,,0
Year 1 Feb 22 4:00 AM,0,,0,#DIV/0!,0,,,0,,0
Year 1 Feb 22 5:00 AM,0,,0,#DIV/0!,0,,,0,,0
Year 1 Feb 22 6:00 AM,0,,0,#DIV/0!,0,,,0,,0
Year 1 Feb 22 7:00 AM,5.588709557,,5.588704648,0.999999122,4.90926E-06,,,5.588709557,,0
Year 1 Feb 22 8:00 AM,52.75813885,,52.75812216,0.999999684,1.66888E-05,,,52.75813885,,0
Year 1 Feb 22 9:00 AM,174.1452076,,174.1451957,0.999999932,1.18272E-05,,,174.1452076,,0
Year 1 Feb 22 10:00 AM,250.3705184,,250.3704998,0.999999926,1.85772E-05,,,250.3705184,,0
Year 1 Feb 22 11:00 AM,303.2569734,,303.2554911,0.999995112,0.001482317,,,303.2569734,,0
Year 1 Feb 22 12:00 PM,254.8977824,,254.8970282,0.999997041,0.000754258,,,254.8977824,,0
Year 1 Feb 22 1:00 PM,244.4265732,,186.6216427,0.763507995,57.80493044,,,244.4265732,,0
Year 1 Feb 22 2:00 PM,260.9071334,,102.9021544,0.39440146,158.004979,,,260.9071334,,0
Year 1 Feb 22 3:00 PM,182.6347613,,91.89647724,0.503170791,90.73828405,,,182.6347613,,0
Year 1 Feb 22 4:00 PM,77.07045654,,56.70430983,0.735746386,20.36614671,,,77.07045654,,0
Year 1 Feb 22 5:00 PM,27.11590585,,21.9593846,0.809834078,5.15652125,,,27.11590585,,0
Year 1 Feb 22 6:00 PM,3.013143362,,2.744914797,0.910980484,0.268228565,,,3.013143362,,0
Year 1 Feb 22 7:00 PM,0,,0,#DIV/0!,0,,,0,,0
Year 1 Feb 22 8:00 PM,0,,0,#DIV/0!,0,,,0,,0
Year 1 Feb 22 9:00 PM,0,,0,#DIV/0!,0,,,0,,0
Year 1 Feb 22 10:00 PM,0,,0,#DIV/0!,0,,,0,,0
Year 1 Feb 22 11:00 PM,0,,0,#DIV/0!,0,,,0,,0
Year 1 Feb 23 12:00 AM,0,,0,#DIV/0!,0,,,0,,0
Year 1 Feb 23 1:00 AM,0,,0,#DIV/0!,0,,,0,,0
Year 1 Feb 23 2:00 AM,0,,0,#DIV/0!,0,,,0,,0
Year 1 Feb 23 3:00 AM,0,,0,#DIV/0!,0,,,0,,0
Year 1 Feb 23 4:00 AM,0,,0,#DIV/0!,0,,,0,,0
Year 1 Feb 23 5:00 AM,0,,0,#DIV/0!,0,,,0,,0
Year 1 Feb 23 6:00 AM,0,,0,#DIV/0!,0,,,0,,0
Year 1 Feb 23 7:00 AM,5.270567788,,5.270563238,0.999999137,4.55012E-06,,,5.270567788,,0
Year 1 Feb 23 8:00 AM,51.68007395,,51.68004129,0.999999368,3.26557E-05,,,51.68007395,,0
Year 1 Feb 23 9:00 AM,88.57890164,,88.5788865,0.999999829,1.51415E-05,,,88.57890164,,0
Year 1 Feb 23 10:00 AM,109.412461,,109.4124379,0.999999789,2.3048E-05,,,109.412461,,0
Year 1 Feb 23 11:00 AM,108.8497841,,108.8496492,0.999998761,0.000134892,,,108.8497841,,0
Year 1 Feb 23 12:00 PM,114.9137043,,114.9136015,0.999999105,0.000102857,,,114.9137043,,0
Year 1 Feb 23 1:00 PM,98.41815449,,93.282145,0.94781441,5.136009488,,,98.41815449,,0
Year 1 Feb 23 2:00 PM,115.6836683,,99.8427747,0.863067157,15.84089356,,,115.6836683,,0
Year 1 Feb 23 3:00 PM,81.35191536,,72.85731669,0.895582069,8.494598665,,,81.35191536,,0
Year 1 Feb 23 4:00 PM,70.59449778,,61.4990087,0.871158669,9.095489084,,,70.59449778,,0
Year 1 Feb 23 5:00 PM,33.66214488,,30.69907161,0.9119761,2.963073275,,,33.66214488,,0
Year 1 Feb 23 6:00 PM,4.588071027,,4.045912126,0.881832932,0.542158901,,,4.588071027,,0
Year 1 Feb 23 7:00 PM,0,,0,#DIV/0!,0,,,0,,0
Year 1 Feb 23 8:00 PM,0,,0,#DIV/0!,0,,,0,,0
Year 1 Feb 23 9:00 PM,0,,0,#DIV/0!,0,,,0,,0
Year 1 Feb 23 10:00 PM,0,,0,#DIV/0!,0,,,0,,0
Year 1 Feb 23 11:00 PM,0,,0,#DIV/0!,0,,,0,,0
Year 1 Feb 24 12:00 AM,0,,0,#DIV/0!,0,,,0,,0
Year 1 Feb 24 1:00 AM,0,,0,#DIV/0!,0,,,0,,0
Year 1 Feb 24 2:00 AM,0,,0,#DIV/0!,0,,,0,,0
Year 1 Feb 24 3:00 AM,0,,0,#DIV/0!,0,,,0,,0
Year 1 Feb 24 4:00 AM,0,,0,#DIV/0!,0,,,0,,0
Year 1 Feb 24 5:00 AM,0,,0,#DIV/0!,0,,,0,,0
Year 1 Feb 24 6:00 AM,0,,0,#DIV/0!,0,,,0,,0
Year 1 Feb 24 7:00 AM,3.157176301,,3.157175156,0.999999638,1.14433E-06,,,3.157176301,,0
Year 1 Feb 24 8:00 AM,25.70389995,,25.70389371,0.999999757,6.23916E-06,,,25.70389995,,0
Year 1 Feb 24 9:00 AM,73.20458727,,73.20457116,0.99999978,1.61126E-05,,,73.20458727,,0
Year 1 Feb 24 10:00 AM,114.8083983,,114.8083741,0.999999789,2.41989E-05,,,114.8083983,,0
Year 1 Feb 24 11:00 AM,151.2696549,,151.269406,0.999998354,0.000248978,,,151.2696549,,0
Year 1 Feb 24 12:00 PM,175.3086469,,175.3084387,0.999998812,0.000208201,,,175.3086469,,0
Year 1 Feb 24 1:00 PM,177.2460011,,160.8590424,0.907546808,16.38695865,,,177.2460011,,0
Year 1 Feb 24 2:00 PM,159.9391659,,126.5948271,0.791518615,33.34433888,,,159.9391659,,0
Year 1 Feb 24 3:00 PM,120.3714178,,99.28202895,0.824797371,21.08938881,,,120.3714178,,0
Year 1 Feb 24 4:00 PM,76.14162932,,65.969001,0.866398599,10.17262831,,,76.14162932,,0
Year 1 Feb 24 5:00 PM,34.70048836,,31.62610114,0.911402192,3.074387218,,,34.70048836,,0
Year 1 Feb 24 6:00 PM,5.284715069,,4.540708469,0.85921538,0.744006601,,,5.284715069,,0
Year 1 Feb 24 7:00 PM,0,,0,#DIV/0!,0,,,0,,0
Year 1 Feb 24 8:00 PM,0,,0,#DIV/0!,0,,,0,,0
Year 1 Feb 24 9:00 PM,0,,0,#DIV/0!,0,,,0,,0
Year 1 Feb 24 10:00 PM,0,,0,#DIV/0!,0,,,0,,0
Year 1 Feb 24 11:00 PM,0,,0,#DIV/0!,0,,,0,,0
Year 1 Feb 25 12:00 AM,0,,0,#DIV/0!,0,,,0,,0
Year 1 Feb 25 1:00 AM,0,,0,#DIV/0!,0,,,0,,0
Year 1 Feb 25 2:00 AM,0,,0,#DIV/0!,0,,,0,,0
Year 1 Feb 25 3:00 AM,0,,0,#DIV/0!,0,,,0,,0
Year 1 Feb 25 4:00 AM,0,,0,#DIV/0!,0,,,0,,0
Year 1 Feb 25 5:00 AM,0,,0,#DIV/0!,0,,,0,,0
Year 1 Feb 25 6:00 AM,0,,0,#DIV/0!,0,,,0,,0
Year 1 Feb 25 7:00 AM,7.318582786,,7.318577696,0.999999305,5.08951E-06,,,7.318582786,,0
Year 1 Feb 25 8:00 AM,35.38142604,,35.38141466,0.999999678,1.13827E-05,,,35.38142604,,0
Year 1 Feb 25 9:00 AM,65.78488596,,65.78487299,0.999999803,1.29701E-05,,,65.78488596,,0
Year 1 Feb 25 10:00 AM,177.3167765,,177.316756,0.999999885,2.0426E-05,,,177.3167765,,0
Year 1 Feb 25 11:00 AM,341.1289083,,341.1271488,0.999994842,0.001759507,,,341.1289083,,0
Year 1 Feb 25 12:00 PM,204.3053199,,204.304677,0.999996853,0.000642867,,,204.3053199,,0
Year 1 Feb 25 1:00 PM,164.7608278,,150.1508931,0.911326407,14.60993463,,,164.7608278,,0
Year 1 Feb 25 2:00 PM,121.8512836,,101.6993426,0.834618558,20.15194098,,,121.8512836,,0
Year 1 Feb 25 3:00 PM,117.143676,,95.80565453,0.817847431,21.33802149,,,117.143676,,0
Year 1 Feb 25 4:00 PM,92.71889238,,75.17067027,0.810737363,17.54822211,,,92.71889238,,0
Year 1 Feb 25 5:00 PM,52.790671,,38.61851264,0.731540477,14.17215836,,,52.790671,,0
Year 1 Feb 25 6:00 PM,7.575874229,,5.78541205,0.763662631,1.79046218,,,7.575874229,,0
Year 1 Feb 25 7:00 PM,0,,0,#DIV/0!,0,,,0,,0
Year 1 Feb 25 8:00 PM,0,,0,#DIV/0!,0,,,0,,0
Year 1 Feb 25 9:00 PM,0,,0,#DIV/0!,0,,,0,,0
Year 1 Feb 25 10:00 PM,0,,0,#DIV/0!,0,,,0,,0
Year 1 Feb 25 11:00 PM,0,,0,#DIV/0!,0,,,0,,0
Year 1 Feb 26 12:00 AM,0,,0,#DIV/0!,0,,,0,,0
Year 1 Feb 26 1:00 AM,0,,0,#DIV/0!,0,,,0,,0
Year 1 Feb 26 2:00 AM,0,,0,#DIV/0!,0,,,0,,0
Year 1 Feb 26 3:00 AM,0,,0,#DIV/0!,0,,,0,,0
Year 1 Feb 26 4:00 AM,0,,0,#DIV/0!,0,,,0,,0
Year 1 Feb 26 5:00 AM,0,,0,#DIV/0!,0,,,0,,0
Year 1 Feb 26 6:00 AM,0,,0,#DIV/0!,0,,,0,,0
Year 1 Feb 26 7:00 AM,9.026482198,,9.02647534,0.99999924,6.85825E-06,,,9.026482198,,0
Year 1 Feb 26 8:00 AM,51.24852385,,51.24849916,0.999999518,2.46915E-05,,,51.24852385,,0
Year 1 Feb 26 9:00 AM,65.76922466,,65.76921251,0.999999815,1.21497E-05,,,65.76922466,,0
Year 1 Feb 26 10:00 AM,66.04746395,,66.04744975,0.999999785,1.41978E-05,,,66.04746395,,0
Year 1 Feb 26 11:00 AM,114.6310573,,114.6308866,0.999998511,0.000170714,,,114.6310573,,0
Year 1 Feb 26 12:00 PM,124.613025,,124.6129089,0.999999069,0.000116074,,,124.613025,,0
Year 1 Feb 26 1:00 PM,128.4685967,,119.9054679,0.933344576,8.563128787,,,128.4685967,,0
Year 1 Feb 26 2:00 PM,122.15708,,104.2512114,0.853419314,17.90586862,,,122.15708,,0
Year 1 Feb 26 3:00 PM,112.0458994,,94.04435648,0.83933778,18.00154288,,,112.0458994,,0
Year 1 Feb 26 4:00 PM,69.62276033,,61.82951344,0.888064667,7.793246897,,,69.62276033,,0
Year 1 Feb 26 5:00 PM,35.04492273,,32.16760518,0.917896308,2.877317546,,,35.04492273,,0
Year 1 Feb 26 6:00 PM,7.046363228,,6.299027013,0.893940152,0.747336215,,,7.046363228,,0
Year 1 Feb 26 7:00 PM,0,,0,#DIV/0!,0,,,0,,0
Year 1 Feb 26 8:00 PM,0,,0,#DIV/0!,0,,,0,,0
Year 1 Feb 26 9:00 PM,0,,0,#DIV/0!,0,,,0,,0
Year 1 Feb 26 10:00 PM,0,,0,#DIV/0!,0,,,0,,0
Year 1 Feb 26 11:00 PM,0,,0,#DIV/0!,0,,,0,,0
Year 1 Feb 27 12:00 AM,0,,0,#DIV/0!,0,,,0,,0
Year 1 Feb 27 1:00 AM,0,,0,#DIV/0!,0,,,0,,0
Year 1 Feb 27 2:00 AM,0,,0,#DIV/0!,0,,,0,,0
Year 1 Feb 27 3:00 AM,0,,0,#DIV/0!,0,,,0,,0
Year 1 Feb 27 4:00 AM,0,,0,#DIV/0!,0,,,0,,0
Year 1 Feb 27 5:00 AM,0,,0,#DIV/0!,0,,,0,,0
Year 1 Feb 27 6:00 AM,0,,0,#DIV/0!,0,,,0,,0
Year 1 Feb 27 7:00 AM,8.978052066,,8.978046379,0.999999367,5.6874E-06,,,8.978052066,,0
Year 1 Feb 27 8:00 AM,44.91909514,,44.91908025,0.999999669,1.48886E-05,,,44.91909514,,0
Year 1 Feb 27 9:00 AM,102.093457,,102.0934415,0.999999849,1.54495E-05,,,102.093457,,0
Year 1 Feb 27 10:00 AM,219.0552902,,219.0552677,0.999999897,2.25577E-05,,,219.0552902,,0
Year 1 Feb 27 11:00 AM,187.2302438,,187.2297272,0.999997241,0.000516575,,,187.2302438,,0
Year 1 Feb 27 12:00 PM,103.8783928,,103.8782307,0.99999844,0.000162091,,,103.8783928,,0
Year 1 Feb 27 1:00 PM,144.8003326,,130.7354342,0.902866947,14.06489839,,,144.8003326,,0
Year 1 Feb 27 2:00 PM,136.0572839,,110.7006984,0.813633017,25.35658545,,,136.0572839,,0
Year 1 Feb 27 3:00 PM,115.8028569,,96.39556876,0.832410973,19.40728816,,,115.8028569,,0
Year 1 Feb 27 4:00 PM,70.56332593,,61.91765255,0.877476391,8.645673388,,,70.56332593,,0
Year 1 Feb 27 5:00 PM,31.77400476,,29.70025213,0.934734301,2.073752629,,,31.77400476,,0
Year 1 Feb 27 6:00 PM,6.198136366,,5.768474464,0.930678856,0.429661902,,,6.198136366,,0
Year 1 Feb 27 7:00 PM,0,,0,#DIV/0!,0,,,0,,0
Year 1 Feb 27 8:00 PM,0,,0,#DIV/0!,0,,,0,,0
Year 1 Feb 27 9:00 PM,0,,0,#DIV/0!,0,,,0,,0
Year 1 Feb 27 10:00 PM,0,,0,#DIV/0!,0,,,0,,0
Year 1 Feb 27 11:00 PM,0,,0,#DIV/0!,0,,,0,,0
Year 1 Feb 28 12:00 AM,0,,0,#DIV/0!,0,,,0,,0
Year 1 Feb 28 1:00 AM,0,,0,#DIV/0!,0,,,0,,0
Year 1 Feb 28 2:00 AM,0,,0,#DIV/0!,0,,,0,,0
Year 1 Feb 28 3:00 AM,0,,0,#DIV/0!,0,,,0,,0
Year 1 Feb 28 4:00 AM,0,,0,#DIV/0!,0,,,0,,0
Year 1 Feb 28 5:00 AM,0,,0,#DIV/0!,0,,,0,,0
Year 1 Feb 28 6:00 AM,0,,0,#DIV/0!,0,,,0,,0
Year 1 Feb 28 7:00 AM,10.14537931,,10.14537104,0.999999185,8.27022E-06,,,10.14537931,,0
Year 1 Feb 28 8:00 AM,88.60489013,,88.6048386,0.999999418,5.15355E-05,,,88.60489013,,0
Year 1 Feb 28 9:00 AM,211.5809429,,211.5809277,0.999999928,1.52044E-05,,,211.5809429,,0
Year 1 Feb 28 10:00 AM,311.7178726,,311.7178544,0.999999942,1.82009E-05,,,311.7178726,,0
Year 1 Feb 28 11:00 AM,471.96193,,471.95895,0.999993686,0.002980008,,,471.96193,,0
Year 1 Feb 28 12:00 PM,567.2670499,,567.2646934,0.999995846,0.002356449,,,567.2670499,,0
Year 1 Feb 28 1:00 PM,566.4548322,,350.3753137,0.618540603,216.0795186,,,566.4548322,,0
Year 1 Feb 28 2:00 PM,486.6560125,,55.91483283,0.114896007,430.7411796,,,486.6560125,,0
Year 1 Feb 28 3:00 PM,355.553419,,54.89888792,0.15440405,300.6545311,,,355.553419,,0
Year 1 Feb 28 4:00 PM,213.8408509,,43.37728032,0.202848427,170.4635706,,,213.8408509,,0
Year 1 Feb 28 5:00 PM,71.09082318,,30.70859144,0.431962806,40.38223173,,,71.09082318,,0
Year 1 Feb 28 6:00 PM,8.315675102,,6.214455845,0.74731826,2.101219257,,,8.315675102,,0
Year 1 Feb 28 7:00 PM,0,,0,#DIV/0!,0,,,0,,0
Year 1 Feb 28 8:00 PM,0,,0,#DIV/0!,0,,,0,,0
Year 1 Feb 28 9:00 PM,0,,0,#DIV/0!,0,,,0,,0
Year 1 Feb 28 10:00 PM,0,,0,#DIV/0!,0,,,0,,0
Year 1 Feb 28 11:00 PM,0,,0,#DIV/0!,0,,,0,,0
Year 1 Mar 01 12:00 AM,0,,0,#DIV/0!,0,,,0,,0
Year 1 Mar 01 1:00 AM,0,,0,#DIV/0!,0,,,0,,0
Year 1 Mar 01 2:00 AM,0,,0,#DIV/0!,0,,,0,,0
Year 1 Mar 01 3:00 AM,0,,0,#DIV/0!,0,,,0,,0
Year 1 Mar 01 4:00 AM,0,,0,#DIV/0!,0,,,0,,0
Year 1 Mar 01 5:00 AM,0,,0,#DIV/0!,0,,,0,,0
Year 1 Mar 01 6:00 AM,0,,0,#DIV/0!,0,,,0,,0
Year 1 Mar 01 7:00 AM,4.952541556,,4.952540157,0.999999718,1.39849E-06,,,4.952541556,,0
Year 1 Mar 01 8:00 AM,23.82063853,,23.82063249,0.999999746,6.0464E-06,,,23.82063853,,0
Year 1 Mar 01 9:00 AM,54.96404563,,54.96403302,0.999999771,1.26072E-05,,,54.96404563,,0
Year 1 Mar 01 10:00 AM,127.0053993,,127.0053735,0.999999796,2.5855E-05,,,127.0053993,,0
Year 1 Mar 01 11:00 AM,143.2606118,,143.2604114,0.999998602,0.000200317,,,143.2606118,,0
Year 1 Mar 01 12:00 PM,98.27867926,,98.27859579,0.999999151,8.34746E-05,,,98.27867926,,0
Year 1 Mar 01 1:00 PM,102.1861817,,97.55589536,0.954687744,4.630286392,,,102.1861817,,0
Year 1 Mar 01 2:00 PM,99.50149745,,88.7883048,0.892331342,10.71319265,,,99.50149745,,0
Year 1 Mar 01 3:00 PM,133.0980569,,107.4542214,0.807331256,25.6438355,,,133.0980569,,0
Year 1 Mar 01 4:00 PM,105.4191517,,69.55042351,0.659751311,35.8687282,,,105.4191517,,0
Year 1 Mar 01 5:00 PM,85.16133061,,25.46587592,0.299030977,59.69545469,,,85.16133061,,0
Year 1 Mar 01 6:00 PM,9.305161568,,5.607220447,0.602592487,3.697941122,,,9.305161568,,0
Year 1 Mar 01 7:00 PM,0,,0,#DIV/0!,0,,,0,,0
Year 1 Mar 01 8:00 PM,0,,0,#DIV/0!,0,,,0,,0
Year 1 Mar 01 9:00 PM,0,,0,#DIV/0!,0,,,0,,0
Year 1 Mar 01 10:00 PM,0,,0,#DIV/0!,0,,,0,,0
Year 1 Mar 01 11:00 PM,0,,0,#DIV/0!,0,,,0,,0
Year 1 Mar 02 12:00 AM,0,,0,#DIV/0!,0,,,0,,0
Year 1 Mar 02 1:00 AM,0,,0,#DIV/0!,0,,,0,,0
Year 1 Mar 02 2:00 AM,0,,0,#DIV/0!,0,,,0,,0
Year 1 Mar 02 3:00 AM,0,,0,#DIV/0!,0,,,0,,0
Year 1 Mar 02 4:00 AM,0,,0,#DIV/0!,0,,,0,,0
Year 1 Mar 02 5:00 AM,0,,0,#DIV/0!,0,,,0,,0
Year 1 Mar 02 6:00 AM,0,,0,#DIV/0!,0,,,0,,0
Year 1 Mar 02 7:00 AM,17.21729189,,17.21712326,0.999990206,0.000168628,,,17.21729189,,0
Year 1 Mar 02 8:00 AM,134.9637481,,134.9637144,0.999999751,3.3658E-05,,,134.9637481,,0
Year 1 Mar 02 9:00 AM,296.4556347,,296.4545767,0.999996431,0.001057993,,,296.4556347,,0
Year 1 Mar 02 10:00 AM,423.1269657,,423.1233016,0.999991341,0.003664049,,,423.1269657,,0
Year 1 Mar 02 11:00 AM,507.2952041,,507.2923018,0.999994279,0.002902324,,,507.2952041,,0
Year 1 Mar 02 12:00 PM,579.463337,,579.4616491,0.999997087,0.001687872,,,579.463337,,0
Year 1 Mar 02 1:00 PM,566.3813958,,296.3688342,0.523267248,270.0125616,,,566.3813958,,0
Year 1 Mar 02 2:00 PM,399.3193382,,79.79695634,0.199832437,319.5223819,,,399.3193382,,0
Year 1 Mar 02 3:00 PM,241.1925966,,84.0528819,0.348488648,157.1397147,,,241.1925966,,0
Year 1 Mar 02 4:00 PM,142.9416583,,64.95218223,0.454396451,77.98947605,,,142.9416583,,0
Year 1 Mar 02 5:00 PM,60.92601577,,43.49518406,0.713901664,17.43083171,,,60.92601577,,0
Year 1 Mar 02 6:00 PM,9.29843059,,7.758713091,0.834411035,1.539717499,,,9.29843059,,0
Year 1 Mar 02 7:00 PM,0,,0,#DIV/0!,0,,,0,,0
Year 1 Mar 02 8:00 PM,0,,0,#DIV/0!,0,,,0,,0
Year 1 Mar 02 9:00 PM,0,,0,#DIV/0!,0,,,0,,0
Year 1 Mar 02 10:00 PM,0,,0,#DIV/0!,0,,,0,,0
Year 1 Mar 02 11:00 PM,0,,0,#DIV/0!,0,,,0,,0
Year 1 Mar 03 12:00 AM,0,,0,#DIV/0!,0,,,0,,0
Year 1 Mar 03 1:00 AM,0,,0,#DIV/0!,0,,,0,,0
Year 1 Mar 03 2:00 AM,0,,0,#DIV/0!,0,,,0,,0
Year 1 Mar 03 3:00 AM,0,,0,#DIV/0!,0,,,0,,0
Year 1 Mar 03 4:00 AM,0,,0,#DIV/0!,0,,,0,,0
Year 1 Mar 03 5:00 AM,0,,0,#DIV/0!,0,,,0,,0
Year 1 Mar 03 6:00 AM,0,,0,#DIV/0!,0,,,0,,0
Year 1 Mar 03 7:00 AM,7.187166725,,7.187161007,0.999999204,5.71818E-06,,,7.187166725,,0
Year 1 Mar 03 8:00 AM,42.41884735,,42.41883556,0.999999722,1.1789E-05,,,42.41884735,,0
Year 1 Mar 03 9:00 AM,140.5703431,,140.5700538,0.999997942,0.00028926,,,140.5703431,,0
Year 1 Mar 03 10:00 AM,143.3148371,,143.3142311,0.999995771,0.000606047,,,143.3148371,,0
Year 1 Mar 03 11:00 AM,181.1679222,,181.1673415,0.999996795,0.00058072,,,181.1679222,,0
Year 1 Mar 03 12:00 PM,160.3911734,,160.3910453,0.999999201,0.000128159,,,160.3911734,,0
Year 1 Mar 03 1:00 PM,133.0740202,,120.48824,0.90542271,12.5857802,,,133.0740202,,0
Year 1 Mar 03 2:00 PM,137.8389676,,112.1637487,0.813730331,25.67521886,,,137.8389676,,0
Year 1 Mar 03 3:00 PM,107.9663766,,90.4603744,0.837856907,17.50600219,,,107.9663766,,0
Year 1 Mar 03 4:00 PM,75.66424059,,66.04472773,0.872865798,9.619512856,,,75.66424059,,0
Year 1 Mar 03 5:00 PM,36.18611281,,33.36167139,0.921946813,2.824441417,,,36.18611281,,0
Year 1 Mar 03 6:00 PM,6.975508048,,6.45299239,0.925092817,0.522515658,,,6.975508048,,0
Year 1 Mar 03 7:00 PM,0,,0,#DIV/0!,0,,,0,,0
Year 1 Mar 03 8:00 PM,0,,0,#DIV/0!,0,,,0,,0
Year 1 Mar 03 9:00 PM,0,,0,#DIV/0!,0,,,0,,0
Year 1 Mar 03 10:00 PM,0,,0,#DIV/0!,0,,,0,,0
Year 1 Mar 03 11:00 PM,0,,0,#DIV/0!,0,,,0,,0
Year 1 Mar 04 12:00 AM,0,,0,#DIV/0!,0,,,0,,0
Year 1 Mar 04 1:00 AM,0,,0,#DIV/0!,0,,,0,,0
Year 1 Mar 04 2:00 AM,0,,0,#DIV/0!,0,,,0,,0
Year 1 Mar 04 3:00 AM,0,,0,#DIV/0!,0,,,0,,0
Year 1 Mar 04 4:00 AM,0,,0,#DIV/0!,0,,,0,,0
Year 1 Mar 04 5:00 AM,0,,0,#DIV/0!,0,,,0,,0
Year 1 Mar 04 6:00 AM,0,,0,#DIV/0!,0,,,0,,0
Year 1 Mar 04 7:00 AM,6.386012911,,6.386010877,0.999999681,2.03395E-06,,,6.386012911,,0
Year 1 Mar 04 8:00 AM,27.04015847,,27.04015161,0.999999746,6.85732E-06,,,27.04015847,,0
Year 1 Mar 04 9:00 AM,57.59874368,,57.59871728,0.999999542,2.64E-05,,,57.59874368,,0
Year 1 Mar 04 10:00 AM,81.05777612,,81.05769837,0.999999041,7.77468E-05,,,81.05777612,,0
Year 1 Mar 04 11:00 AM,104.3950678,,104.3949771,0.999999131,9.06914E-05,,,104.3950678,,0
Year 1 Mar 04 12:00 PM,182.350951,,182.3507405,0.999998846,0.000210468,,,182.350951,,0
Year 1 Mar 04 1:00 PM,464.5288359,,219.2850197,0.472059004,245.2438162,,,464.5288359,,0
Year 1 Mar 04 2:00 PM,485.8823661,,69.23925976,0.142502105,416.6431063,,,485.8823661,,0
Year 1 Mar 04 3:00 PM,167.613322,,79.90067738,0.476696461,87.71264458,,,167.613322,,0
Year 1 Mar 04 4:00 PM,78.85794581,,59.580764,0.755545473,19.27718181,,,78.85794581,,0
Year 1 Mar 04 5:00 PM,30.39733736,,28.34093873,0.932349383,2.056398638,,,30.39733736,,0
Year 1 Mar 04 6:00 PM,5.333068073,,5.212146569,0.97732609,0.120921504,,,5.333068073,,0
Year 1 Mar 04 7:00 PM,0,,0,#DIV/0!,0,,,0,,0
Year 1 Mar 04 8:00 PM,0,,0,#DIV/0!,0,,,0,,0
Year 1 Mar 04 9:00 PM,0,,0,#DIV/0!,0,,,0,,0
Year 1 Mar 04 10:00 PM,0,,0,#DIV/0!,0,,,0,,0
Year 1 Mar 04 11:00 PM,0,,0,#DIV/0!,0,,,0,,0
Year 1 Mar 05 12:00 AM,0,,0,#DIV/0!,0,,,0,,0
Year 1 Mar 05 1:00 AM,0,,0,#DIV/0!,0,,,0,,0
Year 1 Mar 05 2:00 AM,0,,0,#DIV/0!,0,,,0,,0
Year 1 Mar 05 3:00 AM,0,,0,#DIV/0!,0,,,0,,0
Year 1 Mar 05 4:00 AM,0,,0,#DIV/0!,0,,,0,,0
Year 1 Mar 05 5:00 AM,0,,0,#DIV/0!,0,,,0,,0
Year 1 Mar 05 6:00 AM,0,,0,#DIV/0!,0,,,0,,0
Year 1 Mar 05 7:00 AM,10.99441435,,10.99439435,0.999998181,2.00022E-05,,,10.99441435,,0
Year 1 Mar 05 8:00 AM,42.53833151,,42.53832094,0.999999751,20.05153876,,,42.53833151,,0
Year 1 Mar 05 9:00 AM,101.8630601,,101.863004,0.999999449,5.60841E-05,,,101.8630601,,0
Year 1 Mar 05 10:00 AM,307.4683622,,307.4662083,0.999992995,0.00215393,,,307.4683622,,0
Year 1 Mar 05 11:00 AM,390.9646438,,390.9627561,0.999995172,0.001887681,,,390.9646438,,0
Year 1 Mar 05 12:00 PM,381.875314,,381.8743457,0.999997464,0.000968329,,,381.875314,,0
Year 1 Mar 05 1:00 PM,295.8820515,,196.0777204,0.662688796,99.80433109,,,295.8820515,,0
Year 1 Mar 05 2:00 PM,312.8484668,,115.2706397,0.368455185,197.5778271,,,312.8484668,,0
Year 1 Mar 05 3:00 PM,197.2502524,,103.3840822,0.524126489,93.86617011,,,197.2502524,,0
Year 1 Mar 05 4:00 PM,127.4189385,,66.7336353,0.523734039,60.68530324,,,127.4189385,,0
Year 1 Mar 05 5:00 PM,37.91029982,,31.95580765,0.842932074,5.954492167,,,37.91029982,,0
Year 1 Mar 05 6:00 PM,8.824077169,,7.959640399,0.902036581,0.864436771,,,8.824077169,,0
Year 1 Mar 05 7:00 PM,0,,0,#DIV/0!,0,,,0,,0
Year 1 Mar 05 8:00 PM,0,,0,#DIV/0!,0,,,0,,0
Year 1 Mar 05 9:00 PM,0,,0,#DIV/0!,0,,,0,,0
Year 1 Mar 05 10:00 PM,0,,0,#DIV/0!,0,,,0,,0
Year 1 Mar 05 11:00 PM,0,,0,#DIV/0!,0,,,0,,0
Year 1 Mar 06 12:00 AM,0,,0,#DIV/0!,0,,,0,,0
Year 1 Mar 06 1:00 AM,0,,0,#DIV/0!,0,,,0,,0
Year 1 Mar 06 2:00 AM,0,,0,#DIV/0!,0,,,0,,0
Year 1 Mar 06 3:00 AM,0,,0,#DIV/0!,0,,,0,,0
Year 1 Mar 06 4:00 AM,0,,0,#DIV/0!,0,,,0,,0
Year 1 Mar 06 5:00 AM,0,,0,#DIV/0!,0,,,0,,0
Year 1 Mar 06 6:00 AM,0,,0,#DIV/0!,0,,,0,,0
Year 1 Mar 06 7:00 AM,18.03534631,,18.03521837,0.999992906,0.000127938,,,18.03534631,,0
Year 1 Mar 06 8:00 AM,112.3754623,,112.3754352,0.999999759,2.70483E-05,,,112.3754623,,0
Year 1 Mar 06 9:00 AM,186.0447839,,186.0443399,0.999997613,0.000444057,,,186.0447839,,0
Year 1 Mar 06 10:00 AM,325.998452,,325.9959294,0.999992262,0.002522563,,,325.998452,,0
Year 1 Mar 06 11:00 AM,560.5997489,,560.5964874,0.999994182,0.003261465,,,560.5997489,,0
Year 1 Mar 06 12:00 PM,586.6130568,,586.6112986,0.999997003,0.00175822,,,586.6130568,,0
Year 1 Mar 06 1:00 PM,639.5300547,,298.7238707,0.467099034,340.806184,,,639.5300547,,0
Year 1 Mar 06 2:00 PM,587.1578455,,32.03039718,0.054551595,555.1274483,,,587.1578455,,0
Year 1 Mar 06 3:00 PM,435.260258,,31.96296194,0.073434138,403.2972961,,,435.260258,,0
Year 1 Mar 06 4:00 PM,243.5710785,,43.1588247,0.17719191,200.4122538,,,243.5710785,,0
Year 1 Mar 06 5:00 PM,78.59117095,,29.74445514,0.378470696,48.8467158,,,78.59117095,,0
Year 1 Mar 06 6:00 PM,14.08383683,,9.322342459,0.661917812,4.761494371,,,14.08383683,,0
Year 1 Mar 06 7:00 PM,0,,0,#DIV/0!,0,,,0,,0
Year 1 Mar 06 8:00 PM,0,,0,#DIV/0!,0,,,0,,0
Year 1 Mar 06 9:00 PM,0,,0,#DIV/0!,0,,,0,,0
Year 1 Mar 06 10:00 PM,0,,0,#DIV/0!,0,,,0,,0
Year 1 Mar 06 11:00 PM,0,,0,#DIV/0!,0,,,0,,0
Year 1 Mar 07 12:00 AM,0,,0,#DIV/0!,0,,,0,,0
Year 1 Mar 07 1:00 AM,0,,0,#DIV/0!,0,,,0,,0
Year 1 Mar 07 2:00 AM,0,,0,#DIV/0!,0,,,0,,0
Year 1 Mar 07 3:00 AM,0,,0,#DIV/0!,0,,,0,,0
Year 1 Mar 07 4:00 AM,0,,0,#DIV/0!,0,,,0,,0
Year 1 Mar 07 5:00 AM,0,,0,#DIV/0!,0,,,0,,0
Year 1 Mar 07 6:00 AM,0,,0,#DIV/0!,0,,,0,,0
Year 1 Mar 07 7:00 AM,8.328178492,,8.328170843,0.999999082,7.64912E-06,,,8.328178492,,0
Year 1 Mar 07 8:00 AM,36.38395771,,36.38394871,0.999999753,9.00058E-06,,,36.38395771,,0
Year 1 Mar 07 9:00 AM,51.9729488,,51.97292055,0.999999456,2.82492E-05,,,51.9729488,,0
Year 1 Mar 07 10:00 AM,110.6214823,,110.6213005,0.999998356,0.000181821,,,110.6214823,,0
Year 1 Mar 07 11:00 AM,161.3759763,,161.3757334,0.999998495,0.000242879,,,161.3759763,,0
Year 1 Mar 07 12:00 PM,178.5262676,,178.5261049,0.999999089,0.000162635,,,178.5262676,,0
Year 1 Mar 07 1:00 PM,166.2613808,,148.4263645,0.89272905,17.83501627,,,166.2613808,,0
Year 1 Mar 07 2:00 PM,163.1283392,,130.0736732,0.79737018,33.05466598,,,163.1283392,,0
Year 1 Mar 07 3:00 PM,149.7864061,,118.2108926,0.789196401,31.57551349,,,149.7864061,,0
Year 1 Mar 07 4:00 PM,111.1310676,,89.04042432,0.801219913,22.09064328,,,111.1310676,,0
Year 1 Mar 07 5:00 PM,50.29021329,,43.7856835,0.870660127,6.504529787,,,50.29021329,,0
Year 1 Mar 07 6:00 PM,11.52593819,,10.07310195,0.873950717,1.452836242,,,11.52593819,,0
Year 1 Mar 07 7:00 PM,0,,0,#DIV/0!,0,,,0,,0
Year 1 Mar 07 8:00 PM,0,,0,#DIV/0!,0,,,0,,0
Year 1 Mar 07 9:00 PM,0,,0,#DIV/0!,0,,,0,,0
Year 1 Mar 07 10:00 PM,0,,0,#DIV/0!,0,,,0,,0
Year 1 Mar 07 11:00 PM,0,,0,#DIV/0!,0,,,0,,0
Year 1 Mar 08 12:00 AM,0,,0,#DIV/0!,0,,,0,,0
Year 1 Mar 08 1:00 AM,0,,0,#DIV/0!,0,,,0,,0
Year 1 Mar 08 2:00 AM,0,,0,#DIV/0!,0,,,0,,0
Year 1 Mar 08 3:00 AM,0,,0,#DIV/0!,0,,,0,,0
Year 1 Mar 08 4:00 AM,0,,0,#DIV/0!,0,,,0,,0
Year 1 Mar 08 5:00 AM,0,,0,#DIV/0!,0,,,0,,0
Year 1 Mar 08 6:00 AM,0,,0,#DIV/0!,0,,,0,,0
Year 1 Mar 08 7:00 AM,20.08566867,,20.08553024,0.999993108,0.000138439,,,20.08566867,,0
Year 1 Mar 08 8:00 AM,131.0397772,,131.0397429,0.999999738,3.428E-05,,,131.0397772,,0
Year 1 Mar 08 9:00 AM,344.8597405,,344.8584848,0.999996359,0.001255754,,,344.8597405,,0
Year 1 Mar 08 10:00 AM,512.7932374,,512.7885462,0.999990852,0.004691211,,,512.7932374,,0
Year 1 Mar 08 11:00 AM,628.3273335,,628.3235207,0.999993932,0.003812816,,,628.3273335,,0
Year 1 Mar 08 12:00 PM,690.2091057,,690.2069603,0.999996892,0.002145459,,,690.2091057,,0
Year 1 Mar 08 1:00 PM,692.0196663,,321.1007415,0.464005226,370.9189248,,,692.0196663,,0
Year 1 Mar 08 2:00 PM,626.4520216,,25.54119272,0.040771187,600.9108288,,,626.4520216,,0
Year 1 Mar 08 3:00 PM,500.8081437,,25.14024058,0.050199345,475.6679031,,,500.8081437,,0
Year 1 Mar 08 4:00 PM,334.6265577,,22.52543659,0.067315149,312.1011211,,,334.6265577,,0
Year 1 Mar 08 5:00 PM,150.5644862,,16.6569269,0.110629852,133.9075593,,,150.5644862,,0
Year 1 Mar 08 6:00 PM,20.92065013,,7.051471636,0.337057959,13.8691785,,,20.92065013,,0
Year 1 Mar 08 7:00 PM,0,,0,#DIV/0!,0,,,0,,0
Year 1 Mar 08 8:00 PM,0,,0,#DIV/0!,0,,,0,,0
Year 1 Mar 08 9:00 PM,0,,0,#DIV/0!,0,,,0,,0
Year 1 Mar 08 10:00 PM,0,,0,#DIV/0!,0,,,0,,0
Year 1 Mar 08 11:00 PM,0,,0,#DIV/0!,0,,,0,,0
Year 1 Mar 09 12:00 AM,0,,0,#DIV/0!,0,,,0,,0
Year 1 Mar 09 1:00 AM,0,,0,#DIV/0!,0,,,0,,0
Year 1 Mar 09 2:00 AM,0,,0,#DIV/0!,0,,,0,,0
Year 1 Mar 09 3:00 AM,0,,0,#DIV/0!,0,,,0,,0
Year 1 Mar 09 4:00 AM,0,,0,#DIV/0!,0,,,0,,0
Year 1 Mar 09 5:00 AM,0,,0,#DIV/0!,0,,,0,,0
Year 1 Mar 09 6:00 AM,0,,0,#DIV/0!,0,,,0,,0
Year 1 Mar 09 7:00 AM,26.78732761,,26.78709914,0.999991471,0.000228467,,,26.78732761,,0
Year 1 Mar 09 8:00 AM,155.9150796,,155.9150411,0.999999753,3.85707E-05,,,155.9150796,,0
Year 1 Mar 09 9:00 AM,338.4297948,,338.4285734,0.999996391,0.001221394,,,338.4297948,,0
Year 1 Mar 09 10:00 AM,504.2078405,,504.2032767,0.999990949,0.004563728,,,504.2078405,,0
Year 1 Mar 09 11:00 AM,620.3289384,,620.3252363,0.999994032,0.003702077,,,620.3289384,,0
Year 1 Mar 09 12:00 PM,681.109806,,681.1077167,0.999996933,0.002089294,,,681.109806,,0
Year 1 Mar 09 1:00 PM,677.6801473,,320.6563468,0.473167686,357.0238005,,,677.6801473,,0
Year 1 Mar 09 2:00 PM,608.5895699,,34.7414664,0.057085215,573.8481035,,,608.5895699,,0
Year 1 Mar 09 3:00 PM,489.0849256,,29.32050318,0.059949718,459.7644224,,,489.0849256,,0
Year 1 Mar 09 4:00 PM,320.107598,,26.87073161,0.083942811,293.2368664,,,320.107598,,0
Year 1 Mar 09 5:00 PM,138.9740805,,21.12540925,0.152009707,117.8486713,,,138.9740805,,0
Year 1 Mar 09 6:00 PM,19.97290873,,8.29905533,0.415515609,11.6738534,,,19.97290873,,0
Year 1 Mar 09 7:00 PM,0,,0,#DIV/0!,0,,,0,,0
Year 1 Mar 09 8:00 PM,0,,0,#DIV/0!,0,,,0,,0
Year 1 Mar 09 9:00 PM,0,,0,#DIV/0!,0,,,0,,0
Year 1 Mar 09 10:00 PM,0,,0,#DIV/0!,0,,,0,,0
Year 1 Mar 09 11:00 PM,0,,0,#DIV/0!,0,,,0,,0
Year 1 Mar 10 12:00 AM,0,,0,#DIV/0!,0,,,0,,0
Year 1 Mar 10 1:00 AM,0,,0,#DIV/0!,0,,,0,,0
Year 1 Mar 10 2:00 AM,0,,0,#DIV/0!,0,,,0,,0
Year 1 Mar 10 3:00 AM,0,,0,#DIV/0!,0,,,0,,0
Year 1 Mar 10 4:00 AM,0,,0,#DIV/0!,0,,,0,,0
Year 1 Mar 10 5:00 AM,0,,0,#DIV/0!,0,,,0,,0
Year 1 Mar 10 6:00 AM,0,,0,#DIV/0!,0,,,0,,0
Year 1 Mar 10 7:00 AM,24.6807762,,24.68061678,0.999993541,0.000159424,,,24.6807762,,0
Year 1 Mar 10 8:00 AM,133.9672496,,133.967216,0.999999749,3.36737E-05,,,133.9672496,,0
Year 1 Mar 10 9:00 AM,302.3923104,,302.3912998,0.999996658,0.001010647,,,302.3923104,,0
Year 1 Mar 10 10:00 AM,465.3347625,,465.3307273,0.999991328,0.004035153,,,465.3347625,,0
Year 1 Mar 10 11:00 AM,579.9067449,,579.9033719,0.999994184,0.003372949,,,579.9067449,,0
Year 1 Mar 10 12:00 PM,612.5564762,,612.5546385,0.999997,0.001837736,,,612.5564762,,0
Year 1 Mar 10 1:00 PM,584.7654912,,299.1165303,0.511515359,285.6489609,,,584.7654912,,0
Year 1 Mar 10 2:00 PM,496.4859458,,68.44543027,0.137859754,428.0405155,,,496.4859458,,0
Year 1 Mar 10 3:00 PM,311.1753255,,92.07752321,0.295902392,219.0978023,,,311.1753255,,0
Year 1 Mar 10 4:00 PM,185.6414209,,75.08342563,0.404454056,110.5579952,,,185.6414209,,0
Year 1 Mar 10 5:00 PM,65.20575119,,46.74860702,0.716939935,18.45714418,,,65.20575119,,0
Year 1 Mar 10 6:00 PM,14.08528596,,11.92077295,0.846328075,2.164513012,,,14.08528596,,0
Year 1 Mar 10 7:00 PM,0,,0,#DIV/0!,0,,,0,,0
Year 1 Mar 10 8:00 PM,0,,0,#DIV/0!,0,,,0,,0
Year 1 Mar 10 9:00 PM,0,,0,#DIV/0!,0,,,0,,0
Year 1 Mar 10 10:00 PM,0,,0,#DIV/0!,0,,,0,,0
Year 1 Mar 10 11:00 PM,0,,0,#DIV/0!,0,,,0,,0
Year 1 Mar 11 12:00 AM,0,,0,#DIV/0!,0,,,0,,0
Year 1 Mar 11 1:00 AM,0,,0,#DIV/0!,0,,,0,,0
Year 1 Mar 11 2:00 AM,0,,0,#DIV/0!,0,,,0,,0
Year 1 Mar 11 3:00 AM,0,,0,#DIV/0!,0,,,0,,0
Year 1 Mar 11 4:00 AM,0,,0,#DIV/0!,0,,,0,,0
Year 1 Mar 11 5:00 AM,0,,0,#DIV/0!,0,,,0,,0
Year 1 Mar 11 6:00 AM,0,,0,#DIV/0!,0,,,0,,0
Year 1 Mar 11 7:00 AM,9.762726987,,9.76271953,0.999999236,7.45658E-06,,,9.762726987,,0
Year 1 Mar 11 8:00 AM,40.55518862,,40.55517847,0.99999975,1.01482E-05,,,40.55518862,,0
Year 1 Mar 11 9:00 AM,75.2177675,,75.2177249,0.999999434,4.25926E-05,,,75.2177675,,0
Year 1 Mar 11 10:00 AM,132.2690231,,132.2687618,0.999998024,0.000261361,,,132.2690231,,0
Year 1 Mar 11 11:00 AM,175.1854144,,175.1851433,0.999998452,0.000271153,,,175.1854144,,0
Year 1 Mar 11 12:00 PM,184.7874474,,184.7872875,0.999999135,0.000159903,,,184.7874474,,0
Year 1 Mar 11 1:00 PM,195.8012331,,171.6537924,0.876673705,24.14744067,,,195.8012331,,0
Year 1 Mar 11 2:00 PM,170.1836147,,136.0146641,0.79922303,34.16895056,,,170.1836147,,0
Year 1 Mar 11 3:00 PM,139.3202424,,113.442252,0.814255344,25.8779905,,,139.3202424,,0
Year 1 Mar 11 4:00 PM,101.0942051,,84.28920184,0.833768877,16.80500324,,,101.0942051,,0
Year 1 Mar 11 5:00 PM,37.09220727,,34.97541943,0.942931737,2.116787841,,,37.09220727,,0
Year 1 Mar 11 6:00 PM,7.612920361,,7.544834955,0.991056598,0.068085406,,,7.612920361,,0
Year 1 Mar 11 7:00 PM,0,,0,#DIV/0!,0,,,0,,0
Year 1 Mar 11 8:00 PM,0,,0,#DIV/0!,0,,,0,,0
Year 1 Mar 11 9:00 PM,0,,0,#DIV/0!,0,,,0,,0
Year 1 Mar 11 10:00 PM,0,,0,#DIV/0!,0,,,0,,0
Year 1 Mar 11 11:00 PM,0,,0,#DIV/0!,0,,,0,,0
Year 1 Mar 12 12:00 AM,0,,0,#DIV/0!,0,,,0,,0
Year 1 Mar 12 1:00 AM,0,,0,#DIV/0!,0,,,0,,0
Year 1 Mar 12 2:00 AM,0,,0,#DIV/0!,0,,,0,,0
Year 1 Mar 12 3:00 AM,0,,0,#DIV/0!,0,,,0,,0
Year 1 Mar 12 4:00 AM,0,,0,#DIV/0!,0,,,0,,0
Year 1 Mar 12 5:00 AM,0,,0,#DIV/0!,0,,,0,,0
Year 1 Mar 12 6:00 AM,0,,0,#DIV/0!,0,,,0,,0
Year 1 Mar 12 7:00 AM,31.35879131,,31.35850856,0.999990984,0.000282744,,,31.35879131,,0
Year 1 Mar 12 8:00 AM,169.7308163,,169.7307749,0.999999756,4.14781E-05,,,169.7308163,,0
Year 1 Mar 12 9:00 AM,355.035051,,355.0337428,0.999996315,0.001308212,,,355.035051,,0
Year 1 Mar 12 10:00 AM,517.8873633,,517.8826681,0.999990934,0.004695229,,,517.8873633,,0
Year 1 Mar 12 11:00 AM,635.3589431,,635.3551151,0.999993975,0.003828019,,,635.3589431,,0
Year 1 Mar 12 12:00 PM,695.1835692,,695.181421,0.99999691,0.002148257,,,695.1835692,,0
Year 1 Mar 12 1:00 PM,693.3538014,,324.4409736,0.467929898,368.9128278,,,693.3538014,,0
Year 1 Mar 12 2:00 PM,619.4684282,,31.07135359,0.050158091,588.3970746,,,619.4684282,,0
Year 1 Mar 12 3:00 PM,458.7159261,,37.35729914,0.081438854,421.358627,,,458.7159261,,0
Year 1 Mar 12 4:00 PM,248.0894151,,67.52435314,0.272177485,180.565062,,,248.0894151,,0
Year 1 Mar 12 5:00 PM,74.55910343,,44.21842117,0.593065355,30.34068226,,,74.55910343,,0
Year 1 Mar 12 6:00 PM,18.00808182,,13.16781435,0.731216932,4.840267477,,,18.00808182,,0
Year 1 Mar 12 7:00 PM,0,,0,#DIV/0!,0,,,0,,0
Year 1 Mar 12 8:00 PM,0,,0,#DIV/0!,0,,,0,,0
Year 1 Mar 12 9:00 PM,0,,0,#DIV/0!,0,,,0,,0
Year 1 Mar 12 10:00 PM,0,,0,#DIV/0!,0,,,0,,0
Year 1 Mar 12 11:00 PM,0,,0,#DIV/0!,0,,,0,,0
Year 1 Mar 13 12:00 AM,0,,0,#DIV/0!,0,,,0,,0
Year 1 Mar 13 1:00 AM,0,,0,#DIV/0!,0,,,0,,0
Year 1 Mar 13 2:00 AM,0,,0,#DIV/0!,0,,,0,,0
Year 1 Mar 13 3:00 AM,0,,0,#DIV/0!,0,,,0,,0
Year 1 Mar 13 4:00 AM,0,,0,#DIV/0!,0,,,0,,0
Year 1 Mar 13 5:00 AM,0,,0,#DIV/0!,0,,,0,,0
Year 1 Mar 13 6:00 AM,0,,0,#DIV/0!,0,,,0,,0
Year 1 Mar 13 7:00 AM,8.95459659,,8.954593176,0.999999619,3.41353E-06,,,8.95459659,,0
Year 1 Mar 13 8:00 AM,30.33093206,,30.33092438,0.999999747,7.67868E-06,,,30.33093206,,0
Year 1 Mar 13 9:00 AM,75.15086822,,75.15082482,0.999999423,4.3396E-05,,,75.15086822,,0
Year 1 Mar 13 10:00 AM,101.6294067,,101.6292645,0.999998601,0.000142211,,,101.6294067,,0
Year 1 Mar 13 11:00 AM,94.59796486,,94.59788614,0.999999168,7.87198E-05,,,94.59796486,,0
Year 1 Mar 13 12:00 PM,97.01267908,,97.01262661,0.999999459,5.24664E-05,,,97.01267908,,0
Year 1 Mar 13 1:00 PM,98.18409019,,93.20849653,0.94932383,4.975593658,,,98.18409019,,0
Year 1 Mar 13 2:00 PM,98.52711925,,89.54506922,0.908836774,8.98205003,,,98.52711925,,0
Year 1 Mar 13 3:00 PM,138.5071926,,113.2028609,0.817306732,25.30433169,,,138.5071926,,0
Year 1 Mar 13 4:00 PM,100.5394082,,78.57346304,0.781519052,21.96594517,,,100.5394082,,0
Year 1 Mar 13 5:00 PM,66.93368679,,37.70847161,0.563370605,29.22521519,,,66.93368679,,0
Year 1 Mar 13 6:00 PM,8.290318194,,6.695220379,0.807595103,1.595097814,,,8.290318194,,0
Year 1 Mar 13 7:00 PM,0,,0,#DIV/0!,0,,,0,,0
Year 1 Mar 13 8:00 PM,0,,0,#DIV/0!,0,,,0,,0
Year 1 Mar 13 9:00 PM,0,,0,#DIV/0!,0,,,0,,0
Year 1 Mar 13 10:00 PM,0,,0,#DIV/0!,0,,,0,,0
Year 1 Mar 13 11:00 PM,0,,0,#DIV/0!,0,,,0,,0
Year 1 Mar 14 12:00 AM,0,,0,#DIV/0!,0,,,0,,0
Year 1 Mar 14 1:00 AM,0,,0,#DIV/0!,0,,,0,,0
Year 1 Mar 14 2:00 AM,0,,0,#DIV/0!,0,,,0,,0
Year 1 Mar 14 3:00 AM,0,,0,#DIV/0!,0,,,0,,0
Year 1 Mar 14 4:00 AM,0,,0,#DIV/0!,0,,,0,,0
Year 1 Mar 14 5:00 AM,0,,0,#DIV/0!,0,,,0,,0
Year 1 Mar 14 6:00 AM,0,,0,#DIV/0!,0,,,0,,0
Year 1 Mar 14 7:00 AM,38.38516979,,38.38475152,0.999989103,0.000418268,,,38.38516979,,0
Year 1 Mar 14 8:00 AM,196.3810772,,196.3810309,0.999999764,4.63117E-05,,,196.3810772,,0
Year 1 Mar 14 9:00 AM,375.7333767,,375.7319333,0.999996158,0.001443433,,,375.7333767,,0
Year 1 Mar 14 10:00 AM,499.546695,,499.5421625,0.999990927,0.004532475,,,499.546695,,0
Year 1 Mar 14 11:00 AM,604.2091897,,604.2055516,0.999993979,0.003638103,,,604.2091897,,0
Year 1 Mar 14 12:00 PM,644.7724388,,644.7704099,0.999996853,0.002028867,,,644.7724388,,0
Year 1 Mar 14 1:00 PM,469.1178368,,275.5942905,0.587473485,193.5235463,,,469.1178368,,0
Year 1 Mar 14 2:00 PM,389.453037,,78.33639186,0.201144642,311.1166452,,,389.453037,,0
Year 1 Mar 14 3:00 PM,369.18088,,57.89728442,0.156826335,311.2835956,,,369.18088,,0
Year 1 Mar 14 4:00 PM,284.6221915,,44.52908186,0.156449789,240.0931096,,,284.6221915,,0
Year 1 Mar 14 5:00 PM,149.8986066,,26.60657511,0.177497148,123.2920314,,,149.8986066,,0
Year 1 Mar 14 6:00 PM,27.12210595,,11.56566953,0.426429627,15.55643642,,,27.12210595,,0
Year 1 Mar 14 7:00 PM,0,,0,#DIV/0!,0,,,0,,0
Year 1 Mar 14 8:00 PM,0,,0,#DIV/0!,0,,,0,,0
Year 1 Mar 14 9:00 PM,0,,0,#DIV/0!,0,,,0,,0
Year 1 Mar 14 10:00 PM,0,,0,#DIV/0!,0,,,0,,0
Year 1 Mar 14 11:00 PM,0,,0,#DIV/0!,0,,,0,,0
Year 1 Mar 15 12:00 AM,0,,0,#DIV/0!,0,,,0,,0
Year 1 Mar 15 1:00 AM,0,,0,#DIV/0!,0,,,0,,0
Year 1 Mar 15 2:00 AM,0,,0,#DIV/0!,0,,,0,,0
Year 1 Mar 15 3:00 AM,0,,0,#DIV/0!,0,,,0,,0
Year 1 Mar 15 4:00 AM,0,,0,#DIV/0!,0,,,0,,0
Year 1 Mar 15 5:00 AM,0,,0,#DIV/0!,0,,,0,,0
Year 1 Mar 15 6:00 AM,0,,0,#DIV/0!,0,,,0,,0
Year 1 Mar 15 7:00 AM,39.56565509,,39.56523764,0.999989449,0.000417451,,,39.56565509,,0
Year 1 Mar 15 8:00 AM,194.4317439,,194.4316973,0.999999761,4.65455E-05,,,194.4317439,,0
Year 1 Mar 15 9:00 AM,381.6790772,,381.6776128,0.999996163,0.001464362,,,381.6790772,,0
Year 1 Mar 15 10:00 AM,542.2938004,,542.2888208,0.999990818,0.004979519,,,542.2938004,,0
Year 1 Mar 15 11:00 AM,658.1292758,,658.1252813,0.99999393,0.00399453,,,658.1292758,,0
Year 1 Mar 15 12:00 PM,716.6677382,,716.6655134,0.999996896,0.002224775,,,716.6677382,,0
Year 1 Mar 15 1:00 PM,712.1051833,,331.1309533,0.465002869,380.97423,,,712.1051833,,0
Year 1 Mar 15 2:00 PM,647.3836017,,26.43677041,0.04083633,620.9468313,,,647.3836017,,0
Year 1 Mar 15 3:00 PM,525.5591091,,24.73928128,0.04707231,500.8198279,,,525.5591091,,0
Year 1 Mar 15 4:00 PM,360.9467354,,19.576519,0.054236587,341.3702164,,,360.9467354,,0
Year 1 Mar 15 5:00 PM,173.4355853,,14.30902204,0.08250338,159.1265632,,,173.4355853,,0
Year 1 Mar 15 6:00 PM,28.71331874,,7.520394266,0.261913098,21.19292447,,,28.71331874,,0
Year 1 Mar 15 7:00 PM,0,,0,#DIV/0!,0,,,0,,0
Year 1 Mar 15 8:00 PM,0,,0,#DIV/0!,0,,,0,,0
Year 1 Mar 15 9:00 PM,0,,0,#DIV/0!,0,,,0,,0
Year 1 Mar 15 10:00 PM,0,,0,#DIV/0!,0,,,0,,0
Year 1 Mar 15 11:00 PM,0,,0,#DIV/0!,0,,,0,,0
Year 1 Mar 16 12:00 AM,0,,0,#DIV/0!,0,,,0,,0
Year 1 Mar 16 1:00 AM,0,,0,#DIV/0!,0,,,0,,0
Year 1 Mar 16 2:00 AM,0,,0,#DIV/0!,0,,,0,,0
Year 1 Mar 16 3:00 AM,0,,0,#DIV/0!,0,,,0,,0
Year 1 Mar 16 4:00 AM,0,,0,#DIV/0!,0,,,0,,0
Year 1 Mar 16 5:00 AM,0,,0,#DIV/0!,0,,,0,,0
Year 1 Mar 16 6:00 AM,0,,0,#DIV/0!,0,,,0,,0
Year 1 Mar 16 7:00 AM,34.53369563,,34.53346889,0.999993434,0.000226736,,,34.53369563,,0
Year 1 Mar 16 8:00 AM,141.3773254,,141.3772935,0.999999774,3.19633E-05,,,141.3773254,,0
Year 1 Mar 16 9:00 AM,215.8427182,,215.8421453,0.999997346,0.00057286,,,215.8427182,,0
Year 1 Mar 16 10:00 AM,388.0358754,,388.0330495,0.999992717,0.00282592,,,388.0358754,,0
Year 1 Mar 16 11:00 AM,465.3879823,,465.3855931,0.999994866,0.002389178,,,465.3879823,,0
Year 1 Mar 16 12:00 PM,320.0596765,,320.059083,0.999998146,0.000593481,,,320.0596765,,0
Year 1 Mar 16 1:00 PM,427.7216023,,240.8204052,0.563030728,186.901197,,,427.7216023,,0
Year 1 Mar 16 2:00 PM,377.0633927,,93.63385592,0.24832391,283.4295368,,,377.0633927,,0
Year 1 Mar 16 3:00 PM,207.1100527,,98.15561047,0.473929726,108.9544422,,,207.1100527,,0
Year 1 Mar 16 4:00 PM,167.0743528,,67.39746724,0.403398045,99.67688559,,,167.0743528,,0
Year 1 Mar 16 5:00 PM,98.30925727,,30.40833024,0.309312989,67.90092703,,,98.30925727,,0
Year 1 Mar 16 6:00 PM,21.47529751,,14.26521547,0.664261599,7.210082038,,,21.47529751,,0
Year 1 Mar 16 7:00 PM,0,,0,#DIV/0!,0,,,0,,0
Year 1 Mar 16 8:00 PM,0,,0,#DIV/0!,0,,,0,,0
Year 1 Mar 16 9:00 PM,0,,0,#DIV/0!,0,,,0,,0
Year 1 Mar 16 10:00 PM,0,,0,#DIV/0!,0,,,0,,0
Year 1 Mar 16 11:00 PM,0,,0,#DIV/0!,0,,,0,,0
Year 1 Mar 17 12:00 AM,0,,0,#DIV/0!,0,,,0,,0
Year 1 Mar 17 1:00 AM,0,,0,#DIV/0!,0,,,0,,0
Year 1 Mar 17 2:00 AM,0,,0,#DIV/0!,0,,,0,,0
Year 1 Mar 17 3:00 AM,0,,0,#DIV/0!,0,,,0,,0
Year 1 Mar 17 4:00 AM,0,,0,#DIV/0!,0,,,0,,0
Year 1 Mar 17 5:00 AM,0,,0,#DIV/0!,0,,,0,,0
Year 1 Mar 17 6:00 AM,0,,0,#DIV/0!,0,,,0,,0
Year 1 Mar 17 7:00 AM,39.85867975,,39.85829992,0.999990471,0.000379828,,,39.85867975,,0
Year 1 Mar 17 8:00 AM,155.0064818,,155.0064479,0.999999781,3.39111E-05,,,155.0064818,,0
Year 1 Mar 17 9:00 AM,182.7879762,,182.7874421,0.999997078,0.000534099,,,182.7879762,,0
Year 1 Mar 17 10:00 AM,267.7600426,,267.7584088,0.999993898,0.001633744,,,267.7600426,,0
Year 1 Mar 17 11:00 AM,245.0370854,,245.0360831,0.999995909,0.001002359,,,245.0370854,,0
Year 1 Mar 17 12:00 PM,283.8205214,,283.8199453,0.99999797,0.000576112,,,283.8205214,,0
Year 1 Mar 17 1:00 PM,374.5269307,,216.0318803,0.576812674,158.4950504,,,374.5269307,,0
Year 1 Mar 17 2:00 PM,427.4598195,,54.70240046,0.127970859,372.757419,,,427.4598195,,0
Year 1 Mar 17 3:00 PM,478.3748741,,30.1956868,0.06312139,448.1791872,,,478.3748741,,0
Year 1 Mar 17 4:00 PM,349.9207738,,29.60789755,0.084613146,320.3128763,,,349.9207738,,0
Year 1 Mar 17 5:00 PM,164.119252,,18.75234889,0.114260507,145.3669031,,,164.119252,,0
Year 1 Mar 17 6:00 PM,26.964118,,8.364634365,0.310213535,18.59948364,,,26.964118,,0
Year 1 Mar 17 7:00 PM,0,,0,#DIV/0!,0,,,0,,0
Year 1 Mar 17 8:00 PM,0,,0,#DIV/0!,0,,,0,,0
Year 1 Mar 17 9:00 PM,0,,0,#DIV/0!,0,,,0,,0
Year 1 Mar 17 10:00 PM,0,,0,#DIV/0!,0,,,0,,0
Year 1 Mar 17 11:00 PM,0,,0,#DIV/0!,0,,,0,,0
Year 1 Mar 18 12:00 AM,0,,0,#DIV/0!,0,,,0,,0
Year 1 Mar 18 1:00 AM,0,,0,#DIV/0!,0,,,0,,0
Year 1 Mar 18 2:00 AM,0,,0,#DIV/0!,0,,,0,,0
Year 1 Mar 18 3:00 AM,0,,0,#DIV/0!,0,,,0,,0
Year 1 Mar 18 4:00 AM,0,,0,#DIV/0!,0,,,0,,0
Year 1 Mar 18 5:00 AM,0,,0,#DIV/0!,0,,,0,,0
Year 1 Mar 18 6:00 AM,0,,0,#DIV/0!,0,,,0,,0
Year 1 Mar 18 7:00 AM,37.59321228,,37.5929029,0.99999177,0.000309374,,,37.59321228,,0
Year 1 Mar 18 8:00 AM,174.8651716,,174.865129,0.999999756,4.2611E-05,,,174.8651716,,0
Year 1 Mar 18 9:00 AM,355.5765973,,355.5753107,0.999996382,0.001286637,,,355.5765973,,0
Year 1 Mar 18 10:00 AM,517.1415528,,517.1368913,0.999990986,0.004661482,,,517.1415528,,0
Year 1 Mar 18 11:00 AM,633.0451928,,633.0414118,0.999994027,0.003781006,,,633.0451928,,0
Year 1 Mar 18 12:00 PM,690.8187097,,690.8165997,0.999996946,0.002109995,,,690.8187097,,0
Year 1 Mar 18 1:00 PM,688.9237446,,327.173899,0.474905825,361.7498456,,,688.9237446,,0
Year 1 Mar 18 2:00 PM,624.9247251,,35.4399809,0.0567108,589.4847442,,,624.9247251,,0
Year 1 Mar 18 3:00 PM,501.1640895,,32.38930705,0.064628148,468.7747825,,,501.1640895,,0
Year 1 Mar 18 4:00 PM,332.5158199,,30.35709107,0.091295178,302.1587288,,,332.5158199,,0
Year 1 Mar 18 5:00 PM,150.1982071,,23.95827543,0.159511061,126.2399316,,,150.1982071,,0
Year 1 Mar 18 6:00 PM,23.48229288,,10.40122917,0.442939249,13.08106371,,,23.48229288,,0
Year 1 Mar 18 7:00 PM,0,,0,#DIV/0!,0,,,0,,0
Year 1 Mar 18 8:00 PM,0,,0,#DIV/0!,0,,,0,,0
Year 1 Mar 18 9:00 PM,0,,0,#DIV/0!,0,,,0,,0
Year 1 Mar 18 10:00 PM,0,,0,#DIV/0!,0,,,0,,0
Year 1 Mar 18 11:00 PM,0,,0,#DIV/0!,0,,,0,,0
Year 1 Mar 19 12:00 AM,0,,0,#DIV/0!,0,,,0,,0
Year 1 Mar 19 1:00 AM,0,,0,#DIV/0!,0,,,0,,0
Year 1 Mar 19 2:00 AM,0,,0,#DIV/0!,0,,,0,,0
Year 1 Mar 19 3:00 AM,0,,0,#DIV/0!,0,,,0,,0
Year 1 Mar 19 4:00 AM,0,,0,#DIV/0!,0,,,0,,0
Year 1 Mar 19 5:00 AM,0,,0,#DIV/0!,0,,,0,,0
Year 1 Mar 19 6:00 AM,0,,0,#DIV/0!,0,,,0,,0
Year 1 Mar 19 7:00 AM,32.73034109,,32.73022962,0.999996594,0.000111468,,,32.73034109,,0
Year 1 Mar 19 8:00 AM,88.35573431,,88.35571332,0.999999762,2.09911E-05,,,88.35573431,,0
Year 1 Mar 19 9:00 AM,126.8755185,,126.8754035,0.999999094,0.000115005,,,126.8755185,,0
Year 1 Mar 19 10:00 AM,280.9267278,,280.9251117,0.999994247,0.001616085,,,280.9267278,,0
Year 1 Mar 19 11:00 AM,533.3374004,,533.3345701,0.999994693,0.002830338,,,533.3374004,,0
Year 1 Mar 19 12:00 PM,616.3303697,,616.3285652,0.999997072,0.00180451,,,616.3303697,,0
Year 1 Mar 19 1:00 PM,654.5918437,,313.7293072,0.479274696,340.8625365,,,654.5918437,,0
Year 1 Mar 19 2:00 PM,590.2197164,,39.99599468,0.067764586,550.2237217,,,590.2197164,,0
Year 1 Mar 19 3:00 PM,455.1231857,,37.75197796,0.082948923,417.3712077,,,455.1231857,,0
Year 1 Mar 19 4:00 PM,306.7965106,,37.33560491,0.121695012,269.4609057,,,306.7965106,,0
Year 1 Mar 19 5:00 PM,144.7760326,,27.82168293,0.192170502,116.9543496,,,144.7760326,,0
Year 1 Mar 19 6:00 PM,23.84903755,,10.94459121,0.458911232,12.90444634,,,23.84903755,,0
Year 1 Mar 19 7:00 PM,0,,0,#DIV/0!,0,,,0,,0
Year 1 Mar 19 8:00 PM,0,,0,#DIV/0!,0,,,0,,0
Year 1 Mar 19 9:00 PM,0,,0,#DIV/0!,0,,,0,,0
Year 1 Mar 19 10:00 PM,0,,0,#DIV/0!,0,,,0,,0
Year 1 Mar 19 11:00 PM,0,,0,#DIV/0!,0,,,0,,0
Year 1 Mar 20 12:00 AM,0,,0,#DIV/0!,0,,,0,,0
Year 1 Mar 20 1:00 AM,0,,0,#DIV/0!,0,,,0,,0
Year 1 Mar 20 2:00 AM,0,,0,#DIV/0!,0,,,0,,0
Year 1 Mar 20 3:00 AM,0,,0,#DIV/0!,0,,,0,,0
Year 1 Mar 20 4:00 AM,0,,0,#DIV/0!,0,,,0,,0
Year 1 Mar 20 5:00 AM,0,,0,#DIV/0!,0,,,0,,0
Year 1 Mar 20 6:00 AM,0,,0,#DIV/0!,0,,,0,,0
Year 1 Mar 20 7:00 AM,40.3673305,,40.36698735,0.999991499,0.000343157,,,40.3673305,,0
Year 1 Mar 20 8:00 AM,180.816045,,180.8160013,0.999999758,4.36936E-05,,,180.816045,,0
Year 1 Mar 20 9:00 AM,360.9627895,,360.9614696,0.999996344,0.00131986,,,360.9627895,,0
Year 1 Mar 20 10:00 AM,522.3313017,,522.3265806,0.999990962,0.004721054,,,522.3313017,,0
Year 1 Mar 20 11:00 AM,639.3538961,,639.3500732,0.999994021,0.003822808,,,639.3538961,,0
Year 1 Mar 20 12:00 PM,698.833634,,698.8314999,0.999996946,0.002134082,,,698.833634,,0
Year 1 Mar 20 1:00 PM,694.9508111,,330.5254001,0.475609777,364.425411,,,694.9508111,,0
Year 1 Mar 20 2:00 PM,617.1634137,,43.30998962,0.070175886,573.853424,,,617.1634137,,0
Year 1 Mar 20 3:00 PM,457.1140491,,60.13135171,0.131545622,396.9826974,,,457.1140491,,0
Year 1 Mar 20 4:00 PM,298.7211641,,48.07384759,0.160932178,250.6473165,,,298.7211641,,0
Year 1 Mar 20 5:00 PM,140.2279452,,38.71699778,0.276100443,101.5109474,,,140.2279452,,0
Year 1 Mar 20 6:00 PM,26.76844358,,15.91032719,0.594368781,10.85811639,,,26.76844358,,0
Year 1 Mar 20 7:00 PM,0,,0,#DIV/0!,0,,,0,,0
Year 1 Mar 20 8:00 PM,0,,0,#DIV/0!,0,,,0,,0
Year 1 Mar 20 9:00 PM,0,,0,#DIV/0!,0,,,0,,0
Year 1 Mar 20 10:00 PM,0,,0,#DIV/0!,0,,,0,,0
Year 1 Mar 20 11:00 PM,0,,0,#DIV/0!,0,,,0,,0
Year 1 Mar 21 12:00 AM,0,,0,#DIV/0!,0,,,0,,0
Year 1 Mar 21 1:00 AM,0,,0,#DIV/0!,0,,,0,,0
Year 1 Mar 21 2:00 AM,0,,0,#DIV/0!,0,,,0,,0
Year 1 Mar 21 3:00 AM,0,,0,#DIV/0!,0,,,0,,0
Year 1 Mar 21 4:00 AM,0,,0,#DIV/0!,0,,,0,,0
Year 1 Mar 21 5:00 AM,0,,0,#DIV/0!,0,,,0,,0
Year 1 Mar 21 6:00 AM,1.231626703,,1.231626392,0.999999748,3.10687E-07,,,1.231626703,,0
Year 1 Mar 21 7:00 AM,44.8858642,,44.88543022,0.999990332,0.000433973,,,44.8858642,,0
Year 1 Mar 21 8:00 AM,197.4989208,,197.4988736,0.999999761,4.71742E-05,,,197.4989208,,0
Year 1 Mar 21 9:00 AM,381.7115759,,381.7101487,0.999996261,0.001427181,,,381.7115759,,0
Year 1 Mar 21 10:00 AM,540.5927832,,540.5878477,0.99999087,0.004935561,,,540.5927832,,0
Year 1 Mar 21 11:00 AM,648.8862595,,648.8823468,0.99999397,0.003912694,,,648.8862595,,0
Year 1 Mar 21 12:00 PM,663.2109996,,663.2089637,0.99999693,0.002035925,,,663.2109996,,0
Year 1 Mar 21 1:00 PM,656.1550175,,313.1439349,0.477240784,343.0110826,,,656.1550175,,0
Year 1 Mar 21 2:00 PM,565.2724362,,44.18362741,0.078163421,521.0888087,,,565.2724362,,0
Year 1 Mar 21 3:00 PM,405.8210353,,55.48177355,0.136714879,350.3392617,,,405.8210353,,0
Year 1 Mar 21 4:00 PM,175.8553017,,65.28924931,0.371266881,110.5660524,,,175.8553017,,0
Year 1 Mar 21 5:00 PM,100.1786645,,50.33230853,0.502425429,49.84635601,,,100.1786645,,0
Year 1 Mar 21 6:00 PM,24.08802201,,16.62296255,0.690092468,7.46505946,,,24.08802201,,0
Year 1 Mar 21 7:00 PM,0,,0,#DIV/0!,0,,,0,,0
Year 1 Mar 21 8:00 PM,0,,0,#DIV/0!,0,,,0,,0
Year 1 Mar 21 9:00 PM,0,,0,#DIV/0!,0,,,0,,0
Year 1 Mar 21 10:00 PM,0,,0,#DIV/0!,0,,,0,,0
Year 1 Mar 21 11:00 PM,0,,0,#DIV/0!,0,,,0,,0
Year 1 Mar 22 12:00 AM,0,,0,#DIV/0!,0,,,0,,0
Year 1 Mar 22 1:00 AM,0,,0,#DIV/0!,0,,,0,,0
Year 1 Mar 22 2:00 AM,0,,0,#DIV/0!,0,,,0,,0
Year 1 Mar 22 3:00 AM,0,,0,#DIV/0!,0,,,0,,0
Year 1 Mar 22 4:00 AM,0,,0,#DIV/0!,0,,,0,,0
Year 1 Mar 22 5:00 AM,0,,0,#DIV/0!,0,,,0,,0
Year 1 Mar 22 6:00 AM,2.658301473,,2.658281021,0.999992306,2.04522E-05,,,2.658301473,,0
Year 1 Mar 22 7:00 AM,53.98914819,,53.98902511,0.99999772,0.000123082,,,53.98914819,,0
Year 1 Mar 22 8:00 AM,172.442587,,172.4386889,0.999977394,0.003898172,,,172.442587,,0
Year 1 Mar 22 9:00 AM,407.8463972,,407.8426412,0.999990791,0.003756032,,,407.8463972,,0
Year 1 Mar 22 10:00 AM,552.4295054,,552.4218847,0.999986205,0.007620748,,,552.4295054,,0
Year 1 Mar 22 11:00 AM,566.7252355,,566.7222819,0.999994788,0.00295361,,,566.7252355,,0
Year 1 Mar 22 12:00 PM,406.6501179,,406.6481533,0.999995169,0.001964648,,,406.6501179,,0
Year 1 Mar 22 1:00 PM,482.1683506,,188.2264802,0.390375021,293.9418704,,,482.1683506,,0
Year 1 Mar 22 2:00 PM,330.9862743,,105.4064079,0.318461568,225.5798664,,,330.9862743,,0
Year 1 Mar 22 3:00 PM,146.1935982,,103.5860823,0.708554161,42.60751593,,,146.1935982,,0
Year 1 Mar 22 4:00 PM,85.33433563,,73.22966569,0.858150065,12.10466995,,,85.33433563,,0
Year 1 Mar 22 5:00 PM,49.49132642,,44.3653023,0.896425808,5.126024122,,,49.49132642,,0
Year 1 Mar 22 6:00 PM,16.58814234,,15.37791398,0.927042562,1.210228363,,,16.58814234,,0
Year 1 Mar 22 7:00 PM,0,,0,#DIV/0!,0,,,0,,0
Year 1 Mar 22 8:00 PM,0,,0,#DIV/0!,0,,,0,,0
Year 1 Mar 22 9:00 PM,0,,0,#DIV/0!,0,,,0,,0
Year 1 Mar 22 10:00 PM,0,,0,#DIV/0!,0,,,0,,0
Year 1 Mar 22 11:00 PM,0,,0,#DIV/0!,0,,,0,,0
Year 1 Mar 23 12:00 AM,0,,0,#DIV/0!,0,,,0,,0
Year 1 Mar 23 1:00 AM,0,,0,#DIV/0!,0,,,0,,0
Year 1 Mar 23 2:00 AM,0,,0,#DIV/0!,0,,,0,,0
Year 1 Mar 23 3:00 AM,0,,0,#DIV/0!,0,,,0,,0
Year 1 Mar 23 4:00 AM,0,,0,#DIV/0!,0,,,0,,0
Year 1 Mar 23 5:00 AM,0,,0,#DIV/0!,0,,,0,,0
Year 1 Mar 23 6:00 AM,1.446666184,,1.446662872,0.999997711,3.31203E-06,,,1.446666184,,0
Year 1 Mar 23 7:00 AM,22.63396166,,22.63395202,0.999999574,9.63196E-06,,,22.63396166,,0
Year 1 Mar 23 8:00 AM,59.42780058,,59.42752246,0.99999532,0.000278119,,,59.42780058,,0
Year 1 Mar 23 9:00 AM,85.35024015,,85.3501063,0.999998432,0.00013385,,,85.35024015,,0
Year 1 Mar 23 10:00 AM,162.9317143,,162.931214,0.999996929,0.00050032,,,162.9317143,,0
Year 1 Mar 23 11:00 AM,125.3768918,,125.3767761,0.999999077,0.000115725,,,125.3768918,,0
Year 1 Mar 23 12:00 PM,128.3204479,,128.3203179,0.999998987,0.000130016,,,128.3204479,,0
Year 1 Mar 23 1:00 PM,133.3792233,,120.7048019,0.904974545,12.67442142,,,133.3792233,,0
Year 1 Mar 23 2:00 PM,117.8094443,,104.2756628,0.885121422,13.53378147,,,117.8094443,,0
Year 1 Mar 23 3:00 PM,106.2862771,,94.13372036,0.885662034,12.15255674,,,106.2862771,,0
Year 1 Mar 23 4:00 PM,116.3778369,,95.73823622,0.822650075,20.63960067,,,116.3778369,,0
Year 1 Mar 23 5:00 PM,46.49096574,,43.17316428,0.928635566,3.317801461,,,46.49096574,,0
Year 1 Mar 23 6:00 PM,13.95598454,,13.61812373,0.975790973,0.337860809,,,13.95598454,,0
Year 1 Mar 23 7:00 PM,0,,0,#DIV/0!,0,,,0,,0
Year 1 Mar 23 8:00 PM,0,,0,#DIV/0!,0,,,0,,0
Year 1 Mar 23 9:00 PM,0,,0,#DIV/0!,0,,,0,,0
Year 1 Mar 23 10:00 PM,0,,0,#DIV/0!,0,,,0,,0
Year 1 Mar 23 11:00 PM,0,,0,#DIV/0!,0,,,0,,0
Year 1 Mar 24 12:00 AM,0,,0,#DIV/0!,0,,,0,,0
Year 1 Mar 24 1:00 AM,0,,0,#DIV/0!,0,,,0,,0
Year 1 Mar 24 2:00 AM,0,,0,#DIV/0!,0,,,0,,0
Year 1 Mar 24 3:00 AM,0,,0,#DIV/0!,0,,,0,,0
Year 1 Mar 24 4:00 AM,0,,0,#DIV/0!,0,,,0,,0
Year 1 Mar 24 5:00 AM,0,,0,#DIV/0!,0,,,0,,0
Year 1 Mar 24 6:00 AM,1.145939906,,1.145938776,0.999999015,1.12931E-06,,,1.145939906,,0
Year 1 Mar 24 7:00 AM,15.81092487,,15.81092088,0.999999748,3.98913E-06,,,15.81092487,,0
Year 1 Mar 24 8:00 AM,40.66253058,,40.66251433,0.9999996,1.62513E-05,,,40.66253058,,0
Year 1 Mar 24 9:00 AM,85.53627183,,85.53614824,0.999998555,0.000123595,,,85.53627183,,0
Year 1 Mar 24 10:00 AM,152.4513083,,152.4508862,0.999997232,0.000422048,,,152.4513083,,0
Year 1 Mar 24 11:00 AM,129.5231588,,129.5230394,0.999999078,0.000119406,,,129.5231588,,0
Year 1 Mar 24 12:00 PM,140.6694792,,140.6693469,0.99999906,0.000132282,,,140.6694792,,0
Year 1 Mar 24 1:00 PM,202.7377885,,169.8468388,0.837766063,32.89094969,,,202.7377885,,0
Year 1 Mar 24 2:00 PM,130.4172887,,112.8814024,0.865540172,17.53588623,,,130.4172887,,0
Year 1 Mar 24 3:00 PM,102.7466566,,91.83853775,0.893834805,10.90811883,,,102.7466566,,0
Year 1 Mar 24 4:00 PM,102.5654565,,87.73003576,0.855356557,14.83542074,,,102.5654565,,0
Year 1 Mar 24 5:00 PM,59.55082575,,52.82389308,0.887038801,6.726932676,,,59.55082575,,0
Year 1 Mar 24 6:00 PM,20.63610247,,18.6995172,0.906155473,1.936585274,,,20.63610247,,0
Year 1 Mar 24 7:00 PM,0,,0,#DIV/0!,0,,,0,,0
Year 1 Mar 24 8:00 PM,0,,0,#DIV/0!,0,,,0,,0
Year 1 Mar 24 9:00 PM,0,,0,#DIV/0!,0,,,0,,0
Year 1 Mar 24 10:00 PM,0,,0,#DIV/0!,0,,,0,,0
Year 1 Mar 24 11:00 PM,0,,0,#DIV/0!,0,,,0,,0
Year 1 Mar 25 12:00 AM,0,,0,#DIV/0!,0,,,0,,0
Year 1 Mar 25 1:00 AM,0,,0,#DIV/0!,0,,,0,,0
Year 1 Mar 25 2:00 AM,0,,0,#DIV/0!,0,,,0,,0
Year 1 Mar 25 3:00 AM,0,,0,#DIV/0!,0,,,0,,0
Year 1 Mar 25 4:00 AM,0,,0,#DIV/0!,0,,,0,,0
Year 1 Mar 25 5:00 AM,0,,0,#DIV/0!,0,,,0,,0
Year 1 Mar 25 6:00 AM,2.29975238,,2.299744775,0.999996693,7.60549E-06,,,2.29975238,,0
Year 1 Mar 25 7:00 AM,31.64903342,,31.64901587,0.999999445,1.75581E-05,,,31.64903342,,0
Year 1 Mar 25 8:00 AM,84.59983812,,84.59938092,0.999994596,0.0004572,,,84.59983812,,0
Year 1 Mar 25 9:00 AM,148.1451592,,148.1448081,0.99999763,0.000351076,,,148.1451592,,0
Year 1 Mar 25 10:00 AM,177.9538557,,177.953234,0.999996506,0.000621701,,,177.9538557,,0
Year 1 Mar 25 11:00 AM,209.1546539,,209.1543357,0.999998479,0.000318221,,,209.1546539,,0
Year 1 Mar 25 12:00 PM,232.3167828,,232.3163725,0.999998234,0.000410243,,,232.3167828,,0
Year 1 Mar 25 1:00 PM,237.3257512,,193.0789257,0.81356079,44.24682553,,,237.3257512,,0
Year 1 Mar 25 2:00 PM,214.0275905,,162.0449789,0.757121914,51.98261156,,,214.0275905,,0
Year 1 Mar 25 3:00 PM,171.6053737,,134.2163964,0.78212234,37.38897734,,,171.6053737,,0
Year 1 Mar 25 4:00 PM,133.0173292,,105.3684786,0.792140989,27.64885053,,,133.0173292,,0
Year 1 Mar 25 5:00 PM,82.18841106,,60.00064425,0.730037769,22.18776681,,,82.18841106,,0
Year 1 Mar 25 6:00 PM,40.79116524,,17.22529571,0.42228006,23.56586953,,,40.79116524,,0
Year 1 Mar 25 7:00 PM,0,,0,#DIV/0!,0,,,0,,0
Year 1 Mar 25 8:00 PM,0,,0,#DIV/0!,0,,,0,,0
Year 1 Mar 25 9:00 PM,0,,0,#DIV/0!,0,,,0,,0
Year 1 Mar 25 10:00 PM,0,,0,#DIV/0!,0,,,0,,0
Year 1 Mar 25 11:00 PM,0,,0,#DIV/0!,0,,,0,,0
Year 1 Mar 26 12:00 AM,0,,0,#DIV/0!,0,,,0,,0
Year 1 Mar 26 1:00 AM,0,,0,#DIV/0!,0,,,0,,0
Year 1 Mar 26 2:00 AM,0,,0,#DIV/0!,0,,,0,,0
Year 1 Mar 26 3:00 AM,0,,0,#DIV/0!,0,,,0,,0
Year 1 Mar 26 4:00 AM,0,,0,#DIV/0!,0,,,0,,0
Year 1 Mar 26 5:00 AM,0,,0,#DIV/0!,0,,,0,,0
Year 1 Mar 26 6:00 AM,3.375335571,,3.3753072,0.999991595,2.83709E-05,,,3.375335571,,0
Year 1 Mar 26 7:00 AM,76.94372201,,76.94351689,0.999997334,0.000205129,,,76.94372201,,0
Year 1 Mar 26 8:00 AM,250.8323148,,250.8243708,0.999968329,0.007944035,,,250.8323148,,0
Year 1 Mar 26 9:00 AM,441.8905685,,441.8864937,0.999990779,0.00407482,,,441.8905685,,0
Year 1 Mar 26 10:00 AM,605.6630138,,605.6545309,0.999985994,0.008482954,,,605.6630138,,0
Year 1 Mar 26 11:00 AM,719.2846967,,719.2807679,0.999994538,0.003928814,,,719.2846967,,0
Year 1 Mar 26 12:00 PM,759.7241536,,759.7195887,0.999993991,0.004564831,,,759.7241536,,0
Year 1 Mar 26 1:00 PM,701.7286615,,237.9321865,0.339065795,463.796475,,,701.7286615,,0
Year 1 Mar 26 2:00 PM,636.3319502,,62.61460667,0.098399281,573.7173435,,,636.3319502,,0
Year 1 Mar 26 3:00 PM,511.5740913,,55.21349862,0.107928645,456.3605927,,,511.5740913,,0
Year 1 Mar 26 4:00 PM,340.7427209,,57.29143312,0.168136924,283.4512878,,,340.7427209,,0
Year 1 Mar 26 5:00 PM,176.0955897,,33.95966176,0.192847883,142.1359279,,,176.0955897,,0
Year 1 Mar 26 6:00 PM,39.89622221,,18.53039652,0.464464942,21.3658257,,,39.89622221,,0
Year 1 Mar 26 7:00 PM,0,,0,#DIV/0!,0,,,0,,0
Year 1 Mar 26 8:00 PM,0,,0,#DIV/0!,0,,,0,,0
Year 1 Mar 26 9:00 PM,0,,0,#DIV/0!,0,,,0,,0
Year 1 Mar 26 10:00 PM,0,,0,#DIV/0!,0,,,0,,0
Year 1 Mar 26 11:00 PM,0,,0,#DIV/0!,0,,,0,,0
Year 1 Mar 27 12:00 AM,0,,0,#DIV/0!,0,,,0,,0
Year 1 Mar 27 1:00 AM,0,,0,#DIV/0!,0,,,0,,0
Year 1 Mar 27 2:00 AM,0,,0,#DIV/0!,0,,,0,,0
Year 1 Mar 27 3:00 AM,0,,0,#DIV/0!,0,,,0,,0
Year 1 Mar 27 4:00 AM,0,,0,#DIV/0!,0,,,0,,0
Year 1 Mar 27 5:00 AM,0,,0,#DIV/0!,0,,,0,,0
Year 1 Mar 27 6:00 AM,1.429461117,,1.429460442,0.999999527,6.75597E-07,,,1.429461117,,0
Year 1 Mar 27 7:00 AM,19.06076229,,19.06075518,0.999999627,7.11193E-06,,,19.06076229,,0
Year 1 Mar 27 8:00 AM,61.7243017,,61.72396457,0.999994538,0.000337126,,,61.7243017,,0
Year 1 Mar 27 9:00 AM,62.09341968,,62.09337241,0.999999239,4.72711E-05,,,62.09341968,,0
Year 1 Mar 27 10:00 AM,91.75234421,,91.75223407,0.9999988,0.000110143,,,91.75234421,,0
Year 1 Mar 27 11:00 AM,211.0146124,,211.0141049,0.999997595,0.000507426,,,211.0146124,,0
Year 1 Mar 27 12:00 PM,471.1682269,,471.1658376,0.999994929,0.002389293,,,471.1682269,,0
Year 1 Mar 27 1:00 PM,567.6097311,,189.9867777,0.334713743,377.6229534,,,567.6097311,,0
Year 1 Mar 27 2:00 PM,409.3947603,,82.32711965,0.201094708,327.0676407,,,409.3947603,,0
Year 1 Mar 27 3:00 PM,298.6679183,,111.6666424,0.37388228,187.001276,,,298.6679183,,0
Year 1 Mar 27 4:00 PM,192.2115166,,76.90410827,0.400101459,115.3074083,,,192.2115166,,0
Year 1 Mar 27 5:00 PM,73.93206483,,53.69744473,0.726307927,20.2346201,,,73.93206483,,0
Year 1 Mar 27 6:00 PM,35.26669548,,21.87571922,0.620293989,13.39097626,,,35.26669548,,0
Year 1 Mar 27 7:00 PM,0,,0,#DIV/0!,0,,,0,,0
Year 1 Mar 27 8:00 PM,0,,0,#DIV/0!,0,,,0,,0
Year 1 Mar 27 9:00 PM,0,,0,#DIV/0!,0,,,0,,0
Year 1 Mar 27 10:00 PM,0,,0,#DIV/0!,0,,,0,,0
Year 1 Mar 27 11:00 PM,0,,0,#DIV/0!,0,,,0,,0
Year 1 Mar 28 12:00 AM,0,,0,#DIV/0!,0,,,0,,0
Year 1 Mar 28 1:00 AM,0,,0,#DIV/0!,0,,,0,,0
Year 1 Mar 28 2:00 AM,0,,0,#DIV/0!,0,,,0,,0
Year 1 Mar 28 3:00 AM,0,,0,#DIV/0!,0,,,0,,0
Year 1 Mar 28 4:00 AM,0,,0,#DIV/0!,0,,,0,,0
Year 1 Mar 28 5:00 AM,0,,0,#DIV/0!,0,,,0,,0
Year 1 Mar 28 6:00 AM,2.468576468,,2.468573058,0.999998619,3.40964E-06,,,2.468576468,,0
Year 1 Mar 28 7:00 AM,29.68729827,,29.68726784,0.999998975,3.04308E-05,,,29.68729827,,0
Year 1 Mar 28 8:00 AM,84.47817077,,84.47640891,0.999979144,0.001761869,,,84.47817077,,0
Year 1 Mar 28 9:00 AM,57.10195421,,57.10191238,0.999999267,4.18327E-05,,,57.10195421,,0
Year 1 Mar 28 10:00 AM,88.12073504,,88.12063147,0.999998825,0.000103578,,,88.12073504,,0
Year 1 Mar 28 11:00 AM,175.1167856,,175.1165448,0.999998625,0.00024075,,,175.1167856,,0
Year 1 Mar 28 12:00 PM,182.5793799,,182.5791178,0.999998565,0.000262092,,,182.5793799,,0
Year 1 Mar 28 1:00 PM,202.3234076,,169.2543616,0.836553534,33.06904604,,,202.3234076,,0
Year 1 Mar 28 2:00 PM,157.6328978,,130.350444,0.826924112,27.28245379,,,157.6328978,,0
Year 1 Mar 28 3:00 PM,108.3096256,,94.15679541,0.869329895,14.15283019,,,108.3096256,,0
Year 1 Mar 28 4:00 PM,106.1754384,,89.49626647,0.842909319,16.67917189,,,106.1754384,,0
Year 1 Mar 28 5:00 PM,41.30338156,,39.64890083,0.959943214,1.654480727,,,41.30338156,,0
Year 1 Mar 28 6:00 PM,13.1198147,,13.06892066,0.996120827,0.050894032,,,13.1198147,,0
Year 1 Mar 28 7:00 PM,0,,0,#DIV/0!,0,,,0,,0
Year 1 Mar 28 8:00 PM,0,,0,#DIV/0!,0,,,0,,0
Year 1 Mar 28 9:00 PM,0,,0,#DIV/0!,0,,,0,,0
Year 1 Mar 28 10:00 PM,0,,0,#DIV/0!,0,,,0,,0
Year 1 Mar 28 11:00 PM,0,,0,#DIV/0!,0,,,0,,0
Year 1 Mar 29 12:00 AM,0,,0,#DIV/0!,0,,,0,,0
Year 1 Mar 29 1:00 AM,0,,0,#DIV/0!,0,,,0,,0
Year 1 Mar 29 2:00 AM,0,,0,#DIV/0!,0,,,0,,0
Year 1 Mar 29 3:00 AM,0,,0,#DIV/0!,0,,,0,,0
Year 1 Mar 29 4:00 AM,0,,0,#DIV/0!,0,,,0,,0
Year 1 Mar 29 5:00 AM,0,,0,#DIV/0!,0,,,0,,0
Year 1 Mar 29 6:00 AM,5.413402507,,5.413391635,0.999997992,1.08718E-05,,,5.413402507,,0
Year 1 Mar 29 7:00 AM,38.2995602,,38.29953467,0.999999334,2.5523E-05,,,38.2995602,,0
Year 1 Mar 29 8:00 AM,76.16042841,,76.16009945,0.999995681,0.000328952,,,76.16042841,,0
Year 1 Mar 29 9:00 AM,138.2356986,,138.2353979,0.999997825,0.000300655,,,138.2356986,,0
Year 1 Mar 29 10:00 AM,164.0901329,,164.0896094,0.99999681,0.0005235,,,164.0901329,,0
Year 1 Mar 29 11:00 AM,205.7350092,,205.7346936,0.999998466,0.000315676,,,205.7350092,,0
Year 1 Mar 29 12:00 PM,223.6882136,,223.6878315,0.999998292,0.00038208,,,223.6882136,,0
Year 1 Mar 29 1:00 PM,227.068068,,186.6420969,0.821965407,40.4259711,,,227.068068,,0
Year 1 Mar 29 2:00 PM,192.2463043,,150.8032223,0.784427159,41.44308201,,,192.2463043,,0
Year 1 Mar 29 3:00 PM,172.3245651,,135.7500578,0.787758018,36.57450729,,,172.3245651,,0
Year 1 Mar 29 4:00 PM,91.95420787,,81.41797378,0.885418685,10.53623409,,,91.95420787,,0
Year 1 Mar 29 5:00 PM,66.53183955,,58.17973245,0.87446451,8.352107097,,,66.53183955,,0
Year 1 Mar 29 6:00 PM,24.37518369,,22.01904657,0.903338693,2.356137115,,,24.37518369,,0
Year 1 Mar 29 7:00 PM,0,,0,#DIV/0!,0,,,0,,0
Year 1 Mar 29 8:00 PM,0,,0,#DIV/0!,0,,,0,,0
Year 1 Mar 29 9:00 PM,0,,0,#DIV/0!,0,,,0,,0
Year 1 Mar 29 10:00 PM,0,,0,#DIV/0!,0,,,0,,0
Year 1 Mar 29 11:00 PM,0,,0,#DIV/0!,0,,,0,,0
Year 1 Mar 30 12:00 AM,0,,0,#DIV/0!,0,,,0,,0
Year 1 Mar 30 1:00 AM,0,,0,#DIV/0!,0,,,0,,0
Year 1 Mar 30 2:00 AM,0,,0,#DIV/0!,0,,,0,,0
Year 1 Mar 30 3:00 AM,0,,0,#DIV/0!,0,,,0,,0
Year 1 Mar 30 4:00 AM,0,,0,#DIV/0!,0,,,0,,0
Year 1 Mar 30 5:00 AM,0,,0,#DIV/0!,0,,,0,,0
Year 1 Mar 30 6:00 AM,4.530139756,,4.530133829,0.999998692,5.9273E-06,,,4.530139756,,0
Year 1 Mar 30 7:00 AM,35.23690892,,35.23689023,0.99999947,1.86863E-05,,,35.23690892,,0
Year 1 Mar 30 8:00 AM,87.68312923,,87.68262685,0.99999427,0.000502389,,,87.68312923,,0
Year 1 Mar 30 9:00 AM,140.1527278,,140.1524313,0.999997884,0.000296547,,,140.1527278,,0
Year 1 Mar 30 10:00 AM,182.4785497,,182.4779521,0.999996725,0.000597611,,,182.4785497,,0
Year 1 Mar 30 11:00 AM,222.6223897,,222.6220374,0.999998418,0.000352249,,,222.6223897,,0
Year 1 Mar 30 12:00 PM,253.6649043,,253.664423,0.999998103,0.000481278,,,253.6649043,,0
Year 1 Mar 30 1:00 PM,239.7740653,,196.2245262,0.818372604,43.54953906,,,239.7740653,,0
Year 1 Mar 30 2:00 PM,214.3691038,,163.3794759,0.762140966,50.98962789,,,214.3691038,,0
Year 1 Mar 30 3:00 PM,190.1077182,,145.1350171,0.763435691,44.97270104,,,190.1077182,,0
Year 1 Mar 30 4:00 PM,132.3114268,,106.0926135,0.801840144,26.21881335,,,132.3114268,,0
Year 1 Mar 30 5:00 PM,79.65154636,,66.25251227,0.83177936,13.39903408,,,79.65154636,,0
Year 1 Mar 30 6:00 PM,28.15670271,,24.6641664,0.875960749,3.492536308,,,28.15670271,,0
Year 1 Mar 30 7:00 PM,0,,0,#DIV/0!,0,,,0,,0
Year 1 Mar 30 8:00 PM,0,,0,#DIV/0!,0,,,0,,0
Year 1 Mar 30 9:00 PM,0,,0,#DIV/0!,0,,,0,,0
Year 1 Mar 30 10:00 PM,0,,0,#DIV/0!,0,,,0,,0
Year 1 Mar 30 11:00 PM,0,,0,#DIV/0!,0,,,0,,0
Year 1 Mar 31 12:00 AM,0,,0,#DIV/0!,0,,,0,,0
Year 1 Mar 31 1:00 AM,0,,0,#DIV/0!,0,,,0,,0
Year 1 Mar 31 2:00 AM,0,,0,#DIV/0!,0,,,0,,0
Year 1 Mar 31 3:00 AM,0,,0,#DIV/0!,0,,,0,,0
Year 1 Mar 31 4:00 AM,0,,0,#DIV/0!,0,,,0,,0
Year 1 Mar 31 5:00 AM,0,,0,#DIV/0!,0,,,0,,0
Year 1 Mar 31 6:00 AM,3.051663407,,3.051662175,0.999999596,1.2325E-06,,,3.051663407,,0
Year 1 Mar 31 7:00 AM,22.72840924,,22.72840338,0.999999742,5.85888E-06,,,22.72840924,,0
Year 1 Mar 31 8:00 AM,55.17720733,,55.17708873,0.999997851,0.000118598,,,55.17720733,,0
Year 1 Mar 31 9:00 AM,98.50447957,,98.50432479,0.999998429,0.000154784,,,98.50447957,,0
Year 1 Mar 31 10:00 AM,179.7347635,,179.7342563,0.999997178,0.000507262,,,179.7347635,,0
Year 1 Mar 31 11:00 AM,217.6418266,,217.6414891,0.999998449,0.00033747,,,217.6418266,,0
Year 1 Mar 31 12:00 PM,214.0666378,,214.0662644,0.999998256,0.000373366,,,214.0666378,,0
Year 1 Mar 31 1:00 PM,139.1431188,,127.1411574,0.913743766,12.00196139,,,139.1431188,,0
Year 1 Mar 31 2:00 PM,129.8175174,,113.3831277,0.873403913,16.43438968,,,129.8175174,,0
Year 1 Mar 31 3:00 PM,153.5399571,,125.3180542,0.816191802,28.22190291,,,153.5399571,,0
Year 1 Mar 31 4:00 PM,76.31018848,,70.06888065,0.918211343,6.241307831,,,76.31018848,,0
Year 1 Mar 31 5:00 PM,40.66698627,,39.59894158,0.973736812,1.068044693,,,40.66698627,,0
Year 1 Mar 31 6:00 PM,15.95491298,,15.83906578,0.992739089,0.115847203,,,15.95491298,,0
Year 1 Mar 31 7:00 PM,1.080957762,,0.962717845,0.890615599,0.118239918,,,1.080957762,,0
Year 1 Mar 31 8:00 PM,0,,0,#DIV/0!,0,,,0,,0
Year 1 Mar 31 9:00 PM,0,,0,#DIV/0!,0,,,0,,0
Year 1 Mar 31 10:00 PM,0,,0,#DIV/0!,0,,,0,,0
Year 1 Mar 31 11:00 PM,0,,0,#DIV/0!,0,,,0,,0
Year 1 Apr 01 12:00 AM,0,,0,#DIV/0!,0,,,0,,0
Year 1 Apr 01 1:00 AM,0,,0,#DIV/0!,0,,,0,,0
Year 1 Apr 01 2:00 AM,0,,0,#DIV/0!,0,,,0,,0
Year 1 Apr 01 3:00 AM,0,,0,#DIV/0!,0,,,0,,0
Year 1 Apr 01 4:00 AM,0,,0,#DIV/0!,0,,,0,,0
Year 1 Apr 01 5:00 AM,0,,0,#DIV/0!,0,,,0,,0
Year 1 Apr 01 6:00 AM,9.193872458,,9.193829361,0.999995312,4.30968E-05,,,9.193872458,,0
Year 1 Apr 01 7:00 AM,104.6884708,,104.688229,0.99999769,0.00024187,,,104.6884708,,0
Year 1 Apr 01 8:00 AM,268.8038193,,268.7958561,0.999970375,0.007963239,,,268.8038193,,0
Year 1 Apr 01 9:00 AM,429.7537514,,429.7502143,0.999991769,0.003537119,,,429.7537514,,0
Year 1 Apr 01 10:00 AM,434.8949955,,434.8888085,0.999985774,0.006187006,,,434.8949955,,0
Year 1 Apr 01 11:00 AM,242.2181769,,242.2175398,0.99999737,0.000637058,,,242.2181769,,0
Year 1 Apr 01 12:00 PM,156.5414027,,156.541157,0.999998431,0.000245683,,,156.5414027,,0
Year 1 Apr 01 1:00 PM,101.1774332,,96.13279859,0.950140714,5.044634586,,,101.1774332,,0
Year 1 Apr 01 2:00 PM,88.5141565,,83.15399063,0.939442841,5.360165864,,,88.5141565,,0
Year 1 Apr 01 3:00 PM,71.37576578,,68.61600666,0.961334788,2.759759115,,,71.37576578,,0
Year 1 Apr 01 4:00 PM,47.7430158,,47.56631982,0.996299019,0.176695985,,,47.7430158,,0
Year 1 Apr 01 5:00 PM,39.29486277,,38.54298205,0.980865674,0.751880722,,,39.29486277,,0
Year 1 Apr 01 6:00 PM,19.83467359,,19.08521681,0.962214816,0.749456782,,,19.83467359,,0
Year 1 Apr 01 7:00 PM,1.257120129,,1.092741962,0.869242276,0.164378167,,,1.257120129,,0
Year 1 Apr 01 8:00 PM,0,,0,#DIV/0!,0,,,0,,0
Year 1 Apr 01 9:00 PM,0,,0,#DIV/0!,0,,,0,,0
Year 1 Apr 01 10:00 PM,0,,0,#DIV/0!,0,,,0,,0
Year 1 Apr 01 11:00 PM,0,,0,#DIV/0!,0,,,0,,0
Year 1 Apr 02 12:00 AM,0,,0,#DIV/0!,0,,,0,,0
Year 1 Apr 02 1:00 AM,0,,0,#DIV/0!,0,,,0,,0
Year 1 Apr 02 2:00 AM,0,,0,#DIV/0!,0,,,0,,0
Year 1 Apr 02 3:00 AM,0,,0,#DIV/0!,0,,,0,,0
Year 1 Apr 02 4:00 AM,0,,0,#DIV/0!,0,,,0,,0
Year 1 Apr 02 5:00 AM,0,,0,#DIV/0!,0,,,0,,0
Year 1 Apr 02 6:00 AM,4.864526825,,4.864523322,0.99999928,3.5038E-06,,,4.864526825,,0
Year 1 Apr 02 7:00 AM,26.5971647,,26.59715577,0.999999664,8.92921E-06,,,26.5971647,,0
Year 1 Apr 02 8:00 AM,61.46972897,,61.46970671,0.999999638,2.22567E-05,,,61.46972897,,0
Year 1 Apr 02 9:00 AM,225.155827,,225.1545975,0.999994539,0.00122948,,,225.155827,,0
Year 1 Apr 02 10:00 AM,189.9264171,,189.9250003,0.99999254,0.0014168,,,189.9264171,,0
Year 1 Apr 02 11:00 AM,201.7501975,,201.7497784,0.999997922,0.000419159,,,201.7501975,,0
Year 1 Apr 02 12:00 PM,137.3510884,,137.3509306,0.999998851,0.000157774,,,137.3510884,,0
Year 1 Apr 02 1:00 PM,194.0201927,,158.4363125,0.816597027,35.58388022,,,194.0201927,,0
Year 1 Apr 02 2:00 PM,139.8143656,,117.304969,0.839005123,22.50939654,,,139.8143656,,0
Year 1 Apr 02 3:00 PM,95.84697186,,87.52191622,0.913142215,8.32505564,,,95.84697186,,0
Year 1 Apr 02 4:00 PM,58.09652912,,56.39086311,0.970640828,1.705666002,,,58.09652912,,0
Year 1 Apr 02 5:00 PM,31.90988627,,31.89131621,0.999418047,0.018570059,,,31.90988627,,0
Year 1 Apr 02 6:00 PM,10.80542925,,10.80542652,0.999999748,2.72575E-06,,,10.80542925,,0
Year 1 Apr 02 7:00 PM,0.5925055,,0.592505351,0.999999748,1.49464E-07,,,0.5925055,,0
Year 1 Apr 02 8:00 PM,0,,0,#DIV/0!,0,,,0,,0
Year 1 Apr 02 9:00 PM,0,,0,#DIV/0!,0,,,0,,0
Year 1 Apr 02 10:00 PM,0,,0,#DIV/0!,0,,,0,,0
Year 1 Apr 02 11:00 PM,0,,0,#DIV/0!,0,,,0,,0
Year 1 Apr 03 12:00 AM,0,,0,#DIV/0!,0,,,0,,0
Year 1 Apr 03 1:00 AM,0,,0,#DIV/0!,0,,,0,,0
Year 1 Apr 03 2:00 AM,0,,0,#DIV/0!,0,,,0,,0
Year 1 Apr 03 3:00 AM,0,,0,#DIV/0!,0,,,0,,0
Year 1 Apr 03 4:00 AM,0,,0,#DIV/0!,0,,,0,,0
Year 1 Apr 03 5:00 AM,0,,0,#DIV/0!,0,,,0,,0
Year 1 Apr 03 6:00 AM,11.33881682,,11.3387791,0.999996673,3.77256E-05,,,11.33881682,,0
Year 1 Apr 03 7:00 AM,71.38309774,,71.38298566,0.99999843,0.000112077,,,71.38309774,,0
Year 1 Apr 03 8:00 AM,66.24991145,,66.24949599,0.999993729,0.000415464,,,66.24991145,,0
Year 1 Apr 03 9:00 AM,90.78480366,,90.78469909,0.999998848,0.000104572,,,90.78480366,,0
Year 1 Apr 03 10:00 AM,117.5461314,,117.5459172,0.999998178,0.000214133,,,117.5461314,,0
Year 1 Apr 03 11:00 AM,140.2328696,,140.2327151,0.999998898,0.000154527,,,140.2328696,,0
Year 1 Apr 03 12:00 PM,156.6486552,,156.6484469,0.99999867,0.000208349,,,156.6486552,,0
Year 1 Apr 03 1:00 PM,221.1363567,,114.6034018,0.518247671,106.5329549,,,221.1363567,,0
Year 1 Apr 03 2:00 PM,515.7531265,,99.37067827,0.192671015,416.3824483,,,515.7531265,,0
Year 1 Apr 03 3:00 PM,466.1779027,,76.86595515,0.164885454,389.3119476,,,466.1779027,,0
Year 1 Apr 03 4:00 PM,334.9981161,,67.0987305,0.200295844,267.8993856,,,334.9981161,,0
Year 1 Apr 03 5:00 PM,185.650741,,49.77969544,0.26813626,135.8710455,,,185.650741,,0
Year 1 Apr 03 6:00 PM,55.24230422,,22.63616303,0.409761384,32.60614118,,,55.24230422,,0
Year 1 Apr 03 7:00 PM,1.905710152,,1.356708348,0.711917469,0.549001803,,,1.905710152,,0
Year 1 Apr 03 8:00 PM,0,,0,#DIV/0!,0,,,0,,0
Year 1 Apr 03 9:00 PM,0,,0,#DIV/0!,0,,,0,,0
Year 1 Apr 03 10:00 PM,0,,0,#DIV/0!,0,,,0,,0
Year 1 Apr 03 11:00 PM,0,,0,#DIV/0!,0,,,0,,0
Year 1 Apr 04 12:00 AM,0,,0,#DIV/0!,0,,,0,,0
Year 1 Apr 04 1:00 AM,0,,0,#DIV/0!,0,,,0,,0
Year 1 Apr 04 2:00 AM,0,,0,#DIV/0!,0,,,0,,0
Year 1 Apr 04 3:00 AM,0,,0,#DIV/0!,0,,,0,,0
Year 1 Apr 04 4:00 AM,0,,0,#DIV/0!,0,,,0,,0
Year 1 Apr 04 5:00 AM,0,,0,#DIV/0!,0,,,0,,0
Year 1 Apr 04 6:00 AM,11.1682161,,11.16817626,0.999996432,3.98434E-05,,,11.1682161,,0
Year 1 Apr 04 7:00 AM,89.21270793,,89.21253641,0.999998077,0.000171517,,,89.21270793,,0
Year 1 Apr 04 8:00 AM,168.4456383,,168.4426508,0.999982265,0.002987455,,,168.4456383,,0
Year 1 Apr 04 9:00 AM,357.6206219,,357.6178938,0.999992372,0.002728049,,,357.6206219,,0
Year 1 Apr 04 10:00 AM,419.7788801,,419.7733969,0.999986938,0.005483114,,,419.7788801,,0
Year 1 Apr 04 11:00 AM,172.7654941,,172.7652046,0.999998324,0.000289577,,,172.7654941,,0
Year 1 Apr 04 12:00 PM,112.474968,,112.4748705,0.999999133,9.74885E-05,,,112.474968,,0
Year 1 Apr 04 1:00 PM,106.5792678,,100.0597277,0.938829191,6.519540067,,,106.5792678,,0
Year 1 Apr 04 2:00 PM,97.735958,,90.44097407,0.925360286,7.294983926,,,97.735958,,0
Year 1 Apr 04 3:00 PM,73.87554613,,70.74890579,0.957676924,3.126640346,,,73.87554613,,0
Year 1 Apr 04 4:00 PM,55.97280512,,54.73645137,0.977911528,1.236353749,,,55.97280512,,0
Year 1 Apr 04 5:00 PM,45.18067532,,43.48748365,0.962523985,1.69319167,,,45.18067532,,0
Year 1 Apr 04 6:00 PM,20.73044076,,20.07163733,0.968220482,0.658803423,,,20.73044076,,0
Year 1 Apr 04 7:00 PM,1.262604269,,1.156811886,0.916210973,0.105792383,,,1.262604269,,0
Year 1 Apr 04 8:00 PM,0,,0,#DIV/0!,0,,,0,,0
Year 1 Apr 04 9:00 PM,0,,0,#DIV/0!,0,,,0,,0
Year 1 Apr 04 10:00 PM,0,,0,#DIV/0!,0,,,0,,0
Year 1 Apr 04 11:00 PM,0,,0,#DIV/0!,0,,,0,,0
Year 1 Apr 05 12:00 AM,0,,0,#DIV/0!,0,,,0,,0
Year 1 Apr 05 1:00 AM,0,,0,#DIV/0!,0,,,0,,0
Year 1 Apr 05 2:00 AM,0,,0,#DIV/0!,0,,,0,,0
Year 1 Apr 05 3:00 AM,0,,0,#DIV/0!,0,,,0,,0
Year 1 Apr 05 4:00 AM,0,,0,#DIV/0!,0,,,0,,0
Year 1 Apr 05 5:00 AM,0,,0,#DIV/0!,0,,,0,,0
Year 1 Apr 05 6:00 AM,10.36786608,,10.36783189,0.999996703,3.41828E-05,,,10.36786608,,0
Year 1 Apr 05 7:00 AM,86.48896817,,86.4888102,0.999998174,0.000157965,,,86.48896817,,0
Year 1 Apr 05 8:00 AM,195.2339777,,195.2296084,0.99997762,0.0043693,,,195.2339777,,0
Year 1 Apr 05 9:00 AM,314.5038602,,314.5016558,0.999992991,0.002204389,,,314.5038602,,0
Year 1 Apr 05 10:00 AM,369.7419047,,369.737817,0.999988945,0.004087645,,,369.7419047,,0
Year 1 Apr 05 11:00 AM,260.7610621,,260.7603914,0.999997428,0.000670677,,,260.7610621,,0
Year 1 Apr 05 12:00 PM,224.5335594,,224.5331414,0.999998138,0.000417969,,,224.5335594,,0
Year 1 Apr 05 1:00 PM,222.4304492,,174.4043249,0.784084758,48.02612438,,,222.4304492,,0
Year 1 Apr 05 2:00 PM,110.3774263,,98.30036444,0.890583951,12.07706183,,,110.3774263,,0
Year 1 Apr 05 3:00 PM,81.30257448,,75.1913926,0.924834091,6.111181883,,,81.30257448,,0
Year 1 Apr 05 4:00 PM,114.4906199,,92.83874793,0.810885189,21.65187199,,,114.4906199,,0
Year 1 Apr 05 5:00 PM,71.54337632,,55.15965388,0.770995957,16.38372244,,,71.54337632,,0
Year 1 Apr 05 6:00 PM,51.84632547,,26.78391854,0.51660206,25.06240693,,,51.84632547,,0
Year 1 Apr 05 7:00 PM,2.379268721,,1.670660142,0.702173793,0.708608579,,,2.379268721,,0
Year 1 Apr 05 8:00 PM,0,,0,#DIV/0!,0,,,0,,0
Year 1 Apr 05 9:00 PM,0,,0,#DIV/0!,0,,,0,,0
Year 1 Apr 05 10:00 PM,0,,0,#DIV/0!,0,,,0,,0
Year 1 Apr 05 11:00 PM,0,,0,#DIV/0!,0,,,0,,0
Year 1 Apr 06 12:00 AM,0,,0,#DIV/0!,0,,,0,,0
Year 1 Apr 06 1:00 AM,0,,0,#DIV/0!,0,,,0,,0
Year 1 Apr 06 2:00 AM,0,,0,#DIV/0!,0,,,0,,0
Year 1 Apr 06 3:00 AM,0,,0,#DIV/0!,0,,,0,,0
Year 1 Apr 06 4:00 AM,0,,0,#DIV/0!,0,,,0,,0
Year 1 Apr 06 5:00 AM,0,,0,#DIV/0!,0,,,0,,0
Year 1 Apr 06 6:00 AM,12.04166562,,12.041611,0.999995464,5.46236E-05,,,12.04166562,,0
Year 1 Apr 06 7:00 AM,119.2677863,,119.2675025,0.999997621,0.000283794,,,119.2677863,,0
Year 1 Apr 06 8:00 AM,281.9512063,,281.9425549,0.999969316,0.008651402,,,281.9512063,,0
Year 1 Apr 06 9:00 AM,439.7839591,,439.7801601,0.999991362,0.003799047,,,439.7839591,,0
Year 1 Apr 06 10:00 AM,605.746984,,605.7388303,0.999986539,0.008153721,,,605.746984,,0
Year 1 Apr 06 11:00 AM,705.1440414,,705.1402524,0.999994627,0.003789016,,,705.1440414,,0
Year 1 Apr 06 12:00 PM,725.3740049,,725.3697876,0.999994186,0.004217373,,,725.3740049,,0
Year 1 Apr 06 1:00 PM,748.5953436,,233.5377738,0.311967975,515.0575699,,,748.5953436,,0
Year 1 Apr 06 2:00 PM,678.9286129,,44.22995648,0.065146697,634.6986564,,,678.9286129,,0
Year 1 Apr 06 3:00 PM,561.0780253,,46.66336703,0.08316734,514.4146583,,,561.0780253,,0
Year 1 Apr 06 4:00 PM,377.1419878,,56.1968858,0.149007238,320.945102,,,377.1419878,,0
Year 1 Apr 06 5:00 PM,201.0277734,,45.16930264,0.224691852,155.8584708,,,201.0277734,,0
Year 1 Apr 06 6:00 PM,66.54900675,,21.26799137,0.319583904,45.28101538,,,66.54900675,,0
Year 1 Apr 06 7:00 PM,1.964483175,,1.367326807,0.696023679,0.597156368,,,1.964483175,,0
Year 1 Apr 06 8:00 PM,0,,0,#DIV/0!,0,,,0,,0
Year 1 Apr 06 9:00 PM,0,,0,#DIV/0!,0,,,0,,0
Year 1 Apr 06 10:00 PM,0,,0,#DIV/0!,0,,,0,,0
Year 1 Apr 06 11:00 PM,0,,0,#DIV/0!,0,,,0,,0
Year 1 Apr 07 12:00 AM,0,,0,#DIV/0!,0,,,0,,0
Year 1 Apr 07 1:00 AM,0,,0,#DIV/0!,0,,,0,,0
Year 1 Apr 07 2:00 AM,0,,0,#DIV/0!,0,,,0,,0
Year 1 Apr 07 3:00 AM,0,,0,#DIV/0!,0,,,0,,0
Year 1 Apr 07 4:00 AM,0,,0,#DIV/0!,0,,,0,,0
Year 1 Apr 07 5:00 AM,0,,0,#DIV/0!,0,,,0,,0
Year 1 Apr 07 6:00 AM,4.490568,,4.490566867,0.999999748,1.13278E-06,,,4.490568,,0
Year 1 Apr 07 7:00 AM,24.77303967,,24.77303344,0.999999748,6.2332E-06,,,24.77303967,,0
Year 1 Apr 07 8:00 AM,34.75512525,,34.75511648,0.999999748,8.76724E-06,,,34.75512525,,0
Year 1 Apr 07 9:00 AM,53.48156904,,53.48154923,0.99999963,1.98096E-05,,,53.48156904,,0
Year 1 Apr 07 10:00 AM,71.55910537,,71.55905879,0.999999349,4.65796E-05,,,71.55910537,,0
Year 1 Apr 07 11:00 AM,79.53978883,,79.53974942,0.999999504,3.94148E-05,,,79.53978883,,0
Year 1 Apr 07 12:00 PM,89.74320747,,89.74315187,0.99999938,5.55972E-05,,,89.74320747,,0
Year 1 Apr 07 1:00 PM,90.91968667,,86.74715216,0.954107469,4.172534505,,,90.91968667,,0
Year 1 Apr 07 2:00 PM,93.92178651,,87.53742072,0.932024656,6.38436579,,,93.92178651,,0
Year 1 Apr 07 3:00 PM,80.32217318,,76.04211454,0.946713859,4.280058647,,,80.32217318,,0
Year 1 Apr 07 4:00 PM,74.95480555,,70.00770232,0.933998852,4.94710323,,,74.95480555,,0
Year 1 Apr 07 5:00 PM,40.96871875,,40.23987727,0.982209805,0.728841486,,,40.96871875,,0
Year 1 Apr 07 6:00 PM,22.1634826,,21.43688588,0.967216491,0.726596724,,,22.1634826,,0
Year 1 Apr 07 7:00 PM,1.414085866,,1.318416796,0.932345643,0.09566907,,,1.414085866,,0
Year 1 Apr 07 8:00 PM,0,,0,#DIV/0!,0,,,0,,0
Year 1 Apr 07 9:00 PM,0,,0,#DIV/0!,0,,,0,,0
Year 1 Apr 07 10:00 PM,0,,0,#DIV/0!,0,,,0,,0
Year 1 Apr 07 11:00 PM,0,,0,#DIV/0!,0,,,0,,0
Year 1 Apr 08 12:00 AM,0,,0,#DIV/0!,0,,,0,,0
Year 1 Apr 08 1:00 AM,0,,0,#DIV/0!,0,,,0,,0
Year 1 Apr 08 2:00 AM,0,,0,#DIV/0!,0,,,0,,0
Year 1 Apr 08 3:00 AM,0,,0,#DIV/0!,0,,,0,,0
Year 1 Apr 08 4:00 AM,0,,0,#DIV/0!,0,,,0,,0
Year 1 Apr 08 5:00 AM,0,,0,#DIV/0!,0,,,0,,0
Year 1 Apr 08 6:00 AM,5.445462109,,5.445460038,0.99999962,2.07184E-06,,,5.445462109,,0
Year 1 Apr 08 7:00 AM,30.16197811,,30.16196807,0.999999667,1.00408E-05,,,30.16197811,,0
Year 1 Apr 08 8:00 AM,41.74509924,,41.74508846,0.999999742,1.0779E-05,,,41.74509924,,0
Year 1 Apr 08 9:00 AM,55.36890031,,55.36887991,0.999999632,2.04011E-05,,,55.36890031,,0
Year 1 Apr 08 10:00 AM,62.75245025,,62.75242164,0.999999544,2.86072E-05,,,62.75245025,,0
Year 1 Apr 08 11:00 AM,73.35044483,,73.35041192,0.999999551,3.29048E-05,,,73.35044483,,0
Year 1 Apr 08 12:00 PM,76.23560741,,76.23556967,0.999999505,3.77398E-05,,,76.23560741,,0
Year 1 Apr 08 1:00 PM,78.48847918,,75.96816298,0.967889349,2.520316197,,,78.48847918,,0
Year 1 Apr 08 2:00 PM,77.42921486,,74.19905267,0.958282385,3.230162186,,,77.42921486,,0
Year 1 Apr 08 3:00 PM,65.55479994,,63.90842181,0.974885468,1.646378129,,,65.55479994,,0
Year 1 Apr 08 4:00 PM,57.98100754,,56.53868115,0.975124158,1.442326395,,,57.98100754,,0
Year 1 Apr 08 5:00 PM,33.45404012,,33.43428177,0.999409388,0.019758348,,,33.45404012,,0
Year 1 Apr 08 6:00 PM,14.64112275,,14.64111906,0.999999748,3.69333E-06,,,14.64112275,,0
Year 1 Apr 08 7:00 PM,0.873166,,0.87316578,0.999999748,2.20263E-07,,,0.873166,,0
Year 1 Apr 08 8:00 PM,0,,0,#DIV/0!,0,,,0,,0
Year 1 Apr 08 9:00 PM,0,,0,#DIV/0!,0,,,0,,0
Year 1 Apr 08 10:00 PM,0,,0,#DIV/0!,0,,,0,,0
Year 1 Apr 08 11:00 PM,0,,0,#DIV/0!,0,,,0,,0
Year 1 Apr 09 12:00 AM,0,,0,#DIV/0!,0,,,0,,0
Year 1 Apr 09 1:00 AM,0,,0,#DIV/0!,0,,,0,,0
Year 1 Apr 09 2:00 AM,0,,0,#DIV/0!,0,,,0,,0
Year 1 Apr 09 3:00 AM,0,,0,#DIV/0!,0,,,0,,0
Year 1 Apr 09 4:00 AM,0,,0,#DIV/0!,0,,,0,,0
Year 1 Apr 09 5:00 AM,0,,0,#DIV/0!,0,,,0,,0
Year 1 Apr 09 6:00 AM,12.5152271,,12.51519411,0.999997364,3.29902E-05,,,12.5152271,,0
Year 1 Apr 09 7:00 AM,71.73978983,,71.73968844,0.999998587,0.000101384,,,71.73978983,,0
Year 1 Apr 09 8:00 AM,61.36390406,,61.36357142,0.999994579,0.000332639,,,61.36390406,,0
Year 1 Apr 09 9:00 AM,65.95889285,,65.95885678,0.999999453,3.60742E-05,,,65.95889285,,0
Year 1 Apr 09 10:00 AM,66.38311106,,66.38306892,0.999999365,4.21483E-05,,,66.38311106,,0
Year 1 Apr 09 11:00 AM,76.06685151,,76.06681595,0.999999533,3.55552E-05,,,76.06685151,,0
Year 1 Apr 09 12:00 PM,142.4925131,,142.4923279,0.9999987,0.000185207,,,142.4925131,,0
Year 1 Apr 09 1:00 PM,425.2456844,,158.4662023,0.372646233,266.7794821,,,425.2456844,,0
Year 1 Apr 09 2:00 PM,656.0501103,,69.70230514,0.106245398,586.3478051,,,656.0501103,,0
Year 1 Apr 09 3:00 PM,570.7268291,,48.10157046,0.08428125,522.6252587,,,570.7268291,,0
Year 1 Apr 09 4:00 PM,375.2159716,,62.58849073,0.166806574,312.6274809,,,375.2159716,,0
Year 1 Apr 09 5:00 PM,186.2375048,,57.45036004,0.308479004,128.7871447,,,186.2375048,,0
Year 1 Apr 09 6:00 PM,66.55042933,,27.82544906,0.418110737,38.72498027,,,66.55042933,,0
Year 1 Apr 09 7:00 PM,3.281033777,,2.598819705,0.792073438,0.682214072,,,3.281033777,,0
Year 1 Apr 09 8:00 PM,0,,0,#DIV/0!,0,,,0,,0
Year 1 Apr 09 9:00 PM,0,,0,#DIV/0!,0,,,0,,0
Year 1 Apr 09 10:00 PM,0,,0,#DIV/0!,0,,,0,,0
Year 1 Apr 09 11:00 PM,0,,0,#DIV/0!,0,,,0,,0
Year 1 Apr 10 12:00 AM,0,,0,#DIV/0!,0,,,0,,0
Year 1 Apr 10 1:00 AM,0,,0,#DIV/0!,0,,,0,,0
Year 1 Apr 10 2:00 AM,0,,0,#DIV/0!,0,,,0,,0
Year 1 Apr 10 3:00 AM,0,,0,#DIV/0!,0,,,0,,0
Year 1 Apr 10 4:00 AM,0,,0,#DIV/0!,0,,,0,,0
Year 1 Apr 10 5:00 AM,0,,0,#DIV/0!,0,,,0,,0
Year 1 Apr 10 6:00 AM,13.75786289,,13.75779628,0.999995158,6.66154E-05,,,13.75786289,,0
Year 1 Apr 10 7:00 AM,128.5799969,,128.5796752,0.999997498,0.000321681,,,128.5799969,,0
Year 1 Apr 10 8:00 AM,291.4077042,,291.3987843,0.99996939,0.008919854,,,291.4077042,,0
Year 1 Apr 10 9:00 AM,466.0425172,,466.0383959,0.999991157,0.00412134,,,466.0425172,,0
Year 1 Apr 10 10:00 AM,627.9338436,,627.925247,0.99998631,0.008596619,,,627.9338436,,0
Year 1 Apr 10 11:00 AM,740.0309267,,740.0268899,0.999994545,0.004036816,,,740.0309267,,0
Year 1 Apr 10 12:00 PM,770.5307332,,770.5261116,0.999994002,0.004621574,,,770.5307332,,0
Year 1 Apr 10 1:00 PM,779.0506609,,239.228066,0.307076392,539.8225949,,,779.0506609,,0
Year 1 Apr 10 2:00 PM,713.9101493,,37.11326687,0.051985907,676.7968824,,,713.9101493,,0
Year 1 Apr 10 3:00 PM,582.4178642,,40.90575133,0.070234369,541.5121129,,,582.4178642,,0
Year 1 Apr 10 4:00 PM,406.7376236,,43.45295632,0.106832891,363.2846673,,,406.7376236,,0
Year 1 Apr 10 5:00 PM,222.2952165,,38.79352577,0.174513543,183.5016908,,,222.2952165,,0
Year 1 Apr 10 6:00 PM,67.24580874,,21.67514242,0.322327039,45.57066632,,,67.24580874,,0
Year 1 Apr 10 7:00 PM,2.841156191,,2.276681967,0.801322354,0.564474224,,,2.841156191,,0
Year 1 Apr 10 8:00 PM,0,,0,#DIV/0!,0,,,0,,0
Year 1 Apr 10 9:00 PM,0,,0,#DIV/0!,0,,,0,,0
Year 1 Apr 10 10:00 PM,0,,0,#DIV/0!,0,,,0,,0
Year 1 Apr 10 11:00 PM,0,,0,#DIV/0!,0,,,0,,0
Year 1 Apr 11 12:00 AM,0,,0,#DIV/0!,0,,,0,,0
Year 1 Apr 11 1:00 AM,0,,0,#DIV/0!,0,,,0,,0
Year 1 Apr 11 2:00 AM,0,,0,#DIV/0!,0,,,0,,0
Year 1 Apr 11 3:00 AM,0,,0,#DIV/0!,0,,,0,,0
Year 1 Apr 11 4:00 AM,0,,0,#DIV/0!,0,,,0,,0
Year 1 Apr 11 5:00 AM,0,,0,#DIV/0!,0,,,0,,0
Year 1 Apr 11 6:00 AM,24.14553463,,24.14552663,0.999999669,7.99887E-06,,,24.14553463,,0
Year 1 Apr 11 7:00 AM,156.3338898,,156.332765,0.999992805,0.001124819,,,156.3338898,,0
Year 1 Apr 11 8:00 AM,315.0467071,,315.0453662,0.999995744,0.001340901,,,315.0467071,,0
Year 1 Apr 11 9:00 AM,438.9275447,,438.9272128,0.999999244,0.000331849,,,438.9275447,,0
Year 1 Apr 11 10:00 AM,659.4433719,,659.4424754,0.999998641,0.00089647,,,659.4433719,,0
Year 1 Apr 11 11:00 AM,779.4572557,,779.4454444,0.999984847,0.011811288,,,779.4572557,,0
Year 1 Apr 11 12:00 PM,777.6684648,,777.659429,0.999988381,0.009035818,,,777.6684648,,0
Year 1 Apr 11 1:00 PM,708.5154658,,149.4612932,0.210949937,559.0541726,,,708.5154658,,0
Year 1 Apr 11 2:00 PM,657.9275256,,69.94281633,0.106307783,587.9847093,,,657.9275256,,0
Year 1 Apr 11 3:00 PM,600.7027005,,49.34785504,0.082150213,551.3548455,,,600.7027005,,0
Year 1 Apr 11 4:00 PM,442.2117603,,45.94662135,0.103901853,396.2651389,,,442.2117603,,0
Year 1 Apr 11 5:00 PM,253.5622034,,39.85302336,0.157172571,213.7091801,,,253.5622034,,0
Year 1 Apr 11 6:00 PM,89.66654774,,22.04160248,0.245817454,67.62494526,,,89.66654774,,0
Year 1 Apr 11 7:00 PM,4.762038637,,2.160727116,0.453739938,2.601311521,,,4.762038637,,0
Year 1 Apr 11 8:00 PM,0,,0,#DIV/0!,0,,,0,,0
Year 1 Apr 11 9:00 PM,0,,0,#DIV/0!,0,,,0,,0
Year 1 Apr 11 10:00 PM,0,,0,#DIV/0!,0,,,0,,0
Year 1 Apr 11 11:00 PM,0,,0,#DIV/0!,0,,,0,,0
Year 1 Apr 12 12:00 AM,0,,0,#DIV/0!,0,,,0,,0
Year 1 Apr 12 1:00 AM,0,,0,#DIV/0!,0,,,0,,0
Year 1 Apr 12 2:00 AM,0,,0,#DIV/0!,0,,,0,,0
Year 1 Apr 12 3:00 AM,0,,0,#DIV/0!,0,,,0,,0
Year 1 Apr 12 4:00 AM,0,,0,#DIV/0!,0,,,0,,0
Year 1 Apr 12 5:00 AM,0,,0,#DIV/0!,0,,,0,,0
Year 1 Apr 12 6:00 AM,23.57449337,,23.57448562,0.999999671,7.74573E-06,,,23.57449337,,0
Year 1 Apr 12 7:00 AM,113.6174032,,113.616974,0.999996223,0.000429188,,,113.6174032,,0
Year 1 Apr 12 8:00 AM,71.70782349,,71.70779116,0.999999549,3.23264E-05,,,71.70782349,,0
Year 1 Apr 12 9:00 AM,112.8721079,,112.8720727,0.999999688,3.51994E-05,,,112.8721079,,0
Year 1 Apr 12 10:00 AM,122.5654205,,122.5653738,0.999999619,4.67216E-05,,,122.5654205,,0
Year 1 Apr 12 11:00 AM,136.9194597,,136.9191541,0.999997768,0.000305586,,,136.9194597,,0
Year 1 Apr 12 12:00 PM,132.7643442,,132.764119,0.999998304,0.000225116,,,132.7643442,,0
Year 1 Apr 12 1:00 PM,128.5713911,,115.6848609,0.899771402,12.88653021,,,128.5713911,,0
Year 1 Apr 12 2:00 PM,117.9487245,,105.8434671,0.897368475,12.10525745,,,117.9487245,,0
Year 1 Apr 12 3:00 PM,103.2126805,,93.7763173,0.908573606,9.436363185,,,103.2126805,,0
Year 1 Apr 12 4:00 PM,87.42099837,,79.54111144,0.909862767,7.87988693,,,87.42099837,,0
Year 1 Apr 12 5:00 PM,38.11840181,,37.5958364,0.986290994,0.522565405,,,38.11840181,,0
Year 1 Apr 12 6:00 PM,11.974848,,11.97484498,0.999999748,3.02075E-06,,,11.974848,,0
Year 1 Apr 12 7:00 PM,0.98231175,,0.982311502,0.999999748,2.47796E-07,,,0.98231175,,0
Year 1 Apr 12 8:00 PM,0,,0,#DIV/0!,0,,,0,,0
Year 1 Apr 12 9:00 PM,0,,0,#DIV/0!,0,,,0,,0
Year 1 Apr 12 10:00 PM,0,,0,#DIV/0!,0,,,0,,0
Year 1 Apr 12 11:00 PM,0,,0,#DIV/0!,0,,,0,,0
Year 1 Apr 13 12:00 AM,0,,0,#DIV/0!,0,,,0,,0
Year 1 Apr 13 1:00 AM,0,,0,#DIV/0!,0,,,0,,0
Year 1 Apr 13 2:00 AM,0,,0,#DIV/0!,0,,,0,,0
Year 1 Apr 13 3:00 AM,0,,0,#DIV/0!,0,,,0,,0
Year 1 Apr 13 4:00 AM,0,,0,#DIV/0!,0,,,0,,0
Year 1 Apr 13 5:00 AM,0,,0,#DIV/0!,0,,,0,,0
Year 1 Apr 13 6:00 AM,27.34719962,,27.34718969,0.999999637,9.9261E-06,,,27.34719962,,0
Year 1 Apr 13 7:00 AM,169.0471787,,169.0459194,0.99999255,0.001259322,,,169.0471787,,0
Year 1 Apr 13 8:00 AM,349.5369041,,349.5353518,0.999995559,0.001552323,,,349.5369041,,0
Year 1 Apr 13 9:00 AM,500.0185465,,500.0182052,0.999999317,0.000341378,,,500.0185465,,0
Year 1 Apr 13 10:00 AM,558.5675371,,558.5667746,0.999998635,0.00076254,,,558.5675371,,0
Year 1 Apr 13 11:00 AM,496.6875939,,496.6810693,0.999986864,0.006524683,,,496.6875939,,0
Year 1 Apr 13 12:00 PM,812.1897869,,812.1798713,0.999987792,0.009915534,,,812.1897869,,0
Year 1 Apr 13 1:00 PM,850.6158577,,128.9973693,0.151651733,721.6184884,,,850.6158577,,0
Year 1 Apr 13 2:00 PM,745.876116,,49.14324286,0.065886602,696.7328732,,,745.876116,,0
Year 1 Apr 13 3:00 PM,542.1024462,,78.19223502,0.144238853,463.9102112,,,542.1024462,,0
Year 1 Apr 13 4:00 PM,307.3073478,,91.81366699,0.298768213,215.4936808,,,307.3073478,,0
Year 1 Apr 13 5:00 PM,126.1972256,,67.95916578,0.53851553,58.23805982,,,126.1972256,,0
Year 1 Apr 13 6:00 PM,35.62970768,,29.71314411,0.833942966,5.916563574,,,35.62970768,,0
Year 1 Apr 13 7:00 PM,2.793503154,,2.642285415,0.945868062,0.151217739,,,2.793503154,,0
Year 1 Apr 13 8:00 PM,0,,0,#DIV/0!,0,,,0,,0
Year 1 Apr 13 9:00 PM,0,,0,#DIV/0!,0,,,0,,0
Year 1 Apr 13 10:00 PM,0,,0,#DIV/0!,0,,,0,,0
Year 1 Apr 13 11:00 PM,0,,0,#DIV/0!,0,,,0,,0
Year 1 Apr 14 12:00 AM,0,,0,#DIV/0!,0,,,0,,0
Year 1 Apr 14 1:00 AM,0,,0,#DIV/0!,0,,,0,,0
Year 1 Apr 14 2:00 AM,0,,0,#DIV/0!,0,,,0,,0
Year 1 Apr 14 3:00 AM,0,,0,#DIV/0!,0,,,0,,0
Year 1 Apr 14 4:00 AM,0,,0,#DIV/0!,0,,,0,,0
Year 1 Apr 14 5:00 AM,0,,0,#DIV/0!,0,,,0,,0
Year 1 Apr 14 6:00 AM,18.58639904,,18.58639706,0.999999893,1.98905E-06,,,18.58639904,,0
Year 1 Apr 14 7:00 AM,160.1145314,,160.1133803,0.999992811,0.001151104,,,160.1145314,,0
Year 1 Apr 14 8:00 AM,333.5367025,,333.5352594,0.999995673,0.001443093,,,333.5367025,,0
Year 1 Apr 14 9:00 AM,527.5224607,,527.5220687,0.999999257,0.000391944,,,527.5224607,,0
Year 1 Apr 14 10:00 AM,690.4522949,,690.4513424,0.999998621,0.000952464,,,690.4522949,,0
Year 1 Apr 14 11:00 AM,801.4694226,,801.4570002,0.9999845,0.012422406,,,801.4694226,,0
Year 1 Apr 14 12:00 PM,851.3312329,,851.3208496,0.999987803,0.010383338,,,851.3312329,,0
Year 1 Apr 14 1:00 PM,802.2526021,,137.5710551,0.171480971,664.681547,,,802.2526021,,0
Year 1 Apr 14 2:00 PM,764.1752247,,41.71675072,0.054590556,722.458474,,,764.1752247,,0
Year 1 Apr 14 3:00 PM,594.8070161,,61.81737896,0.103928463,532.9896372,,,594.8070161,,0
Year 1 Apr 14 4:00 PM,355.6177241,,80.12506541,0.225312351,275.4926587,,,355.6177241,,0
Year 1 Apr 14 5:00 PM,196.1455458,,58.5913572,0.298713677,137.5541886,,,196.1455458,,0
Year 1 Apr 14 6:00 PM,58.33067384,,30.65450005,0.525529675,27.67617378,,,58.33067384,,0
Year 1 Apr 14 7:00 PM,3.968553448,,2.900969014,0.730989025,1.067584434,,,3.968553448,,0
Year 1 Apr 14 8:00 PM,0,,0,#DIV/0!,0,,,0,,0
Year 1 Apr 14 9:00 PM,0,,0,#DIV/0!,0,,,0,,0
Year 1 Apr 14 10:00 PM,0,,0,#DIV/0!,0,,,0,,0
Year 1 Apr 14 11:00 PM,0,,0,#DIV/0!,0,,,0,,0
Year 1 Apr 15 12:00 AM,0,,0,#DIV/0!,0,,,0,,0
Year 1 Apr 15 1:00 AM,0,,0,#DIV/0!,0,,,0,,0
Year 1 Apr 15 2:00 AM,0,,0,#DIV/0!,0,,,0,,0
Year 1 Apr 15 3:00 AM,0,,0,#DIV/0!,0,,,0,,0
Year 1 Apr 15 4:00 AM,0,,0,#DIV/0!,0,,,0,,0
Year 1 Apr 15 5:00 AM,0,,0,#DIV/0!,0,,,0,,0
Year 1 Apr 15 6:00 AM,19.08568292,,19.08568048,0.999999872,2.43696E-06,,,19.08568292,,0
Year 1 Apr 15 7:00 AM,152.6540038,,152.6530696,0.999993881,0.000934145,,,152.6540038,,0
Year 1 Apr 15 8:00 AM,289.8925634,,289.891465,0.999996211,0.001098436,,,289.8925634,,0
Year 1 Apr 15 9:00 AM,496.052488,,496.0521182,0.999999255,0.000369792,,,496.052488,,0
Year 1 Apr 15 10:00 AM,676.6112384,,676.6103207,0.999998644,0.000917737,,,676.6112384,,0
Year 1 Apr 15 11:00 AM,809.1075744,,809.0951611,0.999984658,0.012413253,,,809.1075744,,0
Year 1 Apr 15 12:00 PM,866.0004659,,865.9899016,0.999987801,0.010564287,,,866.0004659,,0
Year 1 Apr 15 1:00 PM,833.8906281,,127.2982473,0.152655808,706.5923808,,,833.8906281,,0
Year 1 Apr 15 2:00 PM,743.4771355,,40.35052376,0.054272716,703.1266117,,,743.4771355,,0
Year 1 Apr 15 3:00 PM,613.8017782,,45.50714812,0.074139811,568.2946301,,,613.8017782,,0
Year 1 Apr 15 4:00 PM,433.9161887,,50.4111047,0.116177055,383.505084,,,433.9161887,,0
Year 1 Apr 15 5:00 PM,251.3156381,,43.23252352,0.172024805,208.0831146,,,251.3156381,,0
Year 1 Apr 15 6:00 PM,89.53662919,,25.31393996,0.28272161,64.22268923,,,89.53662919,,0
Year 1 Apr 15 7:00 PM,4.948645982,,2.669251877,0.539390348,2.279394105,,,4.948645982,,0
Year 1 Apr 15 8:00 PM,0,,0,#DIV/0!,0,,,0,,0
Year 1 Apr 15 9:00 PM,0,,0,#DIV/0!,0,,,0,,0
Year 1 Apr 15 10:00 PM,0,,0,#DIV/0!,0,,,0,,0
Year 1 Apr 15 11:00 PM,0,,0,#DIV/0!,0,,,0,,0
Year 1 Apr 16 12:00 AM,0,,0,#DIV/0!,0,,,0,,0
Year 1 Apr 16 1:00 AM,0,,0,#DIV/0!,0,,,0,,0
Year 1 Apr 16 2:00 AM,0,,0,#DIV/0!,0,,,0,,0
Year 1 Apr 16 3:00 AM,0,,0,#DIV/0!,0,,,0,,0
Year 1 Apr 16 4:00 AM,0,,0,#DIV/0!,0,,,0,,0
Year 1 Apr 16 5:00 AM,0,,0,#DIV/0!,0,,,0,,0
Year 1 Apr 16 6:00 AM,19.55703464,,19.55703263,0.999999897,2.00816E-06,,,19.55703464,,0
Year 1 Apr 16 7:00 AM,172.0998077,,172.0985337,0.999992597,0.001273997,,,172.0998077,,0
Year 1 Apr 16 8:00 AM,355.3145207,,355.312946,0.999995568,0.00157469,,,355.3145207,,0
Year 1 Apr 16 9:00 AM,532.0984832,,532.0980891,0.999999259,0.000394151,,,532.0984832,,0
Year 1 Apr 16 10:00 AM,700.1081688,,700.1072034,0.999998621,0.000965417,,,700.1081688,,0
Year 1 Apr 16 11:00 AM,796.6328039,,796.6207058,0.999984814,0.012098062,,,796.6328039,,0
Year 1 Apr 16 12:00 PM,805.0427289,,805.0333879,0.999988397,0.009341044,,,805.0427289,,0
Year 1 Apr 16 1:00 PM,847.3595114,,130.4181701,0.15391126,716.9413414,,,847.3595114,,0
Year 1 Apr 16 2:00 PM,768.6060627,,40.10623955,0.052180488,728.4998232,,,768.6060627,,0
Year 1 Apr 16 3:00 PM,574.521486,,66.74025646,0.116166685,507.7812295,,,574.521486,,0
Year 1 Apr 16 4:00 PM,285.9477151,,94.80422614,0.331543919,191.143489,,,285.9477151,,0
Year 1 Apr 16 5:00 PM,98.67845186,,69.74593807,0.706800084,28.93251379,,,98.67845186,,0
Year 1 Apr 16 6:00 PM,37.88791764,,32.537334,0.85877863,5.350583644,,,37.88791764,,0
Year 1 Apr 16 7:00 PM,3.200326558,,3.013387105,0.941587382,0.186939453,,,3.200326558,,0
Year 1 Apr 16 8:00 PM,0,,0,#DIV/0!,0,,,0,,0
Year 1 Apr 16 9:00 PM,0,,0,#DIV/0!,0,,,0,,0
Year 1 Apr 16 10:00 PM,0,,0,#DIV/0!,0,,,0,,0
Year 1 Apr 16 11:00 PM,0,,0,#DIV/0!,0,,,0,,0
Year 1 Apr 17 12:00 AM,0,,0,#DIV/0!,0,,,0,,0
Year 1 Apr 17 1:00 AM,0,,0,#DIV/0!,0,,,0,,0
Year 1 Apr 17 2:00 AM,0,,0,#DIV/0!,0,,,0,,0
Year 1 Apr 17 3:00 AM,0,,0,#DIV/0!,0,,,0,,0
Year 1 Apr 17 4:00 AM,0,,0,#DIV/0!,0,,,0,,0
Year 1 Apr 17 5:00 AM,0,,0,#DIV/0!,0,,,0,,0
Year 1 Apr 17 6:00 AM,20.39975674,,20.39975433,0.999999882,2.40762E-06,,,20.39975674,,0
Year 1 Apr 17 7:00 AM,162.7211645,,162.7201274,0.999993626,0.001037118,,,162.7211645,,0
Year 1 Apr 17 8:00 AM,296.4479007,,296.4467463,0.999996106,0.001154421,,,296.4479007,,0
Year 1 Apr 17 9:00 AM,372.0235157,,372.0233361,0.999999517,0.000179613,,,372.0235157,,0
Year 1 Apr 17 10:00 AM,347.2993504,,347.2991167,0.999999327,0.000233656,,,347.2993504,,0
Year 1 Apr 17 11:00 AM,669.5507351,,669.5408351,0.999985214,0.009899944,,,669.5507351,,0
Year 1 Apr 17 12:00 PM,848.8111613,,848.8007391,0.999987721,0.010422219,,,848.8111613,,0
Year 1 Apr 17 1:00 PM,820.9472838,,129.8951153,0.158225891,691.0521685,,,820.9472838,,0
Year 1 Apr 17 2:00 PM,748.307226,,41.8732068,0.05595724,706.4340192,,,748.307226,,0
Year 1 Apr 17 3:00 PM,604.6865644,,49.6191468,0.082057631,555.0674176,,,604.6865644,,0
Year 1 Apr 17 4:00 PM,433.3664757,,51.43289446,0.118682218,381.9335813,,,433.3664757,,0
Year 1 Apr 17 5:00 PM,252.0467212,,43.93089505,0.174296634,208.1158262,,,252.0467212,,0
Year 1 Apr 17 6:00 PM,97.37526496,,23.42935066,0.240608851,73.94591429,,,97.37526496,,0
Year 1 Apr 17 7:00 PM,5.396595148,,2.339737677,0.433558126,3.056857471,,,5.396595148,,0
Year 1 Apr 17 8:00 PM,0,,0,#DIV/0!,0,,,0,,0
Year 1 Apr 17 9:00 PM,0,,0,#DIV/0!,0,,,0,,0
Year 1 Apr 17 10:00 PM,0,,0,#DIV/0!,0,,,0,,0
Year 1 Apr 17 11:00 PM,0,,0,#DIV/0!,0,,,0,,0
Year 1 Apr 18 12:00 AM,0,,0,#DIV/0!,0,,,0,,0
Year 1 Apr 18 1:00 AM,0,,0,#DIV/0!,0,,,0,,0
Year 1 Apr 18 2:00 AM,0,,0,#DIV/0!,0,,,0,,0
Year 1 Apr 18 3:00 AM,0,,0,#DIV/0!,0,,,0,,0
Year 1 Apr 18 4:00 AM,0,,0,#DIV/0!,0,,,0,,0
Year 1 Apr 18 5:00 AM,0,,0,#DIV/0!,0,,,0,,0
Year 1 Apr 18 6:00 AM,15.67442572,,15.67442322,0.99999984,2.50533E-06,,,15.67442572,,0
Year 1 Apr 18 7:00 AM,132.2226872,,132.2217963,0.999993262,0.000890904,,,132.2226872,,0
Year 1 Apr 18 8:00 AM,318.3534561,,318.3521615,0.999995934,0.001294535,,,318.3534561,,0
Year 1 Apr 18 9:00 AM,365.5682778,,365.5680946,0.999999499,0.000183208,,,365.5682778,,0
Year 1 Apr 18 10:00 AM,394.3042592,,394.3039798,0.999999291,0.00027938,,,394.3042592,,0
Year 1 Apr 18 11:00 AM,748.9946886,,748.9837167,0.999985351,0.010971952,,,748.9946886,,0
Year 1 Apr 18 12:00 PM,759.959316,,759.9507157,0.999988683,0.008600266,,,759.959316,,0
Year 1 Apr 18 1:00 PM,743.9288134,,143.5737791,0.192993975,600.3550342,,,743.9288134,,0
Year 1 Apr 18 2:00 PM,752.9504375,,50.96177228,0.067682771,701.9886653,,,752.9504375,,0
Year 1 Apr 18 3:00 PM,543.6018551,,73.65162025,0.135488169,469.9502348,,,543.6018551,,0
Year 1 Apr 18 4:00 PM,172.8637996,,87.77547862,0.507772471,85.08832102,,,172.8637996,,0
Year 1 Apr 18 5:00 PM,79.37021205,,55.96429763,0.70510455,23.40591442,,,79.37021205,,0
Year 1 Apr 18 6:00 PM,82.21056203,,32.8609785,0.399717234,49.34958353,,,82.21056203,,0
Year 1 Apr 18 7:00 PM,6.011662949,,3.529874174,0.587171005,2.481788775,,,6.011662949,,0
Year 1 Apr 18 8:00 PM,0,,0,#DIV/0!,0,,,0,,0
Year 1 Apr 18 9:00 PM,0,,0,#DIV/0!,0,,,0,,0
Year 1 Apr 18 10:00 PM,0,,0,#DIV/0!,0,,,0,,0
Year 1 Apr 18 11:00 PM,0,,0,#DIV/0!,0,,,0,,0
Year 1 Apr 19 12:00 AM,0,,0,#DIV/0!,0,,,0,,0
Year 1 Apr 19 1:00 AM,0,,0,#DIV/0!,0,,,0,,0
Year 1 Apr 19 2:00 AM,0,,0,#DIV/0!,0,,,0,,0
Year 1 Apr 19 3:00 AM,0,,0,#DIV/0!,0,,,0,,0
Year 1 Apr 19 4:00 AM,0,,0,#DIV/0!,0,,,0,,0
Year 1 Apr 19 5:00 AM,0,,0,#DIV/0!,0,,,0,,0
Year 1 Apr 19 6:00 AM,15.53906658,,15.53906409,0.999999839,2.49522E-06,,,15.53906658,,0
Year 1 Apr 19 7:00 AM,97.9851178,,97.98481039,0.999996863,0.000307405,,,97.9851178,,0
Year 1 Apr 19 8:00 AM,97.74567085,,97.74558807,0.999999153,8.27846E-05,,,97.74567085,,0
Year 1 Apr 19 9:00 AM,252.1176726,,252.1174478,0.999999108,0.000224847,,,252.1176726,,0
Year 1 Apr 19 10:00 AM,590.6558071,,590.655042,0.999998705,0.000765098,,,590.6558071,,0
Year 1 Apr 19 11:00 AM,771.1069978,,771.0954496,0.999985024,0.011548222,,,771.1069978,,0
Year 1 Apr 19 12:00 PM,781.9952996,,781.9862615,0.999988442,0.009038108,,,781.9952996,,0
Year 1 Apr 19 1:00 PM,791.7908537,,131.4503297,0.166016479,660.340524,,,791.7908537,,0
Year 1 Apr 19 2:00 PM,692.5808075,,65.49724364,0.094569822,627.0835638,,,692.5808075,,0
Year 1 Apr 19 3:00 PM,482.0840444,,100.3384323,0.20813473,381.7456121,,,482.0840444,,0
Year 1 Apr 19 4:00 PM,362.6056279,,80.62110955,0.222338274,281.9845184,,,362.6056279,,0
Year 1 Apr 19 5:00 PM,181.4228184,,67.94066202,0.374487965,113.4821564,,,181.4228184,,0
Year 1 Apr 19 6:00 PM,90.13923465,,34.45036018,0.382190511,55.68887447,,,90.13923465,,0
Year 1 Apr 19 7:00 PM,6.052255013,,3.555161409,0.58741104,2.497093604,,,6.052255013,,0
Year 1 Apr 19 8:00 PM,0,,0,#DIV/0!,0,,,0,,0
Year 1 Apr 19 9:00 PM,0,,0,#DIV/0!,0,,,0,,0
Year 1 Apr 19 10:00 PM,0,,0,#DIV/0!,0,,,0,,0
Year 1 Apr 19 11:00 PM,0,,0,#DIV/0!,0,,,0,,0
Year 1 Apr 20 12:00 AM,0,,0,#DIV/0!,0,,,0,,0
Year 1 Apr 20 1:00 AM,0,,0,#DIV/0!,0,,,0,,0
Year 1 Apr 20 2:00 AM,0,,0,#DIV/0!,0,,,0,,0
Year 1 Apr 20 3:00 AM,0,,0,#DIV/0!,0,,,0,,0
Year 1 Apr 20 4:00 AM,0,,0,#DIV/0!,0,,,0,,0
Year 1 Apr 20 5:00 AM,0,,0,#DIV/0!,0,,,0,,0
Year 1 Apr 20 6:00 AM,11.54212908,,11.54212648,0.999999774,2.60305E-06,,,11.54212908,,0
Year 1 Apr 20 7:00 AM,81.91542797,,81.91516545,0.999996795,0.00026252,,,81.91542797,,0
Year 1 Apr 20 8:00 AM,195.8400863,,195.8395071,0.999997043,0.000579182,,,195.8400863,,0
Year 1 Apr 20 9:00 AM,495.5959228,,495.5955529,0.999999254,0.000369944,,,495.5959228,,0
Year 1 Apr 20 10:00 AM,650.6662618,,650.6653501,0.999998599,0.000911698,,,650.6662618,,0
Year 1 Apr 20 11:00 AM,658.606255,,658.5968295,0.999985689,0.009425564,,,658.606255,,0
Year 1 Apr 20 12:00 PM,729.3828952,,729.3742077,0.999988089,0.008687483,,,729.3828952,,0
Year 1 Apr 20 1:00 PM,323.6420511,,176.689676,0.545941652,146.9523751,,,323.6420511,,0
Year 1 Apr 20 2:00 PM,185.3158099,,137.8086214,0.74364201,47.50718848,,,185.3158099,,0
Year 1 Apr 20 3:00 PM,197.0850495,,121.2472421,0.615202637,75.83780741,,,197.0850495,,0
Year 1 Apr 20 4:00 PM,248.8579915,,93.86464013,0.377181539,154.9933514,,,248.8579915,,0
Year 1 Apr 20 5:00 PM,70.28760885,,54.76743949,0.779190534,15.52016936,,,70.28760885,,0
Year 1 Apr 20 6:00 PM,29.3570466,,28.12021577,0.957869371,1.236830826,,,29.3570466,,0
Year 1 Apr 20 7:00 PM,3.142360094,,3.123398189,0.993965713,0.018961904,,,3.142360094,,0
Year 1 Apr 20 8:00 PM,0,,0,#DIV/0!,0,,,0,,0
Year 1 Apr 20 9:00 PM,0,,0,#DIV/0!,0,,,0,,0
Year 1 Apr 20 10:00 PM,0,,0,#DIV/0!,0,,,0,,0
Year 1 Apr 20 11:00 PM,0,,0,#DIV/0!,0,,,0,,0
Year 1 Apr 21 12:00 AM,0,,0,#DIV/0!,0,,,0,,0
Year 1 Apr 21 1:00 AM,0,,0,#DIV/0!,0,,,0,,0
Year 1 Apr 21 2:00 AM,0,,0,#DIV/0!,0,,,0,,0
Year 1 Apr 21 3:00 AM,0,,0,#DIV/0!,0,,,0,,0
Year 1 Apr 21 4:00 AM,0,,0,#DIV/0!,0,,,0,,0
Year 1 Apr 21 5:00 AM,0,,0,#DIV/0!,0,,,0,,0
Year 1 Apr 21 6:00 AM,3.74214,,3.742139056,0.999999748,9.43983E-07,,,3.74214,,0
Year 1 Apr 21 7:00 AM,24.6045705,,24.60456429,0.999999748,6.20669E-06,,,24.6045705,,0
Year 1 Apr 21 8:00 AM,45.34934559,,45.34933374,0.999999739,1.18456E-05,,,45.34934559,,0
Year 1 Apr 21 9:00 AM,58.49544999,,58.49543345,0.999999717,1.65443E-05,,,58.49544999,,0
Year 1 Apr 21 10:00 AM,94.82697795,,94.82694478,0.99999965,3.31727E-05,,,94.82697795,,0
Year 1 Apr 21 11:00 AM,100.6350374,,100.6348906,0.999998541,0.000146822,,,100.6350374,,0
Year 1 Apr 21 12:00 PM,102.8799443,,102.8798156,0.999998749,0.000128732,,,102.8799443,,0
Year 1 Apr 21 1:00 PM,90.70928551,,85.80758532,0.945962531,4.90170019,,,90.70928551,,0
Year 1 Apr 21 2:00 PM,72.61573671,,70.12167222,0.965653939,2.494064491,,,72.61573671,,0
Year 1 Apr 21 3:00 PM,74.83415631,,69.00942352,0.922164783,5.824732793,,,74.83415631,,0
Year 1 Apr 21 4:00 PM,115.7714256,,87.4679859,0.755523096,28.30343972,,,115.7714256,,0
Year 1 Apr 21 5:00 PM,40.70583011,,39.03462277,0.958944276,1.671207342,,,40.70583011,,0
Year 1 Apr 21 6:00 PM,19.9268955,,19.92689047,0.999999748,5.02671E-06,,,19.9268955,,0
Year 1 Apr 21 7:00 PM,2.3388375,,2.33883691,0.999999748,5.89989E-07,,,2.3388375,,0
Year 1 Apr 21 8:00 PM,0,,0,#DIV/0!,0,,,0,,0
Year 1 Apr 21 9:00 PM,0,,0,#DIV/0!,0,,,0,,0
Year 1 Apr 21 10:00 PM,0,,0,#DIV/0!,0,,,0,,0
Year 1 Apr 21 11:00 PM,0,,0,#DIV/0!,0,,,0,,0
Year 1 Apr 22 12:00 AM,0,,0,#DIV/0!,0,,,0,,0
Year 1 Apr 22 1:00 AM,0,,0,#DIV/0!,0,,,0,,0
Year 1 Apr 22 2:00 AM,0,,0,#DIV/0!,0,,,0,,0
Year 1 Apr 22 3:00 AM,0,,0,#DIV/0!,0,,,0,,0
Year 1 Apr 22 4:00 AM,0,,0,#DIV/0!,0,,,0,,0
Year 1 Apr 22 5:00 AM,0,,0,#DIV/0!,0,,,0,,0
Year 1 Apr 22 6:00 AM,18.76856243,,18.7685597,0.999999854,2.7309E-06,,,18.76856243,,0
Year 1 Apr 22 7:00 AM,131.332086,,131.3315082,0.999995601,0.000577774,,,131.332086,,0
Year 1 Apr 22 8:00 AM,128.7535433,,128.7533137,0.999998216,0.000229648,,,128.7535433,,0
Year 1 Apr 22 9:00 AM,73.01611665,,73.01609805,0.999999745,1.86033E-05,,,73.01611665,,0
Year 1 Apr 22 10:00 AM,77.8652047,,77.86518236,0.999999713,2.23396E-05,,,77.8652047,,0
Year 1 Apr 22 11:00 AM,104.115694,,104.1155387,0.999998509,0.000155234,,,104.115694,,0
Year 1 Apr 22 12:00 PM,95.86563899,,95.86551868,0.999998745,0.000120316,,,95.86563899,,0
Year 1 Apr 22 1:00 PM,245.9289965,,84.52837115,0.343710471,161.4006253,,,245.9289965,,0
Year 1 Apr 22 2:00 PM,702.3051638,,71.47251363,0.101768458,630.8326502,,,702.3051638,,0
Year 1 Apr 22 3:00 PM,657.2467758,,38.13968798,0.058029479,619.1070878,,,657.2467758,,0
Year 1 Apr 22 4:00 PM,495.6305029,,32.8283217,0.066235475,462.8021812,,,495.6305029,,0
Year 1 Apr 22 5:00 PM,301.8088259,,32.34444483,0.107168651,269.4643811,,,301.8088259,,0
Year 1 Apr 22 6:00 PM,115.6959416,,22.97287699,0.198562514,92.7230646,,,115.6959416,,0
Year 1 Apr 22 7:00 PM,8.238021155,,3.337069646,0.405081461,4.90095151,,,8.238021155,,0
Year 1 Apr 22 8:00 PM,0,,0,#DIV/0!,0,,,0,,0
Year 1 Apr 22 9:00 PM,0,,0,#DIV/0!,0,,,0,,0
Year 1 Apr 22 10:00 PM,0,,0,#DIV/0!,0,,,0,,0
Year 1 Apr 22 11:00 PM,0,,0,#DIV/0!,0,,,0,,0
Year 1 Apr 23 12:00 AM,0,,0,#DIV/0!,0,,,0,,0
Year 1 Apr 23 1:00 AM,0,,0,#DIV/0!,0,,,0,,0
Year 1 Apr 23 2:00 AM,0,,0,#DIV/0!,0,,,0,,0
Year 1 Apr 23 3:00 AM,0,,0,#DIV/0!,0,,,0,,0
Year 1 Apr 23 4:00 AM,0,,0,#DIV/0!,0,,,0,,0
Year 1 Apr 23 5:00 AM,0,,0,#DIV/0!,0,,,0,,0
Year 1 Apr 23 6:00 AM,23.43773384,,23.43773204,0.999999923,1.79797E-06,,,23.43773384,,0
Year 1 Apr 23 7:00 AM,203.2386274,,203.2370674,0.999992324,0.00156001,,,203.2386274,,0
Year 1 Apr 23 8:00 AM,402.1153496,,402.1134904,0.999995376,0.001859216,,,402.1153496,,0
Year 1 Apr 23 9:00 AM,582.9611963,,582.9607666,0.999999263,0.00042975,,,582.9611963,,0
Year 1 Apr 23 10:00 AM,727.9370224,,727.9360175,0.99999862,0.001004867,,,727.9370224,,0
Year 1 Apr 23 11:00 AM,826.9972135,,826.9844217,0.999984532,0.012791772,,,826.9972135,,0
Year 1 Apr 23 12:00 PM,868.9471582,,868.9365983,0.999987847,0.010559899,,,868.9471582,,0
Year 1 Apr 23 1:00 PM,852.5811304,,127.5635884,0.149620469,725.017542,,,852.5811304,,0
Year 1 Apr 23 2:00 PM,772.9490281,,37.72290128,0.048803867,735.2261268,,,772.9490281,,0
Year 1 Apr 23 3:00 PM,639.8622901,,40.86311306,0.063862356,598.999177,,,639.8622901,,0
Year 1 Apr 23 4:00 PM,446.8828153,,50.64047298,0.113319356,396.2423423,,,446.8828153,,0
Year 1 Apr 23 5:00 PM,270.6715515,,42.27045329,0.156168807,228.4010983,,,270.6715515,,0
Year 1 Apr 23 6:00 PM,106.834522,,25.48551331,0.238551293,81.34900868,,,106.834522,,0
Year 1 Apr 23 7:00 PM,8.19465343,,3.512680347,0.428655144,4.681973083,,,8.19465343,,0
Year 1 Apr 23 8:00 PM,0,,0,#DIV/0!,0,,,0,,0
Year 1 Apr 23 9:00 PM,0,,0,#DIV/0!,0,,,0,,0
Year 1 Apr 23 10:00 PM,0,,0,#DIV/0!,0,,,0,,0
Year 1 Apr 23 11:00 PM,0,,0,#DIV/0!,0,,,0,,0
Year 1 Apr 24 12:00 AM,0,,0,#DIV/0!,0,,,0,,0
Year 1 Apr 24 1:00 AM,0,,0,#DIV/0!,0,,,0,,0
Year 1 Apr 24 2:00 AM,0,,0,#DIV/0!,0,,,0,,0
Year 1 Apr 24 3:00 AM,0,,0,#DIV/0!,0,,,0,,0
Year 1 Apr 24 4:00 AM,0,,0,#DIV/0!,0,,,0,,0
Year 1 Apr 24 5:00 AM,0,,0,#DIV/0!,0,,,0,,0
Year 1 Apr 24 6:00 AM,21.25179077,,21.25178858,0.999999897,2.18735E-06,,,21.25179077,,0
Year 1 Apr 24 7:00 AM,184.1957344,,184.1943891,0.999992696,0.001345279,,,184.1957344,,0
Year 1 Apr 24 8:00 AM,367.0413147,,367.0396939,0.999995584,0.001620827,,,367.0413147,,0
Year 1 Apr 24 9:00 AM,554.1049343,,554.1045244,0.99999926,0.000409838,,,554.1049343,,0
Year 1 Apr 24 10:00 AM,718.1995394,,718.1985478,0.999998619,0.000991622,,,718.1995394,,0
Year 1 Apr 24 11:00 AM,822.8970509,,822.884465,0.999984705,0.012585928,,,822.8970509,,0
Year 1 Apr 24 12:00 PM,770.749114,,770.7402206,0.999988461,0.008893373,,,770.749114,,0
Year 1 Apr 24 1:00 PM,429.6531654,,176.8422306,0.411592989,252.8109348,,,429.6531654,,0
Year 1 Apr 24 2:00 PM,148.2060496,,105.9147515,0.714645265,42.29129807,,,148.2060496,,0
Year 1 Apr 24 3:00 PM,67.64991514,,65.13975938,0.962894916,2.510155765,,,67.64991514,,0
Year 1 Apr 24 4:00 PM,47.72897361,,47.6909187,0.999202688,0.038054905,,,47.72897361,,0
Year 1 Apr 24 5:00 PM,30.63877125,,30.63876352,0.999999748,7.72886E-06,,,30.63877125,,0
Year 1 Apr 24 6:00 PM,14.594346,,14.59434232,0.999999748,3.68153E-06,,,14.594346,,0
Year 1 Apr 24 7:00 PM,2.66627475,,2.666274077,0.999999748,6.72588E-07,,,2.66627475,,0
Year 1 Apr 24 8:00 PM,0,,0,#DIV/0!,0,,,0,,0
Year 1 Apr 24 9:00 PM,0,,0,#DIV/0!,0,,,0,,0
Year 1 Apr 24 10:00 PM,0,,0,#DIV/0!,0,,,0,,0
Year 1 Apr 24 11:00 PM,0,,0,#DIV/0!,0,,,0,,0
Year 1 Apr 25 12:00 AM,0,,0,#DIV/0!,0,,,0,,0
Year 1 Apr 25 1:00 AM,0,,0,#DIV/0!,0,,,0,,0
Year 1 Apr 25 2:00 AM,0,,0,#DIV/0!,0,,,0,,0
Year 1 Apr 25 3:00 AM,0,,0,#DIV/0!,0,,,0,,0
Year 1 Apr 25 4:00 AM,0,,0,#DIV/0!,0,,,0,,0
Year 1 Apr 25 5:00 AM,0,,0,#DIV/0!,0,,,0,,0
Year 1 Apr 25 6:00 AM,21.67510661,,21.67510442,0.999999899,2.18625E-06,,,21.67510661,,0
Year 1 Apr 25 7:00 AM,187.9746546,,187.9732861,0.99999272,0.00136852,,,187.9746546,,0
Year 1 Apr 25 8:00 AM,364.8683124,,364.8667118,0.999995613,0.001600566,,,364.8683124,,0
Year 1 Apr 25 9:00 AM,550.6342435,,550.6338362,0.99999926,0.000407272,,,550.6342435,,0
Year 1 Apr 25 10:00 AM,715.0055102,,715.004523,0.999998619,0.000987146,,,715.0055102,,0
Year 1 Apr 25 11:00 AM,820.608687,,820.596044,0.999984593,0.012643043,,,820.608687,,0
Year 1 Apr 25 12:00 PM,870.8801924,,870.8696841,0.999987934,0.010508264,,,870.8801924,,0
Year 1 Apr 25 1:00 PM,850.0239698,,126.7786182,0.14914711,723.2453516,,,850.0239698,,0
Year 1 Apr 25 2:00 PM,782.2282465,,36.76081636,0.046995,745.4674302,,,782.2282465,,0
Year 1 Apr 25 3:00 PM,638.8370874,,41.59884297,0.065116512,597.2382444,,,638.8370874,,0
Year 1 Apr 25 4:00 PM,458.1275059,,46.36883108,0.101213812,411.7586749,,,458.1275059,,0
Year 1 Apr 25 5:00 PM,283.6616785,,38.25190539,0.134850451,245.4097731,,,283.6616785,,0
Year 1 Apr 25 6:00 PM,110.0536329,,25.16703499,0.228679729,84.88659791,,,110.0536329,,0
Year 1 Apr 25 7:00 PM,8.63330482,,3.852604581,0.446249109,4.780700239,,,8.63330482,,0
Year 1 Apr 25 8:00 PM,0,,0,#DIV/0!,0,,,0,,0
Year 1 Apr 25 9:00 PM,0,,0,#DIV/0!,0,,,0,,0
Year 1 Apr 25 10:00 PM,0,,0,#DIV/0!,0,,,0,,0
Year 1 Apr 25 11:00 PM,0,,0,#DIV/0!,0,,,0,,0
Year 1 Apr 26 12:00 AM,0,,0,#DIV/0!,0,,,0,,0
Year 1 Apr 26 1:00 AM,0,,0,#DIV/0!,0,,,0,,0
Year 1 Apr 26 2:00 AM,0,,0,#DIV/0!,0,,,0,,0
Year 1 Apr 26 3:00 AM,0,,0,#DIV/0!,0,,,0,,0
Year 1 Apr 26 4:00 AM,0,,0,#DIV/0!,0,,,0,,0
Year 1 Apr 26 5:00 AM,0,,0,#DIV/0!,0,,,0,,0
Year 1 Apr 26 6:00 AM,22.38004711,,22.38004506,0.999999908,2.04799E-06,,,22.38004711,,0
Year 1 Apr 26 7:00 AM,191.8625829,,191.8611779,0.999992677,0.001405042,,,191.8625829,,0
Year 1 Apr 26 8:00 AM,367.2235223,,367.2219067,0.9999956,0.001615604,,,367.2235223,,0
Year 1 Apr 26 9:00 AM,537.6444094,,537.6440232,0.999999282,0.000386183,,,537.6444094,,0
Year 1 Apr 26 10:00 AM,680.7531676,,680.7522591,0.999998665,0.00090848,,,680.7531676,,0
Year 1 Apr 26 11:00 AM,815.7210383,,815.7085037,0.999984634,0.012534551,,,815.7210383,,0
Year 1 Apr 26 12:00 PM,879.036755,,879.0260039,0.999987769,0.010751081,,,879.036755,,0
Year 1 Apr 26 1:00 PM,865.2487984,,127.550562,0.147414896,737.6982365,,,865.2487984,,0
Year 1 Apr 26 2:00 PM,780.0057717,,37.96715322,0.048675477,742.0386185,,,780.0057717,,0
Year 1 Apr 26 3:00 PM,633.3419502,,42.68987217,0.067404144,590.652078,,,633.3419502,,0
Year 1 Apr 26 4:00 PM,457.9649685,,46.90974195,0.102430852,411.0552265,,,457.9649685,,0
Year 1 Apr 26 5:00 PM,272.8711699,,43.08511507,0.157895446,229.7860549,,,272.8711699,,0
Year 1 Apr 26 6:00 PM,108.2465665,,26.52755035,0.245065975,81.7190161,,,108.2465665,,0
Year 1 Apr 26 7:00 PM,8.0818879,,4.269410733,0.528268987,3.812477167,,,8.0818879,,0
Year 1 Apr 26 8:00 PM,0,,0,#DIV/0!,0,,,0,,0
Year 1 Apr 26 9:00 PM,0,,0,#DIV/0!,0,,,0,,0
Year 1 Apr 26 10:00 PM,0,,0,#DIV/0!,0,,,0,,0
Year 1 Apr 26 11:00 PM,0,,0,#DIV/0!,0,,,0,,0
Year 1 Apr 27 12:00 AM,0,,0,#DIV/0!,0,,,0,,0
Year 1 Apr 27 1:00 AM,0,,0,#DIV/0!,0,,,0,,0
Year 1 Apr 27 2:00 AM,0,,0,#DIV/0!,0,,,0,,0
Year 1 Apr 27 3:00 AM,0,,0,#DIV/0!,0,,,0,,0
Year 1 Apr 27 4:00 AM,0,,0,#DIV/0!,0,,,0,,0
Year 1 Apr 27 5:00 AM,1.29808854,,1.298088213,0.999999748,3.27453E-07,,,1.29808854,,0
Year 1 Apr 27 6:00 AM,17.41980295,,17.41979056,0.999999289,1.23922E-05,,,17.41980295,,0
Year 1 Apr 27 7:00 AM,25.58688225,,25.5868758,0.999999748,6.45448E-06,,,25.58688225,,0
Year 1 Apr 27 8:00 AM,49.29308121,,49.29306677,0.999999707,1.44384E-05,,,49.29308121,,0
Year 1 Apr 27 9:00 AM,77.42502015,,77.42499839,0.999999719,2.17603E-05,,,77.42502015,,0
Year 1 Apr 27 10:00 AM,88.60621472,,88.6061855,0.99999967,2.92178E-05,,,88.60621472,,0
Year 1 Apr 27 11:00 AM,85.86007693,,85.85998005,0.999998872,9.68773E-05,,,85.86007693,,0
Year 1 Apr 27 12:00 PM,86.03905678,,86.03897324,0.999999029,8.35353E-05,,,86.03905678,,0
Year 1 Apr 27 1:00 PM,81.61040095,,77.99143233,0.955655547,3.618968623,,,81.61040095,,0
Year 1 Apr 27 2:00 PM,75.62835042,,72.66467376,0.960812623,2.963676664,,,75.62835042,,0
Year 1 Apr 27 3:00 PM,65.78324856,,64.25589104,0.976781969,1.527357517,,,65.78324856,,0
Year 1 Apr 27 4:00 PM,48.54327344,,48.46168975,0.998319361,0.081583697,,,48.54327344,,0
Year 1 Apr 27 5:00 PM,31.10653875,,31.1065309,0.999999748,7.84686E-06,,,31.10653875,,0
Year 1 Apr 27 6:00 PM,14.54756925,,14.54756558,0.999999748,3.66973E-06,,,14.54756925,,0
Year 1 Apr 27 7:00 PM,2.432391,,2.432390386,0.999999748,6.13589E-07,,,2.432391,,0
Year 1 Apr 27 8:00 PM,0,,0,#DIV/0!,0,,,0,,0
Year 1 Apr 27 9:00 PM,0,,0,#DIV/0!,0,,,0,,0
Year 1 Apr 27 10:00 PM,0,,0,#DIV/0!,0,,,0,,0
Year 1 Apr 27 11:00 PM,0,,0,#DIV/0!,0,,,0,,0
Year 1 Apr 28 12:00 AM,0,,0,#DIV/0!,0,,,0,,0
Year 1 Apr 28 1:00 AM,0,,0,#DIV/0!,0,,,0,,0
Year 1 Apr 28 2:00 AM,0,,0,#DIV/0!,0,,,0,,0
Year 1 Apr 28 3:00 AM,0,,0,#DIV/0!,0,,,0,,0
Year 1 Apr 28 4:00 AM,0,,0,#DIV/0!,0,,,0,,0
Year 1 Apr 28 5:00 AM,1.699324473,,1.699324044,0.999999748,4.28667E-07,,,1.699324473,,0
Year 1 Apr 28 6:00 AM,31.40074262,,31.40071127,0.999999001,3.13554E-05,,,31.40074262,,0
Year 1 Apr 28 7:00 AM,57.64126916,,57.64122825,0.99999929,4.09168E-05,,,57.64126916,,0
Year 1 Apr 28 8:00 AM,51.34812418,,51.34811024,0.999999728,1.39414E-05,,,51.34812418,,0
Year 1 Apr 28 9:00 AM,67.62814738,,67.62812951,0.999999736,1.78764E-05,,,67.62814738,,0
Year 1 Apr 28 10:00 AM,70.05192721,,70.05190751,0.999999719,1.96935E-05,,,70.05192721,,0
Year 1 Apr 28 11:00 AM,81.21521541,,81.21513028,0.999998952,8.51295E-05,,,81.21521541,,0
Year 1 Apr 28 12:00 PM,85.74342574,,85.74334203,0.999999024,8.37121E-05,,,85.74342574,,0
Year 1 Apr 28 1:00 PM,81.6172756,,77.9847021,0.955492591,3.632573493,,,81.6172756,,0
Year 1 Apr 28 2:00 PM,77.33791508,,74.1026154,0.958166707,3.235299681,,,77.33791508,,0
Year 1 Apr 28 3:00 PM,76.78092104,,73.53575788,0.957734772,3.245163161,,,76.78092104,,0
Year 1 Apr 28 4:00 PM,67.1806338,,64.70708661,0.963180651,2.473547191,,,67.1806338,,0
Year 1 Apr 28 5:00 PM,45.19571085,,44.42792275,0.983011925,0.767788107,,,45.19571085,,0
Year 1 Apr 28 6:00 PM,11.92807125,,11.92806824,0.999999748,3.00895E-06,,,11.92807125,,0
Year 1 Apr 28 7:00 PM,1.4656715,,1.46567113,0.999999748,3.69727E-07,,,1.4656715,,0
Year 1 Apr 28 8:00 PM,0,,0,#DIV/0!,0,,,0,,0
Year 1 Apr 28 9:00 PM,0,,0,#DIV/0!,0,,,0,,0
Year 1 Apr 28 10:00 PM,0,,0,#DIV/0!,0,,,0,,0
Year 1 Apr 28 11:00 PM,0,,0,#DIV/0!,0,,,0,,0
Year 1 Apr 29 12:00 AM,0,,0,#DIV/0!,0,,,0,,0
Year 1 Apr 29 1:00 AM,0,,0,#DIV/0!,0,,,0,,0
Year 1 Apr 29 2:00 AM,0,,0,#DIV/0!,0,,,0,,0
Year 1 Apr 29 3:00 AM,0,,0,#DIV/0!,0,,,0,,0
Year 1 Apr 29 4:00 AM,0,,0,#DIV/0!,0,,,0,,0
Year 1 Apr 29 5:00 AM,1.701812631,,1.701812202,0.999999748,4.29295E-07,,,1.701812631,,0
Year 1 Apr 29 6:00 AM,31.84069623,,31.84066983,0.999999171,2.63925E-05,,,31.84069623,,0
Year 1 Apr 29 7:00 AM,80.05784461,,80.05769018,0.999998071,0.000154431,,,80.05784461,,0
Year 1 Apr 29 8:00 AM,133.2099089,,133.2097291,0.99999865,0.000179779,,,133.2099089,,0
Year 1 Apr 29 9:00 AM,193.549501,,193.5493569,0.999999255,0.000144122,,,193.549501,,0
Year 1 Apr 29 10:00 AM,388.3211615,,388.3207201,0.999998863,0.000441411,,,388.3211615,,0
Year 1 Apr 29 11:00 AM,404.740768,,404.7363168,0.999989002,0.004451188,,,404.740768,,0
Year 1 Apr 29 12:00 PM,465.3581922,,465.3532872,0.99998946,0.00490499,,,465.3581922,,0
Year 1 Apr 29 1:00 PM,258.7052857,,102.725545,0.397075555,155.9797407,,,258.7052857,,0
Year 1 Apr 29 2:00 PM,655.4756308,,78.79650664,0.120212717,576.6791241,,,655.4756308,,0
Year 1 Apr 29 3:00 PM,632.2367147,,46.67245322,0.073821169,585.5642615,,,632.2367147,,0
Year 1 Apr 29 4:00 PM,458.4586511,,47.76814351,0.104192916,410.6905076,,,458.4586511,,0
Year 1 Apr 29 5:00 PM,273.237654,,45.28239091,0.165725295,227.9552631,,,273.237654,,0
Year 1 Apr 29 6:00 PM,111.4514487,,33.02444458,0.296312385,78.4270041,,,111.4514487,,0
Year 1 Apr 29 7:00 PM,10.7196915,,6.358534163,0.593163914,4.361157333,,,10.7196915,,0
Year 1 Apr 29 8:00 PM,0,,0,#DIV/0!,0,,,0,,0
Year 1 Apr 29 9:00 PM,0,,0,#DIV/0!,0,,,0,,0
Year 1 Apr 29 10:00 PM,0,,0,#DIV/0!,0,,,0,,0
Year 1 Apr 29 11:00 PM,0,,0,#DIV/0!,0,,,0,,0
Year 1 Apr 30 12:00 AM,0,,0,#DIV/0!,0,,,0,,0
Year 1 Apr 30 1:00 AM,0,,0,#DIV/0!,0,,,0,,0
Year 1 Apr 30 2:00 AM,0,,0,#DIV/0!,0,,,0,,0
Year 1 Apr 30 3:00 AM,0,,0,#DIV/0!,0,,,0,,0
Year 1 Apr 30 4:00 AM,0,,0,#DIV/0!,0,,,0,,0
Year 1 Apr 30 5:00 AM,2.01567608,,2.015675571,0.999999748,5.0847E-07,,,2.01567608,,0
Year 1 Apr 30 6:00 AM,50.16833164,,50.16828797,0.99999913,4.36643E-05,,,50.16833164,,0
Year 1 Apr 30 7:00 AM,164.1471221,,164.1463969,0.999995582,0.000725224,,,164.1471221,,0
Year 1 Apr 30 8:00 AM,160.3453214,,160.345026,0.999998158,0.000295396,,,160.3453214,,0
Year 1 Apr 30 9:00 AM,209.606619,,209.60654,0.999999623,7.89693E-05,,,209.606619,,0
Year 1 Apr 30 10:00 AM,144.811395,,144.8113408,0.999999625,5.42345E-05,,,144.811395,,0
Year 1 Apr 30 11:00 AM,179.885649,,179.8850314,0.999996567,0.00061757,,,179.885649,,0
Year 1 Apr 30 12:00 PM,182.6247498,,182.6242675,0.999997359,0.000482293,,,182.6247498,,0
Year 1 Apr 30 1:00 PM,278.6612746,,165.9462469,0.595512409,112.7150277,,,278.6612746,,0
Year 1 Apr 30 2:00 PM,229.9651557,,166.0357839,0.722004094,63.92937184,,,229.9651557,,0
Year 1 Apr 30 3:00 PM,183.4561068,,138.7408575,0.756261865,44.71524926,,,183.4561068,,0
Year 1 Apr 30 4:00 PM,182.8190042,,100.0398065,0.547206823,82.77919764,,,182.8190042,,0
Year 1 Apr 30 5:00 PM,232.0189214,,70.78404743,0.305078771,161.234874,,,232.0189214,,0
Year 1 Apr 30 6:00 PM,78.45178647,,39.7507974,0.506690787,38.70098907,,,78.45178647,,0
Year 1 Apr 30 7:00 PM,10.46228524,,6.870193228,0.656662772,3.592092013,,,10.46228524,,0
Year 1 Apr 30 8:00 PM,0,,0,#DIV/0!,0,,,0,,0
Year 1 Apr 30 9:00 PM,0,,0,#DIV/0!,0,,,0,,0
Year 1 Apr 30 10:00 PM,0,,0,#DIV/0!,0,,,0,,0
Year 1 Apr 30 11:00 PM,0,,0,#DIV/0!,0,,,0,,0
Year 1 May 01 12:00 AM,0,,0,#DIV/0!,0,,,0,,0
Year 1 May 01 1:00 AM,0,,0,#DIV/0!,0,,,0,,0
Year 1 May 01 2:00 AM,0,,0,#DIV/0!,0,,,0,,0
Year 1 May 01 3:00 AM,0,,0,#DIV/0!,0,,,0,,0
Year 1 May 01 4:00 AM,0,,0,#DIV/0!,0,,,0,,0
Year 1 May 01 5:00 AM,1.097072869,,1.097072397,0.99999957,4.71629E-07,,,1.097072869,,0
Year 1 May 01 6:00 AM,32.22241173,,32.22208693,0.99998992,0.000324802,,,32.22241173,,0
Year 1 May 01 7:00 AM,161.7921083,,161.7920962,0.999999925,1.20622E-05,,,161.7921083,,0
Year 1 May 01 8:00 AM,195.5582937,,195.5579828,0.99999841,0.000310915,,,195.5582937,,0
Year 1 May 01 9:00 AM,172.2304633,,172.2296133,0.999995065,0.000850023,,,172.2304633,,0
Year 1 May 01 10:00 AM,195.6991045,,195.6987067,0.999997968,0.000397722,,,195.6991045,,0
Year 1 May 01 11:00 AM,227.905394,,227.9028631,0.999988895,0.002530835,,,227.905394,,0
Year 1 May 01 12:00 PM,271.4861391,,271.4853624,0.999997139,0.000776759,,,271.4861391,,0
Year 1 May 01 1:00 PM,261.1274819,,197.3857444,0.755898012,63.74173748,,,261.1274819,,0
Year 1 May 01 2:00 PM,203.6287658,,160.9688312,0.790501433,42.65993465,,,203.6287658,,0
Year 1 May 01 3:00 PM,163.5134915,,133.620905,0.81718581,29.89258643,,,163.5134915,,0
Year 1 May 01 4:00 PM,150.4637362,,106.4050899,0.707180963,44.05864628,,,150.4637362,,0
Year 1 May 01 5:00 PM,154.8065622,,68.09800725,0.43989096,86.70855498,,,154.8065622,,0
Year 1 May 01 6:00 PM,64.29748522,,37.184668,0.578322276,27.11281721,,,64.29748522,,0
Year 1 May 01 7:00 PM,9.869711359,,7.970021897,0.807523301,1.899689462,,,9.869711359,,0
Year 1 May 01 8:00 PM,0,,0,#DIV/0!,0,,,0,,0
Year 1 May 01 9:00 PM,0,,0,#DIV/0!,0,,,0,,0
Year 1 May 01 10:00 PM,0,,0,#DIV/0!,0,,,0,,0
Year 1 May 01 11:00 PM,0,,0,#DIV/0!,0,,,0,,0
Year 1 May 02 12:00 AM,0,,0,#DIV/0!,0,,,0,,0
Year 1 May 02 1:00 AM,0,,0,#DIV/0!,0,,,0,,0
Year 1 May 02 2:00 AM,0,,0,#DIV/0!,0,,,0,,0
Year 1 May 02 3:00 AM,0,,0,#DIV/0!,0,,,0,,0
Year 1 May 02 4:00 AM,0,,0,#DIV/0!,0,,,0,,0
Year 1 May 02 5:00 AM,1.618416932,,1.618415746,0.999999267,1.18606E-06,,,1.618416932,,0
Year 1 May 02 6:00 AM,24.73480728,,24.73476173,0.999998158,4.55523E-05,,,24.73480728,,0
Year 1 May 02 7:00 AM,64.43150293,,64.43149022,0.999999803,1.27069E-05,,,64.43150293,,0
Year 1 May 02 8:00 AM,132.456804,,132.4560993,0.999994679,0.000704762,,,132.456804,,0
Year 1 May 02 9:00 AM,479.4335009,,479.4254389,0.999983184,0.008061973,,,479.4335009,,0
Year 1 May 02 10:00 AM,679.665333,,679.6607724,0.99999329,0.004560553,,,679.665333,,0
Year 1 May 02 11:00 AM,784.5907121,,784.5600328,0.999960898,0.030679379,,,784.5907121,,0
Year 1 May 02 12:00 PM,752.0561383,,752.0489244,0.999990408,0.007213834,,,752.0561383,,0
Year 1 May 02 1:00 PM,730.2858218,,129.7732773,0.177702036,600.5125444,,,730.2858218,,0
Year 1 May 02 2:00 PM,703.483439,,78.44551681,0.111510112,625.0379222,,,703.483439,,0
Year 1 May 02 3:00 PM,569.3658116,,60.5921359,0.106420397,508.7736757,,,569.3658116,,0
Year 1 May 02 4:00 PM,327.823416,,53.71683815,0.163859064,274.1065779,,,327.823416,,0
Year 1 May 02 5:00 PM,263.8376759,,43.53245978,0.164997132,220.3052161,,,263.8376759,,0
Year 1 May 02 6:00 PM,106.0436547,,30.71316555,0.289627566,75.33048916,,,106.0436547,,0
Year 1 May 02 7:00 PM,15.60340207,,9.474071452,0.607179858,6.129330621,,,15.60340207,,0
Year 1 May 02 8:00 PM,0,,0,#DIV/0!,0,,,0,,0
Year 1 May 02 9:00 PM,0,,0,#DIV/0!,0,,,0,,0
Year 1 May 02 10:00 PM,0,,0,#DIV/0!,0,,,0,,0
Year 1 May 02 11:00 PM,0,,0,#DIV/0!,0,,,0,,0
Year 1 May 03 12:00 AM,0,,0,#DIV/0!,0,,,0,,0
Year 1 May 03 1:00 AM,0,,0,#DIV/0!,0,,,0,,0
Year 1 May 03 2:00 AM,0,,0,#DIV/0!,0,,,0,,0
Year 1 May 03 3:00 AM,0,,0,#DIV/0!,0,,,0,,0
Year 1 May 03 4:00 AM,0,,0,#DIV/0!,0,,,0,,0
Year 1 May 03 5:00 AM,3.268114371,,3.268104984,0.999997128,9.38714E-06,,,3.268114371,,0
Year 1 May 03 6:00 AM,83.61401075,,83.61289309,0.999986633,0.001117663,,,83.61401075,,0
Year 1 May 03 7:00 AM,260.2010812,,260.2010764,0.999999982,4.81137E-06,,,260.2010812,,0
Year 1 May 03 8:00 AM,461.6159487,,461.6140915,0.999995977,0.001857193,,,461.6159487,,0
Year 1 May 03 9:00 AM,641.164412,,641.1526954,0.999981726,0.011716605,,,641.164412,,0
Year 1 May 03 10:00 AM,783.7168038,,783.7114581,0.999993179,0.005345749,,,783.7168038,,0
Year 1 May 03 11:00 AM,881.2651326,,881.2287772,0.999958746,0.036355406,,,881.2651326,,0
Year 1 May 03 12:00 PM,922.4774905,,922.4682104,0.99998994,0.009280056,,,922.4774905,,0
Year 1 May 03 1:00 PM,909.0044113,,94.16620807,0.103592685,814.8382032,,,909.0044113,,0
Year 1 May 03 2:00 PM,834.3407489,,32.47540317,0.038923429,801.8653458,,,834.3407489,,0
Year 1 May 03 3:00 PM,707.1524316,,31.93766738,0.045163767,675.2147642,,,707.1524316,,0
Year 1 May 03 4:00 PM,545.6576087,,22.80374046,0.041791299,522.8538682,,,545.6576087,,0
Year 1 May 03 5:00 PM,348.5278766,,20.91319669,0.060004373,327.6146799,,,348.5278766,,0
Year 1 May 03 6:00 PM,154.8082667,,15.29834389,0.098821234,139.5099229,,,154.8082667,,0
Year 1 May 03 7:00 PM,22.42219471,,6.57670926,0.293312468,15.84548545,,,22.42219471,,0
Year 1 May 03 8:00 PM,0,,0,#DIV/0!,0,,,0,,0
Year 1 May 03 9:00 PM,0,,0,#DIV/0!,0,,,0,,0
Year 1 May 03 10:00 PM,0,,0,#DIV/0!,0,,,0,,0
Year 1 May 03 11:00 PM,0,,0,#DIV/0!,0,,,0,,0
Year 1 May 04 12:00 AM,0,,0,#DIV/0!,0,,,0,,0
Year 1 May 04 1:00 AM,0,,0,#DIV/0!,0,,,0,,0
Year 1 May 04 2:00 AM,0,,0,#DIV/0!,0,,,0,,0
Year 1 May 04 3:00 AM,0,,0,#DIV/0!,0,,,0,,0
Year 1 May 04 4:00 AM,0,,0,#DIV/0!,0,,,0,,0
Year 1 May 04 5:00 AM,5.105157911,,5.105146971,0.999997857,1.09405E-05,,,5.105157911,,0
Year 1 May 04 6:00 AM,64.0466288,,64.04589876,0.999988601,0.000730046,,,64.0466288,,0
Year 1 May 04 7:00 AM,219.7485672,,219.7485589,0.999999962,8.28628E-06,,,219.7485672,,0
Year 1 May 04 8:00 AM,416.0024339,,416.0007933,0.999996056,0.001640675,,,416.0024339,,0
Year 1 May 04 9:00 AM,602.3888152,,602.3779178,0.99998191,0.010897358,,,602.3888152,,0
Year 1 May 04 10:00 AM,758.760647,,758.7554741,0.999993182,0.005172896,,,758.760647,,0
Year 1 May 04 11:00 AM,857.7126379,,857.6776034,0.999959154,0.035034429,,,857.7126379,,0
Year 1 May 04 12:00 PM,902.0512348,,902.0422656,0.999990057,0.008969195,,,902.0512348,,0
Year 1 May 04 1:00 PM,876.200232,,97.79567354,0.111613385,778.4045584,,,876.200232,,0
Year 1 May 04 2:00 PM,768.1896958,,47.49504788,0.061827239,720.6946479,,,768.1896958,,0
Year 1 May 04 3:00 PM,675.7983002,,45.63983464,0.067534699,630.1584656,,,675.7983002,,0
Year 1 May 04 4:00 PM,464.5171355,,45.94013704,0.098898692,418.5769984,,,464.5171355,,0
Year 1 May 04 5:00 PM,280.412824,,44.02118587,0.156987064,236.3916381,,,280.412824,,0
Year 1 May 04 6:00 PM,112.6982371,,30.25673613,0.268475683,82.44150098,,,112.6982371,,0
Year 1 May 04 7:00 PM,15.32460057,,8.784919216,0.573255999,6.539681356,,,15.32460057,,0
Year 1 May 04 8:00 PM,0,,0,#DIV/0!,0,,,0,,0
Year 1 May 04 9:00 PM,0,,0,#DIV/0!,0,,,0,,0
Year 1 May 04 10:00 PM,0,,0,#DIV/0!,0,,,0,,0
Year 1 May 04 11:00 PM,0,,0,#DIV/0!,0,,,0,,0
Year 1 May 05 12:00 AM,0,,0,#DIV/0!,0,,,0,,0
Year 1 May 05 1:00 AM,0,,0,#DIV/0!,0,,,0,,0
Year 1 May 05 2:00 AM,0,,0,#DIV/0!,0,,,0,,0
Year 1 May 05 3:00 AM,0,,0,#DIV/0!,0,,,0,,0
Year 1 May 05 4:00 AM,0,,0,#DIV/0!,0,,,0,,0
Year 1 May 05 5:00 AM,5.235753631,,5.235739058,0.999997217,1.45725E-05,,,5.235753631,,0
Year 1 May 05 6:00 AM,82.74947151,,82.74838796,0.999986906,0.001083549,,,82.74947151,,0
Year 1 May 05 7:00 AM,255.7447752,,255.7447701,0.99999998,5.04426E-06,,,255.7447752,,0
Year 1 May 05 8:00 AM,449.0905058,,449.0887042,0.999995988,0.001801626,,,449.0905058,,0
Year 1 May 05 9:00 AM,632.8497872,,632.838106,0.999981542,0.011681165,,,632.8497872,,0
Year 1 May 05 10:00 AM,771.9243526,,771.919117,0.999993218,0.00523552,,,771.9243526,,0
Year 1 May 05 11:00 AM,870.2067069,,870.1709001,0.999958853,0.035806784,,,870.2067069,,0
Year 1 May 05 12:00 PM,914.4918017,,914.4826407,0.999989982,0.009161,,,914.4918017,,0
Year 1 May 05 1:00 PM,898.4136042,,95.79348102,0.106625145,802.6201231,,,898.4136042,,0
Year 1 May 05 2:00 PM,777.3021142,,51.02511917,0.06564387,726.276995,,,777.3021142,,0
Year 1 May 05 3:00 PM,546.9245658,,63.65067059,0.11637925,483.2738952,,,546.9245658,,0
Year 1 May 05 4:00 PM,374.3869798,,59.93724863,0.160094373,314.4497312,,,374.3869798,,0
Year 1 May 05 5:00 PM,184.8360953,,61.80897984,0.334398861,123.0271155,,,184.8360953,,0
Year 1 May 05 6:00 PM,108.6335918,,38.45622825,0.353999418,70.17736352,,,108.6335918,,0
Year 1 May 05 7:00 PM,15.92721923,,10.26073561,0.644226431,5.666483626,,,15.92721923,,0
Year 1 May 05 8:00 PM,0,,0,#DIV/0!,0,,,0,,0
Year 1 May 05 9:00 PM,0,,0,#DIV/0!,0,,,0,,0
Year 1 May 05 10:00 PM,0,,0,#DIV/0!,0,,,0,,0
Year 1 May 05 11:00 PM,0,,0,#DIV/0!,0,,,0,,0
Year 1 May 06 12:00 AM,0,,0,#DIV/0!,0,,,0,,0
Year 1 May 06 1:00 AM,0,,0,#DIV/0!,0,,,0,,0
Year 1 May 06 2:00 AM,0,,0,#DIV/0!,0,,,0,,0
Year 1 May 06 3:00 AM,0,,0,#DIV/0!,0,,,0,,0
Year 1 May 06 4:00 AM,0,,0,#DIV/0!,0,,,0,,0
Year 1 May 06 5:00 AM,5.396332091,,5.396318948,0.999997564,1.31428E-05,,,5.396332091,,0
Year 1 May 06 6:00 AM,77.35961139,,77.35864094,0.999987455,0.000970457,,,77.35961139,,0
Year 1 May 06 7:00 AM,254.2227164,,254.2227109,0.999999978,5.57453E-06,,,254.2227164,,0
Year 1 May 06 8:00 AM,454.1107811,,454.1089695,0.999996011,0.001811651,,,454.1107811,,0
Year 1 May 06 9:00 AM,638.9067347,,638.8949882,0.999981615,0.011746546,,,638.9067347,,0
Year 1 May 06 10:00 AM,785.2768376,,785.2715386,0.999993252,0.005298986,,,785.2768376,,0
Year 1 May 06 11:00 AM,885.5228812,,885.4866324,0.999959065,0.036248846,,,885.5228812,,0
Year 1 May 06 12:00 PM,896.8330361,,896.8241024,0.999990039,0.00893375,,,896.8330361,,0
Year 1 May 06 1:00 PM,746.3053838,,100.9008075,0.135200428,645.4045763,,,746.3053838,,0
Year 1 May 06 2:00 PM,648.2348911,,59.97521633,0.092520809,588.2596747,,,648.2348911,,0
Year 1 May 06 3:00 PM,362.6673742,,82.24303669,0.226772637,280.4243375,,,362.6673742,,0
Year 1 May 06 4:00 PM,296.1255605,,81.43677025,0.275007568,214.6887902,,,296.1255605,,0
Year 1 May 06 5:00 PM,204.7525578,,56.79825399,0.277399485,147.9543038,,,204.7525578,,0
Year 1 May 06 6:00 PM,89.53702769,,38.04612993,0.424920627,51.49089776,,,89.53702769,,0
Year 1 May 06 7:00 PM,18.60646924,,10.74248782,0.577352301,7.863981415,,,18.60646924,,0
Year 1 May 06 8:00 PM,0,,0,#DIV/0!,0,,,0,,0
Year 1 May 06 9:00 PM,0,,0,#DIV/0!,0,,,0,,0
Year 1 May 06 10:00 PM,0,,0,#DIV/0!,0,,,0,,0
Year 1 May 06 11:00 PM,0,,0,#DIV/0!,0,,,0,,0
Year 1 May 07 12:00 AM,0,,0,#DIV/0!,0,,,0,,0
Year 1 May 07 1:00 AM,0,,0,#DIV/0!,0,,,0,,0
Year 1 May 07 2:00 AM,0,,0,#DIV/0!,0,,,0,,0
Year 1 May 07 3:00 AM,0,,0,#DIV/0!,0,,,0,,0
Year 1 May 07 4:00 AM,0,,0,#DIV/0!,0,,,0,,0
Year 1 May 07 5:00 AM,5.822094693,,5.822080603,0.99999758,1.40905E-05,,,5.822094693,,0
Year 1 May 07 6:00 AM,77.68132489,,77.68038338,0.99998788,0.000941507,,,77.68132489,,0
Year 1 May 07 7:00 AM,246.410625,,246.4106183,0.999999973,6.68508E-06,,,246.410625,,0
Year 1 May 07 8:00 AM,431.7979264,,431.7963339,0.999996312,0.001592434,,,431.7979264,,0
Year 1 May 07 9:00 AM,527.492453,,527.4837327,0.999983468,0.008720308,,,527.492453,,0
Year 1 May 07 10:00 AM,486.2003771,,486.1979814,0.999995073,0.002395637,,,486.2003771,,0
Year 1 May 07 11:00 AM,211.1732834,,211.1711482,0.999989889,0.00213515,,,211.1732834,,0
Year 1 May 07 12:00 PM,296.486453,,296.4847441,0.999994236,0.001708844,,,296.486453,,0
Year 1 May 07 1:00 PM,533.7606683,,136.6640566,0.256039953,397.0966117,,,533.7606683,,0
Year 1 May 07 2:00 PM,516.8224892,,101.4700239,0.196334382,415.3524653,,,516.8224892,,0
Year 1 May 07 3:00 PM,303.9094625,,101.175197,0.332912296,202.7342655,,,303.9094625,,0
Year 1 May 07 4:00 PM,283.5959727,,76.80933315,0.270840705,206.7866396,,,283.5959727,,0
Year 1 May 07 5:00 PM,197.2325281,,69.99019534,0.35486132,127.2423328,,,197.2325281,,0
Year 1 May 07 6:00 PM,74.42883416,,38.98275607,0.523758789,35.4460781,,,74.42883416,,0
Year 1 May 07 7:00 PM,17.18003068,,11.52948599,0.671098103,5.650544686,,,17.18003068,,0
Year 1 May 07 8:00 PM,0,,0,#DIV/0!,0,,,0,,0
Year 1 May 07 9:00 PM,0,,0,#DIV/0!,0,,,0,,0
Year 1 May 07 10:00 PM,0,,0,#DIV/0!,0,,,0,,0
Year 1 May 07 11:00 PM,0,,0,#DIV/0!,0,,,0,,0
Year 1 May 08 12:00 AM,0,,0,#DIV/0!,0,,,0,,0
Year 1 May 08 1:00 AM,0,,0,#DIV/0!,0,,,0,,0
Year 1 May 08 2:00 AM,0,,0,#DIV/0!,0,,,0,,0
Year 1 May 08 3:00 AM,0,,0,#DIV/0!,0,,,0,,0
Year 1 May 08 4:00 AM,0,,0,#DIV/0!,0,,,0,,0
Year 1 May 08 5:00 AM,4.427045467,,4.427038539,0.999998435,6.92786E-06,,,4.427045467,,0
Year 1 May 08 6:00 AM,42.58182909,,42.5815554,0.999993573,0.000273688,,,42.58182909,,0
Year 1 May 08 7:00 AM,116.0188788,,116.0188643,0.999999875,1.44918E-05,,,116.0188788,,0
Year 1 May 08 8:00 AM,226.4976144,,226.4968582,0.999996661,0.000756259,,,226.4976144,,0
Year 1 May 08 9:00 AM,384.3601897,,384.3542671,0.999984591,0.005922649,,,384.3601897,,0
Year 1 May 08 10:00 AM,515.4394007,,515.4366548,0.999994673,0.002745845,,,515.4394007,,0
Year 1 May 08 11:00 AM,221.2359855,,221.2341544,0.999991723,0.001831135,,,221.2359855,,0
Year 1 May 08 12:00 PM,207.3151011,,207.3145969,0.999997568,0.000504243,,,207.3151011,,0
Year 1 May 08 1:00 PM,232.6741012,,179.2344923,0.770324206,53.43960897,,,232.6741012,,0
Year 1 May 08 2:00 PM,265.3810456,,150.5373852,0.567249951,114.8436605,,,265.3810456,,0
Year 1 May 08 3:00 PM,388.8967376,,98.46466404,0.25318974,290.4320736,,,388.8967376,,0
Year 1 May 08 4:00 PM,275.8100889,,95.12550291,0.344894936,180.684586,,,275.8100889,,0
Year 1 May 08 5:00 PM,157.7156831,,77.86717944,0.493718683,79.84850368,,,157.7156831,,0
Year 1 May 08 6:00 PM,75.37661249,,48.42934212,0.642498257,26.94727036,,,75.37661249,,0
Year 1 May 08 7:00 PM,14.33506136,,11.61729472,0.810411231,2.717766641,,,14.33506136,,0
Year 1 May 08 8:00 PM,0,,0,#DIV/0!,0,,,0,,0
Year 1 May 08 9:00 PM,0,,0,#DIV/0!,0,,,0,,0
Year 1 May 08 10:00 PM,0,,0,#DIV/0!,0,,,0,,0
Year 1 May 08 11:00 PM,0,,0,#DIV/0!,0,,,0,,0
Year 1 May 09 12:00 AM,0,,0,#DIV/0!,0,,,0,,0
Year 1 May 09 1:00 AM,0,,0,#DIV/0!,0,,,0,,0
Year 1 May 09 2:00 AM,0,,0,#DIV/0!,0,,,0,,0
Year 1 May 09 3:00 AM,0,,0,#DIV/0!,0,,,0,,0
Year 1 May 09 4:00 AM,0,,0,#DIV/0!,0,,,0,,0
Year 1 May 09 5:00 AM,6.090174415,,6.090156454,0.999997051,1.79613E-05,,,6.090174415,,0
Year 1 May 09 6:00 AM,91.73177192,,91.73054112,0.999986583,0.001230798,,,91.73177192,,0
Year 1 May 09 7:00 AM,261.8730176,,261.8730131,0.999999983,4.51956E-06,,,261.8730176,,0
Year 1 May 09 8:00 AM,463.2090594,,463.2072582,0.999996112,0.001801157,,,463.2090594,,0
Year 1 May 09 9:00 AM,606.5246949,,606.5134494,0.999981459,0.011245514,,,606.5246949,,0
Year 1 May 09 10:00 AM,699.6677571,,699.6633713,0.999993732,0.004385785,,,699.6677571,,0
Year 1 May 09 11:00 AM,518.1057604,,518.0922781,0.999973978,0.013482257,,,518.1057604,,0
Year 1 May 09 12:00 PM,407.0864915,,407.0830499,0.999991546,0.003441654,,,407.0864915,,0
Year 1 May 09 1:00 PM,649.9676591,,104.3765772,0.16058734,545.5910818,,,649.9676591,,0
Year 1 May 09 2:00 PM,646.0386576,,57.28009445,0.088663571,588.7585632,,,646.0386576,,0
Year 1 May 09 3:00 PM,650.1568984,,34.64166932,0.053282015,615.5152291,,,650.1568984,,0
Year 1 May 09 4:00 PM,521.3321396,,28.09388935,0.053888658,493.2382503,,,521.3321396,,0
Year 1 May 09 5:00 PM,363.5975804,,18.96992472,0.052172857,344.6276557,,,363.5975804,,0
Year 1 May 09 6:00 PM,168.041878,,14.4988146,0.08628096,153.5430634,,,168.041878,,0
Year 1 May 09 7:00 PM,28.82506985,,7.268427876,0.252156471,21.55664197,,,28.82506985,,0
Year 1 May 09 8:00 PM,0,,0,#DIV/0!,0,,,0,,0
Year 1 May 09 9:00 PM,0,,0,#DIV/0!,0,,,0,,0
Year 1 May 09 10:00 PM,0,,0,#DIV/0!,0,,,0,,0
Year 1 May 09 11:00 PM,0,,0,#DIV/0!,0,,,0,,0
Year 1 May 10 12:00 AM,0,,0,#DIV/0!,0,,,0,,0
Year 1 May 10 1:00 AM,0,,0,#DIV/0!,0,,,0,,0
Year 1 May 10 2:00 AM,0,,0,#DIV/0!,0,,,0,,0
Year 1 May 10 3:00 AM,0,,0,#DIV/0!,0,,,0,,0
Year 1 May 10 4:00 AM,0,,0,#DIV/0!,0,,,0,,0
Year 1 May 10 5:00 AM,2.120546,,2.120545465,0.999999748,5.34924E-07,,,2.120546,,0
Year 1 May 10 6:00 AM,18.7991083,,18.79909721,0.99999941,1.10908E-05,,,18.7991083,,0
Year 1 May 10 7:00 AM,62.88032169,,62.88030776,0.999999778,1.39309E-05,,,62.88032169,,0
Year 1 May 10 8:00 AM,124.1981668,,124.1980363,0.99999895,0.000130433,,,124.1981668,,0
Year 1 May 10 9:00 AM,202.1877388,,202.1859782,0.999991292,0.001760638,,,202.1877388,,0
Year 1 May 10 10:00 AM,346.0262308,,346.0246497,0.999995431,0.001581035,,,346.0262308,,0
Year 1 May 10 11:00 AM,348.0917862,,348.080746,0.999968284,0.011040174,,,348.0917862,,0
Year 1 May 10 12:00 PM,565.8167549,,565.8119749,0.999991552,0.004779949,,,565.8167549,,0
Year 1 May 10 1:00 PM,690.2008522,,101.3919672,0.146902118,588.808885,,,690.2008522,,0
Year 1 May 10 2:00 PM,237.3189853,,127.778634,0.538425671,109.5403513,,,237.3189853,,0
Year 1 May 10 3:00 PM,141.9860454,,118.0936606,0.831727232,23.89238483,,,141.9860454,,0
Year 1 May 10 4:00 PM,119.4604203,,100.3593697,0.840105613,19.10105062,,,119.4604203,,0
Year 1 May 10 5:00 PM,73.3243148,,65.42601953,0.892282727,7.898295264,,,73.3243148,,0
Year 1 May 10 6:00 PM,25.17108604,,24.86259746,0.987744328,0.308488581,,,25.17108604,,0
Year 1 May 10 7:00 PM,6.503353557,,6.455189872,0.992594023,0.048163685,,,6.503353557,,0
Year 1 May 10 8:00 PM,0,,0,#DIV/0!,0,,,0,,0
Year 1 May 10 9:00 PM,0,,0,#DIV/0!,0,,,0,,0
Year 1 May 10 10:00 PM,0,,0,#DIV/0!,0,,,0,,0
Year 1 May 10 11:00 PM,0,,0,#DIV/0!,0,,,0,,0
Year 1 May 11 12:00 AM,0,,0,#DIV/0!,0,,,0,,0
Year 1 May 11 1:00 AM,0,,0,#DIV/0!,0,,,0,,0
Year 1 May 11 2:00 AM,0,,0,#DIV/0!,0,,,0,,0
Year 1 May 11 3:00 AM,0,,0,#DIV/0!,0,,,0,,0
Year 1 May 11 4:00 AM,0,,0,#DIV/0!,0,,,0,,0
Year 1 May 11 5:00 AM,6.237496691,,6.237480749,0.999997444,1.59426E-05,,,6.237496691,,0
Year 1 May 11 6:00 AM,82.57750708,,82.57650365,0.999987849,0.001003427,,,82.57750708,,0
Year 1 May 11 7:00 AM,251.5067811,,251.5067745,0.999999974,6.61349E-06,,,251.5067811,,0
Year 1 May 11 8:00 AM,430.0228632,,430.021351,0.999996484,0.001512138,,,430.0228632,,0
Year 1 May 11 9:00 AM,513.6975893,,513.6887599,0.999982812,0.008829402,,,513.6975893,,0
Year 1 May 11 10:00 AM,660.2520074,,660.2479414,0.999993842,0.004066087,,,660.2520074,,0
Year 1 May 11 11:00 AM,584.2310443,,584.2071566,0.999959113,0.023887687,,,584.2310443,,0
Year 1 May 11 12:00 PM,808.6726152,,808.6652104,0.999990843,0.007404836,,,808.6726152,,0
Year 1 May 11 1:00 PM,798.4713722,,95.07009582,0.119065128,703.4012764,,,798.4713722,,0
Year 1 May 11 2:00 PM,721.6953249,,56.59909175,0.078425188,665.0962331,,,721.6953249,,0
Year 1 May 11 3:00 PM,487.7572305,,99.31607114,0.203617835,388.4411594,,,487.7572305,,0
Year 1 May 11 4:00 PM,413.8658734,,61.07702014,0.147576846,352.7888532,,,413.8658734,,0
Year 1 May 11 5:00 PM,275.5323303,,43.00400912,0.156076091,232.5283212,,,275.5323303,,0
Year 1 May 11 6:00 PM,73.05888194,,29.96764877,0.410184881,43.09123318,,,73.05888194,,0
Year 1 May 11 7:00 PM,10.17435944,,8.467151482,0.832204871,1.707207958,,,10.17435944,,0
Year 1 May 11 8:00 PM,0,,0,#DIV/0!,0,,,0,,0
Year 1 May 11 9:00 PM,0,,0,#DIV/0!,0,,,0,,0
Year 1 May 11 10:00 PM,0,,0,#DIV/0!,0,,,0,,0
Year 1 May 11 11:00 PM,0,,0,#DIV/0!,0,,,0,,0
Year 1 May 12 12:00 AM,0,,0,#DIV/0!,0,,,0,,0
Year 1 May 12 1:00 AM,0,,0,#DIV/0!,0,,,0,,0
Year 1 May 12 2:00 AM,0,,0,#DIV/0!,0,,,0,,0
Year 1 May 12 3:00 AM,0,,0,#DIV/0!,0,,,0,,0
Year 1 May 12 4:00 AM,0,,0,#DIV/0!,0,,,0,,0
Year 1 May 12 5:00 AM,3.261853815,,3.261852273,0.999999528,1.54113E-06,,,3.261853815,,0
Year 1 May 12 6:00 AM,25.63030599,,25.63027154,0.999998656,3.44413E-05,,,25.63030599,,0
Year 1 May 12 7:00 AM,76.21334839,,76.21333195,0.999999784,1.64343E-05,,,76.21334839,,0
Year 1 May 12 8:00 AM,123.3430953,,123.342981,0.999999074,0.000114271,,,123.3430953,,0
Year 1 May 12 9:00 AM,169.8071053,,169.8063753,0.999995701,0.00072997,,,169.8071053,,0
Year 1 May 12 10:00 AM,230.6078065,,230.6073676,0.999998097,0.000438868,,,230.6078065,,0
Year 1 May 12 11:00 AM,318.6260258,,318.6112838,0.999953733,0.014741968,,,318.6260258,,0
Year 1 May 12 12:00 PM,756.3451357,,756.338514,0.999991245,0.00662164,,,756.3451357,,0
Year 1 May 12 1:00 PM,834.4621747,,90.38252099,0.108312304,744.0796537,,,834.4621747,,0
Year 1 May 12 2:00 PM,694.0889456,,59.70471679,0.086018827,634.3842288,,,694.0889456,,0
Year 1 May 12 3:00 PM,423.0028178,,89.54046154,0.211678168,333.4623563,,,423.0028178,,0
Year 1 May 12 4:00 PM,265.5710319,,79.93456689,0.300991288,185.636465,,,265.5710319,,0
Year 1 May 12 5:00 PM,231.6650009,,58.54565208,0.252716862,173.1193488,,,231.6650009,,0
Year 1 May 12 6:00 PM,49.41246735,,34.03112204,0.688715295,15.3813453,,,49.41246735,,0
Year 1 May 12 7:00 PM,11.08959645,,10.75606671,0.969924087,0.333529736,,,11.08959645,,0
Year 1 May 12 8:00 PM,0,,0,#DIV/0!,0,,,0,,0
Year 1 May 12 9:00 PM,0,,0,#DIV/0!,0,,,0,,0
Year 1 May 12 10:00 PM,0,,0,#DIV/0!,0,,,0,,0
Year 1 May 12 11:00 PM,0,,0,#DIV/0!,0,,,0,,0
Year 1 May 13 12:00 AM,0,,0,#DIV/0!,0,,,0,,0
Year 1 May 13 1:00 AM,0,,0,#DIV/0!,0,,,0,,0
Year 1 May 13 2:00 AM,0,,0,#DIV/0!,0,,,0,,0
Year 1 May 13 3:00 AM,0,,0,#DIV/0!,0,,,0,,0
Year 1 May 13 4:00 AM,0,,0,#DIV/0!,0,,,0,,0
Year 1 May 13 5:00 AM,5.371702,,5.371698915,0.999999426,3.08503E-06,,,5.371702,,0
Year 1 May 13 6:00 AM,31.32880896,,31.32876138,0.999998481,4.75793E-05,,,31.32880896,,0
Year 1 May 13 7:00 AM,78.77027518,,78.77025794,0.999999781,1.72389E-05,,,78.77027518,,0
Year 1 May 13 8:00 AM,103.8497863,,103.8497026,0.999999194,8.37278E-05,,,103.8497863,,0
Year 1 May 13 9:00 AM,152.0207124,,152.0201771,0.999996479,0.000535334,,,152.0207124,,0
Year 1 May 13 10:00 AM,219.8739415,,219.8731612,0.999996451,0.000780231,,,219.8739415,,0
Year 1 May 13 11:00 AM,328.9708502,,328.9636651,0.999978159,0.007185111,,,328.9708502,,0
Year 1 May 13 12:00 PM,204.4855727,,204.4844002,0.999994266,0.001172553,,,204.4855727,,0
Year 1 May 13 1:00 PM,375.6198537,,168.6809793,0.449073651,206.9388745,,,375.6198537,,0
Year 1 May 13 2:00 PM,428.1410655,,129.504143,0.302480078,298.6369225,,,428.1410655,,0
Year 1 May 13 3:00 PM,272.9851458,,136.1076765,0.498590046,136.8774693,,,272.9851458,,0
Year 1 May 13 4:00 PM,194.7951774,,121.5749589,0.624116883,73.22021854,,,194.7951774,,0
Year 1 May 13 5:00 PM,112.8430611,,90.69652624,0.803740393,22.14653482,,,112.8430611,,0
Year 1 May 13 6:00 PM,39.77390182,,37.13073946,0.933545309,2.643162365,,,39.77390182,,0
Year 1 May 13 7:00 PM,11.78887745,,11.39912392,0.966938877,0.389753525,,,11.78887745,,0
Year 1 May 13 8:00 PM,0,,0,#DIV/0!,0,,,0,,0
Year 1 May 13 9:00 PM,0,,0,#DIV/0!,0,,,0,,0
Year 1 May 13 10:00 PM,0,,0,#DIV/0!,0,,,0,,0
Year 1 May 13 11:00 PM,0,,0,#DIV/0!,0,,,0,,0
Year 1 May 14 12:00 AM,0,,0,#DIV/0!,0,,,0,,0
Year 1 May 14 1:00 AM,0,,0,#DIV/0!,0,,,0,,0
Year 1 May 14 2:00 AM,0,,0,#DIV/0!,0,,,0,,0
Year 1 May 14 3:00 AM,0,,0,#DIV/0!,0,,,0,,0
Year 1 May 14 4:00 AM,0,,0,#DIV/0!,0,,,0,,0
Year 1 May 14 5:00 AM,8.652937464,,8.652917627,0.999997707,1.98372E-05,,,8.652937464,,0
Year 1 May 14 6:00 AM,94.74085538,,94.73963049,0.999987071,0.001224887,,,94.74085538,,0
Year 1 May 14 7:00 AM,278.4747165,,278.474712,0.999999984,4.41055E-06,,,278.4747165,,0
Year 1 May 14 8:00 AM,471.9916786,,471.9898617,0.999996151,0.001816916,,,471.9916786,,0
Year 1 May 14 9:00 AM,612.2649299,,612.2540864,0.99998229,0.010843428,,,612.2649299,,0
Year 1 May 14 10:00 AM,679.9543533,,679.9498711,0.999993408,0.004482202,,,679.9543533,,0
Year 1 May 14 11:00 AM,704.1258438,,704.101554,0.999965504,0.024289721,,,704.1258438,,0
Year 1 May 14 12:00 PM,437.5959553,,437.5916783,0.999990226,0.00427697,,,437.5959553,,0
Year 1 May 14 1:00 PM,488.8994713,,123.0123388,0.251610701,365.8871326,,,488.8994713,,0
Year 1 May 14 2:00 PM,763.0698757,,47.1412645,0.061778437,715.9286112,,,763.0698757,,0
Year 1 May 14 3:00 PM,620.0831246,,40.12264347,0.064705266,579.9604811,,,620.0831246,,0
Year 1 May 14 4:00 PM,381.4064915,,46.65847207,0.122332664,334.7480194,,,381.4064915,,0
Year 1 May 14 5:00 PM,289.3178021,,50.95302424,0.176114376,238.3647779,,,289.3178021,,0
Year 1 May 14 6:00 PM,170.6015634,,17.9013772,0.104930909,152.7001862,,,170.6015634,,0
Year 1 May 14 7:00 PM,32.110422,,7.556301911,0.235322411,24.55412009,,,32.110422,,0
Year 1 May 14 8:00 PM,0,,0,#DIV/0!,0,,,0,,0
Year 1 May 14 9:00 PM,0,,0,#DIV/0!,0,,,0,,0
Year 1 May 14 10:00 PM,0,,0,#DIV/0!,0,,,0,,0
Year 1 May 14 11:00 PM,0,,0,#DIV/0!,0,,,0,,0
Year 1 May 15 12:00 AM,0,,0,#DIV/0!,0,,,0,,0
Year 1 May 15 1:00 AM,0,,0,#DIV/0!,0,,,0,,0
Year 1 May 15 2:00 AM,0,,0,#DIV/0!,0,,,0,,0
Year 1 May 15 3:00 AM,0,,0,#DIV/0!,0,,,0,,0
Year 1 May 15 4:00 AM,0,,0,#DIV/0!,0,,,0,,0
Year 1 May 15 5:00 AM,4.333688893,,4.333687288,0.99999963,1.6044E-06,,,4.333688893,,0
Year 1 May 15 6:00 AM,34.24222804,,34.24199651,0.999993238,0.000231532,,,34.24222804,,0
Year 1 May 15 7:00 AM,147.891872,,147.8918583,0.999999907,1.36909E-05,,,147.891872,,0
Year 1 May 15 8:00 AM,312.1554986,,312.1540481,0.999995353,0.001450489,,,312.1554986,,0
Year 1 May 15 9:00 AM,619.3299574,,619.3186435,0.999981732,0.011313928,,,619.3299574,,0
Year 1 May 15 10:00 AM,734.0171298,,734.0121664,0.999993238,0.004963424,,,734.0171298,,0
Year 1 May 15 11:00 AM,824.2507332,,824.2164476,0.999958404,0.034285661,,,824.2507332,,0
Year 1 May 15 12:00 PM,886.8513093,,886.8423477,0.999989895,0.008961603,,,886.8513093,,0
Year 1 May 15 1:00 PM,900.9294362,,88.5239198,0.098258439,812.4055164,,,900.9294362,,0
Year 1 May 15 2:00 PM,802.9578212,,29.06091867,0.036192335,773.8969025,,,802.9578212,,0
Year 1 May 15 3:00 PM,712.5409827,,28.33901182,0.039771764,684.2019709,,,712.5409827,,0
Year 1 May 15 4:00 PM,550.3078356,,25.68596925,0.046675638,524.6218664,,,550.3078356,,0
Year 1 May 15 5:00 PM,364.1243473,,18.41282539,0.050567411,345.7115219,,,364.1243473,,0
Year 1 May 15 6:00 PM,171.2205189,,14.79009466,0.086380387,156.4304242,,,171.2205189,,0
Year 1 May 15 7:00 PM,31.98601494,,7.470165664,0.233544744,24.51584927,,,31.98601494,,0
Year 1 May 15 8:00 PM,0,,0,#DIV/0!,0,,,0,,0
Year 1 May 15 9:00 PM,0,,0,#DIV/0!,0,,,0,,0
Year 1 May 15 10:00 PM,0,,0,#DIV/0!,0,,,0,,0
Year 1 May 15 11:00 PM,0,,0,#DIV/0!,0,,,0,,0
Year 1 May 16 12:00 AM,0,,0,#DIV/0!,0,,,0,,0
Year 1 May 16 1:00 AM,0,,0,#DIV/0!,0,,,0,,0
Year 1 May 16 2:00 AM,0,,0,#DIV/0!,0,,,0,,0
Year 1 May 16 3:00 AM,0,,0,#DIV/0!,0,,,0,,0
Year 1 May 16 4:00 AM,0,,0,#DIV/0!,0,,,0,,0
Year 1 May 16 5:00 AM,9.206972032,,9.206957792,0.999998453,1.42403E-05,,,9.206972032,,0
Year 1 May 16 6:00 AM,73.42238865,,73.42173399,0.999991084,0.000654664,,,73.42238865,,0
Year 1 May 16 7:00 AM,217.0508347,,217.0508208,0.999999936,1.3814E-05,,,217.0508347,,0
Year 1 May 16 8:00 AM,389.4763927,,389.4751055,0.999996695,0.00128721,,,389.4763927,,0
Year 1 May 16 9:00 AM,482.3531279,,482.3456412,0.999984479,0.007486638,,,482.3531279,,0
Year 1 May 16 10:00 AM,628.5326726,,628.528875,0.999993958,0.003797558,,,628.5326726,,0
Year 1 May 16 11:00 AM,558.5749085,,558.5592638,0.999971992,0.015644728,,,558.5749085,,0
Year 1 May 16 12:00 PM,306.0464073,,306.0443095,0.999993145,0.00209784,,,306.0464073,,0
Year 1 May 16 1:00 PM,274.6542683,,206.1540411,0.750594711,68.50022719,,,274.6542683,,0
Year 1 May 16 2:00 PM,251.477509,,186.407688,0.741249938,65.069821,,,251.477509,,0
Year 1 May 16 3:00 PM,169.6389175,,137.9889905,0.813427676,31.649927,,,169.6389175,,0
Year 1 May 16 4:00 PM,132.3452046,,110.8918609,0.837898594,21.45334374,,,132.3452046,,0
Year 1 May 16 5:00 PM,60.22687943,,56.69097344,0.941290234,3.535905991,,,60.22687943,,0
Year 1 May 16 6:00 PM,27.46084142,,27.223366,0.991352216,0.237475425,,,27.46084142,,0
Year 1 May 16 7:00 PM,9.804761438,,9.753093224,0.994730294,0.051668215,,,9.804761438,,0
Year 1 May 16 8:00 PM,0,,0,#DIV/0!,0,,,0,,0
Year 1 May 16 9:00 PM,0,,0,#DIV/0!,0,,,0,,0
Year 1 May 16 10:00 PM,0,,0,#DIV/0!,0,,,0,,0
Year 1 May 16 11:00 PM,0,,0,#DIV/0!,0,,,0,,0
Year 1 May 17 12:00 AM,0,,0,#DIV/0!,0,,,0,,0
Year 1 May 17 1:00 AM,0,,0,#DIV/0!,0,,,0,,0
Year 1 May 17 2:00 AM,0,,0,#DIV/0!,0,,,0,,0
Year 1 May 17 3:00 AM,0,,0,#DIV/0!,0,,,0,,0
Year 1 May 17 4:00 AM,0,,0,#DIV/0!,0,,,0,,0
Year 1 May 17 5:00 AM,6.955896197,,6.955891457,0.999999319,4.74003E-06,,,6.955896197,,0
Year 1 May 17 6:00 AM,37.34737506,,37.34731302,0.999998339,6.20441E-05,,,37.34737506,,0
Year 1 May 17 7:00 AM,86.9218224,,86.92180376,0.999999786,1.8635E-05,,,86.9218224,,0
Year 1 May 17 8:00 AM,157.7959217,,157.7957397,0.999998847,0.000182015,,,157.7959217,,0
Year 1 May 17 9:00 AM,209.4021189,,209.4011505,0.999995376,0.000968329,,,209.4021189,,0
Year 1 May 17 10:00 AM,225.9292202,,225.9288091,0.999998181,0.000411067,,,225.9292202,,0
Year 1 May 17 11:00 AM,255.0976918,,255.0948645,0.999988917,0.002827308,,,255.0976918,,0
Year 1 May 17 12:00 PM,273.9862583,,273.9854672,0.999997113,0.000791092,,,273.9862583,,0
Year 1 May 17 1:00 PM,276.7129644,,207.7468219,0.750766493,68.96614255,,,276.7129644,,0
Year 1 May 17 2:00 PM,248.9114309,,186.2484519,0.748251903,62.66297907,,,248.9114309,,0
Year 1 May 17 3:00 PM,128.6770607,,111.9848309,0.870278123,16.69222983,,,128.6770607,,0
Year 1 May 17 4:00 PM,88.87122671,,81.8132161,0.9205816,7.058010611,,,88.87122671,,0
Year 1 May 17 5:00 PM,59.77883266,,56.93971291,0.95250627,2.839119753,,,59.77883266,,0
Year 1 May 17 6:00 PM,29.92563821,,29.77139401,0.994845751,0.154244203,,,29.92563821,,0
Year 1 May 17 7:00 PM,9.712393168,,9.712390718,0.999999748,2.45002E-06,,,9.712393168,,0
Year 1 May 17 8:00 PM,0,,0,#DIV/0!,0,,,0,,0
Year 1 May 17 9:00 PM,0,,0,#DIV/0!,0,,,0,,0
Year 1 May 17 10:00 PM,0,,0,#DIV/0!,0,,,0,,0
Year 1 May 17 11:00 PM,0,,0,#DIV/0!,0,,,0,,0
Year 1 May 18 12:00 AM,0,,0,#DIV/0!,0,,,0,,0
Year 1 May 18 1:00 AM,0,,0,#DIV/0!,0,,,0,,0
Year 1 May 18 2:00 AM,0,,0,#DIV/0!,0,,,0,,0
Year 1 May 18 3:00 AM,0,,0,#DIV/0!,0,,,0,,0
Year 1 May 18 4:00 AM,0,,0,#DIV/0!,0,,,0,,0
Year 1 May 18 5:00 AM,5.417403533,,5.417401332,0.999999594,2.20107E-06,,,5.417403533,,0
Year 1 May 18 6:00 AM,28.97721125,,28.97718036,0.999998934,3.08884E-05,,,28.97721125,,0
Year 1 May 18 7:00 AM,80.45774691,,80.45772923,0.99999978,1.76805E-05,,,80.45774691,,0
Year 1 May 18 8:00 AM,139.5884833,,139.5883281,0.999998888,0.000155205,,,139.5884833,,0
Year 1 May 18 9:00 AM,204.911429,,204.9104939,0.999995437,0.000935018,,,204.911429,,0
Year 1 May 18 10:00 AM,232.7246014,,232.7241538,0.999998077,0.000447595,,,232.7246014,,0
Year 1 May 18 11:00 AM,274.5040912,,274.5008807,0.999988305,0.003210449,,,274.5040912,,0
Year 1 May 18 12:00 PM,278.4641819,,278.4633532,0.999997024,0.000828666,,,278.4641819,,0
Year 1 May 18 1:00 PM,262.0268983,,200.2673838,0.76430086,61.75951454,,,262.0268983,,0
Year 1 May 18 2:00 PM,246.9910595,,186.2395489,0.754033564,60.75151053,,,246.9910595,,0
Year 1 May 18 3:00 PM,213.2108672,,164.2586469,0.770404666,48.95222025,,,213.2108672,,0
Year 1 May 18 4:00 PM,168.1924488,,133.3606066,0.79290484,34.83184216,,,168.1924488,,0
Year 1 May 18 5:00 PM,100.7321934,,86.12572607,0.854997029,14.6064673,,,100.7321934,,0
Year 1 May 18 6:00 PM,35.09424918,,34.21455248,0.974933309,0.879696702,,,35.09424918,,0
Year 1 May 18 7:00 PM,15.00000534,,14.47880608,0.965253395,0.52119926,,,15.00000534,,0
Year 1 May 18 8:00 PM,0,,0,#DIV/0!,0,,,0,,0
Year 1 May 18 9:00 PM,0,,0,#DIV/0!,0,,,0,,0
Year 1 May 18 10:00 PM,0,,0,#DIV/0!,0,,,0,,0
Year 1 May 18 11:00 PM,0,,0,#DIV/0!,0,,,0,,0
Year 1 May 19 12:00 AM,0,,0,#DIV/0!,0,,,0,,0
Year 1 May 19 1:00 AM,0,,0,#DIV/0!,0,,,0,,0
Year 1 May 19 2:00 AM,0,,0,#DIV/0!,0,,,0,,0
Year 1 May 19 3:00 AM,0,,0,#DIV/0!,0,,,0,,0
Year 1 May 19 4:00 AM,0,,0,#DIV/0!,0,,,0,,0
Year 1 May 19 5:00 AM,8.74899443,,8.748986959,0.999999146,7.47116E-06,,,8.74899443,,0
Year 1 May 19 6:00 AM,45.28933542,,45.2892376,0.99999784,9.78238E-05,,,45.28933542,,0
Year 1 May 19 7:00 AM,92.59297717,,92.59295754,0.999999788,1.96274E-05,,,92.59297717,,0
Year 1 May 19 8:00 AM,136.3183627,,136.3182287,0.999999017,0.000134008,,,136.3183627,,0
Year 1 May 19 9:00 AM,187.7755461,,187.7747198,0.9999956,0.000826269,,,187.7755461,,0
Year 1 May 19 10:00 AM,284.5170071,,284.5158568,0.999995957,0.00115023,,,284.5170071,,0
Year 1 May 19 11:00 AM,497.2156583,,497.1981791,0.999964846,0.017479142,,,497.2156583,,0
Year 1 May 19 12:00 PM,569.9091409,,569.9043043,0.999991513,0.004836603,,,569.9091409,,0
Year 1 May 19 1:00 PM,697.3387381,,115.8622027,0.166149098,581.4765354,,,697.3387381,,0
Year 1 May 19 2:00 PM,753.1537641,,61.56683377,0.081745371,691.5869303,,,753.1537641,,0
Year 1 May 19 3:00 PM,648.2571281,,54.54135113,0.084135367,593.7157769,,,648.2571281,,0
Year 1 May 19 4:00 PM,477.346911,,56.63099795,0.118636984,420.715913,,,477.346911,,0
Year 1 May 19 5:00 PM,290.1794071,,49.20548245,0.169569174,240.9739247,,,290.1794071,,0
Year 1 May 19 6:00 PM,122.8620353,,36.52224843,0.297262277,86.33978688,,,122.8620353,,0
Year 1 May 19 7:00 PM,25.03150266,,16.655234,0.665370922,8.376268654,,,25.03150266,,0
Year 1 May 19 8:00 PM,0,,0,#DIV/0!,0,,,0,,0
Year 1 May 19 9:00 PM,0,,0,#DIV/0!,0,,,0,,0
Year 1 May 19 10:00 PM,0,,0,#DIV/0!,0,,,0,,0
Year 1 May 19 11:00 PM,0,,0,#DIV/0!,0,,,0,,0
Year 1 May 20 12:00 AM,0,,0,#DIV/0!,0,,,0,,0
Year 1 May 20 1:00 AM,0,,0,#DIV/0!,0,,,0,,0
Year 1 May 20 2:00 AM,0,,0,#DIV/0!,0,,,0,,0
Year 1 May 20 3:00 AM,0,,0,#DIV/0!,0,,,0,,0
Year 1 May 20 4:00 AM,0,,0,#DIV/0!,0,,,0,,0
Year 1 May 20 5:00 AM,8.015510474,,8.01549587,0.999998178,1.4604E-05,,,8.015510474,,0
Year 1 May 20 6:00 AM,77.03045518,,77.02958298,0.999988677,0.000872208,,,77.03045518,,0
Year 1 May 20 7:00 AM,234.8323906,,234.8323819,0.999999963,8.65149E-06,,,234.8323906,,0
Year 1 May 20 8:00 AM,418.6266412,,418.6250068,0.999996096,0.001634409,,,418.6266412,,0
Year 1 May 20 9:00 AM,583.4070295,,583.3966393,0.99998219,0.010390219,,,583.4070295,,0
Year 1 May 20 10:00 AM,679.5154046,,679.5109054,0.999993379,0.004499132,,,679.5154046,,0
Year 1 May 20 11:00 AM,757.5317816,,757.5010763,0.999959467,0.030705316,,,757.5317816,,0
Year 1 May 20 12:00 PM,816.1058201,,816.0977677,0.999990133,0.00805243,,,816.1058201,,0
Year 1 May 20 1:00 PM,835.757071,,92.5918146,0.110787952,743.1652564,,,835.757071,,0
Year 1 May 20 2:00 PM,761.6241705,,52.41877448,0.068824988,709.205396,,,761.6241705,,0
Year 1 May 20 3:00 PM,640.737254,,48.82960626,0.076208471,591.9076477,,,640.737254,,0
Year 1 May 20 4:00 PM,464.2957364,,52.75175399,0.11361671,411.5439824,,,464.2957364,,0
Year 1 May 20 5:00 PM,278.9271598,,46.52554564,0.166801776,232.4016142,,,278.9271598,,0
Year 1 May 20 6:00 PM,90.24577609,,37.34952869,0.413864563,52.8962474,,,90.24577609,,0
Year 1 May 20 7:00 PM,22.73691956,,15.37098428,0.676036358,7.365935275,,,22.73691956,,0
Year 1 May 20 8:00 PM,0,,0,#DIV/0!,0,,,0,,0
Year 1 May 20 9:00 PM,0,,0,#DIV/0!,0,,,0,,0
Year 1 May 20 10:00 PM,0,,0,#DIV/0!,0,,,0,,0
Year 1 May 20 11:00 PM,0,,0,#DIV/0!,0,,,0,,0
Year 1 May 21 12:00 AM,0,,0,#DIV/0!,0,,,0,,0
Year 1 May 21 1:00 AM,0,,0,#DIV/0!,0,,,0,,0
Year 1 May 21 2:00 AM,0,,0,#DIV/0!,0,,,0,,0
Year 1 May 21 3:00 AM,0,,0,#DIV/0!,0,,,0,,0
Year 1 May 21 4:00 AM,0,,0,#DIV/0!,0,,,0,,0
Year 1 May 21 5:00 AM,12.70405933,,12.70405749,0.999999855,1.84824E-06,,,12.70405933,,0
Year 1 May 21 6:00 AM,86.21451173,,86.21406684,0.99999484,0.000444885,,,86.21451173,,0
Year 1 May 21 7:00 AM,210.8356724,,210.8349431,0.999996541,0.000729309,,,210.8356724,,0
Year 1 May 21 8:00 AM,452.1684468,,452.1684393,0.999999983,7.54041E-06,,,452.1684468,,0
Year 1 May 21 9:00 AM,656.2720811,,656.2679081,0.999993641,0.004173081,,,656.2720811,,0
Year 1 May 21 10:00 AM,803.554716,,803.5417358,0.999983846,0.012980243,,,803.554716,,0
Year 1 May 21 11:00 AM,896.2284513,,896.2230361,0.999993958,0.005415211,,,896.2284513,,0
Year 1 May 21 12:00 PM,935.1815047,,935.1811275,0.999999597,0.000377179,,,935.1815047,,0
Year 1 May 21 1:00 PM,922.6382749,,122.7678341,0.133061718,799.8704408,,,922.6382749,,0
Year 1 May 21 2:00 PM,839.9755772,,33.2316516,0.03956264,806.7439256,,,839.9755772,,0
Year 1 May 21 3:00 PM,662.7148528,,30.6288772,0.046217279,632.0859756,,,662.7148528,,0
Year 1 May 21 4:00 PM,545.3669887,,30.18450366,0.055347141,515.182485,,,545.3669887,,0
Year 1 May 21 5:00 PM,353.3334849,,34.92142277,0.098834173,318.4120621,,,353.3334849,,0
Year 1 May 21 6:00 PM,170.8476355,,27.19955203,0.159203561,143.6480835,,,170.8476355,,0
Year 1 May 21 7:00 PM,42.2209307,,12.82378709,0.303730564,29.39714361,,,42.2209307,,0
Year 1 May 21 8:00 PM,0,,0,#DIV/0!,0,,,0,,0
Year 1 May 21 9:00 PM,0,,0,#DIV/0!,0,,,0,,0
Year 1 May 21 10:00 PM,0,,0,#DIV/0!,0,,,0,,0
Year 1 May 21 11:00 PM,0,,0,#DIV/0!,0,,,0,,0
Year 1 May 22 12:00 AM,0,,0,#DIV/0!,0,,,0,,0
Year 1 May 22 1:00 AM,0,,0,#DIV/0!,0,,,0,,0
Year 1 May 22 2:00 AM,0,,0,#DIV/0!,0,,,0,,0
Year 1 May 22 3:00 AM,0,,0,#DIV/0!,0,,,0,,0
Year 1 May 22 4:00 AM,0,,0,#DIV/0!,0,,,0,,0
Year 1 May 22 5:00 AM,12.22638963,,12.22638839,0.999999898,1.24693E-06,,,12.22638963,,0
Year 1 May 22 6:00 AM,108.39825,,108.3975164,0.999993232,0.000733665,,,108.39825,,0
Year 1 May 22 7:00 AM,286.3822719,,286.3809585,0.999995414,0.001313343,,,286.3822719,,0
Year 1 May 22 8:00 AM,481.2592673,,481.2592603,0.999999985,6.98011E-06,,,481.2592673,,0
Year 1 May 22 9:00 AM,656.5886509,,656.584473,0.999993637,0.004177906,,,656.5886509,,0
Year 1 May 22 10:00 AM,805.0477898,,805.0348247,0.999983895,0.012965113,,,805.0477898,,0
Year 1 May 22 11:00 AM,899.3227185,,899.3171833,0.999993845,0.005535177,,,899.3227185,,0
Year 1 May 22 12:00 PM,935.4784498,,935.4780735,0.999999598,0.000376338,,,935.4784498,,0
Year 1 May 22 1:00 PM,916.6423908,,119.9438102,0.130851258,796.6985806,,,916.6423908,,0
Year 1 May 22 2:00 PM,824.3722616,,27.05657474,0.032820821,797.3156868,,,824.3722616,,0
Year 1 May 22 3:00 PM,693.8371139,,30.66788331,0.044200408,663.1692306,,,693.8371139,,0
Year 1 May 22 4:00 PM,558.3842983,,31.07483798,0.055651346,527.3094603,,,558.3842983,,0
Year 1 May 22 5:00 PM,367.0521579,,28.35351735,0.077246562,338.6986406,,,367.0521579,,0
Year 1 May 22 6:00 PM,179.1619533,,23.26366074,0.129847104,155.8982926,,,179.1619533,,0
Year 1 May 22 7:00 PM,42.12580445,,13.57218807,0.322182288,28.55361638,,,42.12580445,,0
Year 1 May 22 8:00 PM,0,,0,#DIV/0!,0,,,0,,0
Year 1 May 22 9:00 PM,0,,0,#DIV/0!,0,,,0,,0
Year 1 May 22 10:00 PM,0,,0,#DIV/0!,0,,,0,,0
Year 1 May 22 11:00 PM,0,,0,#DIV/0!,0,,,0,,0
Year 1 May 23 12:00 AM,0,,0,#DIV/0!,0,,,0,,0
Year 1 May 23 1:00 AM,0,,0,#DIV/0!,0,,,0,,0
Year 1 May 23 2:00 AM,0,,0,#DIV/0!,0,,,0,,0
Year 1 May 23 3:00 AM,0,,0,#DIV/0!,0,,,0,,0
Year 1 May 23 4:00 AM,0,,0,#DIV/0!,0,,,0,,0
Year 1 May 23 5:00 AM,12.0634321,,12.06343002,0.999999827,2.0823E-06,,,12.0634321,,0
Year 1 May 23 6:00 AM,63.46362073,,63.4633701,0.999996051,0.000250626,,,63.46362073,,0
Year 1 May 23 7:00 AM,132.3082739,,132.3079779,0.999997763,0.000295979,,,132.3082739,,0
Year 1 May 23 8:00 AM,268.9102454,,268.910222,0.999999913,2.33775E-05,,,268.9102454,,0
Year 1 May 23 9:00 AM,459.4750419,,459.472607,0.999994701,0.0024349,,,459.4750419,,0
Year 1 May 23 10:00 AM,486.176859,,486.1694363,0.999984733,0.007422665,,,486.176859,,0
Year 1 May 23 11:00 AM,325.2274392,,325.2255092,0.999994066,0.001930019,,,325.2274392,,0
Year 1 May 23 12:00 PM,340.891062,,340.8909328,0.999999621,0.000129164,,,340.891062,,0
Year 1 May 23 1:00 PM,183.2453414,,127.4124323,0.695310622,55.83290911,,,183.2453414,,0
Year 1 May 23 2:00 PM,212.65396,,165.5255951,0.778380027,47.12836491,,,212.65396,,0
Year 1 May 23 3:00 PM,184.130792,,145.5919319,0.79069845,38.53886013,,,184.130792,,0
Year 1 May 23 4:00 PM,147.8144279,,119.9534159,0.811513582,27.86101205,,,147.8144279,,0
Year 1 May 23 5:00 PM,89.81611267,,78.65027481,0.875681127,11.16583787,,,89.81611267,,0
Year 1 May 23 6:00 PM,47.67203191,,44.35817295,0.930486308,3.313858961,,,47.67203191,,0
Year 1 May 23 7:00 PM,17.07913245,,16.3199036,0.955546404,0.759228848,,,17.07913245,,0
Year 1 May 23 8:00 PM,0,,0,#DIV/0!,0,,,0,,0
Year 1 May 23 9:00 PM,0,,0,#DIV/0!,0,,,0,,0
Year 1 May 23 10:00 PM,0,,0,#DIV/0!,0,,,0,,0
Year 1 May 23 11:00 PM,0,,0,#DIV/0!,0,,,0,,0
Year 1 May 24 12:00 AM,0,,0,#DIV/0!,0,,,0,,0
Year 1 May 24 1:00 AM,0,,0,#DIV/0!,0,,,0,,0
Year 1 May 24 2:00 AM,0,,0,#DIV/0!,0,,,0,,0
Year 1 May 24 3:00 AM,0,,0,#DIV/0!,0,,,0,,0
Year 1 May 24 4:00 AM,0,,0,#DIV/0!,0,,,0,,0
Year 1 May 24 5:00 AM,10.64709941,,10.64709709,0.999999782,2.31958E-06,,,10.64709941,,0
Year 1 May 24 6:00 AM,45.63430941,,45.63425699,0.999998851,5.24233E-05,,,45.63430941,,0
Year 1 May 24 7:00 AM,104.7214614,,104.7213448,0.999998886,0.000116625,,,104.7214614,,0
Year 1 May 24 8:00 AM,168.3863311,,168.3862983,0.999999805,3.2795E-05,,,168.3863311,,0
Year 1 May 24 9:00 AM,218.4608826,,218.4604823,0.999998167,0.000400354,,,218.4608826,,0
Year 1 May 24 10:00 AM,344.7917918,,344.7899543,0.999994671,0.001837563,,,344.7917918,,0
Year 1 May 24 11:00 AM,785.2029403,,785.1990425,0.999995036,0.003897801,,,785.2029403,,0
Year 1 May 24 12:00 PM,813.4385428,,813.4382127,0.999999594,0.000330099,,,813.4385428,,0
Year 1 May 24 1:00 PM,882.3180571,,108.3103135,0.122756542,774.0077437,,,882.3180571,,0
Year 1 May 24 2:00 PM,746.7000339,,35.63106263,0.047718041,711.0689713,,,746.7000339,,0
Year 1 May 24 3:00 PM,491.3004494,,64.29357736,0.130864072,427.006872,,,491.3004494,,0
Year 1 May 24 4:00 PM,437.4532708,,60.74339516,0.138856877,376.7098756,,,437.4532708,,0
Year 1 May 24 5:00 PM,319.9880213,,50.32292588,0.15726503,269.6650954,,,319.9880213,,0
Year 1 May 24 6:00 PM,116.8158848,,45.08181453,0.385921954,71.73407023,,,116.8158848,,0
Year 1 May 24 7:00 PM,34.0050861,,20.17957693,0.593428197,13.82550917,,,34.0050861,,0
Year 1 May 24 8:00 PM,0,,0,#DIV/0!,0,,,0,,0
Year 1 May 24 9:00 PM,0,,0,#DIV/0!,0,,,0,,0
Year 1 May 24 10:00 PM,0,,0,#DIV/0!,0,,,0,,0
Year 1 May 24 11:00 PM,0,,0,#DIV/0!,0,,,0,,0
Year 1 May 25 12:00 AM,0,,0,#DIV/0!,0,,,0,,0
Year 1 May 25 1:00 AM,0,,0,#DIV/0!,0,,,0,,0
Year 1 May 25 2:00 AM,0,,0,#DIV/0!,0,,,0,,0
Year 1 May 25 3:00 AM,0,,0,#DIV/0!,0,,,0,,0
Year 1 May 25 4:00 AM,0,,0,#DIV/0!,0,,,0,,0
Year 1 May 25 5:00 AM,6.111381223,,6.111379813,0.999999769,1.40982E-06,,,6.111381223,,0
Year 1 May 25 6:00 AM,46.6022374,,46.60204958,0.99999597,0.000187819,,,46.6022374,,0
Year 1 May 25 7:00 AM,226.2796524,,226.2787493,0.999996009,0.000903079,,,226.2796524,,0
Year 1 May 25 8:00 AM,428.9250547,,428.9250446,0.999999976,1.00864E-05,,,428.9250547,,0
Year 1 May 25 9:00 AM,605.8281915,,605.8244013,0.999993744,0.003790206,,,605.8281915,,0
Year 1 May 25 10:00 AM,752.5697658,,752.5577779,0.999984071,0.011987847,,,752.5697658,,0
Year 1 May 25 11:00 AM,868.2173565,,868.2121336,0.999993984,0.005222976,,,868.2173565,,0
Year 1 May 25 12:00 PM,925.5115227,,925.5111449,0.999999592,0.000377781,,,925.5115227,,0
Year 1 May 25 1:00 PM,902.1979625,,119.9430051,0.132945329,782.2549574,,,902.1979625,,0
Year 1 May 25 2:00 PM,767.1223689,,37.67118298,0.049107137,729.4511859,,,767.1223689,,0
Year 1 May 25 3:00 PM,631.7336604,,58.37833537,0.092409727,573.3553251,,,631.7336604,,0
Year 1 May 25 4:00 PM,495.9202433,,65.03136687,0.131132713,430.8888764,,,495.9202433,,0
Year 1 May 25 5:00 PM,333.111116,,46.05098569,0.138245118,287.0601304,,,333.111116,,0
Year 1 May 25 6:00 PM,181.3654764,,23.20079792,0.127922901,158.1646785,,,181.3654764,,0
Year 1 May 25 7:00 PM,44.55688627,,12.94560551,0.290541072,31.61128077,,,44.55688627,,0
Year 1 May 25 8:00 PM,0,,0,#DIV/0!,0,,,0,,0
Year 1 May 25 9:00 PM,0,,0,#DIV/0!,0,,,0,,0
Year 1 May 25 10:00 PM,0,,0,#DIV/0!,0,,,0,,0
Year 1 May 25 11:00 PM,0,,0,#DIV/0!,0,,,0,,0
Year 1 May 26 12:00 AM,0,,0,#DIV/0!,0,,,0,,0
Year 1 May 26 1:00 AM,0,,0,#DIV/0!,0,,,0,,0
Year 1 May 26 2:00 AM,0,,0,#DIV/0!,0,,,0,,0
Year 1 May 26 3:00 AM,0,,0,#DIV/0!,0,,,0,,0
Year 1 May 26 4:00 AM,0,,0,#DIV/0!,0,,,0,,0
Year 1 May 26 5:00 AM,13.2888674,,13.28886521,0.999999835,2.1887E-06,,,13.2888674,,0
Year 1 May 26 6:00 AM,87.60460106,,87.60414035,0.999994741,0.000460707,,,87.60460106,,0
Year 1 May 26 7:00 AM,245.2678963,,245.2668937,0.999995912,0.001002642,,,245.2678963,,0
Year 1 May 26 8:00 AM,434.161827,,434.1618138,0.99999997,1.32413E-05,,,434.161827,,0
Year 1 May 26 9:00 AM,620.3155908,,620.3117798,0.999993856,0.003810964,,,620.3155908,,0
Year 1 May 26 10:00 AM,770.1428442,,770.1308002,0.999984361,0.012043959,,,770.1428442,,0
Year 1 May 26 11:00 AM,874.9174018,,874.9121731,0.999994024,0.005228695,,,874.9174018,,0
Year 1 May 26 12:00 PM,921.7417246,,921.7413541,0.999999598,0.000370507,,,921.7417246,,0
Year 1 May 26 1:00 PM,904.4897939,,122.1244332,0.135020245,782.3653608,,,904.4897939,,0
Year 1 May 26 2:00 PM,826.2772462,,43.82842361,0.053043242,782.4488226,,,826.2772462,,0
Year 1 May 26 3:00 PM,694.557769,,49.43330734,0.071172348,645.1244616,,,694.557769,,0
Year 1 May 26 4:00 PM,506.2973752,,54.6218354,0.107884888,451.6755398,,,506.2973752,,0
Year 1 May 26 5:00 PM,273.9376666,,64.68888249,0.236144533,209.2487841,,,273.9376666,,0
Year 1 May 26 6:00 PM,145.2541825,,48.40468729,0.333241263,96.84949523,,,145.2541825,,0
Year 1 May 26 7:00 PM,34.61349068,,22.30099941,0.644286346,12.31249126,,,34.61349068,,0
Year 1 May 26 8:00 PM,0,,0,#DIV/0!,0,,,0,,0
Year 1 May 26 9:00 PM,0,,0,#DIV/0!,0,,,0,,0
Year 1 May 26 10:00 PM,0,,0,#DIV/0!,0,,,0,,0
Year 1 May 26 11:00 PM,0,,0,#DIV/0!,0,,,0,,0
Year 1 May 27 12:00 AM,0,,0,#DIV/0!,0,,,0,,0
Year 1 May 27 1:00 AM,0,,0,#DIV/0!,0,,,0,,0
Year 1 May 27 2:00 AM,0,,0,#DIV/0!,0,,,0,,0
Year 1 May 27 3:00 AM,0,,0,#DIV/0!,0,,,0,,0
Year 1 May 27 4:00 AM,0,,0,#DIV/0!,0,,,0,,0
Year 1 May 27 5:00 AM,13.98505231,,13.98505059,0.999999877,1.71845E-06,,,13.98505231,,0
Year 1 May 27 6:00 AM,100.2290453,,100.2284161,0.999993722,0.000629231,,,100.2290453,,0
Year 1 May 27 7:00 AM,210.7284948,,210.7277037,0.999996246,0.000791119,,,210.7284948,,0
Year 1 May 27 8:00 AM,332.1408606,,332.1408405,0.999999939,2.01463E-05,,,332.1408606,,0
Year 1 May 27 9:00 AM,479.2087739,,479.2060227,0.999994259,0.002751143,,,479.2087739,,0
Year 1 May 27 10:00 AM,692.7981579,,692.7879121,0.999985211,0.01024586,,,692.7981579,,0
Year 1 May 27 11:00 AM,844.182441,,844.1775079,0.999994156,0.004933096,,,844.182441,,0
Year 1 May 27 12:00 PM,888.3916308,,888.3912746,0.999999599,0.000356241,,,888.3916308,,0
Year 1 May 27 1:00 PM,863.5831579,,109.6381246,0.126957229,753.9450333,,,863.5831579,,0
Year 1 May 27 2:00 PM,782.5881035,,36.03408937,0.04604477,746.5540141,,,782.5881035,,0
Year 1 May 27 3:00 PM,647.1225071,,56.24137357,0.086909933,590.8811335,,,647.1225071,,0
Year 1 May 27 4:00 PM,523.8867391,,45.70943486,0.087250605,478.1773042,,,523.8867391,,0
Year 1 May 27 5:00 PM,357.7189184,,33.5935565,0.093910483,324.1253619,,,357.7189184,,0
Year 1 May 27 6:00 PM,163.2144891,,28.69447223,0.175808363,134.5200169,,,163.2144891,,0
Year 1 May 27 7:00 PM,39.58898954,,14.72808174,0.372024695,24.8609078,,,39.58898954,,0
Year 1 May 27 8:00 PM,1.325090955,,0.938435632,0.708204692,0.386655323,,,1.325090955,,0
Year 1 May 27 9:00 PM,0,,0,#DIV/0!,0,,,0,,0
Year 1 May 27 10:00 PM,0,,0,#DIV/0!,0,,,0,,0
Year 1 May 27 11:00 PM,0,,0,#DIV/0!,0,,,0,,0
Year 1 May 28 12:00 AM,0,,0,#DIV/0!,0,,,0,,0
Year 1 May 28 1:00 AM,0,,0,#DIV/0!,0,,,0,,0
Year 1 May 28 2:00 AM,0,,0,#DIV/0!,0,,,0,,0
Year 1 May 28 3:00 AM,0,,0,#DIV/0!,0,,,0,,0
Year 1 May 28 4:00 AM,0,,0,#DIV/0!,0,,,0,,0
Year 1 May 28 5:00 AM,15.90512624,,15.90512409,0.999999864,2.15933E-06,,,15.90512624,,0
Year 1 May 28 6:00 AM,103.7713875,,103.7707601,0.999993953,0.000627475,,,103.7713875,,0
Year 1 May 28 7:00 AM,236.3761695,,236.375216,0.999995966,0.000953578,,,236.3761695,,0
Year 1 May 28 8:00 AM,439.5038481,,439.5038399,0.999999981,8.26002E-06,,,439.5038481,,0
Year 1 May 28 9:00 AM,588.5419384,,588.5382336,0.999993705,0.003704763,,,588.5419384,,0
Year 1 May 28 10:00 AM,680.7932198,,680.7824264,0.999984146,0.010793376,,,680.7932198,,0
Year 1 May 28 11:00 AM,693.7806708,,693.7760736,0.999993374,0.00459724,,,693.7806708,,0
Year 1 May 28 12:00 PM,300.4374509,,300.4372575,0.999999357,0.000193323,,,300.4374509,,0
Year 1 May 28 1:00 PM,228.6793778,,150.7786384,0.659345149,77.9007394,,,228.6793778,,0
Year 1 May 28 2:00 PM,394.1334611,,118.8586674,0.301569593,275.2747936,,,394.1334611,,0
Year 1 May 28 3:00 PM,496.8010544,,62.27989212,0.125361836,434.5211623,,,496.8010544,,0
Year 1 May 28 4:00 PM,125.7907897,,73.55139888,0.584712117,52.23939078,,,125.7907897,,0
Year 1 May 28 5:00 PM,53.21317991,,51.19250817,0.962026856,2.020671739,,,53.21317991,,0
Year 1 May 28 6:00 PM,33.34546962,,32.00966315,0.959940391,1.335806475,,,33.34546962,,0
Year 1 May 28 7:00 PM,22.46067192,,20.30527998,0.904037068,2.15539194,,,22.46067192,,0
Year 1 May 28 8:00 PM,1.651971503,,1.300001341,0.786939326,0.351970162,,,1.651971503,,0
Year 1 May 28 9:00 PM,0,,0,#DIV/0!,0,,,0,,0
Year 1 May 28 10:00 PM,0,,0,#DIV/0!,0,,,0,,0
Year 1 May 28 11:00 PM,0,,0,#DIV/0!,0,,,0,,0
Year 1 May 29 12:00 AM,0,,0,#DIV/0!,0,,,0,,0
Year 1 May 29 1:00 AM,0,,0,#DIV/0!,0,,,0,,0
Year 1 May 29 2:00 AM,0,,0,#DIV/0!,0,,,0,,0
Year 1 May 29 3:00 AM,0,,0,#DIV/0!,0,,,0,,0
Year 1 May 29 4:00 AM,0,,0,#DIV/0!,0,,,0,,0
Year 1 May 29 5:00 AM,8.774851489,,8.774849421,0.999999764,2.06747E-06,,,8.774851489,,0
Year 1 May 29 6:00 AM,33.64727382,,33.64725146,0.999999335,2.23602E-05,,,33.64727382,,0
Year 1 May 29 7:00 AM,64.21348734,,64.21345848,0.999999551,2.88572E-05,,,64.21348734,,0
Year 1 May 29 8:00 AM,153.601917,,153.601886,0.999999798,3.0981E-05,,,153.601917,,0
Year 1 May 29 9:00 AM,248.8527522,,248.8519021,0.999996584,0.000850033,,,248.8527522,,0
Year 1 May 29 10:00 AM,584.4704021,,584.4628832,0.999987135,0.007518963,,,584.4704021,,0
Year 1 May 29 11:00 AM,825.5200778,,825.5153443,0.999994266,0.00473354,,,825.5200778,,0
Year 1 May 29 12:00 PM,740.8891227,,740.8887891,0.99999955,0.000333589,,,740.8891227,,0
Year 1 May 29 1:00 PM,432.0987963,,170.4961513,0.394576779,261.602645,,,432.0987963,,0
Year 1 May 29 2:00 PM,172.0535124,,122.2844005,0.710734694,49.76911195,,,172.0535124,,0
Year 1 May 29 3:00 PM,166.9922878,,81.70304912,0.48926241,85.28923864,,,166.9922878,,0
Year 1 May 29 4:00 PM,321.7959659,,101.179744,0.31442204,220.6162219,,,321.7959659,,0
Year 1 May 29 5:00 PM,195.3187218,,78.54828986,0.402154433,116.7704319,,,195.3187218,,0
Year 1 May 29 6:00 PM,141.1079524,,43.26895019,0.30663722,97.83900222,,,141.1079524,,0
Year 1 May 29 7:00 PM,35.69952585,,17.33901889,0.485693254,18.36050696,,,35.69952585,,0
Year 1 May 29 8:00 PM,1.421183081,,1.07271147,0.754801745,0.348471611,,,1.421183081,,0
Year 1 May 29 9:00 PM,0,,0,#DIV/0!,0,,,0,,0
Year 1 May 29 10:00 PM,0,,0,#DIV/0!,0,,,0,,0
Year 1 May 29 11:00 PM,0,,0,#DIV/0!,0,,,0,,0
Year 1 May 30 12:00 AM,0,,0,#DIV/0!,0,,,0,,0
Year 1 May 30 1:00 AM,0,,0,#DIV/0!,0,,,0,,0
Year 1 May 30 2:00 AM,0,,0,#DIV/0!,0,,,0,,0
Year 1 May 30 3:00 AM,0,,0,#DIV/0!,0,,,0,,0
Year 1 May 30 4:00 AM,0,,0,#DIV/0!,0,,,0,,0
Year 1 May 30 5:00 AM,9.837717198,,9.837714965,0.999999773,2.23268E-06,,,9.837717198,,0
Year 1 May 30 6:00 AM,29.16269426,,29.16267664,0.999999396,1.76205E-05,,,29.16269426,,0
Year 1 May 30 7:00 AM,61.02382538,,61.02378158,0.999999282,4.37997E-05,,,61.02382538,,0
Year 1 May 30 8:00 AM,138.6291031,,138.6290765,0.999999808,2.66541E-05,,,138.6291031,,0
Year 1 May 30 9:00 AM,258.21814,,258.2173134,0.999996799,0.000826612,,,258.21814,,0
Year 1 May 30 10:00 AM,278.4151127,,278.4134343,0.999993972,0.001678403,,,278.4151127,,0
Year 1 May 30 11:00 AM,433.0807047,,433.0793146,0.99999679,0.001390071,,,433.0807047,,0
Year 1 May 30 12:00 PM,862.914899,,862.9145961,0.999999649,0.000302945,,,862.914899,,0
Year 1 May 30 1:00 PM,774.7559921,,124.5983605,0.160822713,650.1576316,,,774.7559921,,0
Year 1 May 30 2:00 PM,672.2090484,,51.78563986,0.077037999,620.4234085,,,672.2090484,,0
Year 1 May 30 3:00 PM,434.1613517,,75.21807731,0.173249132,358.9432744,,,434.1613517,,0
Year 1 May 30 4:00 PM,273.3746156,,99.76120273,0.364924894,173.6134129,,,273.3746156,,0
Year 1 May 30 5:00 PM,212.6744357,,77.91508801,0.366358504,134.7593477,,,212.6744357,,0
Year 1 May 30 6:00 PM,156.6210385,,34.1657768,0.218142959,122.4552617,,,156.6210385,,0
Year 1 May 30 7:00 PM,45.59010144,,14.83684112,0.325439967,30.75326032,,,45.59010144,,0
Year 1 May 30 8:00 PM,1.510386851,,1.013886702,0.671276171,0.496500149,,,1.510386851,,0
Year 1 May 30 9:00 PM,0,,0,#DIV/0!,0,,,0,,0
Year 1 May 30 10:00 PM,0,,0,#DIV/0!,0,,,0,,0
Year 1 May 30 11:00 PM,0,,0,#DIV/0!,0,,,0,,0
Year 1 May 31 12:00 AM,0,,0,#DIV/0!,0,,,0,,0
Year 1 May 31 1:00 AM,0,,0,#DIV/0!,0,,,0,,0
Year 1 May 31 2:00 AM,0,,0,#DIV/0!,0,,,0,,0
Year 1 May 31 3:00 AM,0,,0,#DIV/0!,0,,,0,,0
Year 1 May 31 4:00 AM,0,,0,#DIV/0!,0,,,0,,0
Year 1 May 31 5:00 AM,13.62674098,,13.62673891,0.999999848,2.07604E-06,,,13.62674098,,0
Year 1 May 31 6:00 AM,93.48170878,,93.48117443,0.999994284,0.000534348,,,93.48170878,,0
Year 1 May 31 7:00 AM,250.4667135,,250.4656691,0.99999583,0.001044432,,,250.4667135,,0
Year 1 May 31 8:00 AM,437.346516,,437.3465041,0.999999973,1.18296E-05,,,437.346516,,0
Year 1 May 31 9:00 AM,616.9150975,,616.9112733,0.999993801,0.003824125,,,616.9150975,,0
Year 1 May 31 10:00 AM,767.48752,,767.4754273,0.999984244,0.012092768,,,767.48752,,0
Year 1 May 31 11:00 AM,871.2382429,,871.2329953,0.999993977,0.005247625,,,871.2382429,,0
Year 1 May 31 12:00 PM,912.7606964,,912.7603278,0.999999596,0.000368584,,,912.7606964,,0
Year 1 May 31 1:00 PM,883.4843408,,119.5810229,0.135351604,763.9033179,,,883.4843408,,0
Year 1 May 31 2:00 PM,765.3352023,,52.92223967,0.069149099,712.4129627,,,765.3352023,,0
Year 1 May 31 3:00 PM,637.146655,,63.11883465,0.099064845,574.0278203,,,637.146655,,0
Year 1 May 31 4:00 PM,477.323333,,79.71087689,0.166995559,397.6124561,,,477.323333,,0
Year 1 May 31 5:00 PM,280.3691483,,71.34369547,0.254463431,209.0254529,,,280.3691483,,0
Year 1 May 31 6:00 PM,77.41950351,,42.1025203,0.543823176,35.31698321,,,77.41950351,,0
Year 1 May 31 7:00 PM,24.98462083,,21.21078006,0.84895345,3.773840777,,,24.98462083,,0
Year 1 May 31 8:00 PM,1.618805539,,1.343524203,0.829947866,0.275281336,,,1.618805539,,0
Year 1 May 31 9:00 PM,0,,0,#DIV/0!,0,,,0,,0
Year 1 May 31 10:00 PM,0,,0,#DIV/0!,0,,,0,,0
Year 1 May 31 11:00 PM,0,,0,#DIV/0!,0,,,0,,0
Year 1 Jun 01 12:00 AM,0,,0,#DIV/0!,0,,,0,,0
Year 1 Jun 01 1:00 AM,0,,0,#DIV/0!,0,,,0,,0
Year 1 Jun 01 2:00 AM,0,,0,#DIV/0!,0,,,0,,0
Year 1 Jun 01 3:00 AM,0,,0,#DIV/0!,0,,,0,,0
Year 1 Jun 01 4:00 AM,0,,0,#DIV/0!,0,,,0,,0
Year 1 Jun 01 5:00 AM,7.621902199,,7.621900339,0.999999756,1.85991E-06,,,7.621902199,,0
Year 1 Jun 01 6:00 AM,30.64869631,,30.64867994,0.999999466,1.63735E-05,,,30.64869631,,0
Year 1 Jun 01 7:00 AM,87.85013224,,87.85004792,0.99999904,8.43221E-05,,,87.85013224,,0
Year 1 Jun 01 8:00 AM,301.3965632,,301.3965419,0.999999929,2.12987E-05,,,301.3965632,,0
Year 1 Jun 01 9:00 AM,609.3669087,,609.363093,0.999993738,0.003815737,,,609.3669087,,0
Year 1 Jun 01 10:00 AM,779.2171841,,779.2047031,0.999983983,0.012480983,,,779.2171841,,0
Year 1 Jun 01 11:00 AM,859.0808042,,859.0754983,0.999993824,0.00530586,,,859.0808042,,0
Year 1 Jun 01 12:00 PM,850.7098818,,850.7095239,0.999999579,0.000357947,,,850.7098818,,0
Year 1 Jun 01 1:00 PM,717.5334582,,97.68366315,0.13613813,619.849795,,,717.5334582,,0
Year 1 Jun 01 2:00 PM,754.7054844,,35.88013701,0.047541906,718.8253474,,,754.7054844,,0
Year 1 Jun 01 3:00 PM,709.2759322,,33.11606466,0.04668996,676.1598676,,,709.2759322,,0
Year 1 Jun 01 4:00 PM,548.3358017,,30.18434187,0.055047184,518.1514598,,,548.3358017,,0
Year 1 Jun 01 5:00 PM,374.0505131,,23.42559602,0.062626825,350.6249171,,,374.0505131,,0
Year 1 Jun 01 6:00 PM,204.7651753,,17.26041609,0.084293709,187.5047592,,,204.7651753,,0
Year 1 Jun 01 7:00 PM,54.91696276,,11.59666905,0.211167342,43.32029371,,,54.91696276,,0
Year 1 Jun 01 8:00 PM,1.602725995,,1.028102913,0.641471416,0.574623082,,,1.602725995,,0
Year 1 Jun 01 9:00 PM,0,,0,#DIV/0!,0,,,0,,0
Year 1 Jun 01 10:00 PM,0,,0,#DIV/0!,0,,,0,,0
Year 1 Jun 01 11:00 PM,0,,0,#DIV/0!,0,,,0,,0
Year 1 Jun 02 12:00 AM,0,,0,#DIV/0!,0,,,0,,0
Year 1 Jun 02 1:00 AM,0,,0,#DIV/0!,0,,,0,,0
Year 1 Jun 02 2:00 AM,0,,0,#DIV/0!,0,,,0,,0
Year 1 Jun 02 3:00 AM,0,,0,#DIV/0!,0,,,0,,0
Year 1 Jun 02 4:00 AM,0,,0,#DIV/0!,0,,,0,,0
Year 1 Jun 02 5:00 AM,15.70167652,,15.701674,0.99999984,2.51752E-06,,,15.70167652,,0
Year 1 Jun 02 6:00 AM,86.92450063,,86.92405786,0.999994906,0.000442769,,,86.92450063,,0
Year 1 Jun 02 7:00 AM,215.779617,,215.7787545,0.999996003,0.000862572,,,215.779617,,0
Year 1 Jun 02 8:00 AM,435.2146836,,435.2146738,0.999999978,9.75323E-06,,,435.2146836,,0
Year 1 Jun 02 9:00 AM,597.9475855,,597.943904,0.999993843,0.003681549,,,597.9475855,,0
Year 1 Jun 02 10:00 AM,738.1248043,,738.1131211,0.999984172,0.011683227,,,738.1248043,,0
Year 1 Jun 02 11:00 AM,800.1876925,,800.1828201,0.999993911,0.004872448,,,800.1876925,,0
Year 1 Jun 02 12:00 PM,796.7919189,,796.791603,0.999999604,0.000315804,,,796.7919189,,0
Year 1 Jun 02 1:00 PM,817.1040076,,126.6051528,0.154943742,690.4988548,,,817.1040076,,0
Year 1 Jun 02 2:00 PM,552.5244903,,80.95472403,0.146517893,471.5697663,,,552.5244903,,0
Year 1 Jun 02 3:00 PM,222.9328877,,141.2881283,0.633769785,81.64475935,,,222.9328877,,0
Year 1 Jun 02 4:00 PM,155.4596315,,122.1593477,0.785794656,33.30028381,,,155.4596315,,0
Year 1 Jun 02 5:00 PM,112.2244206,,81.62265592,0.727316349,30.6017647,,,112.2244206,,0
Year 1 Jun 02 6:00 PM,103.4365886,,42.35136613,0.409442797,61.08522244,,,103.4365886,,0
Year 1 Jun 02 7:00 PM,38.27247347,,18.42181736,0.481333337,19.8506561,,,38.27247347,,0
Year 1 Jun 02 8:00 PM,1.823426568,,1.290578368,0.707776442,0.532848199,,,1.823426568,,0
Year 1 Jun 02 9:00 PM,0,,0,#DIV/0!,0,,,0,,0
Year 1 Jun 02 10:00 PM,0,,0,#DIV/0!,0,,,0,,0
Year 1 Jun 02 11:00 PM,0,,0,#DIV/0!,0,,,0,,0
Year 1 Jun 03 12:00 AM,0,,0,#DIV/0!,0,,,0,,0
Year 1 Jun 03 1:00 AM,0,,0,#DIV/0!,0,,,0,,0
Year 1 Jun 03 2:00 AM,0,,0,#DIV/0!,0,,,0,,0
Year 1 Jun 03 3:00 AM,0,,0,#DIV/0!,0,,,0,,0
Year 1 Jun 03 4:00 AM,0,,0,#DIV/0!,0,,,0,,0
Year 1 Jun 03 5:00 AM,17.64606985,,17.6460684,0.999999918,1.45205E-06,,,17.64606985,,0
Year 1 Jun 03 6:00 AM,126.6510924,,126.6501734,0.999992744,0.000919025,,,126.6510924,,0
Year 1 Jun 03 7:00 AM,283.7461408,,283.7448148,0.999995327,0.001325969,,,283.7461408,,0
Year 1 Jun 03 8:00 AM,478.8436398,,478.8436342,0.999999988,5.62565E-06,,,478.8436398,,0
Year 1 Jun 03 9:00 AM,656.2377462,,656.2335472,0.999993601,0.00419894,,,656.2377462,,0
Year 1 Jun 03 10:00 AM,809.0741906,,809.0611801,0.999983919,0.013010456,,,809.0741906,,0
Year 1 Jun 03 11:00 AM,889.0356979,,889.0301609,0.999993772,0.00553701,,,889.0356979,,0
Year 1 Jun 03 12:00 PM,853.1624119,,853.16206,0.999999588,0.000351835,,,853.1624119,,0
Year 1 Jun 03 1:00 PM,808.6521029,,103.654927,0.12818235,704.9971759,,,808.6521029,,0
Year 1 Jun 03 2:00 PM,746.3215305,,37.43806671,0.050163455,708.8834638,,,746.3215305,,0
Year 1 Jun 03 3:00 PM,461.8294976,,69.87075676,0.151291239,391.9587408,,,461.8294976,,0
Year 1 Jun 03 4:00 PM,477.4722764,,38.93773476,0.081549729,438.5345417,,,477.4722764,,0
Year 1 Jun 03 5:00 PM,374.2640094,,30.52646795,0.081563995,343.7375415,,,374.2640094,,0
Year 1 Jun 03 6:00 PM,188.5619918,,27.37863917,0.145197019,161.1833526,,,188.5619918,,0
Year 1 Jun 03 7:00 PM,54.13539963,,15.32929457,0.283165815,38.80610506,,,54.13539963,,0
Year 1 Jun 03 8:00 PM,1.771975182,,1.157210973,0.653062743,0.614764209,,,1.771975182,,0
Year 1 Jun 03 9:00 PM,0,,0,#DIV/0!,0,,,0,,0
Year 1 Jun 03 10:00 PM,0,,0,#DIV/0!,0,,,0,,0
Year 1 Jun 03 11:00 PM,0,,0,#DIV/0!,0,,,0,,0
Year 1 Jun 04 12:00 AM,0,,0,#DIV/0!,0,,,0,,0
Year 1 Jun 04 1:00 AM,0,,0,#DIV/0!,0,,,0,,0
Year 1 Jun 04 2:00 AM,0,,0,#DIV/0!,0,,,0,,0
Year 1 Jun 04 3:00 AM,0,,0,#DIV/0!,0,,,0,,0
Year 1 Jun 04 4:00 AM,0,,0,#DIV/0!,0,,,0,,0
Year 1 Jun 04 5:00 AM,13.94647085,,13.94646863,0.999999841,2.22203E-06,,,13.94647085,,0
Year 1 Jun 04 6:00 AM,92.40438215,,92.40385119,0.999994254,0.000530955,,,92.40438215,,0
Year 1 Jun 04 7:00 AM,248.7290437,,248.7280028,0.999995815,0.001040843,,,248.7290437,,0
Year 1 Jun 04 8:00 AM,443.9214636,,443.9214525,0.999999975,1.10967E-05,,,443.9214636,,0
Year 1 Jun 04 9:00 AM,617.5312021,,617.5273686,0.999993792,0.003833566,,,617.5312021,,0
Year 1 Jun 04 10:00 AM,725.4593847,,725.4478737,0.999984133,0.01151096,,,725.4593847,,0
Year 1 Jun 04 11:00 AM,793.8887764,,793.8840295,0.999994021,0.004746862,,,793.8887764,,0
Year 1 Jun 04 12:00 PM,796.4848876,,796.4845498,0.999999576,0.000337797,,,796.4848876,,0
Year 1 Jun 04 1:00 PM,526.2706768,,148.4876794,0.282150775,377.7829974,,,526.2706768,,0
Year 1 Jun 04 2:00 PM,318.8788467,,144.5598166,0.453337743,174.3190301,,,318.8788467,,0
Year 1 Jun 04 3:00 PM,378.3025036,,130.4415667,0.344807569,247.8609369,,,378.3025036,,0
Year 1 Jun 04 4:00 PM,296.5211299,,110.1439343,0.371453914,186.3771956,,,296.5211299,,0
Year 1 Jun 04 5:00 PM,136.5561525,,81.65957419,0.59799264,54.89657832,,,136.5561525,,0
Year 1 Jun 04 6:00 PM,84.71275323,,50.49124595,0.596028863,34.22150727,,,84.71275323,,0
Year 1 Jun 04 7:00 PM,29.93789569,,25.13029646,0.839414257,4.807599235,,,29.93789569,,0
Year 1 Jun 04 8:00 PM,1.885602336,,1.568125298,0.831630969,0.317477038,,,1.885602336,,0
Year 1 Jun 04 9:00 PM,0,,0,#DIV/0!,0,,,0,,0
Year 1 Jun 04 10:00 PM,0,,0,#DIV/0!,0,,,0,,0
Year 1 Jun 04 11:00 PM,0,,0,#DIV/0!,0,,,0,,0
Year 1 Jun 05 12:00 AM,0,,0,#DIV/0!,0,,,0,,0
Year 1 Jun 05 1:00 AM,0,,0,#DIV/0!,0,,,0,,0
Year 1 Jun 05 2:00 AM,0,,0,#DIV/0!,0,,,0,,0
Year 1 Jun 05 3:00 AM,0,,0,#DIV/0!,0,,,0,,0
Year 1 Jun 05 4:00 AM,0,,0,#DIV/0!,0,,,0,,0
Year 1 Jun 05 5:00 AM,16.08895187,,16.08895009,0.999999889,1.78033E-06,,,16.08895187,,0
Year 1 Jun 05 6:00 AM,120.0818494,,120.0810089,0.999993001,0.000840499,,,120.0818494,,0
Year 1 Jun 05 7:00 AM,277.4512697,,277.4499227,0.999995145,0.001346964,,,277.4512697,,0
Year 1 Jun 05 8:00 AM,370.8612192,,370.8612071,0.999999968,1.20291E-05,,,370.8612192,,0
Year 1 Jun 05 9:00 AM,538.1172167,,538.1139313,0.999993895,0.003285332,,,538.1172167,,0
Year 1 Jun 05 10:00 AM,644.4316196,,644.4218581,0.999984853,0.009761475,,,644.4316196,,0
Year 1 Jun 05 11:00 AM,876.7030003,,876.6978782,0.999994157,0.005122163,,,876.7030003,,0
Year 1 Jun 05 12:00 PM,833.3766398,,833.3762748,0.999999562,0.000364989,,,833.3766398,,0
Year 1 Jun 05 1:00 PM,468.7282941,,154.7936167,0.330241674,313.9346774,,,468.7282941,,0
Year 1 Jun 05 2:00 PM,459.6174948,,65.64010234,0.14281463,393.9773925,,,459.6174948,,0
Year 1 Jun 05 3:00 PM,695.3599366,,28.01804588,0.040292868,667.3418907,,,695.3599366,,0
Year 1 Jun 05 4:00 PM,577.154235,,26.71468878,0.046286915,550.4395462,,,577.154235,,0
Year 1 Jun 05 5:00 PM,407.1019473,,19.4447748,0.047763895,387.6571725,,,407.1019473,,0
Year 1 Jun 05 6:00 PM,215.4327096,,16.36614094,0.075968691,199.0665687,,,215.4327096,,0
Year 1 Jun 05 7:00 PM,61.49002052,,10.87336487,0.176831375,50.61665565,,,61.49002052,,0
Year 1 Jun 05 8:00 PM,1.666828678,,1.07519569,0.64505471,0.591632988,,,1.666828678,,0
Year 1 Jun 05 9:00 PM,0,,0,#DIV/0!,0,,,0,,0
Year 1 Jun 05 10:00 PM,0,,0,#DIV/0!,0,,,0,,0
Year 1 Jun 05 11:00 PM,0,,0,#DIV/0!,0,,,0,,0
Year 1 Jun 06 12:00 AM,0,,0,#DIV/0!,0,,,0,,0
Year 1 Jun 06 1:00 AM,0,,0,#DIV/0!,0,,,0,,0
Year 1 Jun 06 2:00 AM,0,,0,#DIV/0!,0,,,0,,0
Year 1 Jun 06 3:00 AM,0,,0,#DIV/0!,0,,,0,,0
Year 1 Jun 06 4:00 AM,0,,0,#DIV/0!,0,,,0,,0
Year 1 Jun 06 5:00 AM,17.06618538,,17.06618402,0.999999921,1.35514E-06,,,17.06618538,,0
Year 1 Jun 06 6:00 AM,127.0849461,,127.0840113,0.999992644,0.000934805,,,127.0849461,,0
Year 1 Jun 06 7:00 AM,305.6606148,,305.6591463,0.999995196,0.001468453,,,305.6606148,,0
Year 1 Jun 06 8:00 AM,462.3003615,,462.3003553,0.999999987,6.1742E-06,,,462.3003615,,0
Year 1 Jun 06 9:00 AM,616.479382,,616.475488,0.999993684,0.003893976,,,616.479382,,0
Year 1 Jun 06 10:00 AM,756.2550198,,756.2428919,0.999983963,0.012127877,,,756.2550198,,0
Year 1 Jun 06 11:00 AM,833.9985357,,833.993446,0.999993897,0.005089722,,,833.9985357,,0
Year 1 Jun 06 12:00 PM,850.2335305,,850.2331792,0.999999587,0.000351294,,,850.2335305,,0
Year 1 Jun 06 1:00 PM,820.6574652,,103.494031,0.126111119,717.1634342,,,820.6574652,,0
Year 1 Jun 06 2:00 PM,741.8268376,,28.24247299,0.038071517,713.5843646,,,741.8268376,,0
Year 1 Jun 06 3:00 PM,668.0200173,,30.5258364,0.045695991,637.4941809,,,668.0200173,,0
Year 1 Jun 06 4:00 PM,513.0561069,,36.09563475,0.070354166,476.9604722,,,513.0561069,,0
Year 1 Jun 06 5:00 PM,368.3715636,,31.1808785,0.084645183,337.1906851,,,368.3715636,,0
Year 1 Jun 06 6:00 PM,186.8560757,,31.78286728,0.170092769,155.0732084,,,186.8560757,,0
Year 1 Jun 06 7:00 PM,54.42644947,,15.08395674,0.277143868,39.34249273,,,54.42644947,,0
Year 1 Jun 06 8:00 PM,1.782972358,,1.137173664,0.637796576,0.645798694,,,1.782972358,,0
Year 1 Jun 06 9:00 PM,0,,0,#DIV/0!,0,,,0,,0
Year 1 Jun 06 10:00 PM,0,,0,#DIV/0!,0,,,0,,0
Year 1 Jun 06 11:00 PM,0,,0,#DIV/0!,0,,,0,,0
Year 1 Jun 07 12:00 AM,0,,0,#DIV/0!,0,,,0,,0
Year 1 Jun 07 1:00 AM,0,,0,#DIV/0!,0,,,0,,0
Year 1 Jun 07 2:00 AM,0,,0,#DIV/0!,0,,,0,,0
Year 1 Jun 07 3:00 AM,0,,0,#DIV/0!,0,,,0,,0
Year 1 Jun 07 4:00 AM,0,,0,#DIV/0!,0,,,0,,0
Year 1 Jun 07 5:00 AM,14.65068843,,14.65068584,0.999999823,2.59085E-06,,,14.65068843,,0
Year 1 Jun 07 6:00 AM,67.34281079,,67.34257203,0.999996455,0.000238761,,,67.34281079,,0
Year 1 Jun 07 7:00 AM,84.46548158,,84.46538026,0.9999988,0.000101318,,,84.46548158,,0
Year 1 Jun 07 8:00 AM,97.57766431,,97.57764472,0.999999799,1.95936E-05,,,97.57766431,,0
Year 1 Jun 07 9:00 AM,122.4921938,,122.492033,0.999998688,0.000160758,,,122.4921938,,0
Year 1 Jun 07 10:00 AM,189.4316876,,189.43096,0.999996159,0.000727618,,,189.4316876,,0
Year 1 Jun 07 11:00 AM,134.9272524,,134.9270538,0.999998528,0.000198611,,,134.9272524,,0
Year 1 Jun 07 12:00 PM,145.0333389,,145.0333005,0.999999736,3.83431E-05,,,145.0333389,,0
Year 1 Jun 07 1:00 PM,210.2114463,,170.8714658,0.812855193,39.33998049,,,210.2114463,,0
Year 1 Jun 07 2:00 PM,158.1957763,,114.7497936,0.725365723,43.44598263,,,158.1957763,,0
Year 1 Jun 07 3:00 PM,227.9695073,,91.30293724,0.400505043,136.6665701,,,227.9695073,,0
Year 1 Jun 07 4:00 PM,295.1374928,,109.7339454,0.371806186,185.4035474,,,295.1374928,,0
Year 1 Jun 07 5:00 PM,263.1056606,,80.99179259,0.307829913,182.1138681,,,263.1056606,,0
Year 1 Jun 07 6:00 PM,144.3208086,,43.77429319,0.303312416,100.5465154,,,144.3208086,,0
Year 1 Jun 07 7:00 PM,39.50289167,,20.93214841,0.529889016,18.57074326,,,39.50289167,,0
Year 1 Jun 07 8:00 PM,1.940938762,,1.475583284,0.760242061,0.465355478,,,1.940938762,,0
Year 1 Jun 07 9:00 PM,0,,0,#DIV/0!,0,,,0,,0
Year 1 Jun 07 10:00 PM,0,,0,#DIV/0!,0,,,0,,0
Year 1 Jun 07 11:00 PM,0,,0,#DIV/0!,0,,,0,,0
Year 1 Jun 08 12:00 AM,0,,0,#DIV/0!,0,,,0,,0
Year 1 Jun 08 1:00 AM,0,,0,#DIV/0!,0,,,0,,0
Year 1 Jun 08 2:00 AM,0,,0,#DIV/0!,0,,,0,,0
Year 1 Jun 08 3:00 AM,0,,0,#DIV/0!,0,,,0,,0
Year 1 Jun 08 4:00 AM,0,,0,#DIV/0!,0,,,0,,0
Year 1 Jun 08 5:00 AM,15.28342401,,15.28342245,0.999999898,1.55343E-06,,,15.28342401,,0
Year 1 Jun 08 6:00 AM,116.3910188,,116.3902128,0.999993076,0.00080592,,,116.3910188,,0
Year 1 Jun 08 7:00 AM,278.8661604,,278.8648674,0.999995363,0.001292992,,,278.8661604,,0
Year 1 Jun 08 8:00 AM,446.6547721,,446.6547639,0.999999982,8.16274E-06,,,446.6547721,,0
Year 1 Jun 08 9:00 AM,578.2155287,,578.2118597,0.999993655,0.00366898,,,578.2155287,,0
Year 1 Jun 08 10:00 AM,689.5442764,,689.5328328,0.999983404,0.011443602,,,689.5442764,,0
Year 1 Jun 08 11:00 AM,607.7725456,,607.7688576,0.999993932,0.003687976,,,607.7725456,,0
Year 1 Jun 08 12:00 PM,689.7753243,,689.7750491,0.999999601,0.000275234,,,689.7753243,,0
Year 1 Jun 08 1:00 PM,588.5828424,,145.8229529,0.24775264,442.7598895,,,588.5828424,,0
Year 1 Jun 08 2:00 PM,726.4425252,,38.21852548,0.052610529,688.2239997,,,726.4425252,,0
Year 1 Jun 08 3:00 PM,148.9638722,,64.6655789,0.43410243,84.29829326,,,148.9638722,,0
Year 1 Jun 08 4:00 PM,78.29983696,,71.88470018,0.918069602,6.415136775,,,78.29983696,,0
Year 1 Jun 08 5:00 PM,104.0340156,,88.51570484,0.850834262,15.51831073,,,104.0340156,,0
Year 1 Jun 08 6:00 PM,40.78202361,,38.09983012,0.934230986,2.682193491,,,40.78202361,,0
Year 1 Jun 08 7:00 PM,12.5059147,,12.16195193,0.972495993,0.343962768,,,12.5059147,,0
Year 1 Jun 08 8:00 PM,0.843253015,,0.841981288,0.998491879,0.001271727,,,0.843253015,,0
Year 1 Jun 08 9:00 PM,0,,0,#DIV/0!,0,,,0,,0
Year 1 Jun 08 10:00 PM,0,,0,#DIV/0!,0,,,0,,0
Year 1 Jun 08 11:00 PM,0,,0,#DIV/0!,0,,,0,,0
Year 1 Jun 09 12:00 AM,0,,0,#DIV/0!,0,,,0,,0
Year 1 Jun 09 1:00 AM,0,,0,#DIV/0!,0,,,0,,0
Year 1 Jun 09 2:00 AM,0,,0,#DIV/0!,0,,,0,,0
Year 1 Jun 09 3:00 AM,0,,0,#DIV/0!,0,,,0,,0
Year 1 Jun 09 4:00 AM,0,,0,#DIV/0!,0,,,0,,0
Year 1 Jun 09 5:00 AM,10.04682625,,10.04682389,0.999999765,2.36057E-06,,,10.04682625,,0
Year 1 Jun 09 6:00 AM,40.18314629,,40.18311158,0.999999136,3.47032E-05,,,40.18314629,,0
Year 1 Jun 09 7:00 AM,92.06377364,,92.0636927,0.999999121,8.09413E-05,,,92.06377364,,0
Year 1 Jun 09 8:00 AM,163.9952456,,163.9952131,0.999999802,3.25082E-05,,,163.9952456,,0
Year 1 Jun 09 9:00 AM,213.96513,,213.9646334,0.999997679,0.00049666,,,213.96513,,0
Year 1 Jun 09 10:00 AM,253.8945565,,253.8924811,0.999991826,0.002075406,,,253.8945565,,0
Year 1 Jun 09 11:00 AM,214.961022,,214.9603789,0.999997008,0.000643098,,,214.961022,,0
Year 1 Jun 09 12:00 PM,249.3149523,,249.314882,0.999999718,7.03099E-05,,,249.3149523,,0
Year 1 Jun 09 1:00 PM,234.435402,,184.2510245,0.785935157,50.18437743,,,234.435402,,0
Year 1 Jun 09 2:00 PM,272.5055916,,148.1030385,0.543486237,124.4025531,,,272.5055916,,0
Year 1 Jun 09 3:00 PM,486.3884923,,87.61143814,0.180126462,398.7770542,,,486.3884923,,0
Year 1 Jun 09 4:00 PM,419.9171354,,67.58185276,0.160940926,352.3352827,,,419.9171354,,0
Year 1 Jun 09 5:00 PM,228.1457292,,74.09759675,0.324781871,154.0481325,,,228.1457292,,0
Year 1 Jun 09 6:00 PM,105.6788485,,50.90168504,0.481663888,54.77716343,,,105.6788485,,0
Year 1 Jun 09 7:00 PM,18.55993832,,15.83801568,0.853344198,2.721922644,,,18.55993832,,0
Year 1 Jun 09 8:00 PM,0.842405338,,0.841981288,0.999496619,0.000424051,,,0.842405338,,0
Year 1 Jun 09 9:00 PM,0,,0,#DIV/0!,0,,,0,,0
Year 1 Jun 09 10:00 PM,0,,0,#DIV/0!,0,,,0,,0
Year 1 Jun 09 11:00 PM,0,,0,#DIV/0!,0,,,0,,0
Year 1 Jun 10 12:00 AM,0,,0,#DIV/0!,0,,,0,,0
Year 1 Jun 10 1:00 AM,0,,0,#DIV/0!,0,,,0,,0
Year 1 Jun 10 2:00 AM,0,,0,#DIV/0!,0,,,0,,0
Year 1 Jun 10 3:00 AM,0,,0,#DIV/0!,0,,,0,,0
Year 1 Jun 10 4:00 AM,0,,0,#DIV/0!,0,,,0,,0
Year 1 Jun 10 5:00 AM,9.618502367,,9.618472098,0.999996853,3.02689E-05,,,9.618502367,,0
Year 1 Jun 10 6:00 AM,42.21593811,,42.2159295,0.999999796,8.60688E-06,,,42.21593811,,0
Year 1 Jun 10 7:00 AM,66.44536218,,66.44534727,0.999999775,1.49172E-05,,,66.44536218,,0
Year 1 Jun 10 8:00 AM,116.0956039,,116.0955303,0.999999366,7.36592E-05,,,116.0956039,,0
Year 1 Jun 10 9:00 AM,164.2556659,,164.2554455,0.999998658,0.000220398,,,164.2556659,,0
Year 1 Jun 10 10:00 AM,198.0233128,,198.021154,0.999989098,0.002158816,,,198.0233128,,0
Year 1 Jun 10 11:00 AM,225.2899765,,225.2894561,0.99999769,0.00052045,,,225.2899765,,0
Year 1 Jun 10 12:00 PM,241.6684513,,241.6681243,0.999998647,0.000326984,,,241.6684513,,0
Year 1 Jun 10 1:00 PM,253.0833018,,200.6864188,0.792965863,52.39688303,,,253.0833018,,0
Year 1 Jun 10 2:00 PM,241.7785061,,183.3163253,0.758199429,58.46218084,,,241.7785061,,0
Year 1 Jun 10 3:00 PM,227.1809429,,172.7195274,0.760272958,54.46141555,,,227.1809429,,0
Year 1 Jun 10 4:00 PM,121.0061139,,105.5444716,0.872224289,15.46164228,,,121.0061139,,0
Year 1 Jun 10 5:00 PM,131.0770368,,106.2583397,0.810655644,24.81869712,,,131.0770368,,0
Year 1 Jun 10 6:00 PM,82.11319257,,68.19490915,0.830498815,13.91828342,,,82.11319257,,0
Year 1 Jun 10 7:00 PM,27.86804858,,25.37382666,0.910498867,2.494221918,,,27.86804858,,0
Year 1 Jun 10 8:00 PM,3.356526745,,2.856817575,0.851123138,0.49970917,,,3.356526745,,0
Year 1 Jun 10 9:00 PM,0,,0,#DIV/0!,0,,,0,,0
Year 1 Jun 10 10:00 PM,0,,0,#DIV/0!,0,,,0,,0
Year 1 Jun 10 11:00 PM,0,,0,#DIV/0!,0,,,0,,0
Year 1 Jun 11 12:00 AM,0,,0,#DIV/0!,0,,,0,,0
Year 1 Jun 11 1:00 AM,0,,0,#DIV/0!,0,,,0,,0
Year 1 Jun 11 2:00 AM,0,,0,#DIV/0!,0,,,0,,0
Year 1 Jun 11 3:00 AM,0,,0,#DIV/0!,0,,,0,,0
Year 1 Jun 11 4:00 AM,0,,0,#DIV/0!,0,,,0,,0
Year 1 Jun 11 5:00 AM,14.67805369,,14.67795362,0.999993182,0.000100072,,,14.67805369,,0
Year 1 Jun 11 6:00 AM,87.13801743,,87.13800876,0.999999901,8.66907E-06,,,87.13801743,,0
Year 1 Jun 11 7:00 AM,236.3580385,,236.3580216,0.999999928,1.6952E-05,,,236.3580385,,0
Year 1 Jun 11 8:00 AM,418.02108,,418.020086,0.999997622,0.000994036,,,418.02108,,0
Year 1 Jun 11 9:00 AM,593.5885737,,593.5855111,0.99999484,0.003062627,,,593.5885737,,0
Year 1 Jun 11 10:00 AM,747.293801,,747.2593174,0.999953855,0.034483576,,,747.293801,,0
Year 1 Jun 11 11:00 AM,852.0693052,,852.0620195,0.999991449,0.007285715,,,852.0693052,,0
Year 1 Jun 11 12:00 PM,896.6166585,,896.6123752,0.999995223,0.004283311,,,896.6166585,,0
Year 1 Jun 11 1:00 PM,808.8317736,,198.197986,0.245042285,610.6337876,,,808.8317736,,0
Year 1 Jun 11 2:00 PM,528.9336703,,132.9033157,0.251266507,396.0303546,,,528.9336703,,0
Year 1 Jun 11 3:00 PM,456.1782515,,139.2835216,0.305326966,316.8947299,,,456.1782515,,0
Year 1 Jun 11 4:00 PM,320.2402184,,114.1100516,0.356326423,206.1301668,,,320.2402184,,0
Year 1 Jun 11 5:00 PM,245.3235728,,80.71784915,0.329026062,164.6057236,,,245.3235728,,0
Year 1 Jun 11 6:00 PM,117.3111078,,56.25431888,0.479531052,61.05678893,,,117.3111078,,0
Year 1 Jun 11 7:00 PM,36.06016343,,23.51406634,0.652078751,12.54609709,,,36.06016343,,0
Year 1 Jun 11 8:00 PM,2.947091131,,2.451743693,0.831919878,0.495347438,,,2.947091131,,0
Year 1 Jun 11 9:00 PM,0,,0,#DIV/0!,0,,,0,,0
Year 1 Jun 11 10:00 PM,0,,0,#DIV/0!,0,,,0,,0
Year 1 Jun 11 11:00 PM,0,,0,#DIV/0!,0,,,0,,0
Year 1 Jun 12 12:00 AM,0,,0,#DIV/0!,0,,,0,,0
Year 1 Jun 12 1:00 AM,0,,0,#DIV/0!,0,,,0,,0
Year 1 Jun 12 2:00 AM,0,,0,#DIV/0!,0,,,0,,0
Year 1 Jun 12 3:00 AM,0,,0,#DIV/0!,0,,,0,,0
Year 1 Jun 12 4:00 AM,0,,0,#DIV/0!,0,,,0,,0
Year 1 Jun 12 5:00 AM,17.99505192,,17.99480595,0.999986331,0.000245969,,,17.99505192,,0
Year 1 Jun 12 6:00 AM,123.5502289,,123.5502242,0.999999962,4.68524E-06,,,123.5502289,,0
Year 1 Jun 12 7:00 AM,297.8354338,,297.8354214,0.999999959,1.23381E-05,,,297.8354338,,0
Year 1 Jun 12 8:00 AM,484.543884,,484.5425977,0.999997345,0.001286322,,,484.543884,,0
Year 1 Jun 12 9:00 AM,599.8303605,,599.8272201,0.999994764,0.003140453,,,599.8303605,,0
Year 1 Jun 12 10:00 AM,603.8596556,,603.8336204,0.999956885,0.026035174,,,603.8596556,,0
Year 1 Jun 12 11:00 AM,606.0019026,,605.9974777,0.999992698,0.004424869,,,606.0019026,,0
Year 1 Jun 12 12:00 PM,472.1936912,,472.1920387,0.9999965,0.001652479,,,472.1936912,,0
Year 1 Jun 12 1:00 PM,694.1635856,,168.3815087,0.242567476,525.7820769,,,694.1635856,,0
Year 1 Jun 12 2:00 PM,699.3613561,,80.37953585,0.114932767,618.9818202,,,699.3613561,,0
Year 1 Jun 12 3:00 PM,630.7795881,,71.5331053,0.11340428,559.2464828,,,630.7795881,,0
Year 1 Jun 12 4:00 PM,494.8107948,,68.14424867,0.137717789,426.6665461,,,494.8107948,,0
Year 1 Jun 12 5:00 PM,232.2595024,,73.16055053,0.314994865,159.0989519,,,232.2595024,,0
Year 1 Jun 12 6:00 PM,99.53542889,,58.47601486,0.587489455,41.05941403,,,99.53542889,,0
Year 1 Jun 12 7:00 PM,41.72464613,,26.14443915,0.626594629,15.58020697,,,41.72464613,,0
Year 1 Jun 12 8:00 PM,3.502280715,,2.763971364,0.78919184,0.738309352,,,3.502280715,,0
Year 1 Jun 12 9:00 PM,0,,0,#DIV/0!,0,,,0,,0
Year 1 Jun 12 10:00 PM,0,,0,#DIV/0!,0,,,0,,0
Year 1 Jun 12 11:00 PM,0,,0,#DIV/0!,0,,,0,,0
Year 1 Jun 13 12:00 AM,0,,0,#DIV/0!,0,,,0,,0
Year 1 Jun 13 1:00 AM,0,,0,#DIV/0!,0,,,0,,0
Year 1 Jun 13 2:00 AM,0,,0,#DIV/0!,0,,,0,,0
Year 1 Jun 13 3:00 AM,0,,0,#DIV/0!,0,,,0,,0
Year 1 Jun 13 4:00 AM,0,,0,#DIV/0!,0,,,0,,0
Year 1 Jun 13 5:00 AM,11.41196995,,11.41189631,0.999993547,7.36428E-05,,,11.41196995,,0
Year 1 Jun 13 6:00 AM,73.57871704,,73.57870806,0.999999878,8.97221E-06,,,73.57871704,,0
Year 1 Jun 13 7:00 AM,185.3048012,,185.3047837,0.999999906,1.75072E-05,,,185.3048012,,0
Year 1 Jun 13 8:00 AM,418.1503511,,418.1492703,0.999997415,0.001080861,,,418.1503511,,0
Year 1 Jun 13 9:00 AM,526.1308378,,526.1284322,0.999995428,0.002405608,,,526.1308378,,0
Year 1 Jun 13 10:00 AM,348.1340234,,348.1233439,0.999969324,0.010679482,,,348.1340234,,0
Year 1 Jun 13 11:00 AM,429.2083009,,429.2054101,0.999993265,0.002890797,,,429.2083009,,0
Year 1 Jun 13 12:00 PM,380.0917528,,380.0902967,0.999996169,0.001456134,,,380.0917528,,0
Year 1 Jun 13 1:00 PM,239.1977699,,186.4766202,0.779591801,52.72114979,,,239.1977699,,0
Year 1 Jun 13 2:00 PM,240.8966648,,135.5318343,0.562613992,105.3648306,,,240.8966648,,0
Year 1 Jun 13 3:00 PM,408.0837396,,96.02410522,0.235304904,312.0596344,,,408.0837396,,0
Year 1 Jun 13 4:00 PM,305.0226517,,110.0693414,0.360856287,194.9533103,,,305.0226517,,0
Year 1 Jun 13 5:00 PM,266.9669531,,84.41684074,0.31620708,182.5501124,,,266.9669531,,0
Year 1 Jun 13 6:00 PM,180.8511108,,37.8567848,0.209325697,142.994326,,,180.8511108,,0
Year 1 Jun 13 7:00 PM,62.78442747,,15.47624182,0.246498096,47.30818565,,,62.78442747,,0
Year 1 Jun 13 8:00 PM,3.897299167,,2.102775915,0.539546959,1.794523252,,,3.897299167,,0
Year 1 Jun 13 9:00 PM,0,,0,#DIV/0!,0,,,0,,0
Year 1 Jun 13 10:00 PM,0,,0,#DIV/0!,0,,,0,,0
Year 1 Jun 13 11:00 PM,0,,0,#DIV/0!,0,,,0,,0
Year 1 Jun 14 12:00 AM,0,,0,#DIV/0!,0,,,0,,0
Year 1 Jun 14 1:00 AM,0,,0,#DIV/0!,0,,,0,,0
Year 1 Jun 14 2:00 AM,0,,0,#DIV/0!,0,,,0,,0
Year 1 Jun 14 3:00 AM,0,,0,#DIV/0!,0,,,0,,0
Year 1 Jun 14 4:00 AM,0,,0,#DIV/0!,0,,,0,,0
Year 1 Jun 14 5:00 AM,14.01484326,,14.01478936,0.999996154,5.3906E-05,,,14.01484326,,0
Year 1 Jun 14 6:00 AM,66.89196667,,66.89195499,0.999999825,1.16796E-05,,,66.89196667,,0
Year 1 Jun 14 7:00 AM,168.7853073,,168.7852875,0.999999883,1.97661E-05,,,168.7853073,,0
Year 1 Jun 14 8:00 AM,320.6765795,,320.6759275,0.999997967,0.000652061,,,320.6765795,,0
Year 1 Jun 14 9:00 AM,434.4335364,,434.4317819,0.999995961,0.001754486,,,434.4335364,,0
Year 1 Jun 14 10:00 AM,351.5342244,,351.5241889,0.999971452,0.010035586,,,351.5342244,,0
Year 1 Jun 14 11:00 AM,349.7067705,,349.7045958,0.999993781,0.002174684,,,349.7067705,,0
Year 1 Jun 14 12:00 PM,567.0455774,,567.0431776,0.999995768,0.002399842,,,567.0455774,,0
Year 1 Jun 14 1:00 PM,475.0411866,,169.6873445,0.357205542,305.3538421,,,475.0411866,,0
Year 1 Jun 14 2:00 PM,723.0419823,,83.99134198,0.116163852,639.0506403,,,723.0419823,,0
Year 1 Jun 14 3:00 PM,642.0650623,,81.3311529,0.126671202,560.7339094,,,642.0650623,,0
Year 1 Jun 14 4:00 PM,481.0202765,,91.22097054,0.189640593,389.799306,,,481.0202765,,0
Year 1 Jun 14 5:00 PM,315.5371977,,73.43635344,0.232734378,242.1008443,,,315.5371977,,0
Year 1 Jun 14 6:00 PM,151.23974,,51.66835452,0.34163213,99.57138549,,,151.23974,,0
Year 1 Jun 14 7:00 PM,40.55628547,,23.20029593,0.572051796,17.35598954,,,40.55628547,,0
Year 1 Jun 14 8:00 PM,3.363082332,,2.622192845,0.779699272,0.740889487,,,3.363082332,,0
Year 1 Jun 14 9:00 PM,0,,0,#DIV/0!,0,,,0,,0
Year 1 Jun 14 10:00 PM,0,,0,#DIV/0!,0,,,0,,0
Year 1 Jun 14 11:00 PM,0,,0,#DIV/0!,0,,,0,,0
Year 1 Jun 15 12:00 AM,0,,0,#DIV/0!,0,,,0,,0
Year 1 Jun 15 1:00 AM,0,,0,#DIV/0!,0,,,0,,0
Year 1 Jun 15 2:00 AM,0,,0,#DIV/0!,0,,,0,,0
Year 1 Jun 15 3:00 AM,0,,0,#DIV/0!,0,,,0,,0
Year 1 Jun 15 4:00 AM,0,,0,#DIV/0!,0,,,0,,0
Year 1 Jun 15 5:00 AM,16.0138934,,16.01374144,0.999990511,0.000151957,,,16.0138934,,0
Year 1 Jun 15 6:00 AM,104.953537,,104.9535304,0.999999937,6.61685E-06,,,104.953537,,0
Year 1 Jun 15 7:00 AM,266.5663128,,266.5662984,0.999999946,1.44692E-05,,,266.5663128,,0
Year 1 Jun 15 8:00 AM,453.6741454,,453.6730024,0.999997481,0.001143001,,,453.6741454,,0
Year 1 Jun 15 9:00 AM,630.6448614,,630.6414864,0.999994648,0.003374998,,,630.6448614,,0
Year 1 Jun 15 10:00 AM,776.9677372,,776.9309184,0.999952612,0.036818762,,,776.9677372,,0
Year 1 Jun 15 11:00 AM,863.8342411,,863.8267745,0.999991356,0.007466589,,,863.8342411,,0
Year 1 Jun 15 12:00 PM,847.6704643,,847.6663639,0.999995163,0.004100395,,,847.6704643,,0
Year 1 Jun 15 1:00 PM,865.6321939,,167.7898632,0.193835054,697.8423306,,,865.6321939,,0
Year 1 Jun 15 2:00 PM,837.2090374,,30.85897549,0.036859344,806.3500619,,,837.2090374,,0
Year 1 Jun 15 3:00 PM,719.9426187,,36.34797395,0.050487321,683.5946447,,,719.9426187,,0
Year 1 Jun 15 4:00 PM,550.5272269,,40.9186754,0.074326343,509.6085515,,,550.5272269,,0
Year 1 Jun 15 5:00 PM,347.9589266,,45.89401072,0.131894908,302.0649159,,,347.9589266,,0
Year 1 Jun 15 6:00 PM,172.2828955,,33.26479338,0.193082391,139.0181021,,,172.2828955,,0
Year 1 Jun 15 7:00 PM,43.19359553,,22.25251055,0.515180787,20.94108499,,,43.19359553,,0
Year 1 Jun 15 8:00 PM,3.532249796,,2.837733191,0.8033784,0.694516606,,,3.532249796,,0
Year 1 Jun 15 9:00 PM,0,,0,#DIV/0!,0,,,0,,0
Year 1 Jun 15 10:00 PM,0,,0,#DIV/0!,0,,,0,,0
Year 1 Jun 15 11:00 PM,0,,0,#DIV/0!,0,,,0,,0
Year 1 Jun 16 12:00 AM,0,,0,#DIV/0!,0,,,0,,0
Year 1 Jun 16 1:00 AM,0,,0,#DIV/0!,0,,,0,,0
Year 1 Jun 16 2:00 AM,0,,0,#DIV/0!,0,,,0,,0
Year 1 Jun 16 3:00 AM,0,,0,#DIV/0!,0,,,0,,0
Year 1 Jun 16 4:00 AM,0,,0,#DIV/0!,0,,,0,,0
Year 1 Jun 16 5:00 AM,15.54080662,,15.54068095,0.999991913,0.000125677,,,15.54080662,,0
Year 1 Jun 16 6:00 AM,94.21413717,,94.21412935,0.999999917,7.82036E-06,,,94.21413717,,0
Year 1 Jun 16 7:00 AM,250.4376801,,250.4376643,0.999999937,1.57899E-05,,,250.4376801,,0
Year 1 Jun 16 8:00 AM,424.5645931,,424.5635458,0.999997533,0.001047317,,,424.5645931,,0
Year 1 Jun 16 9:00 AM,554.5615683,,554.5587986,0.999995006,0.00276974,,,554.5615683,,0
Year 1 Jun 16 10:00 AM,714.9829764,,714.9502422,0.999954217,0.032734156,,,714.9829764,,0
Year 1 Jun 16 11:00 AM,811.9878017,,811.9809415,0.999991551,0.006860223,,,811.9878017,,0
Year 1 Jun 16 12:00 PM,836.5052081,,836.5013099,0.99999534,0.003898255,,,836.5052081,,0
Year 1 Jun 16 1:00 PM,851.5581496,,187.7391675,0.22046547,663.8189821,,,851.5581496,,0
Year 1 Jun 16 2:00 PM,790.4913412,,56.45072053,0.071412193,734.0406207,,,790.4913412,,0
Year 1 Jun 16 3:00 PM,633.3241646,,72.65848666,0.114725587,560.6656779,,,633.3241646,,0
Year 1 Jun 16 4:00 PM,443.8104008,,80.4857283,0.181351605,363.3246725,,,443.8104008,,0
Year 1 Jun 16 5:00 PM,308.2013572,,66.50932672,0.215798293,241.6920305,,,308.2013572,,0
Year 1 Jun 16 6:00 PM,125.4074477,,52.64774936,0.419813578,72.75969837,,,125.4074477,,0
Year 1 Jun 16 7:00 PM,33.82662965,,24.16379523,0.714342383,9.662834418,,,33.82662965,,0
Year 1 Jun 16 8:00 PM,3.363803068,,2.815255438,0.836926354,0.54854763,,,3.363803068,,0
Year 1 Jun 16 9:00 PM,0,,0,#DIV/0!,0,,,0,,0
Year 1 Jun 16 10:00 PM,0,,0,#DIV/0!,0,,,0,,0
Year 1 Jun 16 11:00 PM,0,,0,#DIV/0!,0,,,0,,0
Year 1 Jun 17 12:00 AM,0,,0,#DIV/0!,0,,,0,,0
Year 1 Jun 17 1:00 AM,0,,0,#DIV/0!,0,,,0,,0
Year 1 Jun 17 2:00 AM,0,,0,#DIV/0!,0,,,0,,0
Year 1 Jun 17 3:00 AM,0,,0,#DIV/0!,0,,,0,,0
Year 1 Jun 17 4:00 AM,0,,0,#DIV/0!,0,,,0,,0
Year 1 Jun 17 5:00 AM,12.2714632,,12.27135064,0.999990828,0.000112552,,,12.2714632,,0
Year 1 Jun 17 6:00 AM,44.9127376,,44.91272958,0.999999822,8.01506E-06,,,44.9127376,,0
Year 1 Jun 17 7:00 AM,140.1875573,,140.1875424,0.999999894,1.49098E-05,,,140.1875573,,0
Year 1 Jun 17 8:00 AM,386.8266864,,386.82563,0.999997269,0.001056339,,,386.8266864,,0
Year 1 Jun 17 9:00 AM,435.643013,,435.6410915,0.999995589,0.001921497,,,435.643013,,0
Year 1 Jun 17 10:00 AM,412.2011497,,412.1876596,0.999967273,0.013490142,,,412.2011497,,0
Year 1 Jun 17 11:00 AM,468.0208962,,468.0176236,0.999993008,0.003272576,,,468.0208962,,0
Year 1 Jun 17 12:00 PM,426.1052917,,426.1039646,0.999996886,0.001327068,,,426.1052917,,0
Year 1 Jun 17 1:00 PM,742.4336629,,150.4948556,0.202704784,591.9388073,,,742.4336629,,0
Year 1 Jun 17 2:00 PM,691.2808025,,75.33830779,0.108983654,615.9424947,,,691.2808025,,0
Year 1 Jun 17 3:00 PM,604.6114433,,70.72881104,0.116982257,533.8826322,,,604.6114433,,0
Year 1 Jun 17 4:00 PM,329.0207473,,95.22421653,0.289417057,233.7965308,,,329.0207473,,0
Year 1 Jun 17 5:00 PM,108.2425053,,49.65964902,0.458781408,58.58285632,,,108.2425053,,0
Year 1 Jun 17 6:00 PM,163.387698,,34.04229265,0.208352851,129.3454053,,,163.387698,,0
Year 1 Jun 17 7:00 PM,48.22817781,,20.93467276,0.434075549,27.29350505,,,48.22817781,,0
Year 1 Jun 17 8:00 PM,3.380261914,,2.531742614,0.748978239,0.8485193,,,3.380261914,,0
Year 1 Jun 17 9:00 PM,0,,0,#DIV/0!,0,,,0,,0
Year 1 Jun 17 10:00 PM,0,,0,#DIV/0!,0,,,0,,0
Year 1 Jun 17 11:00 PM,0,,0,#DIV/0!,0,,,0,,0
Year 1 Jun 18 12:00 AM,0,,0,#DIV/0!,0,,,0,,0
Year 1 Jun 18 1:00 AM,0,,0,#DIV/0!,0,,,0,,0
Year 1 Jun 18 2:00 AM,0,,0,#DIV/0!,0,,,0,,0
Year 1 Jun 18 3:00 AM,0,,0,#DIV/0!,0,,,0,,0
Year 1 Jun 18 4:00 AM,0,,0,#DIV/0!,0,,,0,,0
Year 1 Jun 18 5:00 AM,9.97622266,,9.976201583,0.999997887,2.10771E-05,,,9.97622266,,0
Year 1 Jun 18 6:00 AM,49.21021233,,49.21020284,0.999999807,9.49281E-06,,,49.21021233,,0
Year 1 Jun 18 7:00 AM,132.626254,,132.6262327,0.999999839,2.12973E-05,,,132.626254,,0
Year 1 Jun 18 8:00 AM,139.0688625,,139.0686876,0.999998742,0.000174945,,,139.0688625,,0
Year 1 Jun 18 9:00 AM,123.5865502,,123.5864132,0.999998891,0.000137011,,,123.5865502,,0
Year 1 Jun 18 10:00 AM,174.6158234,,174.6143637,0.999991641,0.001459667,,,174.6158234,,0
Year 1 Jun 18 11:00 AM,137.5956874,,137.5954747,0.999998454,0.00021274,,,137.5956874,,0
Year 1 Jun 18 12:00 PM,165.6888875,,165.6887303,0.999999051,0.000157188,,,165.6888875,,0
Year 1 Jun 18 1:00 PM,226.3950801,,182.8362626,0.807598215,43.55881745,,,226.3950801,,0
Year 1 Jun 18 2:00 PM,300.1945691,,169.8469354,0.565789501,130.3476336,,,300.1945691,,0
Year 1 Jun 18 3:00 PM,467.0952845,,118.3326776,0.253337341,348.7626069,,,467.0952845,,0
Year 1 Jun 18 4:00 PM,447.9726524,,99.1574439,0.221347092,348.8152085,,,447.9726524,,0
Year 1 Jun 18 5:00 PM,244.2314083,,86.45839827,0.354001964,157.7730101,,,244.2314083,,0
Year 1 Jun 18 6:00 PM,71.42415922,,53.33470261,0.746731963,18.0894566,,,71.42415922,,0
Year 1 Jun 18 7:00 PM,34.70296111,,25.42551038,0.732661121,9.27745073,,,34.70296111,,0
Year 1 Jun 18 8:00 PM,3.862150582,,3.099881056,0.802630811,0.762269526,,,3.862150582,,0
Year 1 Jun 18 9:00 PM,0,,0,#DIV/0!,0,,,0,,0
Year 1 Jun 18 10:00 PM,0,,0,#DIV/0!,0,,,0,,0
Year 1 Jun 18 11:00 PM,0,,0,#DIV/0!,0,,,0,,0
Year 1 Jun 19 12:00 AM,0,,0,#DIV/0!,0,,,0,,0
Year 1 Jun 19 1:00 AM,0,,0,#DIV/0!,0,,,0,,0
Year 1 Jun 19 2:00 AM,0,,0,#DIV/0!,0,,,0,,0
Year 1 Jun 19 3:00 AM,0,,0,#DIV/0!,0,,,0,,0
Year 1 Jun 19 4:00 AM,0,,0,#DIV/0!,0,,,0,,0
Year 1 Jun 19 5:00 AM,10.4193613,,10.41933479,0.999997456,2.65107E-05,,,10.4193613,,0
Year 1 Jun 19 6:00 AM,48.7350837,,48.73507485,0.999999819,8.84456E-06,,,48.7350837,,0
Year 1 Jun 19 7:00 AM,137.2422864,,137.2422679,0.999999866,1.84561E-05,,,137.2422864,,0
Year 1 Jun 19 8:00 AM,234.02098,,234.0207294,0.999998929,0.000250582,,,234.02098,,0
Year 1 Jun 19 9:00 AM,528.6980538,,528.6955151,0.999995198,0.002538773,,,528.6980538,,0
Year 1 Jun 19 10:00 AM,588.5854342,,588.5615371,0.999959399,0.023897088,,,588.5854342,,0
Year 1 Jun 19 11:00 AM,654.9464473,,654.9416637,0.999992696,0.004783602,,,654.9464473,,0
Year 1 Jun 19 12:00 PM,470.0680263,,470.066601,0.999996968,0.001425248,,,470.0680263,,0
Year 1 Jun 19 1:00 PM,684.5035885,,203.2471078,0.296926285,481.2564807,,,684.5035885,,0
Year 1 Jun 19 2:00 PM,689.5712976,,93.8594275,0.136112724,595.7118701,,,689.5712976,,0
Year 1 Jun 19 3:00 PM,511.1299181,,108.3445141,0.211970597,402.7854039,,,511.1299181,,0
Year 1 Jun 19 4:00 PM,402.6340708,,102.553899,0.254707454,300.0801718,,,402.6340708,,0
Year 1 Jun 19 5:00 PM,152.7011247,,89.65982584,0.587158909,63.04129888,,,152.7011247,,0
Year 1 Jun 19 6:00 PM,115.0979035,,54.24881602,0.471327578,60.84908745,,,115.0979035,,0
Year 1 Jun 19 7:00 PM,38.77144598,,23.9305918,0.617222061,14.84085417,,,38.77144598,,0
Year 1 Jun 19 8:00 PM,3.526992504,,2.910988018,0.825345677,0.616004487,,,3.526992504,,0
Year 1 Jun 19 9:00 PM,0,,0,#DIV/0!,0,,,0,,0
Year 1 Jun 19 10:00 PM,0,,0,#DIV/0!,0,,,0,,0
Year 1 Jun 19 11:00 PM,0,,0,#DIV/0!,0,,,0,,0
Year 1 Jun 20 12:00 AM,0,,0,#DIV/0!,0,,,0,,0
Year 1 Jun 20 1:00 AM,0,,0,#DIV/0!,0,,,0,,0
Year 1 Jun 20 2:00 AM,0,,0,#DIV/0!,0,,,0,,0
Year 1 Jun 20 3:00 AM,0,,0,#DIV/0!,0,,,0,,0
Year 1 Jun 20 4:00 AM,0,,0,#DIV/0!,0,,,0,,0
Year 1 Jun 20 5:00 AM,10.95299602,,10.95297035,0.999997656,2.56704E-05,,,10.95299602,,0
Year 1 Jun 20 6:00 AM,53.49365399,,53.49364283,0.999999791,1.11591E-05,,,53.49365399,,0
Year 1 Jun 20 7:00 AM,134.6856272,,134.6856053,0.999999837,2.19461E-05,,,134.6856272,,0
Year 1 Jun 20 8:00 AM,246.8562205,,246.8559085,0.999998736,0.000312004,,,246.8562205,,0
Year 1 Jun 20 9:00 AM,468.3296072,,468.3275661,0.999995642,0.002041061,,,468.3296072,,0
Year 1 Jun 20 10:00 AM,518.5195264,,518.4991267,0.999960658,0.020399684,,,518.5195264,,0
Year 1 Jun 20 11:00 AM,650.8329636,,650.8277562,0.999991999,0.005207322,,,650.8329636,,0
Year 1 Jun 20 12:00 PM,789.8587794,,789.8552621,0.999995547,0.003517359,,,789.8587794,,0
Year 1 Jun 20 1:00 PM,792.1372,,193.1134008,0.24378782,599.0237991,,,792.1372,,0
Year 1 Jun 20 2:00 PM,733.3233636,,75.57238939,0.103054659,657.7509742,,,733.3233636,,0
Year 1 Jun 20 3:00 PM,593.9285614,,74.92181888,0.126146179,519.0067425,,,593.9285614,,0
Year 1 Jun 20 4:00 PM,258.7526498,,114.9143007,0.444108691,143.8383491,,,258.7526498,,0
Year 1 Jun 20 5:00 PM,170.9744292,,96.82432481,0.566308806,74.15010442,,,170.9744292,,0
Year 1 Jun 20 6:00 PM,98.04993818,,60.91795577,0.621295198,37.1319824,,,98.04993818,,0
Year 1 Jun 20 7:00 PM,29.75315098,,25.08069525,0.842959298,4.672455726,,,29.75315098,,0
Year 1 Jun 20 8:00 PM,3.335187772,,3.002178601,0.900152797,0.33300917,,,3.335187772,,0
Year 1 Jun 20 9:00 PM,0,,0,#DIV/0!,0,,,0,,0
Year 1 Jun 20 10:00 PM,0,,0,#DIV/0!,0,,,0,,0
Year 1 Jun 20 11:00 PM,0,,0,#DIV/0!,0,,,0,,0
Year 1 Jun 21 12:00 AM,0,,0,#DIV/0!,0,,,0,,0
Year 1 Jun 21 1:00 AM,0,,0,#DIV/0!,0,,,0,,0
Year 1 Jun 21 2:00 AM,0,,0,#DIV/0!,0,,,0,,0
Year 1 Jun 21 3:00 AM,0,,0,#DIV/0!,0,,,0,,0
Year 1 Jun 21 4:00 AM,0,,0,#DIV/0!,0,,,0,,0
Year 1 Jun 21 5:00 AM,15.54101445,,15.54086839,0.999990602,0.000146051,,,15.54101445,,0
Year 1 Jun 21 6:00 AM,103.0055725,,103.0055658,0.999999935,6.73814E-06,,,103.0055725,,0
Year 1 Jun 21 7:00 AM,263.6704168,,263.6704022,0.999999945,1.46171E-05,,,263.6704168,,0
Year 1 Jun 21 8:00 AM,451.5039024,,451.5027655,0.999997482,0.001136956,,,451.5039024,,0
Year 1 Jun 21 9:00 AM,627.4794537,,627.4760975,0.999994651,0.003356166,,,627.4794537,,0
Year 1 Jun 21 10:00 AM,770.5760348,,770.5398451,0.999953035,0.036189723,,,770.5760348,,0
Year 1 Jun 21 11:00 AM,833.7610099,,833.7537751,0.999991323,0.007234842,,,833.7610099,,0
Year 1 Jun 21 12:00 PM,860.1353951,,860.1312443,0.999995174,0.004150794,,,860.1353951,,0
Year 1 Jun 21 1:00 PM,869.7535146,,169.2579832,0.194604541,700.4955314,,,869.7535146,,0
Year 1 Jun 21 2:00 PM,805.7312146,,37.47475237,0.04651024,768.2564622,,,805.7312146,,0
Year 1 Jun 21 3:00 PM,638.4371753,,50.14308033,0.078540352,588.294095,,,638.4371753,,0
Year 1 Jun 21 4:00 PM,521.1102517,,49.72702813,0.095425158,471.3832236,,,521.1102517,,0
Year 1 Jun 21 5:00 PM,353.2792036,,41.1176901,0.116388651,312.1615135,,,353.2792036,,0
Year 1 Jun 21 6:00 PM,173.7073145,,33.17112279,0.19095985,140.5361917,,,173.7073145,,0
Year 1 Jun 21 7:00 PM,54.18722278,,21.77676904,0.401880147,32.41045375,,,54.18722278,,0
Year 1 Jun 21 8:00 PM,4.392730782,,2.992248475,0.681181849,1.400482307,,,4.392730782,,0
Year 1 Jun 21 9:00 PM,0,,0,#DIV/0!,0,,,0,,0
Year 1 Jun 21 10:00 PM,0,,0,#DIV/0!,0,,,0,,0
Year 1 Jun 21 11:00 PM,0,,0,#DIV/0!,0,,,0,,0
Year 1 Jun 22 12:00 AM,0,,0,#DIV/0!,0,,,0,,0
Year 1 Jun 22 1:00 AM,0,,0,#DIV/0!,0,,,0,,0
Year 1 Jun 22 2:00 AM,0,,0,#DIV/0!,0,,,0,,0
Year 1 Jun 22 3:00 AM,0,,0,#DIV/0!,0,,,0,,0
Year 1 Jun 22 4:00 AM,0,,0,#DIV/0!,0,,,0,,0
Year 1 Jun 22 5:00 AM,17.58136946,,17.5811504,0.99998754,0.000219064,,,17.58136946,,0
Year 1 Jun 22 6:00 AM,112.0900233,,112.0900168,0.999999943,6.42296E-06,,,112.0900233,,0
Year 1 Jun 22 7:00 AM,260.2809935,,260.2809778,0.99999994,1.56956E-05,,,260.2809935,,0
Year 1 Jun 22 8:00 AM,414.6743411,,414.6732689,0.999997414,0.001072204,,,414.6743411,,0
Year 1 Jun 22 9:00 AM,431.6925647,,431.6903792,0.999994937,0.002185515,,,431.6925647,,0
Year 1 Jun 22 10:00 AM,647.5376932,,647.5061772,0.999951329,0.031516024,,,647.5376932,,0
Year 1 Jun 22 11:00 AM,822.2912314,,822.2839579,0.999991155,0.007273544,,,822.2912314,,0
Year 1 Jun 22 12:00 PM,869.1231051,,869.1189199,0.999995185,0.00418519,,,869.1231051,,0
Year 1 Jun 22 1:00 PM,851.0529544,,167.9650192,0.19736142,683.0879352,,,851.0529544,,0
Year 1 Jun 22 2:00 PM,823.3019101,,30.3804237,0.036900708,792.9214864,,,823.3019101,,0
Year 1 Jun 22 3:00 PM,689.8410525,,41.33433405,0.059918635,648.5067184,,,689.8410525,,0
Year 1 Jun 22 4:00 PM,529.3849203,,46.20546071,0.087281407,483.1794596,,,529.3849203,,0
Year 1 Jun 22 5:00 PM,262.9507506,,50.73830255,0.192957436,212.2124481,,,262.9507506,,0
Year 1 Jun 22 6:00 PM,196.2254061,,30.21214443,0.153966528,166.0132617,,,196.2254061,,0
Year 1 Jun 22 7:00 PM,67.01198286,,16.62650293,0.248112386,50.38547993,,,67.01198286,,0
Year 1 Jun 22 8:00 PM,4.38055138,,2.383049343,0.54400671,1.997502037,,,4.38055138,,0
Year 1 Jun 22 9:00 PM,0,,0,#DIV/0!,0,,,0,,0
Year 1 Jun 22 10:00 PM,0,,0,#DIV/0!,0,,,0,,0
Year 1 Jun 22 11:00 PM,0,,0,#DIV/0!,0,,,0,,0
Year 1 Jun 23 12:00 AM,0,,0,#DIV/0!,0,,,0,,0
Year 1 Jun 23 1:00 AM,0,,0,#DIV/0!,0,,,0,,0
Year 1 Jun 23 2:00 AM,0,,0,#DIV/0!,0,,,0,,0
Year 1 Jun 23 3:00 AM,0,,0,#DIV/0!,0,,,0,,0
Year 1 Jun 23 4:00 AM,0,,0,#DIV/0!,0,,,0,,0
Year 1 Jun 23 5:00 AM,8.075883489,,8.075871055,0.99999846,1.24333E-05,,,8.075883489,,0
Year 1 Jun 23 6:00 AM,32.27549886,,32.27549131,0.999999766,7.55323E-06,,,32.27549886,,0
Year 1 Jun 23 7:00 AM,71.1421341,,71.14211779,0.999999771,1.63084E-05,,,71.1421341,,0
Year 1 Jun 23 8:00 AM,96.83346184,,96.83341715,0.999999538,4.46951E-05,,,96.83346184,,0
Year 1 Jun 23 9:00 AM,182.7534449,,182.7528953,0.999996993,0.00054961,,,182.7534449,,0
Year 1 Jun 23 10:00 AM,448.1490838,,448.1285603,0.999954204,0.020523534,,,448.1490838,,0
Year 1 Jun 23 11:00 AM,746.7896592,,746.7830615,0.999991165,0.006597718,,,746.7896592,,0
Year 1 Jun 23 12:00 PM,868.2790576,,868.2749368,0.999995254,0.004120787,,,868.2790576,,0
Year 1 Jun 23 1:00 PM,817.1594429,,192.6655868,0.235774779,624.4938561,,,817.1594429,,0
Year 1 Jun 23 2:00 PM,527.9317393,,96.67477118,0.183119832,431.2569681,,,527.9317393,,0
Year 1 Jun 23 3:00 PM,366.118094,,109.9535903,0.300322743,256.1645037,,,366.118094,,0
Year 1 Jun 23 4:00 PM,322.9086249,,118.9073594,0.368238413,204.0012654,,,322.9086249,,0
Year 1 Jun 23 5:00 PM,204.5539427,,82.98626419,0.40569379,121.5676785,,,204.5539427,,0
Year 1 Jun 23 6:00 PM,78.1322916,,58.73393182,0.751724167,19.39835977,,,78.1322916,,0
Year 1 Jun 23 7:00 PM,29.8765285,,27.0552961,0.905570274,2.821232404,,,29.8765285,,0
Year 1 Jun 23 8:00 PM,3.312921571,,3.018078994,0.911002247,0.294842577,,,3.312921571,,0
Year 1 Jun 23 9:00 PM,0,,0,#DIV/0!,0,,,0,,0
Year 1 Jun 23 10:00 PM,0,,0,#DIV/0!,0,,,0,,0
Year 1 Jun 23 11:00 PM,0,,0,#DIV/0!,0,,,0,,0
Year 1 Jun 24 12:00 AM,0,,0,#DIV/0!,0,,,0,,0
Year 1 Jun 24 1:00 AM,0,,0,#DIV/0!,0,,,0,,0
Year 1 Jun 24 2:00 AM,0,,0,#DIV/0!,0,,,0,,0
Year 1 Jun 24 3:00 AM,0,,0,#DIV/0!,0,,,0,,0
Year 1 Jun 24 4:00 AM,0,,0,#DIV/0!,0,,,0,,0
Year 1 Jun 24 5:00 AM,16.95829315,,16.95804684,0.999985476,0.000246309,,,16.95829315,,0
Year 1 Jun 24 6:00 AM,121.7821693,,121.7821652,0.999999966,4.13633E-06,,,121.7821693,,0
Year 1 Jun 24 7:00 AM,302.9573661,,302.9573542,0.999999961,1.1952E-05,,,302.9573661,,0
Year 1 Jun 24 8:00 AM,493.8097973,,493.8085004,0.999997374,0.001296894,,,493.8097973,,0
Year 1 Jun 24 9:00 AM,664.5364098,,664.5327887,0.999994551,0.003621127,,,664.5364098,,0
Year 1 Jun 24 10:00 AM,767.9937669,,767.9590407,0.999954783,0.034726159,,,767.9937669,,0
Year 1 Jun 24 11:00 AM,719.1387411,,719.1326367,0.999991512,0.006104401,,,719.1387411,,0
Year 1 Jun 24 12:00 PM,740.1479395,,740.1446608,0.99999557,0.003278651,,,740.1479395,,0
Year 1 Jun 24 1:00 PM,893.5862129,,170.9869825,0.191349173,722.5992303,,,893.5862129,,0
Year 1 Jun 24 2:00 PM,823.5596038,,33.43932186,0.040603402,790.1202819,,,823.5596038,,0
Year 1 Jun 24 3:00 PM,747.1830009,,32.84996264,0.043965083,714.3330382,,,747.1830009,,0
Year 1 Jun 24 4:00 PM,605.6510238,,24.84554778,0.041022878,580.805476,,,605.6510238,,0
Year 1 Jun 24 5:00 PM,420.9061425,,24.08034766,0.05721073,396.8257949,,,420.9061425,,0
Year 1 Jun 24 6:00 PM,230.820456,,18.69462629,0.080992069,212.1258297,,,230.820456,,0
Year 1 Jun 24 7:00 PM,74.0295459,,13.4670263,0.181914209,60.56251959,,,74.0295459,,0
Year 1 Jun 24 8:00 PM,4.621204571,,2.420155515,0.523706639,2.201049055,,,4.621204571,,0
Year 1 Jun 24 9:00 PM,0,,0,#DIV/0!,0,,,0,,0
Year 1 Jun 24 10:00 PM,0,,0,#DIV/0!,0,,,0,,0
Year 1 Jun 24 11:00 PM,0,,0,#DIV/0!,0,,,0,,0
Year 1 Jun 25 12:00 AM,0,,0,#DIV/0!,0,,,0,,0
Year 1 Jun 25 1:00 AM,0,,0,#DIV/0!,0,,,0,,0
Year 1 Jun 25 2:00 AM,0,,0,#DIV/0!,0,,,0,,0
Year 1 Jun 25 3:00 AM,0,,0,#DIV/0!,0,,,0,,0
Year 1 Jun 25 4:00 AM,0,,0,#DIV/0!,0,,,0,,0
Year 1 Jun 25 5:00 AM,18.37193,,18.37166986,0.99998584,0.000260139,,,18.37193,,0
Year 1 Jun 25 6:00 AM,127.4129827,,127.4129785,0.999999967,4.23059E-06,,,127.4129827,,0
Year 1 Jun 25 7:00 AM,303.6463848,,303.6463727,0.99999996,1.20943E-05,,,303.6463848,,0
Year 1 Jun 25 8:00 AM,485.5621418,,485.5608588,0.999997358,0.001282985,,,485.5621418,,0
Year 1 Jun 25 9:00 AM,644.6509928,,644.6474673,0.999994531,0.00352546,,,644.6509928,,0
Year 1 Jun 25 10:00 AM,800.3054897,,800.2672037,0.999952161,0.03828602,,,800.3054897,,0
Year 1 Jun 25 11:00 AM,888.9960575,,888.9883832,0.999991367,0.00767433,,,888.9960575,,0
Year 1 Jun 25 12:00 PM,874.7914328,,874.7872087,0.999995171,0.004224027,,,874.7914328,,0
Year 1 Jun 25 1:00 PM,860.369482,,173.617249,0.201793825,686.752233,,,860.369482,,0
Year 1 Jun 25 2:00 PM,786.8673261,,27.82743937,0.035364843,759.0398867,,,786.8673261,,0
Year 1 Jun 25 3:00 PM,706.815136,,27.37085815,0.038724211,679.4442779,,,706.815136,,0
Year 1 Jun 25 4:00 PM,573.2148737,,25.74189942,0.04490794,547.4729743,,,573.2148737,,0
Year 1 Jun 25 5:00 PM,417.29314,,25.0672138,0.060070994,392.2259262,,,417.29314,,0
Year 1 Jun 25 6:00 PM,230.4729363,,19.79302287,0.085880031,210.6799134,,,230.4729363,,0
Year 1 Jun 25 7:00 PM,72.64903736,,13.99011236,0.192571201,58.658925,,,72.64903736,,0
Year 1 Jun 25 8:00 PM,4.614859497,,2.459012173,0.532846596,2.155847325,,,4.614859497,,0
Year 1 Jun 25 9:00 PM,0,,0,#DIV/0!,0,,,0,,0
Year 1 Jun 25 10:00 PM,0,,0,#DIV/0!,0,,,0,,0
Year 1 Jun 25 11:00 PM,0,,0,#DIV/0!,0,,,0,,0
Year 1 Jun 26 12:00 AM,0,,0,#DIV/0!,0,,,0,,0
Year 1 Jun 26 1:00 AM,0,,0,#DIV/0!,0,,,0,,0
Year 1 Jun 26 2:00 AM,0,,0,#DIV/0!,0,,,0,,0
Year 1 Jun 26 3:00 AM,0,,0,#DIV/0!,0,,,0,,0
Year 1 Jun 26 4:00 AM,0,,0,#DIV/0!,0,,,0,,0
Year 1 Jun 26 5:00 AM,18.2592672,,18.25899625,0.999985161,0.000270947,,,18.2592672,,0
Year 1 Jun 26 6:00 AM,123.2922516,,123.2922471,0.999999963,4.56077E-06,,,123.2922516,,0
Year 1 Jun 26 7:00 AM,271.1516154,,271.1516017,0.99999995,1.36889E-05,,,271.1516154,,0
Year 1 Jun 26 8:00 AM,428.8828132,,428.8817952,0.999997626,0.001017989,,,428.8828132,,0
Year 1 Jun 26 9:00 AM,616.8568176,,616.853479,0.999994588,0.003338575,,,616.8568176,,0
Year 1 Jun 26 10:00 AM,751.6435591,,751.6077708,0.999952387,0.035788308,,,751.6435591,,0
Year 1 Jun 26 11:00 AM,855.1534226,,855.1459428,0.999991253,0.007479723,,,855.1534226,,0
Year 1 Jun 26 12:00 PM,831.7454332,,831.7413121,0.999995045,0.004121077,,,831.7454332,,0
Year 1 Jun 26 1:00 PM,766.0794323,,150.3733404,0.196289489,615.7060919,,,766.0794323,,0
Year 1 Jun 26 2:00 PM,816.2121727,,28.75959708,0.035235443,787.4525757,,,816.2121727,,0
Year 1 Jun 26 3:00 PM,711.4652272,,28.01104246,0.039370923,683.4541847,,,711.4652272,,0
Year 1 Jun 26 4:00 PM,555.3896126,,30.20464377,0.054384603,525.1849688,,,555.3896126,,0
Year 1 Jun 26 5:00 PM,337.4711069,,38.70552745,0.114692863,298.7655795,,,337.4711069,,0
Year 1 Jun 26 6:00 PM,180.6350319,,30.86093031,0.170846873,149.7741016,,,180.6350319,,0
Year 1 Jun 26 7:00 PM,49.76759436,,19.30303556,0.387863545,30.4645588,,,49.76759436,,0
Year 1 Jun 26 8:00 PM,3.81756073,,2.812566617,0.736744433,1.004994113,,,3.81756073,,0
Year 1 Jun 26 9:00 PM,0,,0,#DIV/0!,0,,,0,,0
Year 1 Jun 26 10:00 PM,0,,0,#DIV/0!,0,,,0,,0
Year 1 Jun 26 11:00 PM,0,,0,#DIV/0!,0,,,0,,0
Year 1 Jun 27 12:00 AM,0,,0,#DIV/0!,0,,,0,,0
Year 1 Jun 27 1:00 AM,0,,0,#DIV/0!,0,,,0,,0
Year 1 Jun 27 2:00 AM,0,,0,#DIV/0!,0,,,0,,0
Year 1 Jun 27 3:00 AM,0,,0,#DIV/0!,0,,,0,,0
Year 1 Jun 27 4:00 AM,0,,0,#DIV/0!,0,,,0,,0
Year 1 Jun 27 5:00 AM,10.591459,,10.59141789,0.999996119,4.11034E-05,,,10.591459,,0
Year 1 Jun 27 6:00 AM,65.16333633,,65.16332689,0.999999855,9.43537E-06,,,65.16333633,,0
Year 1 Jun 27 7:00 AM,187.4038433,,187.4038226,0.999999889,2.07171E-05,,,187.4038433,,0
Year 1 Jun 27 8:00 AM,169.7949827,,169.7948185,0.999999033,0.000164267,,,169.7949827,,0
Year 1 Jun 27 9:00 AM,237.380593,,237.3799943,0.999997478,0.000598686,,,237.380593,,0
Year 1 Jun 27 10:00 AM,237.9787816,,237.9728376,0.999975023,0.005944009,,,237.9787816,,0
Year 1 Jun 27 11:00 AM,387.0514017,,387.0492582,0.999994462,0.00214347,,,387.0514017,,0
Year 1 Jun 27 12:00 PM,364.9701419,,364.9693091,0.999997718,0.000832723,,,364.9701419,,0
Year 1 Jun 27 1:00 PM,567.9038467,,156.7840865,0.276075056,411.1197602,,,567.9038467,,0
Year 1 Jun 27 2:00 PM,529.097293,,108.450945,0.20497354,420.646348,,,529.097293,,0
Year 1 Jun 27 3:00 PM,450.626541,,107.9651361,0.239588942,342.6614049,,,450.626541,,0
Year 1 Jun 27 4:00 PM,375.1616,,105.0543715,0.280024319,270.1072285,,,375.1616,,0
Year 1 Jun 27 5:00 PM,223.9164043,,91.77760733,0.409874424,132.138797,,,223.9164043,,0
Year 1 Jun 27 6:00 PM,147.5099728,,48.46003966,0.32852043,99.04993311,,,147.5099728,,0
Year 1 Jun 27 7:00 PM,45.53431945,,24.71944169,0.542874956,20.81487776,,,45.53431945,,0
Year 1 Jun 27 8:00 PM,4.080768716,,3.139610267,0.769367363,0.941158449,,,4.080768716,,0
Year 1 Jun 27 9:00 PM,0,,0,#DIV/0!,0,,,0,,0
Year 1 Jun 27 10:00 PM,0,,0,#DIV/0!,0,,,0,,0
Year 1 Jun 27 11:00 PM,0,,0,#DIV/0!,0,,,0,,0
Year 1 Jun 28 12:00 AM,0,,0,#DIV/0!,0,,,0,,0
Year 1 Jun 28 1:00 AM,0,,0,#DIV/0!,0,,,0,,0
Year 1 Jun 28 2:00 AM,0,,0,#DIV/0!,0,,,0,,0
Year 1 Jun 28 3:00 AM,0,,0,#DIV/0!,0,,,0,,0
Year 1 Jun 28 4:00 AM,0,,0,#DIV/0!,0,,,0,,0
Year 1 Jun 28 5:00 AM,15.69420039,,15.69400474,0.999987534,0.000195641,,,15.69420039,,0
Year 1 Jun 28 6:00 AM,128.5188348,,128.5188311,0.999999972,3.63828E-06,,,128.5188348,,0
Year 1 Jun 28 7:00 AM,300.7848639,,300.7848522,0.999999961,1.17643E-05,,,300.7848639,,0
Year 1 Jun 28 8:00 AM,469.1073524,,469.1061401,0.999997416,0.001212312,,,469.1073524,,0
Year 1 Jun 28 9:00 AM,637.8647148,,637.8613067,0.999994657,0.003408134,,,637.8647148,,0
Year 1 Jun 28 10:00 AM,701.6766471,,701.6438834,0.999953307,0.032763713,,,701.6766471,,0
Year 1 Jun 28 11:00 AM,810.7855774,,810.7786723,0.999991484,0.006905052,,,810.7855774,,0
Year 1 Jun 28 12:00 PM,816.4472587,,816.4434494,0.999995334,0.003809361,,,816.4472587,,0
Year 1 Jun 28 1:00 PM,783.0791956,,175.1561811,0.223676203,607.9230145,,,783.0791956,,0
Year 1 Jun 28 2:00 PM,682.9314933,,60.62537838,0.088772269,622.3061149,,,682.9314933,,0
Year 1 Jun 28 3:00 PM,529.4207672,,87.37292226,0.165034936,442.0478449,,,529.4207672,,0
Year 1 Jun 28 4:00 PM,504.4739246,,49.5636307,0.098248152,454.9102939,,,504.4739246,,0
Year 1 Jun 28 5:00 PM,315.8829606,,51.65546515,0.163527229,264.2274955,,,315.8829606,,0
Year 1 Jun 28 6:00 PM,184.8530491,,40.82164921,0.220832977,144.0313999,,,184.8530491,,0
Year 1 Jun 28 7:00 PM,47.58595446,,21.92471483,0.460739205,25.66123963,,,47.58595446,,0
Year 1 Jun 28 8:00 PM,2.901482575,,2.259850497,0.778860613,0.641632078,,,2.901482575,,0
Year 1 Jun 28 9:00 PM,0,,0,#DIV/0!,0,,,0,,0
Year 1 Jun 28 10:00 PM,0,,0,#DIV/0!,0,,,0,,0
Year 1 Jun 28 11:00 PM,0,,0,#DIV/0!,0,,,0,,0
Year 1 Jun 29 12:00 AM,0,,0,#DIV/0!,0,,,0,,0
Year 1 Jun 29 1:00 AM,0,,0,#DIV/0!,0,,,0,,0
Year 1 Jun 29 2:00 AM,0,,0,#DIV/0!,0,,,0,,0
Year 1 Jun 29 3:00 AM,0,,0,#DIV/0!,0,,,0,,0
Year 1 Jun 29 4:00 AM,0,,0,#DIV/0!,0,,,0,,0
Year 1 Jun 29 5:00 AM,4.692664208,,4.692662743,0.999999688,1.46501E-06,,,4.692664208,,0
Year 1 Jun 29 6:00 AM,21.39068166,,21.39067638,0.999999753,5.27864E-06,,,21.39068166,,0
Year 1 Jun 29 7:00 AM,74.08992756,,74.08991074,0.999999773,1.68202E-05,,,74.08992756,,0
Year 1 Jun 29 8:00 AM,130.7654118,,130.7653249,0.999999335,8.69806E-05,,,130.7654118,,0
Year 1 Jun 29 9:00 AM,185.2105901,,185.2101742,0.999997754,0.000415962,,,185.2105901,,0
Year 1 Jun 29 10:00 AM,301.3008507,,301.2902662,0.999964871,0.010584502,,,301.3008507,,0
Year 1 Jun 29 11:00 AM,415.2095288,,415.2071137,0.999994183,0.002415105,,,415.2095288,,0
Year 1 Jun 29 12:00 PM,163.473403,,163.4730134,0.999997617,0.00038958,,,163.473403,,0
Year 1 Jun 29 1:00 PM,110.1804953,,99.90620962,0.906750413,10.27428569,,,110.1804953,,0
Year 1 Jun 29 2:00 PM,131.0282788,,110.239358,0.841340198,20.78892079,,,131.0282788,,0
Year 1 Jun 29 3:00 PM,129.4821738,,110.1876097,0.850986715,19.29456406,,,129.4821738,,0
Year 1 Jun 29 4:00 PM,149.7492039,,122.5535293,0.818391858,27.1956747,,,149.7492039,,0
Year 1 Jun 29 5:00 PM,113.1984496,,95.93584209,0.847501379,17.26260752,,,113.1984496,,0
Year 1 Jun 29 6:00 PM,60.35785056,,54.58847378,0.904413813,5.769376786,,,60.35785056,,0
Year 1 Jun 29 7:00 PM,24.54055521,,23.30131667,0.949502424,1.239238544,,,24.54055521,,0
Year 1 Jun 29 8:00 PM,3.414301833,,3.101617573,0.908419268,0.31268426,,,3.414301833,,0
Year 1 Jun 29 9:00 PM,0,,0,#DIV/0!,0,,,0,,0
Year 1 Jun 29 10:00 PM,0,,0,#DIV/0!,0,,,0,,0
Year 1 Jun 29 11:00 PM,0,,0,#DIV/0!,0,,,0,,0
Year 1 Jun 30 12:00 AM,0,,0,#DIV/0!,0,,,0,,0
Year 1 Jun 30 1:00 AM,0,,0,#DIV/0!,0,,,0,,0
Year 1 Jun 30 2:00 AM,0,,0,#DIV/0!,0,,,0,,0
Year 1 Jun 30 3:00 AM,0,,0,#DIV/0!,0,,,0,,0
Year 1 Jun 30 4:00 AM,0,,0,#DIV/0!,0,,,0,,0
Year 1 Jun 30 5:00 AM,13.37246157,,13.37242429,0.999997213,3.7273E-05,,,13.37246157,,0
Year 1 Jun 30 6:00 AM,97.95828046,,97.95779328,0.999995027,0.000487176,,,97.95828046,,0
Year 1 Jun 30 7:00 AM,254.158304,,254.1577092,0.99999766,0.000594798,,,254.158304,,0
Year 1 Jun 30 8:00 AM,425.7923485,,425.7916976,0.999998471,0.000650904,,,425.7923485,,0
Year 1 Jun 30 9:00 AM,617.4927223,,617.4916531,0.999998268,0.001069237,,,617.4927223,,0
Year 1 Jun 30 10:00 AM,713.7289498,,713.724016,0.999993087,0.004933731,,,713.7289498,,0
Year 1 Jun 30 11:00 AM,778.0846106,,778.080738,0.999995023,0.003872544,,,778.0846106,,0
Year 1 Jun 30 12:00 PM,793.9373067,,793.9272332,0.999987312,0.010073468,,,793.9373067,,0
Year 1 Jun 30 1:00 PM,623.7072036,,207.1095598,0.332062158,416.5976437,,,623.7072036,,0
Year 1 Jun 30 2:00 PM,523.1569403,,96.55612213,0.184564353,426.6008181,,,523.1569403,,0
Year 1 Jun 30 3:00 PM,491.9829261,,96.27309497,0.195683813,395.7098311,,,491.9829261,,0
Year 1 Jun 30 4:00 PM,295.5701357,,50.7687408,0.171765462,244.8013949,,,295.5701357,,0
Year 1 Jun 30 5:00 PM,199.9402448,,72.23946966,0.361305298,127.7007751,,,199.9402448,,0
Year 1 Jun 30 6:00 PM,63.9096007,,39.06311321,0.611224492,24.84648749,,,63.9096007,,0
Year 1 Jun 30 7:00 PM,21.97553978,,20.52947536,0.934196637,1.446064422,,,21.97553978,,0
Year 1 Jun 30 8:00 PM,2.947125268,,2.760570958,0.936699566,0.186554309,,,2.947125268,,0
Year 1 Jun 30 9:00 PM,0,,0,#DIV/0!,0,,,0,,0
Year 1 Jun 30 10:00 PM,0,,0,#DIV/0!,0,,,0,,0
Year 1 Jun 30 11:00 PM,0,,0,#DIV/0!,0,,,0,,0
Year 1 Jul 01 12:00 AM,0,,0,#DIV/0!,0,,,0,,0
Year 1 Jul 01 1:00 AM,0,,0,#DIV/0!,0,,,0,,0
Year 1 Jul 01 2:00 AM,0,,0,#DIV/0!,0,,,0,,0
Year 1 Jul 01 3:00 AM,0,,0,#DIV/0!,0,,,0,,0
Year 1 Jul 01 4:00 AM,0,,0,#DIV/0!,0,,,0,,0
Year 1 Jul 01 5:00 AM,7.485961267,,7.485958367,0.999999613,2.90015E-06,,,7.485961267,,0
Year 1 Jul 01 6:00 AM,35.48084819,,35.48082073,0.999999226,2.74523E-05,,,35.48084819,,0
Year 1 Jul 01 7:00 AM,95.27331716,,95.2732577,0.999999376,5.94562E-05,,,95.27331716,,0
Year 1 Jul 01 8:00 AM,140.3258965,,140.325826,0.999999497,7.05317E-05,,,140.3258965,,0
Year 1 Jul 01 9:00 AM,188.4882573,,188.4881493,0.999999427,0.00010803,,,188.4882573,,0
Year 1 Jul 01 10:00 AM,230.2702816,,230.26985,0.999998126,0.000431577,,,230.2702816,,0
Year 1 Jul 01 11:00 AM,271.6513131,,271.6508929,0.999998453,0.000420167,,,271.6513131,,0
Year 1 Jul 01 12:00 PM,279.7794046,,279.7783865,0.999996361,0.001018088,,,279.7794046,,0
Year 1 Jul 01 1:00 PM,290.1520489,,228.9990681,0.789238156,61.15298079,,,290.1520489,,0
Year 1 Jul 01 2:00 PM,263.4477041,,195.7034406,0.742854986,67.74426348,,,263.4477041,,0
Year 1 Jul 01 3:00 PM,224.5704305,,171.5389563,0.763853709,53.03147419,,,224.5704305,,0
Year 1 Jul 01 4:00 PM,108.8184609,,97.11700794,0.892468126,11.70145299,,,108.8184609,,0
Year 1 Jul 01 5:00 PM,80.74381755,,74.26936871,0.919814928,6.474448838,,,80.74381755,,0
Year 1 Jul 01 6:00 PM,66.18859769,,58.9289251,0.89031838,7.259672591,,,66.18859769,,0
Year 1 Jul 01 7:00 PM,32.4592792,,29.1840192,0.899096342,3.275260001,,,32.4592792,,0
Year 1 Jul 01 8:00 PM,4.416748177,,3.731977331,0.844960406,0.684770846,,,4.416748177,,0
Year 1 Jul 01 9:00 PM,0,,0,#DIV/0!,0,,,0,,0
Year 1 Jul 01 10:00 PM,0,,0,#DIV/0!,0,,,0,,0
Year 1 Jul 01 11:00 PM,0,,0,#DIV/0!,0,,,0,,0
Year 1 Jul 02 12:00 AM,0,,0,#DIV/0!,0,,,0,,0
Year 1 Jul 02 1:00 AM,0,,0,#DIV/0!,0,,,0,,0
Year 1 Jul 02 2:00 AM,0,,0,#DIV/0!,0,,,0,,0
Year 1 Jul 02 3:00 AM,0,,0,#DIV/0!,0,,,0,,0
Year 1 Jul 02 4:00 AM,0,,0,#DIV/0!,0,,,0,,0
Year 1 Jul 02 5:00 AM,11.48135968,,11.48134947,0.99999911,1.02132E-05,,,11.48135968,,0
Year 1 Jul 02 6:00 AM,49.05391045,,49.05386103,0.999998992,4.9424E-05,,,49.05391045,,0
Year 1 Jul 02 7:00 AM,98.30542916,,98.30536549,0.999999352,6.36738E-05,,,98.30542916,,0
Year 1 Jul 02 8:00 AM,153.0485903,,153.0485089,0.999999468,8.14198E-05,,,153.0485903,,0
Year 1 Jul 02 9:00 AM,204.4755916,,204.4754665,0.999999388,0.000125142,,,204.4755916,,0
Year 1 Jul 02 10:00 AM,241.2727654,,241.2722328,0.999997792,0.000532614,,,241.2727654,,0
Year 1 Jul 02 11:00 AM,338.9294973,,338.9277904,0.999994964,0.001706898,,,338.9294973,,0
Year 1 Jul 02 12:00 PM,567.9217431,,567.9149613,0.999988059,0.00678174,,,567.9217431,,0
Year 1 Jul 02 1:00 PM,633.0126453,,195.8472801,0.309389207,437.1653652,,,633.0126453,,0
Year 1 Jul 02 2:00 PM,616.6703128,,60.79989427,0.09859384,555.8704186,,,616.6703128,,0
Year 1 Jul 02 3:00 PM,432.8789758,,96.00504004,0.221782635,336.8739358,,,432.8789758,,0
Year 1 Jul 02 4:00 PM,389.2373135,,74.61009278,0.191682786,314.6272208,,,389.2373135,,0
Year 1 Jul 02 5:00 PM,318.4135255,,60.58144229,0.190260267,257.8320832,,,318.4135255,,0
Year 1 Jul 02 6:00 PM,159.1573383,,46.17661444,0.290131859,112.9807238,,,159.1573383,,0
Year 1 Jul 02 7:00 PM,66.56367051,,21.04381527,0.316145656,45.51985524,,,66.56367051,,0
Year 1 Jul 02 8:00 PM,4.683906294,,2.919123006,0.62322404,1.764783289,,,4.683906294,,0
Year 1 Jul 02 9:00 PM,0,,0,#DIV/0!,0,,,0,,0
Year 1 Jul 02 10:00 PM,0,,0,#DIV/0!,0,,,0,,0
Year 1 Jul 02 11:00 PM,0,,0,#DIV/0!,0,,,0,,0
Year 1 Jul 03 12:00 AM,0,,0,#DIV/0!,0,,,0,,0
Year 1 Jul 03 1:00 AM,0,,0,#DIV/0!,0,,,0,,0
Year 1 Jul 03 2:00 AM,0,,0,#DIV/0!,0,,,0,,0
Year 1 Jul 03 3:00 AM,0,,0,#DIV/0!,0,,,0,,0
Year 1 Jul 03 4:00 AM,0,,0,#DIV/0!,0,,,0,,0
Year 1 Jul 03 5:00 AM,13.44392466,,13.44389547,0.999997829,2.9185E-05,,,13.44392466,,0
Year 1 Jul 03 6:00 AM,88.6491834,,88.64877536,0.999995397,0.000408039,,,88.6491834,,0
Year 1 Jul 03 7:00 AM,241.7632667,,241.7627327,0.999997791,0.000533984,,,241.7632667,,0
Year 1 Jul 03 8:00 AM,426.3263184,,426.3256908,0.999998528,0.000627592,,,426.3263184,,0
Year 1 Jul 03 9:00 AM,606.3736912,,606.372685,0.999998341,0.001006197,,,606.3736912,,0
Year 1 Jul 03 10:00 AM,759.2231851,,759.2179736,0.999993136,0.005211532,,,759.2231851,,0
Year 1 Jul 03 11:00 AM,870.6062826,,870.6018697,0.999994931,0.004412871,,,870.6062826,,0
Year 1 Jul 03 12:00 PM,914.7399471,,914.728368,0.999987342,0.011579137,,,914.7399471,,0
Year 1 Jul 03 1:00 PM,855.0802891,,236.8443957,0.276984979,618.2358934,,,855.0802891,,0
Year 1 Jul 03 2:00 PM,750.8047748,,61.0276574,0.081282991,689.7771174,,,750.8047748,,0
Year 1 Jul 03 3:00 PM,672.045475,,47.29624393,0.070376553,624.7492311,,,672.045475,,0
Year 1 Jul 03 4:00 PM,516.4008393,,59.1722594,0.114585909,457.2285799,,,516.4008393,,0
Year 1 Jul 03 5:00 PM,358.6465012,,50.09309242,0.139672609,308.5534088,,,358.6465012,,0
Year 1 Jul 03 6:00 PM,179.2680053,,34.83888733,0.194339683,144.429118,,,179.2680053,,0
Year 1 Jul 03 7:00 PM,53.8256453,,22.27393833,0.413816466,31.55170698,,,53.8256453,,0
Year 1 Jul 03 8:00 PM,4.492679832,,3.220430268,0.71681722,1.272249564,,,4.492679832,,0
Year 1 Jul 03 9:00 PM,0,,0,#DIV/0!,0,,,0,,0
Year 1 Jul 03 10:00 PM,0,,0,#DIV/0!,0,,,0,,0
Year 1 Jul 03 11:00 PM,0,,0,#DIV/0!,0,,,0,,0
Year 1 Jul 04 12:00 AM,0,,0,#DIV/0!,0,,,0,,0
Year 1 Jul 04 1:00 AM,0,,0,#DIV/0!,0,,,0,,0
Year 1 Jul 04 2:00 AM,0,,0,#DIV/0!,0,,,0,,0
Year 1 Jul 04 3:00 AM,0,,0,#DIV/0!,0,,,0,,0
Year 1 Jul 04 4:00 AM,0,,0,#DIV/0!,0,,,0,,0
Year 1 Jul 04 5:00 AM,14.05322644,,14.05319134,0.999997502,3.50992E-05,,,14.05322644,,0
Year 1 Jul 04 6:00 AM,95.12388426,,95.12344194,0.99999535,0.000442314,,,95.12388426,,0
Year 1 Jul 04 7:00 AM,218.8398295,,218.8393861,0.999997974,0.000443472,,,218.8398295,,0
Year 1 Jul 04 8:00 AM,299.3612012,,299.3608228,0.999998736,0.000378443,,,299.3612012,,0
Year 1 Jul 04 9:00 AM,469.9903468,,469.9896925,0.999998608,0.000654342,,,469.9903468,,0
Year 1 Jul 04 10:00 AM,621.8767717,,621.8727506,0.999993534,0.004021159,,,621.8767717,,0
Year 1 Jul 04 11:00 AM,493.6032751,,493.6003094,0.999993992,0.002965729,,,493.6032751,,0
Year 1 Jul 04 12:00 PM,884.6383631,,884.6267739,0.999986899,0.011589208,,,884.6383631,,0
Year 1 Jul 04 1:00 PM,873.4011584,,233.377919,0.267205873,640.0232393,,,873.4011584,,0
Year 1 Jul 04 2:00 PM,779.2186256,,47.66054778,0.061164539,731.5580779,,,779.2186256,,0
Year 1 Jul 04 3:00 PM,675.2501772,,50.1770203,0.074308785,625.0731569,,,675.2501772,,0
Year 1 Jul 04 4:00 PM,519.4121195,,46.77388214,0.09005158,472.6382374,,,519.4121195,,0
Year 1 Jul 04 5:00 PM,353.0553359,,47.65858661,0.134989,305.3967493,,,353.0553359,,0
Year 1 Jul 04 6:00 PM,165.5160536,,42.98536851,0.259705132,122.5306851,,,165.5160536,,0
Year 1 Jul 04 7:00 PM,45.99154244,,24.57022457,0.534233541,21.42131787,,,45.99154244,,0
Year 1 Jul 04 8:00 PM,3.967231467,,2.980936831,0.751389692,0.986294636,,,3.967231467,,0
Year 1 Jul 04 9:00 PM,0,,0,#DIV/0!,0,,,0,,0
Year 1 Jul 04 10:00 PM,0,,0,#DIV/0!,0,,,0,,0
Year 1 Jul 04 11:00 PM,0,,0,#DIV/0!,0,,,0,,0
Year 1 Jul 05 12:00 AM,0,,0,#DIV/0!,0,,,0,,0
Year 1 Jul 05 1:00 AM,0,,0,#DIV/0!,0,,,0,,0
Year 1 Jul 05 2:00 AM,0,,0,#DIV/0!,0,,,0,,0
Year 1 Jul 05 3:00 AM,0,,0,#DIV/0!,0,,,0,,0
Year 1 Jul 05 4:00 AM,0,,0,#DIV/0!,0,,,0,,0
Year 1 Jul 05 5:00 AM,12.90031082,,12.90027798,0.999997454,3.28393E-05,,,12.90031082,,0
Year 1 Jul 05 6:00 AM,95.6067654,,95.60627901,0.999994913,0.000486387,,,95.6067654,,0
Year 1 Jul 05 7:00 AM,271.373113,,271.3724644,0.99999761,0.000648557,,,271.373113,,0
Year 1 Jul 05 8:00 AM,459.4533812,,459.4526809,0.999998476,0.00070025,,,459.4533812,,0
Year 1 Jul 05 9:00 AM,629.9037326,,629.9026607,0.999998298,0.001071852,,,629.9037326,,0
Year 1 Jul 05 10:00 AM,772.9997999,,772.9944126,0.999993031,0.005387251,,,772.9997999,,0
Year 1 Jul 05 11:00 AM,859.1166925,,859.1124357,0.999995045,0.004256836,,,859.1166925,,0
Year 1 Jul 05 12:00 PM,855.2710131,,855.2602697,0.999987439,0.010743391,,,855.2710131,,0
Year 1 Jul 05 1:00 PM,870.2091582,,225.6432207,0.259297686,644.5659375,,,870.2091582,,0
Year 1 Jul 05 2:00 PM,799.3583524,,30.81932547,0.03855508,768.5390269,,,799.3583524,,0
Year 1 Jul 05 3:00 PM,679.5637205,,43.14214151,0.063485057,636.421579,,,679.5637205,,0
Year 1 Jul 05 4:00 PM,524.3907529,,48.93935191,0.093326115,475.451401,,,524.3907529,,0
Year 1 Jul 05 5:00 PM,362.3226372,,44.25299253,0.12213698,318.0696447,,,362.3226372,,0
Year 1 Jul 05 6:00 PM,215.9223079,,23.87476645,0.110571097,192.0475415,,,215.9223079,,0
Year 1 Jul 05 7:00 PM,67.83267571,,15.5258156,0.228884021,52.30686011,,,67.83267571,,0
Year 1 Jul 05 8:00 PM,4.503972899,,2.631526295,0.584267791,1.872446604,,,4.503972899,,0
Year 1 Jul 05 9:00 PM,0,,0,#DIV/0!,0,,,0,,0
Year 1 Jul 05 10:00 PM,0,,0,#DIV/0!,0,,,0,,0
Year 1 Jul 05 11:00 PM,0,,0,#DIV/0!,0,,,0,,0
Year 1 Jul 06 12:00 AM,0,,0,#DIV/0!,0,,,0,,0
Year 1 Jul 06 1:00 AM,0,,0,#DIV/0!,0,,,0,,0
Year 1 Jul 06 2:00 AM,0,,0,#DIV/0!,0,,,0,,0
Year 1 Jul 06 3:00 AM,0,,0,#DIV/0!,0,,,0,,0
Year 1 Jul 06 4:00 AM,0,,0,#DIV/0!,0,,,0,,0
Year 1 Jul 06 5:00 AM,13.93721612,,13.9371714,0.999996791,4.47203E-05,,,13.93721612,,0
Year 1 Jul 06 6:00 AM,107.3249016,,107.3243266,0.999994643,0.000574918,,,107.3249016,,0
Year 1 Jul 06 7:00 AM,273.4506321,,273.4499761,0.999997601,0.000655956,,,273.4506321,,0
Year 1 Jul 06 8:00 AM,460.2314321,,460.2307242,0.999998462,0.000707861,,,460.2314321,,0
Year 1 Jul 06 9:00 AM,635.2600785,,635.2589908,0.999998288,0.001087697,,,635.2600785,,0
Year 1 Jul 06 10:00 AM,775.1440058,,775.1385754,0.999992994,0.005430455,,,775.1440058,,0
Year 1 Jul 06 11:00 AM,856.4162323,,856.4120235,0.999995085,0.004208859,,,856.4162323,,0
Year 1 Jul 06 12:00 PM,857.0587512,,857.0479241,0.999987367,0.010827148,,,857.0587512,,0
Year 1 Jul 06 1:00 PM,841.0560706,,222.0313441,0.263991132,619.0247266,,,841.0560706,,0
Year 1 Jul 06 2:00 PM,786.8168274,,46.80008925,0.059480285,740.0167382,,,786.8168274,,0
Year 1 Jul 06 3:00 PM,629.7494799,,62.30063106,0.09892923,567.4488488,,,629.7494799,,0
Year 1 Jul 06 4:00 PM,451.9877286,,62.39198344,0.138039109,389.5957452,,,451.9877286,,0
Year 1 Jul 06 5:00 PM,374.7259783,,36.86290037,0.098372951,337.8630779,,,374.7259783,,0
Year 1 Jul 06 6:00 PM,187.4244153,,25.55888813,0.136369043,161.8655271,,,187.4244153,,0
Year 1 Jul 06 7:00 PM,24.07838746,,12.36662938,0.513598737,11.71175808,,,24.07838746,,0
Year 1 Jul 06 8:00 PM,1.693127482,,1.683962575,0.994586995,0.009164907,,,1.693127482,,0
Year 1 Jul 06 9:00 PM,0,,0,#DIV/0!,0,,,0,,0
Year 1 Jul 06 10:00 PM,0,,0,#DIV/0!,0,,,0,,0
Year 1 Jul 06 11:00 PM,0,,0,#DIV/0!,0,,,0,,0
Year 1 Jul 07 12:00 AM,0,,0,#DIV/0!,0,,,0,,0
Year 1 Jul 07 1:00 AM,0,,0,#DIV/0!,0,,,0,,0
Year 1 Jul 07 2:00 AM,0,,0,#DIV/0!,0,,,0,,0
Year 1 Jul 07 3:00 AM,0,,0,#DIV/0!,0,,,0,,0
Year 1 Jul 07 4:00 AM,0,,0,#DIV/0!,0,,,0,,0
Year 1 Jul 07 5:00 AM,8.049982256,,8.049976316,0.999999262,5.94038E-06,,,8.049982256,,0
Year 1 Jul 07 6:00 AM,45.38172997,,45.3816835,0.999998976,4.64725E-05,,,45.38172997,,0
Year 1 Jul 07 7:00 AM,81.54033488,,81.54028783,0.999999423,4.70477E-05,,,81.54033488,,0
Year 1 Jul 07 8:00 AM,164.1525265,,164.1523567,0.999998966,0.000169761,,,164.1525265,,0
Year 1 Jul 07 9:00 AM,405.250763,,405.2501531,0.999998495,0.000609938,,,405.250763,,0
Year 1 Jul 07 10:00 AM,490.7760532,,490.7732614,0.999994311,0.002791851,,,490.7760532,,0
Year 1 Jul 07 11:00 AM,697.0085322,,697.0052276,0.999995259,0.003304584,,,697.0085322,,0
Year 1 Jul 07 12:00 PM,724.4500426,,724.4415601,0.999988291,0.008482524,,,724.4500426,,0
Year 1 Jul 07 1:00 PM,610.9438924,,235.250807,0.385061231,375.6930854,,,610.9438924,,0
Year 1 Jul 07 2:00 PM,246.5546722,,149.7552522,0.607391663,96.79941993,,,246.5546722,,0
Year 1 Jul 07 3:00 PM,147.9400525,,124.6936247,0.842865895,23.2464278,,,147.9400525,,0
Year 1 Jul 07 4:00 PM,117.705216,,97.47774187,0.828151421,20.22747412,,,117.705216,,0
Year 1 Jul 07 5:00 PM,65.59955489,,59.3320038,0.904457414,6.267551091,,,65.59955489,,0
Year 1 Jul 07 6:00 PM,51.34658042,,47.23358897,0.919897461,4.112991458,,,51.34658042,,0
Year 1 Jul 07 7:00 PM,25.82649093,,24.24723559,0.938851339,1.579255338,,,25.82649093,,0
Year 1 Jul 07 8:00 PM,3.654596139,,3.217303857,0.880344568,0.437292281,,,3.654596139,,0
Year 1 Jul 07 9:00 PM,0,,0,#DIV/0!,0,,,0,,0
Year 1 Jul 07 10:00 PM,0,,0,#DIV/0!,0,,,0,,0
Year 1 Jul 07 11:00 PM,0,,0,#DIV/0!,0,,,0,,0
Year 1 Jul 08 12:00 AM,0,,0,#DIV/0!,0,,,0,,0
Year 1 Jul 08 1:00 AM,0,,0,#DIV/0!,0,,,0,,0
Year 1 Jul 08 2:00 AM,0,,0,#DIV/0!,0,,,0,,0
Year 1 Jul 08 3:00 AM,0,,0,#DIV/0!,0,,,0,,0
Year 1 Jul 08 4:00 AM,0,,0,#DIV/0!,0,,,0,,0
Year 1 Jul 08 5:00 AM,5.733276179,,5.733274528,0.999999712,1.65155E-06,,,5.733276179,,0
Year 1 Jul 08 6:00 AM,24.58658818,,24.58657986,0.999999661,8.32631E-06,,,24.58658818,,0
Year 1 Jul 08 7:00 AM,65.91458418,,65.91453083,0.999999191,5.3356E-05,,,65.91458418,,0
Year 1 Jul 08 8:00 AM,178.2045632,,178.2043731,0.999998933,0.000190166,,,178.2045632,,0
Year 1 Jul 08 9:00 AM,325.8265984,,325.8262249,0.999998854,0.000373485,,,325.8265984,,0
Year 1 Jul 08 10:00 AM,536.3515258,,536.3481176,0.999993646,0.003408226,,,536.3515258,,0
Year 1 Jul 08 11:00 AM,556.4220013,,556.4196622,0.999995796,0.002339034,,,556.4220013,,0
Year 1 Jul 08 12:00 PM,478.854281,,478.8490844,0.999989148,0.005196656,,,478.854281,,0
Year 1 Jul 08 1:00 PM,170.0117131,,121.5896509,0.715183964,48.42206217,,,170.0117131,,0
Year 1 Jul 08 2:00 PM,137.782469,,95.01855019,0.689627286,42.76391879,,,137.782469,,0
Year 1 Jul 08 3:00 PM,266.8541374,,129.2834502,0.484472347,137.5706872,,,266.8541374,,0
Year 1 Jul 08 4:00 PM,269.3508622,,78.2868606,0.290650121,191.0640016,,,269.3508622,,0
Year 1 Jul 08 5:00 PM,274.9880557,,63.02486673,0.229191288,211.963189,,,274.9880557,,0
Year 1 Jul 08 6:00 PM,94.1929508,,59.03191175,0.626712628,35.16103905,,,94.1929508,,0
Year 1 Jul 08 7:00 PM,24.6900652,,22.77565986,0.922462524,1.91440534,,,24.6900652,,0
Year 1 Jul 08 8:00 PM,2.324039138,,2.262868163,0.973679026,0.061170975,,,2.324039138,,0
Year 1 Jul 08 9:00 PM,0,,0,#DIV/0!,0,,,0,,0
Year 1 Jul 08 10:00 PM,0,,0,#DIV/0!,0,,,0,,0
Year 1 Jul 08 11:00 PM,0,,0,#DIV/0!,0,,,0,,0
Year 1 Jul 09 12:00 AM,0,,0,#DIV/0!,0,,,0,,0
Year 1 Jul 09 1:00 AM,0,,0,#DIV/0!,0,,,0,,0
Year 1 Jul 09 2:00 AM,0,,0,#DIV/0!,0,,,0,,0
Year 1 Jul 09 3:00 AM,0,,0,#DIV/0!,0,,,0,,0
Year 1 Jul 09 4:00 AM,0,,0,#DIV/0!,0,,,0,,0
Year 1 Jul 09 5:00 AM,8.569797452,,8.569791682,0.999999327,5.77002E-06,,,8.569797452,,0
Year 1 Jul 09 6:00 AM,32.47071146,,32.47069347,0.999999446,1.79852E-05,,,32.47071146,,0
Year 1 Jul 09 7:00 AM,63.40455733,,63.40452805,0.999999538,2.92787E-05,,,63.40455733,,0
Year 1 Jul 09 8:00 AM,112.1791285,,112.1790777,0.999999548,5.07332E-05,,,112.1791285,,0
Year 1 Jul 09 9:00 AM,173.839131,,173.8390423,0.99999949,8.86547E-05,,,173.839131,,0
Year 1 Jul 09 10:00 AM,254.0122609,,254.0117338,0.999997925,0.000527178,,,254.0122609,,0
Year 1 Jul 09 11:00 AM,295.8720223,,295.8711054,0.999996901,0.000916926,,,295.8720223,,0
Year 1 Jul 09 12:00 PM,493.7517282,,493.7468226,0.999990065,0.004905598,,,493.7517282,,0
Year 1 Jul 09 1:00 PM,824.1681646,,226.2399374,0.274507009,597.9282272,,,824.1681646,,0
Year 1 Jul 09 2:00 PM,743.9023022,,70.26876105,0.094459663,673.6335412,,,743.9023022,,0
Year 1 Jul 09 3:00 PM,638.6857192,,72.84775534,0.114058845,565.8379639,,,638.6857192,,0
Year 1 Jul 09 4:00 PM,432.5367013,,92.78526595,0.214514203,339.7514353,,,432.5367013,,0
Year 1 Jul 09 5:00 PM,323.3691364,,53.29649215,0.164816262,270.0726442,,,323.3691364,,0
Year 1 Jul 09 6:00 PM,168.4695661,,37.49153826,0.222541905,130.9780278,,,168.4695661,,0
Year 1 Jul 09 7:00 PM,46.52131989,,22.68035795,0.487526106,23.84096195,,,46.52131989,,0
Year 1 Jul 09 8:00 PM,3.658003515,,2.748888098,0.751472241,0.909115418,,,3.658003515,,0
Year 1 Jul 09 9:00 PM,0,,0,#DIV/0!,0,,,0,,0
Year 1 Jul 09 10:00 PM,0,,0,#DIV/0!,0,,,0,,0
Year 1 Jul 09 11:00 PM,0,,0,#DIV/0!,0,,,0,,0
Year 1 Jul 10 12:00 AM,0,,0,#DIV/0!,0,,,0,,0
Year 1 Jul 10 1:00 AM,0,,0,#DIV/0!,0,,,0,,0
Year 1 Jul 10 2:00 AM,0,,0,#DIV/0!,0,,,0,,0
Year 1 Jul 10 3:00 AM,0,,0,#DIV/0!,0,,,0,,0
Year 1 Jul 10 4:00 AM,0,,0,#DIV/0!,0,,,0,,0
Year 1 Jul 10 5:00 AM,7.148026812,,7.148022806,0.99999944,4.00568E-06,,,7.148026812,,0
Year 1 Jul 10 6:00 AM,31.33130762,,31.33128239,0.999999195,2.52309E-05,,,31.33130762,,0
Year 1 Jul 10 7:00 AM,77.30096266,,77.30090553,0.999999261,5.71303E-05,,,77.30096266,,0
Year 1 Jul 10 8:00 AM,153.713201,,153.7131161,0.999999448,8.48285E-05,,,153.713201,,0
Year 1 Jul 10 9:00 AM,181.1626659,,181.1625652,0.999999444,0.000100709,,,181.1626659,,0
Year 1 Jul 10 10:00 AM,226.5576395,,226.5572086,0.999998098,0.000430893,,,226.5576395,,0
Year 1 Jul 10 11:00 AM,215.5272949,,215.5270518,0.999998872,0.000243159,,,215.5272949,,0
Year 1 Jul 10 12:00 PM,185.7674575,,185.7670084,0.999997582,0.000449156,,,185.7674575,,0
Year 1 Jul 10 1:00 PM,243.6858061,,197.1795112,0.809154683,46.50629491,,,243.6858061,,0
Year 1 Jul 10 2:00 PM,243.6664427,,185.1663183,0.75991719,58.50012436,,,243.6664427,,0
Year 1 Jul 10 3:00 PM,147.8174984,,126.2245742,0.853921732,21.59292417,,,147.8174984,,0
Year 1 Jul 10 4:00 PM,119.9456044,,105.0808052,0.876070496,14.86479927,,,119.9456044,,0
Year 1 Jul 10 5:00 PM,124.2500883,,102.795191,0.827324893,21.4548973,,,124.2500883,,0
Year 1 Jul 10 6:00 PM,76.51687734,,65.59719891,0.85729059,10.91967843,,,76.51687734,,0
Year 1 Jul 10 7:00 PM,30.59120199,,27.71396646,0.905945653,2.877235532,,,30.59120199,,0
Year 1 Jul 10 8:00 PM,3.843261305,,3.292854472,0.856786518,0.550406833,,,3.843261305,,0
Year 1 Jul 10 9:00 PM,0,,0,#DIV/0!,0,,,0,,0
Year 1 Jul 10 10:00 PM,0,,0,#DIV/0!,0,,,0,,0
Year 1 Jul 10 11:00 PM,0,,0,#DIV/0!,0,,,0,,0
Year 1 Jul 11 12:00 AM,0,,0,#DIV/0!,0,,,0,,0
Year 1 Jul 11 1:00 AM,0,,0,#DIV/0!,0,,,0,,0
Year 1 Jul 11 2:00 AM,0,,0,#DIV/0!,0,,,0,,0
Year 1 Jul 11 3:00 AM,0,,0,#DIV/0!,0,,,0,,0
Year 1 Jul 11 4:00 AM,0,,0,#DIV/0!,0,,,0,,0
Year 1 Jul 11 5:00 AM,8.639718797,,8.63970995,0.999998976,8.84702E-06,,,8.639718797,,0
Year 1 Jul 11 6:00 AM,40.13905113,,40.13901817,0.999999179,3.29533E-05,,,40.13905113,,0
Year 1 Jul 11 7:00 AM,82.44654047,,82.44649333,0.999999428,4.71407E-05,,,82.44654047,,0
Year 1 Jul 11 8:00 AM,121.901123,,121.90107,0.999999566,5.29651E-05,,,121.901123,,0
Year 1 Jul 11 9:00 AM,108.9127819,,108.91274,0.999999616,4.1853E-05,,,108.9127819,,0
Year 1 Jul 11 10:00 AM,130.3844843,,130.3843463,0.999998942,0.000137972,,,130.3844843,,0
Year 1 Jul 11 11:00 AM,180.2891114,,180.2888391,0.99999849,0.000272254,,,180.2891114,,0
Year 1 Jul 11 12:00 PM,273.6091027,,273.6080539,0.999996167,0.001048864,,,273.6091027,,0
Year 1 Jul 11 1:00 PM,266.1898887,,214.6729419,0.806465426,51.51694684,,,266.1898887,,0
Year 1 Jul 11 2:00 PM,261.9222053,,183.1765334,0.699354731,78.74567191,,,261.9222053,,0
Year 1 Jul 11 3:00 PM,327.4607184,,132.0612801,0.403288922,195.3994383,,,327.4607184,,0
Year 1 Jul 11 4:00 PM,413.3205107,,89.78913848,0.217238526,323.5313722,,,413.3205107,,0
Year 1 Jul 11 5:00 PM,304.6581728,,73.65873699,0.241775024,230.9994358,,,304.6581728,,0
Year 1 Jul 11 6:00 PM,144.7394756,,55.64313192,0.384436462,89.09634372,,,144.7394756,,0
Year 1 Jul 11 7:00 PM,34.68534452,,26.10308723,0.752568198,8.582257285,,,34.68534452,,0
Year 1 Jul 11 8:00 PM,3.588128535,,3.109613615,0.866639415,0.47851492,,,3.588128535,,0
Year 1 Jul 11 9:00 PM,0,,0,#DIV/0!,0,,,0,,0
Year 1 Jul 11 10:00 PM,0,,0,#DIV/0!,0,,,0,,0
Year 1 Jul 11 11:00 PM,0,,0,#DIV/0!,0,,,0,,0
Year 1 Jul 12 12:00 AM,0,,0,#DIV/0!,0,,,0,,0
Year 1 Jul 12 1:00 AM,0,,0,#DIV/0!,0,,,0,,0
Year 1 Jul 12 2:00 AM,0,,0,#DIV/0!,0,,,0,,0
Year 1 Jul 12 3:00 AM,0,,0,#DIV/0!,0,,,0,,0
Year 1 Jul 12 4:00 AM,0,,0,#DIV/0!,0,,,0,,0
Year 1 Jul 12 5:00 AM,9.58592957,,9.585914395,0.999998417,1.51754E-05,,,9.58592957,,0
Year 1 Jul 12 6:00 AM,45.44098847,,45.44091152,0.999998307,7.69449E-05,,,45.44098847,,0
Year 1 Jul 12 7:00 AM,65.85665894,,65.85659666,0.999999054,6.22763E-05,,,65.85665894,,0
Year 1 Jul 12 8:00 AM,125.4376428,,125.4375856,0.999999544,5.7223E-05,,,125.4376428,,0
Year 1 Jul 12 9:00 AM,120.7754569,,120.7754148,0.999999651,4.2114E-05,,,120.7754569,,0
Year 1 Jul 12 10:00 AM,247.8247615,,247.8241863,0.999997679,0.000575208,,,247.8247615,,0
Year 1 Jul 12 11:00 AM,260.2285501,,260.2279375,0.999997646,0.000612558,,,260.2285501,,0
Year 1 Jul 12 12:00 PM,314.529379,,314.5275488,0.999994181,0.00183014,,,314.529379,,0
Year 1 Jul 12 1:00 PM,638.2714703,,223.0287379,0.349426143,415.2427324,,,638.2714703,,0
Year 1 Jul 12 2:00 PM,581.5558671,,112.589799,0.193601003,468.9660681,,,581.5558671,,0
Year 1 Jul 12 3:00 PM,507.1065675,,103.6032276,0.204302674,403.5033399,,,507.1065675,,0
Year 1 Jul 12 4:00 PM,172.9233609,,77.91181402,0.450556903,95.0115469,,,172.9233609,,0
Year 1 Jul 12 5:00 PM,232.8807335,,80.02903235,0.343648146,152.8517011,,,232.8807335,,0
Year 1 Jul 12 6:00 PM,120.315873,,57.89569856,0.481197511,62.42017444,,,120.315873,,0
Year 1 Jul 12 7:00 PM,43.25115462,,32.73222271,0.756794194,10.51893191,,,43.25115462,,0
Year 1 Jul 12 8:00 PM,4.167629883,,3.428546321,0.822660941,0.739083561,,,4.167629883,,0
Year 1 Jul 12 9:00 PM,0,,0,#DIV/0!,0,,,0,,0
Year 1 Jul 12 10:00 PM,0,,0,#DIV/0!,0,,,0,,0
Year 1 Jul 12 11:00 PM,0,,0,#DIV/0!,0,,,0,,0
Year 1 Jul 13 12:00 AM,0,,0,#DIV/0!,0,,,0,,0
Year 1 Jul 13 1:00 AM,0,,0,#DIV/0!,0,,,0,,0
Year 1 Jul 13 2:00 AM,0,,0,#DIV/0!,0,,,0,,0
Year 1 Jul 13 3:00 AM,0,,0,#DIV/0!,0,,,0,,0
Year 1 Jul 13 4:00 AM,0,,0,#DIV/0!,0,,,0,,0
Year 1 Jul 13 5:00 AM,8.519920995,,8.519905407,0.99999817,1.55883E-05,,,8.519920995,,0
Year 1 Jul 13 6:00 AM,67.69591185,,67.69560383,0.99999545,0.000308015,,,67.69591185,,0
Year 1 Jul 13 7:00 AM,238.6022871,,238.6017414,0.999997713,0.000545721,,,238.6022871,,0
Year 1 Jul 13 8:00 AM,430.5168772,,430.5162312,0.999998499,0.000645998,,,430.5168772,,0
Year 1 Jul 13 9:00 AM,601.3217673,,601.3207463,0.999998302,0.001020995,,,601.3217673,,0
Year 1 Jul 13 10:00 AM,712.2320788,,712.2271896,0.999993136,0.004889115,,,712.2320788,,0
Year 1 Jul 13 11:00 AM,800.506784,,800.5027046,0.999994904,0.00407937,,,800.506784,,0
Year 1 Jul 13 12:00 PM,854.8007003,,854.7898475,0.999987304,0.010852743,,,854.8007003,,0
Year 1 Jul 13 1:00 PM,825.9058088,,225.4317451,0.272950914,600.4740637,,,825.9058088,,0
Year 1 Jul 13 2:00 PM,785.4272439,,42.52725206,0.054145374,742.8999919,,,785.4272439,,0
Year 1 Jul 13 3:00 PM,708.571267,,42.40911958,0.059851594,666.1621474,,,708.571267,,0
Year 1 Jul 13 4:00 PM,538.6150165,,41.64707818,0.077322534,496.9679383,,,538.6150165,,0
Year 1 Jul 13 5:00 PM,353.0734004,,38.37656028,0.108692867,314.6968401,,,353.0734004,,0
Year 1 Jul 13 6:00 PM,192.0409624,,31.692684,0.165030854,160.3482784,,,192.0409624,,0
Year 1 Jul 13 7:00 PM,56.24174951,,19.67097667,0.349757553,36.57077283,,,56.24174951,,0
Year 1 Jul 13 8:00 PM,4.266572726,,2.849273929,0.66781328,1.417298798,,,4.266572726,,0
Year 1 Jul 13 9:00 PM,0,,0,#DIV/0!,0,,,0,,0
Year 1 Jul 13 10:00 PM,0,,0,#DIV/0!,0,,,0,,0
Year 1 Jul 13 11:00 PM,0,,0,#DIV/0!,0,,,0,,0
Year 1 Jul 14 12:00 AM,0,,0,#DIV/0!,0,,,0,,0
Year 1 Jul 14 1:00 AM,0,,0,#DIV/0!,0,,,0,,0
Year 1 Jul 14 2:00 AM,0,,0,#DIV/0!,0,,,0,,0
Year 1 Jul 14 3:00 AM,0,,0,#DIV/0!,0,,,0,,0
Year 1 Jul 14 4:00 AM,0,,0,#DIV/0!,0,,,0,,0
Year 1 Jul 14 5:00 AM,8.114103078,,8.114086661,0.999997977,1.64171E-05,,,8.114103078,,0
Year 1 Jul 14 6:00 AM,59.47426643,,59.4740816,0.999996892,0.000184829,,,59.47426643,,0
Year 1 Jul 14 7:00 AM,139.8165971,,139.8163796,0.999998444,0.000217576,,,139.8165971,,0
Year 1 Jul 14 8:00 AM,274.0240209,,274.0237032,0.99999884,0.000317751,,,274.0240209,,0
Year 1 Jul 14 9:00 AM,373.2521033,,373.2516637,0.999998822,0.000439618,,,373.2521033,,0
Year 1 Jul 14 10:00 AM,560.3898608,,560.3863593,0.999993752,0.003501585,,,560.3898608,,0
Year 1 Jul 14 11:00 AM,666.6266802,,666.6236711,0.999995486,0.003009164,,,666.6266802,,0
Year 1 Jul 14 12:00 PM,626.1792591,,626.1719328,0.9999883,0.007326258,,,626.1792591,,0
Year 1 Jul 14 1:00 PM,654.5485112,,179.8488984,0.274767867,474.6996128,,,654.5485112,,0
Year 1 Jul 14 2:00 PM,782.595475,,28.62499961,0.036577006,753.9704754,,,782.595475,,0
Year 1 Jul 14 3:00 PM,684.9814666,,42.62290798,0.062224907,642.3585586,,,684.9814666,,0
Year 1 Jul 14 4:00 PM,505.8698431,,51.18422576,0.101180623,454.6856174,,,505.8698431,,0
Year 1 Jul 14 5:00 PM,275.7199086,,64.38877156,0.233529642,211.331137,,,275.7199086,,0
Year 1 Jul 14 6:00 PM,181.2974364,,37.02213596,0.204206616,144.2753004,,,181.2974364,,0
Year 1 Jul 14 7:00 PM,58.7766448,,17.4721209,0.297262985,41.30452389,,,58.7766448,,0
Year 1 Jul 14 8:00 PM,3.492945148,,2.239717755,0.641211831,1.253227393,,,3.492945148,,0
Year 1 Jul 14 9:00 PM,0,,0,#DIV/0!,0,,,0,,0
Year 1 Jul 14 10:00 PM,0,,0,#DIV/0!,0,,,0,,0
Year 1 Jul 14 11:00 PM,0,,0,#DIV/0!,0,,,0,,0
Year 1 Jul 15 12:00 AM,0,,0,#DIV/0!,0,,,0,,0
Year 1 Jul 15 1:00 AM,0,,0,#DIV/0!,0,,,0,,0
Year 1 Jul 15 2:00 AM,0,,0,#DIV/0!,0,,,0,,0
Year 1 Jul 15 3:00 AM,0,,0,#DIV/0!,0,,,0,,0
Year 1 Jul 15 4:00 AM,0,,0,#DIV/0!,0,,,0,,0
Year 1 Jul 15 5:00 AM,9.930465605,,9.930440027,0.999997424,2.55788E-05,,,9.930465605,,0
Year 1 Jul 15 6:00 AM,81.96343089,,81.96303579,0.99999518,0.000395102,,,81.96343089,,0
Year 1 Jul 15 7:00 AM,210.9232654,,210.9228137,0.999997858,0.000451727,,,210.9232654,,0
Year 1 Jul 15 8:00 AM,240.6282969,,240.6280123,0.999998817,0.000284555,,,240.6282969,,0
Year 1 Jul 15 9:00 AM,362.9816684,,362.9812451,0.999998834,0.000423297,,,362.9816684,,0
Year 1 Jul 15 10:00 AM,571.3616658,,571.3582164,0.999993963,0.003449455,,,571.3616658,,0
Year 1 Jul 15 11:00 AM,708.8800931,,708.8765822,0.999995047,0.003510836,,,708.8800931,,0
Year 1 Jul 15 12:00 PM,816.9719983,,816.9620275,0.999987795,0.009970792,,,816.9719983,,0
Year 1 Jul 15 1:00 PM,740.5617031,,236.3342118,0.31912832,504.2274913,,,740.5617031,,0
Year 1 Jul 15 2:00 PM,646.5521282,,79.34492739,0.122720078,567.2072008,,,646.5521282,,0
Year 1 Jul 15 3:00 PM,573.4716597,,80.61439538,0.140572588,492.8572643,,,573.4716597,,0
Year 1 Jul 15 4:00 PM,439.4100121,,68.45631862,0.15579144,370.9536935,,,439.4100121,,0
Year 1 Jul 15 5:00 PM,165.9813078,,71.62508539,0.431525009,94.35622236,,,165.9813078,,0
Year 1 Jul 15 6:00 PM,47.74577595,,40.33573335,0.844802133,7.410042596,,,47.74577595,,0
Year 1 Jul 15 7:00 PM,19.42097118,,18.93293639,0.974870732,0.488034796,,,19.42097118,,0
Year 1 Jul 15 8:00 PM,1.885677534,,1.858241455,0.985450281,0.027436079,,,1.885677534,,0
Year 1 Jul 15 9:00 PM,0,,0,#DIV/0!,0,,,0,,0
Year 1 Jul 15 10:00 PM,0,,0,#DIV/0!,0,,,0,,0
Year 1 Jul 15 11:00 PM,0,,0,#DIV/0!,0,,,0,,0
Year 1 Jul 16 12:00 AM,0,,0,#DIV/0!,0,,,0,,0
Year 1 Jul 16 1:00 AM,0,,0,#DIV/0!,0,,,0,,0
Year 1 Jul 16 2:00 AM,0,,0,#DIV/0!,0,,,0,,0
Year 1 Jul 16 3:00 AM,0,,0,#DIV/0!,0,,,0,,0
Year 1 Jul 16 4:00 AM,0,,0,#DIV/0!,0,,,0,,0
Year 1 Jul 16 5:00 AM,10.35505449,,10.35502241,0.999996902,3.20774E-05,,,10.35505449,,0
Year 1 Jul 16 6:00 AM,91.50258776,,91.50211585,0.999994843,0.000471909,,,91.50258776,,0
Year 1 Jul 16 7:00 AM,253.1732019,,253.1726045,0.99999764,0.000597452,,,253.1732019,,0
Year 1 Jul 16 8:00 AM,443.2895295,,443.2888519,0.999998472,0.000677554,,,443.2895295,,0
Year 1 Jul 16 9:00 AM,619.1565135,,619.1554498,0.999998282,0.001063668,,,619.1565135,,0
Year 1 Jul 16 10:00 AM,759.8242947,,759.8190448,0.999993091,0.005249891,,,759.8242947,,0
Year 1 Jul 16 11:00 AM,862.6167994,,862.6124226,0.999994926,0.004376798,,,862.6167994,,0
Year 1 Jul 16 12:00 PM,900.9282369,,900.916849,0.99998736,0.011387971,,,900.9282369,,0
Year 1 Jul 16 1:00 PM,856.0566214,,235.006133,0.274521716,621.0504884,,,856.0566214,,0
Year 1 Jul 16 2:00 PM,775.2030029,,52.32836749,0.067502793,722.8746354,,,775.2030029,,0
Year 1 Jul 16 3:00 PM,664.8122015,,56.90612004,0.085597286,607.9060815,,,664.8122015,,0
Year 1 Jul 16 4:00 PM,536.3893878,,36.4715716,0.067994581,499.9178162,,,536.3893878,,0
Year 1 Jul 16 5:00 PM,372.0177363,,30.69077942,0.082498162,341.3269569,,,372.0177363,,0
Year 1 Jul 16 6:00 PM,190.8269269,,26.46167126,0.138668435,164.3652556,,,190.8269269,,0
Year 1 Jul 16 7:00 PM,55.31455256,,16.70398764,0.301981791,38.61056492,,,55.31455256,,0
Year 1 Jul 16 8:00 PM,4.01994447,,2.598192602,0.646325496,1.421751868,,,4.01994447,,0
Year 1 Jul 16 9:00 PM,0,,0,#DIV/0!,0,,,0,,0
Year 1 Jul 16 10:00 PM,0,,0,#DIV/0!,0,,,0,,0
Year 1 Jul 16 11:00 PM,0,,0,#DIV/0!,0,,,0,,0
Year 1 Jul 17 12:00 AM,0,,0,#DIV/0!,0,,,0,,0
Year 1 Jul 17 1:00 AM,0,,0,#DIV/0!,0,,,0,,0
Year 1 Jul 17 2:00 AM,0,,0,#DIV/0!,0,,,0,,0
Year 1 Jul 17 3:00 AM,0,,0,#DIV/0!,0,,,0,,0
Year 1 Jul 17 4:00 AM,0,,0,#DIV/0!,0,,,0,,0
Year 1 Jul 17 5:00 AM,8.775905151,,8.77588989,0.999998261,1.52605E-05,,,8.775905151,,0
Year 1 Jul 17 6:00 AM,61.07714939,,61.07694186,0.999996602,0.000207539,,,61.07714939,,0
Year 1 Jul 17 7:00 AM,188.5384558,,188.53809,0.99999806,0.000365828,,,188.5384558,,0
Year 1 Jul 17 8:00 AM,364.0728973,,364.0723873,0.999998599,0.000509966,,,364.0728973,,0
Year 1 Jul 17 9:00 AM,541.1057086,,541.104856,0.999998424,0.000852571,,,541.1057086,,0
Year 1 Jul 17 10:00 AM,683.2652133,,683.2607558,0.999993476,0.004457505,,,683.2652133,,0
Year 1 Jul 17 11:00 AM,752.7496846,,752.7462042,0.999995376,0.00348039,,,752.7496846,,0
Year 1 Jul 17 12:00 PM,765.8181122,,765.8093212,0.999988521,0.008791005,,,765.8181122,,0
Year 1 Jul 17 1:00 PM,830.3193157,,252.0662743,0.303577515,578.2530414,,,830.3193157,,0
Year 1 Jul 17 2:00 PM,703.9867865,,82.53506106,0.117239503,621.4517254,,,703.9867865,,0
Year 1 Jul 17 3:00 PM,618.8457782,,87.16935856,0.140857968,531.6764197,,,618.8457782,,0
Year 1 Jul 17 4:00 PM,460.072815,,81.22843615,0.176555609,378.8443788,,,460.072815,,0
Year 1 Jul 17 5:00 PM,282.0780452,,74.44207937,0.263905967,207.6359658,,,282.0780452,,0
Year 1 Jul 17 6:00 PM,134.6331018,,45.30424716,0.336501548,89.32885463,,,134.6331018,,0
Year 1 Jul 17 7:00 PM,33.58600128,,21.85121759,0.650604917,11.7347837,,,33.58600128,,0
Year 1 Jul 17 8:00 PM,1.953928989,,1.575171363,0.80615589,0.378757626,,,1.953928989,,0
Year 1 Jul 17 9:00 PM,0,,0,#DIV/0!,0,,,0,,0
Year 1 Jul 17 10:00 PM,0,,0,#DIV/0!,0,,,0,,0
Year 1 Jul 17 11:00 PM,0,,0,#DIV/0!,0,,,0,,0
Year 1 Jul 18 12:00 AM,0,,0,#DIV/0!,0,,,0,,0
Year 1 Jul 18 1:00 AM,0,,0,#DIV/0!,0,,,0,,0
Year 1 Jul 18 2:00 AM,0,,0,#DIV/0!,0,,,0,,0
Year 1 Jul 18 3:00 AM,0,,0,#DIV/0!,0,,,0,,0
Year 1 Jul 18 4:00 AM,0,,0,#DIV/0!,0,,,0,,0
Year 1 Jul 18 5:00 AM,8.110162412,,8.110146362,0.999998021,1.60503E-05,,,8.110162412,,0
Year 1 Jul 18 6:00 AM,60.65863589,,60.65838592,0.999995879,0.000249976,,,60.65863589,,0
Year 1 Jul 18 7:00 AM,196.0657245,,196.0653104,0.999997888,0.000414059,,,196.0657245,,0
Year 1 Jul 18 8:00 AM,387.4915511,,387.4909929,0.99999856,0.000558175,,,387.4915511,,0
Year 1 Jul 18 9:00 AM,567.4995303,,567.4986166,0.99999839,0.000913743,,,567.4995303,,0
Year 1 Jul 18 10:00 AM,717.1036809,,717.0988529,0.999993267,0.004828026,,,717.1036809,,0
Year 1 Jul 18 11:00 AM,818.8649566,,818.8608557,0.999994992,0.004100842,,,818.8649566,,0
Year 1 Jul 18 12:00 PM,875.7122249,,875.7013064,0.999987532,0.010918518,,,875.7122249,,0
Year 1 Jul 18 1:00 PM,865.6855946,,236.5851633,0.273292249,629.1004314,,,865.6855946,,0
Year 1 Jul 18 2:00 PM,801.7258858,,45.76643948,0.057084897,755.9594463,,,801.7258858,,0
Year 1 Jul 18 3:00 PM,681.5178944,,51.6695889,0.075815454,629.8483055,,,681.5178944,,0
Year 1 Jul 18 4:00 PM,520.9873205,,56.32057383,0.10810354,464.6667467,,,520.9873205,,0
Year 1 Jul 18 5:00 PM,339.9783118,,51.45249989,0.151340536,288.5258119,,,339.9783118,,0
Year 1 Jul 18 6:00 PM,164.8443547,,40.35731982,0.244820758,124.4870348,,,164.8443547,,0
Year 1 Jul 18 7:00 PM,44.17963801,,22.37324572,0.506415325,21.80639228,,,44.17963801,,0
Year 1 Jul 18 8:00 PM,2.209596091,,1.574133972,0.712408018,0.63546212,,,2.209596091,,0
Year 1 Jul 18 9:00 PM,0,,0,#DIV/0!,0,,,0,,0
Year 1 Jul 18 10:00 PM,0,,0,#DIV/0!,0,,,0,,0
Year 1 Jul 18 11:00 PM,0,,0,#DIV/0!,0,,,0,,0
Year 1 Jul 19 12:00 AM,0,,0,#DIV/0!,0,,,0,,0
Year 1 Jul 19 1:00 AM,0,,0,#DIV/0!,0,,,0,,0
Year 1 Jul 19 2:00 AM,0,,0,#DIV/0!,0,,,0,,0
Year 1 Jul 19 3:00 AM,0,,0,#DIV/0!,0,,,0,,0
Year 1 Jul 19 4:00 AM,0,,0,#DIV/0!,0,,,0,,0
Year 1 Jul 19 5:00 AM,9.423004023,,9.422984738,0.999997953,1.92854E-05,,,9.423004023,,0
Year 1 Jul 19 6:00 AM,72.91359525,,72.91331124,0.999996105,0.000284011,,,72.91359525,,0
Year 1 Jul 19 7:00 AM,214.5901497,,214.5897096,0.999997949,0.000440177,,,214.5901497,,0
Year 1 Jul 19 8:00 AM,314.1148601,,314.1144515,0.999998699,0.00040857,,,314.1148601,,0
Year 1 Jul 19 9:00 AM,371.9536094,,371.9530882,0.999998599,0.000521249,,,371.9536094,,0
Year 1 Jul 19 10:00 AM,437.0922433,,437.0900354,0.999994949,0.002207955,,,437.0922433,,0
Year 1 Jul 19 11:00 AM,498.1989521,,498.197186,0.999996455,0.00176611,,,498.1989521,,0
Year 1 Jul 19 12:00 PM,494.9535871,,494.9492087,0.999991154,0.004378434,,,494.9535871,,0
Year 1 Jul 19 1:00 PM,675.1811102,,216.9539961,0.321327112,458.2271141,,,675.1811102,,0
Year 1 Jul 19 2:00 PM,600.1054181,,75.33071039,0.125529129,524.7747077,,,600.1054181,,0
Year 1 Jul 19 3:00 PM,584.0558532,,71.21928103,0.121939162,512.8365721,,,584.0558532,,0
Year 1 Jul 19 4:00 PM,418.1933446,,64.37032575,0.153924797,353.8230188,,,418.1933446,,0
Year 1 Jul 19 5:00 PM,284.2801858,,72.84458658,0.256242222,211.4355992,,,284.2801858,,0
Year 1 Jul 19 6:00 PM,93.70766445,,56.41767066,0.602060365,37.28999379,,,93.70766445,,0
Year 1 Jul 19 7:00 PM,12.52656808,,10.58339886,0.84487617,1.943169222,,,12.52656808,,0
Year 1 Jul 19 8:00 PM,0.57977931,,0.561320858,0.96816297,0.018458451,,,0.57977931,,0
Year 1 Jul 19 9:00 PM,0,,0,#DIV/0!,0,,,0,,0
Year 1 Jul 19 10:00 PM,0,,0,#DIV/0!,0,,,0,,0
Year 1 Jul 19 11:00 PM,0,,0,#DIV/0!,0,,,0,,0
Year 1 Jul 20 12:00 AM,0,,0,#DIV/0!,0,,,0,,0
Year 1 Jul 20 1:00 AM,0,,0,#DIV/0!,0,,,0,,0
Year 1 Jul 20 2:00 AM,0,,0,#DIV/0!,0,,,0,,0
Year 1 Jul 20 3:00 AM,0,,0,#DIV/0!,0,,,0,,0
Year 1 Jul 20 4:00 AM,0,,0,#DIV/0!,0,,,0,,0
Year 1 Jul 20 5:00 AM,7.171642205,,7.171627677,0.999997974,1.45272E-05,,,7.171642205,,0
Year 1 Jul 20 6:00 AM,58.82697639,,58.82610198,0.999985136,0.00087442,,,58.82697639,,0
Year 1 Jul 20 7:00 AM,186.2378661,,186.2374528,0.999997781,0.00041324,,,186.2378661,,0
Year 1 Jul 20 8:00 AM,357.9909717,,357.9909537,0.99999995,1.79835E-05,,,357.9909717,,0
Year 1 Jul 20 9:00 AM,526.1942647,,526.1894486,0.999990847,0.004816161,,,526.1942647,,0
Year 1 Jul 20 10:00 AM,640.2033137,,640.1885131,0.999976881,0.014800615,,,640.2033137,,0
Year 1 Jul 20 11:00 AM,715.5773289,,715.5710472,0.999991221,0.006281698,,,715.5773289,,0
Year 1 Jul 20 12:00 PM,756.8107765,,756.8034937,0.999990377,0.007282774,,,756.8107765,,0
Year 1 Jul 20 1:00 PM,820.1348598,,233.4129527,0.284603136,586.7219071,,,820.1348598,,0
Year 1 Jul 20 2:00 PM,710.8695153,,60.19861216,0.084683069,650.6709032,,,710.8695153,,0
Year 1 Jul 20 3:00 PM,609.5924032,,64.92563878,0.10650664,544.6667644,,,609.5924032,,0
Year 1 Jul 20 4:00 PM,466.6593712,,68.02856087,0.145777767,398.6308103,,,466.6593712,,0
Year 1 Jul 20 5:00 PM,290.9738106,,65.04915876,0.223556748,225.9246519,,,290.9738106,,0
Year 1 Jul 20 6:00 PM,134.4907785,,47.74293441,0.354990394,86.74784414,,,134.4907785,,0
Year 1 Jul 20 7:00 PM,37.67032445,,23.74434027,0.630319505,13.92598418,,,37.67032445,,0
Year 1 Jul 20 8:00 PM,1.639667182,,1.639666768,0.999999748,4.13618E-07,,,1.639667182,,0
Year 1 Jul 20 9:00 PM,0,,0,#DIV/0!,0,,,0,,0
Year 1 Jul 20 10:00 PM,0,,0,#DIV/0!,0,,,0,,0
Year 1 Jul 20 11:00 PM,0,,0,#DIV/0!,0,,,0,,0
Year 1 Jul 21 12:00 AM,0,,0,#DIV/0!,0,,,0,,0
Year 1 Jul 21 1:00 AM,0,,0,#DIV/0!,0,,,0,,0
Year 1 Jul 21 2:00 AM,0,,0,#DIV/0!,0,,,0,,0
Year 1 Jul 21 3:00 AM,0,,0,#DIV/0!,0,,,0,,0
Year 1 Jul 21 4:00 AM,0,,0,#DIV/0!,0,,,0,,0
Year 1 Jul 21 5:00 AM,6.748104823,,6.748086633,0.999997304,1.81901E-05,,,6.748104823,,0
Year 1 Jul 21 6:00 AM,83.97736469,,83.97543103,0.999976974,0.00193366,,,83.97736469,,0
Year 1 Jul 21 7:00 AM,247.8992456,,247.8985035,0.999997007,0.000742012,,,247.8992456,,0
Year 1 Jul 21 8:00 AM,416.3705607,,416.3705552,0.999999987,5.50387E-06,,,416.3705607,,0
Year 1 Jul 21 9:00 AM,586.2823582,,586.2764699,0.999989957,0.005888313,,,586.2823582,,0
Year 1 Jul 21 10:00 AM,682.7253732,,682.7085133,0.999975305,0.016859955,,,682.7253732,,0
Year 1 Jul 21 11:00 AM,783.2102956,,783.2030433,0.99999074,0.007252314,,,783.2102956,,0
Year 1 Jul 21 12:00 PM,779.5714574,,779.5633937,0.999989656,0.008063694,,,779.5714574,,0
Year 1 Jul 21 1:00 PM,817.1767833,,216.3222956,0.264719091,600.8544877,,,817.1767833,,0
Year 1 Jul 21 2:00 PM,717.4909956,,29.17365353,0.040660655,688.3173421,,,717.4909956,,0
Year 1 Jul 21 3:00 PM,360.4443901,,92.01642355,0.255286047,268.4279666,,,360.4443901,,0
Year 1 Jul 21 4:00 PM,182.1985431,,121.1735083,0.665062992,61.02503481,,,182.1985431,,0
Year 1 Jul 21 5:00 PM,74.35261819,,60.80983016,0.817857281,13.54278803,,,74.35261819,,0
Year 1 Jul 21 6:00 PM,58.70036458,,35.08571338,0.597708611,23.6146512,,,58.70036458,,0
Year 1 Jul 21 7:00 PM,37.25331499,,15.8493304,0.425447518,21.40398459,,,37.25331499,,0
Year 1 Jul 21 8:00 PM,1.225480668,,1.225480359,0.999999748,3.09137E-07,,,1.225480668,,0
Year 1 Jul 21 9:00 PM,0,,0,#DIV/0!,0,,,0,,0
Year 1 Jul 21 10:00 PM,0,,0,#DIV/0!,0,,,0,,0
Year 1 Jul 21 11:00 PM,0,,0,#DIV/0!,0,,,0,,0
Year 1 Jul 22 12:00 AM,0,,0,#DIV/0!,0,,,0,,0
Year 1 Jul 22 1:00 AM,0,,0,#DIV/0!,0,,,0,,0
Year 1 Jul 22 2:00 AM,0,,0,#DIV/0!,0,,,0,,0
Year 1 Jul 22 3:00 AM,0,,0,#DIV/0!,0,,,0,,0
Year 1 Jul 22 4:00 AM,0,,0,#DIV/0!,0,,,0,,0
Year 1 Jul 22 5:00 AM,7.005228457,,7.005212431,0.999997712,1.60258E-05,,,7.005228457,,0
Year 1 Jul 22 6:00 AM,66.19023175,,66.18907341,0.9999825,0.001158345,,,66.19023175,,0
Year 1 Jul 22 7:00 AM,211.0264776,,211.0259342,0.999997425,0.000543391,,,211.0264776,,0
Year 1 Jul 22 8:00 AM,396.4061695,,396.4061595,0.999999975,9.99328E-06,,,396.4061695,,0
Year 1 Jul 22 9:00 AM,571.8769962,,571.871469,0.999990335,0.005527248,,,571.8769962,,0
Year 1 Jul 22 10:00 AM,636.7045587,,636.689243,0.999975945,0.015315754,,,636.7045587,,0
Year 1 Jul 22 11:00 AM,412.2844061,,412.2813643,0.999992622,0.003041774,,,412.2844061,,0
Year 1 Jul 22 12:00 PM,581.0230795,,581.0183198,0.999991808,0.004759662,,,581.0230795,,0
Year 1 Jul 22 1:00 PM,546.7180035,,210.4425482,0.384919733,336.2754553,,,546.7180035,,0
Year 1 Jul 22 2:00 PM,492.335994,,99.99333501,0.203099786,392.342659,,,492.335994,,0
Year 1 Jul 22 3:00 PM,561.3221491,,75.82001102,0.13507397,485.5021381,,,561.3221491,,0
Year 1 Jul 22 4:00 PM,412.6249376,,82.31510052,0.199491337,330.3098371,,,412.6249376,,0
Year 1 Jul 22 5:00 PM,252.9122513,,74.25160719,0.293586439,178.6606441,,,252.9122513,,0
Year 1 Jul 22 6:00 PM,113.8997397,,50.4217962,0.44268579,63.47794349,,,113.8997397,,0
Year 1 Jul 22 7:00 PM,34.8089761,,18.59221219,0.534121203,16.21676391,,,34.8089761,,0
Year 1 Jul 22 8:00 PM,1.319319678,,1.319319345,0.999999748,3.32808E-07,,,1.319319678,,0
Year 1 Jul 22 9:00 PM,0,,0,#DIV/0!,0,,,0,,0
Year 1 Jul 22 10:00 PM,0,,0,#DIV/0!,0,,,0,,0
Year 1 Jul 22 11:00 PM,0,,0,#DIV/0!,0,,,0,,0
Year 1 Jul 23 12:00 AM,0,,0,#DIV/0!,0,,,0,,0
Year 1 Jul 23 1:00 AM,0,,0,#DIV/0!,0,,,0,,0
Year 1 Jul 23 2:00 AM,0,,0,#DIV/0!,0,,,0,,0
Year 1 Jul 23 3:00 AM,0,,0,#DIV/0!,0,,,0,,0
Year 1 Jul 23 4:00 AM,0,,0,#DIV/0!,0,,,0,,0
Year 1 Jul 23 5:00 AM,5.653707889,,5.653693867,0.99999752,1.40224E-05,,,5.653707889,,0
Year 1 Jul 23 6:00 AM,55.83073104,,55.82993798,0.999985795,0.000793063,,,55.83073104,,0
Year 1 Jul 23 7:00 AM,179.1448099,,179.1444255,0.999997854,0.000384497,,,179.1448099,,0
Year 1 Jul 23 8:00 AM,366.2049725,,366.2049595,0.999999965,1.29822E-05,,,366.2049725,,0
Year 1 Jul 23 9:00 AM,524.8371324,,524.8322097,0.999990621,0.00492269,,,524.8371324,,0
Year 1 Jul 23 10:00 AM,611.7309769,,611.7170702,0.999977267,0.013906654,,,611.7309769,,0
Year 1 Jul 23 11:00 AM,685.6214988,,685.6153556,0.99999104,0.006143208,,,685.6214988,,0
Year 1 Jul 23 12:00 PM,819.2358681,,819.2281004,0.999990518,0.007767677,,,819.2358681,,0
Year 1 Jul 23 1:00 PM,805.2502757,,239.347671,0.297233889,565.9026047,,,805.2502757,,0
Year 1 Jul 23 2:00 PM,620.8330637,,73.30070257,0.118068297,547.5323612,,,620.8330637,,0
Year 1 Jul 23 3:00 PM,474.4680804,,89.78580187,0.189234652,384.6822785,,,474.4680804,,0
Year 1 Jul 23 4:00 PM,403.0763886,,70.32457125,0.174469587,332.7518174,,,403.0763886,,0
Year 1 Jul 23 5:00 PM,291.6771823,,60.16044976,0.206256963,231.5167326,,,291.6771823,,0
Year 1 Jul 23 6:00 PM,123.1560282,,50.24715779,0.407995926,72.9088704,,,123.1560282,,0
Year 1 Jul 23 7:00 PM,34.49773089,,20.56264724,0.596057964,13.93508364,,,34.49773089,,0
Year 1 Jul 23 8:00 PM,1.243641943,,1.243641629,0.999999748,3.13718E-07,,,1.243641943,,0
Year 1 Jul 23 9:00 PM,0,,0,#DIV/0!,0,,,0,,0
Year 1 Jul 23 10:00 PM,0,,0,#DIV/0!,0,,,0,,0
Year 1 Jul 23 11:00 PM,0,,0,#DIV/0!,0,,,0,,0
Year 1 Jul 24 12:00 AM,0,,0,#DIV/0!,0,,,0,,0
Year 1 Jul 24 1:00 AM,0,,0,#DIV/0!,0,,,0,,0
Year 1 Jul 24 2:00 AM,0,,0,#DIV/0!,0,,,0,,0
Year 1 Jul 24 3:00 AM,0,,0,#DIV/0!,0,,,0,,0
Year 1 Jul 24 4:00 AM,0,,0,#DIV/0!,0,,,0,,0
Year 1 Jul 24 5:00 AM,4.812339124,,4.812329867,0.999998076,9.25725E-06,,,4.812339124,,0
Year 1 Jul 24 6:00 AM,48.41058982,,48.41004609,0.999988768,0.000543731,,,48.41058982,,0
Year 1 Jul 24 7:00 AM,185.5254937,,185.5250699,0.999997716,0.000423808,,,185.5254937,,0
Year 1 Jul 24 8:00 AM,356.4208671,,356.4208525,0.999999959,1.45983E-05,,,356.4208671,,0
Year 1 Jul 24 9:00 AM,450.591159,,450.587355,0.999991558,0.003803929,,,450.591159,,0
Year 1 Jul 24 10:00 AM,428.4598286,,428.4520331,0.999981806,0.007795479,,,428.4598286,,0
Year 1 Jul 24 11:00 AM,539.3835423,,539.3788286,0.999991261,0.004713668,,,539.3835423,,0
Year 1 Jul 24 12:00 PM,706.5032932,,706.4967537,0.999990744,0.006539521,,,706.5032932,,0
Year 1 Jul 24 1:00 PM,599.0743281,,230.9554813,0.385520578,368.1188468,,,599.0743281,,0
Year 1 Jul 24 2:00 PM,622.3145092,,96.18023796,0.154552459,526.1342713,,,622.3145092,,0
Year 1 Jul 24 3:00 PM,621.0987312,,67.39499444,0.108509309,553.7037367,,,621.0987312,,0
Year 1 Jul 24 4:00 PM,474.7328067,,59.73161758,0.12582155,415.0011891,,,474.7328067,,0
Year 1 Jul 24 5:00 PM,314.7034388,,53.5871178,0.170278145,261.116321,,,314.7034388,,0
Year 1 Jul 24 6:00 PM,151.3145608,,36.17010832,0.239039179,115.1444525,,,151.3145608,,0
Year 1 Jul 24 7:00 PM,38.27124637,,18.71768671,0.489079622,19.55355965,,,38.27124637,,0
Year 1 Jul 24 8:00 PM,1.256582787,,1.25658247,0.999999748,3.16983E-07,,,1.256582787,,0
Year 1 Jul 24 9:00 PM,0,,0,#DIV/0!,0,,,0,,0
Year 1 Jul 24 10:00 PM,0,,0,#DIV/0!,0,,,0,,0
Year 1 Jul 24 11:00 PM,0,,0,#DIV/0!,0,,,0,,0
Year 1 Jul 25 12:00 AM,0,,0,#DIV/0!,0,,,0,,0
Year 1 Jul 25 1:00 AM,0,,0,#DIV/0!,0,,,0,,0
Year 1 Jul 25 2:00 AM,0,,0,#DIV/0!,0,,,0,,0
Year 1 Jul 25 3:00 AM,0,,0,#DIV/0!,0,,,0,,0
Year 1 Jul 25 4:00 AM,0,,0,#DIV/0!,0,,,0,,0
Year 1 Jul 25 5:00 AM,2.069356779,,2.069356228,0.999999734,5.5103E-07,,,2.069356779,,0
Year 1 Jul 25 6:00 AM,16.79278398,,16.79276601,0.99999893,1.79662E-05,,,16.79278398,,0
Year 1 Jul 25 7:00 AM,46.65082037,,46.65080394,0.999999648,1.64286E-05,,,46.65082037,,0
Year 1 Jul 25 8:00 AM,140.5167425,,140.5167229,0.99999986,1.96217E-05,,,140.5167425,,0
Year 1 Jul 25 9:00 AM,291.2608122,,291.2587486,0.999992915,0.002063594,,,291.2608122,,0
Year 1 Jul 25 10:00 AM,231.6728489,,231.6708847,0.999991521,0.001964269,,,231.6728489,,0
Year 1 Jul 25 11:00 AM,250.5304538,,250.5295555,0.999996414,0.000898303,,,250.5304538,,0
Year 1 Jul 25 12:00 PM,290.5761277,,290.5750732,0.999996371,0.001054521,,,290.5761277,,0
Year 1 Jul 25 1:00 PM,548.8792207,,163.5331071,0.297940058,385.3461136,,,548.8792207,,0
Year 1 Jul 25 2:00 PM,679.290513,,49.13142046,0.072327553,630.1590926,,,679.290513,,0
Year 1 Jul 25 3:00 PM,479.6178337,,91.12017164,0.189984953,388.497662,,,479.6178337,,0
Year 1 Jul 25 4:00 PM,527.3095743,,34.22512037,0.064905175,493.084454,,,527.3095743,,0
Year 1 Jul 25 5:00 PM,361.2406761,,27.97510875,0.077441746,333.2655673,,,361.2406761,,0
Year 1 Jul 25 6:00 PM,180.2992171,,24.52185726,0.136006454,155.7773598,,,180.2992171,,0
Year 1 Jul 25 7:00 PM,44.01328953,,18.79946751,0.427131617,25.21382202,,,44.01328953,,0
Year 1 Jul 25 8:00 PM,1.350271383,,1.350271043,0.999999748,3.40616E-07,,,1.350271383,,0
Year 1 Jul 25 9:00 PM,0,,0,#DIV/0!,0,,,0,,0
Year 1 Jul 25 10:00 PM,0,,0,#DIV/0!,0,,,0,,0
Year 1 Jul 25 11:00 PM,0,,0,#DIV/0!,0,,,0,,0
Year 1 Jul 26 12:00 AM,0,,0,#DIV/0!,0,,,0,,0
Year 1 Jul 26 1:00 AM,0,,0,#DIV/0!,0,,,0,,0
Year 1 Jul 26 2:00 AM,0,,0,#DIV/0!,0,,,0,,0
Year 1 Jul 26 3:00 AM,0,,0,#DIV/0!,0,,,0,,0
Year 1 Jul 26 4:00 AM,0,,0,#DIV/0!,0,,,0,,0
Year 1 Jul 26 5:00 AM,5.092199147,,5.092184325,0.999997089,1.48223E-05,,,5.092199147,,0
Year 1 Jul 26 6:00 AM,71.56517352,,71.56365119,0.999978728,0.001522329,,,71.56517352,,0
Year 1 Jul 26 7:00 AM,179.7161927,,179.7156648,0.999997062,0.000527944,,,179.7161927,,0
Year 1 Jul 26 8:00 AM,220.055738,,220.0557164,0.999999902,2.15117E-05,,,220.055738,,0
Year 1 Jul 26 9:00 AM,455.8610826,,455.8568577,0.999990732,0.004224877,,,455.8610826,,0
Year 1 Jul 26 10:00 AM,705.1456197,,705.1280725,0.999975116,0.017547149,,,705.1456197,,0
Year 1 Jul 26 11:00 AM,714.6994495,,714.6931823,0.999991231,0.006267169,,,714.6994495,,0
Year 1 Jul 26 12:00 PM,693.2431675,,693.2361958,0.999989943,0.006971774,,,693.2431675,,0
Year 1 Jul 26 1:00 PM,818.4824173,,215.5738013,0.263382324,602.908616,,,818.4824173,,0
Year 1 Jul 26 2:00 PM,721.0914095,,51.12994062,0.070906323,669.9614689,,,721.0914095,,0
Year 1 Jul 26 3:00 PM,606.2472803,,68.32797591,0.112706445,537.9193044,,,606.2472803,,0
Year 1 Jul 26 4:00 PM,362.6909988,,106.9768936,0.294953263,255.7141052,,,362.6909988,,0
Year 1 Jul 26 5:00 PM,213.1471624,,73.07705299,0.342847881,140.0701094,,,213.1471624,,0
Year 1 Jul 26 6:00 PM,159.7484371,,36.44245795,0.228124034,123.3059792,,,159.7484371,,0
Year 1 Jul 26 7:00 PM,44.62711321,,19.03629307,0.426563398,25.59082014,,,44.62711321,,0
Year 1 Jul 26 8:00 PM,1.328232078,,1.328231743,0.999999748,3.35057E-07,,,1.328232078,,0
Year 1 Jul 26 9:00 PM,0,,0,#DIV/0!,0,,,0,,0
Year 1 Jul 26 10:00 PM,0,,0,#DIV/0!,0,,,0,,0
Year 1 Jul 26 11:00 PM,0,,0,#DIV/0!,0,,,0,,0
Year 1 Jul 27 12:00 AM,0,,0,#DIV/0!,0,,,0,,0
Year 1 Jul 27 1:00 AM,0,,0,#DIV/0!,0,,,0,,0
Year 1 Jul 27 2:00 AM,0,,0,#DIV/0!,0,,,0,,0
Year 1 Jul 27 3:00 AM,0,,0,#DIV/0!,0,,,0,,0
Year 1 Jul 27 4:00 AM,0,,0,#DIV/0!,0,,,0,,0
Year 1 Jul 27 5:00 AM,5.159786335,,5.15977266,0.99999735,1.36742E-05,,,5.159786335,,0
Year 1 Jul 27 6:00 AM,67.55147238,,67.55014332,0.999980325,0.001329057,,,67.55147238,,0
Year 1 Jul 27 7:00 AM,218.4644656,,218.4638783,0.999997312,0.000587297,,,218.4644656,,0
Year 1 Jul 27 8:00 AM,406.7032959,,406.7032879,0.99999998,7.98692E-06,,,406.7032959,,0
Year 1 Jul 27 9:00 AM,588.2654986,,588.2596795,0.999990108,0.005819115,,,588.2654986,,0
Year 1 Jul 27 10:00 AM,736.1064513,,736.0882583,0.999975285,0.018192961,,,736.1064513,,0
Year 1 Jul 27 11:00 AM,845.3818859,,845.3739782,0.999990646,0.007907725,,,845.3818859,,0
Year 1 Jul 27 12:00 PM,895.348541,,895.3393441,0.999989728,0.00919689,,,895.348541,,0
Year 1 Jul 27 1:00 PM,878.0862529,,238.4879006,0.271599629,639.5983523,,,878.0862529,,0
Year 1 Jul 27 2:00 PM,761.3018552,,38.95724392,0.051171876,722.3446113,,,761.3018552,,0
Year 1 Jul 27 3:00 PM,627.1609218,,42.23547732,0.067343924,584.9254445,,,627.1609218,,0
Year 1 Jul 27 4:00 PM,438.5755505,,64.30868701,0.146630807,374.2668635,,,438.5755505,,0
Year 1 Jul 27 5:00 PM,286.5226403,,69.62167589,0.242988393,216.9009644,,,286.5226403,,0
Year 1 Jul 27 6:00 PM,158.0114639,,35.70497717,0.225964473,122.3064868,,,158.0114639,,0
Year 1 Jul 27 7:00 PM,33.37505332,,17.74458504,0.531672111,15.63046827,,,33.37505332,,0
Year 1 Jul 27 8:00 PM,1.138889692,,1.138889405,0.999999748,2.87294E-07,,,1.138889692,,0
Year 1 Jul 27 9:00 PM,0,,0,#DIV/0!,0,,,0,,0
Year 1 Jul 27 10:00 PM,0,,0,#DIV/0!,0,,,0,,0
Year 1 Jul 27 11:00 PM,0,,0,#DIV/0!,0,,,0,,0
Year 1 Jul 28 12:00 AM,0,,0,#DIV/0!,0,,,0,,0
Year 1 Jul 28 1:00 AM,0,,0,#DIV/0!,0,,,0,,0
Year 1 Jul 28 2:00 AM,0,,0,#DIV/0!,0,,,0,,0
Year 1 Jul 28 3:00 AM,0,,0,#DIV/0!,0,,,0,,0
Year 1 Jul 28 4:00 AM,0,,0,#DIV/0!,0,,,0,,0
Year 1 Jul 28 5:00 AM,2.163307549,,2.163306098,0.99999933,1.45024E-06,,,2.163307549,,0
Year 1 Jul 28 6:00 AM,36.23638363,,36.23593572,0.999987639,0.00044791,,,36.23638363,,0
Year 1 Jul 28 7:00 AM,184.0964224,,184.0959139,0.999997238,0.000508557,,,184.0964224,,0
Year 1 Jul 28 8:00 AM,214.0111483,,214.011125,0.999999891,2.33093E-05,,,214.0111483,,0
Year 1 Jul 28 9:00 AM,191.1284374,,191.1276704,0.999995987,0.000767017,,,191.1284374,,0
Year 1 Jul 28 10:00 AM,297.5542027,,297.5496177,0.999984591,0.004585014,,,297.5542027,,0
Year 1 Jul 28 11:00 AM,466.9173209,,466.9133398,0.999991474,0.003981071,,,466.9173209,,0
Year 1 Jul 28 12:00 PM,633.7177626,,633.712506,0.999991705,0.005256582,,,633.7177626,,0
Year 1 Jul 28 1:00 PM,610.2777766,,231.3852449,0.379147421,378.8925317,,,610.2777766,,0
Year 1 Jul 28 2:00 PM,372.4384905,,125.6420646,0.337349838,246.7964259,,,372.4384905,,0
Year 1 Jul 28 3:00 PM,473.2271171,,100.8048849,0.213015868,372.4222322,,,473.2271171,,0
Year 1 Jul 28 4:00 PM,424.2517624,,81.60716772,0.192355518,342.6445947,,,424.2517624,,0
Year 1 Jul 28 5:00 PM,302.9435722,,51.81946045,0.171053177,251.1241118,,,302.9435722,,0
Year 1 Jul 28 6:00 PM,152.8130412,,31.8601231,0.208490865,120.9529181,,,152.8130412,,0
Year 1 Jul 28 7:00 PM,38.89553025,,17.43650897,0.448290815,21.45902128,,,38.89553025,,0
Year 1 Jul 28 8:00 PM,1.108616276,,1.108615997,0.999999748,2.79657E-07,,,1.108616276,,0
Year 1 Jul 28 9:00 PM,0,,0,#DIV/0!,0,,,0,,0
Year 1 Jul 28 10:00 PM,0,,0,#DIV/0!,0,,,0,,0
Year 1 Jul 28 11:00 PM,0,,0,#DIV/0!,0,,,0,,0
Year 1 Jul 29 12:00 AM,0,,0,#DIV/0!,0,,,0,,0
Year 1 Jul 29 1:00 AM,0,,0,#DIV/0!,0,,,0,,0
Year 1 Jul 29 2:00 AM,0,,0,#DIV/0!,0,,,0,,0
Year 1 Jul 29 3:00 AM,0,,0,#DIV/0!,0,,,0,,0
Year 1 Jul 29 4:00 AM,0,,0,#DIV/0!,0,,,0,,0
Year 1 Jul 29 5:00 AM,4.381911981,,4.381901121,0.999997522,1.08599E-05,,,4.381911981,,0
Year 1 Jul 29 6:00 AM,64.14437011,,64.14312588,0.999980603,0.001244232,,,64.14437011,,0
Year 1 Jul 29 7:00 AM,223.7531253,,223.7525114,0.999997256,0.000613971,,,223.7531253,,0
Year 1 Jul 29 8:00 AM,414.7441178,,414.744111,0.999999984,6.79319E-06,,,414.7441178,,0
Year 1 Jul 29 9:00 AM,562.0982908,,562.0927401,0.999990125,0.00555071,,,562.0982908,,0
Year 1 Jul 29 10:00 AM,557.4685941,,557.4556245,0.999976735,0.012969572,,,557.4685941,,0
Year 1 Jul 29 11:00 AM,784.4734386,,784.465826,0.999990296,0.007612593,,,784.4734386,,0
Year 1 Jul 29 12:00 PM,897.9761737,,897.9670257,0.999989813,0.009148003,,,897.9761737,,0
Year 1 Jul 29 1:00 PM,896.914669,,234.9901427,0.261998327,661.9245263,,,896.914669,,0
Year 1 Jul 29 2:00 PM,832.1756211,,27.92702129,0.033559048,804.2485998,,,832.1756211,,0
Year 1 Jul 29 3:00 PM,712.4696327,,30.90144584,0.043372299,681.5681868,,,712.4696327,,0
Year 1 Jul 29 4:00 PM,557.8055963,,30.63566539,0.054921761,527.1699309,,,557.8055963,,0
Year 1 Jul 29 5:00 PM,374.9666778,,26.48757665,0.070639815,348.4791011,,,374.9666778,,0
Year 1 Jul 29 6:00 PM,183.0583436,,22.24948361,0.121543128,160.8088599,,,183.0583436,,0
Year 1 Jul 29 7:00 PM,41.70002395,,13.78044435,0.330466101,27.91957961,,,41.70002395,,0
Year 1 Jul 29 8:00 PM,0,,0,#DIV/0!,0,,,0,,0
Year 1 Jul 29 9:00 PM,0,,0,#DIV/0!,0,,,0,,0
Year 1 Jul 29 10:00 PM,0,,0,#DIV/0!,0,,,0,,0
Year 1 Jul 29 11:00 PM,0,,0,#DIV/0!,0,,,0,,0
Year 1 Jul 30 12:00 AM,0,,0,#DIV/0!,0,,,0,,0
Year 1 Jul 30 1:00 AM,0,,0,#DIV/0!,0,,,0,,0
Year 1 Jul 30 2:00 AM,0,,0,#DIV/0!,0,,,0,,0
Year 1 Jul 30 3:00 AM,0,,0,#DIV/0!,0,,,0,,0
Year 1 Jul 30 4:00 AM,0,,0,#DIV/0!,0,,,0,,0
Year 1 Jul 30 5:00 AM,2.690450858,,2.690447622,0.999998797,3.23645E-06,,,2.690450858,,0
Year 1 Jul 30 6:00 AM,28.72283156,,28.72265915,0.999993998,0.000172409,,,28.72283156,,0
Year 1 Jul 30 7:00 AM,104.2769294,,104.276769,0.999998461,0.000160445,,,104.2769294,,0
Year 1 Jul 30 8:00 AM,194.9386327,,194.9386092,0.99999988,2.34608E-05,,,194.9386327,,0
Year 1 Jul 30 9:00 AM,300.7681125,,300.7661886,0.999993603,0.001923949,,,300.7681125,,0
Year 1 Jul 30 10:00 AM,532.0341058,,532.0226776,0.99997852,0.011428246,,,532.0341058,,0
Year 1 Jul 30 11:00 AM,711.6913404,,711.6849842,0.999991069,0.00635616,,,711.6913404,,0
Year 1 Jul 30 12:00 PM,753.3125792,,753.3051698,0.999990164,0.007409379,,,753.3125792,,0
Year 1 Jul 30 1:00 PM,675.2537631,,220.9801301,0.327254941,454.273633,,,675.2537631,,0
Year 1 Jul 30 2:00 PM,602.4371715,,114.3988863,0.189893472,488.0382852,,,602.4371715,,0
Year 1 Jul 30 3:00 PM,568.7587167,,68.03390263,0.119618215,500.7248141,,,568.7587167,,0
Year 1 Jul 30 4:00 PM,349.18217,,85.82019906,0.24577486,263.361971,,,349.18217,,0
Year 1 Jul 30 5:00 PM,187.6101603,,63.92713648,0.340744533,123.6830238,,,187.6101603,,0
Year 1 Jul 30 6:00 PM,93.99879609,,43.48587612,0.462621628,50.51291997,,,93.99879609,,0
Year 1 Jul 30 7:00 PM,31.6849152,,16.80666941,0.530431257,14.8782458,,,31.6849152,,0
Year 1 Jul 30 8:00 PM,0,,0,#DIV/0!,0,,,0,,0
Year 1 Jul 30 9:00 PM,0,,0,#DIV/0!,0,,,0,,0
Year 1 Jul 30 10:00 PM,0,,0,#DIV/0!,0,,,0,,0
Year 1 Jul 30 11:00 PM,0,,0,#DIV/0!,0,,,0,,0
Year 1 Jul 31 12:00 AM,0,,0,#DIV/0!,0,,,0,,0
Year 1 Jul 31 1:00 AM,0,,0,#DIV/0!,0,,,0,,0
Year 1 Jul 31 2:00 AM,0,,0,#DIV/0!,0,,,0,,0
Year 1 Jul 31 3:00 AM,0,,0,#DIV/0!,0,,,0,,0
Year 1 Jul 31 4:00 AM,0,,0,#DIV/0!,0,,,0,,0
Year 1 Jul 31 5:00 AM,2.551270804,,2.551268279,0.99999901,2.5255E-06,,,2.551270804,,0
Year 1 Jul 31 6:00 AM,31.57392205,,31.5737049,0.999993123,0.000217146,,,31.57392205,,0
Year 1 Jul 31 7:00 AM,151.9385151,,151.9382536,0.999998279,0.000261503,,,151.9385151,,0
Year 1 Jul 31 8:00 AM,335.4557485,,335.4557325,0.999999952,1.59412E-05,,,335.4557485,,0
Year 1 Jul 31 9:00 AM,516.3096966,,516.3049822,0.999990869,0.004714399,,,516.3096966,,0
Year 1 Jul 31 10:00 AM,671.0458656,,671.0302293,0.999976699,0.015636263,,,671.0458656,,0
Year 1 Jul 31 11:00 AM,783.01794,,783.010866,0.999990966,0.007073943,,,783.01794,,0
Year 1 Jul 31 12:00 PM,833.0382752,,833.0300112,0.99999008,0.008264036,,,833.0382752,,0
Year 1 Jul 31 1:00 PM,765.0683955,,252.9139354,0.330576896,512.1544601,,,765.0683955,,0
Year 1 Jul 31 2:00 PM,542.7936568,,127.6376963,0.235149572,415.1559605,,,542.7936568,,0
Year 1 Jul 31 3:00 PM,413.0312239,,147.5379379,0.357207711,265.493286,,,413.0312239,,0
Year 1 Jul 31 4:00 PM,237.4525545,,128.76587,0.542280416,108.6866846,,,237.4525545,,0
Year 1 Jul 31 5:00 PM,138.9413144,,100.6910391,0.724701933,38.25027525,,,138.9413144,,0
Year 1 Jul 31 6:00 PM,68.28009269,,56.2872204,0.824357703,11.99287229,,,68.28009269,,0
Year 1 Jul 31 7:00 PM,16.76067008,,16.0174543,0.955657156,0.743215785,,,16.76067008,,0
Year 1 Jul 31 8:00 PM,0,,0,#DIV/0!,0,,,0,,0
Year 1 Jul 31 9:00 PM,0,,0,#DIV/0!,0,,,0,,0
Year 1 Jul 31 10:00 PM,0,,0,#DIV/0!,0,,,0,,0
Year 1 Jul 31 11:00 PM,0,,0,#DIV/0!,0,,,0,,0
Year 1 Aug 01 12:00 AM,0,,0,#DIV/0!,0,,,0,,0
Year 1 Aug 01 1:00 AM,0,,0,#DIV/0!,0,,,0,,0
Year 1 Aug 01 2:00 AM,0,,0,#DIV/0!,0,,,0,,0
Year 1 Aug 01 3:00 AM,0,,0,#DIV/0!,0,,,0,,0
Year 1 Aug 01 4:00 AM,0,,0,#DIV/0!,0,,,0,,0
Year 1 Aug 01 5:00 AM,2.337789865,,2.337787523,0.999998998,2.34212E-06,,,2.337789865,,0
Year 1 Aug 01 6:00 AM,35.96970858,,35.96931151,0.999988961,0.000397069,,,35.96970858,,0
Year 1 Aug 01 7:00 AM,154.4669424,,154.4666015,0.999997793,0.000340833,,,154.4669424,,0
Year 1 Aug 01 8:00 AM,235.111059,,235.1110389,0.999999915,2.00747E-05,,,235.111059,,0
Year 1 Aug 01 9:00 AM,368.2316915,,368.228414,0.999991099,0.003277483,,,368.2316915,,0
Year 1 Aug 01 10:00 AM,703.4725469,,703.4550627,0.999975146,0.017484167,,,703.4725469,,0
Year 1 Aug 01 11:00 AM,842.130438,,842.1226272,0.999990725,0.007810787,,,842.130438,,0
Year 1 Aug 01 12:00 PM,888.0546346,,888.0455666,0.999989789,0.00906804,,,888.0546346,,0
Year 1 Aug 01 1:00 PM,810.7191612,,227.6822321,0.280839831,583.0369291,,,810.7191612,,0
Year 1 Aug 01 2:00 PM,584.1333585,,39.54852493,0.067704616,544.5848336,,,584.1333585,,0
Year 1 Aug 01 3:00 PM,594.6013293,,28.66486519,0.048208545,565.9364641,,,594.6013293,,0
Year 1 Aug 01 4:00 PM,549.0115648,,29.09314513,0.052991862,519.9184196,,,549.0115648,,0
Year 1 Aug 01 5:00 PM,375.2134657,,24.15882253,0.064386875,351.0546431,,,375.2134657,,0
Year 1 Aug 01 6:00 PM,186.0905926,,19.81441273,0.10647724,166.2761798,,,186.0905926,,0
Year 1 Aug 01 7:00 PM,44.37283897,,12.3260327,0.277783279,32.04680628,,,44.37283897,,0
Year 1 Aug 01 8:00 PM,0,,0,#DIV/0!,0,,,0,,0
Year 1 Aug 01 9:00 PM,0,,0,#DIV/0!,0,,,0,,0
Year 1 Aug 01 10:00 PM,0,,0,#DIV/0!,0,,,0,,0
Year 1 Aug 01 11:00 PM,0,,0,#DIV/0!,0,,,0,,0
Year 1 Aug 02 12:00 AM,0,,0,#DIV/0!,0,,,0,,0
Year 1 Aug 02 1:00 AM,0,,0,#DIV/0!,0,,,0,,0
Year 1 Aug 02 2:00 AM,0,,0,#DIV/0!,0,,,0,,0
Year 1 Aug 02 3:00 AM,0,,0,#DIV/0!,0,,,0,,0
Year 1 Aug 02 4:00 AM,0,,0,#DIV/0!,0,,,0,,0
Year 1 Aug 02 5:00 AM,2.749676144,,2.749675775,0.999999866,3.69468E-07,,,2.749676144,,0
Year 1 Aug 02 6:00 AM,64.5959071,,64.59460204,0.999979797,0.001305056,,,64.5959071,,0
Year 1 Aug 02 7:00 AM,221.5286077,,221.528,0.999997257,0.000607709,,,221.5286077,,0
Year 1 Aug 02 8:00 AM,413.3524024,,413.3523955,0.999999983,6.93435E-06,,,413.3524024,,0
Year 1 Aug 02 9:00 AM,592.3388867,,592.3330031,0.999990067,0.00588361,,,592.3388867,,0
Year 1 Aug 02 10:00 AM,739.883536,,739.8652247,0.999975251,0.018311219,,,739.883536,,0
Year 1 Aug 02 11:00 AM,843.5347197,,843.5268267,0.999990643,0.007893031,,,843.5347197,,0
Year 1 Aug 02 12:00 PM,897.4430667,,897.433857,0.999989738,0.00920972,,,897.4430667,,0
Year 1 Aug 02 1:00 PM,893.6212181,,235.0509603,0.263031982,658.5702578,,,893.6212181,,0
Year 1 Aug 02 2:00 PM,827.9902257,,28.82646103,0.034814977,799.1637647,,,827.9902257,,0
Year 1 Aug 02 3:00 PM,709.2418457,,31.70002226,0.044695646,677.5418235,,,709.2418457,,0
Year 1 Aug 02 4:00 PM,551.0421949,,30.31945544,0.055022021,520.7227394,,,551.0421949,,0
Year 1 Aug 02 5:00 PM,366.1938308,,26.87487169,0.073389745,339.3189591,,,366.1938308,,0
Year 1 Aug 02 6:00 PM,176.6710166,,22.2627287,0.126012343,154.4082879,,,176.6710166,,0
Year 1 Aug 02 7:00 PM,40.3126806,,13.46501799,0.334014454,26.84766261,,,40.3126806,,0
Year 1 Aug 02 8:00 PM,0,,0,#DIV/0!,0,,,0,,0
Year 1 Aug 02 9:00 PM,0,,0,#DIV/0!,0,,,0,,0
Year 1 Aug 02 10:00 PM,0,,0,#DIV/0!,0,,,0,,0
Year 1 Aug 02 11:00 PM,0,,0,#DIV/0!,0,,,0,,0
Year 1 Aug 03 12:00 AM,0,,0,#DIV/0!,0,,,0,,0
Year 1 Aug 03 1:00 AM,0,,0,#DIV/0!,0,,,0,,0
Year 1 Aug 03 2:00 AM,0,,0,#DIV/0!,0,,,0,,0
Year 1 Aug 03 3:00 AM,0,,0,#DIV/0!,0,,,0,,0
Year 1 Aug 03 4:00 AM,0,,0,#DIV/0!,0,,,0,,0
Year 1 Aug 03 5:00 AM,2.698096235,,2.698095809,0.999999842,4.25982E-07,,,2.698096235,,0
Year 1 Aug 03 6:00 AM,53.22499388,,53.22416156,0.999984362,0.000832323,,,53.22499388,,0
Year 1 Aug 03 7:00 AM,178.6453373,,178.6449494,0.999997829,0.000387883,,,178.6453373,,0
Year 1 Aug 03 8:00 AM,361.744922,,361.7449098,0.999999966,1.22841E-05,,,361.744922,,0
Year 1 Aug 03 9:00 AM,486.1562251,,486.1517743,0.999990845,0.004450838,,,486.1562251,,0
Year 1 Aug 03 10:00 AM,618.8945076,,618.8799994,0.999976558,0.014508169,,,618.8945076,,0
Year 1 Aug 03 11:00 AM,697.0660386,,697.0600028,0.999991341,0.006035738,,,697.0660386,,0
Year 1 Aug 03 12:00 PM,727.7862072,,727.7792522,0.999990444,0.006955042,,,727.7862072,,0
Year 1 Aug 03 1:00 PM,781.7626109,,237.592012,0.303918362,544.1705989,,,781.7626109,,0
Year 1 Aug 03 2:00 PM,737.1265334,,68.19657674,0.092516785,668.9299567,,,737.1265334,,0
Year 1 Aug 03 3:00 PM,564.9544984,,70.33507637,0.124496887,494.619422,,,564.9544984,,0
Year 1 Aug 03 4:00 PM,453.5063257,,67.22708649,0.148238476,386.2792392,,,453.5063257,,0
Year 1 Aug 03 5:00 PM,284.3515397,,67.23505352,0.236450464,217.1164862,,,284.3515397,,0
Year 1 Aug 03 6:00 PM,138.2144195,,42.47418965,0.307306501,95.74022989,,,138.2144195,,0
Year 1 Aug 03 7:00 PM,30.43543435,,17.01567092,0.559074358,13.41976344,,,30.43543435,,0
Year 1 Aug 03 8:00 PM,0,,0,#DIV/0!,0,,,0,,0
Year 1 Aug 03 9:00 PM,0,,0,#DIV/0!,0,,,0,,0
Year 1 Aug 03 10:00 PM,0,,0,#DIV/0!,0,,,0,,0
Year 1 Aug 03 11:00 PM,0,,0,#DIV/0!,0,,,0,,0
Year 1 Aug 04 12:00 AM,0,,0,#DIV/0!,0,,,0,,0
Year 1 Aug 04 1:00 AM,0,,0,#DIV/0!,0,,,0,,0
Year 1 Aug 04 2:00 AM,0,,0,#DIV/0!,0,,,0,,0
Year 1 Aug 04 3:00 AM,0,,0,#DIV/0!,0,,,0,,0
Year 1 Aug 04 4:00 AM,0,,0,#DIV/0!,0,,,0,,0
Year 1 Aug 04 5:00 AM,1.460814747,,1.460814409,0.999999769,3.37509E-07,,,1.460814747,,0
Year 1 Aug 04 6:00 AM,22.30821797,,22.3081848,0.999998513,3.31708E-05,,,22.30821797,,0
Year 1 Aug 04 7:00 AM,52.47055579,,52.47052758,0.999999462,2.82062E-05,,,52.47055579,,0
Year 1 Aug 04 8:00 AM,66.06100701,,66.06099162,0.999999767,1.53913E-05,,,66.06100701,,0
Year 1 Aug 04 9:00 AM,133.8078684,,133.8076333,0.999998243,0.000235156,,,133.8078684,,0
Year 1 Aug 04 10:00 AM,187.3057177,,187.3047185,0.999994665,0.000999269,,,187.3057177,,0
Year 1 Aug 04 11:00 AM,226.0335026,,226.0329384,0.999997504,0.000564192,,,226.0335026,,0
Year 1 Aug 04 12:00 PM,360.1821575,,360.1809209,0.999996567,0.001236628,,,360.1821575,,0
Year 1 Aug 04 1:00 PM,751.2269106,,207.4751321,0.276181709,543.7517786,,,751.2269106,,0
Year 1 Aug 04 2:00 PM,688.2286632,,53.59358284,0.077871768,634.6350803,,,688.2286632,,0
Year 1 Aug 04 3:00 PM,489.3713982,,60.06204394,0.122733049,429.3093543,,,489.3713982,,0
Year 1 Aug 04 4:00 PM,454.291202,,59.43221959,0.13082406,394.8589824,,,454.291202,,0
Year 1 Aug 04 5:00 PM,272.7486466,,55.44872828,0.203296071,217.2999183,,,272.7486466,,0
Year 1 Aug 04 6:00 PM,117.9938733,,39.6954071,0.336419222,78.29846625,,,117.9938733,,0
Year 1 Aug 04 7:00 PM,28.29647474,,14.81159995,0.523443294,13.48487479,,,28.29647474,,0
Year 1 Aug 04 8:00 PM,0,,0,#DIV/0!,0,,,0,,0
Year 1 Aug 04 9:00 PM,0,,0,#DIV/0!,0,,,0,,0
Year 1 Aug 04 10:00 PM,0,,0,#DIV/0!,0,,,0,,0
Year 1 Aug 04 11:00 PM,0,,0,#DIV/0!,0,,,0,,0
Year 1 Aug 05 12:00 AM,0,,0,#DIV/0!,0,,,0,,0
Year 1 Aug 05 1:00 AM,0,,0,#DIV/0!,0,,,0,,0
Year 1 Aug 05 2:00 AM,0,,0,#DIV/0!,0,,,0,,0
Year 1 Aug 05 3:00 AM,0,,0,#DIV/0!,0,,,0,,0
Year 1 Aug 05 4:00 AM,0,,0,#DIV/0!,0,,,0,,0
Year 1 Aug 05 5:00 AM,1.521086598,,1.521086254,0.999999774,3.43913E-07,,,1.521086598,,0
Year 1 Aug 05 6:00 AM,24.10666399,,24.10661661,0.999998034,4.73846E-05,,,24.10666399,,0
Year 1 Aug 05 7:00 AM,74.90172505,,74.90168114,0.999999414,4.39087E-05,,,74.90172505,,0
Year 1 Aug 05 8:00 AM,155.4324038,,155.4323863,0.999999887,1.74958E-05,,,155.4324038,,0
Year 1 Aug 05 9:00 AM,272.4646764,,272.4625332,0.999992134,0.002143201,,,272.4646764,,0
Year 1 Aug 05 10:00 AM,677.928739,,677.9115636,0.999974665,0.01717539,,,677.928739,,0
Year 1 Aug 05 11:00 AM,671.5710431,,671.5648018,0.999990706,0.006241341,,,671.5710431,,0
Year 1 Aug 05 12:00 PM,798.5332728,,798.5250736,0.999989732,0.008199219,,,798.5332728,,0
Year 1 Aug 05 1:00 PM,378.3104908,,206.3112056,0.545348888,171.9992852,,,378.3104908,,0
Year 1 Aug 05 2:00 PM,272.8215537,,108.9130057,0.399209682,163.908548,,,272.8215537,,0
Year 1 Aug 05 3:00 PM,535.7500284,,55.14634055,0.102932968,480.6036878,,,535.7500284,,0
Year 1 Aug 05 4:00 PM,467.474043,,40.18140742,0.085954307,427.2926356,,,467.474043,,0
Year 1 Aug 05 5:00 PM,355.3179288,,20.87778865,0.05875805,334.4401402,,,355.3179288,,0
Year 1 Aug 05 6:00 PM,191.7054081,,15.37891587,0.080221607,176.3264922,,,191.7054081,,0
Year 1 Aug 05 7:00 PM,44.98628667,,9.469977663,0.210508098,35.51630901,,,44.98628667,,0
Year 1 Aug 05 8:00 PM,0,,0,#DIV/0!,0,,,0,,0
Year 1 Aug 05 9:00 PM,0,,0,#DIV/0!,0,,,0,,0
Year 1 Aug 05 10:00 PM,0,,0,#DIV/0!,0,,,0,,0
Year 1 Aug 05 11:00 PM,0,,0,#DIV/0!,0,,,0,,0
Year 1 Aug 06 12:00 AM,0,,0,#DIV/0!,0,,,0,,0
Year 1 Aug 06 1:00 AM,0,,0,#DIV/0!,0,,,0,,0
Year 1 Aug 06 2:00 AM,0,,0,#DIV/0!,0,,,0,,0
Year 1 Aug 06 3:00 AM,0,,0,#DIV/0!,0,,,0,,0
Year 1 Aug 06 4:00 AM,0,,0,#DIV/0!,0,,,0,,0
Year 1 Aug 06 5:00 AM,2.550252385,,2.550252069,0.999999876,3.16121E-07,,,2.550252385,,0
Year 1 Aug 06 6:00 AM,67.25361304,,67.25215873,0.999978376,0.001454308,,,67.25361304,,0
Year 1 Aug 06 7:00 AM,230.8753446,,230.8746891,0.999997161,0.000655511,,,230.8753446,,0
Year 1 Aug 06 8:00 AM,379.9580452,,379.9580377,0.99999998,7.4392E-06,,,379.9580452,,0
Year 1 Aug 06 9:00 AM,271.4893744,,271.4874224,0.99999281,0.001952008,,,271.4893744,,0
Year 1 Aug 06 10:00 AM,180.0948813,,180.0935516,0.999992617,0.001329654,,,180.0948813,,0
Year 1 Aug 06 11:00 AM,129.8182793,,129.8180724,0.999998406,0.000206954,,,129.8182793,,0
Year 1 Aug 06 12:00 PM,160.7452497,,160.7449548,0.999998166,0.000294829,,,160.7452497,,0
Year 1 Aug 06 1:00 PM,273.2830853,,171.9786442,0.62930585,101.3044411,,,273.2830853,,0
Year 1 Aug 06 2:00 PM,365.3136764,,122.6151042,0.335643345,242.6985723,,,365.3136764,,0
Year 1 Aug 06 3:00 PM,203.6513075,,110.2725785,0.54147739,93.37872898,,,203.6513075,,0
Year 1 Aug 06 4:00 PM,150.8678258,,120.4498185,0.79837976,30.41800728,,,150.8678258,,0
Year 1 Aug 06 5:00 PM,108.7331467,,76.09091474,0.699795021,32.64223198,,,108.7331467,,0
Year 1 Aug 06 6:00 PM,117.2551845,,42.66339434,0.363850814,74.59179012,,,117.2551845,,0
Year 1 Aug 06 7:00 PM,34.36580016,,14.03175259,0.408305714,20.33404757,,,34.36580016,,0
Year 1 Aug 06 8:00 PM,0,,0,#DIV/0!,0,,,0,,0
Year 1 Aug 06 9:00 PM,0,,0,#DIV/0!,0,,,0,,0
Year 1 Aug 06 10:00 PM,0,,0,#DIV/0!,0,,,0,,0
Year 1 Aug 06 11:00 PM,0,,0,#DIV/0!,0,,,0,,0
Year 1 Aug 07 12:00 AM,0,,0,#DIV/0!,0,,,0,,0
Year 1 Aug 07 1:00 AM,0,,0,#DIV/0!,0,,,0,,0
Year 1 Aug 07 2:00 AM,0,,0,#DIV/0!,0,,,0,,0
Year 1 Aug 07 3:00 AM,0,,0,#DIV/0!,0,,,0,,0
Year 1 Aug 07 4:00 AM,0,,0,#DIV/0!,0,,,0,,0
Year 1 Aug 07 5:00 AM,2.478076661,,2.478076364,0.99999988,2.9706E-07,,,2.478076661,,0
Year 1 Aug 07 6:00 AM,69.32761053,,69.3260935,0.999978118,0.001517028,,,69.32761053,,0
Year 1 Aug 07 7:00 AM,240.6936998,,240.6930088,0.999997129,0.000690945,,,240.6936998,,0
Year 1 Aug 07 8:00 AM,416.1475907,,416.1475833,0.999999982,7.40337E-06,,,416.1475907,,0
Year 1 Aug 07 9:00 AM,583.4421622,,583.4363375,0.999990017,0.005824702,,,583.4421622,,0
Year 1 Aug 07 10:00 AM,712.4275293,,712.4098814,0.999975228,0.017647938,,,712.4275293,,0
Year 1 Aug 07 11:00 AM,751.4162207,,751.4097983,0.999991453,0.006422439,,,751.4162207,,0
Year 1 Aug 07 12:00 PM,582.1916682,,582.1856054,0.999989586,0.006062822,,,582.1916682,,0
Year 1 Aug 07 1:00 PM,511.6390983,,162.2673324,0.317151939,349.371766,,,511.6390983,,0
Year 1 Aug 07 2:00 PM,784.984703,,45.97350854,0.05856612,739.0111944,,,784.984703,,0
Year 1 Aug 07 3:00 PM,663.3603899,,35.32900701,0.053257637,628.0313829,,,663.3603899,,0
Year 1 Aug 07 4:00 PM,511.2287258,,40.13929436,0.078515334,471.0894315,,,511.2287258,,0
Year 1 Aug 07 5:00 PM,278.2520217,,55.01939438,0.197732236,223.2326273,,,278.2520217,,0
Year 1 Aug 07 6:00 PM,167.6389884,,24.19575465,0.144332502,143.4432337,,,167.6389884,,0
Year 1 Aug 07 7:00 PM,36.88782294,,9.251482563,0.250800449,27.63634037,,,36.88782294,,0
Year 1 Aug 07 8:00 PM,0,,0,#DIV/0!,0,,,0,,0
Year 1 Aug 07 9:00 PM,0,,0,#DIV/0!,0,,,0,,0
Year 1 Aug 07 10:00 PM,0,,0,#DIV/0!,0,,,0,,0
Year 1 Aug 07 11:00 PM,0,,0,#DIV/0!,0,,,0,,0
Year 1 Aug 08 12:00 AM,0,,0,#DIV/0!,0,,,0,,0
Year 1 Aug 08 1:00 AM,0,,0,#DIV/0!,0,,,0,,0
Year 1 Aug 08 2:00 AM,0,,0,#DIV/0!,0,,,0,,0
Year 1 Aug 08 3:00 AM,0,,0,#DIV/0!,0,,,0,,0
Year 1 Aug 08 4:00 AM,0,,0,#DIV/0!,0,,,0,,0
Year 1 Aug 08 5:00 AM,2.326385859,,2.326385525,0.999999856,3.34171E-07,,,2.326385859,,0
Year 1 Aug 08 6:00 AM,58.12514265,,58.12399586,0.99998027,0.001146785,,,58.12514265,,0
Year 1 Aug 08 7:00 AM,216.5990907,,216.5985046,0.999997294,0.000586161,,,216.5990907,,0
Year 1 Aug 08 8:00 AM,413.0893557,,413.0893487,0.999999983,6.99939E-06,,,413.0893557,,0
Year 1 Aug 08 9:00 AM,592.8724823,,592.8665836,0.999990051,0.005898687,,,592.8724823,,0
Year 1 Aug 08 10:00 AM,673.3536126,,673.337331,0.99997582,0.016281625,,,673.3536126,,0
Year 1 Aug 08 11:00 AM,630.0472071,,630.0418932,0.999991566,0.005313839,,,630.0472071,,0
Year 1 Aug 08 12:00 PM,770.3562437,,770.3491282,0.999990763,0.007115489,,,770.3562437,,0
Year 1 Aug 08 1:00 PM,735.5308846,,231.5738662,0.314839079,503.9570184,,,735.5308846,,0
Year 1 Aug 08 2:00 PM,442.8441968,,100.443329,0.226814148,342.4008677,,,442.8441968,,0
Year 1 Aug 08 3:00 PM,340.5327996,,130.7878826,0.384068386,209.744917,,,340.5327996,,0
Year 1 Aug 08 4:00 PM,276.4528239,,99.82316248,0.361085704,176.6296614,,,276.4528239,,0
Year 1 Aug 08 5:00 PM,186.3319212,,80.83925432,0.43384544,105.4926669,,,186.3319212,,0
Year 1 Aug 08 6:00 PM,92.75771126,,52.60281247,0.567099077,40.15489879,,,92.75771126,,0
Year 1 Aug 08 7:00 PM,11.50071979,,9.523247093,0.828056615,1.977472694,,,11.50071979,,0
Year 1 Aug 08 8:00 PM,0,,0,#DIV/0!,0,,,0,,0
Year 1 Aug 08 9:00 PM,0,,0,#DIV/0!,0,,,0,,0
Year 1 Aug 08 10:00 PM,0,,0,#DIV/0!,0,,,0,,0
Year 1 Aug 08 11:00 PM,0,,0,#DIV/0!,0,,,0,,0
Year 1 Aug 09 12:00 AM,0,,0,#DIV/0!,0,,,0,,0
Year 1 Aug 09 1:00 AM,0,,0,#DIV/0!,0,,,0,,0
Year 1 Aug 09 2:00 AM,0,,0,#DIV/0!,0,,,0,,0
Year 1 Aug 09 3:00 AM,0,,0,#DIV/0!,0,,,0,,0
Year 1 Aug 09 4:00 AM,0,,0,#DIV/0!,0,,,0,,0
Year 1 Aug 09 5:00 AM,1.443966929,,1.443966565,0.999999748,3.64252E-07,,,1.443966929,,0
Year 1 Aug 09 6:00 AM,44.83701251,,44.83693679,0.999998311,7.57173E-05,,,44.83701251,,0
Year 1 Aug 09 7:00 AM,182.9817122,,182.9812994,0.999997744,0.000412814,,,182.9817122,,0
Year 1 Aug 09 8:00 AM,334.8339802,,334.8328411,0.999996598,0.001139076,,,334.8339802,,0
Year 1 Aug 09 9:00 AM,562.5394679,,562.5355918,0.99999311,0.003876108,,,562.5394679,,0
Year 1 Aug 09 10:00 AM,712.4098536,,712.4098449,0.999999988,8.73723E-06,,,712.4098536,,0
Year 1 Aug 09 11:00 AM,770.9264612,,770.9242956,0.999997191,0.002165572,,,770.9264612,,0
Year 1 Aug 09 12:00 PM,739.7202544,,739.7026453,0.999976195,0.017609089,,,739.7202544,,0
Year 1 Aug 09 1:00 PM,388.7579865,,183.6493883,0.472400297,205.1085982,,,388.7579865,,0
Year 1 Aug 09 2:00 PM,398.3794333,,132.594665,0.332835116,265.7847683,,,398.3794333,,0
Year 1 Aug 09 3:00 PM,363.4430656,,137.1908197,0.377475409,226.2522459,,,363.4430656,,0
Year 1 Aug 09 4:00 PM,266.4771668,,76.22640594,0.286052298,190.2507609,,,266.4771668,,0
Year 1 Aug 09 5:00 PM,138.019894,,73.19476791,0.530320418,64.82512609,,,138.019894,,0
Year 1 Aug 09 6:00 PM,72.01707666,,38.55896385,0.535414177,33.45811282,,,72.01707666,,0
Year 1 Aug 09 7:00 PM,12.49712569,,10.5474618,0.843991015,1.94966389,,,12.49712569,,0
Year 1 Aug 09 8:00 PM,0,,0,#DIV/0!,0,,,0,,0
Year 1 Aug 09 9:00 PM,0,,0,#DIV/0!,0,,,0,,0
Year 1 Aug 09 10:00 PM,0,,0,#DIV/0!,0,,,0,,0
Year 1 Aug 09 11:00 PM,0,,0,#DIV/0!,0,,,0,,0
Year 1 Aug 10 12:00 AM,0,,0,#DIV/0!,0,,,0,,0
Year 1 Aug 10 1:00 AM,0,,0,#DIV/0!,0,,,0,,0
Year 1 Aug 10 2:00 AM,0,,0,#DIV/0!,0,,,0,,0
Year 1 Aug 10 3:00 AM,0,,0,#DIV/0!,0,,,0,,0
Year 1 Aug 10 4:00 AM,0,,0,#DIV/0!,0,,,0,,0
Year 1 Aug 10 5:00 AM,1.39191497,,1.391914618,0.999999748,3.51121E-07,,,1.39191497,,0
Year 1 Aug 10 6:00 AM,36.2871033,,36.28707196,0.999999136,3.1341E-05,,,36.2871033,,0
Year 1 Aug 10 7:00 AM,150.5257847,,150.5255179,0.999998227,0.000266832,,,150.5257847,,0
Year 1 Aug 10 8:00 AM,325.6870318,,325.685918,0.99999658,0.001113836,,,325.6870318,,0
Year 1 Aug 10 9:00 AM,499.3670351,,499.3638385,0.999993599,0.003196659,,,499.3670351,,0
Year 1 Aug 10 10:00 AM,609.9147451,,609.9147271,0.999999971,1.79862E-05,,,609.9147451,,0
Year 1 Aug 10 11:00 AM,713.0282701,,713.0263504,0.999997308,0.001919727,,,713.0282701,,0
Year 1 Aug 10 12:00 PM,748.2495937,,748.2340085,0.999979171,0.015585129,,,748.2495937,,0
Year 1 Aug 10 1:00 PM,701.6784066,,199.1333801,0.283795793,502.5450265,,,701.6784066,,0
Year 1 Aug 10 2:00 PM,630.9101513,,93.652899,0.148440945,537.2572523,,,630.9101513,,0
Year 1 Aug 10 3:00 PM,393.4846094,,110.3226883,0.280373579,283.1619211,,,393.4846094,,0
Year 1 Aug 10 4:00 PM,136.5772274,,66.93777853,0.490109367,69.63944891,,,136.5772274,,0
Year 1 Aug 10 5:00 PM,53.56716013,,47.86064933,0.893469977,5.7065108,,,53.56716013,,0
Year 1 Aug 10 6:00 PM,22.2200758,,22.12539717,0.99573905,0.094678631,,,22.2200758,,0
Year 1 Aug 10 7:00 PM,12.15781392,,11.7630909,0.967533388,0.394723025,,,12.15781392,,0
Year 1 Aug 10 8:00 PM,0,,0,#DIV/0!,0,,,0,,0
Year 1 Aug 10 9:00 PM,0,,0,#DIV/0!,0,,,0,,0
Year 1 Aug 10 10:00 PM,0,,0,#DIV/0!,0,,,0,,0
Year 1 Aug 10 11:00 PM,0,,0,#DIV/0!,0,,,0,,0
Year 1 Aug 11 12:00 AM,0,,0,#DIV/0!,0,,,0,,0
Year 1 Aug 11 1:00 AM,0,,0,#DIV/0!,0,,,0,,0
Year 1 Aug 11 2:00 AM,0,,0,#DIV/0!,0,,,0,,0
Year 1 Aug 11 3:00 AM,0,,0,#DIV/0!,0,,,0,,0
Year 1 Aug 11 4:00 AM,0,,0,#DIV/0!,0,,,0,,0
Year 1 Aug 11 5:00 AM,1.119916309,,1.119916027,0.999999748,2.82507E-07,,,1.119916309,,0
Year 1 Aug 11 6:00 AM,41.94663397,,41.94654939,0.999997984,8.4579E-05,,,41.94663397,,0
Year 1 Aug 11 7:00 AM,188.0447236,,188.044301,0.999997753,0.000422551,,,188.0447236,,0
Year 1 Aug 11 8:00 AM,379.4135875,,379.4121379,0.999996179,0.001449652,,,379.4135875,,0
Year 1 Aug 11 9:00 AM,511.4948823,,511.4914564,0.999993302,0.00342585,,,511.4948823,,0
Year 1 Aug 11 10:00 AM,663.5977872,,663.5977786,0.999999987,8.53081E-06,,,663.5977872,,0
Year 1 Aug 11 11:00 AM,651.1986336,,651.1969242,0.999997375,0.001709431,,,651.1986336,,0
Year 1 Aug 11 12:00 PM,486.3092621,,486.2987803,0.999978446,0.010481794,,,486.3092621,,0
Year 1 Aug 11 1:00 PM,171.2576519,,107.7162039,0.628971627,63.54144791,,,171.2576519,,0
Year 1 Aug 11 2:00 PM,190.5285564,,103.6989413,0.544269811,86.82961508,,,190.5285564,,0
Year 1 Aug 11 3:00 PM,399.4259239,,77.97934294,0.195228547,321.4465809,,,399.4259239,,0
Year 1 Aug 11 4:00 PM,424.0753904,,43.5482434,0.102689862,380.527147,,,424.0753904,,0
Year 1 Aug 11 5:00 PM,300.9883235,,23.24063131,0.077214395,277.7476922,,,300.9883235,,0
Year 1 Aug 11 6:00 PM,132.6310971,,18.97226902,0.143045405,113.6588281,,,132.6310971,,0
Year 1 Aug 11 7:00 PM,21.82113667,,8.806957576,0.403597563,13.01417909,,,21.82113667,,0
Year 1 Aug 11 8:00 PM,0,,0,#DIV/0!,0,,,0,,0
Year 1 Aug 11 9:00 PM,0,,0,#DIV/0!,0,,,0,,0
Year 1 Aug 11 10:00 PM,0,,0,#DIV/0!,0,,,0,,0
Year 1 Aug 11 11:00 PM,0,,0,#DIV/0!,0,,,0,,0
Year 1 Aug 12 12:00 AM,0,,0,#DIV/0!,0,,,0,,0
Year 1 Aug 12 1:00 AM,0,,0,#DIV/0!,0,,,0,,0
Year 1 Aug 12 2:00 AM,0,,0,#DIV/0!,0,,,0,,0
Year 1 Aug 12 3:00 AM,0,,0,#DIV/0!,0,,,0,,0
Year 1 Aug 12 4:00 AM,0,,0,#DIV/0!,0,,,0,,0
Year 1 Aug 12 5:00 AM,0,,0,#DIV/0!,0,,,0,,0
Year 1 Aug 12 6:00 AM,28.73512058,,28.73510676,0.999999519,1.38205E-05,,,28.73512058,,0
Year 1 Aug 12 7:00 AM,133.4871336,,133.4869168,0.999998375,0.000216871,,,133.4871336,,0
Year 1 Aug 12 8:00 AM,297.4325704,,297.431616,0.999996791,0.000954422,,,297.4325704,,0
Year 1 Aug 12 9:00 AM,475.3358427,,475.332862,0.999993729,0.002980694,,,475.3358427,,0
Year 1 Aug 12 10:00 AM,623.483884,,623.483866,0.999999971,1.80516E-05,,,623.483884,,0
Year 1 Aug 12 11:00 AM,697.8985474,,697.8967162,0.999997376,0.001831202,,,697.8985474,,0
Year 1 Aug 12 12:00 PM,704.1332393,,704.11901,0.999979792,0.014229303,,,704.1332393,,0
Year 1 Aug 12 1:00 PM,641.4056443,,217.8648352,0.339667786,423.5408091,,,641.4056443,,0
Year 1 Aug 12 2:00 PM,413.7463081,,146.7208166,0.35461541,267.0254915,,,413.7463081,,0
Year 1 Aug 12 3:00 PM,320.0805156,,110.6809773,0.345791049,209.3995383,,,320.0805156,,0
Year 1 Aug 12 4:00 PM,267.4418916,,103.6029207,0.387384789,163.8389708,,,267.4418916,,0
Year 1 Aug 12 5:00 PM,138.6894476,,86.58377902,0.624299689,52.10566858,,,138.6894476,,0
Year 1 Aug 12 6:00 PM,47.46457117,,42.35709835,0.892393996,5.107472818,,,47.46457117,,0
Year 1 Aug 12 7:00 PM,14.71671208,,13.57809032,0.922630697,1.138621763,,,14.71671208,,0
Year 1 Aug 12 8:00 PM,0,,0,#DIV/0!,0,,,0,,0
Year 1 Aug 12 9:00 PM,0,,0,#DIV/0!,0,,,0,,0
Year 1 Aug 12 10:00 PM,0,,0,#DIV/0!,0,,,0,,0
Year 1 Aug 12 11:00 PM,0,,0,#DIV/0!,0,,,0,,0
Year 1 Aug 13 12:00 AM,0,,0,#DIV/0!,0,,,0,,0
Year 1 Aug 13 1:00 AM,0,,0,#DIV/0!,0,,,0,,0
Year 1 Aug 13 2:00 AM,0,,0,#DIV/0!,0,,,0,,0
Year 1 Aug 13 3:00 AM,0,,0,#DIV/0!,0,,,0,,0
Year 1 Aug 13 4:00 AM,0,,0,#DIV/0!,0,,,0,,0
Year 1 Aug 13 5:00 AM,0,,0,#DIV/0!,0,,,0,,0
Year 1 Aug 13 6:00 AM,37.5709071,,37.5708611,0.999998776,4.60055E-05,,,37.5709071,,0
Year 1 Aug 13 7:00 AM,169.0391144,,169.0387687,0.999997955,0.000345704,,,169.0391144,,0
Year 1 Aug 13 8:00 AM,352.6933779,,352.6920954,0.999996364,0.001282478,,,352.6933779,,0
Year 1 Aug 13 9:00 AM,534.774064,,534.7704499,0.999993242,0.003614064,,,534.774064,,0
Year 1 Aug 13 10:00 AM,691.1797835,,691.1797749,0.999999987,8.65028E-06,,,691.1797835,,0
Year 1 Aug 13 11:00 AM,794.1640374,,794.1618215,0.99999721,0.002215826,,,794.1640374,,0
Year 1 Aug 13 12:00 PM,820.4201349,,820.402093,0.999978009,0.018041925,,,820.4201349,,0
Year 1 Aug 13 1:00 PM,715.914455,,194.0898132,0.271107549,521.8246418,,,715.914455,,0
Year 1 Aug 13 2:00 PM,651.987309,,68.26804026,0.104707621,583.7192688,,,651.987309,,0
Year 1 Aug 13 3:00 PM,483.4862954,,70.65362868,0.146133674,412.8326667,,,483.4862954,,0
Year 1 Aug 13 4:00 PM,389.278557,,72.52005423,0.186293473,316.7585028,,,389.278557,,0
Year 1 Aug 13 5:00 PM,211.6678217,,75.10949836,0.354846087,136.5583233,,,211.6678217,,0
Year 1 Aug 13 6:00 PM,40.63724444,,30.36796931,0.747294009,10.26927513,,,40.63724444,,0
Year 1 Aug 13 7:00 PM,8.038134486,,7.967509334,0.991213738,0.070625152,,,8.038134486,,0
Year 1 Aug 13 8:00 PM,0,,0,#DIV/0!,0,,,0,,0
Year 1 Aug 13 9:00 PM,0,,0,#DIV/0!,0,,,0,,0
Year 1 Aug 13 10:00 PM,0,,0,#DIV/0!,0,,,0,,0
Year 1 Aug 13 11:00 PM,0,,0,#DIV/0!,0,,,0,,0
Year 1 Aug 14 12:00 AM,0,,0,#DIV/0!,0,,,0,,0
Year 1 Aug 14 1:00 AM,0,,0,#DIV/0!,0,,,0,,0
Year 1 Aug 14 2:00 AM,0,,0,#DIV/0!,0,,,0,,0
Year 1 Aug 14 3:00 AM,0,,0,#DIV/0!,0,,,0,,0
Year 1 Aug 14 4:00 AM,0,,0,#DIV/0!,0,,,0,,0
Year 1 Aug 14 5:00 AM,0,,0,#DIV/0!,0,,,0,,0
Year 1 Aug 14 6:00 AM,18.66267018,,18.66266352,0.999999643,6.66358E-06,,,18.66267018,,0
Year 1 Aug 14 7:00 AM,54.37574544,,54.37572298,0.999999587,2.24642E-05,,,54.37574544,,0
Year 1 Aug 14 8:00 AM,106.7978491,,106.7977613,0.999999178,8.77376E-05,,,106.7978491,,0
Year 1 Aug 14 9:00 AM,156.661421,,156.6610795,0.99999782,0.000341467,,,156.661421,,0
Year 1 Aug 14 10:00 AM,262.6290641,,262.6290363,0.999999894,2.77939E-05,,,262.6290641,,0
Year 1 Aug 14 11:00 AM,329.6557104,,329.6550969,0.999998139,0.000613522,,,329.6557104,,0
Year 1 Aug 14 12:00 PM,262.7846202,,262.7804941,0.999984298,0.004126158,,,262.7846202,,0
Year 1 Aug 14 1:00 PM,217.660238,,174.2664684,0.800635293,43.39376957,,,217.660238,,0
Year 1 Aug 14 2:00 PM,243.7179022,,139.1851835,0.571091341,104.5327187,,,243.7179022,,0
Year 1 Aug 14 3:00 PM,111.0430557,,96.11115053,0.865530491,14.93190515,,,111.0430557,,0
Year 1 Aug 14 4:00 PM,135.5692311,,111.1484036,0.819864528,24.42082748,,,135.5692311,,0
Year 1 Aug 14 5:00 PM,84.07251777,,73.93045764,0.879365334,10.14206013,,,84.07251777,,0
Year 1 Aug 14 6:00 PM,26.49602037,,25.83837905,0.975179619,0.657641311,,,26.49602037,,0
Year 1 Aug 14 7:00 PM,6.82528905,,6.809399989,0.997672031,0.015889061,,,6.82528905,,0
Year 1 Aug 14 8:00 PM,0,,0,#DIV/0!,0,,,0,,0
Year 1 Aug 14 9:00 PM,0,,0,#DIV/0!,0,,,0,,0
Year 1 Aug 14 10:00 PM,0,,0,#DIV/0!,0,,,0,,0
Year 1 Aug 14 11:00 PM,0,,0,#DIV/0!,0,,,0,,0
Year 1 Aug 15 12:00 AM,0,,0,#DIV/0!,0,,,0,,0
Year 1 Aug 15 1:00 AM,0,,0,#DIV/0!,0,,,0,,0
Year 1 Aug 15 2:00 AM,0,,0,#DIV/0!,0,,,0,,0
Year 1 Aug 15 3:00 AM,0,,0,#DIV/0!,0,,,0,,0
Year 1 Aug 15 4:00 AM,0,,0,#DIV/0!,0,,,0,,0
Year 1 Aug 15 5:00 AM,0,,0,#DIV/0!,0,,,0,,0
Year 1 Aug 15 6:00 AM,16.17903001,,16.17902493,0.999999686,5.07532E-06,,,16.17903001,,0
Year 1 Aug 15 7:00 AM,54.20420203,,54.20416,0.999999225,4.20281E-05,,,54.20420203,,0
Year 1 Aug 15 8:00 AM,158.1676765,,158.1673626,0.999998015,0.000313963,,,158.1676765,,0
Year 1 Aug 15 9:00 AM,307.5242614,,307.5227436,0.999995064,0.001517792,,,307.5242614,,0
Year 1 Aug 15 10:00 AM,321.7019699,,321.7019415,0.999999912,2.83996E-05,,,321.7019699,,0
Year 1 Aug 15 11:00 AM,440.1591927,,440.1581659,0.999997667,0.001026787,,,440.1591927,,0
Year 1 Aug 15 12:00 PM,342.4985887,,342.4927451,0.999982938,0.00584362,,,342.4985887,,0
Year 1 Aug 15 1:00 PM,228.7394283,,139.5198319,0.609950951,89.21959645,,,228.7394283,,0
Year 1 Aug 15 2:00 PM,343.9836418,,106.2743187,0.308951664,237.7093231,,,343.9836418,,0
Year 1 Aug 15 3:00 PM,217.0031031,,141.6167123,0.652602245,75.38639081,,,217.0031031,,0
Year 1 Aug 15 4:00 PM,176.6868094,,98.07571625,0.555082276,78.61109314,,,176.6868094,,0
Year 1 Aug 15 5:00 PM,171.9029813,,83.0346435,0.483032015,88.86833785,,,171.9029813,,0
Year 1 Aug 15 6:00 PM,59.0799569,,43.62300688,0.738372355,15.45695002,,,59.0799569,,0
Year 1 Aug 15 7:00 PM,6.630438894,,6.341773041,0.956463538,0.288665853,,,6.630438894,,0
Year 1 Aug 15 8:00 PM,0,,0,#DIV/0!,0,,,0,,0
Year 1 Aug 15 9:00 PM,0,,0,#DIV/0!,0,,,0,,0
Year 1 Aug 15 10:00 PM,0,,0,#DIV/0!,0,,,0,,0
Year 1 Aug 15 11:00 PM,0,,0,#DIV/0!,0,,,0,,0
Year 1 Aug 16 12:00 AM,0,,0,#DIV/0!,0,,,0,,0
Year 1 Aug 16 1:00 AM,0,,0,#DIV/0!,0,,,0,,0
Year 1 Aug 16 2:00 AM,0,,0,#DIV/0!,0,,,0,,0
Year 1 Aug 16 3:00 AM,0,,0,#DIV/0!,0,,,0,,0
Year 1 Aug 16 4:00 AM,0,,0,#DIV/0!,0,,,0,,0
Year 1 Aug 16 5:00 AM,0,,0,#DIV/0!,0,,,0,,0
Year 1 Aug 16 6:00 AM,21.80423229,,21.80421293,0.999999112,1.93629E-05,,,21.80423229,,0
Year 1 Aug 16 7:00 AM,61.27122377,,61.27117337,0.999999177,5.03966E-05,,,61.27122377,,0
Year 1 Aug 16 8:00 AM,134.4324934,,134.43232,0.99999871,0.000173428,,,134.4324934,,0
Year 1 Aug 16 9:00 AM,244.7566856,,244.7554707,0.999995036,0.001214907,,,244.7566856,,0
Year 1 Aug 16 10:00 AM,467.6502912,,467.6502705,0.999999956,2.07601E-05,,,467.6502912,,0
Year 1 Aug 16 11:00 AM,598.6723113,,598.6707107,0.999997326,0.001600652,,,598.6723113,,0
Year 1 Aug 16 12:00 PM,648.3291491,,648.3164092,0.99998035,0.012739969,,,648.3291491,,0
Year 1 Aug 16 1:00 PM,697.4504217,,185.4513733,0.265899005,511.9990484,,,697.4504217,,0
Year 1 Aug 16 2:00 PM,660.2234966,,52.91185622,0.08014234,607.3116404,,,660.2234966,,0
Year 1 Aug 16 3:00 PM,614.3811035,,36.14761192,0.058835813,578.2334916,,,614.3811035,,0
Year 1 Aug 16 4:00 PM,470.0078145,,30.89088537,0.065724195,439.1169291,,,470.0078145,,0
Year 1 Aug 16 5:00 PM,299.6858051,,28.75921562,0.095964557,270.9265895,,,299.6858051,,0
Year 1 Aug 16 6:00 PM,127.3631386,,20.23097695,0.158844837,107.1321616,,,127.3631386,,0
Year 1 Aug 16 7:00 PM,18.06554939,,7.276226579,0.402768077,10.78932281,,,18.06554939,,0
Year 1 Aug 16 8:00 PM,0,,0,#DIV/0!,0,,,0,,0
Year 1 Aug 16 9:00 PM,0,,0,#DIV/0!,0,,,0,,0
Year 1 Aug 16 10:00 PM,0,,0,#DIV/0!,0,,,0,,0
Year 1 Aug 16 11:00 PM,0,,0,#DIV/0!,0,,,0,,0
Year 1 Aug 17 12:00 AM,0,,0,#DIV/0!,0,,,0,,0
Year 1 Aug 17 1:00 AM,0,,0,#DIV/0!,0,,,0,,0
Year 1 Aug 17 2:00 AM,0,,0,#DIV/0!,0,,,0,,0
Year 1 Aug 17 3:00 AM,0,,0,#DIV/0!,0,,,0,,0
Year 1 Aug 17 4:00 AM,0,,0,#DIV/0!,0,,,0,,0
Year 1 Aug 17 5:00 AM,0,,0,#DIV/0!,0,,,0,,0
Year 1 Aug 17 6:00 AM,23.78855945,,23.7885401,0.999999186,1.93548E-05,,,23.78855945,,0
Year 1 Aug 17 7:00 AM,93.80833137,,93.80822571,0.999998874,0.000105652,,,93.80833137,,0
Year 1 Aug 17 8:00 AM,280.513489,,280.5125577,0.99999668,0.00093133,,,280.513489,,0
Year 1 Aug 17 9:00 AM,417.695655,,417.6932873,0.999994332,0.002367668,,,417.695655,,0
Year 1 Aug 17 10:00 AM,593.9969726,,593.9969512,0.999999964,2.14306E-05,,,593.9969726,,0
Year 1 Aug 17 11:00 AM,680.7522571,,680.7504636,0.999997365,0.001793486,,,680.7522571,,0
Year 1 Aug 17 12:00 PM,757.2806928,,757.2653277,0.99997971,0.015365137,,,757.2806928,,0
Year 1 Aug 17 1:00 PM,731.2704577,,204.2620659,0.279324925,527.0083919,,,731.2704577,,0
Year 1 Aug 17 2:00 PM,679.2865491,,82.16759472,0.12096161,597.1189543,,,679.2865491,,0
Year 1 Aug 17 3:00 PM,576.3628151,,69.43578433,0.120472353,506.9270308,,,576.3628151,,0
Year 1 Aug 17 4:00 PM,420.5018848,,64.22223622,0.152727582,356.2796486,,,420.5018848,,0
Year 1 Aug 17 5:00 PM,238.7922695,,56.42806256,0.236306069,182.3642069,,,238.7922695,,0
Year 1 Aug 17 6:00 PM,89.3003633,,37.11480061,0.415617577,52.18556269,,,89.3003633,,0
Year 1 Aug 17 7:00 PM,14.33996202,,10.61116643,0.739971725,3.728795587,,,14.33996202,,0
Year 1 Aug 17 8:00 PM,0,,0,#DIV/0!,0,,,0,,0
Year 1 Aug 17 9:00 PM,0,,0,#DIV/0!,0,,,0,,0
Year 1 Aug 17 10:00 PM,0,,0,#DIV/0!,0,,,0,,0
Year 1 Aug 17 11:00 PM,0,,0,#DIV/0!,0,,,0,,0
Year 1 Aug 18 12:00 AM,0,,0,#DIV/0!,0,,,0,,0
Year 1 Aug 18 1:00 AM,0,,0,#DIV/0!,0,,,0,,0
Year 1 Aug 18 2:00 AM,0,,0,#DIV/0!,0,,,0,,0
Year 1 Aug 18 3:00 AM,0,,0,#DIV/0!,0,,,0,,0
Year 1 Aug 18 4:00 AM,0,,0,#DIV/0!,0,,,0,,0
Year 1 Aug 18 5:00 AM,0,,0,#DIV/0!,0,,,0,,0
Year 1 Aug 18 6:00 AM,44.16653308,,44.16643266,0.999997726,0.00010042,,,44.16653308,,0
Year 1 Aug 18 7:00 AM,198.1257839,,198.1253343,0.999997731,0.000449625,,,198.1257839,,0
Year 1 Aug 18 8:00 AM,386.0547573,,386.0532874,0.999996192,0.001469949,,,386.0547573,,0
Year 1 Aug 18 9:00 AM,533.8588521,,533.8552302,0.999993216,0.003621898,,,533.8588521,,0
Year 1 Aug 18 10:00 AM,669.2421706,,669.2421643,0.99999999,6.37397E-06,,,669.2421706,,0
Year 1 Aug 18 11:00 AM,785.2630391,,785.2607975,0.999997145,0.002241621,,,785.2630391,,0
Year 1 Aug 18 12:00 PM,828.0368164,,828.0186306,0.999978037,0.018185847,,,828.0368164,,0
Year 1 Aug 18 1:00 PM,809.8219848,,181.1885216,0.223738704,628.6334631,,,809.8219848,,0
Year 1 Aug 18 2:00 PM,747.4397803,,28.43896968,0.03804851,719.0008106,,,747.4397803,,0
Year 1 Aug 18 3:00 PM,650.7377902,,29.28666282,0.045005321,621.4511273,,,650.7377902,,0
Year 1 Aug 18 4:00 PM,512.1758871,,22.10933641,0.043167468,490.0665507,,,512.1758871,,0
Year 1 Aug 18 5:00 PM,329.2600426,,19.2904434,0.058587259,309.9695992,,,329.2600426,,0
Year 1 Aug 18 6:00 PM,141.4274667,,14.62461965,0.103407209,126.802847,,,141.4274667,,0
Year 1 Aug 18 7:00 PM,18.72982719,,6.183279142,0.330130069,12.54654805,,,18.72982719,,0
Year 1 Aug 18 8:00 PM,0,,0,#DIV/0!,0,,,0,,0
Year 1 Aug 18 9:00 PM,0,,0,#DIV/0!,0,,,0,,0
Year 1 Aug 18 10:00 PM,0,,0,#DIV/0!,0,,,0,,0
Year 1 Aug 18 11:00 PM,0,,0,#DIV/0!,0,,,0,,0
Year 1 Aug 19 12:00 AM,0,,0,#DIV/0!,0,,,0,,0
Year 1 Aug 19 1:00 AM,0,,0,#DIV/0!,0,,,0,,0
Year 1 Aug 19 2:00 AM,0,,0,#DIV/0!,0,,,0,,0
Year 1 Aug 19 3:00 AM,0,,0,#DIV/0!,0,,,0,,0
Year 1 Aug 19 4:00 AM,0,,0,#DIV/0!,0,,,0,,0
Year 1 Aug 19 5:00 AM,0,,0,#DIV/0!,0,,,0,,0
Year 1 Aug 19 6:00 AM,33.65023638,,33.65019716,0.999998834,3.92213E-05,,,33.65023638,,0
Year 1 Aug 19 7:00 AM,162.5170199,,162.5166895,0.999997967,0.000330438,,,162.5170199,,0
Year 1 Aug 19 8:00 AM,349.8543264,,349.8530489,0.999996348,0.00127751,,,349.8543264,,0
Year 1 Aug 19 9:00 AM,526.0956817,,526.0921321,0.999993253,0.003549585,,,526.0956817,,0
Year 1 Aug 19 10:00 AM,631.5625465,,631.5625365,0.999999984,9.98149E-06,,,631.5625465,,0
Year 1 Aug 19 11:00 AM,700.6451679,,700.6433083,0.999997346,0.001859638,,,700.6451679,,0
Year 1 Aug 19 12:00 PM,729.0411367,,729.025111,0.999978018,0.016025728,,,729.0411367,,0
Year 1 Aug 19 1:00 PM,572.5124412,,203.0571148,0.354677209,369.4553264,,,572.5124412,,0
Year 1 Aug 19 2:00 PM,522.1504947,,96.24801173,0.184330021,425.902483,,,522.1504947,,0
Year 1 Aug 19 3:00 PM,372.6709451,,102.0002369,0.273700535,270.6707081,,,372.6709451,,0
Year 1 Aug 19 4:00 PM,255.41664,,98.46123943,0.385492658,156.9554005,,,255.41664,,0
Year 1 Aug 19 5:00 PM,135.6660554,,75.40319101,0.555799981,60.26286443,,,135.6660554,,0
Year 1 Aug 19 6:00 PM,55.86793318,,38.07556971,0.68152816,17.79236347,,,55.86793318,,0
Year 1 Aug 19 7:00 PM,10.49758562,,8.852854604,0.843322925,1.644731013,,,10.49758562,,0
Year 1 Aug 19 8:00 PM,0,,0,#DIV/0!,0,,,0,,0
Year 1 Aug 19 9:00 PM,0,,0,#DIV/0!,0,,,0,,0
Year 1 Aug 19 10:00 PM,0,,0,#DIV/0!,0,,,0,,0
Year 1 Aug 19 11:00 PM,0,,0,#DIV/0!,0,,,0,,0
Year 1 Aug 20 12:00 AM,0,,0,#DIV/0!,0,,,0,,0
Year 1 Aug 20 1:00 AM,0,,0,#DIV/0!,0,,,0,,0
Year 1 Aug 20 2:00 AM,0,,0,#DIV/0!,0,,,0,,0
Year 1 Aug 20 3:00 AM,0,,0,#DIV/0!,0,,,0,,0
Year 1 Aug 20 4:00 AM,0,,0,#DIV/0!,0,,,0,,0
Year 1 Aug 20 5:00 AM,0,,0,#DIV/0!,0,,,0,,0
Year 1 Aug 20 6:00 AM,20.63128296,,20.63127065,0.999999403,1.2307E-05,,,20.63128296,,0
Year 1 Aug 20 7:00 AM,71.56759137,,71.56751242,0.999998897,7.89493E-05,,,71.56759137,,0
Year 1 Aug 20 8:00 AM,115.5107919,,115.5106847,0.999999072,0.000107163,,,115.5107919,,0
Year 1 Aug 20 9:00 AM,243.505668,,243.5047745,0.999996331,0.000893495,,,243.505668,,0
Year 1 Aug 20 10:00 AM,362.2445788,,362.2445488,0.999999917,2.99537E-05,,,362.2445788,,0
Year 1 Aug 20 11:00 AM,608.3552294,,608.3536274,0.999997367,0.001601978,,,608.3552294,,0
Year 1 Aug 20 12:00 PM,547.79342,,547.7837969,0.999982433,0.009623104,,,547.79342,,0
Year 1 Aug 20 1:00 PM,635.9604746,,198.488855,0.312108791,437.4716197,,,635.9604746,,0
Year 1 Aug 20 2:00 PM,437.8807358,,134.7405648,0.307710648,303.140171,,,437.8807358,,0
Year 1 Aug 20 3:00 PM,419.829728,,105.4552346,0.251185725,314.3744934,,,419.829728,,0
Year 1 Aug 20 4:00 PM,276.0456921,,98.61209318,0.357231053,177.4335989,,,276.0456921,,0
Year 1 Aug 20 5:00 PM,168.0902736,,71.12595895,0.423141431,96.96431464,,,168.0902736,,0
Year 1 Aug 20 6:00 PM,64.14798128,,37.55050132,0.585373079,26.59747995,,,64.14798128,,0
Year 1 Aug 20 7:00 PM,10.40282975,,8.35956481,0.80358566,2.043264941,,,10.40282975,,0
Year 1 Aug 20 8:00 PM,0,,0,#DIV/0!,0,,,0,,0
Year 1 Aug 20 9:00 PM,0,,0,#DIV/0!,0,,,0,,0
Year 1 Aug 20 10:00 PM,0,,0,#DIV/0!,0,,,0,,0
Year 1 Aug 20 11:00 PM,0,,0,#DIV/0!,0,,,0,,0
Year 1 Aug 21 12:00 AM,0,,0,#DIV/0!,0,,,0,,0
Year 1 Aug 21 1:00 AM,0,,0,#DIV/0!,0,,,0,,0
Year 1 Aug 21 2:00 AM,0,,0,#DIV/0!,0,,,0,,0
Year 1 Aug 21 3:00 AM,0,,0,#DIV/0!,0,,,0,,0
Year 1 Aug 21 4:00 AM,0,,0,#DIV/0!,0,,,0,,0
Year 1 Aug 21 5:00 AM,0,,0,#DIV/0!,0,,,0,,0
Year 1 Aug 21 6:00 AM,28.8138991,,28.81387116,0.99999903,2.79429E-05,,,28.8138991,,0
Year 1 Aug 21 7:00 AM,143.2275011,,143.2272294,0.999998103,0.000271675,,,143.2275011,,0
Year 1 Aug 21 8:00 AM,312.3418013,,312.3407354,0.999996587,0.001065939,,,312.3418013,,0
Year 1 Aug 21 9:00 AM,480.2812085,,480.2780936,0.999993514,0.003114866,,,480.2812085,,0
Year 1 Aug 21 10:00 AM,628.323545,,628.3235324,0.99999998,1.25827E-05,,,628.323545,,0
Year 1 Aug 21 11:00 AM,747.4080138,,747.4059153,0.999997192,0.002098465,,,747.4080138,,0
Year 1 Aug 21 12:00 PM,812.5703429,,812.5528531,0.999978476,0.01748976,,,812.5703429,,0
Year 1 Aug 21 1:00 PM,759.3595742,,191.7360965,0.252497108,567.6234777,,,759.3595742,,0
Year 1 Aug 21 2:00 PM,509.7223826,,78.73771798,0.154471769,430.9846646,,,509.7223826,,0
Year 1 Aug 21 3:00 PM,391.7737328,,81.0430956,0.206861994,310.7306372,,,391.7737328,,0
Year 1 Aug 21 4:00 PM,376.3262516,,61.71785396,0.164000927,314.6083976,,,376.3262516,,0
Year 1 Aug 21 5:00 PM,156.756761,,59.44047887,0.379189251,97.31628215,,,156.756761,,0
Year 1 Aug 21 6:00 PM,59.2685259,,34.14858105,0.576167207,25.11994485,,,59.2685259,,0
Year 1 Aug 21 7:00 PM,8.448904106,,7.169699223,0.848595171,1.279204883,,,8.448904106,,0
Year 1 Aug 21 8:00 PM,0,,0,#DIV/0!,0,,,0,,0
Year 1 Aug 21 9:00 PM,0,,0,#DIV/0!,0,,,0,,0
Year 1 Aug 21 10:00 PM,0,,0,#DIV/0!,0,,,0,,0
Year 1 Aug 21 11:00 PM,0,,0,#DIV/0!,0,,,0,,0
Year 1 Aug 22 12:00 AM,0,,0,#DIV/0!,0,,,0,,0
Year 1 Aug 22 1:00 AM,0,,0,#DIV/0!,0,,,0,,0
Year 1 Aug 22 2:00 AM,0,,0,#DIV/0!,0,,,0,,0
Year 1 Aug 22 3:00 AM,0,,0,#DIV/0!,0,,,0,,0
Year 1 Aug 22 4:00 AM,0,,0,#DIV/0!,0,,,0,,0
Year 1 Aug 22 5:00 AM,0,,0,#DIV/0!,0,,,0,,0
Year 1 Aug 22 6:00 AM,6.222012067,,6.222009966,0.999999662,2.10059E-06,,,6.222012067,,0
Year 1 Aug 22 7:00 AM,32.03346849,,32.0334488,0.999999386,1.9682E-05,,,32.03346849,,0
Year 1 Aug 22 8:00 AM,65.54433994,,65.54429984,0.999999388,4.01022E-05,,,65.54433994,,0
Year 1 Aug 22 9:00 AM,135.1910851,,135.1908877,0.99999854,0.00019738,,,135.1910851,,0
Year 1 Aug 22 10:00 AM,194.8753317,,194.875293,0.999999801,3.87153E-05,,,194.8753317,,0
Year 1 Aug 22 11:00 AM,208.3890186,,208.3888443,0.999999164,0.00017425,,,208.3890186,,0
Year 1 Aug 22 12:00 PM,261.2135716,,261.2119754,0.99999389,0.001596124,,,261.2135716,,0
Year 1 Aug 22 1:00 PM,245.3536432,,178.4279174,0.727227503,66.92572584,,,245.3536432,,0
Year 1 Aug 22 2:00 PM,319.1371707,,107.5293577,0.336937742,211.607813,,,319.1371707,,0
Year 1 Aug 22 3:00 PM,512.2700254,,66.28517184,0.129394984,445.9848536,,,512.2700254,,0
Year 1 Aug 22 4:00 PM,358.2311902,,52.48236036,0.146504162,305.7488298,,,358.2311902,,0
Year 1 Aug 22 5:00 PM,240.0731875,,36.18473881,0.150723782,203.8884487,,,240.0731875,,0
Year 1 Aug 22 6:00 PM,87.85378756,,25.774199,0.293376071,62.07958855,,,87.85378756,,0
Year 1 Aug 22 7:00 PM,11.0776252,,6.101727784,0.550815511,4.975897419,,,11.0776252,,0
Year 1 Aug 22 8:00 PM,0,,0,#DIV/0!,0,,,0,,0
Year 1 Aug 22 9:00 PM,0,,0,#DIV/0!,0,,,0,,0
Year 1 Aug 22 10:00 PM,0,,0,#DIV/0!,0,,,0,,0
Year 1 Aug 22 11:00 PM,0,,0,#DIV/0!,0,,,0,,0
Year 1 Aug 23 12:00 AM,0,,0,#DIV/0!,0,,,0,,0
Year 1 Aug 23 1:00 AM,0,,0,#DIV/0!,0,,,0,,0
Year 1 Aug 23 2:00 AM,0,,0,#DIV/0!,0,,,0,,0
Year 1 Aug 23 3:00 AM,0,,0,#DIV/0!,0,,,0,,0
Year 1 Aug 23 4:00 AM,0,,0,#DIV/0!,0,,,0,,0
Year 1 Aug 23 5:00 AM,0,,0,#DIV/0!,0,,,0,,0
Year 1 Aug 23 6:00 AM,11.56393421,,11.56392999,0.999999635,4.21605E-06,,,11.56393421,,0
Year 1 Aug 23 7:00 AM,37.77147494,,37.7714595,0.999999591,1.54395E-05,,,37.77147494,,0
Year 1 Aug 23 8:00 AM,94.01252115,,94.01244497,0.99999919,7.61783E-05,,,94.01252115,,0
Year 1 Aug 23 9:00 AM,119.254344,,119.2541874,0.999998686,0.000156643,,,119.254344,,0
Year 1 Aug 23 10:00 AM,103.8023205,,103.8022973,0.999999777,2.31872E-05,,,103.8023205,,0
Year 1 Aug 23 11:00 AM,138.1988685,,138.1987813,0.999999369,8.72514E-05,,,138.1988685,,0
Year 1 Aug 23 12:00 PM,146.6726395,,146.6722188,0.999997132,0.000420727,,,146.6726395,,0
Year 1 Aug 23 1:00 PM,225.6312234,,182.5735448,0.809167907,43.05767859,,,225.6312234,,0
Year 1 Aug 23 2:00 PM,213.7673639,,166.2290974,0.777616818,47.53826657,,,213.7673639,,0
Year 1 Aug 23 3:00 PM,194.1620995,,138.0825344,0.711171412,56.07956512,,,194.1620995,,0
Year 1 Aug 23 4:00 PM,170.302119,,81.02778889,0.475788495,89.27433011,,,170.302119,,0
Year 1 Aug 23 5:00 PM,84.14173727,,65.48091954,0.778221625,18.66081773,,,84.14173727,,0
Year 1 Aug 23 6:00 PM,42.91039677,,37.80254112,0.880964614,5.107855647,,,42.91039677,,0
Year 1 Aug 23 7:00 PM,7.779706588,,6.90188439,0.887165128,0.877822198,,,7.779706588,,0
Year 1 Aug 23 8:00 PM,0,,0,#DIV/0!,0,,,0,,0
Year 1 Aug 23 9:00 PM,0,,0,#DIV/0!,0,,,0,,0
Year 1 Aug 23 10:00 PM,0,,0,#DIV/0!,0,,,0,,0
Year 1 Aug 23 11:00 PM,0,,0,#DIV/0!,0,,,0,,0
Year 1 Aug 24 12:00 AM,0,,0,#DIV/0!,0,,,0,,0
Year 1 Aug 24 1:00 AM,0,,0,#DIV/0!,0,,,0,,0
Year 1 Aug 24 2:00 AM,0,,0,#DIV/0!,0,,,0,,0
Year 1 Aug 24 3:00 AM,0,,0,#DIV/0!,0,,,0,,0
Year 1 Aug 24 4:00 AM,0,,0,#DIV/0!,0,,,0,,0
Year 1 Aug 24 5:00 AM,0,,0,#DIV/0!,0,,,0,,0
Year 1 Aug 24 6:00 AM,11.86904099,,11.86903808,0.999999755,2.9068E-06,,,11.86904099,,0
Year 1 Aug 24 7:00 AM,46.81430279,,46.81428293,0.999999576,1.98594E-05,,,46.81430279,,0
Year 1 Aug 24 8:00 AM,98.58962011,,98.58953997,0.999999187,8.01366E-05,,,98.58962011,,0
Year 1 Aug 24 9:00 AM,167.0847631,,167.0844542,0.999998151,0.000308866,,,167.0847631,,0
Year 1 Aug 24 10:00 AM,227.8145009,,227.8144659,0.999999846,3.50325E-05,,,227.8145009,,0
Year 1 Aug 24 11:00 AM,409.56094,,409.5599598,0.999997607,0.000980273,,,409.56094,,0
Year 1 Aug 24 12:00 PM,484.8107908,,484.8027834,0.999983484,0.00800737,,,484.8107908,,0
Year 1 Aug 24 1:00 PM,564.0251337,,186.9058904,0.331378655,377.1192433,,,564.0251337,,0
Year 1 Aug 24 2:00 PM,473.4557212,,111.8438702,0.236228786,361.6118509,,,473.4557212,,0
Year 1 Aug 24 3:00 PM,420.1561534,,96.92800432,0.230695192,323.228149,,,420.1561534,,0
Year 1 Aug 24 4:00 PM,386.3139267,,57.53117291,0.148923373,328.7827537,,,386.3139267,,0
Year 1 Aug 24 5:00 PM,276.0541498,,31.45077947,0.113929747,244.6033703,,,276.0541498,,0
Year 1 Aug 24 6:00 PM,105.6793218,,21.65266715,0.204890292,84.02665467,,,105.6793218,,0
Year 1 Aug 24 7:00 PM,11.24290348,,5.795657358,0.515494718,5.447246125,,,11.24290348,,0
Year 1 Aug 24 8:00 PM,0,,0,#DIV/0!,0,,,0,,0
Year 1 Aug 24 9:00 PM,0,,0,#DIV/0!,0,,,0,,0
Year 1 Aug 24 10:00 PM,0,,0,#DIV/0!,0,,,0,,0
Year 1 Aug 24 11:00 PM,0,,0,#DIV/0!,0,,,0,,0
Year 1 Aug 25 12:00 AM,0,,0,#DIV/0!,0,,,0,,0
Year 1 Aug 25 1:00 AM,0,,0,#DIV/0!,0,,,0,,0
Year 1 Aug 25 2:00 AM,0,,0,#DIV/0!,0,,,0,,0
Year 1 Aug 25 3:00 AM,0,,0,#DIV/0!,0,,,0,,0
Year 1 Aug 25 4:00 AM,0,,0,#DIV/0!,0,,,0,,0
Year 1 Aug 25 5:00 AM,0,,0,#DIV/0!,0,,,0,,0
Year 1 Aug 25 6:00 AM,27.80723786,,27.80720082,0.999998668,3.70388E-05,,,27.80723786,,0
Year 1 Aug 25 7:00 AM,126.4352285,,126.4350039,0.999998224,0.000224579,,,126.4352285,,0
Year 1 Aug 25 8:00 AM,228.5182258,,228.5175773,0.999997162,0.000648501,,,228.5182258,,0
Year 1 Aug 25 9:00 AM,428.9162,,428.913449,0.999993586,0.002751,,,428.9162,,0
Year 1 Aug 25 10:00 AM,639.5461686,,639.5461582,0.999999984,1.03295E-05,,,639.5461686,,0
Year 1 Aug 25 11:00 AM,729.7788815,,729.7768251,0.999997182,0.002056374,,,729.7788815,,0
Year 1 Aug 25 12:00 PM,793.8520969,,793.8352517,0.99997878,0.016845213,,,793.8520969,,0
Year 1 Aug 25 1:00 PM,817.6190072,,181.8622857,0.222429132,635.7567215,,,817.6190072,,0
Year 1 Aug 25 2:00 PM,718.4267855,,32.40689562,0.045108139,686.0198898,,,718.4267855,,0
Year 1 Aug 25 3:00 PM,604.7204285,,31.68316255,0.052393075,573.0372659,,,604.7204285,,0
Year 1 Aug 25 4:00 PM,448.1515611,,29.5151542,0.06585976,418.6364069,,,448.1515611,,0
Year 1 Aug 25 5:00 PM,265.7312946,,31.82912093,0.119779347,233.9021737,,,265.7312946,,0
Year 1 Aug 25 6:00 PM,98.48875165,,21.37403692,0.217020082,77.11471473,,,98.48875165,,0
Year 1 Aug 25 7:00 PM,9.749182667,,5.03017587,0.515958726,4.719006797,,,9.749182667,,0
Year 1 Aug 25 8:00 PM,0,,0,#DIV/0!,0,,,0,,0
Year 1 Aug 25 9:00 PM,0,,0,#DIV/0!,0,,,0,,0
Year 1 Aug 25 10:00 PM,0,,0,#DIV/0!,0,,,0,,0
Year 1 Aug 25 11:00 PM,0,,0,#DIV/0!,0,,,0,,0
Year 1 Aug 26 12:00 AM,0,,0,#DIV/0!,0,,,0,,0
Year 1 Aug 26 1:00 AM,0,,0,#DIV/0!,0,,,0,,0
Year 1 Aug 26 2:00 AM,0,,0,#DIV/0!,0,,,0,,0
Year 1 Aug 26 3:00 AM,0,,0,#DIV/0!,0,,,0,,0
Year 1 Aug 26 4:00 AM,0,,0,#DIV/0!,0,,,0,,0
Year 1 Aug 26 5:00 AM,0,,0,#DIV/0!,0,,,0,,0
Year 1 Aug 26 6:00 AM,14.13410968,,14.13410425,0.999999616,5.42924E-06,,,14.13410968,,0
Year 1 Aug 26 7:00 AM,56.37349164,,56.37344818,0.999999229,4.34562E-05,,,56.37349164,,0
Year 1 Aug 26 8:00 AM,108.121147,,108.121035,0.999998965,0.000111922,,,108.121147,,0
Year 1 Aug 26 9:00 AM,134.2512966,,134.2511005,0.999998539,0.000196092,,,134.2512966,,0
Year 1 Aug 26 10:00 AM,193.8736951,,193.8736575,0.999999806,3.76402E-05,,,193.8736951,,0
Year 1 Aug 26 11:00 AM,217.9645856,,217.9643911,0.999999108,0.000194418,,,217.9645856,,0
Year 1 Aug 26 12:00 PM,205.0083404,,205.0072685,0.999994771,0.001071932,,,205.0083404,,0
Year 1 Aug 26 1:00 PM,205.891691,,170.0048243,0.825700268,35.88686664,,,205.891691,,0
Year 1 Aug 26 2:00 PM,207.0748209,,160.8542076,0.776792692,46.22061326,,,207.0748209,,0
Year 1 Aug 26 3:00 PM,155.6049067,,125.2731652,0.805072076,30.33174142,,,155.6049067,,0
Year 1 Aug 26 4:00 PM,126.9432871,,99.05287434,0.780292339,27.89041272,,,126.9432871,,0
Year 1 Aug 26 5:00 PM,43.73223646,,39.63050507,0.906208058,4.101731383,,,43.73223646,,0
Year 1 Aug 26 6:00 PM,29.1136501,,27.48434844,0.944036503,1.629301659,,,29.1136501,,0
Year 1 Aug 26 7:00 PM,5.495568028,,4.831204707,0.879109254,0.664363321,,,5.495568028,,0
Year 1 Aug 26 8:00 PM,0,,0,#DIV/0!,0,,,0,,0
Year 1 Aug 26 9:00 PM,0,,0,#DIV/0!,0,,,0,,0
Year 1 Aug 26 10:00 PM,0,,0,#DIV/0!,0,,,0,,0
Year 1 Aug 26 11:00 PM,0,,0,#DIV/0!,0,,,0,,0
Year 1 Aug 27 12:00 AM,0,,0,#DIV/0!,0,,,0,,0
Year 1 Aug 27 1:00 AM,0,,0,#DIV/0!,0,,,0,,0
Year 1 Aug 27 2:00 AM,0,,0,#DIV/0!,0,,,0,,0
Year 1 Aug 27 3:00 AM,0,,0,#DIV/0!,0,,,0,,0
Year 1 Aug 27 4:00 AM,0,,0,#DIV/0!,0,,,0,,0
Year 1 Aug 27 5:00 AM,0,,0,#DIV/0!,0,,,0,,0
Year 1 Aug 27 6:00 AM,19.13548902,,19.13548192,0.999999629,7.10394E-06,,,19.13548902,,0
Year 1 Aug 27 7:00 AM,103.8822502,,103.8821055,0.999998607,0.000144739,,,103.8822502,,0
Year 1 Aug 27 8:00 AM,265.0652413,,265.0644174,0.999996892,0.000823871,,,265.0652413,,0
Year 1 Aug 27 9:00 AM,408.4329378,,408.4305016,0.999994035,0.002436265,,,408.4329378,,0
Year 1 Aug 27 10:00 AM,374.5394232,,374.5393918,0.999999916,3.13963E-05,,,374.5394232,,0
Year 1 Aug 27 11:00 AM,483.5646505,,483.5635062,0.999997634,0.001144291,,,483.5646505,,0
Year 1 Aug 27 12:00 PM,593.9576176,,593.9477535,0.999983393,0.009864121,,,593.9576176,,0
Year 1 Aug 27 1:00 PM,711.9047426,,190.0958793,0.267024319,521.8088633,,,711.9047426,,0
Year 1 Aug 27 2:00 PM,661.6046626,,67.36870738,0.101826228,594.2359552,,,661.6046626,,0
Year 1 Aug 27 3:00 PM,482.2595646,,84.55066585,0.175321906,397.7088988,,,482.2595646,,0
Year 1 Aug 27 4:00 PM,340.5574773,,86.20338603,0.253124338,254.3540913,,,340.5574773,,0
Year 1 Aug 27 5:00 PM,195.0095737,,60.98107432,0.312708105,134.0284993,,,195.0095737,,0
Year 1 Aug 27 6:00 PM,55.01302257,,36.55219044,0.664427961,18.46083213,,,55.01302257,,0
Year 1 Aug 27 7:00 PM,7.082354837,,5.962610669,0.84189663,1.119744168,,,7.082354837,,0
Year 1 Aug 27 8:00 PM,0,,0,#DIV/0!,0,,,0,,0
Year 1 Aug 27 9:00 PM,0,,0,#DIV/0!,0,,,0,,0
Year 1 Aug 27 10:00 PM,0,,0,#DIV/0!,0,,,0,,0
Year 1 Aug 27 11:00 PM,0,,0,#DIV/0!,0,,,0,,0
Year 1 Aug 28 12:00 AM,0,,0,#DIV/0!,0,,,0,,0
Year 1 Aug 28 1:00 AM,0,,0,#DIV/0!,0,,,0,,0
Year 1 Aug 28 2:00 AM,0,,0,#DIV/0!,0,,,0,,0
Year 1 Aug 28 3:00 AM,0,,0,#DIV/0!,0,,,0,,0
Year 1 Aug 28 4:00 AM,0,,0,#DIV/0!,0,,,0,,0
Year 1 Aug 28 5:00 AM,0,,0,#DIV/0!,0,,,0,,0
Year 1 Aug 28 6:00 AM,7.85269302,,7.852690757,0.999999712,2.26298E-06,,,7.85269302,,0
Year 1 Aug 28 7:00 AM,25.08563055,,25.08562179,0.999999651,8.75461E-06,,,25.08563055,,0
Year 1 Aug 28 8:00 AM,57.79204013,,57.79201215,0.999999516,2.79811E-05,,,57.79204013,,0
Year 1 Aug 28 9:00 AM,149.8183068,,149.8180481,0.999998274,0.000258653,,,149.8183068,,0
Year 1 Aug 28 10:00 AM,182.4522143,,182.4521774,0.999999798,3.68989E-05,,,182.4522143,,0
Year 1 Aug 28 11:00 AM,149.8769456,,149.8768533,0.999999384,9.23756E-05,,,149.8769456,,0
Year 1 Aug 28 12:00 PM,242.8058028,,242.804979,0.999996607,0.000823803,,,242.8058028,,0
Year 1 Aug 28 1:00 PM,432.5026543,,141.632327,0.327471579,290.8703273,,,432.5026543,,0
Year 1 Aug 28 2:00 PM,367.4964316,,125.8791307,0.342531573,241.617301,,,367.4964316,,0
Year 1 Aug 28 3:00 PM,193.4660583,,133.5596103,0.690351638,59.90644805,,,193.4660583,,0
Year 1 Aug 28 4:00 PM,127.1387471,,103.777117,0.816250902,23.36163009,,,127.1387471,,0
Year 1 Aug 28 5:00 PM,63.43263908,,55.46273217,0.874356372,7.969906909,,,63.43263908,,0
Year 1 Aug 28 6:00 PM,30.92529348,,23.77054686,0.768644181,7.154746613,,,30.92529348,,0
Year 1 Aug 28 7:00 PM,4.334051406,,3.433585247,0.792234546,0.900466159,,,4.334051406,,0
Year 1 Aug 28 8:00 PM,0,,0,#DIV/0!,0,,,0,,0
Year 1 Aug 28 9:00 PM,0,,0,#DIV/0!,0,,,0,,0
Year 1 Aug 28 10:00 PM,0,,0,#DIV/0!,0,,,0,,0
Year 1 Aug 28 11:00 PM,0,,0,#DIV/0!,0,,,0,,0
Year 1 Aug 29 12:00 AM,0,,0,#DIV/0!,0,,,0,,0
Year 1 Aug 29 1:00 AM,0,,0,#DIV/0!,0,,,0,,0
Year 1 Aug 29 2:00 AM,0,,0,#DIV/0!,0,,,0,,0
Year 1 Aug 29 3:00 AM,0,,0,#DIV/0!,0,,,0,,0
Year 1 Aug 29 4:00 AM,0,,0,#DIV/0!,0,,,0,,0
Year 1 Aug 29 5:00 AM,0,,0,#DIV/0!,0,,,0,,0
Year 1 Aug 29 6:00 AM,13.86006683,,13.86005746,0.999999324,9.37198E-06,,,13.86006683,,0
Year 1 Aug 29 7:00 AM,40.52006742,,40.52005096,0.999999594,1.6458E-05,,,40.52006742,,0
Year 1 Aug 29 8:00 AM,48.79877446,,48.7987626,0.999999757,1.18573E-05,,,48.79877446,,0
Year 1 Aug 29 9:00 AM,103.4230383,,103.42301,0.999999726,2.83086E-05,,,103.4230383,,0
Year 1 Aug 29 10:00 AM,291.481023,,291.4784263,0.999991091,0.00259669,,,291.481023,,0
Year 1 Aug 29 11:00 AM,390.5863996,,390.5858439,0.999998577,0.000555732,,,390.5863996,,0
Year 1 Aug 29 12:00 PM,675.4432971,,675.4342585,0.999986618,0.009038568,,,675.4432971,,0
Year 1 Aug 29 1:00 PM,576.0215012,,168.9067587,0.293229955,407.1147425,,,576.0215012,,0
Year 1 Aug 29 2:00 PM,469.239766,,78.18257824,0.166615415,391.0571878,,,469.239766,,0
Year 1 Aug 29 3:00 PM,300.7307277,,80.93266281,0.269120031,219.7980649,,,300.7307277,,0
Year 1 Aug 29 4:00 PM,311.0076559,,78.69115676,0.253019999,232.3164992,,,311.0076559,,0
Year 1 Aug 29 5:00 PM,123.3563031,,66.45397146,0.538715654,56.90233164,,,123.3563031,,0
Year 1 Aug 29 6:00 PM,31.24679071,,25.40018498,0.812889401,5.84660573,,,31.24679071,,0
Year 1 Aug 29 7:00 PM,3.746374126,,3.50622601,0.935898523,0.240148116,,,3.746374126,,0
Year 1 Aug 29 8:00 PM,0,,0,#DIV/0!,0,,,0,,0
Year 1 Aug 29 9:00 PM,0,,0,#DIV/0!,0,,,0,,0
Year 1 Aug 29 10:00 PM,0,,0,#DIV/0!,0,,,0,,0
Year 1 Aug 29 11:00 PM,0,,0,#DIV/0!,0,,,0,,0
Year 1 Aug 30 12:00 AM,0,,0,#DIV/0!,0,,,0,,0
Year 1 Aug 30 1:00 AM,0,,0,#DIV/0!,0,,,0,,0
Year 1 Aug 30 2:00 AM,0,,0,#DIV/0!,0,,,0,,0
Year 1 Aug 30 3:00 AM,0,,0,#DIV/0!,0,,,0,,0
Year 1 Aug 30 4:00 AM,0,,0,#DIV/0!,0,,,0,,0
Year 1 Aug 30 5:00 AM,0,,0,#DIV/0!,0,,,0,,0
Year 1 Aug 30 6:00 AM,20.96260281,,20.96252534,0.999996305,7.74656E-05,,,20.96260281,,0
Year 1 Aug 30 7:00 AM,119.7328496,,119.7325477,0.999997479,0.0003019,,,119.7328496,,0
Year 1 Aug 30 8:00 AM,289.9580402,,289.95803,0.999999965,1.02683E-05,,,289.9580402,,0
Year 1 Aug 30 9:00 AM,462.3034869,,462.3026984,0.999998294,0.000788511,,,462.3034869,,0
Year 1 Aug 30 10:00 AM,611.2658081,,611.2579115,0.999987082,0.007896622,,,611.2658081,,0
Year 1 Aug 30 11:00 AM,669.4190918,,669.4184236,0.999999002,0.000668119,,,669.4190918,,0
Year 1 Aug 30 12:00 PM,601.1009868,,601.092971,0.999986665,0.008015759,,,601.1009868,,0
Year 1 Aug 30 1:00 PM,723.3599997,,130.2187035,0.180019221,593.1412962,,,723.3599997,,0
Year 1 Aug 30 2:00 PM,674.9689047,,33.27475128,0.049298199,641.6941534,,,674.9689047,,0
Year 1 Aug 30 3:00 PM,529.1555854,,33.99312391,0.06424032,495.1624615,,,529.1555854,,0
Year 1 Aug 30 4:00 PM,358.8906787,,33.7345118,0.093996623,325.1561669,,,358.8906787,,0
Year 1 Aug 30 5:00 PM,216.9146943,,28.75432055,0.132560501,188.1603738,,,216.9146943,,0
Year 1 Aug 30 6:00 PM,67.30947265,,19.6514902,0.291957275,47.65798245,,,67.30947265,,0
Year 1 Aug 30 7:00 PM,4.147232336,,3.331170741,0.803227423,0.816061595,,,4.147232336,,0
Year 1 Aug 30 8:00 PM,0,,0,#DIV/0!,0,,,0,,0
Year 1 Aug 30 9:00 PM,0,,0,#DIV/0!,0,,,0,,0
Year 1 Aug 30 10:00 PM,0,,0,#DIV/0!,0,,,0,,0
Year 1 Aug 30 11:00 PM,0,,0,#DIV/0!,0,,,0,,0
Year 1 Aug 31 12:00 AM,0,,0,#DIV/0!,0,,,0,,0
Year 1 Aug 31 1:00 AM,0,,0,#DIV/0!,0,,,0,,0
Year 1 Aug 31 2:00 AM,0,,0,#DIV/0!,0,,,0,,0
Year 1 Aug 31 3:00 AM,0,,0,#DIV/0!,0,,,0,,0
Year 1 Aug 31 4:00 AM,0,,0,#DIV/0!,0,,,0,,0
Year 1 Aug 31 5:00 AM,0,,0,#DIV/0!,0,,,0,,0
Year 1 Aug 31 6:00 AM,20.64314057,,20.64304734,0.999995484,9.32288E-05,,,20.64314057,,0
Year 1 Aug 31 7:00 AM,127.4739642,,127.4736293,0.999997373,0.000334837,,,127.4739642,,0
Year 1 Aug 31 8:00 AM,297.3329488,,297.3329404,0.999999972,8.37625E-06,,,297.3329488,,0
Year 1 Aug 31 9:00 AM,443.7820765,,443.7812995,0.999998249,0.000777013,,,443.7820765,,0
Year 1 Aug 31 10:00 AM,489.2090414,,489.203313,0.99998829,0.005728416,,,489.2090414,,0
Year 1 Aug 31 11:00 AM,203.3524208,,203.3523556,0.999999679,6.52557E-05,,,203.3524208,,0
Year 1 Aug 31 12:00 PM,176.6011227,,176.6006057,0.999997072,0.000517057,,,176.6011227,,0
Year 1 Aug 31 1:00 PM,150.5328743,,132.8190149,0.882325641,17.71385947,,,150.5328743,,0
Year 1 Aug 31 2:00 PM,110.4466402,,99.53837629,0.901234986,10.90826393,,,110.4466402,,0
Year 1 Aug 31 3:00 PM,171.7964292,,112.6522831,0.655731226,59.1441461,,,171.7964292,,0
Year 1 Aug 31 4:00 PM,212.2129169,,79.07385971,0.372615677,133.1390572,,,212.2129169,,0
Year 1 Aug 31 5:00 PM,48.48100999,,34.75771953,0.716934724,13.72329047,,,48.48100999,,0
Year 1 Aug 31 6:00 PM,14.09520908,,13.65880755,0.969039017,0.436401522,,,14.09520908,,0
Year 1 Aug 31 7:00 PM,1.731771936,,1.730739313,0.999403719,0.001032623,,,1.731771936,,0
Year 1 Aug 31 8:00 PM,0,,0,#DIV/0!,0,,,0,,0
Year 1 Aug 31 9:00 PM,0,,0,#DIV/0!,0,,,0,,0
Year 1 Aug 31 10:00 PM,0,,0,#DIV/0!,0,,,0,,0
Year 1 Aug 31 11:00 PM,0,,0,#DIV/0!,0,,,0,,0
Year 1 Sep 01 12:00 AM,0,,0,#DIV/0!,0,,,0,,0
Year 1 Sep 01 1:00 AM,0,,0,#DIV/0!,0,,,0,,0
Year 1 Sep 01 2:00 AM,0,,0,#DIV/0!,0,,,0,,0
Year 1 Sep 01 3:00 AM,0,,0,#DIV/0!,0,,,0,,0
Year 1 Sep 01 4:00 AM,0,,0,#DIV/0!,0,,,0,,0
Year 1 Sep 01 5:00 AM,0,,0,#DIV/0!,0,,,0,,0
Year 1 Sep 01 6:00 AM,17.7775948,,17.77749479,0.999994374,0.000100013,,,17.7775948,,0
Year 1 Sep 01 7:00 AM,137.3410517,,137.3406554,0.999997114,0.000396331,,,137.3410517,,0
Year 1 Sep 01 8:00 AM,332.0855817,,332.0855762,0.999999983,5.50852E-06,,,332.0855817,,0
Year 1 Sep 01 9:00 AM,510.3610166,,510.3600778,0.99999816,0.00093881,,,510.3610166,,0
Year 1 Sep 01 10:00 AM,612.7287877,,612.7209135,0.999987149,0.007874246,,,612.7287877,,0
Year 1 Sep 01 11:00 AM,685.9683806,,685.967607,0.999998872,0.000773608,,,685.9683806,,0
Year 1 Sep 01 12:00 PM,731.4632178,,731.4528516,0.999985828,0.010366294,,,731.4632178,,0
Year 1 Sep 01 1:00 PM,705.0789015,,137.5928934,0.195145385,567.4860082,,,705.0789015,,0
Year 1 Sep 01 2:00 PM,661.1320985,,35.91924338,0.054329904,625.2128551,,,661.1320985,,0
Year 1 Sep 01 3:00 PM,539.4480058,,50.3290162,0.093297251,489.1189896,,,539.4480058,,0
Year 1 Sep 01 4:00 PM,396.268104,,34.26355607,0.086465592,362.0045479,,,396.268104,,0
Year 1 Sep 01 5:00 PM,224.7813789,,20.91017535,0.0930245,203.8712036,,,224.7813789,,0
Year 1 Sep 01 6:00 PM,72.28169222,,14.13404416,0.195541135,58.14764806,,,72.28169222,,0
Year 1 Sep 01 7:00 PM,3.547539311,,2.655297853,0.748490043,0.892241458,,,3.547539311,,0
Year 1 Sep 01 8:00 PM,0,,0,#DIV/0!,0,,,0,,0
Year 1 Sep 01 9:00 PM,0,,0,#DIV/0!,0,,,0,,0
Year 1 Sep 01 10:00 PM,0,,0,#DIV/0!,0,,,0,,0
Year 1 Sep 01 11:00 PM,0,,0,#DIV/0!,0,,,0,,0
Year 1 Sep 02 12:00 AM,0,,0,#DIV/0!,0,,,0,,0
Year 1 Sep 02 1:00 AM,0,,0,#DIV/0!,0,,,0,,0
Year 1 Sep 02 2:00 AM,0,,0,#DIV/0!,0,,,0,,0
Year 1 Sep 02 3:00 AM,0,,0,#DIV/0!,0,,,0,,0
Year 1 Sep 02 4:00 AM,0,,0,#DIV/0!,0,,,0,,0
Year 1 Sep 02 5:00 AM,0,,0,#DIV/0!,0,,,0,,0
Year 1 Sep 02 6:00 AM,14.87316132,,14.87311877,0.999997139,4.25491E-05,,,14.87316132,,0
Year 1 Sep 02 7:00 AM,76.94703297,,76.94690255,0.999998305,0.000130419,,,76.94703297,,0
Year 1 Sep 02 8:00 AM,178.604045,,178.6040255,0.999999891,1.94997E-05,,,178.604045,,0
Year 1 Sep 02 9:00 AM,270.4367417,,270.4364018,0.999998743,0.000339904,,,270.4367417,,0
Year 1 Sep 02 10:00 AM,329.0239795,,329.0210757,0.999991175,0.00290378,,,329.0239795,,0
Year 1 Sep 02 11:00 AM,352.1073501,,352.1070055,0.999999022,0.000344527,,,352.1073501,,0
Year 1 Sep 02 12:00 PM,422.5491293,,422.5441845,0.999988298,0.004944764,,,422.5491293,,0
Year 1 Sep 02 1:00 PM,506.1692258,,134.2965753,0.265319519,371.8726505,,,506.1692258,,0
Year 1 Sep 02 2:00 PM,423.0610573,,102.8754667,0.243169313,320.1855906,,,423.0610573,,0
Year 1 Sep 02 3:00 PM,519.2463772,,40.19295884,0.077406335,479.0534184,,,519.2463772,,0
Year 1 Sep 02 4:00 PM,370.2074893,,27.24546296,0.073595116,342.9620263,,,370.2074893,,0
Year 1 Sep 02 5:00 PM,222.7122679,,20.09035649,0.090207678,202.6219114,,,222.7122679,,0
Year 1 Sep 02 6:00 PM,72.17126302,,13.82954647,0.191621234,58.34171655,,,72.17126302,,0
Year 1 Sep 02 7:00 PM,3.366678396,,2.52228007,0.74918949,0.844398326,,,3.366678396,,0
Year 1 Sep 02 8:00 PM,0,,0,#DIV/0!,0,,,0,,0
Year 1 Sep 02 9:00 PM,0,,0,#DIV/0!,0,,,0,,0
Year 1 Sep 02 10:00 PM,0,,0,#DIV/0!,0,,,0,,0
Year 1 Sep 02 11:00 PM,0,,0,#DIV/0!,0,,,0,,0
Year 1 Sep 03 12:00 AM,0,,0,#DIV/0!,0,,,0,,0
Year 1 Sep 03 1:00 AM,0,,0,#DIV/0!,0,,,0,,0
Year 1 Sep 03 2:00 AM,0,,0,#DIV/0!,0,,,0,,0
Year 1 Sep 03 3:00 AM,0,,0,#DIV/0!,0,,,0,,0
Year 1 Sep 03 4:00 AM,0,,0,#DIV/0!,0,,,0,,0
Year 1 Sep 03 5:00 AM,0,,0,#DIV/0!,0,,,0,,0
Year 1 Sep 03 6:00 AM,17.70295934,,17.70288954,0.999996057,6.98026E-05,,,17.70295934,,0
Year 1 Sep 03 7:00 AM,115.0776092,,115.077317,0.999997461,0.000292214,,,115.0776092,,0
Year 1 Sep 03 8:00 AM,285.5767324,,285.5767225,0.999999965,9.89119E-06,,,285.5767324,,0
Year 1 Sep 03 9:00 AM,470.7038423,,470.7030374,0.99999829,0.000804928,,,470.7038423,,0
Year 1 Sep 03 10:00 AM,627.5377316,,627.5297062,0.999987211,0.008025336,,,627.5377316,,0
Year 1 Sep 03 11:00 AM,735.983128,,735.9822959,0.999998869,0.000832105,,,735.983128,,0
Year 1 Sep 03 12:00 PM,784.5087304,,784.4977129,0.999985956,0.011017484,,,784.5087304,,0
Year 1 Sep 03 1:00 PM,769.1122497,,146.6842228,0.190718875,622.4280269,,,769.1122497,,0
Year 1 Sep 03 2:00 PM,689.7335987,,40.09117771,0.058125598,649.642421,,,689.7335987,,0
Year 1 Sep 03 3:00 PM,556.9395315,,42.21382281,0.075796061,514.7257087,,,556.9395315,,0
Year 1 Sep 03 4:00 PM,384.5430408,,41.34501702,0.107517268,343.1980238,,,384.5430408,,0
Year 1 Sep 03 5:00 PM,199.021825,,35.01877423,0.175954442,164.0030508,,,199.021825,,0
Year 1 Sep 03 6:00 PM,55.99556271,,22.04491867,0.393690457,33.95064404,,,55.99556271,,0
Year 1 Sep 03 7:00 PM,2.550012511,,1.790671511,0.702220677,0.759340999,,,2.550012511,,0
Year 1 Sep 03 8:00 PM,0,,0,#DIV/0!,0,,,0,,0
Year 1 Sep 03 9:00 PM,0,,0,#DIV/0!,0,,,0,,0
Year 1 Sep 03 10:00 PM,0,,0,#DIV/0!,0,,,0,,0
Year 1 Sep 03 11:00 PM,0,,0,#DIV/0!,0,,,0,,0
Year 1 Sep 04 12:00 AM,0,,0,#DIV/0!,0,,,0,,0
Year 1 Sep 04 1:00 AM,0,,0,#DIV/0!,0,,,0,,0
Year 1 Sep 04 2:00 AM,0,,0,#DIV/0!,0,,,0,,0
Year 1 Sep 04 3:00 AM,0,,0,#DIV/0!,0,,,0,,0
Year 1 Sep 04 4:00 AM,0,,0,#DIV/0!,0,,,0,,0
Year 1 Sep 04 5:00 AM,0,,0,#DIV/0!,0,,,0,,0
Year 1 Sep 04 6:00 AM,18.10495719,,18.10486564,0.999994943,9.15488E-05,,,18.10495719,,0
Year 1 Sep 04 7:00 AM,128.348059,,128.3477077,0.999997263,0.000351296,,,128.348059,,0
Year 1 Sep 04 8:00 AM,309.8112643,,309.8112571,0.999999977,7.21147E-06,,,309.8112643,,0
Year 1 Sep 04 9:00 AM,493.4969614,,493.4960874,0.999998229,0.000873949,,,493.4969614,,0
Year 1 Sep 04 10:00 AM,643.1908651,,643.1825872,0.99998713,0.008277839,,,643.1908651,,0
Year 1 Sep 04 11:00 AM,744.2088536,,744.2080102,0.999998867,0.000843341,,,744.2088536,,0
Year 1 Sep 04 12:00 PM,790.0737458,,790.0625886,0.999985878,0.011157286,,,790.0737458,,0
Year 1 Sep 04 1:00 PM,774.1566083,,144.0745369,0.186105157,630.0820714,,,774.1566083,,0
Year 1 Sep 04 2:00 PM,695.5321346,,35.06900175,0.05042039,660.4631329,,,695.5321346,,0
Year 1 Sep 04 3:00 PM,571.0791602,,31.27151885,0.054758641,539.8076413,,,571.0791602,,0
Year 1 Sep 04 4:00 PM,401.6321487,,29.8089166,0.074219449,371.8232321,,,401.6321487,,0
Year 1 Sep 04 5:00 PM,214.1493339,,25.62395687,0.119654619,188.5253771,,,214.1493339,,0
Year 1 Sep 04 6:00 PM,60.7570172,,17.22984471,0.283586086,43.52717249,,,60.7570172,,0
Year 1 Sep 04 7:00 PM,2.215966926,,1.545535726,0.697454329,0.6704312,,,2.215966926,,0
Year 1 Sep 04 8:00 PM,0,,0,#DIV/0!,0,,,0,,0
Year 1 Sep 04 9:00 PM,0,,0,#DIV/0!,0,,,0,,0
Year 1 Sep 04 10:00 PM,0,,0,#DIV/0!,0,,,0,,0
Year 1 Sep 04 11:00 PM,0,,0,#DIV/0!,0,,,0,,0
Year 1 Sep 05 12:00 AM,0,,0,#DIV/0!,0,,,0,,0
Year 1 Sep 05 1:00 AM,0,,0,#DIV/0!,0,,,0,,0
Year 1 Sep 05 2:00 AM,0,,0,#DIV/0!,0,,,0,,0
Year 1 Sep 05 3:00 AM,0,,0,#DIV/0!,0,,,0,,0
Year 1 Sep 05 4:00 AM,0,,0,#DIV/0!,0,,,0,,0
Year 1 Sep 05 5:00 AM,0,,0,#DIV/0!,0,,,0,,0
Year 1 Sep 05 6:00 AM,16.87246498,,16.87239634,0.999995932,6.8641E-05,,,16.87246498,,0
Year 1 Sep 05 7:00 AM,114.3516141,,114.3513212,0.999997439,0.00029283,,,114.3516141,,0
Year 1 Sep 05 8:00 AM,285.8357161,,285.8357065,0.999999966,9.6203E-06,,,285.8357161,,0
Year 1 Sep 05 9:00 AM,468.224527,,468.2237224,0.999998282,0.000804621,,,468.224527,,0
Year 1 Sep 05 10:00 AM,620.8881969,,620.880246,0.999987194,0.007950991,,,620.8881969,,0
Year 1 Sep 05 11:00 AM,727.3973937,,727.3965702,0.999998868,0.000823497,,,727.3973937,,0
Year 1 Sep 05 12:00 PM,762.0362374,,762.0255199,0.999985936,0.010717552,,,762.0362374,,0
Year 1 Sep 05 1:00 PM,686.3521072,,148.9632926,0.217036257,537.3888146,,,686.3521072,,0
Year 1 Sep 05 2:00 PM,614.5342187,,59.38485829,0.096633933,555.1493604,,,614.5342187,,0
Year 1 Sep 05 3:00 PM,509.9195955,,58.27202411,0.114276887,451.6475714,,,509.9195955,,0
Year 1 Sep 05 4:00 PM,374.6066452,,41.13007477,0.109795369,333.4765704,,,374.6066452,,0
Year 1 Sep 05 5:00 PM,193.5089759,,33.70316261,0.174168472,159.8058133,,,193.5089759,,0
Year 1 Sep 05 6:00 PM,51.99791096,,20.60875536,0.396338141,31.3891556,,,51.99791096,,0
Year 1 Sep 05 7:00 PM,2.07483144,,1.46620007,0.706659848,0.60863137,,,2.07483144,,0
Year 1 Sep 05 8:00 PM,0,,0,#DIV/0!,0,,,0,,0
Year 1 Sep 05 9:00 PM,0,,0,#DIV/0!,0,,,0,,0
Year 1 Sep 05 10:00 PM,0,,0,#DIV/0!,0,,,0,,0
Year 1 Sep 05 11:00 PM,0,,0,#DIV/0!,0,,,0,,0
Year 1 Sep 06 12:00 AM,0,,0,#DIV/0!,0,,,0,,0
Year 1 Sep 06 1:00 AM,0,,0,#DIV/0!,0,,,0,,0
Year 1 Sep 06 2:00 AM,0,,0,#DIV/0!,0,,,0,,0
Year 1 Sep 06 3:00 AM,0,,0,#DIV/0!,0,,,0,,0
Year 1 Sep 06 4:00 AM,0,,0,#DIV/0!,0,,,0,,0
Year 1 Sep 06 5:00 AM,0,,0,#DIV/0!,0,,,0,,0
Year 1 Sep 06 6:00 AM,17.81126572,,17.81117189,0.999994732,9.38228E-05,,,17.81126572,,0
Year 1 Sep 06 7:00 AM,130.1584491,,130.1580898,0.99999724,0.000359281,,,130.1584491,,0
Year 1 Sep 06 8:00 AM,305.1126006,,305.1125944,0.99999998,6.19472E-06,,,305.1126006,,0
Year 1 Sep 06 9:00 AM,486.1071151,,486.1062382,0.999998196,0.000876841,,,486.1071151,,0
Year 1 Sep 06 10:00 AM,611.5338381,,611.5259418,0.999987088,0.0078963,,,611.5338381,,0
Year 1 Sep 06 11:00 AM,717.091919,,717.0911616,0.999998944,0.000757354,,,717.091919,,0
Year 1 Sep 06 12:00 PM,658.7673602,,658.7583477,0.999986319,0.009012441,,,658.7673602,,0
Year 1 Sep 06 1:00 PM,622.7940565,,142.4727624,0.228763844,480.321294,,,622.7940565,,0
Year 1 Sep 06 2:00 PM,346.6710795,,116.6213743,0.336403528,230.0497052,,,346.6710795,,0
Year 1 Sep 06 3:00 PM,172.4945146,,113.8593756,0.660075342,58.63513895,,,172.4945146,,0
Year 1 Sep 06 4:00 PM,174.3633322,,92.47606515,0.530364177,81.88726706,,,174.3633322,,0
Year 1 Sep 06 5:00 PM,135.254934,,52.05466197,0.384863313,83.20027201,,,135.254934,,0
Year 1 Sep 06 6:00 PM,36.36027072,,25.08069215,0.689782877,11.27957857,,,36.36027072,,0
Year 1 Sep 06 7:00 PM,1.999031292,,1.503757723,0.752243214,0.495273569,,,1.999031292,,0
Year 1 Sep 06 8:00 PM,0,,0,#DIV/0!,0,,,0,,0
Year 1 Sep 06 9:00 PM,0,,0,#DIV/0!,0,,,0,,0
Year 1 Sep 06 10:00 PM,0,,0,#DIV/0!,0,,,0,,0
Year 1 Sep 06 11:00 PM,0,,0,#DIV/0!,0,,,0,,0
Year 1 Sep 07 12:00 AM,0,,0,#DIV/0!,0,,,0,,0
Year 1 Sep 07 1:00 AM,0,,0,#DIV/0!,0,,,0,,0
Year 1 Sep 07 2:00 AM,0,,0,#DIV/0!,0,,,0,,0
Year 1 Sep 07 3:00 AM,0,,0,#DIV/0!,0,,,0,,0
Year 1 Sep 07 4:00 AM,0,,0,#DIV/0!,0,,,0,,0
Year 1 Sep 07 5:00 AM,0,,0,#DIV/0!,0,,,0,,0
Year 1 Sep 07 6:00 AM,9.35281597,,9.352808402,0.999999191,7.56836E-06,,,9.35281597,,0
Year 1 Sep 07 7:00 AM,41.68312805,,41.6831072,0.9999995,2.08578E-05,,,41.68312805,,0
Year 1 Sep 07 8:00 AM,79.71558975,,79.71557213,0.999999779,1.76226E-05,,,79.71558975,,0
Year 1 Sep 07 9:00 AM,133.681108,,133.6810349,0.999999453,7.31147E-05,,,133.681108,,0
Year 1 Sep 07 10:00 AM,166.1904069,,166.1899403,0.999997193,0.000466578,,,166.1904069,,0
Year 1 Sep 07 11:00 AM,201.5863891,,201.5862908,0.999999513,9.82579E-05,,,201.5863891,,0
Year 1 Sep 07 12:00 PM,244.3848164,,244.3838651,0.999996108,0.00095125,,,244.3848164,,0
Year 1 Sep 07 1:00 PM,255.7318362,,198.1557192,0.774857453,57.57611698,,,255.7318362,,0
Year 1 Sep 07 2:00 PM,233.1626385,,174.1772074,0.747020228,58.98543108,,,233.1626385,,0
Year 1 Sep 07 3:00 PM,187.1261954,,144.7136063,0.773347665,42.41258907,,,187.1261954,,0
Year 1 Sep 07 4:00 PM,129.2628057,,105.3774902,0.815218962,23.88531547,,,129.2628057,,0
Year 1 Sep 07 5:00 PM,73.96650808,,63.4685041,0.858070845,10.49800398,,,73.96650808,,0
Year 1 Sep 07 6:00 PM,28.83916919,,25.71066371,0.891518876,3.128505488,,,28.83916919,,0
Year 1 Sep 07 7:00 PM,2.016536391,,1.542760437,0.765054598,0.473775954,,,2.016536391,,0
Year 1 Sep 07 8:00 PM,0,,0,#DIV/0!,0,,,0,,0
Year 1 Sep 07 9:00 PM,0,,0,#DIV/0!,0,,,0,,0
Year 1 Sep 07 10:00 PM,0,,0,#DIV/0!,0,,,0,,0
Year 1 Sep 07 11:00 PM,0,,0,#DIV/0!,0,,,0,,0
Year 1 Sep 08 12:00 AM,0,,0,#DIV/0!,0,,,0,,0
Year 1 Sep 08 1:00 AM,0,,0,#DIV/0!,0,,,0,,0
Year 1 Sep 08 2:00 AM,0,,0,#DIV/0!,0,,,0,,0
Year 1 Sep 08 3:00 AM,0,,0,#DIV/0!,0,,,0,,0
Year 1 Sep 08 4:00 AM,0,,0,#DIV/0!,0,,,0,,0
Year 1 Sep 08 5:00 AM,0,,0,#DIV/0!,0,,,0,,0
Year 1 Sep 08 6:00 AM,11.9669683,,11.96695609,0.99999898,1.22071E-05,,,11.9669683,,0
Year 1 Sep 08 7:00 AM,52.50229341,,52.50225784,0.999999323,3.55702E-05,,,52.50229341,,0
Year 1 Sep 08 8:00 AM,113.0436905,,113.0436675,0.999999797,2.29781E-05,,,113.0436905,,0
Year 1 Sep 08 9:00 AM,159.3286033,,159.3285092,0.99999941,9.40528E-05,,,159.3286033,,0
Year 1 Sep 08 10:00 AM,237.2034607,,237.2020999,0.999994263,0.001360797,,,237.2034607,,0
Year 1 Sep 08 11:00 AM,397.6702956,,397.6699861,0.999999221,0.000309598,,,397.6702956,,0
Year 1 Sep 08 12:00 PM,340.9105066,,340.907639,0.999991588,0.00286766,,,340.9105066,,0
Year 1 Sep 08 1:00 PM,474.8169072,,125.739871,0.264817594,349.0770362,,,474.8169072,,0
Year 1 Sep 08 2:00 PM,617.7798781,,48.1926462,0.078009414,569.5872319,,,617.7798781,,0
Year 1 Sep 08 3:00 PM,472.6238589,,67.73556096,0.143318116,404.888298,,,472.6238589,,0
Year 1 Sep 08 4:00 PM,321.3446233,,47.05781975,0.146440352,274.2868036,,,321.3446233,,0
Year 1 Sep 08 5:00 PM,154.0493885,,34.61466967,0.22469852,119.4347188,,,154.0493885,,0
Year 1 Sep 08 6:00 PM,32.37413685,,20.60731375,0.636536314,11.7668231,,,32.37413685,,0
Year 1 Sep 08 7:00 PM,1.738964083,,1.271796257,0.731352803,0.467167826,,,1.738964083,,0
Year 1 Sep 08 8:00 PM,0,,0,#DIV/0!,0,,,0,,0
Year 1 Sep 08 9:00 PM,0,,0,#DIV/0!,0,,,0,,0
Year 1 Sep 08 10:00 PM,0,,0,#DIV/0!,0,,,0,,0
Year 1 Sep 08 11:00 PM,0,,0,#DIV/0!,0,,,0,,0
Year 1 Sep 09 12:00 AM,0,,0,#DIV/0!,0,,,0,,0
Year 1 Sep 09 1:00 AM,0,,0,#DIV/0!,0,,,0,,0
Year 1 Sep 09 2:00 AM,0,,0,#DIV/0!,0,,,0,,0
Year 1 Sep 09 3:00 AM,0,,0,#DIV/0!,0,,,0,,0
Year 1 Sep 09 4:00 AM,0,,0,#DIV/0!,0,,,0,,0
Year 1 Sep 09 5:00 AM,0,,0,#DIV/0!,0,,,0,,0
Year 1 Sep 09 6:00 AM,17.38937219,,17.38927154,0.999994212,0.000100656,,,17.38937219,,0
Year 1 Sep 09 7:00 AM,122.0120658,,122.01178,0.999997658,0.000285751,,,122.0120658,,0
Year 1 Sep 09 8:00 AM,216.1061603,,216.1061454,0.999999931,1.49157E-05,,,216.1061603,,0
Year 1 Sep 09 9:00 AM,441.389732,,441.3889985,0.999998338,0.000733459,,,441.389732,,0
Year 1 Sep 09 10:00 AM,570.667739,,570.6606054,0.999987499,0.007133642,,,570.667739,,0
Year 1 Sep 09 11:00 AM,468.69216,,468.6917182,0.999999057,0.000441808,,,468.69216,,0
Year 1 Sep 09 12:00 PM,531.1351183,,531.1288254,0.999988152,0.00629288,,,531.1351183,,0
Year 1 Sep 09 1:00 PM,654.8647477,,135.1404983,0.206363984,519.7242494,,,654.8647477,,0
Year 1 Sep 09 2:00 PM,550.1119653,,71.78888705,0.130498683,478.3230783,,,550.1119653,,0
Year 1 Sep 09 3:00 PM,382.8633938,,96.43726377,0.251884263,286.42613,,,382.8633938,,0
Year 1 Sep 09 4:00 PM,366.9457428,,42.6436327,0.116212365,324.3021101,,,366.9457428,,0
Year 1 Sep 09 5:00 PM,200.8639576,,27.62137938,0.13751287,173.2425782,,,200.8639576,,0
Year 1 Sep 09 6:00 PM,52.04973676,,18.7166696,0.359592013,33.33306716,,,52.04973676,,0
Year 1 Sep 09 7:00 PM,0,,0,#DIV/0!,0,,,0,,0
Year 1 Sep 09 8:00 PM,0,,0,#DIV/0!,0,,,0,,0
Year 1 Sep 09 9:00 PM,0,,0,#DIV/0!,0,,,0,,0
Year 1 Sep 09 10:00 PM,0,,0,#DIV/0!,0,,,0,,0
Year 1 Sep 09 11:00 PM,0,,0,#DIV/0!,0,,,0,,0
Year 1 Sep 10 12:00 AM,0,,0,#DIV/0!,0,,,0,,0
Year 1 Sep 10 1:00 AM,0,,0,#DIV/0!,0,,,0,,0
Year 1 Sep 10 2:00 AM,0,,0,#DIV/0!,0,,,0,,0
Year 1 Sep 10 3:00 AM,0,,0,#DIV/0!,0,,,0,,0
Year 1 Sep 10 4:00 AM,0,,0,#DIV/0!,0,,,0,,0
Year 1 Sep 10 5:00 AM,0,,0,#DIV/0!,0,,,0,,0
Year 1 Sep 10 6:00 AM,14.5346871,,14.53460988,0.999994688,7.72144E-05,,,14.5346871,,0
Year 1 Sep 10 7:00 AM,112.6499485,,112.6496721,0.999997546,0.000276415,,,112.6499485,,0
Year 1 Sep 10 8:00 AM,253.825684,,253.8256714,0.99999995,1.26034E-05,,,253.825684,,0
Year 1 Sep 10 9:00 AM,423.0336584,,423.0329742,0.999998383,0.000684252,,,423.0336584,,0
Year 1 Sep 10 10:00 AM,549.6143173,,549.607514,0.999987622,0.006803291,,,549.6143173,,0
Year 1 Sep 10 11:00 AM,602.9495174,,602.9488146,0.999998835,0.000702714,,,602.9495174,,0
Year 1 Sep 10 12:00 PM,726.6513508,,726.6415121,0.99998646,0.009838725,,,726.6513508,,0
Year 1 Sep 10 1:00 PM,648.5563243,,165.6912648,0.255477063,482.8650595,,,648.5563243,,0
Year 1 Sep 10 2:00 PM,324.8809042,,105.7782583,0.325590876,219.1026459,,,324.8809042,,0
Year 1 Sep 10 3:00 PM,137.7078063,,103.1401957,0.748978569,34.56761055,,,137.7078063,,0
Year 1 Sep 10 4:00 PM,97.38934976,,82.40492996,0.84613903,14.9844198,,,97.38934976,,0
Year 1 Sep 10 5:00 PM,45.07377594,,42.39042089,0.940467489,2.683355054,,,45.07377594,,0
Year 1 Sep 10 6:00 PM,16.24880837,,15.73402736,0.968318846,0.514781007,,,16.24880837,,0
Year 1 Sep 10 7:00 PM,0,,0,#DIV/0!,0,,,0,,0
Year 1 Sep 10 8:00 PM,0,,0,#DIV/0!,0,,,0,,0
Year 1 Sep 10 9:00 PM,0,,0,#DIV/0!,0,,,0,,0
Year 1 Sep 10 10:00 PM,0,,0,#DIV/0!,0,,,0,,0
Year 1 Sep 10 11:00 PM,0,,0,#DIV/0!,0,,,0,,0
Year 1 Sep 11 12:00 AM,0,,0,#DIV/0!,0,,,0,,0
Year 1 Sep 11 1:00 AM,0,,0,#DIV/0!,0,,,0,,0
Year 1 Sep 11 2:00 AM,0,,0,#DIV/0!,0,,,0,,0
Year 1 Sep 11 3:00 AM,0,,0,#DIV/0!,0,,,0,,0
Year 1 Sep 11 4:00 AM,0,,0,#DIV/0!,0,,,0,,0
Year 1 Sep 11 5:00 AM,0,,0,#DIV/0!,0,,,0,,0
Year 1 Sep 11 6:00 AM,14.27998003,,14.27991928,0.999995746,6.07453E-05,,,14.27998003,,0
Year 1 Sep 11 7:00 AM,102.9323667,,102.9321109,0.999997516,0.000255727,,,102.9323667,,0
Year 1 Sep 11 8:00 AM,267.8331386,,267.8331314,0.999999973,7.20584E-06,,,267.8331386,,0
Year 1 Sep 11 9:00 AM,382.1173469,,382.1166823,0.999998261,0.00066461,,,382.1173469,,0
Year 1 Sep 11 10:00 AM,537.6524273,,537.6456421,0.99998738,0.006785128,,,537.6524273,,0
Year 1 Sep 11 11:00 AM,614.5903107,,614.5896539,0.999998931,0.000656815,,,614.5903107,,0
Year 1 Sep 11 12:00 PM,632.5644662,,632.5560376,0.999986676,0.008428585,,,632.5644662,,0
Year 1 Sep 11 1:00 PM,715.0872106,,134.049404,0.187458819,581.0378065,,,715.0872106,,0
Year 1 Sep 11 2:00 PM,670.0036357,,27.15461288,0.040529053,642.8490229,,,670.0036357,,0
Year 1 Sep 11 3:00 PM,534.9048329,,27.48040489,0.051374381,507.4244281,,,534.9048329,,0
Year 1 Sep 11 4:00 PM,359.3621408,,40.66580303,0.113161066,318.6963378,,,359.3621408,,0
Year 1 Sep 11 5:00 PM,173.6922028,,30.3122633,0.174517122,143.3799395,,,173.6922028,,0
Year 1 Sep 11 6:00 PM,38.12886782,,17.78781074,0.466518199,20.34105707,,,38.12886782,,0
Year 1 Sep 11 7:00 PM,0,,0,#DIV/0!,0,,,0,,0
Year 1 Sep 11 8:00 PM,0,,0,#DIV/0!,0,,,0,,0
Year 1 Sep 11 9:00 PM,0,,0,#DIV/0!,0,,,0,,0
Year 1 Sep 11 10:00 PM,0,,0,#DIV/0!,0,,,0,,0
Year 1 Sep 11 11:00 PM,0,,0,#DIV/0!,0,,,0,,0
Year 1 Sep 12 12:00 AM,0,,0,#DIV/0!,0,,,0,,0
Year 1 Sep 12 1:00 AM,0,,0,#DIV/0!,0,,,0,,0
Year 1 Sep 12 2:00 AM,0,,0,#DIV/0!,0,,,0,,0
Year 1 Sep 12 3:00 AM,0,,0,#DIV/0!,0,,,0,,0
Year 1 Sep 12 4:00 AM,0,,0,#DIV/0!,0,,,0,,0
Year 1 Sep 12 5:00 AM,0,,0,#DIV/0!,0,,,0,,0
Year 1 Sep 12 6:00 AM,5.101409886,,5.101407737,0.999999579,2.14829E-06,,,5.101409886,,0
Year 1 Sep 12 7:00 AM,34.66470632,,34.66467177,0.999999003,3.45509E-05,,,34.66470632,,0
Year 1 Sep 12 8:00 AM,164.074124,,164.0741061,0.999999891,1.78792E-05,,,164.074124,,0
Year 1 Sep 12 9:00 AM,415.3363298,,415.3356537,0.999998372,0.000676143,,,415.3363298,,0
Year 1 Sep 12 10:00 AM,551.1502747,,551.143138,0.999987051,0.007136633,,,551.1502747,,0
Year 1 Sep 12 11:00 AM,674.5399052,,674.5391348,0.999998858,0.000770423,,,674.5399052,,0
Year 1 Sep 12 12:00 PM,671.4538518,,671.4444553,0.999986006,0.009396556,,,671.4538518,,0
Year 1 Sep 12 1:00 PM,405.4182168,,143.5198382,0.354004414,261.8983786,,,405.4182168,,0
Year 1 Sep 12 2:00 PM,522.9197577,,53.57464061,0.10245289,469.3451171,,,522.9197577,,0
Year 1 Sep 12 3:00 PM,422.8283642,,44.72320024,0.105771523,378.105164,,,422.8283642,,0
Year 1 Sep 12 4:00 PM,356.1561363,,28.92365475,0.081210603,327.2324816,,,356.1561363,,0
Year 1 Sep 12 5:00 PM,159.9121359,,36.07039074,0.225563811,123.8417452,,,159.9121359,,0
Year 1 Sep 12 6:00 PM,42.69602035,,17.48827333,0.409599611,25.20774702,,,42.69602035,,0
Year 1 Sep 12 7:00 PM,0,,0,#DIV/0!,0,,,0,,0
Year 1 Sep 12 8:00 PM,0,,0,#DIV/0!,0,,,0,,0
Year 1 Sep 12 9:00 PM,0,,0,#DIV/0!,0,,,0,,0
Year 1 Sep 12 10:00 PM,0,,0,#DIV/0!,0,,,0,,0
Year 1 Sep 12 11:00 PM,0,,0,#DIV/0!,0,,,0,,0
Year 1 Sep 13 12:00 AM,0,,0,#DIV/0!,0,,,0,,0
Year 1 Sep 13 1:00 AM,0,,0,#DIV/0!,0,,,0,,0
Year 1 Sep 13 2:00 AM,0,,0,#DIV/0!,0,,,0,,0
Year 1 Sep 13 3:00 AM,0,,0,#DIV/0!,0,,,0,,0
Year 1 Sep 13 4:00 AM,0,,0,#DIV/0!,0,,,0,,0
Year 1 Sep 13 5:00 AM,0,,0,#DIV/0!,0,,,0,,0
Year 1 Sep 13 6:00 AM,12.56915544,,12.56908394,0.999994311,7.15012E-05,,,12.56915544,,0
Year 1 Sep 13 7:00 AM,83.52077351,,83.52059806,0.999997899,0.000175452,,,83.52077351,,0
Year 1 Sep 13 8:00 AM,129.7533167,,129.7533007,0.999999877,1.59865E-05,,,129.7533167,,0
Year 1 Sep 13 9:00 AM,261.7172347,,261.7168636,0.999998582,0.000371152,,,261.7172347,,0
Year 1 Sep 13 10:00 AM,177.0157751,,177.0145454,0.999993053,0.001229708,,,177.0157751,,0
Year 1 Sep 13 11:00 AM,103.617898,,103.6178628,0.999999661,3.51039E-05,,,103.617898,,0
Year 1 Sep 13 12:00 PM,115.37104,,115.3707427,0.999997423,0.000297326,,,115.37104,,0
Year 1 Sep 13 1:00 PM,266.9169766,,109.5763961,0.41052614,157.3405805,,,266.9169766,,0
Year 1 Sep 13 2:00 PM,584.0567595,,35.10746799,0.060109685,548.9492915,,,584.0567595,,0
Year 1 Sep 13 3:00 PM,439.8231565,,47.26897781,0.10747269,392.5541787,,,439.8231565,,0
Year 1 Sep 13 4:00 PM,156.183924,,73.91077274,0.473229068,82.27315125,,,156.183924,,0
Year 1 Sep 13 5:00 PM,57.84162557,,41.45747986,0.716741265,16.38414571,,,57.84162557,,0
Year 1 Sep 13 6:00 PM,29.64296178,,19.39423997,0.654261208,10.2487218,,,29.64296178,,0
Year 1 Sep 13 7:00 PM,0,,0,#DIV/0!,0,,,0,,0
Year 1 Sep 13 8:00 PM,0,,0,#DIV/0!,0,,,0,,0
Year 1 Sep 13 9:00 PM,0,,0,#DIV/0!,0,,,0,,0
Year 1 Sep 13 10:00 PM,0,,0,#DIV/0!,0,,,0,,0
Year 1 Sep 13 11:00 PM,0,,0,#DIV/0!,0,,,0,,0
Year 1 Sep 14 12:00 AM,0,,0,#DIV/0!,0,,,0,,0
Year 1 Sep 14 1:00 AM,0,,0,#DIV/0!,0,,,0,,0
Year 1 Sep 14 2:00 AM,0,,0,#DIV/0!,0,,,0,,0
Year 1 Sep 14 3:00 AM,0,,0,#DIV/0!,0,,,0,,0
Year 1 Sep 14 4:00 AM,0,,0,#DIV/0!,0,,,0,,0
Year 1 Sep 14 5:00 AM,0,,0,#DIV/0!,0,,,0,,0
Year 1 Sep 14 6:00 AM,14.39371783,,14.39361864,0.999993109,9.91891E-05,,,14.39371783,,0
Year 1 Sep 14 7:00 AM,134.28598,,134.2855882,0.999997083,0.000391769,,,134.28598,,0
Year 1 Sep 14 8:00 AM,317.6942588,,317.6942536,0.999999984,5.21371E-06,,,317.6942588,,0
Year 1 Sep 14 9:00 AM,480.1941651,,480.1933111,0.999998221,0.000854037,,,480.1941651,,0
Year 1 Sep 14 10:00 AM,650.9487467,,650.9402639,0.999986969,0.00848281,,,650.9487467,,0
Year 1 Sep 14 11:00 AM,741.5453828,,741.5445686,0.999998902,0.000814208,,,741.5453828,,0
Year 1 Sep 14 12:00 PM,751.6050572,,751.5944542,0.999985893,0.010602938,,,751.6050572,,0
Year 1 Sep 14 1:00 PM,741.9625782,,136.2829156,0.183678961,605.6796626,,,741.9625782,,0
Year 1 Sep 14 2:00 PM,650.9617426,,28.88525098,0.044373193,622.0764916,,,650.9617426,,0
Year 1 Sep 14 3:00 PM,530.6004898,,26.04966644,0.04909469,504.5508233,,,530.6004898,,0
Year 1 Sep 14 4:00 PM,340.3721565,,36.12991861,0.106148279,304.2422379,,,340.3721565,,0
Year 1 Sep 14 5:00 PM,95.75282333,,47.24971123,0.493455019,48.5031121,,,95.75282333,,0
Year 1 Sep 14 6:00 PM,21.59064027,,15.26002541,0.706788924,6.330614859,,,21.59064027,,0
Year 1 Sep 14 7:00 PM,0,,0,#DIV/0!,0,,,0,,0
Year 1 Sep 14 8:00 PM,0,,0,#DIV/0!,0,,,0,,0
Year 1 Sep 14 9:00 PM,0,,0,#DIV/0!,0,,,0,,0
Year 1 Sep 14 10:00 PM,0,,0,#DIV/0!,0,,,0,,0
Year 1 Sep 14 11:00 PM,0,,0,#DIV/0!,0,,,0,,0
Year 1 Sep 15 12:00 AM,0,,0,#DIV/0!,0,,,0,,0
Year 1 Sep 15 1:00 AM,0,,0,#DIV/0!,0,,,0,,0
Year 1 Sep 15 2:00 AM,0,,0,#DIV/0!,0,,,0,,0
Year 1 Sep 15 3:00 AM,0,,0,#DIV/0!,0,,,0,,0
Year 1 Sep 15 4:00 AM,0,,0,#DIV/0!,0,,,0,,0
Year 1 Sep 15 5:00 AM,0,,0,#DIV/0!,0,,,0,,0
Year 1 Sep 15 6:00 AM,7.582747323,,7.582740258,0.999999068,7.06417E-06,,,7.582747323,,0
Year 1 Sep 15 7:00 AM,43.27707214,,43.27701693,0.999998724,5.52049E-05,,,43.27707214,,0
Year 1 Sep 15 8:00 AM,150.6210811,,150.621065,0.999999893,1.61043E-05,,,150.6210811,,0
Year 1 Sep 15 9:00 AM,307.356808,,307.3564155,0.999998723,0.000392511,,,307.356808,,0
Year 1 Sep 15 10:00 AM,429.48427,,429.4796501,0.999989243,0.004619929,,,429.48427,,0
Year 1 Sep 15 11:00 AM,570.7129135,,570.7123426,0.999999,0.000570903,,,570.7129135,,0
Year 1 Sep 15 12:00 PM,480.9230505,,480.9173233,0.999988091,0.00572723,,,480.9230505,,0
Year 1 Sep 15 1:00 PM,190.6109024,,150.3380726,0.788717071,40.27282985,,,190.6109024,,0
Year 1 Sep 15 2:00 PM,142.3027545,,119.8667406,0.842336053,22.43601387,,,142.3027545,,0
Year 1 Sep 15 3:00 PM,147.5570862,,112.9105134,0.765198855,34.64657275,,,147.5570862,,0
Year 1 Sep 15 4:00 PM,159.0835957,,93.98344157,0.590780219,65.10015412,,,159.0835957,,0
Year 1 Sep 15 5:00 PM,68.88316627,,54.06891427,0.784936541,14.814252,,,68.88316627,,0
Year 1 Sep 15 6:00 PM,16.71007148,,15.32704853,0.917234169,1.383022952,,,16.71007148,,0
Year 1 Sep 15 7:00 PM,0,,0,#DIV/0!,0,,,0,,0
Year 1 Sep 15 8:00 PM,0,,0,#DIV/0!,0,,,0,,0
Year 1 Sep 15 9:00 PM,0,,0,#DIV/0!,0,,,0,,0
Year 1 Sep 15 10:00 PM,0,,0,#DIV/0!,0,,,0,,0
Year 1 Sep 15 11:00 PM,0,,0,#DIV/0!,0,,,0,,0
Year 1 Sep 16 12:00 AM,0,,0,#DIV/0!,0,,,0,,0
Year 1 Sep 16 1:00 AM,0,,0,#DIV/0!,0,,,0,,0
Year 1 Sep 16 2:00 AM,0,,0,#DIV/0!,0,,,0,,0
Year 1 Sep 16 3:00 AM,0,,0,#DIV/0!,0,,,0,,0
Year 1 Sep 16 4:00 AM,0,,0,#DIV/0!,0,,,0,,0
Year 1 Sep 16 5:00 AM,0,,0,#DIV/0!,0,,,0,,0
Year 1 Sep 16 6:00 AM,6.092947984,,6.092942792,0.999999148,5.19136E-06,,,6.092947984,,0
Year 1 Sep 16 7:00 AM,35.87873866,,35.87871865,0.999999442,2.0013E-05,,,35.87873866,,0
Year 1 Sep 16 8:00 AM,78.62107512,,78.62105783,0.99999978,1.72915E-05,,,78.62107512,,0
Year 1 Sep 16 9:00 AM,95.48688121,,95.48684011,0.99999957,4.10951E-05,,,95.48688121,,0
Year 1 Sep 16 10:00 AM,111.1979031,,111.1976748,0.999997947,0.000228331,,,111.1979031,,0
Year 1 Sep 16 11:00 AM,111.3563849,,111.3563467,0.999999657,3.81601E-05,,,111.3563849,,0
Year 1 Sep 16 12:00 PM,116.8741727,,116.8739674,0.999998243,0.000205319,,,116.8741727,,0
Year 1 Sep 16 1:00 PM,140.2893785,,122.9917019,0.876700027,17.29767657,,,140.2893785,,0
Year 1 Sep 16 2:00 PM,210.5795545,,146.0001269,0.693325272,64.5794276,,,210.5795545,,0
Year 1 Sep 16 3:00 PM,229.9600187,,106.8880111,0.464811282,123.0720076,,,229.9600187,,0
Year 1 Sep 16 4:00 PM,165.4501894,,70.76523575,0.427713235,94.68495367,,,165.4501894,,0
Year 1 Sep 16 5:00 PM,78.39075757,,57.05298053,0.727802388,21.33777704,,,78.39075757,,0
Year 1 Sep 16 6:00 PM,21.31519387,,15.93512334,0.747594577,5.380070529,,,21.31519387,,0
Year 1 Sep 16 7:00 PM,0,,0,#DIV/0!,0,,,0,,0
Year 1 Sep 16 8:00 PM,0,,0,#DIV/0!,0,,,0,,0
Year 1 Sep 16 9:00 PM,0,,0,#DIV/0!,0,,,0,,0
Year 1 Sep 16 10:00 PM,0,,0,#DIV/0!,0,,,0,,0
Year 1 Sep 16 11:00 PM,0,,0,#DIV/0!,0,,,0,,0
Year 1 Sep 17 12:00 AM,0,,0,#DIV/0!,0,,,0,,0
Year 1 Sep 17 1:00 AM,0,,0,#DIV/0!,0,,,0,,0
Year 1 Sep 17 2:00 AM,0,,0,#DIV/0!,0,,,0,,0
Year 1 Sep 17 3:00 AM,0,,0,#DIV/0!,0,,,0,,0
Year 1 Sep 17 4:00 AM,0,,0,#DIV/0!,0,,,0,,0
Year 1 Sep 17 5:00 AM,0,,0,#DIV/0!,0,,,0,,0
Year 1 Sep 17 6:00 AM,4.324148056,,4.324146093,0.999999546,1.96335E-06,,,4.324148056,,0
Year 1 Sep 17 7:00 AM,21.43437652,,21.43436842,0.999999622,8.10069E-06,,,21.43437652,,0
Year 1 Sep 17 8:00 AM,36.33769663,,36.33768777,0.999999756,8.86164E-06,,,36.33769663,,0
Year 1 Sep 17 9:00 AM,58.49032821,,58.4903077,0.999999649,2.05085E-05,,,58.49032821,,0
Year 1 Sep 17 10:00 AM,88.33488733,,88.33476191,0.99999858,0.000125417,,,88.33488733,,0
Year 1 Sep 17 11:00 AM,171.2492558,,171.2491763,0.999999536,7.95391E-05,,,171.2492558,,0
Year 1 Sep 17 12:00 PM,199.5634394,,199.5627737,0.999996664,0.000665777,,,199.5634394,,0
Year 1 Sep 17 1:00 PM,187.2164665,,155.7106867,0.831714697,31.50577983,,,187.2164665,,0
Year 1 Sep 17 2:00 PM,174.9474174,,140.3294069,0.802123341,34.61801051,,,174.9474174,,0
Year 1 Sep 17 3:00 PM,101.8749374,,90.81448607,0.891431085,11.06045138,,,101.8749374,,0
Year 1 Sep 17 4:00 PM,108.8191187,,88.74396354,0.815518124,20.07515516,,,108.8191187,,0
Year 1 Sep 17 5:00 PM,59.027407,,41.66841447,0.705916397,17.35899253,,,59.027407,,0
Year 1 Sep 17 6:00 PM,13.08502334,,11.72615615,0.896150954,1.358867188,,,13.08502334,,0
Year 1 Sep 17 7:00 PM,0,,0,#DIV/0!,0,,,0,,0
Year 1 Sep 17 8:00 PM,0,,0,#DIV/0!,0,,,0,,0
Year 1 Sep 17 9:00 PM,0,,0,#DIV/0!,0,,,0,,0
Year 1 Sep 17 10:00 PM,0,,0,#DIV/0!,0,,,0,,0
Year 1 Sep 17 11:00 PM,0,,0,#DIV/0!,0,,,0,,0
Year 1 Sep 18 12:00 AM,0,,0,#DIV/0!,0,,,0,,0
Year 1 Sep 18 1:00 AM,0,,0,#DIV/0!,0,,,0,,0
Year 1 Sep 18 2:00 AM,0,,0,#DIV/0!,0,,,0,,0
Year 1 Sep 18 3:00 AM,0,,0,#DIV/0!,0,,,0,,0
Year 1 Sep 18 4:00 AM,0,,0,#DIV/0!,0,,,0,,0
Year 1 Sep 18 5:00 AM,0,,0,#DIV/0!,0,,,0,,0
Year 1 Sep 18 6:00 AM,5.09110018,,5.091098954,0.999999759,1.22646E-06,,,5.09110018,,0
Year 1 Sep 18 7:00 AM,27.6358956,,27.63588293,0.999999541,1.26713E-05,,,27.6358956,,0
Year 1 Sep 18 8:00 AM,60.42216843,,60.42213926,0.999999517,2.91602E-05,,,60.42216843,,0
Year 1 Sep 18 9:00 AM,113.4053341,,113.4050998,0.999997934,0.000234262,,,113.4053341,,0
Year 1 Sep 18 10:00 AM,142.664288,,142.6639491,0.999997624,0.000338957,,,142.664288,,0
Year 1 Sep 18 11:00 AM,181.9017393,,181.901566,0.999999048,0.000173258,,,181.9017393,,0
Year 1 Sep 18 12:00 PM,193.2099531,,193.2096543,0.999998454,0.000298762,,,193.2099531,,0
Year 1 Sep 18 1:00 PM,176.0075622,,146.2721962,0.831056316,29.73536601,,,176.0075622,,0
Year 1 Sep 18 2:00 PM,107.2535786,,96.19487366,0.896891972,11.05870495,,,107.2535786,,0
Year 1 Sep 18 3:00 PM,92.17658642,,84.24075925,0.913906259,7.935827167,,,92.17658642,,0
Year 1 Sep 18 4:00 PM,57.61416289,,55.26437063,0.959215024,2.349792261,,,57.61416289,,0
Year 1 Sep 18 5:00 PM,32.46107495,,31.91447282,0.983161305,0.546602132,,,32.46107495,,0
Year 1 Sep 18 6:00 PM,9.541612478,,9.535154899,0.999323219,0.006457579,,,9.541612478,,0
Year 1 Sep 18 7:00 PM,0,,0,#DIV/0!,0,,,0,,0
Year 1 Sep 18 8:00 PM,0,,0,#DIV/0!,0,,,0,,0
Year 1 Sep 18 9:00 PM,0,,0,#DIV/0!,0,,,0,,0
Year 1 Sep 18 10:00 PM,0,,0,#DIV/0!,0,,,0,,0
Year 1 Sep 18 11:00 PM,0,,0,#DIV/0!,0,,,0,,0
Year 1 Sep 19 12:00 AM,0,,0,#DIV/0!,0,,,0,,0
Year 1 Sep 19 1:00 AM,0,,0,#DIV/0!,0,,,0,,0
Year 1 Sep 19 2:00 AM,0,,0,#DIV/0!,0,,,0,,0
Year 1 Sep 19 3:00 AM,0,,0,#DIV/0!,0,,,0,,0
Year 1 Sep 19 4:00 AM,0,,0,#DIV/0!,0,,,0,,0
Year 1 Sep 19 5:00 AM,0,,0,#DIV/0!,0,,,0,,0
Year 1 Sep 19 6:00 AM,7.841331272,,7.841330012,0.999999839,1.25971E-06,,,7.841331272,,0
Year 1 Sep 19 7:00 AM,86.85287737,,86.85252443,0.999995936,0.000352941,,,86.85287737,,0
Year 1 Sep 19 8:00 AM,250.662972,,250.6624002,0.999997719,0.000571806,,,250.662972,,0
Year 1 Sep 19 9:00 AM,426.7960475,,426.7913159,0.999988914,0.004731646,,,426.7960475,,0
Year 1 Sep 19 10:00 AM,554.4059529,,554.3993456,0.999988082,0.006607323,,,554.4059529,,0
Year 1 Sep 19 11:00 AM,523.9728441,,523.9711664,0.999996798,0.001677752,,,523.9728441,,0
Year 1 Sep 19 12:00 PM,473.2593453,,473.2569862,0.999995015,0.002359093,,,473.2593453,,0
Year 1 Sep 19 1:00 PM,453.3460924,,150.0058551,0.330885956,303.3402373,,,453.3460924,,0
Year 1 Sep 19 2:00 PM,293.3319882,,108.7764532,0.370830518,184.555535,,,293.3319882,,0
Year 1 Sep 19 3:00 PM,172.2870995,,97.80755251,0.567700964,74.47954697,,,172.2870995,,0
Year 1 Sep 19 4:00 PM,81.59953031,,71.02237218,0.870377218,10.57715814,,,81.59953031,,0
Year 1 Sep 19 5:00 PM,29.00966421,,27.94168793,0.9631855,1.06797628,,,29.00966421,,0
Year 1 Sep 19 6:00 PM,8.530239004,,8.497960993,0.996216048,0.032278011,,,8.530239004,,0
Year 1 Sep 19 7:00 PM,0,,0,#DIV/0!,0,,,0,,0
Year 1 Sep 19 8:00 PM,0,,0,#DIV/0!,0,,,0,,0
Year 1 Sep 19 9:00 PM,0,,0,#DIV/0!,0,,,0,,0
Year 1 Sep 19 10:00 PM,0,,0,#DIV/0!,0,,,0,,0
Year 1 Sep 19 11:00 PM,0,,0,#DIV/0!,0,,,0,,0
Year 1 Sep 20 12:00 AM,0,,0,#DIV/0!,0,,,0,,0
Year 1 Sep 20 1:00 AM,0,,0,#DIV/0!,0,,,0,,0
Year 1 Sep 20 2:00 AM,0,,0,#DIV/0!,0,,,0,,0
Year 1 Sep 20 3:00 AM,0,,0,#DIV/0!,0,,,0,,0
Year 1 Sep 20 4:00 AM,0,,0,#DIV/0!,0,,,0,,0
Year 1 Sep 20 5:00 AM,0,,0,#DIV/0!,0,,,0,,0
Year 1 Sep 20 6:00 AM,4.498243609,,4.498242588,0.999999773,1.02158E-06,,,4.498243609,,0
Year 1 Sep 20 7:00 AM,36.69587973,,36.69584693,0.999999106,3.27942E-05,,,36.69587973,,0
Year 1 Sep 20 8:00 AM,75.99381486,,75.99377215,0.999999438,4.27051E-05,,,75.99381486,,0
Year 1 Sep 20 9:00 AM,138.8455619,,138.8452589,0.999997818,0.000302976,,,138.8455619,,0
Year 1 Sep 20 10:00 AM,261.7110173,,261.7090056,0.999992313,0.002011731,,,261.7110173,,0
Year 1 Sep 20 11:00 AM,173.7484586,,173.7481648,0.999998309,0.000293733,,,173.7484586,,0
Year 1 Sep 20 12:00 PM,315.8675577,,315.8662448,0.999995844,0.001312872,,,315.8675577,,0
Year 1 Sep 20 1:00 PM,200.5119401,,152.6528583,0.761315551,47.85908186,,,200.5119401,,0
Year 1 Sep 20 2:00 PM,155.0238593,,123.0117494,0.793502045,32.01210987,,,155.0238593,,0
Year 1 Sep 20 3:00 PM,116.0225944,,98.68337601,0.850553089,17.33921835,,,116.0225944,,0
Year 1 Sep 20 4:00 PM,77.19235517,,55.97026107,0.725075183,21.2220941,,,77.19235517,,0
Year 1 Sep 20 5:00 PM,77.95282022,,34.51038001,0.44270855,43.44244021,,,77.95282022,,0
Year 1 Sep 20 6:00 PM,10.81742112,,8.342944279,0.771250762,2.474476843,,,10.81742112,,0
Year 1 Sep 20 7:00 PM,0,,0,#DIV/0!,0,,,0,,0
Year 1 Sep 20 8:00 PM,0,,0,#DIV/0!,0,,,0,,0
Year 1 Sep 20 9:00 PM,0,,0,#DIV/0!,0,,,0,,0
Year 1 Sep 20 10:00 PM,0,,0,#DIV/0!,0,,,0,,0
Year 1 Sep 20 11:00 PM,0,,0,#DIV/0!,0,,,0,,0
Year 1 Sep 21 12:00 AM,0,,0,#DIV/0!,0,,,0,,0
Year 1 Sep 21 1:00 AM,0,,0,#DIV/0!,0,,,0,,0
Year 1 Sep 21 2:00 AM,0,,0,#DIV/0!,0,,,0,,0
Year 1 Sep 21 3:00 AM,0,,0,#DIV/0!,0,,,0,,0
Year 1 Sep 21 4:00 AM,0,,0,#DIV/0!,0,,,0,,0
Year 1 Sep 21 5:00 AM,0,,0,#DIV/0!,0,,,0,,0
Year 1 Sep 21 6:00 AM,5.935642658,,5.935641431,0.999999793,1.22685E-06,,,5.935642658,,0
Year 1 Sep 21 7:00 AM,37.02332874,,37.02328745,0.999998885,4.12839E-05,,,37.02332874,,0
Year 1 Sep 21 8:00 AM,59.10090007,,59.10087033,0.999999497,2.97356E-05,,,59.10090007,,0
Year 1 Sep 21 9:00 AM,106.6938624,,106.6936456,0.999997967,0.00021688,,,106.6938624,,0
Year 1 Sep 21 10:00 AM,146.7762171,,146.77587,0.999997635,0.00034709,,,146.7762171,,0
Year 1 Sep 21 11:00 AM,111.979979,,111.9799029,0.99999932,7.61743E-05,,,111.979979,,0
Year 1 Sep 21 12:00 PM,132.5073976,,132.507239,0.999998803,0.000158657,,,132.5073976,,0
Year 1 Sep 21 1:00 PM,172.9641093,,143.3454515,0.82875836,29.61865781,,,172.9641093,,0
Year 1 Sep 21 2:00 PM,119.600652,,103.5822136,0.866067298,16.01843849,,,119.600652,,0
Year 1 Sep 21 3:00 PM,94.02127177,,83.63573551,0.889540568,10.38553627,,,94.02127177,,0
Year 1 Sep 21 4:00 PM,64.81479123,,58.49800436,0.902540967,6.316786866,,,64.81479123,,0
Year 1 Sep 21 5:00 PM,34.25746809,,31.56535325,0.921415242,2.692114837,,,34.25746809,,0
Year 1 Sep 21 6:00 PM,6.382663657,,6.283675165,0.984491037,0.098988492,,,6.382663657,,0
Year 1 Sep 21 7:00 PM,0,,0,#DIV/0!,0,,,0,,0
Year 1 Sep 21 8:00 PM,0,,0,#DIV/0!,0,,,0,,0
Year 1 Sep 21 9:00 PM,0,,0,#DIV/0!,0,,,0,,0
Year 1 Sep 21 10:00 PM,0,,0,#DIV/0!,0,,,0,,0
Year 1 Sep 21 11:00 PM,0,,0,#DIV/0!,0,,,0,,0
Year 1 Sep 22 12:00 AM,0,,0,#DIV/0!,0,,,0,,0
Year 1 Sep 22 1:00 AM,0,,0,#DIV/0!,0,,,0,,0
Year 1 Sep 22 2:00 AM,0,,0,#DIV/0!,0,,,0,,0
Year 1 Sep 22 3:00 AM,0,,0,#DIV/0!,0,,,0,,0
Year 1 Sep 22 4:00 AM,0,,0,#DIV/0!,0,,,0,,0
Year 1 Sep 22 5:00 AM,0,,0,#DIV/0!,0,,,0,,0
Year 1 Sep 22 6:00 AM,6.37285986,,6.372858685,0.999999816,1.17483E-06,,,6.37285986,,0
Year 1 Sep 22 7:00 AM,44.5292881,,44.52919821,0.999997981,8.98967E-05,,,44.5292881,,0
Year 1 Sep 22 8:00 AM,93.93048383,,93.93032433,0.999998302,0.0001595,,,93.93048383,,0
Year 1 Sep 22 9:00 AM,275.4010346,,275.3984665,0.999990675,0.002568068,,,275.4010346,,0
Year 1 Sep 22 10:00 AM,221.5447468,,221.5440035,0.999996645,0.000743329,,,221.5447468,,0
Year 1 Sep 22 11:00 AM,179.9180686,,179.9178892,0.999999003,0.000179372,,,179.9180686,,0
Year 1 Sep 22 12:00 PM,170.6917227,,170.6914655,0.999998494,0.000257106,,,170.6917227,,0
Year 1 Sep 22 1:00 PM,213.5808224,,135.2263416,0.633138969,78.35448077,,,213.5808224,,0
Year 1 Sep 22 2:00 PM,278.6466767,,92.66486684,0.332553282,185.9818098,,,278.6466767,,0
Year 1 Sep 22 3:00 PM,90.2638864,,65.11686266,0.721405484,25.14702374,,,90.2638864,,0
Year 1 Sep 22 4:00 PM,82.98069504,,62.13894518,0.748836162,20.84174985,,,82.98069504,,0
Year 1 Sep 22 5:00 PM,47.15878071,,39.8326242,0.844649153,7.326156516,,,47.15878071,,0
Year 1 Sep 22 6:00 PM,12.77158813,,9.972700905,0.780850494,2.798887226,,,12.77158813,,0
Year 1 Sep 22 7:00 PM,0,,0,#DIV/0!,0,,,0,,0
Year 1 Sep 22 8:00 PM,0,,0,#DIV/0!,0,,,0,,0
Year 1 Sep 22 9:00 PM,0,,0,#DIV/0!,0,,,0,,0
Year 1 Sep 22 10:00 PM,0,,0,#DIV/0!,0,,,0,,0
Year 1 Sep 22 11:00 PM,0,,0,#DIV/0!,0,,,0,,0
Year 1 Sep 23 12:00 AM,0,,0,#DIV/0!,0,,,0,,0
Year 1 Sep 23 1:00 AM,0,,0,#DIV/0!,0,,,0,,0
Year 1 Sep 23 2:00 AM,0,,0,#DIV/0!,0,,,0,,0
Year 1 Sep 23 3:00 AM,0,,0,#DIV/0!,0,,,0,,0
Year 1 Sep 23 4:00 AM,0,,0,#DIV/0!,0,,,0,,0
Year 1 Sep 23 5:00 AM,0,,0,#DIV/0!,0,,,0,,0
Year 1 Sep 23 6:00 AM,5.824225515,,5.824224703,0.999999861,8.11979E-07,,,5.824225515,,0
Year 1 Sep 23 7:00 AM,86.10946384,,86.10910014,0.999995776,0.000363695,,,86.10946384,,0
Year 1 Sep 23 8:00 AM,255.1373649,,255.136771,0.999997672,0.000593922,,,255.1373649,,0
Year 1 Sep 23 9:00 AM,432.0969696,,432.0921379,0.999988818,0.004831687,,,432.0969696,,0
Year 1 Sep 23 10:00 AM,572.4125659,,572.4055789,0.999987794,0.006986995,,,572.4125659,,0
Year 1 Sep 23 11:00 AM,627.3403151,,627.3381386,0.999996531,0.002176441,,,627.3403151,,0
Year 1 Sep 23 12:00 PM,589.9396586,,589.9361908,0.999994122,0.003467803,,,589.9396586,,0
Year 1 Sep 23 1:00 PM,564.21952,,101.0128265,0.179031074,463.2066935,,,564.21952,,0
Year 1 Sep 23 2:00 PM,525.2622255,,47.49185297,0.090415512,477.7703725,,,525.2622255,,0
Year 1 Sep 23 3:00 PM,470.8587352,,28.51602943,0.060561751,442.3427058,,,470.8587352,,0
Year 1 Sep 23 4:00 PM,306.1352319,,22.95964751,0.074998383,283.1755844,,,306.1352319,,0
Year 1 Sep 23 5:00 PM,128.849431,,17.74760869,0.137739131,111.1018223,,,128.849431,,0
Year 1 Sep 23 6:00 PM,16.28919944,,7.419245798,0.455470253,8.869953642,,,16.28919944,,0
Year 1 Sep 23 7:00 PM,0,,0,#DIV/0!,0,,,0,,0
Year 1 Sep 23 8:00 PM,0,,0,#DIV/0!,0,,,0,,0
Year 1 Sep 23 9:00 PM,0,,0,#DIV/0!,0,,,0,,0
Year 1 Sep 23 10:00 PM,0,,0,#DIV/0!,0,,,0,,0
Year 1 Sep 23 11:00 PM,0,,0,#DIV/0!,0,,,0,,0
Year 1 Sep 24 12:00 AM,0,,0,#DIV/0!,0,,,0,,0
Year 1 Sep 24 1:00 AM,0,,0,#DIV/0!,0,,,0,,0
Year 1 Sep 24 2:00 AM,0,,0,#DIV/0!,0,,,0,,0
Year 1 Sep 24 3:00 AM,0,,0,#DIV/0!,0,,,0,,0
Year 1 Sep 24 4:00 AM,0,,0,#DIV/0!,0,,,0,,0
Year 1 Sep 24 5:00 AM,0,,0,#DIV/0!,0,,,0,,0
Year 1 Sep 24 6:00 AM,4.982741863,,4.982741169,0.999999861,6.93331E-07,,,4.982741863,,0
Year 1 Sep 24 7:00 AM,77.1620296,,77.16172023,0.999995991,0.000309378,,,77.1620296,,0
Year 1 Sep 24 8:00 AM,198.5521318,,198.5517659,0.999998157,0.000365937,,,198.5521318,,0
Year 1 Sep 24 9:00 AM,204.8116664,,204.8109814,0.999996656,0.000684978,,,204.8116664,,0
Year 1 Sep 24 10:00 AM,503.602564,,503.5961871,0.999987337,0.00637691,,,503.602564,,0
Year 1 Sep 24 11:00 AM,610.1577615,,610.1556571,0.999996551,0.002104387,,,610.1577615,,0
Year 1 Sep 24 12:00 PM,657.102273,,657.0982881,0.999993936,0.003984918,,,657.102273,,0
Year 1 Sep 24 1:00 PM,640.6514491,,99.49673933,0.155305571,541.1547098,,,640.6514491,,0
Year 1 Sep 24 2:00 PM,528.8761663,,54.63775995,0.103309174,474.2384064,,,528.8761663,,0
Year 1 Sep 24 3:00 PM,384.1379793,,48.50318717,0.126265014,335.6347922,,,384.1379793,,0
Year 1 Sep 24 4:00 PM,258.4917836,,36.42724598,0.140922259,222.0645376,,,258.4917836,,0
Year 1 Sep 24 5:00 PM,99.25593288,,28.79306398,0.290089097,70.4628689,,,99.25593288,,0
Year 1 Sep 24 6:00 PM,9.486592956,,6.357973093,0.670206166,3.128619862,,,9.486592956,,0
Year 1 Sep 24 7:00 PM,0,,0,#DIV/0!,0,,,0,,0
Year 1 Sep 24 8:00 PM,0,,0,#DIV/0!,0,,,0,,0
Year 1 Sep 24 9:00 PM,0,,0,#DIV/0!,0,,,0,,0
Year 1 Sep 24 10:00 PM,0,,0,#DIV/0!,0,,,0,,0
Year 1 Sep 24 11:00 PM,0,,0,#DIV/0!,0,,,0,,0
Year 1 Sep 25 12:00 AM,0,,0,#DIV/0!,0,,,0,,0
Year 1 Sep 25 1:00 AM,0,,0,#DIV/0!,0,,,0,,0
Year 1 Sep 25 2:00 AM,0,,0,#DIV/0!,0,,,0,,0
Year 1 Sep 25 3:00 AM,0,,0,#DIV/0!,0,,,0,,0
Year 1 Sep 25 4:00 AM,0,,0,#DIV/0!,0,,,0,,0
Year 1 Sep 25 5:00 AM,0,,0,#DIV/0!,0,,,0,,0
Year 1 Sep 25 6:00 AM,4.873046119,,4.873045334,0.999999839,7.85296E-07,,,4.873046119,,0
Year 1 Sep 25 7:00 AM,63.60038574,,63.60015918,0.999996438,0.000226561,,,63.60038574,,0
Year 1 Sep 25 8:00 AM,191.6208473,,191.6204262,0.999997803,0.000421005,,,191.6208473,,0
Year 1 Sep 25 9:00 AM,382.2250792,,382.2209013,0.99998907,0.00417788,,,382.2250792,,0
Year 1 Sep 25 10:00 AM,514.9103239,,514.9041372,0.999987985,0.006186751,,,514.9103239,,0
Year 1 Sep 25 11:00 AM,636.0717196,,636.069494,0.999996501,0.002225601,,,636.0717196,,0
Year 1 Sep 25 12:00 PM,615.3834542,,615.3796658,0.999993844,0.003788407,,,615.3834542,,0
Year 1 Sep 25 1:00 PM,656.8743721,,95.61596127,0.145562021,561.2584109,,,656.8743721,,0
Year 1 Sep 25 2:00 PM,597.5559072,,33.10495146,0.055400593,564.4509558,,,597.5559072,,0
Year 1 Sep 25 3:00 PM,463.2891019,,28.71995717,0.061991437,434.5691448,,,463.2891019,,0
Year 1 Sep 25 4:00 PM,292.8212254,,26.39617866,0.090144349,266.4250468,,,292.8212254,,0
Year 1 Sep 25 5:00 PM,118.9918269,,20.39768717,0.171420909,98.59413974,,,118.9918269,,0
Year 1 Sep 25 6:00 PM,14.76108174,,7.516320372,0.509198479,7.244761373,,,14.76108174,,0
Year 1 Sep 25 7:00 PM,0,,0,#DIV/0!,0,,,0,,0
Year 1 Sep 25 8:00 PM,0,,0,#DIV/0!,0,,,0,,0
Year 1 Sep 25 9:00 PM,0,,0,#DIV/0!,0,,,0,,0
Year 1 Sep 25 10:00 PM,0,,0,#DIV/0!,0,,,0,,0
Year 1 Sep 25 11:00 PM,0,,0,#DIV/0!,0,,,0,,0
Year 1 Sep 26 12:00 AM,0,,0,#DIV/0!,0,,,0,,0
Year 1 Sep 26 1:00 AM,0,,0,#DIV/0!,0,,,0,,0
Year 1 Sep 26 2:00 AM,0,,0,#DIV/0!,0,,,0,,0
Year 1 Sep 26 3:00 AM,0,,0,#DIV/0!,0,,,0,,0
Year 1 Sep 26 4:00 AM,0,,0,#DIV/0!,0,,,0,,0
Year 1 Sep 26 5:00 AM,0,,0,#DIV/0!,0,,,0,,0
Year 1 Sep 26 6:00 AM,5.673746634,,5.673745768,0.999999847,8.66557E-07,,,5.673746634,,0
Year 1 Sep 26 7:00 AM,76.2088976,,76.20860462,0.999996156,0.000292973,,,76.2088976,,0
Year 1 Sep 26 8:00 AM,237.447806,,237.4472636,0.999997716,0.000542407,,,237.447806,,0
Year 1 Sep 26 9:00 AM,415.7034659,,415.698883,0.999988976,0.004582906,,,415.7034659,,0
Year 1 Sep 26 10:00 AM,562.843699,,562.8368471,0.999987826,0.006851846,,,562.843699,,0
Year 1 Sep 26 11:00 AM,659.8030229,,659.8007642,0.999996577,0.002258746,,,659.8030229,,0
Year 1 Sep 26 12:00 PM,697.0254985,,697.0212282,0.999993874,0.004270319,,,697.0254985,,0
Year 1 Sep 26 1:00 PM,672.2416966,,103.7360815,0.154313667,568.5056151,,,672.2416966,,0
Year 1 Sep 26 2:00 PM,591.9082018,,31.61677598,0.053414999,560.2914258,,,591.9082018,,0
Year 1 Sep 26 3:00 PM,452.0837193,,33.65564927,0.074445612,418.42807,,,452.0837193,,0
Year 1 Sep 26 4:00 PM,258.6013806,,43.13143763,0.166787345,215.469943,,,258.6013806,,0
Year 1 Sep 26 5:00 PM,77.94336409,,37.46450779,0.480663213,40.47885631,,,77.94336409,,0
Year 1 Sep 26 6:00 PM,10.34721321,,7.132511875,0.689317184,3.214701337,,,10.34721321,,0
Year 1 Sep 26 7:00 PM,0,,0,#DIV/0!,0,,,0,,0
Year 1 Sep 26 8:00 PM,0,,0,#DIV/0!,0,,,0,,0
Year 1 Sep 26 9:00 PM,0,,0,#DIV/0!,0,,,0,,0
Year 1 Sep 26 10:00 PM,0,,0,#DIV/0!,0,,,0,,0
Year 1 Sep 26 11:00 PM,0,,0,#DIV/0!,0,,,0,,0
Year 1 Sep 27 12:00 AM,0,,0,#DIV/0!,0,,,0,,0
Year 1 Sep 27 1:00 AM,0,,0,#DIV/0!,0,,,0,,0
Year 1 Sep 27 2:00 AM,0,,0,#DIV/0!,0,,,0,,0
Year 1 Sep 27 3:00 AM,0,,0,#DIV/0!,0,,,0,,0
Year 1 Sep 27 4:00 AM,0,,0,#DIV/0!,0,,,0,,0
Year 1 Sep 27 5:00 AM,0,,0,#DIV/0!,0,,,0,,0
Year 1 Sep 27 6:00 AM,4.674810909,,4.674810165,0.999999841,7.44725E-07,,,4.674810909,,0
Year 1 Sep 27 7:00 AM,68.37221801,,68.37197448,0.999996438,0.000243529,,,68.37221801,,0
Year 1 Sep 27 8:00 AM,233.3117075,,233.311163,0.999997666,0.000544533,,,233.3117075,,0
Year 1 Sep 27 9:00 AM,393.0802883,,393.0757689,0.999988503,0.00451938,,,393.0802883,,0
Year 1 Sep 27 10:00 AM,453.2525462,,453.2476522,0.999989202,0.004894081,,,453.2525462,,0
Year 1 Sep 27 11:00 AM,482.3677713,,482.3662974,0.999996944,0.001473931,,,482.3677713,,0
Year 1 Sep 27 12:00 PM,418.0061109,,418.0041188,0.999995234,0.001992126,,,418.0061109,,0
Year 1 Sep 27 1:00 PM,521.0682373,,102.0919681,0.195928212,418.9762692,,,521.0682373,,0
Year 1 Sep 27 2:00 PM,566.2244284,,30.67394615,0.054172771,535.5504822,,,566.2244284,,0
Year 1 Sep 27 3:00 PM,464.5086795,,27.22762754,0.058615972,437.2810519,,,464.5086795,,0
Year 1 Sep 27 4:00 PM,291.1463079,,23.21084769,0.079722281,267.9354602,,,291.1463079,,0
Year 1 Sep 27 5:00 PM,110.9442679,,22.97829885,0.207115692,87.96596909,,,110.9442679,,0
Year 1 Sep 27 6:00 PM,11.81544968,,6.071796637,0.513886208,5.743653046,,,11.81544968,,0
Year 1 Sep 27 7:00 PM,0,,0,#DIV/0!,0,,,0,,0
Year 1 Sep 27 8:00 PM,0,,0,#DIV/0!,0,,,0,,0
Year 1 Sep 27 9:00 PM,0,,0,#DIV/0!,0,,,0,,0
Year 1 Sep 27 10:00 PM,0,,0,#DIV/0!,0,,,0,,0
Year 1 Sep 27 11:00 PM,0,,0,#DIV/0!,0,,,0,,0
Year 1 Sep 28 12:00 AM,0,,0,#DIV/0!,0,,,0,,0
Year 1 Sep 28 1:00 AM,0,,0,#DIV/0!,0,,,0,,0
Year 1 Sep 28 2:00 AM,0,,0,#DIV/0!,0,,,0,,0
Year 1 Sep 28 3:00 AM,0,,0,#DIV/0!,0,,,0,,0
Year 1 Sep 28 4:00 AM,0,,0,#DIV/0!,0,,,0,,0
Year 1 Sep 28 5:00 AM,0,,0,#DIV/0!,0,,,0,,0
Year 1 Sep 28 6:00 AM,5.776182357,,5.776181457,0.999999844,9.00228E-07,,,5.776182357,,0
Year 1 Sep 28 7:00 AM,74.7779257,,74.77765179,0.999996337,0.000273915,,,74.7779257,,0
Year 1 Sep 28 8:00 AM,242.2089181,,242.208347,0.999997642,0.000571149,,,242.2089181,,0
Year 1 Sep 28 9:00 AM,392.4132962,,392.4086158,0.999988073,0.004680429,,,392.4132962,,0
Year 1 Sep 28 10:00 AM,404.0766469,,404.0721911,0.999988973,0.004455745,,,404.0766469,,0
Year 1 Sep 28 11:00 AM,603.9724446,,603.9702995,0.999996448,0.002145179,,,603.9724446,,0
Year 1 Sep 28 12:00 PM,581.5128014,,581.5094911,0.999994307,0.003310293,,,581.5128014,,0
Year 1 Sep 28 1:00 PM,579.9923379,,112.6324532,0.19419645,467.3598846,,,579.9923379,,0
Year 1 Sep 28 2:00 PM,205.5487779,,98.836547,0.480842299,106.7122309,,,205.5487779,,0
Year 1 Sep 28 3:00 PM,196.2811773,,88.68373695,0.451819875,107.5974403,,,196.2811773,,0
Year 1 Sep 28 4:00 PM,119.2184728,,74.26117327,0.622899888,44.95729949,,,119.2184728,,0
Year 1 Sep 28 5:00 PM,44.29018201,,38.27767845,0.864247486,6.012503565,,,44.29018201,,0
Year 1 Sep 28 6:00 PM,7.089341661,,6.434228382,0.907591803,0.655113279,,,7.089341661,,0
Year 1 Sep 28 7:00 PM,0,,0,#DIV/0!,0,,,0,,0
Year 1 Sep 28 8:00 PM,0,,0,#DIV/0!,0,,,0,,0
Year 1 Sep 28 9:00 PM,0,,0,#DIV/0!,0,,,0,,0
Year 1 Sep 28 10:00 PM,0,,0,#DIV/0!,0,,,0,,0
Year 1 Sep 28 11:00 PM,0,,0,#DIV/0!,0,,,0,,0
Year 1 Sep 29 12:00 AM,0,,0,#DIV/0!,0,,,0,,0
Year 1 Sep 29 1:00 AM,0,,0,#DIV/0!,0,,,0,,0
Year 1 Sep 29 2:00 AM,0,,0,#DIV/0!,0,,,0,,0
Year 1 Sep 29 3:00 AM,0,,0,#DIV/0!,0,,,0,,0
Year 1 Sep 29 4:00 AM,0,,0,#DIV/0!,0,,,0,,0
Year 1 Sep 29 5:00 AM,0,,0,#DIV/0!,0,,,0,,0
Year 1 Sep 29 6:00 AM,4.502258821,,4.502258193,0.99999986,6.28366E-07,,,4.502258821,,0
Year 1 Sep 29 7:00 AM,78.57772805,,78.57740536,0.999995893,0.000322688,,,78.57772805,,0
Year 1 Sep 29 8:00 AM,245.0114153,,245.0108443,0.999997669,0.000571044,,,245.0114153,,0
Year 1 Sep 29 9:00 AM,416.9755876,,416.9708614,0.999988665,0.004726262,,,416.9755876,,0
Year 1 Sep 29 10:00 AM,485.0706392,,485.0652185,0.999988825,0.005420698,,,485.0706392,,0
Year 1 Sep 29 11:00 AM,272.7451923,,272.7446626,0.999998058,0.000529703,,,272.7451923,,0
Year 1 Sep 29 12:00 PM,249.1622939,,249.161285,0.999995951,0.001008895,,,249.1622939,,0
Year 1 Sep 29 1:00 PM,416.0877621,,128.1789201,0.308057414,287.908842,,,416.0877621,,0
Year 1 Sep 29 2:00 PM,224.4038732,,97.98510284,0.436646219,126.4187703,,,224.4038732,,0
Year 1 Sep 29 3:00 PM,216.9722751,,70.028699,0.322754135,146.9435761,,,216.9722751,,0
Year 1 Sep 29 4:00 PM,177.0943499,,53.52113292,0.302218185,123.5732169,,,177.0943499,,0
Year 1 Sep 29 5:00 PM,83.68420645,,23.9404718,0.286081123,59.74373465,,,83.68420645,,0
Year 1 Sep 29 6:00 PM,10.35024623,,5.531826342,0.53446326,4.818419886,,,10.35024623,,0
Year 1 Sep 29 7:00 PM,0,,0,#DIV/0!,0,,,0,,0
Year 1 Sep 29 8:00 PM,0,,0,#DIV/0!,0,,,0,,0
Year 1 Sep 29 9:00 PM,0,,0,#DIV/0!,0,,,0,,0
Year 1 Sep 29 10:00 PM,0,,0,#DIV/0!,0,,,0,,0
Year 1 Sep 29 11:00 PM,0,,0,#DIV/0!,0,,,0,,0
Year 1 Sep 30 12:00 AM,0,,0,#DIV/0!,0,,,0,,0
Year 1 Sep 30 1:00 AM,0,,0,#DIV/0!,0,,,0,,0
Year 1 Sep 30 2:00 AM,0,,0,#DIV/0!,0,,,0,,0
Year 1 Sep 30 3:00 AM,0,,0,#DIV/0!,0,,,0,,0
Year 1 Sep 30 4:00 AM,0,,0,#DIV/0!,0,,,0,,0
Year 1 Sep 30 5:00 AM,0,,0,#DIV/0!,0,,,0,,0
Year 1 Sep 30 6:00 AM,2.761283851,,2.761283389,0.999999833,4.62001E-07,,,2.761283851,,0
Year 1 Sep 30 7:00 AM,48.77393949,,48.77381012,0.999997348,0.000129372,,,48.77393949,,0
Year 1 Sep 30 8:00 AM,127.9063231,,127.906146,0.999998616,0.000177045,,,127.9063231,,0
Year 1 Sep 30 9:00 AM,172.618307,,172.6177384,0.999996706,0.000568657,,,172.618307,,0
Year 1 Sep 30 10:00 AM,390.5747611,,390.5705026,0.999989097,0.004258532,,,390.5747611,,0
Year 1 Sep 30 11:00 AM,550.4141429,,550.4123932,0.999996821,0.001749697,,,550.4141429,,0
Year 1 Sep 30 12:00 PM,564.2082764,,564.2051236,0.999994412,0.003152758,,,564.2082764,,0
Year 1 Sep 30 1:00 PM,492.4274278,,112.7826051,0.229033963,379.6448228,,,492.4274278,,0
Year 1 Sep 30 2:00 PM,490.5930206,,71.14381065,0.145015945,419.44921,,,490.5930206,,0
Year 1 Sep 30 3:00 PM,371.4360382,,64.78561735,0.17441931,306.6504208,,,371.4360382,,0
Year 1 Sep 30 4:00 PM,184.0560425,,57.89286711,0.314539345,126.1631754,,,184.0560425,,0
Year 1 Sep 30 5:00 PM,69.52288095,,34.50473971,0.496307679,35.01814124,,,69.52288095,,0
Year 1 Sep 30 6:00 PM,7.972689964,,5.743472026,0.720393249,2.229217938,,,7.972689964,,0
Year 1 Sep 30 7:00 PM,0,,0,#DIV/0!,0,,,0,,0
Year 1 Sep 30 8:00 PM,0,,0,#DIV/0!,0,,,0,,0
Year 1 Sep 30 9:00 PM,0,,0,#DIV/0!,0,,,0,,0
Year 1 Sep 30 10:00 PM,0,,0,#DIV/0!,0,,,0,,0
Year 1 Sep 30 11:00 PM,0,,0,#DIV/0!,0,,,0,,0
Year 1 Oct 01 12:00 AM,0,,0,#DIV/0!,0,,,0,,0
Year 1 Oct 01 1:00 AM,0,,0,#DIV/0!,0,,,0,,0
Year 1 Oct 01 2:00 AM,0,,0,#DIV/0!,0,,,0,,0
Year 1 Oct 01 3:00 AM,0,,0,#DIV/0!,0,,,0,,0
Year 1 Oct 01 4:00 AM,0,,0,#DIV/0!,0,,,0,,0
Year 1 Oct 01 5:00 AM,0,,0,#DIV/0!,0,,,0,,0
Year 1 Oct 01 6:00 AM,2.914759866,,2.914759422,0.999999848,4.43252E-07,,,2.914759866,,0
Year 1 Oct 01 7:00 AM,62.70497678,,62.70476309,0.999996592,0.000213694,,,62.70497678,,0
Year 1 Oct 01 8:00 AM,212.1215943,,212.121124,0.999997782,0.000470384,,,212.1215943,,0
Year 1 Oct 01 9:00 AM,386.968721,,386.9645686,0.999989269,0.004152368,,,386.968721,,0
Year 1 Oct 01 10:00 AM,531.8179697,,531.8115957,0.999988015,0.00637396,,,531.8179697,,0
Year 1 Oct 01 11:00 AM,608.3212863,,608.3192142,0.999996594,0.002072112,,,608.3212863,,0
Year 1 Oct 01 12:00 PM,645.4211315,,645.4173136,0.999994085,0.003817815,,,645.4211315,,0
Year 1 Oct 01 1:00 PM,588.9273279,,119.6236629,0.203121263,469.303665,,,588.9273279,,0
Year 1 Oct 01 2:00 PM,470.651354,,61.13715649,0.129899035,409.5141975,,,470.651354,,0
Year 1 Oct 01 3:00 PM,381.0332028,,51.12035008,0.134162455,329.9128527,,,381.0332028,,0
Year 1 Oct 01 4:00 PM,235.5207123,,38.31769591,0.162693529,197.2030164,,,235.5207123,,0
Year 1 Oct 01 5:00 PM,84.47933134,,25.42418349,0.300951524,59.05514785,,,84.47933134,,0
Year 1 Oct 01 6:00 PM,9.304080082,,5.611055107,0.603074679,3.693024975,,,9.304080082,,0
Year 1 Oct 01 7:00 PM,0,,0,#DIV/0!,0,,,0,,0
Year 1 Oct 01 8:00 PM,0,,0,#DIV/0!,0,,,0,,0
Year 1 Oct 01 9:00 PM,0,,0,#DIV/0!,0,,,0,,0
Year 1 Oct 01 10:00 PM,0,,0,#DIV/0!,0,,,0,,0
Year 1 Oct 01 11:00 PM,0,,0,#DIV/0!,0,,,0,,0
Year 1 Oct 02 12:00 AM,0,,0,#DIV/0!,0,,,0,,0
Year 1 Oct 02 1:00 AM,0,,0,#DIV/0!,0,,,0,,0
Year 1 Oct 02 2:00 AM,0,,0,#DIV/0!,0,,,0,,0
Year 1 Oct 02 3:00 AM,0,,0,#DIV/0!,0,,,0,,0
Year 1 Oct 02 4:00 AM,0,,0,#DIV/0!,0,,,0,,0
Year 1 Oct 02 5:00 AM,0,,0,#DIV/0!,0,,,0,,0
Year 1 Oct 02 6:00 AM,2.623673223,,2.623672887,0.999999872,3.36308E-07,,,2.623673223,,0
Year 1 Oct 02 7:00 AM,74.35189283,,74.35158695,0.999995886,0.000305887,,,74.35189283,,0
Year 1 Oct 02 8:00 AM,234.0286239,,234.0281048,0.999997782,0.000519157,,,234.0286239,,0
Year 1 Oct 02 9:00 AM,336.5010386,,336.4973505,0.99998904,0.003688063,,,336.5010386,,0
Year 1 Oct 02 10:00 AM,434.0942566,,434.0890723,0.999988057,0.00518423,,,434.0942566,,0
Year 1 Oct 02 11:00 AM,594.0008128,,593.9987017,0.999996446,0.002111107,,,594.0008128,,0
Year 1 Oct 02 12:00 PM,563.6114878,,563.6079949,0.999993803,0.00349284,,,563.6114878,,0
Year 1 Oct 02 1:00 PM,636.0887787,,86.06788549,0.135307976,550.0208932,,,636.0887787,,0
Year 1 Oct 02 2:00 PM,523.4752655,,35.23399961,0.067307859,488.2412659,,,523.4752655,,0
Year 1 Oct 02 3:00 PM,237.0036014,,63.46454093,0.267778804,173.5390604,,,237.0036014,,0
Year 1 Oct 02 4:00 PM,76.93428998,,56.09644844,0.729147542,20.83784154,,,76.93428998,,0
Year 1 Oct 02 5:00 PM,27.25865251,,26.10620846,0.957721899,1.152444052,,,27.25865251,,0
Year 1 Oct 02 6:00 PM,3.185786657,,3.090322597,0.970034384,0.09546406,,,3.185786657,,0
Year 1 Oct 02 7:00 PM,0,,0,#DIV/0!,0,,,0,,0
Year 1 Oct 02 8:00 PM,0,,0,#DIV/0!,0,,,0,,0
Year 1 Oct 02 9:00 PM,0,,0,#DIV/0!,0,,,0,,0
Year 1 Oct 02 10:00 PM,0,,0,#DIV/0!,0,,,0,,0
Year 1 Oct 02 11:00 PM,0,,0,#DIV/0!,0,,,0,,0
Year 1 Oct 03 12:00 AM,0,,0,#DIV/0!,0,,,0,,0
Year 1 Oct 03 1:00 AM,0,,0,#DIV/0!,0,,,0,,0
Year 1 Oct 03 2:00 AM,0,,0,#DIV/0!,0,,,0,,0
Year 1 Oct 03 3:00 AM,0,,0,#DIV/0!,0,,,0,,0
Year 1 Oct 03 4:00 AM,0,,0,#DIV/0!,0,,,0,,0
Year 1 Oct 03 5:00 AM,0,,0,#DIV/0!,0,,,0,,0
Year 1 Oct 03 6:00 AM,1.420953584,,1.42095326,0.999999772,3.23422E-07,,,1.420953584,,0
Year 1 Oct 03 7:00 AM,22.94168223,,22.94166988,0.999999462,1.23494E-05,,,22.94168223,,0
Year 1 Oct 03 8:00 AM,68.98924739,,68.98920681,0.999999412,4.0578E-05,,,68.98924739,,0
Year 1 Oct 03 9:00 AM,122.3192563,,122.3189489,0.999997487,0.000307345,,,122.3192563,,0
Year 1 Oct 03 10:00 AM,158.4362416,,158.4357969,0.999997193,0.000444746,,,158.4362416,,0
Year 1 Oct 03 11:00 AM,206.3323899,,206.3321167,0.999998676,0.00027318,,,206.3323899,,0
Year 1 Oct 03 12:00 PM,333.9147362,,333.9130809,0.999995043,0.001655321,,,333.9147362,,0
Year 1 Oct 03 1:00 PM,414.3092707,,126.3308042,0.304919086,287.9784665,,,414.3092707,,0
Year 1 Oct 03 2:00 PM,336.7003666,,84.93560223,0.252258716,251.7647644,,,336.7003666,,0
Year 1 Oct 03 3:00 PM,314.6721422,,70.05761075,0.222636838,244.6145315,,,314.6721422,,0
Year 1 Oct 03 4:00 PM,154.7379426,,53.34664818,0.344754798,101.3912944,,,154.7379426,,0
Year 1 Oct 03 5:00 PM,61.57512683,,31.88408373,0.517807845,29.6910431,,,61.57512683,,0
Year 1 Oct 03 6:00 PM,7.369395947,,4.453455512,0.604317578,2.915940435,,,7.369395947,,0
Year 1 Oct 03 7:00 PM,0,,0,#DIV/0!,0,,,0,,0
Year 1 Oct 03 8:00 PM,0,,0,#DIV/0!,0,,,0,,0
Year 1 Oct 03 9:00 PM,0,,0,#DIV/0!,0,,,0,,0
Year 1 Oct 03 10:00 PM,0,,0,#DIV/0!,0,,,0,,0
Year 1 Oct 03 11:00 PM,0,,0,#DIV/0!,0,,,0,,0
Year 1 Oct 04 12:00 AM,0,,0,#DIV/0!,0,,,0,,0
Year 1 Oct 04 1:00 AM,0,,0,#DIV/0!,0,,,0,,0
Year 1 Oct 04 2:00 AM,0,,0,#DIV/0!,0,,,0,,0
Year 1 Oct 04 3:00 AM,0,,0,#DIV/0!,0,,,0,,0
Year 1 Oct 04 4:00 AM,0,,0,#DIV/0!,0,,,0,,0
Year 1 Oct 04 5:00 AM,0,,0,#DIV/0!,0,,,0,,0
Year 1 Oct 04 6:00 AM,2.516638866,,2.516638465,0.99999984,4.01415E-07,,,2.516638866,,0
Year 1 Oct 04 7:00 AM,41.00066898,,41.00055609,0.999997247,0.000112886,,,41.00066898,,0
Year 1 Oct 04 8:00 AM,86.60227665,,86.60216713,0.999998735,0.000109519,,,86.60227665,,0
Year 1 Oct 04 9:00 AM,140.3382442,,140.3376314,0.999995634,0.000612728,,,140.3382442,,0
Year 1 Oct 04 10:00 AM,270.863995,,270.8614367,0.999990555,0.00255824,,,270.863995,,0
Year 1 Oct 04 11:00 AM,133.0250645,,133.0249401,0.999999065,0.000124334,,,133.0250645,,0
Year 1 Oct 04 12:00 PM,128.4068209,,128.4066711,0.999998833,0.000149799,,,128.4068209,,0
Year 1 Oct 04 1:00 PM,190.198498,,109.0893656,0.573555348,81.10913238,,,190.198498,,0
Year 1 Oct 04 2:00 PM,352.2706451,,90.54585654,0.257034918,261.7247886,,,352.2706451,,0
Year 1 Oct 04 3:00 PM,213.5816517,,84.17386397,0.394106251,129.4077878,,,213.5816517,,0
Year 1 Oct 04 4:00 PM,199.7967977,,51.43558763,0.2574395,148.3612101,,,199.7967977,,0
Year 1 Oct 04 5:00 PM,68.65569109,,32.2276137,0.46940921,36.42807739,,,68.65569109,,0
Year 1 Oct 04 6:00 PM,7.191182595,,4.602432119,0.640010465,2.588750476,,,7.191182595,,0
Year 1 Oct 04 7:00 PM,0,,0,#DIV/0!,0,,,0,,0
Year 1 Oct 04 8:00 PM,0,,0,#DIV/0!,0,,,0,,0
Year 1 Oct 04 9:00 PM,0,,0,#DIV/0!,0,,,0,,0
Year 1 Oct 04 10:00 PM,0,,0,#DIV/0!,0,,,0,,0
Year 1 Oct 04 11:00 PM,0,,0,#DIV/0!,0,,,0,,0
Year 1 Oct 05 12:00 AM,0,,0,#DIV/0!,0,,,0,,0
Year 1 Oct 05 1:00 AM,0,,0,#DIV/0!,0,,,0,,0
Year 1 Oct 05 2:00 AM,0,,0,#DIV/0!,0,,,0,,0
Year 1 Oct 05 3:00 AM,0,,0,#DIV/0!,0,,,0,,0
Year 1 Oct 05 4:00 AM,0,,0,#DIV/0!,0,,,0,,0
Year 1 Oct 05 5:00 AM,0,,0,#DIV/0!,0,,,0,,0
Year 1 Oct 05 6:00 AM,2.661572703,,2.66157228,0.999999841,4.23339E-07,,,2.661572703,,0
Year 1 Oct 05 7:00 AM,39.78500204,,39.78492322,0.999998019,7.88205E-05,,,39.78500204,,0
Year 1 Oct 05 8:00 AM,148.7505055,,148.7501622,0.999997692,0.0003433,,,148.7505055,,0
Year 1 Oct 05 9:00 AM,381.6388545,,381.6346209,0.999988907,0.004233592,,,381.6388545,,0
Year 1 Oct 05 10:00 AM,515.5825669,,515.5764314,0.9999881,0.006135456,,,515.5825669,,0
Year 1 Oct 05 11:00 AM,519.8756209,,519.8738483,0.99999659,0.00177257,,,519.8756209,,0
Year 1 Oct 05 12:00 PM,259.0452225,,259.0443772,0.999996737,0.000845256,,,259.0452225,,0
Year 1 Oct 05 1:00 PM,129.3895204,,109.433952,0.84577137,19.95556846,,,129.3895204,,0
Year 1 Oct 05 2:00 PM,84.68808348,,74.53282377,0.88008632,10.15525971,,,84.68808348,,0
Year 1 Oct 05 3:00 PM,56.31829107,,53.49316173,0.94983638,2.825129336,,,56.31829107,,0
Year 1 Oct 05 4:00 PM,45.74933158,,43.78910042,0.957152791,1.960231158,,,45.74933158,,0
Year 1 Oct 05 5:00 PM,16.05659112,,15.57665382,0.970109639,0.479937304,,,16.05659112,,0
Year 1 Oct 05 6:00 PM,2.481763372,,2.393994494,0.96463447,0.087768878,,,2.481763372,,0
Year 1 Oct 05 7:00 PM,0,,0,#DIV/0!,0,,,0,,0
Year 1 Oct 05 8:00 PM,0,,0,#DIV/0!,0,,,0,,0
Year 1 Oct 05 9:00 PM,0,,0,#DIV/0!,0,,,0,,0
Year 1 Oct 05 10:00 PM,0,,0,#DIV/0!,0,,,0,,0
Year 1 Oct 05 11:00 PM,0,,0,#DIV/0!,0,,,0,,0
Year 1 Oct 06 12:00 AM,0,,0,#DIV/0!,0,,,0,,0
Year 1 Oct 06 1:00 AM,0,,0,#DIV/0!,0,,,0,,0
Year 1 Oct 06 2:00 AM,0,,0,#DIV/0!,0,,,0,,0
Year 1 Oct 06 3:00 AM,0,,0,#DIV/0!,0,,,0,,0
Year 1 Oct 06 4:00 AM,0,,0,#DIV/0!,0,,,0,,0
Year 1 Oct 06 5:00 AM,0,,0,#DIV/0!,0,,,0,,0
Year 1 Oct 06 6:00 AM,1.922449269,,1.922448925,0.999999821,3.44193E-07,,,1.922449269,,0
Year 1 Oct 06 7:00 AM,31.12119297,,31.12114188,0.999998358,5.10887E-05,,,31.12119297,,0
Year 1 Oct 06 8:00 AM,129.6806816,,129.6803974,0.999997808,0.000284213,,,129.6806816,,0
Year 1 Oct 06 9:00 AM,367.0802803,,367.0760482,0.999988471,0.004232089,,,367.0802803,,0
Year 1 Oct 06 10:00 AM,332.8564726,,332.8535264,0.999991149,0.002946203,,,332.8564726,,0
Year 1 Oct 06 11:00 AM,179.7948779,,179.794688,0.999998943,0.000189968,,,179.7948779,,0
Year 1 Oct 06 12:00 PM,164.2133756,,164.2131261,0.99999848,0.000249572,,,164.2133756,,0
Year 1 Oct 06 1:00 PM,158.0550017,,131.6731141,0.833084133,26.38188765,,,158.0550017,,0
Year 1 Oct 06 2:00 PM,126.8370594,,107.912202,0.850793944,18.9248574,,,126.8370594,,0
Year 1 Oct 06 3:00 PM,103.3535256,,87.17835414,0.843496664,16.17517151,,,103.3535256,,0
Year 1 Oct 06 4:00 PM,76.14772471,,64.69832169,0.849642218,11.44940302,,,76.14772471,,0
Year 1 Oct 06 5:00 PM,30.6095738,,28.04495801,0.91621524,2.564615789,,,30.6095738,,0
Year 1 Oct 06 6:00 PM,3.838915956,,3.298414653,0.859204705,0.540501303,,,3.838915956,,0
Year 1 Oct 06 7:00 PM,0,,0,#DIV/0!,0,,,0,,0
Year 1 Oct 06 8:00 PM,0,,0,#DIV/0!,0,,,0,,0
Year 1 Oct 06 9:00 PM,0,,0,#DIV/0!,0,,,0,,0
Year 1 Oct 06 10:00 PM,0,,0,#DIV/0!,0,,,0,,0
Year 1 Oct 06 11:00 PM,0,,0,#DIV/0!,0,,,0,,0
Year 1 Oct 07 12:00 AM,0,,0,#DIV/0!,0,,,0,,0
Year 1 Oct 07 1:00 AM,0,,0,#DIV/0!,0,,,0,,0
Year 1 Oct 07 2:00 AM,0,,0,#DIV/0!,0,,,0,,0
Year 1 Oct 07 3:00 AM,0,,0,#DIV/0!,0,,,0,,0
Year 1 Oct 07 4:00 AM,0,,0,#DIV/0!,0,,,0,,0
Year 1 Oct 07 5:00 AM,0,,0,#DIV/0!,0,,,0,,0
Year 1 Oct 07 6:00 AM,2.283648562,,2.28364823,0.999999855,3.31695E-07,,,2.283648562,,0
Year 1 Oct 07 7:00 AM,59.95013415,,59.94991423,0.999996332,0.000219915,,,59.95013415,,0
Year 1 Oct 07 8:00 AM,193.2922005,,193.2918084,0.999997971,0.000392113,,,193.2922005,,0
Year 1 Oct 07 9:00 AM,257.7177535,,257.7153538,0.999990689,0.002399629,,,257.7177535,,0
Year 1 Oct 07 10:00 AM,214.1420702,,214.1408964,0.999994518,0.001173822,,,214.1420702,,0
Year 1 Oct 07 11:00 AM,230.7758986,,230.7754586,0.999998093,0.000440003,,,230.7758986,,0
Year 1 Oct 07 12:00 PM,219.6225086,,219.6218578,0.999997037,0.000650797,,,219.6225086,,0
Year 1 Oct 07 1:00 PM,171.1138578,,136.9721656,0.800473833,34.14169217,,,171.1138578,,0
Year 1 Oct 07 2:00 PM,139.8243538,,113.8461931,0.814208612,25.97816078,,,139.8243538,,0
Year 1 Oct 07 3:00 PM,84.44996413,,75.68386359,0.8961977,8.766100539,,,84.44996413,,0
Year 1 Oct 07 4:00 PM,65.0262238,,56.80946146,0.873639251,8.216762346,,,65.0262238,,0
Year 1 Oct 07 5:00 PM,26.27064021,,21.96023698,0.835923175,4.310403223,,,26.27064021,,0
Year 1 Oct 07 6:00 PM,2.796980622,,2.426182329,0.86742908,0.370798294,,,2.796980622,,0
Year 1 Oct 07 7:00 PM,0,,0,#DIV/0!,0,,,0,,0
Year 1 Oct 07 8:00 PM,0,,0,#DIV/0!,0,,,0,,0
Year 1 Oct 07 9:00 PM,0,,0,#DIV/0!,0,,,0,,0
Year 1 Oct 07 10:00 PM,0,,0,#DIV/0!,0,,,0,,0
Year 1 Oct 07 11:00 PM,0,,0,#DIV/0!,0,,,0,,0
Year 1 Oct 08 12:00 AM,0,,0,#DIV/0!,0,,,0,,0
Year 1 Oct 08 1:00 AM,0,,0,#DIV/0!,0,,,0,,0
Year 1 Oct 08 2:00 AM,0,,0,#DIV/0!,0,,,0,,0
Year 1 Oct 08 3:00 AM,0,,0,#DIV/0!,0,,,0,,0
Year 1 Oct 08 4:00 AM,0,,0,#DIV/0!,0,,,0,,0
Year 1 Oct 08 5:00 AM,0,,0,#DIV/0!,0,,,0,,0
Year 1 Oct 08 6:00 AM,1.267113072,,1.267112752,0.999999748,3.19639E-07,,,1.267113072,,0
Year 1 Oct 08 7:00 AM,49.28325676,,49.28299032,0.999994594,0.000266437,,,49.28325676,,0
Year 1 Oct 08 8:00 AM,200.5541653,,200.5530665,0.999994521,0.001098739,,,200.5541653,,0
Year 1 Oct 08 9:00 AM,365.8196143,,365.8190723,0.999998518,0.000542016,,,365.8196143,,0
Year 1 Oct 08 10:00 AM,482.0258397,,482.0246584,0.999997549,0.001181378,,,482.0258397,,0
Year 1 Oct 08 11:00 AM,577.1887564,,577.1525553,0.99993728,0.036201084,,,577.1887564,,0
Year 1 Oct 08 12:00 PM,625.3623106,,621.6531171,0.994068729,3.709193472,,,625.3623106,,0
Year 1 Oct 08 1:00 PM,596.7478948,,79.71246842,0.133578131,517.0354264,,,596.7478948,,0
Year 1 Oct 08 2:00 PM,488.1281424,,34.79249534,0.07127738,453.3356471,,,488.1281424,,0
Year 1 Oct 08 3:00 PM,303.4232572,,44.7262618,0.147405516,258.6969954,,,303.4232572,,0
Year 1 Oct 08 4:00 PM,169.3163251,,34.63975704,0.204586043,134.6765681,,,169.3163251,,0
Year 1 Oct 08 5:00 PM,53.10813036,,20.90106136,0.393556716,32.207069,,,53.10813036,,0
Year 1 Oct 08 6:00 PM,1.811468168,,1.811467711,0.999999748,4.56957E-07,,,1.811468168,,0
Year 1 Oct 08 7:00 PM,0,,0,#DIV/0!,0,,,0,,0
Year 1 Oct 08 8:00 PM,0,,0,#DIV/0!,0,,,0,,0
Year 1 Oct 08 9:00 PM,0,,0,#DIV/0!,0,,,0,,0
Year 1 Oct 08 10:00 PM,0,,0,#DIV/0!,0,,,0,,0
Year 1 Oct 08 11:00 PM,0,,0,#DIV/0!,0,,,0,,0
Year 1 Oct 09 12:00 AM,0,,0,#DIV/0!,0,,,0,,0
Year 1 Oct 09 1:00 AM,0,,0,#DIV/0!,0,,,0,,0
Year 1 Oct 09 2:00 AM,0,,0,#DIV/0!,0,,,0,,0
Year 1 Oct 09 3:00 AM,0,,0,#DIV/0!,0,,,0,,0
Year 1 Oct 09 4:00 AM,0,,0,#DIV/0!,0,,,0,,0
Year 1 Oct 09 5:00 AM,0,,0,#DIV/0!,0,,,0,,0
Year 1 Oct 09 6:00 AM,0,,0,#DIV/0!,0,,,0,,0
Year 1 Oct 09 7:00 AM,40.18904137,,40.18892395,0.999997078,0.00011742,,,40.18904137,,0
Year 1 Oct 09 8:00 AM,115.0456252,,115.0453401,0.999997521,0.000285159,,,115.0456252,,0
Year 1 Oct 09 9:00 AM,281.9721116,,281.9717495,0.999998716,0.000362018,,,281.9721116,,0
Year 1 Oct 09 10:00 AM,470.4556212,,470.4544636,0.999997539,0.001157595,,,470.4556212,,0
Year 1 Oct 09 11:00 AM,512.7436815,,512.7092029,0.999932757,0.034478613,,,512.7436815,,0
Year 1 Oct 09 12:00 PM,426.5843262,,423.9874147,0.993912314,2.596911521,,,426.5843262,,0
Year 1 Oct 09 1:00 PM,523.9120145,,79.37167615,0.151498103,444.5403384,,,523.9120145,,0
Year 1 Oct 09 2:00 PM,449.9737575,,50.8647748,0.113039425,399.1089827,,,449.9737575,,0
Year 1 Oct 09 3:00 PM,301.7653284,,54.66974414,0.18116642,247.0955843,,,301.7653284,,0
Year 1 Oct 09 4:00 PM,144.7557977,,45.40199127,0.313645408,99.35380646,,,144.7557977,,0
Year 1 Oct 09 5:00 PM,52.19678561,,22.16333648,0.424611137,30.03344913,,,52.19678561,,0
Year 1 Oct 09 6:00 PM,1.75423964,,1.754239197,0.999999748,4.4252E-07,,,1.75423964,,0
Year 1 Oct 09 7:00 PM,0,,0,#DIV/0!,0,,,0,,0
Year 1 Oct 09 8:00 PM,0,,0,#DIV/0!,0,,,0,,0
Year 1 Oct 09 9:00 PM,0,,0,#DIV/0!,0,,,0,,0
Year 1 Oct 09 10:00 PM,0,,0,#DIV/0!,0,,,0,,0
Year 1 Oct 09 11:00 PM,0,,0,#DIV/0!,0,,,0,,0
Year 1 Oct 10 12:00 AM,0,,0,#DIV/0!,0,,,0,,0
Year 1 Oct 10 1:00 AM,0,,0,#DIV/0!,0,,,0,,0
Year 1 Oct 10 2:00 AM,0,,0,#DIV/0!,0,,,0,,0
Year 1 Oct 10 3:00 AM,0,,0,#DIV/0!,0,,,0,,0
Year 1 Oct 10 4:00 AM,0,,0,#DIV/0!,0,,,0,,0
Year 1 Oct 10 5:00 AM,0,,0,#DIV/0!,0,,,0,,0
Year 1 Oct 10 6:00 AM,0,,0,#DIV/0!,0,,,0,,0
Year 1 Oct 10 7:00 AM,17.77535839,,17.77534967,0.999999509,8.72136E-06,,,17.77535839,,0
Year 1 Oct 10 8:00 AM,57.05326029,,57.05320502,0.999999031,5.52655E-05,,,57.05326029,,0
Year 1 Oct 10 9:00 AM,85.51577598,,85.51574036,0.999999584,3.56148E-05,,,85.51577598,,0
Year 1 Oct 10 10:00 AM,124.7439775,,124.7438967,0.999999352,8.08088E-05,,,124.7439775,,0
Year 1 Oct 10 11:00 AM,149.3996018,,149.3978858,0.999988514,0.001715969,,,149.3996018,,0
Year 1 Oct 10 12:00 PM,166.0762657,,165.8801146,0.998818909,0.196151197,,,166.0762657,,0
Year 1 Oct 10 1:00 PM,160.4749323,,132.030226,0.822746731,28.44470632,,,160.4749323,,0
Year 1 Oct 10 2:00 PM,160.0115816,,126.2429787,0.788961508,33.76860285,,,160.0115816,,0
Year 1 Oct 10 3:00 PM,135.7606388,,88.56869458,0.652388611,47.19194419,,,135.7606388,,0
Year 1 Oct 10 4:00 PM,139.7786643,,46.61439704,0.333487212,93.1642673,,,139.7786643,,0
Year 1 Oct 10 5:00 PM,26.97046756,,17.71893569,0.656975473,9.251531869,,,26.97046756,,0
Year 1 Oct 10 6:00 PM,1.094002335,,1.094002059,0.999999748,2.7597E-07,,,1.094002335,,0
Year 1 Oct 10 7:00 PM,0,,0,#DIV/0!,0,,,0,,0
Year 1 Oct 10 8:00 PM,0,,0,#DIV/0!,0,,,0,,0
Year 1 Oct 10 9:00 PM,0,,0,#DIV/0!,0,,,0,,0
Year 1 Oct 10 10:00 PM,0,,0,#DIV/0!,0,,,0,,0
Year 1 Oct 10 11:00 PM,0,,0,#DIV/0!,0,,,0,,0
Year 1 Oct 11 12:00 AM,0,,0,#DIV/0!,0,,,0,,0
Year 1 Oct 11 1:00 AM,0,,0,#DIV/0!,0,,,0,,0
Year 1 Oct 11 2:00 AM,0,,0,#DIV/0!,0,,,0,,0
Year 1 Oct 11 3:00 AM,0,,0,#DIV/0!,0,,,0,,0
Year 1 Oct 11 4:00 AM,0,,0,#DIV/0!,0,,,0,,0
Year 1 Oct 11 5:00 AM,0,,0,#DIV/0!,0,,,0,,0
Year 1 Oct 11 6:00 AM,0,,0,#DIV/0!,0,,,0,,0
Year 1 Oct 11 7:00 AM,21.75345967,,21.75344059,0.999999123,1.90723E-05,,,21.75345967,,0
Year 1 Oct 11 8:00 AM,73.87465613,,73.87459092,0.999999117,6.52162E-05,,,73.87465613,,0
Year 1 Oct 11 9:00 AM,264.7628864,,264.7625805,0.999998845,0.000305837,,,264.7628864,,0
Year 1 Oct 11 10:00 AM,361.8086484,,361.807946,0.999998059,0.000702343,,,361.8086484,,0
Year 1 Oct 11 11:00 AM,167.8686332,,167.8583075,0.999938489,0.010325724,,,167.8686332,,0
Year 1 Oct 11 12:00 PM,152.6286903,,152.4524251,0.998845137,0.176265196,,,152.6286903,,0
Year 1 Oct 11 1:00 PM,154.7543299,,128.9797127,0.833448168,25.77461716,,,154.7543299,,0
Year 1 Oct 11 2:00 PM,127.7130012,,107.6709831,0.843069869,20.04201805,,,127.7130012,,0
Year 1 Oct 11 3:00 PM,112.3949293,,87.16644199,0.77553714,25.22848726,,,112.3949293,,0
Year 1 Oct 11 4:00 PM,97.32954118,,53.56990127,0.550397142,43.75963991,,,97.32954118,,0
Year 1 Oct 11 5:00 PM,37.07408332,,24.80812103,0.669149951,12.26596229,,,37.07408332,,0
Year 1 Oct 11 6:00 PM,1.576998367,,1.57699797,0.999999748,3.9781E-07,,,1.576998367,,0
Year 1 Oct 11 7:00 PM,0,,0,#DIV/0!,0,,,0,,0
Year 1 Oct 11 8:00 PM,0,,0,#DIV/0!,0,,,0,,0
Year 1 Oct 11 9:00 PM,0,,0,#DIV/0!,0,,,0,,0
Year 1 Oct 11 10:00 PM,0,,0,#DIV/0!,0,,,0,,0
Year 1 Oct 11 11:00 PM,0,,0,#DIV/0!,0,,,0,,0
Year 1 Oct 12 12:00 AM,0,,0,#DIV/0!,0,,,0,,0
Year 1 Oct 12 1:00 AM,0,,0,#DIV/0!,0,,,0,,0
Year 1 Oct 12 2:00 AM,0,,0,#DIV/0!,0,,,0,,0
Year 1 Oct 12 3:00 AM,0,,0,#DIV/0!,0,,,0,,0
Year 1 Oct 12 4:00 AM,0,,0,#DIV/0!,0,,,0,,0
Year 1 Oct 12 5:00 AM,0,,0,#DIV/0!,0,,,0,,0
Year 1 Oct 12 6:00 AM,0,,0,#DIV/0!,0,,,0,,0
Year 1 Oct 12 7:00 AM,30.4164437,,30.41639216,0.999998305,5.15452E-05,,,30.4164437,,0
Year 1 Oct 12 8:00 AM,107.6367614,,107.6364732,0.999997322,0.00028825,,,107.6367614,,0
Year 1 Oct 12 9:00 AM,182.8850062,,182.8848233,0.999999,0.000182858,,,182.8850062,,0
Year 1 Oct 12 10:00 AM,216.5846917,,216.5843228,0.999998297,0.000368868,,,216.5846917,,0
Year 1 Oct 12 11:00 AM,344.6036125,,344.5900413,0.999960618,0.013571185,,,344.6036125,,0
Year 1 Oct 12 12:00 PM,336.5701717,,335.5131262,0.996859361,1.057045487,,,336.5701717,,0
Year 1 Oct 12 1:00 PM,182.834927,,135.0559445,0.73867694,47.77898253,,,182.834927,,0
Year 1 Oct 12 2:00 PM,75.60112473,,68.71522311,0.908918,6.885901622,,,75.60112473,,0
Year 1 Oct 12 3:00 PM,69.78798297,,63.86506999,0.915129902,5.922912986,,,69.78798297,,0
Year 1 Oct 12 4:00 PM,33.80378388,,31.95655937,0.945354505,1.847224518,,,33.80378388,,0
Year 1 Oct 12 5:00 PM,11.67343509,,11.36674738,0.973727724,0.306687708,,,11.67343509,,0
Year 1 Oct 12 6:00 PM,0.802221785,,0.802221583,0.999999748,2.02367E-07,,,0.802221785,,0
Year 1 Oct 12 7:00 PM,0,,0,#DIV/0!,0,,,0,,0
Year 1 Oct 12 8:00 PM,0,,0,#DIV/0!,0,,,0,,0
Year 1 Oct 12 9:00 PM,0,,0,#DIV/0!,0,,,0,,0
Year 1 Oct 12 10:00 PM,0,,0,#DIV/0!,0,,,0,,0
Year 1 Oct 12 11:00 PM,0,,0,#DIV/0!,0,,,0,,0
Year 1 Oct 13 12:00 AM,0,,0,#DIV/0!,0,,,0,,0
Year 1 Oct 13 1:00 AM,0,,0,#DIV/0!,0,,,0,,0
Year 1 Oct 13 2:00 AM,0,,0,#DIV/0!,0,,,0,,0
Year 1 Oct 13 3:00 AM,0,,0,#DIV/0!,0,,,0,,0
Year 1 Oct 13 4:00 AM,0,,0,#DIV/0!,0,,,0,,0
Year 1 Oct 13 5:00 AM,0,,0,#DIV/0!,0,,,0,,0
Year 1 Oct 13 6:00 AM,0,,0,#DIV/0!,0,,,0,,0
Year 1 Oct 13 7:00 AM,44.26677714,,44.2665434,0.99999472,0.000233744,,,44.26677714,,0
Year 1 Oct 13 8:00 AM,192.845002,,192.8439536,0.999994564,0.001048333,,,192.845002,,0
Year 1 Oct 13 9:00 AM,356.7358884,,356.7353628,0.999998527,0.000525587,,,356.7358884,,0
Year 1 Oct 13 10:00 AM,471.4904395,,471.4893028,0.999997589,0.001136768,,,471.4904395,,0
Year 1 Oct 13 11:00 AM,519.6787722,,519.6455213,0.999936016,0.03325089,,,519.6787722,,0
Year 1 Oct 13 12:00 PM,509.4090075,,506.7831345,0.994845256,2.625873001,,,509.4090075,,0
Year 1 Oct 13 1:00 PM,421.1197297,,91.4185974,0.217084575,329.7011323,,,421.1197297,,0
Year 1 Oct 13 2:00 PM,362.1020889,,65.85391032,0.181865591,296.2481785,,,362.1020889,,0
Year 1 Oct 13 3:00 PM,300.9886733,,47.84447387,0.158957722,253.1441994,,,300.9886733,,0
Year 1 Oct 13 4:00 PM,143.9899019,,31.51537385,0.218872111,112.474528,,,143.9899019,,0
Year 1 Oct 13 5:00 PM,36.26762889,,20.00090454,0.551480898,16.26672435,,,36.26762889,,0
Year 1 Oct 13 6:00 PM,1.32340544,,1.323405106,0.999999748,3.33839E-07,,,1.32340544,,0
Year 1 Oct 13 7:00 PM,0,,0,#DIV/0!,0,,,0,,0
Year 1 Oct 13 8:00 PM,0,,0,#DIV/0!,0,,,0,,0
Year 1 Oct 13 9:00 PM,0,,0,#DIV/0!,0,,,0,,0
Year 1 Oct 13 10:00 PM,0,,0,#DIV/0!,0,,,0,,0
Year 1 Oct 13 11:00 PM,0,,0,#DIV/0!,0,,,0,,0
Year 1 Oct 14 12:00 AM,0,,0,#DIV/0!,0,,,0,,0
Year 1 Oct 14 1:00 AM,0,,0,#DIV/0!,0,,,0,,0
Year 1 Oct 14 2:00 AM,0,,0,#DIV/0!,0,,,0,,0
Year 1 Oct 14 3:00 AM,0,,0,#DIV/0!,0,,,0,,0
Year 1 Oct 14 4:00 AM,0,,0,#DIV/0!,0,,,0,,0
Year 1 Oct 14 5:00 AM,0,,0,#DIV/0!,0,,,0,,0
Year 1 Oct 14 6:00 AM,0,,0,#DIV/0!,0,,,0,,0
Year 1 Oct 14 7:00 AM,40.03092854,,40.03074347,0.999995377,0.000185068,,,40.03092854,,0
Year 1 Oct 14 8:00 AM,148.4018266,,148.4010171,0.999994546,0.000809418,,,148.4018266,,0
Year 1 Oct 14 9:00 AM,191.6124392,,191.6121831,0.999998664,0.000256089,,,191.6124392,,0
Year 1 Oct 14 10:00 AM,234.1151435,,234.1147258,0.999998216,0.000417713,,,234.1151435,,0
Year 1 Oct 14 11:00 AM,352.0362542,,352.0201882,0.999954363,0.016065965,,,352.0362542,,0
Year 1 Oct 14 12:00 PM,392.1404974,,390.5058537,0.995831484,1.634643762,,,392.1404974,,0
Year 1 Oct 14 1:00 PM,322.1030538,,126.2497092,0.3919544,195.8533446,,,322.1030538,,0
Year 1 Oct 14 2:00 PM,358.3793486,,72.54866462,0.202435394,285.8306839,,,358.3793486,,0
Year 1 Oct 14 3:00 PM,212.9335239,,66.96636445,0.314494229,145.9671595,,,212.9335239,,0
Year 1 Oct 14 4:00 PM,133.1302979,,45.14159079,0.339078268,87.98870715,,,133.1302979,,0
Year 1 Oct 14 5:00 PM,39.01055047,,22.29021626,0.571389432,16.72033421,,,39.01055047,,0
Year 1 Oct 14 6:00 PM,0,,0,#DIV/0!,0,,,0,,0
Year 1 Oct 14 7:00 PM,0,,0,#DIV/0!,0,,,0,,0
Year 1 Oct 14 8:00 PM,0,,0,#DIV/0!,0,,,0,,0
Year 1 Oct 14 9:00 PM,0,,0,#DIV/0!,0,,,0,,0
Year 1 Oct 14 10:00 PM,0,,0,#DIV/0!,0,,,0,,0
Year 1 Oct 14 11:00 PM,0,,0,#DIV/0!,0,,,0,,0
Year 1 Oct 15 12:00 AM,0,,0,#DIV/0!,0,,,0,,0
Year 1 Oct 15 1:00 AM,0,,0,#DIV/0!,0,,,0,,0
Year 1 Oct 15 2:00 AM,0,,0,#DIV/0!,0,,,0,,0
Year 1 Oct 15 3:00 AM,0,,0,#DIV/0!,0,,,0,,0
Year 1 Oct 15 4:00 AM,0,,0,#DIV/0!,0,,,0,,0
Year 1 Oct 15 5:00 AM,0,,0,#DIV/0!,0,,,0,,0
Year 1 Oct 15 6:00 AM,0,,0,#DIV/0!,0,,,0,,0
Year 1 Oct 15 7:00 AM,14.64581152,,14.64580391,0.99999948,7.6108E-06,,,14.64581152,,0
Year 1 Oct 15 8:00 AM,46.47080317,,46.47075653,0.999998996,4.66342E-05,,,46.47080317,,0
Year 1 Oct 15 9:00 AM,58.85115229,,58.85113091,0.999999637,2.13835E-05,,,58.85115229,,0
Year 1 Oct 15 10:00 AM,77.75273605,,77.75270275,0.999999572,3.32968E-05,,,77.75273605,,0
Year 1 Oct 15 11:00 AM,101.279819,,101.2792955,0.999994831,0.000523549,,,101.279819,,0
Year 1 Oct 15 12:00 PM,150.7882233,,150.6662543,0.999191124,0.121968956,,,150.7882233,,0
Year 1 Oct 15 1:00 PM,102.6829074,,92.487755,0.900712274,10.1951524,,,102.6829074,,0
Year 1 Oct 15 2:00 PM,130.7213182,,108.280153,0.828328191,22.44116519,,,130.7213182,,0
Year 1 Oct 15 3:00 PM,116.3069226,,94.82096262,0.815264995,21.48595994,,,116.3069226,,0
Year 1 Oct 15 4:00 PM,70.13873859,,58.81673178,0.838576983,11.32200681,,,70.13873859,,0
Year 1 Oct 15 5:00 PM,23.87720897,,19.05109296,0.797877716,4.826116012,,,23.87720897,,0
Year 1 Oct 15 6:00 PM,0,,0,#DIV/0!,0,,,0,,0
Year 1 Oct 15 7:00 PM,0,,0,#DIV/0!,0,,,0,,0
Year 1 Oct 15 8:00 PM,0,,0,#DIV/0!,0,,,0,,0
Year 1 Oct 15 9:00 PM,0,,0,#DIV/0!,0,,,0,,0
Year 1 Oct 15 10:00 PM,0,,0,#DIV/0!,0,,,0,,0
Year 1 Oct 15 11:00 PM,0,,0,#DIV/0!,0,,,0,,0
Year 1 Oct 16 12:00 AM,0,,0,#DIV/0!,0,,,0,,0
Year 1 Oct 16 1:00 AM,0,,0,#DIV/0!,0,,,0,,0
Year 1 Oct 16 2:00 AM,0,,0,#DIV/0!,0,,,0,,0
Year 1 Oct 16 3:00 AM,0,,0,#DIV/0!,0,,,0,,0
Year 1 Oct 16 4:00 AM,0,,0,#DIV/0!,0,,,0,,0
Year 1 Oct 16 5:00 AM,0,,0,#DIV/0!,0,,,0,,0
Year 1 Oct 16 6:00 AM,0,,0,#DIV/0!,0,,,0,,0
Year 1 Oct 16 7:00 AM,12.85205761,,12.85205004,0.999999412,7.56165E-06,,,12.85205761,,0
Year 1 Oct 16 8:00 AM,38.26148459,,38.26145292,0.999999172,3.16745E-05,,,38.26148459,,0
Year 1 Oct 16 9:00 AM,75.0632605,,75.06323522,0.999999663,2.52762E-05,,,75.0632605,,0
Year 1 Oct 16 10:00 AM,232.5361678,,232.5358031,0.999998432,0.000364714,,,232.5361678,,0
Year 1 Oct 16 11:00 AM,204.9403413,,204.9318199,0.99995842,0.008521423,,,204.9403413,,0
Year 1 Oct 16 12:00 PM,281.4622692,,280.3088234,0.995901952,1.153445859,,,281.4622692,,0
Year 1 Oct 16 1:00 PM,341.1772272,,113.5488447,0.332814841,227.6283825,,,341.1772272,,0
Year 1 Oct 16 2:00 PM,460.1161094,,56.94217611,0.123756102,403.1739333,,,460.1161094,,0
Year 1 Oct 16 3:00 PM,282.042522,,54.9270729,0.194747489,227.1154491,,,282.042522,,0
Year 1 Oct 16 4:00 PM,137.0344837,,50.21741107,0.366458206,86.81707266,,,137.0344837,,0
Year 1 Oct 16 5:00 PM,42.38942594,,16.56706892,0.390830226,25.82235701,,,42.38942594,,0
Year 1 Oct 16 6:00 PM,0,,0,#DIV/0!,0,,,0,,0
Year 1 Oct 16 7:00 PM,0,,0,#DIV/0!,0,,,0,,0
Year 1 Oct 16 8:00 PM,0,,0,#DIV/0!,0,,,0,,0
Year 1 Oct 16 9:00 PM,0,,0,#DIV/0!,0,,,0,,0
Year 1 Oct 16 10:00 PM,0,,0,#DIV/0!,0,,,0,,0
Year 1 Oct 16 11:00 PM,0,,0,#DIV/0!,0,,,0,,0
Year 1 Oct 17 12:00 AM,0,,0,#DIV/0!,0,,,0,,0
Year 1 Oct 17 1:00 AM,0,,0,#DIV/0!,0,,,0,,0
Year 1 Oct 17 2:00 AM,0,,0,#DIV/0!,0,,,0,,0
Year 1 Oct 17 3:00 AM,0,,0,#DIV/0!,0,,,0,,0
Year 1 Oct 17 4:00 AM,0,,0,#DIV/0!,0,,,0,,0
Year 1 Oct 17 5:00 AM,0,,0,#DIV/0!,0,,,0,,0
Year 1 Oct 17 6:00 AM,0,,0,#DIV/0!,0,,,0,,0
Year 1 Oct 17 7:00 AM,33.98188804,,33.98177234,0.999996595,0.000115695,,,33.98188804,,0
Year 1 Oct 17 8:00 AM,155.7087669,,155.708033,0.999995287,0.000733901,,,155.7087669,,0
Year 1 Oct 17 9:00 AM,312.6051858,,312.6047511,0.999998609,0.00043473,,,312.6051858,,0
Year 1 Oct 17 10:00 AM,426.2871947,,426.2862151,0.999997702,0.000979625,,,426.2871947,,0
Year 1 Oct 17 11:00 AM,492.3554923,,492.3260257,0.999940152,0.029466587,,,492.3554923,,0
Year 1 Oct 17 12:00 PM,471.4457679,,468.8707396,0.994538018,2.575028257,,,471.4457679,,0
Year 1 Oct 17 1:00 PM,475.8199055,,106.844855,0.224548939,368.9750506,,,475.8199055,,0
Year 1 Oct 17 2:00 PM,324.2208076,,66.36292559,0.204684351,257.857882,,,324.2208076,,0
Year 1 Oct 17 3:00 PM,69.80042821,,45.43660292,0.650950203,24.3638253,,,69.80042821,,0
Year 1 Oct 17 4:00 PM,39.43721086,,34.19281237,0.867019031,5.244398498,,,39.43721086,,0
Year 1 Oct 17 5:00 PM,22.57953307,,17.90167846,0.792827664,4.677854606,,,22.57953307,,0
Year 1 Oct 17 6:00 PM,0,,0,#DIV/0!,0,,,0,,0
Year 1 Oct 17 7:00 PM,0,,0,#DIV/0!,0,,,0,,0
Year 1 Oct 17 8:00 PM,0,,0,#DIV/0!,0,,,0,,0
Year 1 Oct 17 9:00 PM,0,,0,#DIV/0!,0,,,0,,0
Year 1 Oct 17 10:00 PM,0,,0,#DIV/0!,0,,,0,,0
Year 1 Oct 17 11:00 PM,0,,0,#DIV/0!,0,,,0,,0
Year 1 Oct 18 12:00 AM,0,,0,#DIV/0!,0,,,0,,0
Year 1 Oct 18 1:00 AM,0,,0,#DIV/0!,0,,,0,,0
Year 1 Oct 18 2:00 AM,0,,0,#DIV/0!,0,,,0,,0
Year 1 Oct 18 3:00 AM,0,,0,#DIV/0!,0,,,0,,0
Year 1 Oct 18 4:00 AM,0,,0,#DIV/0!,0,,,0,,0
Year 1 Oct 18 5:00 AM,0,,0,#DIV/0!,0,,,0,,0
Year 1 Oct 18 6:00 AM,0,,0,#DIV/0!,0,,,0,,0
Year 1 Oct 18 7:00 AM,22.8591619,,22.85911627,0.999998004,4.56258E-05,,,22.8591619,,0
Year 1 Oct 18 8:00 AM,101.0676695,,101.0673938,0.999997272,0.00027573,,,101.0676695,,0
Year 1 Oct 18 9:00 AM,256.617719,,256.6174194,0.999998833,0.00029953,,,256.617719,,0
Year 1 Oct 18 10:00 AM,386.4081027,,386.407296,0.999997912,0.00080668,,,386.4081027,,0
Year 1 Oct 18 11:00 AM,267.4706793,,267.4535011,0.999935775,0.017178186,,,267.4706793,,0
Year 1 Oct 18 12:00 PM,143.5413139,,143.3972514,0.998996369,0.144062449,,,143.5413139,,0
Year 1 Oct 18 1:00 PM,136.1316045,,115.2592724,0.84667534,20.87233203,,,136.1316045,,0
Year 1 Oct 18 2:00 PM,125.0941216,,94.45535786,0.755074312,30.63876377,,,125.0941216,,0
Year 1 Oct 18 3:00 PM,148.2871865,,84.22337466,0.56797473,64.06381186,,,148.2871865,,0
Year 1 Oct 18 4:00 PM,47.64089275,,35.6568918,0.748451377,11.98400095,,,47.64089275,,0
Year 1 Oct 18 5:00 PM,28.77407049,,14.05764401,0.488552498,14.71642648,,,28.77407049,,0
Year 1 Oct 18 6:00 PM,0,,0,#DIV/0!,0,,,0,,0
Year 1 Oct 18 7:00 PM,0,,0,#DIV/0!,0,,,0,,0
Year 1 Oct 18 8:00 PM,0,,0,#DIV/0!,0,,,0,,0
Year 1 Oct 18 9:00 PM,0,,0,#DIV/0!,0,,,0,,0
Year 1 Oct 18 10:00 PM,0,,0,#DIV/0!,0,,,0,,0
Year 1 Oct 18 11:00 PM,0,,0,#DIV/0!,0,,,0,,0
Year 1 Oct 19 12:00 AM,0,,0,#DIV/0!,0,,,0,,0
Year 1 Oct 19 1:00 AM,0,,0,#DIV/0!,0,,,0,,0
Year 1 Oct 19 2:00 AM,0,,0,#DIV/0!,0,,,0,,0
Year 1 Oct 19 3:00 AM,0,,0,#DIV/0!,0,,,0,,0
Year 1 Oct 19 4:00 AM,0,,0,#DIV/0!,0,,,0,,0
Year 1 Oct 19 5:00 AM,0,,0,#DIV/0!,0,,,0,,0
Year 1 Oct 19 6:00 AM,0,,0,#DIV/0!,0,,,0,,0
Year 1 Oct 19 7:00 AM,22.39786375,,22.39781099,0.999997644,5.27643E-05,,,22.39786375,,0
Year 1 Oct 19 8:00 AM,111.8379574,,111.8375443,0.999996307,0.000413042,,,111.8379574,,0
Year 1 Oct 19 9:00 AM,252.6164117,,252.6161122,0.999998814,0.000299536,,,252.6164117,,0
Year 1 Oct 19 10:00 AM,393.3466708,,393.3457793,0.999997733,0.000891521,,,393.3466708,,0
Year 1 Oct 19 11:00 AM,468.890505,,468.8637305,0.999942898,0.026774538,,,468.890505,,0
Year 1 Oct 19 12:00 PM,507.3158688,,504.7548366,0.994951799,2.561032251,,,507.3158688,,0
Year 1 Oct 19 1:00 PM,426.517159,,97.54021939,0.228690024,328.9769396,,,426.517159,,0
Year 1 Oct 19 2:00 PM,371.8371185,,61.89885817,0.166467669,309.9382603,,,371.8371185,,0
Year 1 Oct 19 3:00 PM,227.3659989,,67.19440746,0.295534107,160.1715914,,,227.3659989,,0
Year 1 Oct 19 4:00 PM,119.5209923,,39.97680836,0.334475205,79.5441839,,,119.5209923,,0
Year 1 Oct 19 5:00 PM,24.98370154,,14.74950863,0.590365227,10.23419291,,,24.98370154,,0
Year 1 Oct 19 6:00 PM,0,,0,#DIV/0!,0,,,0,,0
Year 1 Oct 19 7:00 PM,0,,0,#DIV/0!,0,,,0,,0
Year 1 Oct 19 8:00 PM,0,,0,#DIV/0!,0,,,0,,0
Year 1 Oct 19 9:00 PM,0,,0,#DIV/0!,0,,,0,,0
Year 1 Oct 19 10:00 PM,0,,0,#DIV/0!,0,,,0,,0
Year 1 Oct 19 11:00 PM,0,,0,#DIV/0!,0,,,0,,0
Year 1 Oct 20 12:00 AM,0,,0,#DIV/0!,0,,,0,,0
Year 1 Oct 20 1:00 AM,0,,0,#DIV/0!,0,,,0,,0
Year 1 Oct 20 2:00 AM,0,,0,#DIV/0!,0,,,0,,0
Year 1 Oct 20 3:00 AM,0,,0,#DIV/0!,0,,,0,,0
Year 1 Oct 20 4:00 AM,0,,0,#DIV/0!,0,,,0,,0
Year 1 Oct 20 5:00 AM,0,,0,#DIV/0!,0,,,0,,0
Year 1 Oct 20 6:00 AM,0,,0,#DIV/0!,0,,,0,,0
Year 1 Oct 20 7:00 AM,32.47006884,,32.46992915,0.999995698,0.000139685,,,32.47006884,,0
Year 1 Oct 20 8:00 AM,163.8437579,,163.8429299,0.999994946,0.000827993,,,163.8437579,,0
Year 1 Oct 20 9:00 AM,328.873307,,328.872838,0.999998574,0.000468948,,,328.873307,,0
Year 1 Oct 20 10:00 AM,465.8951601,,465.8940063,0.999997524,0.001153742,,,465.8951601,,0
Year 1 Oct 20 11:00 AM,557.6819427,,557.6469011,0.999937166,0.035041577,,,557.6819427,,0
Year 1 Oct 20 12:00 PM,588.4476795,,584.9911474,0.994126016,3.456532155,,,588.4476795,,0
Year 1 Oct 20 1:00 PM,559.0643275,,79.39449022,0.142013157,479.6698372,,,559.0643275,,0
Year 1 Oct 20 2:00 PM,475.72516,,27.68153542,0.058188084,448.0436246,,,475.72516,,0
Year 1 Oct 20 3:00 PM,338.288892,,25.14764613,0.074337783,313.1412458,,,338.288892,,0
Year 1 Oct 20 4:00 PM,172.196745,,20.64439345,0.119888407,151.5523516,,,172.196745,,0
Year 1 Oct 20 5:00 PM,36.29397687,,10.85187661,0.298999381,25.44210026,,,36.29397687,,0
Year 1 Oct 20 6:00 PM,0,,0,#DIV/0!,0,,,0,,0
Year 1 Oct 20 7:00 PM,0,,0,#DIV/0!,0,,,0,,0
Year 1 Oct 20 8:00 PM,0,,0,#DIV/0!,0,,,0,,0
Year 1 Oct 20 9:00 PM,0,,0,#DIV/0!,0,,,0,,0
Year 1 Oct 20 10:00 PM,0,,0,#DIV/0!,0,,,0,,0
Year 1 Oct 20 11:00 PM,0,,0,#DIV/0!,0,,,0,,0
Year 1 Oct 21 12:00 AM,0,,0,#DIV/0!,0,,,0,,0
Year 1 Oct 21 1:00 AM,0,,0,#DIV/0!,0,,,0,,0
Year 1 Oct 21 2:00 AM,0,,0,#DIV/0!,0,,,0,,0
Year 1 Oct 21 3:00 AM,0,,0,#DIV/0!,0,,,0,,0
Year 1 Oct 21 4:00 AM,0,,0,#DIV/0!,0,,,0,,0
Year 1 Oct 21 5:00 AM,0,,0,#DIV/0!,0,,,0,,0
Year 1 Oct 21 6:00 AM,0,,0,#DIV/0!,0,,,0,,0
Year 1 Oct 21 7:00 AM,27.47868952,,27.47859904,0.999996707,9.04782E-05,,,27.47868952,,0
Year 1 Oct 21 8:00 AM,135.9175702,,135.9170017,0.999995818,0.000568437,,,135.9175702,,0
Year 1 Oct 21 9:00 AM,289.0794193,,289.0790247,0.999998635,0.000394524,,,289.0794193,,0
Year 1 Oct 21 10:00 AM,419.358647,,419.3576902,0.999997718,0.000956839,,,419.358647,,0
Year 1 Oct 21 11:00 AM,480.2861256,,480.25756,0.999940524,0.028565599,,,480.2861256,,0
Year 1 Oct 21 12:00 PM,490.0802876,,487.5272449,0.994790562,2.553042708,,,490.0802876,,0
Year 1 Oct 21 1:00 PM,402.9693199,,105.9372136,0.262891511,297.0321064,,,402.9693199,,0
Year 1 Oct 21 2:00 PM,206.3890012,,85.31213122,0.413355996,121.07687,,,206.3890012,,0
Year 1 Oct 21 3:00 PM,213.1592449,,58.83036475,0.275992556,154.3288802,,,213.1592449,,0
Year 1 Oct 21 4:00 PM,99.75735204,,44.72093147,0.448297098,55.03642058,,,99.75735204,,0
Year 1 Oct 21 5:00 PM,21.52696041,,13.61280144,0.632360592,7.914158977,,,21.52696041,,0
Year 1 Oct 21 6:00 PM,0,,0,#DIV/0!,0,,,0,,0
Year 1 Oct 21 7:00 PM,0,,0,#DIV/0!,0,,,0,,0
Year 1 Oct 21 8:00 PM,0,,0,#DIV/0!,0,,,0,,0
Year 1 Oct 21 9:00 PM,0,,0,#DIV/0!,0,,,0,,0
Year 1 Oct 21 10:00 PM,0,,0,#DIV/0!,0,,,0,,0
Year 1 Oct 21 11:00 PM,0,,0,#DIV/0!,0,,,0,,0
Year 1 Oct 22 12:00 AM,0,,0,#DIV/0!,0,,,0,,0
Year 1 Oct 22 1:00 AM,0,,0,#DIV/0!,0,,,0,,0
Year 1 Oct 22 2:00 AM,0,,0,#DIV/0!,0,,,0,,0
Year 1 Oct 22 3:00 AM,0,,0,#DIV/0!,0,,,0,,0
Year 1 Oct 22 4:00 AM,0,,0,#DIV/0!,0,,,0,,0
Year 1 Oct 22 5:00 AM,0,,0,#DIV/0!,0,,,0,,0
Year 1 Oct 22 6:00 AM,0,,0,#DIV/0!,0,,,0,,0
Year 1 Oct 22 7:00 AM,13.10512337,,13.10511273,0.999999188,1.06386E-05,,,13.10512337,,0
Year 1 Oct 22 8:00 AM,39.57288919,,39.5728613,0.999999295,2.78907E-05,,,39.57288919,,0
Year 1 Oct 22 9:00 AM,64.36707338,,64.36705143,0.999999659,2.19557E-05,,,64.36707338,,0
Year 1 Oct 22 10:00 AM,123.5922656,,123.5921,0.99999866,0.000165601,,,123.5922656,,0
Year 1 Oct 22 11:00 AM,226.7945508,,226.7878889,0.999970626,0.006661976,,,226.7945508,,0
Year 1 Oct 22 12:00 PM,186.9102633,,186.3623029,0.997068323,0.547960488,,,186.9102633,,0
Year 1 Oct 22 1:00 PM,205.7042468,,110.8777007,0.539015127,94.82654606,,,205.7042468,,0
Year 1 Oct 22 2:00 PM,160.2972565,,73.31559786,0.457372755,86.98165863,,,160.2972565,,0
Year 1 Oct 22 3:00 PM,79.82723885,,62.08825937,0.777782875,17.73897948,,,79.82723885,,0
Year 1 Oct 22 4:00 PM,48.86102935,,35.72776827,0.731211944,13.13326108,,,48.86102935,,0
Year 1 Oct 22 5:00 PM,12.83124339,,11.65491582,0.908323181,1.176327573,,,12.83124339,,0
Year 1 Oct 22 6:00 PM,0,,0,#DIV/0!,0,,,0,,0
Year 1 Oct 22 7:00 PM,0,,0,#DIV/0!,0,,,0,,0
Year 1 Oct 22 8:00 PM,0,,0,#DIV/0!,0,,,0,,0
Year 1 Oct 22 9:00 PM,0,,0,#DIV/0!,0,,,0,,0
Year 1 Oct 22 10:00 PM,0,,0,#DIV/0!,0,,,0,,0
Year 1 Oct 22 11:00 PM,0,,0,#DIV/0!,0,,,0,,0
Year 1 Oct 23 12:00 AM,0,,0,#DIV/0!,0,,,0,,0
Year 1 Oct 23 1:00 AM,0,,0,#DIV/0!,0,,,0,,0
Year 1 Oct 23 2:00 AM,0,,0,#DIV/0!,0,,,0,,0
Year 1 Oct 23 3:00 AM,0,,0,#DIV/0!,0,,,0,,0
Year 1 Oct 23 4:00 AM,0,,0,#DIV/0!,0,,,0,,0
Year 1 Oct 23 5:00 AM,0,,0,#DIV/0!,0,,,0,,0
Year 1 Oct 23 6:00 AM,0,,0,#DIV/0!,0,,,0,,0
Year 1 Oct 23 7:00 AM,20.25857996,,20.25853619,0.99999784,4.3762E-05,,,20.25857996,,0
Year 1 Oct 23 8:00 AM,110.3702623,,110.3698542,0.999996302,0.000408127,,,110.3702623,,0
Year 1 Oct 23 9:00 AM,238.7711479,,238.7708223,0.999998636,0.000325616,,,238.7711479,,0
Year 1 Oct 23 10:00 AM,262.0269648,,262.0264749,0.99999813,0.000489861,,,262.0269648,,0
Year 1 Oct 23 11:00 AM,298.7722982,,298.7576322,0.999950912,0.014666015,,,298.7722982,,0
Year 1 Oct 23 12:00 PM,288.066496,,286.6610373,0.995121061,1.405458723,,,288.066496,,0
Year 1 Oct 23 1:00 PM,353.9390191,,114.3936269,0.323201514,239.5453922,,,353.9390191,,0
Year 1 Oct 23 2:00 PM,377.3556392,,61.5817516,0.163192875,315.7738876,,,377.3556392,,0
Year 1 Oct 23 3:00 PM,227.6794933,,58.62871873,0.257505487,169.0507745,,,227.6794933,,0
Year 1 Oct 23 4:00 PM,144.6566153,,32.01216233,0.221297604,112.644453,,,144.6566153,,0
Year 1 Oct 23 5:00 PM,34.554681,,10.07416648,0.291542743,24.48051451,,,34.554681,,0
Year 1 Oct 23 6:00 PM,0,,0,#DIV/0!,0,,,0,,0
Year 1 Oct 23 7:00 PM,0,,0,#DIV/0!,0,,,0,,0
Year 1 Oct 23 8:00 PM,0,,0,#DIV/0!,0,,,0,,0
Year 1 Oct 23 9:00 PM,0,,0,#DIV/0!,0,,,0,,0
Year 1 Oct 23 10:00 PM,0,,0,#DIV/0!,0,,,0,,0
Year 1 Oct 23 11:00 PM,0,,0,#DIV/0!,0,,,0,,0
Year 1 Oct 24 12:00 AM,0,,0,#DIV/0!,0,,,0,,0
Year 1 Oct 24 1:00 AM,0,,0,#DIV/0!,0,,,0,,0
Year 1 Oct 24 2:00 AM,0,,0,#DIV/0!,0,,,0,,0
Year 1 Oct 24 3:00 AM,0,,0,#DIV/0!,0,,,0,,0
Year 1 Oct 24 4:00 AM,0,,0,#DIV/0!,0,,,0,,0
Year 1 Oct 24 5:00 AM,0,,0,#DIV/0!,0,,,0,,0
Year 1 Oct 24 6:00 AM,0,,0,#DIV/0!,0,,,0,,0
Year 1 Oct 24 7:00 AM,33.62712586,,33.62696103,0.999995098,0.000164833,,,33.62712586,,0
Year 1 Oct 24 8:00 AM,174.3980129,,174.3970862,0.999994687,0.000926627,,,174.3980129,,0
Year 1 Oct 24 9:00 AM,339.6171308,,339.6166332,0.999998535,0.000497554,,,339.6171308,,0
Year 1 Oct 24 10:00 AM,451.9185828,,451.9174735,0.999997545,0.001109291,,,451.9185828,,0
Year 1 Oct 24 11:00 AM,536.7356978,,536.7015924,0.999936458,0.034105458,,,536.7356978,,0
Year 1 Oct 24 12:00 PM,564.9510085,,561.5313218,0.993946932,3.419686691,,,564.9510085,,0
Year 1 Oct 24 1:00 PM,572.1980702,,75.47359277,0.131901166,496.7244774,,,572.1980702,,0
Year 1 Oct 24 2:00 PM,492.0261674,,21.56823647,0.043835548,470.4579309,,,492.0261674,,0
Year 1 Oct 24 3:00 PM,355.6467693,,18.56962038,0.052213662,337.077149,,,355.6467693,,0
Year 1 Oct 24 4:00 PM,184.5663361,,15.1412736,0.082037028,169.4250625,,,184.5663361,,0
Year 1 Oct 24 5:00 PM,38.19882309,,8.277430885,0.216693349,29.9213922,,,38.19882309,,0
Year 1 Oct 24 6:00 PM,0,,0,#DIV/0!,0,,,0,,0
Year 1 Oct 24 7:00 PM,0,,0,#DIV/0!,0,,,0,,0
Year 1 Oct 24 8:00 PM,0,,0,#DIV/0!,0,,,0,,0
Year 1 Oct 24 9:00 PM,0,,0,#DIV/0!,0,,,0,,0
Year 1 Oct 24 10:00 PM,0,,0,#DIV/0!,0,,,0,,0
Year 1 Oct 24 11:00 PM,0,,0,#DIV/0!,0,,,0,,0
Year 1 Oct 25 12:00 AM,0,,0,#DIV/0!,0,,,0,,0
Year 1 Oct 25 1:00 AM,0,,0,#DIV/0!,0,,,0,,0
Year 1 Oct 25 2:00 AM,0,,0,#DIV/0!,0,,,0,,0
Year 1 Oct 25 3:00 AM,0,,0,#DIV/0!,0,,,0,,0
Year 1 Oct 25 4:00 AM,0,,0,#DIV/0!,0,,,0,,0
Year 1 Oct 25 5:00 AM,0,,0,#DIV/0!,0,,,0,,0
Year 1 Oct 25 6:00 AM,0,,0,#DIV/0!,0,,,0,,0
Year 1 Oct 25 7:00 AM,7.541713801,,7.541709709,0.999999457,4.09199E-06,,,7.541713801,,0
Year 1 Oct 25 8:00 AM,27.33699026,,27.33696064,0.999998916,2.96236E-05,,,27.33699026,,0
Year 1 Oct 25 9:00 AM,48.59635465,,48.59633868,0.999999671,1.59654E-05,,,48.59635465,,0
Year 1 Oct 25 10:00 AM,63.55875812,,63.55872657,0.999999504,3.1554E-05,,,63.55875812,,0
Year 1 Oct 25 11:00 AM,80.97208882,,80.9715345,0.999993154,0.00055432,,,80.97208882,,0
Year 1 Oct 25 12:00 PM,103.6247279,,103.5176495,0.998966671,0.107078397,,,103.6247279,,0
Year 1 Oct 25 1:00 PM,133.0528642,,111.4496899,0.837634654,21.60317439,,,133.0528642,,0
Year 1 Oct 25 2:00 PM,140.5877118,,111.2632783,0.791415387,29.32443349,,,140.5877118,,0
Year 1 Oct 25 3:00 PM,87.72299151,,75.03786831,0.855395684,12.6851232,,,87.72299151,,0
Year 1 Oct 25 4:00 PM,48.25948799,,43.14819313,0.894087255,5.111294857,,,48.25948799,,0
Year 1 Oct 25 5:00 PM,13.98661243,,12.72292643,0.909650317,1.263685998,,,13.98661243,,0
Year 1 Oct 25 6:00 PM,0,,0,#DIV/0!,0,,,0,,0
Year 1 Oct 25 7:00 PM,0,,0,#DIV/0!,0,,,0,,0
Year 1 Oct 25 8:00 PM,0,,0,#DIV/0!,0,,,0,,0
Year 1 Oct 25 9:00 PM,0,,0,#DIV/0!,0,,,0,,0
Year 1 Oct 25 10:00 PM,0,,0,#DIV/0!,0,,,0,,0
Year 1 Oct 25 11:00 PM,0,,0,#DIV/0!,0,,,0,,0
Year 1 Oct 26 12:00 AM,0,,0,#DIV/0!,0,,,0,,0
Year 1 Oct 26 1:00 AM,0,,0,#DIV/0!,0,,,0,,0
Year 1 Oct 26 2:00 AM,0,,0,#DIV/0!,0,,,0,,0
Year 1 Oct 26 3:00 AM,0,,0,#DIV/0!,0,,,0,,0
Year 1 Oct 26 4:00 AM,0,,0,#DIV/0!,0,,,0,,0
Year 1 Oct 26 5:00 AM,0,,0,#DIV/0!,0,,,0,,0
Year 1 Oct 26 6:00 AM,0,,0,#DIV/0!,0,,,0,,0
Year 1 Oct 26 7:00 AM,10.83073958,,10.83072766,0.999998899,1.19261E-05,,,10.83073958,,0
Year 1 Oct 26 8:00 AM,57.66172564,,57.66162178,0.999998199,0.000103865,,,57.66172564,,0
Year 1 Oct 26 9:00 AM,175.4602713,,175.4601072,0.999999065,0.00016413,,,175.4602713,,0
Year 1 Oct 26 10:00 AM,384.1531833,,384.1522235,0.999997501,0.00095983,,,384.1531833,,0
Year 1 Oct 26 11:00 AM,518.23218,,518.2007705,0.999939391,0.031409419,,,518.23218,,0
Year 1 Oct 26 12:00 PM,525.7479499,,522.7709329,0.994337559,2.977016945,,,525.7479499,,0
Year 1 Oct 26 1:00 PM,481.0679297,,89.50219887,0.186048983,391.5657308,,,481.0679297,,0
Year 1 Oct 26 2:00 PM,355.2961707,,53.85662832,0.15158235,301.4395423,,,355.2961707,,0
Year 1 Oct 26 3:00 PM,228.9807833,,50.25048392,0.219452843,178.7302994,,,228.9807833,,0
Year 1 Oct 26 4:00 PM,99.04080914,,37.69792234,0.380630193,61.34288679,,,99.04080914,,0
Year 1 Oct 26 5:00 PM,23.49529473,,13.55111063,0.576758487,9.944184099,,,23.49529473,,0
Year 1 Oct 26 6:00 PM,0,,0,#DIV/0!,0,,,0,,0
Year 1 Oct 26 7:00 PM,0,,0,#DIV/0!,0,,,0,,0
Year 1 Oct 26 8:00 PM,0,,0,#DIV/0!,0,,,0,,0
Year 1 Oct 26 9:00 PM,0,,0,#DIV/0!,0,,,0,,0
Year 1 Oct 26 10:00 PM,0,,0,#DIV/0!,0,,,0,,0
Year 1 Oct 26 11:00 PM,0,,0,#DIV/0!,0,,,0,,0
Year 1 Oct 27 12:00 AM,0,,0,#DIV/0!,0,,,0,,0
Year 1 Oct 27 1:00 AM,0,,0,#DIV/0!,0,,,0,,0
Year 1 Oct 27 2:00 AM,0,,0,#DIV/0!,0,,,0,,0
Year 1 Oct 27 3:00 AM,0,,0,#DIV/0!,0,,,0,,0
Year 1 Oct 27 4:00 AM,0,,0,#DIV/0!,0,,,0,,0
Year 1 Oct 27 5:00 AM,0,,0,#DIV/0!,0,,,0,,0
Year 1 Oct 27 6:00 AM,0,,0,#DIV/0!,0,,,0,,0
Year 1 Oct 27 7:00 AM,31.73598264,,31.7358161,0.999994752,0.000166542,,,31.73598264,,0
Year 1 Oct 27 8:00 AM,182.6914347,,182.6904279,0.999994489,0.001006776,,,182.6914347,,0
Year 1 Oct 27 9:00 AM,351.6431493,,351.6426327,0.999998531,0.000516646,,,351.6431493,,0
Year 1 Oct 27 10:00 AM,490.8245656,,490.8233409,0.999997505,0.001224667,,,490.8245656,,0
Year 1 Oct 27 11:00 AM,580.0651947,,580.027746,0.999935441,0.037448691,,,580.0651947,,0
Year 1 Oct 27 12:00 PM,610.1581818,,606.5069122,0.994015864,3.651269679,,,610.1581818,,0
Year 1 Oct 27 1:00 PM,583.1818448,,73.26499578,0.125629761,509.916849,,,583.1818448,,0
Year 1 Oct 27 2:00 PM,498.3749049,,20.49925551,0.041132198,477.8756494,,,498.3749049,,0
Year 1 Oct 27 3:00 PM,361.385178,,17.74081022,0.04909114,343.6443678,,,361.385178,,0
Year 1 Oct 27 4:00 PM,188.9666251,,12.73862203,0.067412021,176.2280031,,,188.9666251,,0
Year 1 Oct 27 5:00 PM,35.73086057,,5.542555061,0.155119551,30.18830551,,,35.73086057,,0
Year 1 Oct 27 6:00 PM,0,,0,#DIV/0!,0,,,0,,0
Year 1 Oct 27 7:00 PM,0,,0,#DIV/0!,0,,,0,,0
Year 1 Oct 27 8:00 PM,0,,0,#DIV/0!,0,,,0,,0
Year 1 Oct 27 9:00 PM,0,,0,#DIV/0!,0,,,0,,0
Year 1 Oct 27 10:00 PM,0,,0,#DIV/0!,0,,,0,,0
Year 1 Oct 27 11:00 PM,0,,0,#DIV/0!,0,,,0,,0
Year 1 Oct 28 12:00 AM,0,,0,#DIV/0!,0,,,0,,0
Year 1 Oct 28 1:00 AM,0,,0,#DIV/0!,0,,,0,,0
Year 1 Oct 28 2:00 AM,0,,0,#DIV/0!,0,,,0,,0
Year 1 Oct 28 3:00 AM,0,,0,#DIV/0!,0,,,0,,0
Year 1 Oct 28 4:00 AM,0,,0,#DIV/0!,0,,,0,,0
Year 1 Oct 28 5:00 AM,0,,0,#DIV/0!,0,,,0,,0
Year 1 Oct 28 6:00 AM,0,,0,#DIV/0!,0,,,0,,0
Year 1 Oct 28 7:00 AM,15.67159037,,15.67157744,0.999999175,1.29275E-05,,,15.67159037,,0
Year 1 Oct 28 8:00 AM,91.9477822,,91.94584744,0.999978958,0.001934767,,,91.9477822,,0
Year 1 Oct 28 9:00 AM,252.8998509,,252.8969038,0.999988346,0.002947182,,,252.8998509,,0
Year 1 Oct 28 10:00 AM,348.1126809,,348.1082511,0.999987275,0.004429823,,,348.1126809,,0
Year 1 Oct 28 11:00 AM,459.6737154,,459.6737096,0.999999987,5.78251E-06,,,459.6737154,,0
Year 1 Oct 28 12:00 PM,450.9992789,,450.1568391,0.99813206,0.842439754,,,450.9992789,,0
Year 1 Oct 28 1:00 PM,423.8338338,,82.35839961,0.194317662,341.4754342,,,423.8338338,,0
Year 1 Oct 28 2:00 PM,370.1286271,,28.88819319,0.078049065,341.2404339,,,370.1286271,,0
Year 1 Oct 28 3:00 PM,266.9444993,,19.82878743,0.074280562,247.1157119,,,266.9444993,,0
Year 1 Oct 28 4:00 PM,123.4509565,,14.0285366,0.113636516,109.4224199,,,123.4509565,,0
Year 1 Oct 28 5:00 PM,16.81940804,,5.370333126,0.319293825,11.44907491,,,16.81940804,,0
Year 1 Oct 28 6:00 PM,0,,0,#DIV/0!,0,,,0,,0
Year 1 Oct 28 7:00 PM,0,,0,#DIV/0!,0,,,0,,0
Year 1 Oct 28 8:00 PM,0,,0,#DIV/0!,0,,,0,,0
Year 1 Oct 28 9:00 PM,0,,0,#DIV/0!,0,,,0,,0
Year 1 Oct 28 10:00 PM,0,,0,#DIV/0!,0,,,0,,0
Year 1 Oct 28 11:00 PM,0,,0,#DIV/0!,0,,,0,,0
Year 1 Oct 29 12:00 AM,0,,0,#DIV/0!,0,,,0,,0
Year 1 Oct 29 1:00 AM,0,,0,#DIV/0!,0,,,0,,0
Year 1 Oct 29 2:00 AM,0,,0,#DIV/0!,0,,,0,,0
Year 1 Oct 29 3:00 AM,0,,0,#DIV/0!,0,,,0,,0
Year 1 Oct 29 4:00 AM,0,,0,#DIV/0!,0,,,0,,0
Year 1 Oct 29 5:00 AM,0,,0,#DIV/0!,0,,,0,,0
Year 1 Oct 29 6:00 AM,0,,0,#DIV/0!,0,,,0,,0
Year 1 Oct 29 7:00 AM,11.54600866,,11.54600173,0.9999994,6.93052E-06,,,11.54600866,,0
Year 1 Oct 29 8:00 AM,49.08999555,,49.08963206,0.999992595,0.000363492,,,49.08999555,,0
Year 1 Oct 29 9:00 AM,64.36371534,,64.36354175,0.999997303,0.000173589,,,64.36371534,,0
Year 1 Oct 29 10:00 AM,175.7985506,,175.7976698,0.99999499,0.000880777,,,175.7985506,,0
Year 1 Oct 29 11:00 AM,389.8141975,,389.814182,0.99999996,1.54555E-05,,,389.8141975,,0
Year 1 Oct 29 12:00 PM,400.5055101,,399.6995733,0.997987701,0.8059368,,,400.5055101,,0
Year 1 Oct 29 1:00 PM,473.1737269,,93.19491395,0.196957077,379.9788129,,,473.1737269,,0
Year 1 Oct 29 2:00 PM,372.9845061,,30.61685256,0.082086124,342.3676536,,,372.9845061,,0
Year 1 Oct 29 3:00 PM,256.3534873,,25.64888265,0.100052794,230.7046046,,,256.3534873,,0
Year 1 Oct 29 4:00 PM,112.5783328,,20.47506898,0.181873976,92.10326379,,,112.5783328,,0
Year 1 Oct 29 5:00 PM,15.51204562,,7.985659316,0.514803754,7.5263863,,,15.51204562,,0
Year 1 Oct 29 6:00 PM,0,,0,#DIV/0!,0,,,0,,0
Year 1 Oct 29 7:00 PM,0,,0,#DIV/0!,0,,,0,,0
Year 1 Oct 29 8:00 PM,0,,0,#DIV/0!,0,,,0,,0
Year 1 Oct 29 9:00 PM,0,,0,#DIV/0!,0,,,0,,0
Year 1 Oct 29 10:00 PM,0,,0,#DIV/0!,0,,,0,,0
Year 1 Oct 29 11:00 PM,0,,0,#DIV/0!,0,,,0,,0
Year 1 Oct 30 12:00 AM,0,,0,#DIV/0!,0,,,0,,0
Year 1 Oct 30 1:00 AM,0,,0,#DIV/0!,0,,,0,,0
Year 1 Oct 30 2:00 AM,0,,0,#DIV/0!,0,,,0,,0
Year 1 Oct 30 3:00 AM,0,,0,#DIV/0!,0,,,0,,0
Year 1 Oct 30 4:00 AM,0,,0,#DIV/0!,0,,,0,,0
Year 1 Oct 30 5:00 AM,0,,0,#DIV/0!,0,,,0,,0
Year 1 Oct 30 6:00 AM,0,,0,#DIV/0!,0,,,0,,0
Year 1 Oct 30 7:00 AM,15.63849591,,15.63847771,0.999998836,1.82013E-05,,,15.63849591,,0
Year 1 Oct 30 8:00 AM,118.5036086,,118.5010186,0.999978144,0.002590007,,,118.5036086,,0
Year 1 Oct 30 9:00 AM,266.5203125,,266.5171298,0.999988058,0.003182771,,,266.5203125,,0
Year 1 Oct 30 10:00 AM,396.6735158,,396.6682563,0.999986741,0.005259483,,,396.6735158,,0
Year 1 Oct 30 11:00 AM,483.0674177,,483.0674112,0.999999987,6.43996E-06,,,483.0674177,,0
Year 1 Oct 30 12:00 PM,511.5169696,,510.5089064,0.998029267,1.008063241,,,511.5169696,,0
Year 1 Oct 30 1:00 PM,482.8793531,,82.9623061,0.171807524,399.917047,,,482.8793531,,0
Year 1 Oct 30 2:00 PM,397.794559,,24.51630234,0.061630562,373.2782566,,,397.794559,,0
Year 1 Oct 30 3:00 PM,268.4308386,,21.21644687,0.079038783,247.2143917,,,268.4308386,,0
Year 1 Oct 30 4:00 PM,119.1559684,,16.18662626,0.135844024,102.9693421,,,119.1559684,,0
Year 1 Oct 30 5:00 PM,15.73049227,,6.95784539,0.442315808,8.772646876,,,15.73049227,,0
Year 1 Oct 30 6:00 PM,0,,0,#DIV/0!,0,,,0,,0
Year 1 Oct 30 7:00 PM,0,,0,#DIV/0!,0,,,0,,0
Year 1 Oct 30 8:00 PM,0,,0,#DIV/0!,0,,,0,,0
Year 1 Oct 30 9:00 PM,0,,0,#DIV/0!,0,,,0,,0
Year 1 Oct 30 10:00 PM,0,,0,#DIV/0!,0,,,0,,0
Year 1 Oct 30 11:00 PM,0,,0,#DIV/0!,0,,,0,,0
Year 1 Oct 31 12:00 AM,0,,0,#DIV/0!,0,,,0,,0
Year 1 Oct 31 1:00 AM,0,,0,#DIV/0!,0,,,0,,0
Year 1 Oct 31 2:00 AM,0,,0,#DIV/0!,0,,,0,,0
Year 1 Oct 31 3:00 AM,0,,0,#DIV/0!,0,,,0,,0
Year 1 Oct 31 4:00 AM,0,,0,#DIV/0!,0,,,0,,0
Year 1 Oct 31 5:00 AM,0,,0,#DIV/0!,0,,,0,,0
Year 1 Oct 31 6:00 AM,0,,0,#DIV/0!,0,,,0,,0
Year 1 Oct 31 7:00 AM,14.29207666,,14.29206492,0.999999179,1.174E-05,,,14.29207666,,0
Year 1 Oct 31 8:00 AM,86.45165918,,86.4500577,0.999981476,0.001601472,,,86.45165918,,0
Year 1 Oct 31 9:00 AM,181.9640284,,181.9620332,0.999989035,0.001995197,,,181.9640284,,0
Year 1 Oct 31 10:00 AM,200.7742718,,200.7720152,0.999988761,0.002256542,,,200.7742718,,0
Year 1 Oct 31 11:00 AM,120.5817432,,120.5817212,0.999999818,2.19638E-05,,,120.5817432,,0
Year 1 Oct 31 12:00 PM,181.2347179,,180.9281258,0.998308315,0.306592142,,,181.2347179,,0
Year 1 Oct 31 1:00 PM,306.7695984,,88.63551589,0.288931877,218.1340825,,,306.7695984,,0
Year 1 Oct 31 2:00 PM,317.3443648,,47.22851,0.148824165,270.1158548,,,317.3443648,,0
Year 1 Oct 31 3:00 PM,195.7649475,,47.89610743,0.244661305,147.8688401,,,195.7649475,,0
Year 1 Oct 31 4:00 PM,81.97010301,,34.54558881,0.421441325,47.4245142,,,81.97010301,,0
Year 1 Oct 31 5:00 PM,12.00148682,,8.424581861,0.701961514,3.576904962,,,12.00148682,,0
Year 1 Oct 31 6:00 PM,0,,0,#DIV/0!,0,,,0,,0
Year 1 Oct 31 7:00 PM,0,,0,#DIV/0!,0,,,0,,0
Year 1 Oct 31 8:00 PM,0,,0,#DIV/0!,0,,,0,,0
Year 1 Oct 31 9:00 PM,0,,0,#DIV/0!,0,,,0,,0
Year 1 Oct 31 10:00 PM,0,,0,#DIV/0!,0,,,0,,0
Year 1 Oct 31 11:00 PM,0,,0,#DIV/0!,0,,,0,,0
Year 1 Nov 01 12:00 AM,0,,0,#DIV/0!,0,,,0,,0
Year 1 Nov 01 1:00 AM,0,,0,#DIV/0!,0,,,0,,0
Year 1 Nov 01 2:00 AM,0,,0,#DIV/0!,0,,,0,,0
Year 1 Nov 01 3:00 AM,0,,0,#DIV/0!,0,,,0,,0
Year 1 Nov 01 4:00 AM,0,,0,#DIV/0!,0,,,0,,0
Year 1 Nov 01 5:00 AM,0,,0,#DIV/0!,0,,,0,,0
Year 1 Nov 01 6:00 AM,0,,0,#DIV/0!,0,,,0,,0
Year 1 Nov 01 7:00 AM,6.866468107,,6.866466279,0.999999734,1.82821E-06,,,6.866468107,,0
Year 1 Nov 01 8:00 AM,27.87937567,,27.87934462,0.999998886,3.10519E-05,,,27.87937567,,0
Year 1 Nov 01 9:00 AM,55.48425782,,55.48419967,0.999998952,5.81497E-05,,,55.48425782,,0
Year 1 Nov 01 10:00 AM,73.45448646,,73.45439009,0.999998688,9.63609E-05,,,73.45448646,,0
Year 1 Nov 01 11:00 AM,85.47908673,,85.47906691,0.999999768,1.98171E-05,,,85.47908673,,0
Year 1 Nov 01 12:00 PM,90.36310365,,90.34707341,0.999822602,0.016030241,,,90.36310365,,0
Year 1 Nov 01 1:00 PM,86.63544105,,80.03460616,0.923809069,6.600834885,,,86.63544105,,0
Year 1 Nov 01 2:00 PM,78.27502198,,71.43561512,0.91262338,6.839406864,,,78.27502198,,0
Year 1 Nov 01 3:00 PM,56.21030621,,52.43999944,0.932924991,3.770306771,,,56.21030621,,0
Year 1 Nov 01 4:00 PM,28.63178115,,27.90020046,0.974448649,0.731580692,,,28.63178115,,0
Year 1 Nov 01 5:00 PM,6.507397544,,6.475877517,0.995156278,0.031520027,,,6.507397544,,0
Year 1 Nov 01 6:00 PM,0,,0,#DIV/0!,0,,,0,,0
Year 1 Nov 01 7:00 PM,0,,0,#DIV/0!,0,,,0,,0
Year 1 Nov 01 8:00 PM,0,,0,#DIV/0!,0,,,0,,0
Year 1 Nov 01 9:00 PM,0,,0,#DIV/0!,0,,,0,,0
Year 1 Nov 01 10:00 PM,0,,0,#DIV/0!,0,,,0,,0
Year 1 Nov 01 11:00 PM,0,,0,#DIV/0!,0,,,0,,0
Year 1 Nov 02 12:00 AM,0,,0,#DIV/0!,0,,,0,,0
Year 1 Nov 02 1:00 AM,0,,0,#DIV/0!,0,,,0,,0
Year 1 Nov 02 2:00 AM,0,,0,#DIV/0!,0,,,0,,0
Year 1 Nov 02 3:00 AM,0,,0,#DIV/0!,0,,,0,,0
Year 1 Nov 02 4:00 AM,0,,0,#DIV/0!,0,,,0,,0
Year 1 Nov 02 5:00 AM,0,,0,#DIV/0!,0,,,0,,0
Year 1 Nov 02 6:00 AM,0,,0,#DIV/0!,0,,,0,,0
Year 1 Nov 02 7:00 AM,13.7257775,,13.72576922,0.999999397,8.27523E-06,,,13.7257775,,0
Year 1 Nov 02 8:00 AM,78.88783224,,78.88646719,0.999982696,0.001365044,,,78.88783224,,0
Year 1 Nov 02 9:00 AM,227.0213421,,227.018849,0.999989018,0.002493044,,,227.0213421,,0
Year 1 Nov 02 10:00 AM,303.1200045,,303.116471,0.999988343,0.003533496,,,303.1200045,,0
Year 1 Nov 02 11:00 AM,403.6025003,,403.6024882,0.99999997,1.21029E-05,,,403.6025003,,0
Year 1 Nov 02 12:00 PM,419.6582797,,418.9002412,0.998193677,0.758038587,,,419.6582797,,0
Year 1 Nov 02 1:00 PM,345.1146453,,91.89090094,0.266261957,253.2237444,,,345.1146453,,0
Year 1 Nov 02 2:00 PM,173.6976835,,75.91304127,0.437041184,97.78464221,,,173.6976835,,0
Year 1 Nov 02 3:00 PM,80.07792336,,53.41136824,0.666992424,26.66655512,,,80.07792336,,0
Year 1 Nov 02 4:00 PM,58.1254656,,41.02395632,0.705782842,17.10150928,,,58.1254656,,0
Year 1 Nov 02 5:00 PM,12.32987704,,9.981538371,0.809540787,2.348338674,,,12.32987704,,0
Year 1 Nov 02 6:00 PM,0,,0,#DIV/0!,0,,,0,,0
Year 1 Nov 02 7:00 PM,0,,0,#DIV/0!,0,,,0,,0
Year 1 Nov 02 8:00 PM,0,,0,#DIV/0!,0,,,0,,0
Year 1 Nov 02 9:00 PM,0,,0,#DIV/0!,0,,,0,,0
Year 1 Nov 02 10:00 PM,0,,0,#DIV/0!,0,,,0,,0
Year 1 Nov 02 11:00 PM,0,,0,#DIV/0!,0,,,0,,0
Year 1 Nov 03 12:00 AM,0,,0,#DIV/0!,0,,,0,,0
Year 1 Nov 03 1:00 AM,0,,0,#DIV/0!,0,,,0,,0
Year 1 Nov 03 2:00 AM,0,,0,#DIV/0!,0,,,0,,0
Year 1 Nov 03 3:00 AM,0,,0,#DIV/0!,0,,,0,,0
Year 1 Nov 03 4:00 AM,0,,0,#DIV/0!,0,,,0,,0
Year 1 Nov 03 5:00 AM,0,,0,#DIV/0!,0,,,0,,0
Year 1 Nov 03 6:00 AM,0,,0,#DIV/0!,0,,,0,,0
Year 1 Nov 03 7:00 AM,5.161087623,,5.161086036,0.999999693,1.58651E-06,,,5.161087623,,0
Year 1 Nov 03 8:00 AM,33.06547247,,33.06538071,0.999997225,9.17615E-05,,,33.06547247,,0
Year 1 Nov 03 9:00 AM,71.67618114,,71.67602713,0.999997851,0.000154014,,,71.67618114,,0
Year 1 Nov 03 10:00 AM,98.11662605,,98.11640955,0.999997793,0.000216498,,,98.11662605,,0
Year 1 Nov 03 11:00 AM,142.6195376,,142.6195113,0.999999816,2.6303E-05,,,142.6195376,,0
Year 1 Nov 03 12:00 PM,204.9660992,,204.7336547,0.998865937,0.232444529,,,204.9660992,,0
Year 1 Nov 03 1:00 PM,175.1291764,,94.00007077,0.536747061,81.12910564,,,175.1291764,,0
Year 1 Nov 03 2:00 PM,130.06204,,94.83165753,0.729126327,35.23038244,,,130.06204,,0
Year 1 Nov 03 3:00 PM,75.26836699,,65.06893273,0.86449242,10.19943427,,,75.26836699,,0
Year 1 Nov 03 4:00 PM,34.54869432,,31.93819972,0.924440137,2.610494598,,,34.54869432,,0
Year 1 Nov 03 5:00 PM,7.593492199,,7.240007508,0.953448995,0.353484692,,,7.593492199,,0
Year 1 Nov 03 6:00 PM,0,,0,#DIV/0!,0,,,0,,0
Year 1 Nov 03 7:00 PM,0,,0,#DIV/0!,0,,,0,,0
Year 1 Nov 03 8:00 PM,0,,0,#DIV/0!,0,,,0,,0
Year 1 Nov 03 9:00 PM,0,,0,#DIV/0!,0,,,0,,0
Year 1 Nov 03 10:00 PM,0,,0,#DIV/0!,0,,,0,,0
Year 1 Nov 03 11:00 PM,0,,0,#DIV/0!,0,,,0,,0
Year 1 Nov 04 12:00 AM,0,,0,#DIV/0!,0,,,0,,0
Year 1 Nov 04 1:00 AM,0,,0,#DIV/0!,0,,,0,,0
Year 1 Nov 04 2:00 AM,0,,0,#DIV/0!,0,,,0,,0
Year 1 Nov 04 3:00 AM,0,,0,#DIV/0!,0,,,0,,0
Year 1 Nov 04 4:00 AM,0,,0,#DIV/0!,0,,,0,,0
Year 1 Nov 04 5:00 AM,0,,0,#DIV/0!,0,,,0,,0
Year 1 Nov 04 6:00 AM,0,,0,#DIV/0!,0,,,0,,0
Year 1 Nov 04 7:00 AM,11.70246409,,11.7024494,0.999998745,1.46836E-05,,,11.70246409,,0
Year 1 Nov 04 8:00 AM,106.6591525,,106.6568882,0.99997877,0.002264348,,,106.6591525,,0
Year 1 Nov 04 9:00 AM,240.2483845,,240.2456349,0.999988555,0.002749618,,,240.2483845,,0
Year 1 Nov 04 10:00 AM,351.5185425,,351.5140215,0.999987139,0.004520986,,,351.5185425,,0
Year 1 Nov 04 11:00 AM,408.0232011,,408.0231888,0.99999997,1.23089E-05,,,408.0232011,,0
Year 1 Nov 04 12:00 PM,457.9144896,,457.0138445,0.998033159,0.900645143,,,457.9144896,,0
Year 1 Nov 04 1:00 PM,443.5037016,,78.98809443,0.178100192,364.5156072,,,443.5037016,,0
Year 1 Nov 04 2:00 PM,383.7194145,,25.09017972,0.065386787,358.6292348,,,383.7194145,,0
Year 1 Nov 04 3:00 PM,256.6723629,,20.78715963,0.080987136,235.8852033,,,256.6723629,,0
Year 1 Nov 04 4:00 PM,109.6901926,,15.91166614,0.145060062,93.77852647,,,109.6901926,,0
Year 1 Nov 04 5:00 PM,12.20780614,,5.12003001,0.419406235,7.087776127,,,12.20780614,,0
Year 1 Nov 04 6:00 PM,0,,0,#DIV/0!,0,,,0,,0
Year 1 Nov 04 7:00 PM,0,,0,#DIV/0!,0,,,0,,0
Year 1 Nov 04 8:00 PM,0,,0,#DIV/0!,0,,,0,,0
Year 1 Nov 04 9:00 PM,0,,0,#DIV/0!,0,,,0,,0
Year 1 Nov 04 10:00 PM,0,,0,#DIV/0!,0,,,0,,0
Year 1 Nov 04 11:00 PM,0,,0,#DIV/0!,0,,,0,,0
Year 1 Nov 05 12:00 AM,0,,0,#DIV/0!,0,,,0,,0
Year 1 Nov 05 1:00 AM,0,,0,#DIV/0!,0,,,0,,0
Year 1 Nov 05 2:00 AM,0,,0,#DIV/0!,0,,,0,,0
Year 1 Nov 05 3:00 AM,0,,0,#DIV/0!,0,,,0,,0
Year 1 Nov 05 4:00 AM,0,,0,#DIV/0!,0,,,0,,0
Year 1 Nov 05 5:00 AM,0,,0,#DIV/0!,0,,,0,,0
Year 1 Nov 05 6:00 AM,0,,0,#DIV/0!,0,,,0,,0
Year 1 Nov 05 7:00 AM,4.368769539,,4.368768329,0.999999723,1.21024E-06,,,4.368769539,,0
Year 1 Nov 05 8:00 AM,25.1033427,,25.10329723,0.999998189,4.54736E-05,,,25.1033427,,0
Year 1 Nov 05 9:00 AM,63.90854685,,63.90845176,0.999998512,9.50882E-05,,,63.90854685,,0
Year 1 Nov 05 10:00 AM,102.8273479,,102.8271004,0.999997593,0.000247523,,,102.8273479,,0
Year 1 Nov 05 11:00 AM,135.6332103,,135.6331826,0.999999795,2.77738E-05,,,135.6332103,,0
Year 1 Nov 05 12:00 PM,152.8024355,,152.7492252,0.999651771,0.053210262,,,152.8024355,,0
Year 1 Nov 05 1:00 PM,121.1169683,,95.76075663,0.790646909,25.35621168,,,121.1169683,,0
Year 1 Nov 05 2:00 PM,121.4829802,,61.88398439,0.509404563,59.59899581,,,121.4829802,,0
Year 1 Nov 05 3:00 PM,84.60746913,,56.36446513,0.666187817,28.24300401,,,84.60746913,,0
Year 1 Nov 05 4:00 PM,54.99676773,,35.81605949,0.651239354,19.18070825,,,54.99676773,,0
Year 1 Nov 05 5:00 PM,7.649954455,,6.292796563,0.822592683,1.357157892,,,7.649954455,,0
Year 1 Nov 05 6:00 PM,0,,0,#DIV/0!,0,,,0,,0
Year 1 Nov 05 7:00 PM,0,,0,#DIV/0!,0,,,0,,0
Year 1 Nov 05 8:00 PM,0,,0,#DIV/0!,0,,,0,,0
Year 1 Nov 05 9:00 PM,0,,0,#DIV/0!,0,,,0,,0
Year 1 Nov 05 10:00 PM,0,,0,#DIV/0!,0,,,0,,0
Year 1 Nov 05 11:00 PM,0,,0,#DIV/0!,0,,,0,,0
Year 1 Nov 06 12:00 AM,0,,0,#DIV/0!,0,,,0,,0
Year 1 Nov 06 1:00 AM,0,,0,#DIV/0!,0,,,0,,0
Year 1 Nov 06 2:00 AM,0,,0,#DIV/0!,0,,,0,,0
Year 1 Nov 06 3:00 AM,0,,0,#DIV/0!,0,,,0,,0
Year 1 Nov 06 4:00 AM,0,,0,#DIV/0!,0,,,0,,0
Year 1 Nov 06 5:00 AM,0,,0,#DIV/0!,0,,,0,,0
Year 1 Nov 06 6:00 AM,0,,0,#DIV/0!,0,,,0,,0
Year 1 Nov 06 7:00 AM,4.836003382,,4.836002096,0.999999734,1.28606E-06,,,4.836003382,,0
Year 1 Nov 06 8:00 AM,26.14248471,,26.14244612,0.999998524,3.85943E-05,,,26.14248471,,0
Year 1 Nov 06 9:00 AM,61.87255664,,61.87246878,0.99999858,8.78606E-05,,,61.87255664,,0
Year 1 Nov 06 10:00 AM,85.13697615,,85.13681843,0.999998148,0.000157715,,,85.13697615,,0
Year 1 Nov 06 11:00 AM,109.1572666,,109.157243,0.999999784,2.35721E-05,,,109.1572666,,0
Year 1 Nov 06 12:00 PM,150.8442605,,150.7859363,0.999613348,0.058324196,,,150.8442605,,0
Year 1 Nov 06 1:00 PM,122.6670941,,105.4198604,0.859398041,17.24723378,,,122.6670941,,0
Year 1 Nov 06 2:00 PM,99.17720184,,85.0160826,0.857213967,14.16111924,,,99.17720184,,0
Year 1 Nov 06 3:00 PM,78.40363607,,66.91368642,0.853451317,11.48994964,,,78.40363607,,0
Year 1 Nov 06 4:00 PM,25.04742715,,24.35779055,0.972466769,0.689636597,,,25.04742715,,0
Year 1 Nov 06 5:00 PM,4.459742199,,4.42337976,0.991846516,0.036362438,,,4.459742199,,0
Year 1 Nov 06 6:00 PM,0,,0,#DIV/0!,0,,,0,,0
Year 1 Nov 06 7:00 PM,0,,0,#DIV/0!,0,,,0,,0
Year 1 Nov 06 8:00 PM,0,,0,#DIV/0!,0,,,0,,0
Year 1 Nov 06 9:00 PM,0,,0,#DIV/0!,0,,,0,,0
Year 1 Nov 06 10:00 PM,0,,0,#DIV/0!,0,,,0,,0
Year 1 Nov 06 11:00 PM,0,,0,#DIV/0!,0,,,0,,0
Year 1 Nov 07 12:00 AM,0,,0,#DIV/0!,0,,,0,,0
Year 1 Nov 07 1:00 AM,0,,0,#DIV/0!,0,,,0,,0
Year 1 Nov 07 2:00 AM,0,,0,#DIV/0!,0,,,0,,0
Year 1 Nov 07 3:00 AM,0,,0,#DIV/0!,0,,,0,,0
Year 1 Nov 07 4:00 AM,0,,0,#DIV/0!,0,,,0,,0
Year 1 Nov 07 5:00 AM,0,,0,#DIV/0!,0,,,0,,0
Year 1 Nov 07 6:00 AM,0,,0,#DIV/0!,0,,,0,,0
Year 1 Nov 07 7:00 AM,5.598484936,,5.598483381,0.999999722,1.55514E-06,,,5.598484936,,0
Year 1 Nov 07 8:00 AM,24.31703572,,24.31701292,0.999999062,2.27973E-05,,,24.31703572,,0
Year 1 Nov 07 9:00 AM,53.36394997,,53.36389514,0.999998973,5.48301E-05,,,53.36394997,,0
Year 1 Nov 07 10:00 AM,74.78506999,,74.78495755,0.999998497,0.000112436,,,74.78506999,,0
Year 1 Nov 07 11:00 AM,95.71572218,,95.71570083,0.999999777,2.13445E-05,,,95.71572218,,0
Year 1 Nov 07 12:00 PM,150.9390235,,150.8657527,0.999514567,0.073270855,,,150.9390235,,0
Year 1 Nov 07 1:00 PM,155.7988562,,125.1585754,0.803334366,30.64028083,,,155.7988562,,0
Year 1 Nov 07 2:00 PM,125.6259779,,100.4219017,0.7993721,25.20407613,,,125.6259779,,0
Year 1 Nov 07 3:00 PM,81.85261283,,68.69986403,0.839311803,13.15274881,,,81.85261283,,0
Year 1 Nov 07 4:00 PM,40.24937707,,35.49368726,0.881844387,4.755689813,,,40.24937707,,0
Year 1 Nov 07 5:00 PM,7.755925426,,6.717498406,0.866111784,1.03842702,,,7.755925426,,0
Year 1 Nov 07 6:00 PM,0,,0,#DIV/0!,0,,,0,,0
Year 1 Nov 07 7:00 PM,0,,0,#DIV/0!,0,,,0,,0
Year 1 Nov 07 8:00 PM,0,,0,#DIV/0!,0,,,0,,0
Year 1 Nov 07 9:00 PM,0,,0,#DIV/0!,0,,,0,,0
Year 1 Nov 07 10:00 PM,0,,0,#DIV/0!,0,,,0,,0
Year 1 Nov 07 11:00 PM,0,,0,#DIV/0!,0,,,0,,0
Year 1 Nov 08 12:00 AM,0,,0,#DIV/0!,0,,,0,,0
Year 1 Nov 08 1:00 AM,0,,0,#DIV/0!,0,,,0,,0
Year 1 Nov 08 2:00 AM,0,,0,#DIV/0!,0,,,0,,0
Year 1 Nov 08 3:00 AM,0,,0,#DIV/0!,0,,,0,,0
Year 1 Nov 08 4:00 AM,0,,0,#DIV/0!,0,,,0,,0
Year 1 Nov 08 5:00 AM,0,,0,#DIV/0!,0,,,0,,0
Year 1 Nov 08 6:00 AM,0,,0,#DIV/0!,0,,,0,,0
Year 1 Nov 08 7:00 AM,9.86999546,,9.869990738,0.999999522,4.72239E-06,,,9.86999546,,0
Year 1 Nov 08 8:00 AM,47.24954488,,47.2493507,0.99999589,0.000194184,,,47.24954488,,0
Year 1 Nov 08 9:00 AM,90.56393979,,90.56370444,0.999997401,0.000235347,,,90.56393979,,0
Year 1 Nov 08 10:00 AM,130.0157901,,130.0153586,0.999996681,0.000431466,,,130.0157901,,0
Year 1 Nov 08 11:00 AM,147.1657632,,147.1657339,0.999999801,2.93069E-05,,,147.1657632,,0
Year 1 Nov 08 12:00 PM,158.4438098,,158.3676192,0.999519132,0.076190583,,,158.4438098,,0
Year 1 Nov 08 1:00 PM,156.2727097,,125.0571396,0.800249384,31.21557008,,,156.2727097,,0
Year 1 Nov 08 2:00 PM,120.2950684,,97.05134423,0.806777414,23.24372414,,,120.2950684,,0
Year 1 Nov 08 3:00 PM,84.21653953,,69.87309383,0.829683744,14.3434457,,,84.21653953,,0
Year 1 Nov 08 4:00 PM,46.92720715,,39.42474631,0.840125563,7.502460839,,,46.92720715,,0
Year 1 Nov 08 5:00 PM,9.377747973,,7.52129596,0.802036479,1.856452012,,,9.377747973,,0
Year 1 Nov 08 6:00 PM,0,,0,#DIV/0!,0,,,0,,0
Year 1 Nov 08 7:00 PM,0,,0,#DIV/0!,0,,,0,,0
Year 1 Nov 08 8:00 PM,0,,0,#DIV/0!,0,,,0,,0
Year 1 Nov 08 9:00 PM,0,,0,#DIV/0!,0,,,0,,0
Year 1 Nov 08 10:00 PM,0,,0,#DIV/0!,0,,,0,,0
Year 1 Nov 08 11:00 PM,0,,0,#DIV/0!,0,,,0,,0
Year 1 Nov 09 12:00 AM,0,,0,#DIV/0!,0,,,0,,0
Year 1 Nov 09 1:00 AM,0,,0,#DIV/0!,0,,,0,,0
Year 1 Nov 09 2:00 AM,0,,0,#DIV/0!,0,,,0,,0
Year 1 Nov 09 3:00 AM,0,,0,#DIV/0!,0,,,0,,0
Year 1 Nov 09 4:00 AM,0,,0,#DIV/0!,0,,,0,,0
Year 1 Nov 09 5:00 AM,0,,0,#DIV/0!,0,,,0,,0
Year 1 Nov 09 6:00 AM,0,,0,#DIV/0!,0,,,0,,0
Year 1 Nov 09 7:00 AM,7.227306032,,7.227303335,0.999999627,2.69707E-06,,,7.227306032,,0
Year 1 Nov 09 8:00 AM,35.13780184,,35.13769929,0.999997081,0.00010255,,,35.13780184,,0
Year 1 Nov 09 9:00 AM,70.8010172,,70.80085039,0.999997644,0.000166806,,,70.8010172,,0
Year 1 Nov 09 10:00 AM,102.3601874,,102.3600173,0.999998338,0.000170091,,,102.3601874,,0
Year 1 Nov 09 11:00 AM,281.0682738,,281.068256,0.999999936,1.78647E-05,,,281.0682738,,0
Year 1 Nov 09 12:00 PM,275.70662,,275.1725905,0.998063051,0.534029573,,,275.70662,,0
Year 1 Nov 09 1:00 PM,342.9453378,,83.52988801,0.243566186,259.4154498,,,342.9453378,,0
Year 1 Nov 09 2:00 PM,310.1331995,,48.7696252,0.157253803,261.3635743,,,310.1331995,,0
Year 1 Nov 09 3:00 PM,178.8960438,,49.20967331,0.275074128,129.6863705,,,178.8960438,,0
Year 1 Nov 09 4:00 PM,66.58014638,,29.83567519,0.448116696,36.74447119,,,66.58014638,,0
Year 1 Nov 09 5:00 PM,8.288497839,,5.934763406,0.716024004,2.353734433,,,8.288497839,,0
Year 1 Nov 09 6:00 PM,0,,0,#DIV/0!,0,,,0,,0
Year 1 Nov 09 7:00 PM,0,,0,#DIV/0!,0,,,0,,0
Year 1 Nov 09 8:00 PM,0,,0,#DIV/0!,0,,,0,,0
Year 1 Nov 09 9:00 PM,0,,0,#DIV/0!,0,,,0,,0
Year 1 Nov 09 10:00 PM,0,,0,#DIV/0!,0,,,0,,0
Year 1 Nov 09 11:00 PM,0,,0,#DIV/0!,0,,,0,,0
Year 1 Nov 10 12:00 AM,0,,0,#DIV/0!,0,,,0,,0
Year 1 Nov 10 1:00 AM,0,,0,#DIV/0!,0,,,0,,0
Year 1 Nov 10 2:00 AM,0,,0,#DIV/0!,0,,,0,,0
Year 1 Nov 10 3:00 AM,0,,0,#DIV/0!,0,,,0,,0
Year 1 Nov 10 4:00 AM,0,,0,#DIV/0!,0,,,0,,0
Year 1 Nov 10 5:00 AM,0,,0,#DIV/0!,0,,,0,,0
Year 1 Nov 10 6:00 AM,0,,0,#DIV/0!,0,,,0,,0
Year 1 Nov 10 7:00 AM,7.626482986,,7.626479222,0.999999507,3.76336E-06,,,7.626482986,,0
Year 1 Nov 10 8:00 AM,40.81951297,,40.81938282,0.999996811,0.000130154,,,40.81951297,,0
Year 1 Nov 10 9:00 AM,62.60218586,,62.60206126,0.99999801,0.000124598,,,62.60218586,,0
Year 1 Nov 10 10:00 AM,92.95102856,,92.95081398,0.999997691,0.000214578,,,92.95102856,,0
Year 1 Nov 10 11:00 AM,113.9616088,,113.9615845,0.999999787,2.43018E-05,,,113.9616088,,0
Year 1 Nov 10 12:00 PM,153.9580036,,153.882839,0.999511785,0.075164568,,,153.9580036,,0
Year 1 Nov 10 1:00 PM,154.5495119,,123.6540732,0.800093586,30.89543868,,,154.5495119,,0
Year 1 Nov 10 2:00 PM,121.2984834,,96.77328932,0.797811206,24.52519412,,,121.2984834,,0
Year 1 Nov 10 3:00 PM,87.74609121,,71.40698548,0.81379107,16.33910573,,,87.74609121,,0
Year 1 Nov 10 4:00 PM,45.79565621,,38.31350422,0.83661874,7.482151996,,,45.79565621,,0
Year 1 Nov 10 5:00 PM,8.739038636,,6.952368058,0.79555296,1.786670578,,,8.739038636,,0
Year 1 Nov 10 6:00 PM,0,,0,#DIV/0!,0,,,0,,0
Year 1 Nov 10 7:00 PM,0,,0,#DIV/0!,0,,,0,,0
Year 1 Nov 10 8:00 PM,0,,0,#DIV/0!,0,,,0,,0
Year 1 Nov 10 9:00 PM,0,,0,#DIV/0!,0,,,0,,0
Year 1 Nov 10 10:00 PM,0,,0,#DIV/0!,0,,,0,,0
Year 1 Nov 10 11:00 PM,0,,0,#DIV/0!,0,,,0,,0
Year 1 Nov 11 12:00 AM,0,,0,#DIV/0!,0,,,0,,0
Year 1 Nov 11 1:00 AM,0,,0,#DIV/0!,0,,,0,,0
Year 1 Nov 11 2:00 AM,0,,0,#DIV/0!,0,,,0,,0
Year 1 Nov 11 3:00 AM,0,,0,#DIV/0!,0,,,0,,0
Year 1 Nov 11 4:00 AM,0,,0,#DIV/0!,0,,,0,,0
Year 1 Nov 11 5:00 AM,0,,0,#DIV/0!,0,,,0,,0
Year 1 Nov 11 6:00 AM,0,,0,#DIV/0!,0,,,0,,0
Year 1 Nov 11 7:00 AM,5.279318588,,5.279316106,0.99999953,2.48198E-06,,,5.279318588,,0
Year 1 Nov 11 8:00 AM,47.6539009,,47.65302506,0.999981621,0.000875834,,,47.6539009,,0
Year 1 Nov 11 9:00 AM,197.0958263,,197.0939426,0.999990443,0.001883638,,,197.0958263,,0
Year 1 Nov 11 10:00 AM,328.9096436,,328.9051659,0.999986386,0.004477696,,,328.9096436,,0
Year 1 Nov 11 11:00 AM,243.1355895,,243.1355698,0.999999919,1.9643E-05,,,243.1355895,,0
Year 1 Nov 11 12:00 PM,349.2006275,,348.6848013,0.998522837,0.515826206,,,349.2006275,,0
Year 1 Nov 11 1:00 PM,278.7081316,,94.89357181,0.340476509,183.8145598,,,278.7081316,,0
Year 1 Nov 11 2:00 PM,303.092471,,47.11707594,0.155454458,255.9753951,,,303.092471,,0
Year 1 Nov 11 3:00 PM,173.9020094,,45.16391291,0.259708977,128.7380965,,,173.9020094,,0
Year 1 Nov 11 4:00 PM,71.56814706,,27.21363074,0.380247804,44.35451632,,,71.56814706,,0
Year 1 Nov 11 5:00 PM,9.488397972,,5.202093455,0.548258354,4.286304518,,,9.488397972,,0
Year 1 Nov 11 6:00 PM,0,,0,#DIV/0!,0,,,0,,0
Year 1 Nov 11 7:00 PM,0,,0,#DIV/0!,0,,,0,,0
Year 1 Nov 11 8:00 PM,0,,0,#DIV/0!,0,,,0,,0
Year 1 Nov 11 9:00 PM,0,,0,#DIV/0!,0,,,0,,0
Year 1 Nov 11 10:00 PM,0,,0,#DIV/0!,0,,,0,,0
Year 1 Nov 11 11:00 PM,0,,0,#DIV/0!,0,,,0,,0
Year 1 Nov 12 12:00 AM,0,,0,#DIV/0!,0,,,0,,0
Year 1 Nov 12 1:00 AM,0,,0,#DIV/0!,0,,,0,,0
Year 1 Nov 12 2:00 AM,0,,0,#DIV/0!,0,,,0,,0
Year 1 Nov 12 3:00 AM,0,,0,#DIV/0!,0,,,0,,0
Year 1 Nov 12 4:00 AM,0,,0,#DIV/0!,0,,,0,,0
Year 1 Nov 12 5:00 AM,0,,0,#DIV/0!,0,,,0,,0
Year 1 Nov 12 6:00 AM,0,,0,#DIV/0!,0,,,0,,0
Year 1 Nov 12 7:00 AM,7.128678978,,7.128668831,0.999998577,1.01464E-05,,,7.128678978,,0
Year 1 Nov 12 8:00 AM,88.44661361,,88.44471861,0.999978575,0.001895003,,,88.44661361,,0
Year 1 Nov 12 9:00 AM,232.1101424,,232.1075529,0.999988844,0.002589461,,,232.1101424,,0
Year 1 Nov 12 10:00 AM,365.8286536,,365.8238718,0.999986929,0.004781714,,,365.8286536,,0
Year 1 Nov 12 11:00 AM,456.3478312,,456.3478242,0.999999985,6.95631E-06,,,456.3478312,,0
Year 1 Nov 12 12:00 PM,489.6152406,,488.6612807,0.998051613,0.953959882,,,489.6152406,,0
Year 1 Nov 12 1:00 PM,453.0658497,,82.00215692,0.180993904,371.0636927,,,453.0658497,,0
Year 1 Nov 12 2:00 PM,345.4097026,,28.90639425,0.083687268,316.5033083,,,345.4097026,,0
Year 1 Nov 12 3:00 PM,193.7433214,,35.18321071,0.181597025,158.5601106,,,193.7433214,,0
Year 1 Nov 12 4:00 PM,79.16434443,,20.92928939,0.264377726,58.23505504,,,79.16434443,,0
Year 1 Nov 12 5:00 PM,6.353460634,,3.310241418,0.521013918,3.043219216,,,6.353460634,,0
Year 1 Nov 12 6:00 PM,0,,0,#DIV/0!,0,,,0,,0
Year 1 Nov 12 7:00 PM,0,,0,#DIV/0!,0,,,0,,0
Year 1 Nov 12 8:00 PM,0,,0,#DIV/0!,0,,,0,,0
Year 1 Nov 12 9:00 PM,0,,0,#DIV/0!,0,,,0,,0
Year 1 Nov 12 10:00 PM,0,,0,#DIV/0!,0,,,0,,0
Year 1 Nov 12 11:00 PM,0,,0,#DIV/0!,0,,,0,,0
Year 1 Nov 13 12:00 AM,0,,0,#DIV/0!,0,,,0,,0
Year 1 Nov 13 1:00 AM,0,,0,#DIV/0!,0,,,0,,0
Year 1 Nov 13 2:00 AM,0,,0,#DIV/0!,0,,,0,,0
Year 1 Nov 13 3:00 AM,0,,0,#DIV/0!,0,,,0,,0
Year 1 Nov 13 4:00 AM,0,,0,#DIV/0!,0,,,0,,0
Year 1 Nov 13 5:00 AM,0,,0,#DIV/0!,0,,,0,,0
Year 1 Nov 13 6:00 AM,0,,0,#DIV/0!,0,,,0,,0
Year 1 Nov 13 7:00 AM,6.055273064,,6.055268413,0.999999232,4.65058E-06,,,6.055273064,,0
Year 1 Nov 13 8:00 AM,54.30920662,,54.3084137,0.9999854,0.000792917,,,54.30920662,,0
Year 1 Nov 13 9:00 AM,149.3260911,,149.3247425,0.999990969,0.001348596,,,149.3260911,,0
Year 1 Nov 13 10:00 AM,158.2858947,,158.2845578,0.999991554,0.001336878,,,158.2858947,,0
Year 1 Nov 13 11:00 AM,182.1907943,,182.1907709,0.999999871,2.34551E-05,,,182.1907943,,0
Year 1 Nov 13 12:00 PM,244.384992,,244.0886918,0.998787568,0.296300243,,,244.384992,,0
Year 1 Nov 13 1:00 PM,192.256001,,96.58539239,0.502379077,95.67060858,,,192.256001,,0
Year 1 Nov 13 2:00 PM,151.0584588,,70.30036474,0.465385158,80.7580941,,,151.0584588,,0
Year 1 Nov 13 3:00 PM,78.71721462,,48.80216232,0.619968104,29.9150523,,,78.71721462,,0
Year 1 Nov 13 4:00 PM,17.81845924,,15.52221679,0.871131257,2.296242452,,,17.81845924,,0
Year 1 Nov 13 5:00 PM,2.283775012,,2.245283434,0.983145635,0.038491579,,,2.283775012,,0
Year 1 Nov 13 6:00 PM,0,,0,#DIV/0!,0,,,0,,0
Year 1 Nov 13 7:00 PM,0,,0,#DIV/0!,0,,,0,,0
Year 1 Nov 13 8:00 PM,0,,0,#DIV/0!,0,,,0,,0
Year 1 Nov 13 9:00 PM,0,,0,#DIV/0!,0,,,0,,0
Year 1 Nov 13 10:00 PM,0,,0,#DIV/0!,0,,,0,,0
Year 1 Nov 13 11:00 PM,0,,0,#DIV/0!,0,,,0,,0
Year 1 Nov 14 12:00 AM,0,,0,#DIV/0!,0,,,0,,0
Year 1 Nov 14 1:00 AM,0,,0,#DIV/0!,0,,,0,,0
Year 1 Nov 14 2:00 AM,0,,0,#DIV/0!,0,,,0,,0
Year 1 Nov 14 3:00 AM,0,,0,#DIV/0!,0,,,0,,0
Year 1 Nov 14 4:00 AM,0,,0,#DIV/0!,0,,,0,,0
Year 1 Nov 14 5:00 AM,0,,0,#DIV/0!,0,,,0,,0
Year 1 Nov 14 6:00 AM,0,,0,#DIV/0!,0,,,0,,0
Year 1 Nov 14 7:00 AM,6.918566759,,6.918555486,0.999998371,1.12731E-05,,,6.918566759,,0
Year 1 Nov 14 8:00 AM,97.71009251,,97.70785923,0.999977144,0.002233286,,,97.71009251,,0
Year 1 Nov 14 9:00 AM,247.900454,,247.8975503,0.999988287,0.002903735,,,247.900454,,0
Year 1 Nov 14 10:00 AM,379.6130225,,379.6079445,0.999986623,0.005078013,,,379.6130225,,0
Year 1 Nov 14 11:00 AM,464.9862635,,464.9862578,0.999999988,5.66826E-06,,,464.9862635,,0
Year 1 Nov 14 12:00 PM,497.2837034,,496.29997,0.998021786,0.983733402,,,497.2837034,,0
Year 1 Nov 14 1:00 PM,461.4731807,,80.07670838,0.173524078,381.3964723,,,461.4731807,,0
Year 1 Nov 14 2:00 PM,346.1627911,,27.17569698,0.07850554,318.9870941,,,346.1627911,,0
Year 1 Nov 14 3:00 PM,198.9197292,,32.74934477,0.164635981,166.1703844,,,198.9197292,,0
Year 1 Nov 14 4:00 PM,86.30211345,,19.387356,0.224645205,66.91475745,,,86.30211345,,0
Year 1 Nov 14 5:00 PM,7.168356338,,3.344735718,0.466597301,3.82362062,,,7.168356338,,0
Year 1 Nov 14 6:00 PM,0,,0,#DIV/0!,0,,,0,,0
Year 1 Nov 14 7:00 PM,0,,0,#DIV/0!,0,,,0,,0
Year 1 Nov 14 8:00 PM,0,,0,#DIV/0!,0,,,0,,0
Year 1 Nov 14 9:00 PM,0,,0,#DIV/0!,0,,,0,,0
Year 1 Nov 14 10:00 PM,0,,0,#DIV/0!,0,,,0,,0
Year 1 Nov 14 11:00 PM,0,,0,#DIV/0!,0,,,0,,0
Year 1 Nov 15 12:00 AM,0,,0,#DIV/0!,0,,,0,,0
Year 1 Nov 15 1:00 AM,0,,0,#DIV/0!,0,,,0,,0
Year 1 Nov 15 2:00 AM,0,,0,#DIV/0!,0,,,0,,0
Year 1 Nov 15 3:00 AM,0,,0,#DIV/0!,0,,,0,,0
Year 1 Nov 15 4:00 AM,0,,0,#DIV/0!,0,,,0,,0
Year 1 Nov 15 5:00 AM,0,,0,#DIV/0!,0,,,0,,0
Year 1 Nov 15 6:00 AM,0,,0,#DIV/0!,0,,,0,,0
Year 1 Nov 15 7:00 AM,5.488287703,,5.488283119,0.999999165,4.58365E-06,,,5.488287703,,0
Year 1 Nov 15 8:00 AM,44.7734569,,44.77295188,0.99998872,0.000505024,,,44.7734569,,0
Year 1 Nov 15 9:00 AM,111.0703133,,111.0696034,0.999993609,0.000709874,,,111.0703133,,0
Year 1 Nov 15 10:00 AM,192.9070418,,192.9055611,0.999992324,0.00148074,,,192.9070418,,0
Year 1 Nov 15 11:00 AM,258.6824122,,258.6823936,0.999999928,1.86846E-05,,,258.6824122,,0
Year 1 Nov 15 12:00 PM,351.947439,,351.4318205,0.998534956,0.515618496,,,351.947439,,0
Year 1 Nov 15 1:00 PM,189.3344871,,99.90059574,0.527640776,89.43389137,,,189.3344871,,0
Year 1 Nov 15 2:00 PM,77.67896748,,61.95517856,0.797579841,15.72378892,,,77.67896748,,0
Year 1 Nov 15 3:00 PM,59.69097591,,51.80962159,0.867964057,7.881354319,,,59.69097591,,0
Year 1 Nov 15 4:00 PM,27.01263831,,21.82097917,0.807806291,5.191659135,,,27.01263831,,0
Year 1 Nov 15 5:00 PM,3.888197051,,3.162016119,0.813234534,0.726180932,,,3.888197051,,0
Year 1 Nov 15 6:00 PM,0,,0,#DIV/0!,0,,,0,,0
Year 1 Nov 15 7:00 PM,0,,0,#DIV/0!,0,,,0,,0
Year 1 Nov 15 8:00 PM,0,,0,#DIV/0!,0,,,0,,0
Year 1 Nov 15 9:00 PM,0,,0,#DIV/0!,0,,,0,,0
Year 1 Nov 15 10:00 PM,0,,0,#DIV/0!,0,,,0,,0
Year 1 Nov 15 11:00 PM,0,,0,#DIV/0!,0,,,0,,0
Year 1 Nov 16 12:00 AM,0,,0,#DIV/0!,0,,,0,,0
Year 1 Nov 16 1:00 AM,0,,0,#DIV/0!,0,,,0,,0
Year 1 Nov 16 2:00 AM,0,,0,#DIV/0!,0,,,0,,0
Year 1 Nov 16 3:00 AM,0,,0,#DIV/0!,0,,,0,,0
Year 1 Nov 16 4:00 AM,0,,0,#DIV/0!,0,,,0,,0
Year 1 Nov 16 5:00 AM,0,,0,#DIV/0!,0,,,0,,0
Year 1 Nov 16 6:00 AM,0,,0,#DIV/0!,0,,,0,,0
Year 1 Nov 16 7:00 AM,6.596327043,,6.596316911,0.999998464,1.01318E-05,,,6.596327043,,0
Year 1 Nov 16 8:00 AM,87.26026535,,87.25837918,0.999978385,0.00188617,,,87.26026535,,0
Year 1 Nov 16 9:00 AM,208.4939178,,208.4915759,0.999988768,0.002341851,,,208.4939178,,0
Year 1 Nov 16 10:00 AM,301.5808236,,301.5766921,0.999986301,0.004131501,,,301.5808236,,0
Year 1 Nov 16 11:00 AM,229.6354618,,229.6354421,0.999999914,1.97549E-05,,,229.6354618,,0
Year 1 Nov 16 12:00 PM,268.3875286,,267.9218348,0.998264846,0.465693816,,,268.3875286,,0
Year 1 Nov 16 1:00 PM,331.5897417,,84.46220554,0.254718994,247.1275362,,,331.5897417,,0
Year 1 Nov 16 2:00 PM,286.0442689,,39.32712102,0.137486135,246.7171478,,,286.0442689,,0
Year 1 Nov 16 3:00 PM,61.53982695,,36.52950411,0.593591271,25.01032284,,,61.53982695,,0
Year 1 Nov 16 4:00 PM,24.81589909,,22.36723253,0.901326704,2.448666561,,,24.81589909,,0
Year 1 Nov 16 5:00 PM,3.7237139,,3.26635359,0.877176302,0.457360311,,,3.7237139,,0
Year 1 Nov 16 6:00 PM,0,,0,#DIV/0!,0,,,0,,0
Year 1 Nov 16 7:00 PM,0,,0,#DIV/0!,0,,,0,,0
Year 1 Nov 16 8:00 PM,0,,0,#DIV/0!,0,,,0,,0
Year 1 Nov 16 9:00 PM,0,,0,#DIV/0!,0,,,0,,0
Year 1 Nov 16 10:00 PM,0,,0,#DIV/0!,0,,,0,,0
Year 1 Nov 16 11:00 PM,0,,0,#DIV/0!,0,,,0,,0
Year 1 Nov 17 12:00 AM,0,,0,#DIV/0!,0,,,0,,0
Year 1 Nov 17 1:00 AM,0,,0,#DIV/0!,0,,,0,,0
Year 1 Nov 17 2:00 AM,0,,0,#DIV/0!,0,,,0,,0
Year 1 Nov 17 3:00 AM,0,,0,#DIV/0!,0,,,0,,0
Year 1 Nov 17 4:00 AM,0,,0,#DIV/0!,0,,,0,,0
Year 1 Nov 17 5:00 AM,0,,0,#DIV/0!,0,,,0,,0
Year 1 Nov 17 6:00 AM,0,,0,#DIV/0!,0,,,0,,0
Year 1 Nov 17 7:00 AM,3.524062871,,3.524062117,0.999999786,7.54488E-07,,,3.524062871,,0
Year 1 Nov 17 8:00 AM,43.12976547,,43.12946016,0.999992921,0.000305308,,,43.12976547,,0
Year 1 Nov 17 9:00 AM,167.107537,,167.1071098,0.999997444,0.000427193,,,167.107537,,0
Year 1 Nov 17 10:00 AM,216.2212778,,216.2211742,0.999999521,0.000103657,,,216.2212778,,0
Year 1 Nov 17 11:00 AM,288.8225485,,288.8210399,0.999994777,0.001508511,,,288.8225485,,0
Year 1 Nov 17 12:00 PM,164.7788591,,164.7788386,0.999999876,2.05117E-05,,,164.7788591,,0
Year 1 Nov 17 1:00 PM,195.5364469,,113.5227898,0.580570997,82.01365703,,,195.5364469,,0
Year 1 Nov 17 2:00 PM,131.2005101,,71.35669604,0.543875142,59.84381405,,,131.2005101,,0
Year 1 Nov 17 3:00 PM,108.0783398,,42.30241877,0.39140515,65.775921,,,108.0783398,,0
Year 1 Nov 17 4:00 PM,28.67001355,,18.15315102,0.63317553,10.51686254,,,28.67001355,,0
Year 1 Nov 17 5:00 PM,3.473350283,,3.169291401,0.912459482,0.304058882,,,3.473350283,,0
Year 1 Nov 17 6:00 PM,0,,0,#DIV/0!,0,,,0,,0
Year 1 Nov 17 7:00 PM,0,,0,#DIV/0!,0,,,0,,0
Year 1 Nov 17 8:00 PM,0,,0,#DIV/0!,0,,,0,,0
Year 1 Nov 17 9:00 PM,0,,0,#DIV/0!,0,,,0,,0
Year 1 Nov 17 10:00 PM,0,,0,#DIV/0!,0,,,0,,0
Year 1 Nov 17 11:00 PM,0,,0,#DIV/0!,0,,,0,,0
Year 1 Nov 18 12:00 AM,0,,0,#DIV/0!,0,,,0,,0
Year 1 Nov 18 1:00 AM,0,,0,#DIV/0!,0,,,0,,0
Year 1 Nov 18 2:00 AM,0,,0,#DIV/0!,0,,,0,,0
Year 1 Nov 18 3:00 AM,0,,0,#DIV/0!,0,,,0,,0
Year 1 Nov 18 4:00 AM,0,,0,#DIV/0!,0,,,0,,0
Year 1 Nov 18 5:00 AM,0,,0,#DIV/0!,0,,,0,,0
Year 1 Nov 18 6:00 AM,0,,0,#DIV/0!,0,,,0,,0
Year 1 Nov 18 7:00 AM,2.123573518,,2.123572992,0.999999752,5.26628E-07,,,2.123573518,,0
Year 1 Nov 18 8:00 AM,23.45230848,,23.45227534,0.999998587,3.3149E-05,,,23.45230848,,0
Year 1 Nov 18 9:00 AM,70.56480784,,70.56475731,0.999999284,5.05354E-05,,,70.56480784,,0
Year 1 Nov 18 10:00 AM,134.5458686,,134.5458127,0.999999585,5.586E-05,,,134.5458686,,0
Year 1 Nov 18 11:00 AM,361.5573074,,361.5548362,0.999993165,0.002471191,,,361.5573074,,0
Year 1 Nov 18 12:00 PM,372.5215664,,372.5215574,0.999999976,8.97139E-06,,,372.5215664,,0
Year 1 Nov 18 1:00 PM,354.2340202,,109.1634638,0.308167645,245.0705565,,,354.2340202,,0
Year 1 Nov 18 2:00 PM,313.1210637,,24.81264307,0.07924297,288.3084207,,,313.1210637,,0
Year 1 Nov 18 3:00 PM,210.5548412,,17.35878137,0.082443041,193.1960599,,,210.5548412,,0
Year 1 Nov 18 4:00 PM,76.87673292,,12.0493643,0.156736165,64.82736863,,,76.87673292,,0
Year 1 Nov 18 5:00 PM,4.010095334,,2.51059932,0.626069734,1.499496014,,,4.010095334,,0
Year 1 Nov 18 6:00 PM,0,,0,#DIV/0!,0,,,0,,0
Year 1 Nov 18 7:00 PM,0,,0,#DIV/0!,0,,,0,,0
Year 1 Nov 18 8:00 PM,0,,0,#DIV/0!,0,,,0,,0
Year 1 Nov 18 9:00 PM,0,,0,#DIV/0!,0,,,0,,0
Year 1 Nov 18 10:00 PM,0,,0,#DIV/0!,0,,,0,,0
Year 1 Nov 18 11:00 PM,0,,0,#DIV/0!,0,,,0,,0
Year 1 Nov 19 12:00 AM,0,,0,#DIV/0!,0,,,0,,0
Year 1 Nov 19 1:00 AM,0,,0,#DIV/0!,0,,,0,,0
Year 1 Nov 19 2:00 AM,0,,0,#DIV/0!,0,,,0,,0
Year 1 Nov 19 3:00 AM,0,,0,#DIV/0!,0,,,0,,0
Year 1 Nov 19 4:00 AM,0,,0,#DIV/0!,0,,,0,,0
Year 1 Nov 19 5:00 AM,0,,0,#DIV/0!,0,,,0,,0
Year 1 Nov 19 6:00 AM,0,,0,#DIV/0!,0,,,0,,0
Year 1 Nov 19 7:00 AM,2.222303719,,2.222303253,0.99999979,4.66364E-07,,,2.222303719,,0
Year 1 Nov 19 8:00 AM,27.89511739,,27.8950708,0.99999833,4.65948E-05,,,27.89511739,,0
Year 1 Nov 19 9:00 AM,55.15558555,,55.15555508,0.999999448,3.04651E-05,,,55.15558555,,0
Year 1 Nov 19 10:00 AM,90.97334372,,90.97331574,0.999999693,2.79716E-05,,,90.97334372,,0
Year 1 Nov 19 11:00 AM,110.4332843,,110.433127,0.999998576,0.00015724,,,110.4332843,,0
Year 1 Nov 19 12:00 PM,111.9650048,,111.9649812,0.999999789,2.35907E-05,,,111.9650048,,0
Year 1 Nov 19 1:00 PM,111.9510101,,96.94538525,0.865962577,15.00562486,,,111.9510101,,0
Year 1 Nov 19 2:00 PM,95.96791671,,80.6657136,0.840548762,15.30220311,,,95.96791671,,0
Year 1 Nov 19 3:00 PM,66.26805989,,56.97376866,0.859747045,9.294291232,,,66.26805989,,0
Year 1 Nov 19 4:00 PM,34.15601859,,29.70724398,0.869751371,4.448774606,,,34.15601859,,0
Year 1 Nov 19 5:00 PM,3.904459679,,3.503659672,0.897348151,0.400800007,,,3.904459679,,0
Year 1 Nov 19 6:00 PM,0,,0,#DIV/0!,0,,,0,,0
Year 1 Nov 19 7:00 PM,0,,0,#DIV/0!,0,,,0,,0
Year 1 Nov 19 8:00 PM,0,,0,#DIV/0!,0,,,0,,0
Year 1 Nov 19 9:00 PM,0,,0,#DIV/0!,0,,,0,,0
Year 1 Nov 19 10:00 PM,0,,0,#DIV/0!,0,,,0,,0
Year 1 Nov 19 11:00 PM,0,,0,#DIV/0!,0,,,0,,0
Year 1 Nov 20 12:00 AM,0,,0,#DIV/0!,0,,,0,,0
Year 1 Nov 20 1:00 AM,0,,0,#DIV/0!,0,,,0,,0
Year 1 Nov 20 2:00 AM,0,,0,#DIV/0!,0,,,0,,0
Year 1 Nov 20 3:00 AM,0,,0,#DIV/0!,0,,,0,,0
Year 1 Nov 20 4:00 AM,0,,0,#DIV/0!,0,,,0,,0
Year 1 Nov 20 5:00 AM,0,,0,#DIV/0!,0,,,0,,0
Year 1 Nov 20 6:00 AM,0,,0,#DIV/0!,0,,,0,,0
Year 1 Nov 20 7:00 AM,2.30174496,,2.301744492,0.999999797,4.67545E-07,,,2.30174496,,0
Year 1 Nov 20 8:00 AM,30.61776661,,30.61770799,0.999998085,5.86197E-05,,,30.61776661,,0
Year 1 Nov 20 9:00 AM,65.20289357,,65.20284045,0.999999185,5.3115E-05,,,65.20289357,,0
Year 1 Nov 20 10:00 AM,61.29631608,,61.29629964,0.999999732,1.64329E-05,,,61.29631608,,0
Year 1 Nov 20 11:00 AM,85.212908,,85.21279859,0.999998716,0.000109414,,,85.212908,,0
Year 1 Nov 20 12:00 PM,138.9241782,,138.9241504,0.9999998,2.78058E-05,,,138.9241782,,0
Year 1 Nov 20 1:00 PM,129.8422627,,109.8498694,0.846025533,19.99239323,,,129.8422627,,0
Year 1 Nov 20 2:00 PM,107.6084809,,87.42060993,0.812395168,20.18787094,,,107.6084809,,0
Year 1 Nov 20 3:00 PM,79.54233708,,64.85750257,0.815383417,14.6848345,,,79.54233708,,0
Year 1 Nov 20 4:00 PM,33.03030692,,28.87099623,0.87407593,4.159310683,,,33.03030692,,0
Year 1 Nov 20 5:00 PM,3.527981907,,3.20957893,0.90974926,0.318402977,,,3.527981907,,0
Year 1 Nov 20 6:00 PM,0,,0,#DIV/0!,0,,,0,,0
Year 1 Nov 20 7:00 PM,0,,0,#DIV/0!,0,,,0,,0
Year 1 Nov 20 8:00 PM,0,,0,#DIV/0!,0,,,0,,0
Year 1 Nov 20 9:00 PM,0,,0,#DIV/0!,0,,,0,,0
Year 1 Nov 20 10:00 PM,0,,0,#DIV/0!,0,,,0,,0
Year 1 Nov 20 11:00 PM,0,,0,#DIV/0!,0,,,0,,0
Year 1 Nov 21 12:00 AM,0,,0,#DIV/0!,0,,,0,,0
Year 1 Nov 21 1:00 AM,0,,0,#DIV/0!,0,,,0,,0
Year 1 Nov 21 2:00 AM,0,,0,#DIV/0!,0,,,0,,0
Year 1 Nov 21 3:00 AM,0,,0,#DIV/0!,0,,,0,,0
Year 1 Nov 21 4:00 AM,0,,0,#DIV/0!,0,,,0,,0
Year 1 Nov 21 5:00 AM,0,,0,#DIV/0!,0,,,0,,0
Year 1 Nov 21 6:00 AM,0,,0,#DIV/0!,0,,,0,,0
Year 1 Nov 21 7:00 AM,2.030028904,,2.030028547,0.999999824,3.57216E-07,,,2.030028904,,0
Year 1 Nov 21 8:00 AM,54.00963156,,54.00911224,0.999990385,0.00051932,,,54.00963156,,0
Year 1 Nov 21 9:00 AM,170.1915431,,170.191101,0.999997402,0.000442163,,,170.1915431,,0
Year 1 Nov 21 10:00 AM,268.0441576,,268.0440188,0.999999482,0.000138811,,,268.0441576,,0
Year 1 Nov 21 11:00 AM,380.438791,,380.4362236,0.999993251,0.0025674,,,380.438791,,0
Year 1 Nov 21 12:00 PM,414.3785376,,414.3785309,0.999999984,6.68778E-06,,,414.3785376,,0
Year 1 Nov 21 1:00 PM,373.9986291,,107.7275614,0.288042664,266.2710677,,,373.9986291,,0
Year 1 Nov 21 2:00 PM,280.331749,,33.50560156,0.119521252,246.8261474,,,280.331749,,0
Year 1 Nov 21 3:00 PM,140.5945261,,40.40893954,0.287414743,100.1855866,,,140.5945261,,0
Year 1 Nov 21 4:00 PM,52.30174832,,22.20321427,0.424521454,30.09853405,,,52.30174832,,0
Year 1 Nov 21 5:00 PM,3.748823802,,2.825470151,0.753695106,0.92335365,,,3.748823802,,0
Year 1 Nov 21 6:00 PM,0,,0,#DIV/0!,0,,,0,,0
Year 1 Nov 21 7:00 PM,0,,0,#DIV/0!,0,,,0,,0
Year 1 Nov 21 8:00 PM,0,,0,#DIV/0!,0,,,0,,0
Year 1 Nov 21 9:00 PM,0,,0,#DIV/0!,0,,,0,,0
Year 1 Nov 21 10:00 PM,0,,0,#DIV/0!,0,,,0,,0
Year 1 Nov 21 11:00 PM,0,,0,#DIV/0!,0,,,0,,0
Year 1 Nov 22 12:00 AM,0,,0,#DIV/0!,0,,,0,,0
Year 1 Nov 22 1:00 AM,0,,0,#DIV/0!,0,,,0,,0
Year 1 Nov 22 2:00 AM,0,,0,#DIV/0!,0,,,0,,0
Year 1 Nov 22 3:00 AM,0,,0,#DIV/0!,0,,,0,,0
Year 1 Nov 22 4:00 AM,0,,0,#DIV/0!,0,,,0,,0
Year 1 Nov 22 5:00 AM,0,,0,#DIV/0!,0,,,0,,0
Year 1 Nov 22 6:00 AM,0,,0,#DIV/0!,0,,,0,,0
Year 1 Nov 22 7:00 AM,1.391940112,,1.391939808,0.999999781,3.04541E-07,,,1.391940112,,0
Year 1 Nov 22 8:00 AM,20.90267637,,20.90263227,0.99999789,4.40982E-05,,,20.90267637,,0
Year 1 Nov 22 9:00 AM,51.61693007,,51.61688208,0.99999907,4.79864E-05,,,51.61693007,,0
Year 1 Nov 22 10:00 AM,70.53218547,,70.53216567,0.999999719,1.9809E-05,,,70.53218547,,0
Year 1 Nov 22 11:00 AM,97.68371746,,97.6835848,0.999998642,0.000132665,,,97.68371746,,0
Year 1 Nov 22 12:00 PM,103.8563202,,103.856298,0.999999786,2.21878E-05,,,103.8563202,,0
Year 1 Nov 22 1:00 PM,96.79604387,,85.2306746,0.880518162,11.56536927,,,96.79604387,,0
Year 1 Nov 22 2:00 PM,91.68257327,,72.15566514,0.787016142,19.52690814,,,91.68257327,,0
Year 1 Nov 22 3:00 PM,82.90411676,,53.20716056,0.641791537,29.6969562,,,82.90411676,,0
Year 1 Nov 22 4:00 PM,34.06708143,,27.45517511,0.805915093,6.611906318,,,34.06708143,,0
Year 1 Nov 22 5:00 PM,3.804204462,,3.349450772,0.88046024,0.45475369,,,3.804204462,,0
Year 1 Nov 22 6:00 PM,0,,0,#DIV/0!,0,,,0,,0
Year 1 Nov 22 7:00 PM,0,,0,#DIV/0!,0,,,0,,0
Year 1 Nov 22 8:00 PM,0,,0,#DIV/0!,0,,,0,,0
Year 1 Nov 22 9:00 PM,0,,0,#DIV/0!,0,,,0,,0
Year 1 Nov 22 10:00 PM,0,,0,#DIV/0!,0,,,0,,0
Year 1 Nov 22 11:00 PM,0,,0,#DIV/0!,0,,,0,,0
Year 1 Nov 23 12:00 AM,0,,0,#DIV/0!,0,,,0,,0
Year 1 Nov 23 1:00 AM,0,,0,#DIV/0!,0,,,0,,0
Year 1 Nov 23 2:00 AM,0,,0,#DIV/0!,0,,,0,,0
Year 1 Nov 23 3:00 AM,0,,0,#DIV/0!,0,,,0,,0
Year 1 Nov 23 4:00 AM,0,,0,#DIV/0!,0,,,0,,0
Year 1 Nov 23 5:00 AM,0,,0,#DIV/0!,0,,,0,,0
Year 1 Nov 23 6:00 AM,0,,0,#DIV/0!,0,,,0,,0
Year 1 Nov 23 7:00 AM,0.947506641,,0.947506409,0.999999755,2.32357E-07,,,0.947506641,,0
Year 1 Nov 23 8:00 AM,12.82095144,,12.82094442,0.999999452,7.02059E-06,,,12.82095144,,0
Year 1 Nov 23 9:00 AM,28.4443182,,28.44430874,0.999999667,9.46121E-06,,,28.4443182,,0
Year 1 Nov 23 10:00 AM,58.57993805,,58.57992167,0.99999972,1.6381E-05,,,58.57993805,,0
Year 1 Nov 23 11:00 AM,102.7313604,,102.731219,0.999998624,0.000141353,,,102.7313604,,0
Year 1 Nov 23 12:00 PM,103.5858196,,103.5857975,0.999999786,2.21163E-05,,,103.5858196,,0
Year 1 Nov 23 1:00 PM,116.8313374,,99.74023128,0.853711286,17.09110613,,,116.8313374,,0
Year 1 Nov 23 2:00 PM,88.81263912,,75.38446869,0.848803385,13.42817043,,,88.81263912,,0
Year 1 Nov 23 3:00 PM,61.58437931,,53.60736667,0.870470195,7.977012636,,,61.58437931,,0
Year 1 Nov 23 4:00 PM,30.39681349,,26.82127486,0.882371268,3.575538631,,,30.39681349,,0
Year 1 Nov 23 5:00 PM,3.889246188,,3.407041483,0.876015896,0.482204706,,,3.889246188,,0
Year 1 Nov 23 6:00 PM,0,,0,#DIV/0!,0,,,0,,0
Year 1 Nov 23 7:00 PM,0,,0,#DIV/0!,0,,,0,,0
Year 1 Nov 23 8:00 PM,0,,0,#DIV/0!,0,,,0,,0
Year 1 Nov 23 9:00 PM,0,,0,#DIV/0!,0,,,0,,0
Year 1 Nov 23 10:00 PM,0,,0,#DIV/0!,0,,,0,,0
Year 1 Nov 23 11:00 PM,0,,0,#DIV/0!,0,,,0,,0
Year 1 Nov 24 12:00 AM,0,,0,#DIV/0!,0,,,0,,0
Year 1 Nov 24 1:00 AM,0,,0,#DIV/0!,0,,,0,,0
Year 1 Nov 24 2:00 AM,0,,0,#DIV/0!,0,,,0,,0
Year 1 Nov 24 3:00 AM,0,,0,#DIV/0!,0,,,0,,0
Year 1 Nov 24 4:00 AM,0,,0,#DIV/0!,0,,,0,,0
Year 1 Nov 24 5:00 AM,0,,0,#DIV/0!,0,,,0,,0
Year 1 Nov 24 6:00 AM,0,,0,#DIV/0!,0,,,0,,0
Year 1 Nov 24 7:00 AM,1.73108623,,1.731085874,0.999999794,3.55785E-07,,,1.73108623,,0
Year 1 Nov 24 8:00 AM,25.92715213,,25.92709471,0.999997785,5.74214E-05,,,25.92715213,,0
Year 1 Nov 24 9:00 AM,79.22893161,,79.22885176,0.999998992,7.98457E-05,,,79.22893161,,0
Year 1 Nov 24 10:00 AM,169.6163252,,169.6162462,0.999999534,7.89584E-05,,,169.6163252,,0
Year 1 Nov 24 11:00 AM,334.1529344,,334.1507211,0.999993376,0.002213287,,,334.1529344,,0
Year 1 Nov 24 12:00 PM,333.0988591,,333.0988482,0.999999967,1.09343E-05,,,333.0988591,,0
Year 1 Nov 24 1:00 PM,309.4412016,,98.70347666,0.318973285,210.7377249,,,309.4412016,,0
Year 1 Nov 24 2:00 PM,304.1898671,,20.213574,0.066450517,283.9762931,,,304.1898671,,0
Year 1 Nov 24 3:00 PM,184.5492465,,20.92252694,0.113370969,163.6267196,,,184.5492465,,0
Year 1 Nov 24 4:00 PM,53.761491,,19.13325996,0.355891543,34.62823104,,,53.761491,,0
Year 1 Nov 24 5:00 PM,3.734666387,,2.738031742,0.733139579,0.996634645,,,3.734666387,,0
Year 1 Nov 24 6:00 PM,0,,0,#DIV/0!,0,,,0,,0
Year 1 Nov 24 7:00 PM,0,,0,#DIV/0!,0,,,0,,0
Year 1 Nov 24 8:00 PM,0,,0,#DIV/0!,0,,,0,,0
Year 1 Nov 24 9:00 PM,0,,0,#DIV/0!,0,,,0,,0
Year 1 Nov 24 10:00 PM,0,,0,#DIV/0!,0,,,0,,0
Year 1 Nov 24 11:00 PM,0,,0,#DIV/0!,0,,,0,,0
Year 1 Nov 25 12:00 AM,0,,0,#DIV/0!,0,,,0,,0
Year 1 Nov 25 1:00 AM,0,,0,#DIV/0!,0,,,0,,0
Year 1 Nov 25 2:00 AM,0,,0,#DIV/0!,0,,,0,,0
Year 1 Nov 25 3:00 AM,0,,0,#DIV/0!,0,,,0,,0
Year 1 Nov 25 4:00 AM,0,,0,#DIV/0!,0,,,0,,0
Year 1 Nov 25 5:00 AM,0,,0,#DIV/0!,0,,,0,,0
Year 1 Nov 25 6:00 AM,0,,0,#DIV/0!,0,,,0,,0
Year 1 Nov 25 7:00 AM,1.342231604,,1.342231311,0.999999782,2.93237E-07,,,1.342231604,,0
Year 1 Nov 25 8:00 AM,23.25334483,,23.2533081,0.999998421,3.67241E-05,,,23.25334483,,0
Year 1 Nov 25 9:00 AM,77.66158862,,77.66153578,0.99999932,5.28367E-05,,,77.66158862,,0
Year 1 Nov 25 10:00 AM,147.3383999,,147.3383289,0.999999518,7.10698E-05,,,147.3383999,,0
Year 1 Nov 25 11:00 AM,175.5913859,,175.5905011,0.999994961,0.00088481,,,175.5913859,,0
Year 1 Nov 25 12:00 PM,269.7729354,,269.7729176,0.999999934,1.78616E-05,,,269.7729354,,0
Year 1 Nov 25 1:00 PM,221.1429389,,119.8350264,0.541889454,101.3079125,,,221.1429389,,0
Year 1 Nov 25 2:00 PM,123.5940036,,56.17223261,0.454489951,67.421771,,,123.5940036,,0
Year 1 Nov 25 3:00 PM,110.1701483,,52.39096892,0.47554596,57.77917934,,,110.1701483,,0
Year 1 Nov 25 4:00 PM,25.92095043,,18.47772169,0.712848927,7.443228737,,,25.92095043,,0
Year 1 Nov 25 5:00 PM,1.324861336,,1.192947694,0.900432114,0.131913642,,,1.324861336,,0
Year 1 Nov 25 6:00 PM,0,,0,#DIV/0!,0,,,0,,0
Year 1 Nov 25 7:00 PM,0,,0,#DIV/0!,0,,,0,,0
Year 1 Nov 25 8:00 PM,0,,0,#DIV/0!,0,,,0,,0
Year 1 Nov 25 9:00 PM,0,,0,#DIV/0!,0,,,0,,0
Year 1 Nov 25 10:00 PM,0,,0,#DIV/0!,0,,,0,,0
Year 1 Nov 25 11:00 PM,0,,0,#DIV/0!,0,,,0,,0
Year 1 Nov 26 12:00 AM,0,,0,#DIV/0!,0,,,0,,0
Year 1 Nov 26 1:00 AM,0,,0,#DIV/0!,0,,,0,,0
Year 1 Nov 26 2:00 AM,0,,0,#DIV/0!,0,,,0,,0
Year 1 Nov 26 3:00 AM,0,,0,#DIV/0!,0,,,0,,0
Year 1 Nov 26 4:00 AM,0,,0,#DIV/0!,0,,,0,,0
Year 1 Nov 26 5:00 AM,0,,0,#DIV/0!,0,,,0,,0
Year 1 Nov 26 6:00 AM,0,,0,#DIV/0!,0,,,0,,0
Year 1 Nov 26 7:00 AM,1.585168738,,1.585168452,0.99999982,2.85696E-07,,,1.585168738,,0
Year 1 Nov 26 8:00 AM,51.13277254,,51.13225678,0.999989913,0.00051576,,,51.13277254,,0
Year 1 Nov 26 9:00 AM,179.6392119,,179.63875,0.999997428,0.000461948,,,179.6392119,,0
Year 1 Nov 26 10:00 AM,309.1440248,,309.143857,0.999999457,0.000167779,,,309.1440248,,0
Year 1 Nov 26 11:00 AM,395.2023916,,395.1997587,0.999993338,0.002632847,,,395.2023916,,0
Year 1 Nov 26 12:00 PM,424.6556257,,424.6556186,0.999999983,7.11217E-06,,,424.6556257,,0
Year 1 Nov 26 1:00 PM,378.9048373,,112.9214994,0.298020738,265.983338,,,378.9048373,,0
Year 1 Nov 26 2:00 PM,273.7258023,,40.90689418,0.149444787,232.8189081,,,273.7258023,,0
Year 1 Nov 26 3:00 PM,136.272304,,38.72659928,0.2841854,97.54570474,,,136.272304,,0
Year 1 Nov 26 4:00 PM,39.52896518,,22.39495141,0.56654535,17.13401377,,,39.52896518,,0
Year 1 Nov 26 5:00 PM,2.477448538,,1.794270078,0.72424111,0.683178459,,,2.477448538,,0
Year 1 Nov 26 6:00 PM,0,,0,#DIV/0!,0,,,0,,0
Year 1 Nov 26 7:00 PM,0,,0,#DIV/0!,0,,,0,,0
Year 1 Nov 26 8:00 PM,0,,0,#DIV/0!,0,,,0,,0
Year 1 Nov 26 9:00 PM,0,,0,#DIV/0!,0,,,0,,0
Year 1 Nov 26 10:00 PM,0,,0,#DIV/0!,0,,,0,,0
Year 1 Nov 26 11:00 PM,0,,0,#DIV/0!,0,,,0,,0
Year 1 Nov 27 12:00 AM,0,,0,#DIV/0!,0,,,0,,0
Year 1 Nov 27 1:00 AM,0,,0,#DIV/0!,0,,,0,,0
Year 1 Nov 27 2:00 AM,0,,0,#DIV/0!,0,,,0,,0
Year 1 Nov 27 3:00 AM,0,,0,#DIV/0!,0,,,0,,0
Year 1 Nov 27 4:00 AM,0,,0,#DIV/0!,0,,,0,,0
Year 1 Nov 27 5:00 AM,0,,0,#DIV/0!,0,,,0,,0
Year 1 Nov 27 6:00 AM,0,,0,#DIV/0!,0,,,0,,0
Year 1 Nov 27 7:00 AM,1.7249691,,1.724968769,0.999999808,3.30861E-07,,,1.7249691,,0
Year 1 Nov 27 8:00 AM,21.01885361,,21.01882346,0.999998565,3.01537E-05,,,21.01885361,,0
Year 1 Nov 27 9:00 AM,42.50306525,,42.50304562,0.999999538,1.96262E-05,,,42.50306525,,0
Year 1 Nov 27 10:00 AM,74.03758951,,74.03756792,0.999999708,2.15941E-05,,,74.03758951,,0
Year 1 Nov 27 11:00 AM,111.9094575,,111.9092897,0.999998501,0.000167798,,,111.9094575,,0
Year 1 Nov 27 12:00 PM,111.2873108,,111.2872874,0.99999979,2.33417E-05,,,111.2873108,,0
Year 1 Nov 27 1:00 PM,110.3347203,,95.35334545,0.864218853,14.98137487,,,110.3347203,,0
Year 1 Nov 27 2:00 PM,84.55505805,,72.4356708,0.85666869,12.11938725,,,84.55505805,,0
Year 1 Nov 27 3:00 PM,58.96808791,,51.54346525,0.874090836,7.424622655,,,58.96808791,,0
Year 1 Nov 27 4:00 PM,28.17697331,,25.06378759,0.889513125,3.113185725,,,28.17697331,,0
Year 1 Nov 27 5:00 PM,2.325752361,,1.857969389,0.798868108,0.467782972,,,2.325752361,,0
Year 1 Nov 27 6:00 PM,0,,0,#DIV/0!,0,,,0,,0
Year 1 Nov 27 7:00 PM,0,,0,#DIV/0!,0,,,0,,0
Year 1 Nov 27 8:00 PM,0,,0,#DIV/0!,0,,,0,,0
Year 1 Nov 27 9:00 PM,0,,0,#DIV/0!,0,,,0,,0
Year 1 Nov 27 10:00 PM,0,,0,#DIV/0!,0,,,0,,0
Year 1 Nov 27 11:00 PM,0,,0,#DIV/0!,0,,,0,,0
Year 1 Nov 28 12:00 AM,0,,0,#DIV/0!,0,,,0,,0
Year 1 Nov 28 1:00 AM,0,,0,#DIV/0!,0,,,0,,0
Year 1 Nov 28 2:00 AM,0,,0,#DIV/0!,0,,,0,,0
Year 1 Nov 28 3:00 AM,0,,0,#DIV/0!,0,,,0,,0
Year 1 Nov 28 4:00 AM,0,,0,#DIV/0!,0,,,0,,0
Year 1 Nov 28 5:00 AM,0,,0,#DIV/0!,0,,,0,,0
Year 1 Nov 28 6:00 AM,0,,0,#DIV/0!,0,,,0,,0
Year 1 Nov 28 7:00 AM,0,,0,#DIV/0!,0,,,0,,0
Year 1 Nov 28 8:00 AM,48.52559929,,48.5251195,0.999990113,0.000479786,,,48.52559929,,0
Year 1 Nov 28 9:00 AM,176.4459838,,176.4455394,0.999997482,0.000444376,,,176.4459838,,0
Year 1 Nov 28 10:00 AM,302.408186,,302.4080224,0.999999459,0.00016359,,,302.408186,,0
Year 1 Nov 28 11:00 AM,364.0916357,,364.0893498,0.999993722,0.002285931,,,364.0916357,,0
Year 1 Nov 28 12:00 PM,341.4509455,,341.4509319,0.99999996,1.35766E-05,,,341.4509455,,0
Year 1 Nov 28 1:00 PM,301.9101598,,119.5424791,0.395953813,182.3676807,,,301.9101598,,0
Year 1 Nov 28 2:00 PM,263.8236864,,52.56219829,0.199232294,211.2614881,,,263.8236864,,0
Year 1 Nov 28 3:00 PM,106.6188785,,53.39999022,0.500849296,53.2188883,,,106.6188785,,0
Year 1 Nov 28 4:00 PM,41.57271304,,28.29883321,0.680706914,13.27387983,,,41.57271304,,0
Year 1 Nov 28 5:00 PM,2.620860533,,1.833635905,0.69963124,0.787224628,,,2.620860533,,0
Year 1 Nov 28 6:00 PM,0,,0,#DIV/0!,0,,,0,,0
Year 1 Nov 28 7:00 PM,0,,0,#DIV/0!,0,,,0,,0
Year 1 Nov 28 8:00 PM,0,,0,#DIV/0!,0,,,0,,0
Year 1 Nov 28 9:00 PM,0,,0,#DIV/0!,0,,,0,,0
Year 1 Nov 28 10:00 PM,0,,0,#DIV/0!,0,,,0,,0
Year 1 Nov 28 11:00 PM,0,,0,#DIV/0!,0,,,0,,0
Year 1 Nov 29 12:00 AM,0,,0,#DIV/0!,0,,,0,,0
Year 1 Nov 29 1:00 AM,0,,0,#DIV/0!,0,,,0,,0
Year 1 Nov 29 2:00 AM,0,,0,#DIV/0!,0,,,0,,0
Year 1 Nov 29 3:00 AM,0,,0,#DIV/0!,0,,,0,,0
Year 1 Nov 29 4:00 AM,0,,0,#DIV/0!,0,,,0,,0
Year 1 Nov 29 5:00 AM,0,,0,#DIV/0!,0,,,0,,0
Year 1 Nov 29 6:00 AM,0,,0,#DIV/0!,0,,,0,,0
Year 1 Nov 29 7:00 AM,0,,0,#DIV/0!,0,,,0,,0
Year 1 Nov 29 8:00 AM,37.55947814,,37.55920755,0.999992796,0.000270597,,,37.55947814,,0
Year 1 Nov 29 9:00 AM,146.8065572,,146.8062313,0.99999778,0.000325899,,,146.8065572,,0
Year 1 Nov 29 10:00 AM,226.2969042,,226.2967974,0.999999528,0.000106803,,,226.2969042,,0
Year 1 Nov 29 11:00 AM,280.6974672,,280.6960288,0.999994876,0.001438365,,,280.6974672,,0
Year 1 Nov 29 12:00 PM,261.9556476,,261.955628,0.999999925,1.95384E-05,,,261.9556476,,0
Year 1 Nov 29 1:00 PM,331.1042889,,125.4784306,0.378969512,205.6258582,,,331.1042889,,0
Year 1 Nov 29 2:00 PM,280.390108,,55.15913106,0.196722814,225.2309769,,,280.390108,,0
Year 1 Nov 29 3:00 PM,161.4239783,,47.57096263,0.294695764,113.8530157,,,161.4239783,,0
Year 1 Nov 29 4:00 PM,51.98244657,,25.73423707,0.495056289,26.2482095,,,51.98244657,,0
Year 1 Nov 29 5:00 PM,2.720666482,,1.783876076,0.655676132,0.936790405,,,2.720666482,,0
Year 1 Nov 29 6:00 PM,0,,0,#DIV/0!,0,,,0,,0
Year 1 Nov 29 7:00 PM,0,,0,#DIV/0!,0,,,0,,0
Year 1 Nov 29 8:00 PM,0,,0,#DIV/0!,0,,,0,,0
Year 1 Nov 29 9:00 PM,0,,0,#DIV/0!,0,,,0,,0
Year 1 Nov 29 10:00 PM,0,,0,#DIV/0!,0,,,0,,0
Year 1 Nov 29 11:00 PM,0,,0,#DIV/0!,0,,,0,,0
Year 1 Nov 30 12:00 AM,0,,0,#DIV/0!,0,,,0,,0
Year 1 Nov 30 1:00 AM,0,,0,#DIV/0!,0,,,0,,0
Year 1 Nov 30 2:00 AM,0,,0,#DIV/0!,0,,,0,,0
Year 1 Nov 30 3:00 AM,0,,0,#DIV/0!,0,,,0,,0
Year 1 Nov 30 4:00 AM,0,,0,#DIV/0!,0,,,0,,0
Year 1 Nov 30 5:00 AM,0,,0,#DIV/0!,0,,,0,,0
Year 1 Nov 30 6:00 AM,0,,0,#DIV/0!,0,,,0,,0
Year 1 Nov 30 7:00 AM,0,,0,#DIV/0!,0,,,0,,0
Year 1 Nov 30 8:00 AM,14.77803593,,14.77802281,0.999999112,1.31224E-05,,,14.77803593,,0
Year 1 Nov 30 9:00 AM,52.36019121,,52.36016125,0.999999428,2.99543E-05,,,52.36019121,,0
Year 1 Nov 30 10:00 AM,83.71587216,,83.71584683,0.999999697,2.53254E-05,,,83.71587216,,0
Year 1 Nov 30 11:00 AM,119.6871299,,119.6869307,0.999998336,0.000199112,,,119.6871299,,0
Year 1 Nov 30 12:00 PM,118.0689892,,118.0689653,0.999999797,2.39543E-05,,,118.0689892,,0
Year 1 Nov 30 1:00 PM,119.9325529,,101.2163052,0.843943556,18.71624771,,,119.9325529,,0
Year 1 Nov 30 2:00 PM,107.4746926,,85.50706727,0.795601878,21.96762537,,,107.4746926,,0
Year 1 Nov 30 3:00 PM,60.61883384,,52.04024197,0.85848306,8.578591876,,,60.61883384,,0
Year 1 Nov 30 4:00 PM,26.61042651,,23.80016379,0.894392421,2.810262722,,,26.61042651,,0
Year 1 Nov 30 5:00 PM,2.152610253,,1.724080636,0.800925589,0.428529617,,,2.152610253,,0
Year 1 Nov 30 6:00 PM,0,,0,#DIV/0!,0,,,0,,0
Year 1 Nov 30 7:00 PM,0,,0,#DIV/0!,0,,,0,,0
Year 1 Nov 30 8:00 PM,0,,0,#DIV/0!,0,,,0,,0
Year 1 Nov 30 9:00 PM,0,,0,#DIV/0!,0,,,0,,0
Year 1 Nov 30 10:00 PM,0,,0,#DIV/0!,0,,,0,,0
Year 1 Nov 30 11:00 PM,0,,0,#DIV/0!,0,,,0,,0
Year 1 Dec 01 12:00 AM,0,,0,#DIV/0!,0,,,0,,0
Year 1 Dec 01 1:00 AM,0,,0,#DIV/0!,0,,,0,,0
Year 1 Dec 01 2:00 AM,0,,0,#DIV/0!,0,,,0,,0
Year 1 Dec 01 3:00 AM,0,,0,#DIV/0!,0,,,0,,0
Year 1 Dec 01 4:00 AM,0,,0,#DIV/0!,0,,,0,,0
Year 1 Dec 01 5:00 AM,0,,0,#DIV/0!,0,,,0,,0
Year 1 Dec 01 6:00 AM,0,,0,#DIV/0!,0,,,0,,0
Year 1 Dec 01 7:00 AM,0,,0,#DIV/0!,0,,,0,,0
Year 1 Dec 01 8:00 AM,10.78516606,,10.78516305,0.999999721,3.01362E-06,,,10.78516606,,0
Year 1 Dec 01 9:00 AM,32.07151117,,32.07150261,0.999999733,8.55788E-06,,,32.07151117,,0
Year 1 Dec 01 10:00 AM,56.59622638,,56.59621076,0.999999724,1.56174E-05,,,56.59622638,,0
Year 1 Dec 01 11:00 AM,72.0556067,,72.05554766,0.999999181,5.90332E-05,,,72.0556067,,0
Year 1 Dec 01 12:00 PM,70.98899491,,70.98897827,0.999999766,1.6639E-05,,,70.98899491,,0
Year 1 Dec 01 1:00 PM,64.72306271,,61.71505469,0.953524943,3.00800802,,,64.72306271,,0
Year 1 Dec 01 2:00 PM,53.98587561,,50.99070832,0.944519427,2.995167287,,,53.98587561,,0
Year 1 Dec 01 3:00 PM,34.38752654,,33.42747497,0.972081401,0.960051563,,,34.38752654,,0
Year 1 Dec 01 4:00 PM,15.76241353,,15.58374242,0.988664737,0.178671111,,,15.76241353,,0
Year 1 Dec 01 5:00 PM,1.25447971,,1.169070788,0.931916856,0.085408922,,,1.25447971,,0
Year 1 Dec 01 6:00 PM,0,,0,#DIV/0!,0,,,0,,0
Year 1 Dec 01 7:00 PM,0,,0,#DIV/0!,0,,,0,,0
Year 1 Dec 01 8:00 PM,0,,0,#DIV/0!,0,,,0,,0
Year 1 Dec 01 9:00 PM,0,,0,#DIV/0!,0,,,0,,0
Year 1 Dec 01 10:00 PM,0,,0,#DIV/0!,0,,,0,,0
Year 1 Dec 01 11:00 PM,0,,0,#DIV/0!,0,,,0,,0
Year 1 Dec 02 12:00 AM,0,,0,#DIV/0!,0,,,0,,0
Year 1 Dec 02 1:00 AM,0,,0,#DIV/0!,0,,,0,,0
Year 1 Dec 02 2:00 AM,0,,0,#DIV/0!,0,,,0,,0
Year 1 Dec 02 3:00 AM,0,,0,#DIV/0!,0,,,0,,0
Year 1 Dec 02 4:00 AM,0,,0,#DIV/0!,0,,,0,,0
Year 1 Dec 02 5:00 AM,0,,0,#DIV/0!,0,,,0,,0
Year 1 Dec 02 6:00 AM,0,,0,#DIV/0!,0,,,0,,0
Year 1 Dec 02 7:00 AM,0,,0,#DIV/0!,0,,,0,,0
Year 1 Dec 02 8:00 AM,20.71203579,,20.71200158,0.999998348,3.42139E-05,,,20.71203579,,0
Year 1 Dec 02 9:00 AM,61.71688208,,61.71684026,0.999999322,4.18192E-05,,,61.71688208,,0
Year 1 Dec 02 10:00 AM,97.34080987,,97.34077946,0.999999688,3.04123E-05,,,97.34080987,,0
Year 1 Dec 02 11:00 AM,118.2771723,,118.2769885,0.999998446,0.000183764,,,118.2771723,,0
Year 1 Dec 02 12:00 PM,120.3283791,,120.3283544,0.999999795,2.47213E-05,,,120.3283791,,0
Year 1 Dec 02 1:00 PM,120.9217888,,102.4889783,0.847564193,18.43281049,,,120.9217888,,0
Year 1 Dec 02 2:00 PM,92.48552322,,77.00909972,0.832661124,15.4764235,,,92.48552322,,0
Year 1 Dec 02 3:00 PM,61.27281247,,52.5545606,0.857714188,8.718251871,,,61.27281247,,0
Year 1 Dec 02 4:00 PM,25.04111415,,22.60002727,0.902516842,2.441086886,,,25.04111415,,0
Year 1 Dec 02 5:00 PM,1.664154006,,1.430549368,0.859625589,0.233604638,,,1.664154006,,0
Year 1 Dec 02 6:00 PM,0,,0,#DIV/0!,0,,,0,,0
Year 1 Dec 02 7:00 PM,0,,0,#DIV/0!,0,,,0,,0
Year 1 Dec 02 8:00 PM,0,,0,#DIV/0!,0,,,0,,0
Year 1 Dec 02 9:00 PM,0,,0,#DIV/0!,0,,,0,,0
Year 1 Dec 02 10:00 PM,0,,0,#DIV/0!,0,,,0,,0
Year 1 Dec 02 11:00 PM,0,,0,#DIV/0!,0,,,0,,0
Year 1 Dec 03 12:00 AM,0,,0,#DIV/0!,0,,,0,,0
Year 1 Dec 03 1:00 AM,0,,0,#DIV/0!,0,,,0,,0
Year 1 Dec 03 2:00 AM,0,,0,#DIV/0!,0,,,0,,0
Year 1 Dec 03 3:00 AM,0,,0,#DIV/0!,0,,,0,,0
Year 1 Dec 03 4:00 AM,0,,0,#DIV/0!,0,,,0,,0
Year 1 Dec 03 5:00 AM,0,,0,#DIV/0!,0,,,0,,0
Year 1 Dec 03 6:00 AM,0,,0,#DIV/0!,0,,,0,,0
Year 1 Dec 03 7:00 AM,0,,0,#DIV/0!,0,,,0,,0
Year 1 Dec 03 8:00 AM,32.95634643,,32.95608353,0.999992023,0.000262899,,,32.95634643,,0
Year 1 Dec 03 9:00 AM,99.97303599,,99.97276187,0.999997258,0.000274122,,,99.97303599,,0
Year 1 Dec 03 10:00 AM,68.91676746,,68.91675065,0.999999756,1.68152E-05,,,68.91676746,,0
Year 1 Dec 03 11:00 AM,80.34431972,,80.34421813,0.999998736,0.000101589,,,80.34431972,,0
Year 1 Dec 03 12:00 PM,108.7015248,,108.701502,0.999999791,2.27677E-05,,,108.7015248,,0
Year 1 Dec 03 1:00 PM,102.5062993,,89.77894074,0.875838279,12.72735852,,,102.5062993,,0
Year 1 Dec 03 2:00 PM,83.89584632,,71.38649587,0.850894281,12.50935046,,,83.89584632,,0
Year 1 Dec 03 3:00 PM,49.87184722,,44.53948979,0.893078806,5.332357434,,,49.87184722,,0
Year 1 Dec 03 4:00 PM,15.04400717,,14.84023853,0.986455162,0.203768636,,,15.04400717,,0
Year 1 Dec 03 5:00 PM,0.908317661,,0.899274008,0.990043514,0.009043652,,,0.908317661,,0
Year 1 Dec 03 6:00 PM,0,,0,#DIV/0!,0,,,0,,0
Year 1 Dec 03 7:00 PM,0,,0,#DIV/0!,0,,,0,,0
Year 1 Dec 03 8:00 PM,0,,0,#DIV/0!,0,,,0,,0
Year 1 Dec 03 9:00 PM,0,,0,#DIV/0!,0,,,0,,0
Year 1 Dec 03 10:00 PM,0,,0,#DIV/0!,0,,,0,,0
Year 1 Dec 03 11:00 PM,0,,0,#DIV/0!,0,,,0,,0
Year 1 Dec 04 12:00 AM,0,,0,#DIV/0!,0,,,0,,0
Year 1 Dec 04 1:00 AM,0,,0,#DIV/0!,0,,,0,,0
Year 1 Dec 04 2:00 AM,0,,0,#DIV/0!,0,,,0,,0
Year 1 Dec 04 3:00 AM,0,,0,#DIV/0!,0,,,0,,0
Year 1 Dec 04 4:00 AM,0,,0,#DIV/0!,0,,,0,,0
Year 1 Dec 04 5:00 AM,0,,0,#DIV/0!,0,,,0,,0
Year 1 Dec 04 6:00 AM,0,,0,#DIV/0!,0,,,0,,0
Year 1 Dec 04 7:00 AM,0,,0,#DIV/0!,0,,,0,,0
Year 1 Dec 04 8:00 AM,23.9192998,,23.91921068,0.999996274,8.91262E-05,,,23.9192998,,0
Year 1 Dec 04 9:00 AM,71.44689676,,71.44682013,0.999998928,7.66261E-05,,,71.44689676,,0
Year 1 Dec 04 10:00 AM,144.1495609,,144.1494971,0.999999558,6.37726E-05,,,144.1495609,,0
Year 1 Dec 04 11:00 AM,226.0142635,,226.0129846,0.999994341,0.001278917,,,226.0142635,,0
Year 1 Dec 04 12:00 PM,317.3769037,,317.3768925,0.999999965,1.12422E-05,,,317.3769037,,0
Year 1 Dec 04 1:00 PM,365.0055596,,102.413983,0.280581981,262.5915766,,,365.0055596,,0
Year 1 Dec 04 2:00 PM,272.0338384,,34.67390066,0.127461719,237.3599377,,,272.0338384,,0
Year 1 Dec 04 3:00 PM,162.7854469,,27.34367529,0.167973709,135.4417717,,,162.7854469,,0
Year 1 Dec 04 4:00 PM,58.08339319,,14.21102762,0.244665934,43.87236557,,,58.08339319,,0
Year 1 Dec 04 5:00 PM,2.15315379,,1.187722584,0.551619949,0.965431206,,,2.15315379,,0
Year 1 Dec 04 6:00 PM,0,,0,#DIV/0!,0,,,0,,0
Year 1 Dec 04 7:00 PM,0,,0,#DIV/0!,0,,,0,,0
Year 1 Dec 04 8:00 PM,0,,0,#DIV/0!,0,,,0,,0
Year 1 Dec 04 9:00 PM,0,,0,#DIV/0!,0,,,0,,0
Year 1 Dec 04 10:00 PM,0,,0,#DIV/0!,0,,,0,,0
Year 1 Dec 04 11:00 PM,0,,0,#DIV/0!,0,,,0,,0
Year 1 Dec 05 12:00 AM,0,,0,#DIV/0!,0,,,0,,0
Year 1 Dec 05 1:00 AM,0,,0,#DIV/0!,0,,,0,,0
Year 1 Dec 05 2:00 AM,0,,0,#DIV/0!,0,,,0,,0
Year 1 Dec 05 3:00 AM,0,,0,#DIV/0!,0,,,0,,0
Year 1 Dec 05 4:00 AM,0,,0,#DIV/0!,0,,,0,,0
Year 1 Dec 05 5:00 AM,0,,0,#DIV/0!,0,,,0,,0
Year 1 Dec 05 6:00 AM,0,,0,#DIV/0!,0,,,0,,0
Year 1 Dec 05 7:00 AM,0,,0,#DIV/0!,0,,,0,,0
Year 1 Dec 05 8:00 AM,51.82354301,,51.82294915,0.999988541,0.000593856,,,51.82354301,,0
Year 1 Dec 05 9:00 AM,187.0976795,,187.0971649,0.999997249,0.000514648,,,187.0976795,,0
Year 1 Dec 05 10:00 AM,316.4746279,,316.4744539,0.99999945,0.000174022,,,316.4746279,,0
Year 1 Dec 05 11:00 AM,404.658327,,404.6555453,0.999993126,0.002781689,,,404.658327,,0
Year 1 Dec 05 12:00 PM,437.5946791,,437.5946747,0.99999999,4.4298E-06,,,437.5946791,,0
Year 1 Dec 05 1:00 PM,414.5249201,,107.3732337,0.25902721,307.1516864,,,414.5249201,,0
Year 1 Dec 05 2:00 PM,334.5614022,,15.89858762,0.047520687,318.6628146,,,334.5614022,,0
Year 1 Dec 05 3:00 PM,209.0038258,,13.64501,0.065285934,195.3588158,,,209.0038258,,0
Year 1 Dec 05 4:00 PM,72.71614212,,8.63225875,0.118711726,64.08388337,,,72.71614212,,0
Year 1 Dec 05 5:00 PM,2.090579397,,0.911857052,0.436174322,1.178722345,,,2.090579397,,0
Year 1 Dec 05 6:00 PM,0,,0,#DIV/0!,0,,,0,,0
Year 1 Dec 05 7:00 PM,0,,0,#DIV/0!,0,,,0,,0
Year 1 Dec 05 8:00 PM,0,,0,#DIV/0!,0,,,0,,0
Year 1 Dec 05 9:00 PM,0,,0,#DIV/0!,0,,,0,,0
Year 1 Dec 05 10:00 PM,0,,0,#DIV/0!,0,,,0,,0
Year 1 Dec 05 11:00 PM,0,,0,#DIV/0!,0,,,0,,0
Year 1 Dec 06 12:00 AM,0,,0,#DIV/0!,0,,,0,,0
Year 1 Dec 06 1:00 AM,0,,0,#DIV/0!,0,,,0,,0
Year 1 Dec 06 2:00 AM,0,,0,#DIV/0!,0,,,0,,0
Year 1 Dec 06 3:00 AM,0,,0,#DIV/0!,0,,,0,,0
Year 1 Dec 06 4:00 AM,0,,0,#DIV/0!,0,,,0,,0
Year 1 Dec 06 5:00 AM,0,,0,#DIV/0!,0,,,0,,0
Year 1 Dec 06 6:00 AM,0,,0,#DIV/0!,0,,,0,,0
Year 1 Dec 06 7:00 AM,0,,0,#DIV/0!,0,,,0,,0
Year 1 Dec 06 8:00 AM,22.51187019,,22.51174511,0.999994444,0.000125079,,,22.51187019,,0
Year 1 Dec 06 9:00 AM,93.80346322,,93.80327499,0.999997993,0.000188226,,,93.80346322,,0
Year 1 Dec 06 10:00 AM,130.906232,,130.9061787,0.999999593,5.32477E-05,,,130.906232,,0
Year 1 Dec 06 11:00 AM,260.4333548,,260.4319339,0.999994544,0.001420931,,,260.4333548,,0
Year 1 Dec 06 12:00 PM,201.327062,,201.3270454,0.999999918,1.65191E-05,,,201.327062,,0
Year 1 Dec 06 1:00 PM,188.065845,,105.9719546,0.563483256,82.09389034,,,188.065845,,0
Year 1 Dec 06 2:00 PM,98.80505029,,62.08458361,0.628354355,36.72046668,,,98.80505029,,0
Year 1 Dec 06 3:00 PM,72.03151118,,43.16659519,0.599273769,28.86491599,,,72.03151118,,0
Year 1 Dec 06 4:00 PM,38.16353002,,23.06536854,0.60438247,15.09816148,,,38.16353002,,0
Year 1 Dec 06 5:00 PM,2.302513939,,1.58786177,0.689620915,0.714652169,,,2.302513939,,0
Year 1 Dec 06 6:00 PM,0,,0,#DIV/0!,0,,,0,,0
Year 1 Dec 06 7:00 PM,0,,0,#DIV/0!,0,,,0,,0
Year 1 Dec 06 8:00 PM,0,,0,#DIV/0!,0,,,0,,0
Year 1 Dec 06 9:00 PM,0,,0,#DIV/0!,0,,,0,,0
Year 1 Dec 06 10:00 PM,0,,0,#DIV/0!,0,,,0,,0
Year 1 Dec 06 11:00 PM,0,,0,#DIV/0!,0,,,0,,0
Year 1 Dec 07 12:00 AM,0,,0,#DIV/0!,0,,,0,,0
Year 1 Dec 07 1:00 AM,0,,0,#DIV/0!,0,,,0,,0
Year 1 Dec 07 2:00 AM,0,,0,#DIV/0!,0,,,0,,0
Year 1 Dec 07 3:00 AM,0,,0,#DIV/0!,0,,,0,,0
Year 1 Dec 07 4:00 AM,0,,0,#DIV/0!,0,,,0,,0
Year 1 Dec 07 5:00 AM,0,,0,#DIV/0!,0,,,0,,0
Year 1 Dec 07 6:00 AM,0,,0,#DIV/0!,0,,,0,,0
Year 1 Dec 07 7:00 AM,0,,0,#DIV/0!,0,,,0,,0
Year 1 Dec 07 8:00 AM,13.98132334,,13.98130244,0.999998506,2.08934E-05,,,13.98132334,,0
Year 1 Dec 07 9:00 AM,43.92577364,,43.9257356,0.999999134,3.80406E-05,,,43.92577364,,0
Year 1 Dec 07 10:00 AM,83.94699003,,83.94673231,0.99999693,0.000257714,,,83.94699003,,0
Year 1 Dec 07 11:00 AM,139.4254894,,139.4254683,0.999999849,2.10811E-05,,,139.4254894,,0
Year 1 Dec 07 12:00 PM,268.1662598,,268.1658629,0.99999852,0.000396842,,,268.1662598,,0
Year 1 Dec 07 1:00 PM,170.8830739,,101.2797614,0.592684571,69.60331259,,,170.8830739,,0
Year 1 Dec 07 2:00 PM,152.4156354,,56.81936494,0.372792232,95.59627046,,,152.4156354,,0
Year 1 Dec 07 3:00 PM,105.1634828,,37.27364094,0.354435208,67.88984187,,,105.1634828,,0
Year 1 Dec 07 4:00 PM,33.95180148,,19.22800459,0.566332382,14.72379689,,,33.95180148,,0
Year 1 Dec 07 5:00 PM,1.780753507,,1.303220673,0.731836645,0.477532834,,,1.780753507,,0
Year 1 Dec 07 6:00 PM,0,,0,#DIV/0!,0,,,0,,0
Year 1 Dec 07 7:00 PM,0,,0,#DIV/0!,0,,,0,,0
Year 1 Dec 07 8:00 PM,0,,0,#DIV/0!,0,,,0,,0
Year 1 Dec 07 9:00 PM,0,,0,#DIV/0!,0,,,0,,0
Year 1 Dec 07 10:00 PM,0,,0,#DIV/0!,0,,,0,,0
Year 1 Dec 07 11:00 PM,0,,0,#DIV/0!,0,,,0,,0
Year 1 Dec 08 12:00 AM,0,,0,#DIV/0!,0,,,0,,0
Year 1 Dec 08 1:00 AM,0,,0,#DIV/0!,0,,,0,,0
Year 1 Dec 08 2:00 AM,0,,0,#DIV/0!,0,,,0,,0
Year 1 Dec 08 3:00 AM,0,,0,#DIV/0!,0,,,0,,0
Year 1 Dec 08 4:00 AM,0,,0,#DIV/0!,0,,,0,,0
Year 1 Dec 08 5:00 AM,0,,0,#DIV/0!,0,,,0,,0
Year 1 Dec 08 6:00 AM,0,,0,#DIV/0!,0,,,0,,0
Year 1 Dec 08 7:00 AM,0,,0,#DIV/0!,0,,,0,,0
Year 1 Dec 08 8:00 AM,14.39239785,,14.39238202,0.9999989,1.58281E-05,,,14.39239785,,0
Year 1 Dec 08 9:00 AM,46.33967428,,46.33964225,0.999999309,3.20327E-05,,,46.33967428,,0
Year 1 Dec 08 10:00 AM,64.68938874,,64.68927361,0.99999822,0.000115131,,,64.68938874,,0
Year 1 Dec 08 11:00 AM,106.5576219,,106.5575975,0.99999977,2.44796E-05,,,106.5576219,,0
Year 1 Dec 08 12:00 PM,104.4725091,,104.4724563,0.999999495,5.27551E-05,,,104.4725091,,0
Year 1 Dec 08 1:00 PM,109.4336301,,96.98032957,0.886202253,12.45330058,,,109.4336301,,0
Year 1 Dec 08 2:00 PM,85.94543181,,72.03037762,0.838094313,13.9150542,,,85.94543181,,0
Year 1 Dec 08 3:00 PM,57.04350812,,49.33653222,0.864893024,7.706975896,,,57.04350812,,0
Year 1 Dec 08 4:00 PM,26.47738278,,23.32694634,0.881014054,3.15043644,,,26.47738278,,0
Year 1 Dec 08 5:00 PM,2.029753665,,1.598167077,0.787369967,0.431586589,,,2.029753665,,0
Year 1 Dec 08 6:00 PM,0,,0,#DIV/0!,0,,,0,,0
Year 1 Dec 08 7:00 PM,0,,0,#DIV/0!,0,,,0,,0
Year 1 Dec 08 8:00 PM,0,,0,#DIV/0!,0,,,0,,0
Year 1 Dec 08 9:00 PM,0,,0,#DIV/0!,0,,,0,,0
Year 1 Dec 08 10:00 PM,0,,0,#DIV/0!,0,,,0,,0
Year 1 Dec 08 11:00 PM,0,,0,#DIV/0!,0,,,0,,0
Year 1 Dec 09 12:00 AM,0,,0,#DIV/0!,0,,,0,,0
Year 1 Dec 09 1:00 AM,0,,0,#DIV/0!,0,,,0,,0
Year 1 Dec 09 2:00 AM,0,,0,#DIV/0!,0,,,0,,0
Year 1 Dec 09 3:00 AM,0,,0,#DIV/0!,0,,,0,,0
Year 1 Dec 09 4:00 AM,0,,0,#DIV/0!,0,,,0,,0
Year 1 Dec 09 5:00 AM,0,,0,#DIV/0!,0,,,0,,0
Year 1 Dec 09 6:00 AM,0,,0,#DIV/0!,0,,,0,,0
Year 1 Dec 09 7:00 AM,0,,0,#DIV/0!,0,,,0,,0
Year 1 Dec 09 8:00 AM,24.54510358,,24.54496032,0.999994163,0.000143267,,,24.54510358,,0
Year 1 Dec 09 9:00 AM,115.8607663,,115.8603131,0.999996088,0.000453225,,,115.8607663,,0
Year 1 Dec 09 10:00 AM,176.0739402,,176.0727119,0.999993024,0.001228273,,,176.0739402,,0
Year 1 Dec 09 11:00 AM,188.252189,,188.2521536,0.999999812,3.54253E-05,,,188.252189,,0
Year 1 Dec 09 12:00 PM,87.88997567,,87.88988195,0.999998934,9.37158E-05,,,87.88997567,,0
Year 1 Dec 09 1:00 PM,98.64190208,,77.81256485,0.788838853,20.82933723,,,98.64190208,,0
Year 1 Dec 09 2:00 PM,70.02017765,,56.56012771,0.807768983,13.46004993,,,70.02017765,,0
Year 1 Dec 09 3:00 PM,52.60954226,,45.25989344,0.86029818,7.349648819,,,52.60954226,,0
Year 1 Dec 09 4:00 PM,25.09764801,,19.66495878,0.783537914,5.432689233,,,25.09764801,,0
Year 1 Dec 09 5:00 PM,1.356219217,,1.146298288,0.845216078,0.209920929,,,1.356219217,,0
Year 1 Dec 09 6:00 PM,0,,0,#DIV/0!,0,,,0,,0
Year 1 Dec 09 7:00 PM,0,,0,#DIV/0!,0,,,0,,0
Year 1 Dec 09 8:00 PM,0,,0,#DIV/0!,0,,,0,,0
Year 1 Dec 09 9:00 PM,0,,0,#DIV/0!,0,,,0,,0
Year 1 Dec 09 10:00 PM,0,,0,#DIV/0!,0,,,0,,0
Year 1 Dec 09 11:00 PM,0,,0,#DIV/0!,0,,,0,,0
Year 1 Dec 10 12:00 AM,0,,0,#DIV/0!,0,,,0,,0
Year 1 Dec 10 1:00 AM,0,,0,#DIV/0!,0,,,0,,0
Year 1 Dec 10 2:00 AM,0,,0,#DIV/0!,0,,,0,,0
Year 1 Dec 10 3:00 AM,0,,0,#DIV/0!,0,,,0,,0
Year 1 Dec 10 4:00 AM,0,,0,#DIV/0!,0,,,0,,0
Year 1 Dec 10 5:00 AM,0,,0,#DIV/0!,0,,,0,,0
Year 1 Dec 10 6:00 AM,0,,0,#DIV/0!,0,,,0,,0
Year 1 Dec 10 7:00 AM,0,,0,#DIV/0!,0,,,0,,0
Year 1 Dec 10 8:00 AM,29.1393793,,29.13915787,0.999992401,0.000221435,,,29.1393793,,0
Year 1 Dec 10 9:00 AM,143.6301979,,143.6295425,0.999995436,0.000655458,,,143.6301979,,0
Year 1 Dec 10 10:00 AM,250.1137636,,250.1114605,0.999990792,0.002303127,,,250.1137636,,0
Year 1 Dec 10 11:00 AM,333.5481974,,333.5481512,0.999999861,4.62603E-05,,,333.5481974,,0
Year 1 Dec 10 12:00 PM,366.2769496,,366.2763555,0.999998378,0.000594124,,,366.2769496,,0
Year 1 Dec 10 1:00 PM,350.4590271,,147.2978401,0.420299746,203.161187,,,350.4590271,,0
Year 1 Dec 10 2:00 PM,277.8372315,,19.921692,0.071702744,257.9155395,,,277.8372315,,0
Year 1 Dec 10 3:00 PM,164.6283052,,24.06267791,0.146163674,140.5656273,,,164.6283052,,0
Year 1 Dec 10 4:00 PM,57.48869843,,15.11621252,0.262942334,42.37248592,,,57.48869843,,0
Year 1 Dec 10 5:00 PM,2.151788026,,1.315536896,0.611369187,0.836251131,,,2.151788026,,0
Year 1 Dec 10 6:00 PM,0,,0,#DIV/0!,0,,,0,,0
Year 1 Dec 10 7:00 PM,0,,0,#DIV/0!,0,,,0,,0
Year 1 Dec 10 8:00 PM,0,,0,#DIV/0!,0,,,0,,0
Year 1 Dec 10 9:00 PM,0,,0,#DIV/0!,0,,,0,,0
Year 1 Dec 10 10:00 PM,0,,0,#DIV/0!,0,,,0,,0
Year 1 Dec 10 11:00 PM,0,,0,#DIV/0!,0,,,0,,0
Year 1 Dec 11 12:00 AM,0,,0,#DIV/0!,0,,,0,,0
Year 1 Dec 11 1:00 AM,0,,0,#DIV/0!,0,,,0,,0
Year 1 Dec 11 2:00 AM,0,,0,#DIV/0!,0,,,0,,0
Year 1 Dec 11 3:00 AM,0,,0,#DIV/0!,0,,,0,,0
Year 1 Dec 11 4:00 AM,0,,0,#DIV/0!,0,,,0,,0
Year 1 Dec 11 5:00 AM,0,,0,#DIV/0!,0,,,0,,0
Year 1 Dec 11 6:00 AM,0,,0,#DIV/0!,0,,,0,,0
Year 1 Dec 11 7:00 AM,0,,0,#DIV/0!,0,,,0,,0
Year 1 Dec 11 8:00 AM,19.44227592,,19.4421686,0.99999448,0.000107319,,,19.44227592,,0
Year 1 Dec 11 9:00 AM,113.2207137,,113.2202523,0.999995925,0.00046137,,,113.2207137,,0
Year 1 Dec 11 10:00 AM,206.6451745,,206.6436333,0.999992542,0.001541155,,,206.6451745,,0
Year 1 Dec 11 11:00 AM,209.0604202,,209.0603828,0.999999821,3.74302E-05,,,209.0604202,,0
Year 1 Dec 11 12:00 PM,152.0331812,,152.0330297,0.999999004,0.000151447,,,152.0331812,,0
Year 1 Dec 11 1:00 PM,242.1129666,,111.9780061,0.462503135,130.1349605,,,242.1129666,,0
Year 1 Dec 11 2:00 PM,282.064577,,22.23326523,0.078823316,259.8313118,,,282.064577,,0
Year 1 Dec 11 3:00 PM,184.1630407,,15.40095376,0.083626735,168.7620869,,,184.1630407,,0
Year 1 Dec 11 4:00 PM,61.03389278,,10.66000176,0.174657084,50.37389102,,,61.03389278,,0
Year 1 Dec 11 5:00 PM,1.887202365,,1.132561276,0.600127096,0.75464109,,,1.887202365,,0
Year 1 Dec 11 6:00 PM,0,,0,#DIV/0!,0,,,0,,0
Year 1 Dec 11 7:00 PM,0,,0,#DIV/0!,0,,,0,,0
Year 1 Dec 11 8:00 PM,0,,0,#DIV/0!,0,,,0,,0
Year 1 Dec 11 9:00 PM,0,,0,#DIV/0!,0,,,0,,0
Year 1 Dec 11 10:00 PM,0,,0,#DIV/0!,0,,,0,,0
Year 1 Dec 11 11:00 PM,0,,0,#DIV/0!,0,,,0,,0
Year 1 Dec 12 12:00 AM,0,,0,#DIV/0!,0,,,0,,0
Year 1 Dec 12 1:00 AM,0,,0,#DIV/0!,0,,,0,,0
Year 1 Dec 12 2:00 AM,0,,0,#DIV/0!,0,,,0,,0
Year 1 Dec 12 3:00 AM,0,,0,#DIV/0!,0,,,0,,0
Year 1 Dec 12 4:00 AM,0,,0,#DIV/0!,0,,,0,,0
Year 1 Dec 12 5:00 AM,0,,0,#DIV/0!,0,,,0,,0
Year 1 Dec 12 6:00 AM,0,,0,#DIV/0!,0,,,0,,0
Year 1 Dec 12 7:00 AM,0,,0,#DIV/0!,0,,,0,,0
Year 1 Dec 12 8:00 AM,20.35157264,,20.35148346,0.999995618,8.91794E-05,,,20.35157264,,0
Year 1 Dec 12 9:00 AM,101.3892466,,101.3888428,0.999996017,0.000403803,,,101.3892466,,0
Year 1 Dec 12 10:00 AM,201.2596536,,201.2580477,0.999992021,0.001605878,,,201.2596536,,0
Year 1 Dec 12 11:00 AM,249.1650036,,249.1649624,0.999999834,4.12458E-05,,,249.1650036,,0
Year 1 Dec 12 12:00 PM,214.7011891,,214.7009046,0.999998675,0.000284573,,,214.7011891,,0
Year 1 Dec 12 1:00 PM,210.5239549,,126.0528286,0.59875765,84.4711263,,,210.5239549,,0
Year 1 Dec 12 2:00 PM,103.4563123,,66.8706459,0.64636603,36.58566641,,,103.4563123,,0
Year 1 Dec 12 3:00 PM,65.30199285,,40.52499856,0.620578282,24.7769943,,,65.30199285,,0
Year 1 Dec 12 4:00 PM,22.10939371,,19.16556768,0.866851797,2.943826035,,,22.10939371,,0
Year 1 Dec 12 5:00 PM,1.449159143,,1.273538053,0.87881173,0.17562109,,,1.449159143,,0
Year 1 Dec 12 6:00 PM,0,,0,#DIV/0!,0,,,0,,0
Year 1 Dec 12 7:00 PM,0,,0,#DIV/0!,0,,,0,,0
Year 1 Dec 12 8:00 PM,0,,0,#DIV/0!,0,,,0,,0
Year 1 Dec 12 9:00 PM,0,,0,#DIV/0!,0,,,0,,0
Year 1 Dec 12 10:00 PM,0,,0,#DIV/0!,0,,,0,,0
Year 1 Dec 12 11:00 PM,0,,0,#DIV/0!,0,,,0,,0
Year 1 Dec 13 12:00 AM,0,,0,#DIV/0!,0,,,0,,0
Year 1 Dec 13 1:00 AM,0,,0,#DIV/0!,0,,,0,,0
Year 1 Dec 13 2:00 AM,0,,0,#DIV/0!,0,,,0,,0
Year 1 Dec 13 3:00 AM,0,,0,#DIV/0!,0,,,0,,0
Year 1 Dec 13 4:00 AM,0,,0,#DIV/0!,0,,,0,,0
Year 1 Dec 13 5:00 AM,0,,0,#DIV/0!,0,,,0,,0
Year 1 Dec 13 6:00 AM,0,,0,#DIV/0!,0,,,0,,0
Year 1 Dec 13 7:00 AM,0,,0,#DIV/0!,0,,,0,,0
Year 1 Dec 13 8:00 AM,11.48768477,,11.4876758,0.999999219,8.96941E-06,,,11.48768477,,0
Year 1 Dec 13 9:00 AM,31.07725028,,31.07723242,0.999999425,1.78559E-05,,,31.07725028,,0
Year 1 Dec 13 10:00 AM,64.47434063,,64.47424048,0.999998447,0.000100159,,,64.47434063,,0
Year 1 Dec 13 11:00 AM,92.77218805,,92.77216646,0.999999767,2.15861E-05,,,92.77218805,,0
Year 1 Dec 13 12:00 PM,101.3665228,,101.3664725,0.999999504,5.0327E-05,,,101.3665228,,0
Year 1 Dec 13 1:00 PM,98.1337403,,88.1146562,0.897903778,10.01908409,,,98.1337403,,0
Year 1 Dec 13 2:00 PM,91.98637172,,75.80180973,0.824054785,16.18456199,,,91.98637172,,0
Year 1 Dec 13 3:00 PM,57.00725328,,49.57218435,0.869576791,7.435068934,,,57.00725328,,0
Year 1 Dec 13 4:00 PM,26.67281838,,23.45185725,0.879241815,3.220961137,,,26.67281838,,0
Year 1 Dec 13 5:00 PM,1.909824191,,1.538363528,0.805500074,0.371460663,,,1.909824191,,0
Year 1 Dec 13 6:00 PM,0,,0,#DIV/0!,0,,,0,,0
Year 1 Dec 13 7:00 PM,0,,0,#DIV/0!,0,,,0,,0
Year 1 Dec 13 8:00 PM,0,,0,#DIV/0!,0,,,0,,0
Year 1 Dec 13 9:00 PM,0,,0,#DIV/0!,0,,,0,,0
Year 1 Dec 13 10:00 PM,0,,0,#DIV/0!,0,,,0,,0
Year 1 Dec 13 11:00 PM,0,,0,#DIV/0!,0,,,0,,0
Year 1 Dec 14 12:00 AM,0,,0,#DIV/0!,0,,,0,,0
Year 1 Dec 14 1:00 AM,0,,0,#DIV/0!,0,,,0,,0
Year 1 Dec 14 2:00 AM,0,,0,#DIV/0!,0,,,0,,0
Year 1 Dec 14 3:00 AM,0,,0,#DIV/0!,0,,,0,,0
Year 1 Dec 14 4:00 AM,0,,0,#DIV/0!,0,,,0,,0
Year 1 Dec 14 5:00 AM,0,,0,#DIV/0!,0,,,0,,0
Year 1 Dec 14 6:00 AM,0,,0,#DIV/0!,0,,,0,,0
Year 1 Dec 14 7:00 AM,0,,0,#DIV/0!,0,,,0,,0
Year 1 Dec 14 8:00 AM,17.52513778,,17.5251088,0.999998346,2.89849E-05,,,17.52513778,,0
Year 1 Dec 14 9:00 AM,56.3715223,,56.37146007,0.999998896,6.2221E-05,,,56.3715223,,0
Year 1 Dec 14 10:00 AM,95.76615785,,95.7659612,0.999997947,0.000196651,,,95.76615785,,0
Year 1 Dec 14 11:00 AM,112.0517078,,112.0516822,0.999999772,2.56022E-05,,,112.0517078,,0
Year 1 Dec 14 12:00 PM,126.0315539,,126.0314832,0.999999439,7.07257E-05,,,126.0315539,,0
Year 1 Dec 14 1:00 PM,131.2264969,,101.8182498,0.775897035,29.40824709,,,131.2264969,,0
Year 1 Dec 14 2:00 PM,150.434173,,67.91019506,0.451427981,82.52397796,,,150.434173,,0
Year 1 Dec 14 3:00 PM,78.87872131,,42.29878292,0.53625087,36.5799384,,,78.87872131,,0
Year 1 Dec 14 4:00 PM,24.0180494,,18.34692556,0.763880749,5.67112384,,,24.0180494,,0
Year 1 Dec 14 5:00 PM,1.477674062,,1.216468112,0.823231688,0.26120595,,,1.477674062,,0
Year 1 Dec 14 6:00 PM,0,,0,#DIV/0!,0,,,0,,0
Year 1 Dec 14 7:00 PM,0,,0,#DIV/0!,0,,,0,,0
Year 1 Dec 14 8:00 PM,0,,0,#DIV/0!,0,,,0,,0
Year 1 Dec 14 9:00 PM,0,,0,#DIV/0!,0,,,0,,0
Year 1 Dec 14 10:00 PM,0,,0,#DIV/0!,0,,,0,,0
Year 1 Dec 14 11:00 PM,0,,0,#DIV/0!,0,,,0,,0
Year 1 Dec 15 12:00 AM,0,,0,#DIV/0!,0,,,0,,0
Year 1 Dec 15 1:00 AM,0,,0,#DIV/0!,0,,,0,,0
Year 1 Dec 15 2:00 AM,0,,0,#DIV/0!,0,,,0,,0
Year 1 Dec 15 3:00 AM,0,,0,#DIV/0!,0,,,0,,0
Year 1 Dec 15 4:00 AM,0,,0,#DIV/0!,0,,,0,,0
Year 1 Dec 15 5:00 AM,0,,0,#DIV/0!,0,,,0,,0
Year 1 Dec 15 6:00 AM,0,,0,#DIV/0!,0,,,0,,0
Year 1 Dec 15 7:00 AM,0,,0,#DIV/0!,0,,,0,,0
Year 1 Dec 15 8:00 AM,17.29783761,,17.29776738,0.99999594,7.02294E-05,,,17.29783761,,0
Year 1 Dec 15 9:00 AM,98.99260587,,98.99222888,0.999996192,0.000376987,,,98.99260587,,0
Year 1 Dec 15 10:00 AM,184.3953645,,184.3939173,0.999992152,0.001447172,,,184.3953645,,0
Year 1 Dec 15 11:00 AM,254.4551118,,254.4550739,0.999999851,3.7918E-05,,,254.4551118,,0
Year 1 Dec 15 12:00 PM,315.1948471,,315.1943807,0.99999852,0.00046642,,,315.1948471,,0
Year 1 Dec 15 1:00 PM,295.5760139,,141.1030564,0.477383312,154.4729574,,,295.5760139,,0
Year 1 Dec 15 2:00 PM,229.8666327,,38.19626134,0.166167055,191.6703714,,,229.8666327,,0
Year 1 Dec 15 3:00 PM,148.5581805,,32.22349138,0.216908226,116.3346891,,,148.5581805,,0
Year 1 Dec 15 4:00 PM,53.68721945,,15.33902641,0.285710949,38.34819305,,,53.68721945,,0
Year 1 Dec 15 5:00 PM,2.020287066,,1.221267506,0.604501967,0.799019561,,,2.020287066,,0
Year 1 Dec 15 6:00 PM,0,,0,#DIV/0!,0,,,0,,0
Year 1 Dec 15 7:00 PM,0,,0,#DIV/0!,0,,,0,,0
Year 1 Dec 15 8:00 PM,0,,0,#DIV/0!,0,,,0,,0
Year 1 Dec 15 9:00 PM,0,,0,#DIV/0!,0,,,0,,0
Year 1 Dec 15 10:00 PM,0,,0,#DIV/0!,0,,,0,,0
Year 1 Dec 15 11:00 PM,0,,0,#DIV/0!,0,,,0,,0
Year 1 Dec 16 12:00 AM,0,,0,#DIV/0!,0,,,0,,0
Year 1 Dec 16 1:00 AM,0,,0,#DIV/0!,0,,,0,,0
Year 1 Dec 16 2:00 AM,0,,0,#DIV/0!,0,,,0,,0
Year 1 Dec 16 3:00 AM,0,,0,#DIV/0!,0,,,0,,0
Year 1 Dec 16 4:00 AM,0,,0,#DIV/0!,0,,,0,,0
Year 1 Dec 16 5:00 AM,0,,0,#DIV/0!,0,,,0,,0
Year 1 Dec 16 6:00 AM,0,,0,#DIV/0!,0,,,0,,0
Year 1 Dec 16 7:00 AM,0,,0,#DIV/0!,0,,,0,,0
Year 1 Dec 16 8:00 AM,25.23943023,,25.23924408,0.999992625,0.00018615,,,25.23943023,,0
Year 1 Dec 16 9:00 AM,134.0553362,,134.0547114,0.999995339,0.000624809,,,134.0553362,,0
Year 1 Dec 16 10:00 AM,255.559825,,255.5575641,0.999991153,0.002260843,,,255.559825,,0
Year 1 Dec 16 11:00 AM,288.5182617,,288.5182136,0.999999833,4.80932E-05,,,288.5182617,,0
Year 1 Dec 16 12:00 PM,160.9276049,,160.9273919,0.999998676,0.000213013,,,160.9276049,,0
Year 1 Dec 16 1:00 PM,164.1864883,,118.442305,0.721388869,45.74418325,,,164.1864883,,0
Year 1 Dec 16 2:00 PM,81.42951174,,63.48668347,0.779652022,17.94282827,,,81.42951174,,0
Year 1 Dec 16 3:00 PM,57.11712893,,47.96158108,0.839705741,9.155547855,,,57.11712893,,0
Year 1 Dec 16 4:00 PM,19.21934717,,17.89982669,0.931344157,1.319520475,,,19.21934717,,0
Year 1 Dec 16 5:00 PM,1.092893456,,1.030850642,0.943230684,0.062042814,,,1.092893456,,0
Year 1 Dec 16 6:00 PM,0,,0,#DIV/0!,0,,,0,,0
Year 1 Dec 16 7:00 PM,0,,0,#DIV/0!,0,,,0,,0
Year 1 Dec 16 8:00 PM,0,,0,#DIV/0!,0,,,0,,0
Year 1 Dec 16 9:00 PM,0,,0,#DIV/0!,0,,,0,,0
Year 1 Dec 16 10:00 PM,0,,0,#DIV/0!,0,,,0,,0
Year 1 Dec 16 11:00 PM,0,,0,#DIV/0!,0,,,0,,0
Year 1 Dec 17 12:00 AM,0,,0,#DIV/0!,0,,,0,,0
Year 1 Dec 17 1:00 AM,0,,0,#DIV/0!,0,,,0,,0
Year 1 Dec 17 2:00 AM,0,,0,#DIV/0!,0,,,0,,0
Year 1 Dec 17 3:00 AM,0,,0,#DIV/0!,0,,,0,,0
Year 1 Dec 17 4:00 AM,0,,0,#DIV/0!,0,,,0,,0
Year 1 Dec 17 5:00 AM,0,,0,#DIV/0!,0,,,0,,0
Year 1 Dec 17 6:00 AM,0,,0,#DIV/0!,0,,,0,,0
Year 1 Dec 17 7:00 AM,0,,0,#DIV/0!,0,,,0,,0
Year 1 Dec 17 8:00 AM,6.629912932,,6.629903389,0.999998561,9.54277E-06,,,6.629912932,,0
Year 1 Dec 17 9:00 AM,35.15832468,,35.15827213,0.999998505,5.2554E-05,,,35.15832468,,0
Year 1 Dec 17 10:00 AM,87.04167944,,87.04144333,0.999997287,0.000236106,,,87.04167944,,0
Year 1 Dec 17 11:00 AM,75.37152874,,75.37151111,0.999999766,1.76296E-05,,,75.37152874,,0
Year 1 Dec 17 12:00 PM,78.55317152,,78.55313685,0.999999559,3.46716E-05,,,78.55317152,,0
Year 1 Dec 17 1:00 PM,84.53279063,,77.7288163,0.919510828,6.803974334,,,84.53279063,,0
Year 1 Dec 17 2:00 PM,67.81345015,,60.50094466,0.892167329,7.31250549,,,67.81345015,,0
Year 1 Dec 17 3:00 PM,50.0183791,,44.0573878,0.880823981,5.960991309,,,50.0183791,,0
Year 1 Dec 17 4:00 PM,28.40075441,,22.53961867,0.793627463,5.861135742,,,28.40075441,,0
Year 1 Dec 17 5:00 PM,2.134443581,,1.566091418,0.733723501,0.568352163,,,2.134443581,,0
Year 1 Dec 17 6:00 PM,0,,0,#DIV/0!,0,,,0,,0
Year 1 Dec 17 7:00 PM,0,,0,#DIV/0!,0,,,0,,0
Year 1 Dec 17 8:00 PM,0,,0,#DIV/0!,0,,,0,,0
Year 1 Dec 17 9:00 PM,0,,0,#DIV/0!,0,,,0,,0
Year 1 Dec 17 10:00 PM,0,,0,#DIV/0!,0,,,0,,0
Year 1 Dec 17 11:00 PM,0,,0,#DIV/0!,0,,,0,,0
Year 1 Dec 18 12:00 AM,0,,0,#DIV/0!,0,,,0,,0
Year 1 Dec 18 1:00 AM,0,,0,#DIV/0!,0,,,0,,0
Year 1 Dec 18 2:00 AM,0,,0,#DIV/0!,0,,,0,,0
Year 1 Dec 18 3:00 AM,0,,0,#DIV/0!,0,,,0,,0
Year 1 Dec 18 4:00 AM,0,,0,#DIV/0!,0,,,0,,0
Year 1 Dec 18 5:00 AM,0,,0,#DIV/0!,0,,,0,,0
Year 1 Dec 18 6:00 AM,0,,0,#DIV/0!,0,,,0,,0
Year 1 Dec 18 7:00 AM,0,,0,#DIV/0!,0,,,0,,0
Year 1 Dec 18 8:00 AM,22.36032472,,22.36018891,0.999993926,0.000135809,,,22.36032472,,0
Year 1 Dec 18 9:00 AM,123.6937278,,123.6931799,0.99999557,0.000547915,,,123.6937278,,0
Year 1 Dec 18 10:00 AM,241.4516438,,241.4494375,0.999990862,0.002206298,,,241.4516438,,0
Year 1 Dec 18 11:00 AM,338.1459283,,338.1458809,0.99999986,4.73813E-05,,,338.1459283,,0
Year 1 Dec 18 12:00 PM,380.5084361,,380.5078252,0.999998394,0.000610914,,,380.5084361,,0
Year 1 Dec 18 1:00 PM,362.5669427,,156.7818656,0.432421843,205.7850771,,,362.5669427,,0
Year 1 Dec 18 2:00 PM,291.8534962,,23.86876464,0.081783377,267.9847316,,,291.8534962,,0
Year 1 Dec 18 3:00 PM,176.2205393,,20.67087684,0.117301178,155.5496624,,,176.2205393,,0
Year 1 Dec 18 4:00 PM,56.95626633,,14.51216666,0.254794908,42.44409967,,,56.95626633,,0
Year 1 Dec 18 5:00 PM,2.132187489,,1.30119927,0.61026494,0.830988219,,,2.132187489,,0
Year 1 Dec 18 6:00 PM,0,,0,#DIV/0!,0,,,0,,0
Year 1 Dec 18 7:00 PM,0,,0,#DIV/0!,0,,,0,,0
Year 1 Dec 18 8:00 PM,0,,0,#DIV/0!,0,,,0,,0
Year 1 Dec 18 9:00 PM,0,,0,#DIV/0!,0,,,0,,0
Year 1 Dec 18 10:00 PM,0,,0,#DIV/0!,0,,,0,,0
Year 1 Dec 18 11:00 PM,0,,0,#DIV/0!,0,,,0,,0
Year 1 Dec 19 12:00 AM,0,,0,#DIV/0!,0,,,0,,0
Year 1 Dec 19 1:00 AM,0,,0,#DIV/0!,0,,,0,,0
Year 1 Dec 19 2:00 AM,0,,0,#DIV/0!,0,,,0,,0
Year 1 Dec 19 3:00 AM,0,,0,#DIV/0!,0,,,0,,0
Year 1 Dec 19 4:00 AM,0,,0,#DIV/0!,0,,,0,,0
Year 1 Dec 19 5:00 AM,0,,0,#DIV/0!,0,,,0,,0
Year 1 Dec 19 6:00 AM,0,,0,#DIV/0!,0,,,0,,0
Year 1 Dec 19 7:00 AM,0,,0,#DIV/0!,0,,,0,,0
Year 1 Dec 19 8:00 AM,24.67591809,,24.67572578,0.999992207,0.000192311,,,24.67591809,,0
Year 1 Dec 19 9:00 AM,142.3128893,,142.3122273,0.999995348,0.000661975,,,142.3128893,,0
Year 1 Dec 19 10:00 AM,271.0942936,,271.0917788,0.999990724,0.002514752,,,271.0942936,,0
Year 1 Dec 19 11:00 AM,363.1866871,,363.1866367,0.999999861,5.03917E-05,,,363.1866871,,0
Year 1 Dec 19 12:00 PM,391.8917823,,391.8911269,0.999998328,0.000655387,,,391.8917823,,0
Year 1 Dec 19 1:00 PM,338.8603276,,152.520582,0.450098668,186.3397457,,,338.8603276,,0
Year 1 Dec 19 2:00 PM,291.9161953,,24.67829684,0.084538978,267.2378985,,,291.9161953,,0
Year 1 Dec 19 3:00 PM,184.608525,,16.79421091,0.090972023,167.8143141,,,184.608525,,0
Year 1 Dec 19 4:00 PM,66.65081964,,9.732210375,0.146017865,56.91860927,,,66.65081964,,0
Year 1 Dec 19 5:00 PM,1.945299535,,0.95494874,0.490900616,0.990350795,,,1.945299535,,0
Year 1 Dec 19 6:00 PM,0,,0,#DIV/0!,0,,,0,,0
Year 1 Dec 19 7:00 PM,0,,0,#DIV/0!,0,,,0,,0
Year 1 Dec 19 8:00 PM,0,,0,#DIV/0!,0,,,0,,0
Year 1 Dec 19 9:00 PM,0,,0,#DIV/0!,0,,,0,,0
Year 1 Dec 19 10:00 PM,0,,0,#DIV/0!,0,,,0,,0
Year 1 Dec 19 11:00 PM,0,,0,#DIV/0!,0,,,0,,0
Year 1 Dec 20 12:00 AM,0,,0,#DIV/0!,0,,,0,,0
Year 1 Dec 20 1:00 AM,0,,0,#DIV/0!,0,,,0,,0
Year 1 Dec 20 2:00 AM,0,,0,#DIV/0!,0,,,0,,0
Year 1 Dec 20 3:00 AM,0,,0,#DIV/0!,0,,,0,,0
Year 1 Dec 20 4:00 AM,0,,0,#DIV/0!,0,,,0,,0
Year 1 Dec 20 5:00 AM,0,,0,#DIV/0!,0,,,0,,0
Year 1 Dec 20 6:00 AM,0,,0,#DIV/0!,0,,,0,,0
Year 1 Dec 20 7:00 AM,0,,0,#DIV/0!,0,,,0,,0
Year 1 Dec 20 8:00 AM,21.27255926,,21.27241189,0.999993072,0.000147367,,,21.27255926,,0
Year 1 Dec 20 9:00 AM,105.7565995,,105.7561449,0.999995701,0.000454612,,,105.7565995,,0
Year 1 Dec 20 10:00 AM,221.7225696,,221.7205225,0.999990767,0.002047169,,,221.7225696,,0
Year 1 Dec 20 11:00 AM,325.5218865,,325.5218398,0.999999856,4.67215E-05,,,325.5218865,,0
Year 1 Dec 20 12:00 PM,341.9306269,,341.9300803,0.999998402,0.000546551,,,341.9306269,,0
Year 1 Dec 20 1:00 PM,311.7175291,,143.803127,0.461325122,167.9144021,,,311.7175291,,0
Year 1 Dec 20 2:00 PM,277.0153945,,29.47058369,0.106386086,247.5448108,,,277.0153945,,0
Year 1 Dec 20 3:00 PM,154.1959192,,32.16915191,0.208625183,122.0267673,,,154.1959192,,0
Year 1 Dec 20 4:00 PM,52.45009643,,19.72820894,0.376132939,32.72188749,,,52.45009643,,0
Year 1 Dec 20 5:00 PM,2.553881666,,1.649666044,0.645944589,0.904215623,,,2.553881666,,0
Year 1 Dec 20 6:00 PM,0,,0,#DIV/0!,0,,,0,,0
Year 1 Dec 20 7:00 PM,0,,0,#DIV/0!,0,,,0,,0
Year 1 Dec 20 8:00 PM,0,,0,#DIV/0!,0,,,0,,0
Year 1 Dec 20 9:00 PM,0,,0,#DIV/0!,0,,,0,,0
Year 1 Dec 20 10:00 PM,0,,0,#DIV/0!,0,,,0,,0
Year 1 Dec 20 11:00 PM,0,,0,#DIV/0!,0,,,0,,0
Year 1 Dec 21 12:00 AM,0,,0,#DIV/0!,0,,,0,,0
Year 1 Dec 21 1:00 AM,0,,0,#DIV/0!,0,,,0,,0
Year 1 Dec 21 2:00 AM,0,,0,#DIV/0!,0,,,0,,0
Year 1 Dec 21 3:00 AM,0,,0,#DIV/0!,0,,,0,,0
Year 1 Dec 21 4:00 AM,0,,0,#DIV/0!,0,,,0,,0
Year 1 Dec 21 5:00 AM,0,,0,#DIV/0!,0,,,0,,0
Year 1 Dec 21 6:00 AM,0,,0,#DIV/0!,0,,,0,,0
Year 1 Dec 21 7:00 AM,0,,0,#DIV/0!,0,,,0,,0
Year 1 Dec 21 8:00 AM,8.696539611,,8.696532882,0.999999226,6.72836E-06,,,8.696539611,,0
Year 1 Dec 21 9:00 AM,37.61679814,,37.61676755,0.999999187,3.0597E-05,,,37.61679814,,0
Year 1 Dec 21 10:00 AM,76.94617965,,76.94600088,0.999997677,0.000178774,,,76.94617965,,0
Year 1 Dec 21 11:00 AM,115.9492898,,115.9492632,0.99999977,2.66119E-05,,,115.9492898,,0
Year 1 Dec 21 12:00 PM,93.06480089,,93.06475746,0.999999533,4.34324E-05,,,93.06480089,,0
Year 1 Dec 21 1:00 PM,101.0640912,,89.8792677,0.889329401,11.18482352,,,101.0640912,,0
Year 1 Dec 21 2:00 PM,84.65598663,,71.12117856,0.840119895,13.53480807,,,84.65598663,,0
Year 1 Dec 21 3:00 PM,55.30758784,,48.22180693,0.871884109,7.085780914,,,55.30758784,,0
Year 1 Dec 21 4:00 PM,25.22756881,,22.68692287,0.899290892,2.54064594,,,25.22756881,,0
Year 1 Dec 21 5:00 PM,1.918066009,,1.598904807,0.833602598,0.319161202,,,1.918066009,,0
Year 1 Dec 21 6:00 PM,0,,0,#DIV/0!,0,,,0,,0
Year 1 Dec 21 7:00 PM,0,,0,#DIV/0!,0,,,0,,0
Year 1 Dec 21 8:00 PM,0,,0,#DIV/0!,0,,,0,,0
Year 1 Dec 21 9:00 PM,0,,0,#DIV/0!,0,,,0,,0
Year 1 Dec 21 10:00 PM,0,,0,#DIV/0!,0,,,0,,0
Year 1 Dec 21 11:00 PM,0,,0,#DIV/0!,0,,,0,,0
Year 1 Dec 22 12:00 AM,0,,0,#DIV/0!,0,,,0,,0
Year 1 Dec 22 1:00 AM,0,,0,#DIV/0!,0,,,0,,0
Year 1 Dec 22 2:00 AM,0,,0,#DIV/0!,0,,,0,,0
Year 1 Dec 22 3:00 AM,0,,0,#DIV/0!,0,,,0,,0
Year 1 Dec 22 4:00 AM,0,,0,#DIV/0!,0,,,0,,0
Year 1 Dec 22 5:00 AM,0,,0,#DIV/0!,0,,,0,,0
Year 1 Dec 22 6:00 AM,0,,0,#DIV/0!,0,,,0,,0
Year 1 Dec 22 7:00 AM,0,,0,#DIV/0!,0,,,0,,0
Year 1 Dec 22 8:00 AM,10.25480633,,10.25478999,0.999998406,1.63424E-05,,,10.25480633,,0
Year 1 Dec 22 9:00 AM,31.9535049,,31.95347909,0.999999192,2.58064E-05,,,31.9535049,,0
Year 1 Dec 22 10:00 AM,85.48922472,,85.48906285,0.999998107,0.00016187,,,85.48922472,,0
Year 1 Dec 22 11:00 AM,102.6754192,,102.6753955,0.999999769,2.37201E-05,,,102.6754192,,0
Year 1 Dec 22 12:00 PM,117.6833808,,117.6833198,0.999999481,6.10494E-05,,,117.6833808,,0
Year 1 Dec 22 1:00 PM,123.1317447,,106.7900683,0.867282995,16.34167635,,,123.1317447,,0
Year 1 Dec 22 2:00 PM,105.7039554,,83.56317828,0.790539748,22.14077712,,,105.7039554,,0
Year 1 Dec 22 3:00 PM,67.95569677,,56.38820653,0.829778947,11.56749024,,,67.95569677,,0
Year 1 Dec 22 4:00 PM,31.9377086,,27.0573249,0.84719055,4.880383696,,,31.9377086,,0
Year 1 Dec 22 5:00 PM,2.506796182,,1.91066007,0.76219203,0.596136111,,,2.506796182,,0
Year 1 Dec 22 6:00 PM,0,,0,#DIV/0!,0,,,0,,0
Year 1 Dec 22 7:00 PM,0,,0,#DIV/0!,0,,,0,,0
Year 1 Dec 22 8:00 PM,0,,0,#DIV/0!,0,,,0,,0
Year 1 Dec 22 9:00 PM,0,,0,#DIV/0!,0,,,0,,0
Year 1 Dec 22 10:00 PM,0,,0,#DIV/0!,0,,,0,,0
Year 1 Dec 22 11:00 PM,0,,0,#DIV/0!,0,,,0,,0
Year 1 Dec 23 12:00 AM,0,,0,#DIV/0!,0,,,0,,0
Year 1 Dec 23 1:00 AM,0,,0,#DIV/0!,0,,,0,,0
Year 1 Dec 23 2:00 AM,0,,0,#DIV/0!,0,,,0,,0
Year 1 Dec 23 3:00 AM,0,,0,#DIV/0!,0,,,0,,0
Year 1 Dec 23 4:00 AM,0,,0,#DIV/0!,0,,,0,,0
Year 1 Dec 23 5:00 AM,0,,0,#DIV/0!,0,,,0,,0
Year 1 Dec 23 6:00 AM,0,,0,#DIV/0!,0,,,0,,0
Year 1 Dec 23 7:00 AM,0,,0,#DIV/0!,0,,,0,,0
Year 1 Dec 23 8:00 AM,21.58950563,,21.58935799,0.999993162,0.000147633,,,21.58950563,,0
Year 1 Dec 23 9:00 AM,112.1126573,,112.1121566,0.999995534,0.00050069,,,112.1126573,,0
Year 1 Dec 23 10:00 AM,236.968109,,236.9658838,0.99999061,0.002225148,,,236.968109,,0
Year 1 Dec 23 11:00 AM,337.9215798,,337.9215334,0.999999863,4.64109E-05,,,337.9215798,,0
Year 1 Dec 23 12:00 PM,400.9107418,,400.9100885,0.999998371,0.000653225,,,400.9107418,,0
Year 1 Dec 23 1:00 PM,384.0104392,,159.7791945,0.416080341,224.2312448,,,384.0104392,,0
Year 1 Dec 23 2:00 PM,315.5905839,,15.79892848,0.05006147,299.7916554,,,315.5905839,,0
Year 1 Dec 23 3:00 PM,200.4000912,,13.04818202,0.065110659,187.3519091,,,200.4000912,,0
Year 1 Dec 23 4:00 PM,70.14170846,,8.845859299,0.126114112,61.29584916,,,70.14170846,,0
Year 1 Dec 23 5:00 PM,1.93535637,,0.935128224,0.483181412,1.000228147,,,1.93535637,,0
Year 1 Dec 23 6:00 PM,0,,0,#DIV/0!,0,,,0,,0
Year 1 Dec 23 7:00 PM,0,,0,#DIV/0!,0,,,0,,0
Year 1 Dec 23 8:00 PM,0,,0,#DIV/0!,0,,,0,,0
Year 1 Dec 23 9:00 PM,0,,0,#DIV/0!,0,,,0,,0
Year 1 Dec 23 10:00 PM,0,,0,#DIV/0!,0,,,0,,0
Year 1 Dec 23 11:00 PM,0,,0,#DIV/0!,0,,,0,,0
Year 1 Dec 24 12:00 AM,0,,0,#DIV/0!,0,,,0,,0
Year 1 Dec 24 1:00 AM,0,,0,#DIV/0!,0,,,0,,0
Year 1 Dec 24 2:00 AM,0,,0,#DIV/0!,0,,,0,,0
Year 1 Dec 24 3:00 AM,0,,0,#DIV/0!,0,,,0,,0
Year 1 Dec 24 4:00 AM,0,,0,#DIV/0!,0,,,0,,0
Year 1 Dec 24 5:00 AM,0,,0,#DIV/0!,0,,,0,,0
Year 1 Dec 24 6:00 AM,0,,0,#DIV/0!,0,,,0,,0
Year 1 Dec 24 7:00 AM,0,,0,#DIV/0!,0,,,0,,0
Year 1 Dec 24 8:00 AM,18.48033693,,18.48021882,0.999993609,0.000118112,,,18.48033693,,0
Year 1 Dec 24 9:00 AM,125.8302856,,125.8297077,0.999995408,0.000577838,,,125.8302856,,0
Year 1 Dec 24 10:00 AM,250.4153479,,250.4130335,0.999990758,0.002314365,,,250.4153479,,0
Year 1 Dec 24 11:00 AM,345.3370348,,345.3369868,0.999999861,4.79877E-05,,,345.3370348,,0
Year 1 Dec 24 12:00 PM,386.0732813,,386.0726547,0.999998377,0.00062662,,,386.0732813,,0
Year 1 Dec 24 1:00 PM,369.785269,,156.674486,0.423690447,213.110783,,,369.785269,,0
Year 1 Dec 24 2:00 PM,299.4229135,,19.72759383,0.065885385,279.6953197,,,299.4229135,,0
Year 1 Dec 24 3:00 PM,184.3475171,,17.0358215,0.092411451,167.3116956,,,184.3475171,,0
Year 1 Dec 24 4:00 PM,62.87511524,,11.62936393,0.184959723,51.24575132,,,62.87511524,,0
Year 1 Dec 24 5:00 PM,2.095456711,,1.22644867,0.585289433,0.869008042,,,2.095456711,,0
Year 1 Dec 24 6:00 PM,0,,0,#DIV/0!,0,,,0,,0
Year 1 Dec 24 7:00 PM,0,,0,#DIV/0!,0,,,0,,0
Year 1 Dec 24 8:00 PM,0,,0,#DIV/0!,0,,,0,,0
Year 1 Dec 24 9:00 PM,0,,0,#DIV/0!,0,,,0,,0
Year 1 Dec 24 10:00 PM,0,,0,#DIV/0!,0,,,0,,0
Year 1 Dec 24 11:00 PM,0,,0,#DIV/0!,0,,,0,,0
Year 1 Dec 25 12:00 AM,0,,0,#DIV/0!,0,,,0,,0
Year 1 Dec 25 1:00 AM,0,,0,#DIV/0!,0,,,0,,0
Year 1 Dec 25 2:00 AM,0,,0,#DIV/0!,0,,,0,,0
Year 1 Dec 25 3:00 AM,0,,0,#DIV/0!,0,,,0,,0
Year 1 Dec 25 4:00 AM,0,,0,#DIV/0!,0,,,0,,0
Year 1 Dec 25 5:00 AM,0,,0,#DIV/0!,0,,,0,,0
Year 1 Dec 25 6:00 AM,0,,0,#DIV/0!,0,,,0,,0
Year 1 Dec 25 7:00 AM,0,,0,#DIV/0!,0,,,0,,0
Year 1 Dec 25 8:00 AM,19.70688494,,19.70676061,0.999993691,0.000124331,,,19.70688494,,0
Year 1 Dec 25 9:00 AM,112.3310811,,112.3305774,0.999995516,0.00050367,,,112.3310811,,0
Year 1 Dec 25 10:00 AM,234.9957841,,234.9936182,0.999990784,0.002165806,,,234.9957841,,0
Year 1 Dec 25 11:00 AM,332.326462,,332.3264156,0.99999986,4.64415E-05,,,332.326462,,0
Year 1 Dec 25 12:00 PM,375.3490159,,375.3484126,0.999998393,0.000603319,,,375.3490159,,0
Year 1 Dec 25 1:00 PM,342.4485174,,158.1104142,0.461705647,184.3381032,,,342.4485174,,0
Year 1 Dec 25 2:00 PM,216.8750735,,47.5128649,0.219079418,169.3622086,,,216.8750735,,0
Year 1 Dec 25 3:00 PM,142.448629,,26.55002218,0.186383136,115.8986068,,,142.448629,,0
Year 1 Dec 25 4:00 PM,47.69741473,,18.52805832,0.388449949,29.16935641,,,47.69741473,,0
Year 1 Dec 25 5:00 PM,2.24315106,,1.496689179,0.667226209,0.746461881,,,2.24315106,,0
Year 1 Dec 25 6:00 PM,0,,0,#DIV/0!,0,,,0,,0
Year 1 Dec 25 7:00 PM,0,,0,#DIV/0!,0,,,0,,0
Year 1 Dec 25 8:00 PM,0,,0,#DIV/0!,0,,,0,,0
Year 1 Dec 25 9:00 PM,0,,0,#DIV/0!,0,,,0,,0
Year 1 Dec 25 10:00 PM,0,,0,#DIV/0!,0,,,0,,0
Year 1 Dec 25 11:00 PM,0,,0,#DIV/0!,0,,,0,,0
Year 1 Dec 26 12:00 AM,0,,0,#DIV/0!,0,,,0,,0
Year 1 Dec 26 1:00 AM,0,,0,#DIV/0!,0,,,0,,0
Year 1 Dec 26 2:00 AM,0,,0,#DIV/0!,0,,,0,,0
Year 1 Dec 26 3:00 AM,0,,0,#DIV/0!,0,,,0,,0
Year 1 Dec 26 4:00 AM,0,,0,#DIV/0!,0,,,0,,0
Year 1 Dec 26 5:00 AM,0,,0,#DIV/0!,0,,,0,,0
Year 1 Dec 26 6:00 AM,0,,0,#DIV/0!,0,,,0,,0
Year 1 Dec 26 7:00 AM,0,,0,#DIV/0!,0,,,0,,0
Year 1 Dec 26 8:00 AM,12.19850688,,12.19847307,0.999997229,3.38053E-05,,,12.19850688,,0
Year 1 Dec 26 9:00 AM,37.43703345,,37.43700367,0.999999205,2.97808E-05,,,37.43703345,,0
Year 1 Dec 26 10:00 AM,71.25502017,,71.25489458,0.999998237,0.000125592,,,71.25502017,,0
Year 1 Dec 26 11:00 AM,90.59588425,,90.59586357,0.999999772,2.06786E-05,,,90.59588425,,0
Year 1 Dec 26 12:00 PM,113.9488053,,113.9487413,0.999999438,6.40038E-05,,,113.9488053,,0
Year 1 Dec 26 1:00 PM,102.5883864,,91.48945254,0.891811011,11.09893384,,,102.5883864,,0
Year 1 Dec 26 2:00 PM,84.78647091,,71.35337436,0.841565566,13.43309656,,,84.78647091,,0
Year 1 Dec 26 3:00 PM,62.06903021,,52.26582523,0.84205964,9.803204979,,,62.06903021,,0
Year 1 Dec 26 4:00 PM,29.29186156,,23.47816283,0.801525119,5.813698735,,,29.29186156,,0
Year 1 Dec 26 5:00 PM,2.185093143,,1.710848093,0.782963463,0.47424505,,,2.185093143,,0
Year 1 Dec 26 6:00 PM,0,,0,#DIV/0!,0,,,0,,0
Year 1 Dec 26 7:00 PM,0,,0,#DIV/0!,0,,,0,,0
Year 1 Dec 26 8:00 PM,0,,0,#DIV/0!,0,,,0,,0
Year 1 Dec 26 9:00 PM,0,,0,#DIV/0!,0,,,0,,0
Year 1 Dec 26 10:00 PM,0,,0,#DIV/0!,0,,,0,,0
Year 1 Dec 26 11:00 PM,0,,0,#DIV/0!,0,,,0,,0
Year 1 Dec 27 12:00 AM,0,,0,#DIV/0!,0,,,0,,0
Year 1 Dec 27 1:00 AM,0,,0,#DIV/0!,0,,,0,,0
Year 1 Dec 27 2:00 AM,0,,0,#DIV/0!,0,,,0,,0
Year 1 Dec 27 3:00 AM,0,,0,#DIV/0!,0,,,0,,0
Year 1 Dec 27 4:00 AM,0,,0,#DIV/0!,0,,,0,,0
Year 1 Dec 27 5:00 AM,0,,0,#DIV/0!,0,,,0,,0
Year 1 Dec 27 6:00 AM,0,,0,#DIV/0!,0,,,0,,0
Year 1 Dec 27 7:00 AM,0,,0,#DIV/0!,0,,,0,,0
Year 1 Dec 27 8:00 AM,6.360707395,,6.360705844,0.999999756,1.55109E-06,,,6.360707395,,0
Year 1 Dec 27 9:00 AM,30.64718742,,30.64715846,0.999999055,2.89535E-05,,,30.64718742,,0
Year 1 Dec 27 10:00 AM,75.57533282,,75.57531704,0.999999791,1.57739E-05,,,75.57533282,,0
Year 1 Dec 27 11:00 AM,96.5313641,,96.53026655,0.99998863,0.001097551,,,96.5313641,,0
Year 1 Dec 27 12:00 PM,109.0243483,,109.0241154,0.999997863,0.000232958,,,109.0243483,,0
Year 1 Dec 27 1:00 PM,152.5153751,,121.3779852,0.795840977,31.13738994,,,152.5153751,,0
Year 1 Dec 27 2:00 PM,85.81441092,,67.75326911,0.789532532,18.06114181,,,85.81441092,,0
Year 1 Dec 27 3:00 PM,43.32405548,,39.42745109,0.910059103,3.896604395,,,43.32405548,,0
Year 1 Dec 27 4:00 PM,23.15997286,,21.18115683,0.914558793,1.978816026,,,23.15997286,,0
Year 1 Dec 27 5:00 PM,3.143323405,,2.56816365,0.817021769,0.575159755,,,3.143323405,,0
Year 1 Dec 27 6:00 PM,0,,0,#DIV/0!,0,,,0,,0
Year 1 Dec 27 7:00 PM,0,,0,#DIV/0!,0,,,0,,0
Year 1 Dec 27 8:00 PM,0,,0,#DIV/0!,0,,,0,,0
Year 1 Dec 27 9:00 PM,0,,0,#DIV/0!,0,,,0,,0
Year 1 Dec 27 10:00 PM,0,,0,#DIV/0!,0,,,0,,0
Year 1 Dec 27 11:00 PM,0,,0,#DIV/0!,0,,,0,,0
Year 1 Dec 28 12:00 AM,0,,0,#DIV/0!,0,,,0,,0
Year 1 Dec 28 1:00 AM,0,,0,#DIV/0!,0,,,0,,0
Year 1 Dec 28 2:00 AM,0,,0,#DIV/0!,0,,,0,,0
Year 1 Dec 28 3:00 AM,0,,0,#DIV/0!,0,,,0,,0
Year 1 Dec 28 4:00 AM,0,,0,#DIV/0!,0,,,0,,0
Year 1 Dec 28 5:00 AM,0,,0,#DIV/0!,0,,,0,,0
Year 1 Dec 28 6:00 AM,0,,0,#DIV/0!,0,,,0,,0
Year 1 Dec 28 7:00 AM,0,,0,#DIV/0!,0,,,0,,0
Year 1 Dec 28 8:00 AM,7.727508578,,7.72750671,0.999999758,1.86738E-06,,,7.727508578,,0
Year 1 Dec 28 9:00 AM,32.23173259,,32.23171089,0.999999327,2.16978E-05,,,32.23173259,,0
Year 1 Dec 28 10:00 AM,58.873979,,58.87396596,0.999999778,1.30417E-05,,,58.873979,,0
Year 1 Dec 28 11:00 AM,107.7904206,,107.7890468,0.999987255,0.001373809,,,107.7904206,,0
Year 1 Dec 28 12:00 PM,121.7189074,,121.7186305,0.999997726,0.000276831,,,121.7189074,,0
Year 1 Dec 28 1:00 PM,135.9360514,,105.9995219,0.779774907,29.93652951,,,135.9360514,,0
Year 1 Dec 28 2:00 PM,133.7144463,,73.63328829,0.55067564,60.081158,,,133.7144463,,0
Year 1 Dec 28 3:00 PM,119.0380267,,45.05915904,0.378527436,73.97886762,,,119.0380267,,0
Year 1 Dec 28 4:00 PM,44.29314388,,25.10260086,0.566737844,19.19054303,,,44.29314388,,0
Year 1 Dec 28 5:00 PM,3.964302414,,2.910103709,0.734077123,1.054198705,,,3.964302414,,0
Year 1 Dec 28 6:00 PM,0,,0,#DIV/0!,0,,,0,,0
Year 1 Dec 28 7:00 PM,0,,0,#DIV/0!,0,,,0,,0
Year 1 Dec 28 8:00 PM,0,,0,#DIV/0!,0,,,0,,0
Year 1 Dec 28 9:00 PM,0,,0,#DIV/0!,0,,,0,,0
Year 1 Dec 28 10:00 PM,0,,0,#DIV/0!,0,,,0,,0
Year 1 Dec 28 11:00 PM,0,,0,#DIV/0!,0,,,0,,0
Year 1 Dec 29 12:00 AM,0,,0,#DIV/0!,0,,,0,,0
Year 1 Dec 29 1:00 AM,0,,0,#DIV/0!,0,,,0,,0
Year 1 Dec 29 2:00 AM,0,,0,#DIV/0!,0,,,0,,0
Year 1 Dec 29 3:00 AM,0,,0,#DIV/0!,0,,,0,,0
Year 1 Dec 29 4:00 AM,0,,0,#DIV/0!,0,,,0,,0
Year 1 Dec 29 5:00 AM,0,,0,#DIV/0!,0,,,0,,0
Year 1 Dec 29 6:00 AM,0,,0,#DIV/0!,0,,,0,,0
Year 1 Dec 29 7:00 AM,0,,0,#DIV/0!,0,,,0,,0
Year 1 Dec 29 8:00 AM,19.83614548,,19.83614412,0.999999932,1.35821E-06,,,19.83614548,,0
Year 1 Dec 29 9:00 AM,129.6466151,,129.64588,0.99999433,0.000735129,,,129.6466151,,0
Year 1 Dec 29 10:00 AM,257.5553791,,257.5553751,0.999999984,4.00874E-06,,,257.5553791,,0
Year 1 Dec 29 11:00 AM,354.2463164,,354.227316,0.999946364,0.019000426,,,354.2463164,,0
Year 1 Dec 29 12:00 PM,399.608297,,399.6054983,0.999992996,0.002798737,,,399.608297,,0
Year 1 Dec 29 1:00 PM,387.4317608,,203.6803713,0.525719344,183.7513895,,,387.4317608,,0
Year 1 Dec 29 2:00 PM,321.7952237,,18.64571368,0.057942792,303.14951,,,321.7952237,,0
Year 1 Dec 29 3:00 PM,203.0025629,,16.4559,0.081062523,186.5466629,,,203.0025629,,0
Year 1 Dec 29 4:00 PM,67.47062209,,16.02468314,0.237506083,51.44593895,,,67.47062209,,0
Year 1 Dec 29 5:00 PM,4.718017721,,2.892043651,0.612978548,1.82597407,,,4.718017721,,0
Year 1 Dec 29 6:00 PM,0,,0,#DIV/0!,0,,,0,,0
Year 1 Dec 29 7:00 PM,0,,0,#DIV/0!,0,,,0,,0
Year 1 Dec 29 8:00 PM,0,,0,#DIV/0!,0,,,0,,0
Year 1 Dec 29 9:00 PM,0,,0,#DIV/0!,0,,,0,,0
Year 1 Dec 29 10:00 PM,0,,0,#DIV/0!,0,,,0,,0
Year 1 Dec 29 11:00 PM,0,,0,#DIV/0!,0,,,0,,0
Year 1 Dec 30 12:00 AM,0,,0,#DIV/0!,0,,,0,,0
Year 1 Dec 30 1:00 AM,0,,0,#DIV/0!,0,,,0,,0
Year 1 Dec 30 2:00 AM,0,,0,#DIV/0!,0,,,0,,0
Year 1 Dec 30 3:00 AM,0,,0,#DIV/0!,0,,,0,,0
Year 1 Dec 30 4:00 AM,0,,0,#DIV/0!,0,,,0,,0
Year 1 Dec 30 5:00 AM,0,,0,#DIV/0!,0,,,0,,0
Year 1 Dec 30 6:00 AM,0,,0,#DIV/0!,0,,,0,,0
Year 1 Dec 30 7:00 AM,0,,0,#DIV/0!,0,,,0,,0
Year 1 Dec 30 8:00 AM,13.09205257,,13.09205045,0.999999838,2.12076E-06,,,13.09205257,,0
Year 1 Dec 30 9:00 AM,58.8264554,,58.82628176,0.999997048,0.000173641,,,58.8264554,,0
Year 1 Dec 30 10:00 AM,105.3115058,,105.3114934,0.999999882,1.24062E-05,,,105.3115058,,0
Year 1 Dec 30 11:00 AM,181.4993418,,181.4920508,0.999959829,0.007291038,,,181.4993418,,0
Year 1 Dec 30 12:00 PM,190.3761542,,190.3752354,0.999995174,0.000918806,,,190.3761542,,0
Year 1 Dec 30 1:00 PM,107.3789879,,99.30384729,0.924797758,8.07514063,,,107.3789879,,0
Year 1 Dec 30 2:00 PM,74.34856204,,65.12226052,0.875904775,9.226301521,,,74.34856204,,0
Year 1 Dec 30 3:00 PM,58.71917563,,50.16724034,0.85435873,8.551935287,,,58.71917563,,0
Year 1 Dec 30 4:00 PM,33.84236227,,25.63342972,0.757436184,8.20893255,,,33.84236227,,0
Year 1 Dec 30 5:00 PM,4.149370572,,3.190576233,0.768930173,0.958794339,,,4.149370572,,0
Year 1 Dec 30 6:00 PM,0,,0,#DIV/0!,0,,,0,,0
Year 1 Dec 30 7:00 PM,0,,0,#DIV/0!,0,,,0,,0
Year 1 Dec 30 8:00 PM,0,,0,#DIV/0!,0,,,0,,0
Year 1 Dec 30 9:00 PM,0,,0,#DIV/0!,0,,,0,,0
Year 1 Dec 30 10:00 PM,0,,0,#DIV/0!,0,,,0,,0
Year 1 Dec 30 11:00 PM,0,,0,#DIV/0!,0,,,0,,0
Year 1 Dec 31 12:00 AM,0,,0,#DIV/0!,0,,,0,,0
Year 1 Dec 31 1:00 AM,0,,0,#DIV/0!,0,,,0,,0
Year 1 Dec 31 2:00 AM,0,,0,#DIV/0!,0,,,0,,0
Year 1 Dec 31 3:00 AM,0,,0,#DIV/0!,0,,,0,,0
Year 1 Dec 31 4:00 AM,0,,0,#DIV/0!,0,,,0,,0
Year 1 Dec 31 5:00 AM,0,,0,#DIV/0!,0,,,0,,0
Year 1 Dec 31 6:00 AM,0,,0,#DIV/0!,0,,,0,,0
Year 1 Dec 31 7:00 AM,0,,0,#DIV/0!,0,,,0,,0
Year 1 Dec 31 8:00 AM,8.288531727,,8.288529764,0.999999763,1.96293E-06,,,8.288531727,,0
Year 1 Dec 31 9:00 AM,34.22724454,,34.22721531,0.999999146,2.9234E-05,,,34.22724454,,0
Year 1 Dec 31 10:00 AM,67.13254148,,67.13252699,0.999999784,1.44915E-05,,,67.13254148,,0
Year 1 Dec 31 11:00 AM,90.17848691,,90.17749675,0.99998902,0.000990161,,,90.17848691,,0
Year 1 Dec 31 12:00 PM,72.64109295,,72.64102528,0.999999068,6.76698E-05,,,72.64109295,,0
Year 1 Dec 31 1:00 PM,58.1132463,,56.72043479,0.976032805,1.39281151,,,58.1132463,,0
Year 1 Dec 31 2:00 PM,50.58423953,,48.17955949,0.952461872,2.404680038,,,50.58423953,,0
Year 1 Dec 31 3:00 PM,37.46321819,,35.86514067,0.957342759,1.598077524,,,37.46321819,,0
Year 1 Dec 31 4:00 PM,31.31066868,,27.36345227,0.873933819,3.947216412,,,31.31066868,,0
Year 1 Dec 31 5:00 PM,4.678058262,,3.717505276,0.794668443,0.960552986,,,4.678058262,,0
Year 1 Dec 31 6:00 PM,0,,0,#DIV/0!,0,,,0,,0
Year 1 Dec 31 7:00 PM,0,,0,#DIV/0!,0,,,0,,0
Year 1 Dec 31 8:00 PM,0,,0,#DIV/0!,0,,,0,,0
Year 1 Dec 31 9:00 PM,0,,0,#DIV/0!,0,,,0,,0
Year 1 Dec 31 10:00 PM,0,,0,#DIV/0!,0,,,0,,0
Year 1 Dec 31 11:00 PM,0,,0,#DIV/0!,0,,,0,,0
Year 2 Jan 01 12:00 AM,0,,0,#DIV/0!,0,,,0,,0
,,,,,46.95461496,,,,,0
,,,,,absolute diff,,,,,
