1,"eplusout.eso"

"Date/Time","[1] Surface Outside Face Incident Sky Diffuse Solar Radiation Rate per Area  (W/m2)"
,"ZONE_0:F3:W0"
"Year 1 Jan 01 1:00 AM","0"
"Year 1 Jan 01 2:00 AM","0"
"Year 1 Jan 01 3:00 AM","0"
"Year 1 Jan 01 4:00 AM","0"
"Year 1 Jan 01 5:00 AM","0"
"Year 1 Jan 01 6:00 AM","0"
"Year 1 Jan 01 7:00 AM","0"
"Year 1 Jan 01 8:00 AM","3.64754025484162"
"Year 1 Jan 01 9:00 AM","14.8238532181728"
"Year 1 Jan 01 10:00 AM","20.7191180329883"
"Year 1 Jan 01 11:00 AM","25.2327171729578"
"Year 1 Jan 01 12:00 PM","35.0773672168775"
"Year 1 Jan 01 1:00 PM","37.4789863415436"
"Year 1 Jan 01 2:00 PM","33.1427695782967"
"Year 1 Jan 01 3:00 PM","21.5908495116558"
"Year 1 Jan 01 4:00 PM","9.93237225916961"
"Year 1 Jan 01 5:00 PM","1.16551029158676"
"Year 1 Jan 01 6:00 PM","0"
"Year 1 Jan 01 7:00 PM","0"
"Year 1 Jan 01 8:00 PM","0"
"Year 1 Jan 01 9:00 PM","0"
"Year 1 Jan 01 10:00 PM","0"
"Year 1 Jan 01 11:00 PM","0"
"Year 1 Jan 02 12:00 AM","0"
"Year 1 Jan 02 1:00 AM","0"
"Year 1 Jan 02 2:00 AM","0"
"Year 1 Jan 02 3:00 AM","0"
"Year 1 Jan 02 4:00 AM","0"
"Year 1 Jan 02 5:00 AM","0"
"Year 1 Jan 02 6:00 AM","0"
"Year 1 Jan 02 7:00 AM","0"
"Year 1 Jan 02 8:00 AM","2.72315124648052"
"Year 1 Jan 02 9:00 AM","12.6947166088182"
"Year 1 Jan 02 10:00 AM","26.1938740507271"
"Year 1 Jan 02 11:00 AM","31.3605832735332"
"Year 1 Jan 02 12:00 PM","38.3560150659754"
"Year 1 Jan 02 1:00 PM","39.5360549500432"
"Year 1 Jan 02 2:00 PM","34.9273550680029"
"Year 1 Jan 02 3:00 PM","25.1341770954256"
"Year 1 Jan 02 4:00 PM","11.8033303277089"
"Year 1 Jan 02 5:00 PM","1.53780952986247"
"Year 1 Jan 02 6:00 PM","0"
"Year 1 Jan 02 7:00 PM","0"
"Year 1 Jan 02 8:00 PM","0"
"Year 1 Jan 02 9:00 PM","0"
"Year 1 Jan 02 10:00 PM","0"
"Year 1 Jan 02 11:00 PM","0"
"Year 1 Jan 03 12:00 AM","0"
"Year 1 Jan 03 1:00 AM","0"
"Year 1 Jan 03 2:00 AM","0"
"Year 1 Jan 03 3:00 AM","0"
"Year 1 Jan 03 4:00 AM","0"
"Year 1 Jan 03 5:00 AM","0"
"Year 1 Jan 03 6:00 AM","0"
"Year 1 Jan 03 7:00 AM","0"
"Year 1 Jan 03 8:00 AM","4.99393076056406"
"Year 1 Jan 03 9:00 AM","19.3252269601438"
"Year 1 Jan 03 10:00 AM","34.7452149815162"
"Year 1 Jan 03 11:00 AM","43.9634284680497"
"Year 1 Jan 03 12:00 PM","45.8911483242363"
"Year 1 Jan 03 1:00 PM","45.1806731953855"
"Year 1 Jan 03 2:00 PM","41.2701353852925"
"Year 1 Jan 03 3:00 PM","29.7689615551977"
"Year 1 Jan 03 4:00 PM","15.4295681759438"
"Year 1 Jan 03 5:00 PM","2.03124851539775"
"Year 1 Jan 03 6:00 PM","0"
"Year 1 Jan 03 7:00 PM","0"
"Year 1 Jan 03 8:00 PM","0"
"Year 1 Jan 03 9:00 PM","0"
"Year 1 Jan 03 10:00 PM","0"
"Year 1 Jan 03 11:00 PM","0"
"Year 1 Jan 04 12:00 AM","0"
"Year 1 Jan 04 1:00 AM","0"
"Year 1 Jan 04 2:00 AM","0"
"Year 1 Jan 04 3:00 AM","0"
"Year 1 Jan 04 4:00 AM","0"
"Year 1 Jan 04 5:00 AM","0"
"Year 1 Jan 04 6:00 AM","0"
"Year 1 Jan 04 7:00 AM","0"
"Year 1 Jan 04 8:00 AM","4.80007942805144"
"Year 1 Jan 04 9:00 AM","17.6965714524075"
"Year 1 Jan 04 10:00 AM","29.0448965390544"
"Year 1 Jan 04 11:00 AM","38.7975619134731"
"Year 1 Jan 04 12:00 PM","41.5666885831729"
"Year 1 Jan 04 1:00 PM","40.7280837969372"
"Year 1 Jan 04 2:00 PM","34.0253848908176"
"Year 1 Jan 04 3:00 PM","26.345415560253"
"Year 1 Jan 04 4:00 PM","13.1037759500676"
"Year 1 Jan 04 5:00 PM","1.83741385858966"
"Year 1 Jan 04 6:00 PM","0"
"Year 1 Jan 04 7:00 PM","0"
"Year 1 Jan 04 8:00 PM","0"
"Year 1 Jan 04 9:00 PM","0"
"Year 1 Jan 04 10:00 PM","0"
"Year 1 Jan 04 11:00 PM","0"
"Year 1 Jan 05 12:00 AM","0"
"Year 1 Jan 05 1:00 AM","0"
"Year 1 Jan 05 2:00 AM","0"
"Year 1 Jan 05 3:00 AM","0"
"Year 1 Jan 05 4:00 AM","0"
"Year 1 Jan 05 5:00 AM","0"
"Year 1 Jan 05 6:00 AM","0"
"Year 1 Jan 05 7:00 AM","0"
"Year 1 Jan 05 8:00 AM","4.96016691627186"
"Year 1 Jan 05 9:00 AM","14.5738109896397"
"Year 1 Jan 05 10:00 AM","18.4395792936505"
"Year 1 Jan 05 11:00 AM","20.3756528849061"
"Year 1 Jan 05 12:00 PM","21.306577961108"
"Year 1 Jan 05 1:00 PM","21.7301841704691"
"Year 1 Jan 05 2:00 PM","22.8064627060469"
"Year 1 Jan 05 3:00 PM","23.0261234986152"
"Year 1 Jan 05 4:00 PM","13.1495523440189"
"Year 1 Jan 05 5:00 PM","1.93092094688143"
"Year 1 Jan 05 6:00 PM","0"
"Year 1 Jan 05 7:00 PM","0"
"Year 1 Jan 05 8:00 PM","0"
"Year 1 Jan 05 9:00 PM","0"
"Year 1 Jan 05 10:00 PM","0"
"Year 1 Jan 05 11:00 PM","0"
"Year 1 Jan 06 12:00 AM","0"
"Year 1 Jan 06 1:00 AM","0"
"Year 1 Jan 06 2:00 AM","0"
"Year 1 Jan 06 3:00 AM","0"
"Year 1 Jan 06 4:00 AM","0"
"Year 1 Jan 06 5:00 AM","0"
"Year 1 Jan 06 6:00 AM","0"
"Year 1 Jan 06 7:00 AM","0"
"Year 1 Jan 06 8:00 AM","4.75004972932262"
"Year 1 Jan 06 9:00 AM","15.4247968565262"
"Year 1 Jan 06 10:00 AM","21.7905709090947"
"Year 1 Jan 06 11:00 AM","31.9938963772309"
"Year 1 Jan 06 12:00 PM","37.4312460833625"
"Year 1 Jan 06 1:00 PM","39.201100734546"
"Year 1 Jan 06 2:00 PM","30.0537802340178"
"Year 1 Jan 06 3:00 PM","26.3850017778822"
"Year 1 Jan 06 4:00 PM","16.2932496710695"
"Year 1 Jan 06 5:00 PM","2.26118811346442"
"Year 1 Jan 06 6:00 PM","0"
"Year 1 Jan 06 7:00 PM","0"
"Year 1 Jan 06 8:00 PM","0"
"Year 1 Jan 06 9:00 PM","0"
"Year 1 Jan 06 10:00 PM","0"
"Year 1 Jan 06 11:00 PM","0"
"Year 1 Jan 07 12:00 AM","0"
"Year 1 Jan 07 1:00 AM","0"
"Year 1 Jan 07 2:00 AM","0"
"Year 1 Jan 07 3:00 AM","0"
"Year 1 Jan 07 4:00 AM","0"
"Year 1 Jan 07 5:00 AM","0"
"Year 1 Jan 07 6:00 AM","0"
"Year 1 Jan 07 7:00 AM","0"
"Year 1 Jan 07 8:00 AM","4.0742820429325"
"Year 1 Jan 07 9:00 AM","11.8691886667578"
"Year 1 Jan 07 10:00 AM","16.6807037739398"
"Year 1 Jan 07 11:00 AM","19.1428882318675"
"Year 1 Jan 07 12:00 PM","20.0924197067044"
"Year 1 Jan 07 1:00 PM","19.971658911412"
"Year 1 Jan 07 2:00 PM","18.5405484421343"
"Year 1 Jan 07 3:00 PM","15.5542757049771"
"Year 1 Jan 07 4:00 PM","10.1699992230459"
"Year 1 Jan 07 5:00 PM","2.42913794200357"
"Year 1 Jan 07 6:00 PM","0"
"Year 1 Jan 07 7:00 PM","0"
"Year 1 Jan 07 8:00 PM","0"
"Year 1 Jan 07 9:00 PM","0"
"Year 1 Jan 07 10:00 PM","0"
"Year 1 Jan 07 11:00 PM","0"
"Year 1 Jan 08 12:00 AM","0"
"Year 1 Jan 08 1:00 AM","0"
"Year 1 Jan 08 2:00 AM","0"
"Year 1 Jan 08 3:00 AM","0"
"Year 1 Jan 08 4:00 AM","0"
"Year 1 Jan 08 5:00 AM","0"
"Year 1 Jan 08 6:00 AM","0"
"Year 1 Jan 08 7:00 AM","0"
"Year 1 Jan 08 8:00 AM","4.28602319503596"
"Year 1 Jan 08 9:00 AM","12.5418950213876"
"Year 1 Jan 08 10:00 AM","19.5376663931267"
"Year 1 Jan 08 11:00 AM","26.3510433958082"
"Year 1 Jan 08 12:00 PM","34.2471047659665"
"Year 1 Jan 08 1:00 PM","26.7614560834324"
"Year 1 Jan 08 2:00 PM","22.4215033404049"
"Year 1 Jan 08 3:00 PM","15.7345203149382"
"Year 1 Jan 08 4:00 PM","11.0224721831827"
"Year 1 Jan 08 5:00 PM","2.58420954819411"
"Year 1 Jan 08 6:00 PM","0"
"Year 1 Jan 08 7:00 PM","0"
"Year 1 Jan 08 8:00 PM","0"
"Year 1 Jan 08 9:00 PM","0"
"Year 1 Jan 08 10:00 PM","0"
"Year 1 Jan 08 11:00 PM","0"
"Year 1 Jan 09 12:00 AM","0"
"Year 1 Jan 09 1:00 AM","0"
"Year 1 Jan 09 2:00 AM","0"
"Year 1 Jan 09 3:00 AM","0"
"Year 1 Jan 09 4:00 AM","0"
"Year 1 Jan 09 5:00 AM","0"
"Year 1 Jan 09 6:00 AM","0"
"Year 1 Jan 09 7:00 AM","0"
"Year 1 Jan 09 8:00 AM","4.57916721992352"
"Year 1 Jan 09 9:00 AM","17.4499569992878"
"Year 1 Jan 09 10:00 AM","32.1284846133283"
"Year 1 Jan 09 11:00 AM","42.1763641588741"
"Year 1 Jan 09 12:00 PM","42.5109378539579"
"Year 1 Jan 09 1:00 PM","44.2535428994248"
"Year 1 Jan 09 2:00 PM","35.5917171956779"
"Year 1 Jan 09 3:00 PM","24.7649307813814"
"Year 1 Jan 09 4:00 PM","13.9518650054067"
"Year 1 Jan 09 5:00 PM","2.53007480757526"
"Year 1 Jan 09 6:00 PM","0"
"Year 1 Jan 09 7:00 PM","0"
"Year 1 Jan 09 8:00 PM","0"
"Year 1 Jan 09 9:00 PM","0"
"Year 1 Jan 09 10:00 PM","0"
"Year 1 Jan 09 11:00 PM","0"
"Year 1 Jan 10 12:00 AM","0"
"Year 1 Jan 10 1:00 AM","0"
"Year 1 Jan 10 2:00 AM","0"
"Year 1 Jan 10 3:00 AM","0"
"Year 1 Jan 10 4:00 AM","0"
"Year 1 Jan 10 5:00 AM","0"
"Year 1 Jan 10 6:00 AM","0"
"Year 1 Jan 10 7:00 AM","0"
"Year 1 Jan 10 8:00 AM","4.60189579679254"
"Year 1 Jan 10 9:00 AM","14.7710501968003"
"Year 1 Jan 10 10:00 AM","19.885657416805"
"Year 1 Jan 10 11:00 AM","22.7763343095427"
"Year 1 Jan 10 12:00 PM","25.8762768551201"
"Year 1 Jan 10 1:00 PM","25.7475492771534"
"Year 1 Jan 10 2:00 PM","22.2136565829407"
"Year 1 Jan 10 3:00 PM","18.9083407921745"
"Year 1 Jan 10 4:00 PM","12.924616211056"
"Year 1 Jan 10 5:00 PM","2.8547568099328"
"Year 1 Jan 10 6:00 PM","0"
"Year 1 Jan 10 7:00 PM","0"
"Year 1 Jan 10 8:00 PM","0"
"Year 1 Jan 10 9:00 PM","0"
"Year 1 Jan 10 10:00 PM","0"
"Year 1 Jan 10 11:00 PM","0"
"Year 1 Jan 11 12:00 AM","0"
"Year 1 Jan 11 1:00 AM","0"
"Year 1 Jan 11 2:00 AM","0"
"Year 1 Jan 11 3:00 AM","0"
"Year 1 Jan 11 4:00 AM","0"
"Year 1 Jan 11 5:00 AM","0"
"Year 1 Jan 11 6:00 AM","0"
"Year 1 Jan 11 7:00 AM","0"
"Year 1 Jan 11 8:00 AM","3.43492910427889"
"Year 1 Jan 11 9:00 AM","15.1111103071615"
"Year 1 Jan 11 10:00 AM","28.8917979692862"
"Year 1 Jan 11 11:00 AM","31.9926015083241"
"Year 1 Jan 11 12:00 PM","34.3373266245033"
"Year 1 Jan 11 1:00 PM","34.1566252500453"
"Year 1 Jan 11 2:00 PM","28.2977910115839"
"Year 1 Jan 11 3:00 PM","17.2993178306796"
"Year 1 Jan 11 4:00 PM","10.7709838603811"
"Year 1 Jan 11 5:00 PM","2.67348979972393"
"Year 1 Jan 11 6:00 PM","0"
"Year 1 Jan 11 7:00 PM","0"
"Year 1 Jan 11 8:00 PM","0"
"Year 1 Jan 11 9:00 PM","0"
"Year 1 Jan 11 10:00 PM","0"
"Year 1 Jan 11 11:00 PM","0"
"Year 1 Jan 12 12:00 AM","0"
"Year 1 Jan 12 1:00 AM","0"
"Year 1 Jan 12 2:00 AM","0"
"Year 1 Jan 12 3:00 AM","0"
"Year 1 Jan 12 4:00 AM","0"
"Year 1 Jan 12 5:00 AM","0"
"Year 1 Jan 12 6:00 AM","0"
"Year 1 Jan 12 7:00 AM","0"
"Year 1 Jan 12 8:00 AM","5.00957537809028"
"Year 1 Jan 12 9:00 AM","15.8528690642032"
"Year 1 Jan 12 10:00 AM","19.1419423713887"
"Year 1 Jan 12 11:00 AM","27.9813615703755"
"Year 1 Jan 12 12:00 PM","35.0741531860252"
"Year 1 Jan 12 1:00 PM","37.5180892640394"
"Year 1 Jan 12 2:00 PM","34.9834428516305"
"Year 1 Jan 12 3:00 PM","24.5143467717955"
"Year 1 Jan 12 4:00 PM","12.6168511951614"
"Year 1 Jan 12 5:00 PM","2.25988303480822"
"Year 1 Jan 12 6:00 PM","0"
"Year 1 Jan 12 7:00 PM","0"
"Year 1 Jan 12 8:00 PM","0"
"Year 1 Jan 12 9:00 PM","0"
"Year 1 Jan 12 10:00 PM","0"
"Year 1 Jan 12 11:00 PM","0"
"Year 1 Jan 13 12:00 AM","0"
"Year 1 Jan 13 1:00 AM","0"
"Year 1 Jan 13 2:00 AM","0"
"Year 1 Jan 13 3:00 AM","0"
"Year 1 Jan 13 4:00 AM","0"
"Year 1 Jan 13 5:00 AM","0"
"Year 1 Jan 13 6:00 AM","0"
"Year 1 Jan 13 7:00 AM","0"
"Year 1 Jan 13 8:00 AM","4.96802676228221"
"Year 1 Jan 13 9:00 AM","16.0537339243977"
"Year 1 Jan 13 10:00 AM","21.8785311844754"
"Year 1 Jan 13 11:00 AM","25.2087683750603"
"Year 1 Jan 13 12:00 PM","27.8461565556105"
"Year 1 Jan 13 1:00 PM","33.814965175349"
"Year 1 Jan 13 2:00 PM","41.3380225230206"
"Year 1 Jan 13 3:00 PM","27.2183561329598"
"Year 1 Jan 13 4:00 PM","7.76651448628185"
"Year 1 Jan 13 5:00 PM","1.4032690228197"
"Year 1 Jan 13 6:00 PM","0"
"Year 1 Jan 13 7:00 PM","0"
"Year 1 Jan 13 8:00 PM","0"
"Year 1 Jan 13 9:00 PM","0"
"Year 1 Jan 13 10:00 PM","0"
"Year 1 Jan 13 11:00 PM","0"
"Year 1 Jan 14 12:00 AM","0"
"Year 1 Jan 14 1:00 AM","0"
"Year 1 Jan 14 2:00 AM","0"
"Year 1 Jan 14 3:00 AM","0"
"Year 1 Jan 14 4:00 AM","0"
"Year 1 Jan 14 5:00 AM","0"
"Year 1 Jan 14 6:00 AM","0"
"Year 1 Jan 14 7:00 AM","0"
"Year 1 Jan 14 8:00 AM","4.61258893497883"
"Year 1 Jan 14 9:00 AM","17.8056201962215"
"Year 1 Jan 14 10:00 AM","28.3704540786342"
"Year 1 Jan 14 11:00 AM","34.9839977729743"
"Year 1 Jan 14 12:00 PM","40.5097993072168"
"Year 1 Jan 14 1:00 PM","37.8703925108648"
"Year 1 Jan 14 2:00 PM","21.084708763217"
"Year 1 Jan 14 3:00 PM","17.4742370928282"
"Year 1 Jan 14 4:00 PM","11.9469098966677"
"Year 1 Jan 14 5:00 PM","3.14311874805001"
"Year 1 Jan 14 6:00 PM","0"
"Year 1 Jan 14 7:00 PM","0"
"Year 1 Jan 14 8:00 PM","0"
"Year 1 Jan 14 9:00 PM","0"
"Year 1 Jan 14 10:00 PM","0"
"Year 1 Jan 14 11:00 PM","0"
"Year 1 Jan 15 12:00 AM","0"
"Year 1 Jan 15 1:00 AM","0"
"Year 1 Jan 15 2:00 AM","0"
"Year 1 Jan 15 3:00 AM","0"
"Year 1 Jan 15 4:00 AM","0"
"Year 1 Jan 15 5:00 AM","0"
"Year 1 Jan 15 6:00 AM","0"
"Year 1 Jan 15 7:00 AM","0"
"Year 1 Jan 15 8:00 AM","5.02258863623878"
"Year 1 Jan 15 9:00 AM","15.8078968082169"
"Year 1 Jan 15 10:00 AM","23.0902325897571"
"Year 1 Jan 15 11:00 AM","25.4676651940655"
"Year 1 Jan 15 12:00 PM","27.9045561250087"
"Year 1 Jan 15 1:00 PM","32.8770905930403"
"Year 1 Jan 15 2:00 PM","31.0846024622327"
"Year 1 Jan 15 3:00 PM","26.2680107252034"
"Year 1 Jan 15 4:00 PM","15.8392294357919"
"Year 1 Jan 15 5:00 PM","3.40792185024877"
"Year 1 Jan 15 6:00 PM","0"
"Year 1 Jan 15 7:00 PM","0"
"Year 1 Jan 15 8:00 PM","0"
"Year 1 Jan 15 9:00 PM","0"
"Year 1 Jan 15 10:00 PM","0"
"Year 1 Jan 15 11:00 PM","0"
"Year 1 Jan 16 12:00 AM","0"
"Year 1 Jan 16 1:00 AM","0"
"Year 1 Jan 16 2:00 AM","0"
"Year 1 Jan 16 3:00 AM","0"
"Year 1 Jan 16 4:00 AM","0"
"Year 1 Jan 16 5:00 AM","0"
"Year 1 Jan 16 6:00 AM","0"
"Year 1 Jan 16 7:00 AM","0"
"Year 1 Jan 16 8:00 AM","5.11857967042744"
"Year 1 Jan 16 9:00 AM","20.2006644675756"
"Year 1 Jan 16 10:00 AM","31.1669271670084"
"Year 1 Jan 16 11:00 AM","33.2530947401298"
"Year 1 Jan 16 12:00 PM","40.1359556029683"
"Year 1 Jan 16 1:00 PM","33.0344377147734"
"Year 1 Jan 16 2:00 PM","30.7436455789655"
"Year 1 Jan 16 3:00 PM","28.6017196464338"
"Year 1 Jan 16 4:00 PM","16.3336031792798"
"Year 1 Jan 16 5:00 PM","3.70466352494981"
"Year 1 Jan 16 6:00 PM","0"
"Year 1 Jan 16 7:00 PM","0"
"Year 1 Jan 16 8:00 PM","0"
"Year 1 Jan 16 9:00 PM","0"
"Year 1 Jan 16 10:00 PM","0"
"Year 1 Jan 16 11:00 PM","0"
"Year 1 Jan 17 12:00 AM","0"
"Year 1 Jan 17 1:00 AM","0"
"Year 1 Jan 17 2:00 AM","0"
"Year 1 Jan 17 3:00 AM","0"
"Year 1 Jan 17 4:00 AM","0"
"Year 1 Jan 17 5:00 AM","0"
"Year 1 Jan 17 6:00 AM","0"
"Year 1 Jan 17 7:00 AM","0"
"Year 1 Jan 17 8:00 AM","4.87887972810635"
"Year 1 Jan 17 9:00 AM","13.3291429414916"
"Year 1 Jan 17 10:00 AM","17.7308172630884"
"Year 1 Jan 17 11:00 AM","23.30594259869"
"Year 1 Jan 17 12:00 PM","25.4816443766401"
"Year 1 Jan 17 1:00 PM","31.1050843947449"
"Year 1 Jan 17 2:00 PM","30.0545704619462"
"Year 1 Jan 17 3:00 PM","23.2285474632557"
"Year 1 Jan 17 4:00 PM","15.0818974641798"
"Year 1 Jan 17 5:00 PM","3.79520743986161"
"Year 1 Jan 17 6:00 PM","0"
"Year 1 Jan 17 7:00 PM","0"
"Year 1 Jan 17 8:00 PM","0"
"Year 1 Jan 17 9:00 PM","0"
"Year 1 Jan 17 10:00 PM","0"
"Year 1 Jan 17 11:00 PM","0"
"Year 1 Jan 18 12:00 AM","0"
"Year 1 Jan 18 1:00 AM","0"
"Year 1 Jan 18 2:00 AM","0"
"Year 1 Jan 18 3:00 AM","0"
"Year 1 Jan 18 4:00 AM","0"
"Year 1 Jan 18 5:00 AM","0"
"Year 1 Jan 18 6:00 AM","0"
"Year 1 Jan 18 7:00 AM","0"
"Year 1 Jan 18 8:00 AM","3.05323859473175"
"Year 1 Jan 18 9:00 AM","13.4453718728818"
"Year 1 Jan 18 10:00 AM","30.7437416042963"
"Year 1 Jan 18 11:00 AM","37.7558733097949"
"Year 1 Jan 18 12:00 PM","38.3465340151932"
"Year 1 Jan 18 1:00 PM","34.904260561479"
"Year 1 Jan 18 2:00 PM","30.5328067713907"
"Year 1 Jan 18 3:00 PM","23.1096244736509"
"Year 1 Jan 18 4:00 PM","10.8054002228083"
"Year 1 Jan 18 5:00 PM","2.49269908525702"
"Year 1 Jan 18 6:00 PM","0"
"Year 1 Jan 18 7:00 PM","0"
"Year 1 Jan 18 8:00 PM","0"
"Year 1 Jan 18 9:00 PM","0"
"Year 1 Jan 18 10:00 PM","0"
"Year 1 Jan 18 11:00 PM","0"
"Year 1 Jan 19 12:00 AM","0"
"Year 1 Jan 19 1:00 AM","0"
"Year 1 Jan 19 2:00 AM","0"
"Year 1 Jan 19 3:00 AM","0"
"Year 1 Jan 19 4:00 AM","0"
"Year 1 Jan 19 5:00 AM","0"
"Year 1 Jan 19 6:00 AM","0"
"Year 1 Jan 19 7:00 AM","0"
"Year 1 Jan 19 8:00 AM","4.60791598482353"
"Year 1 Jan 19 9:00 AM","19.0391640685233"
"Year 1 Jan 19 10:00 AM","30.2564997938059"
"Year 1 Jan 19 11:00 AM","39.9852142513961"
"Year 1 Jan 19 12:00 PM","47.1102348278905"
"Year 1 Jan 19 1:00 PM","46.626956394696"
"Year 1 Jan 19 2:00 PM","43.265195929882"
"Year 1 Jan 19 3:00 PM","30.7344627914205"
"Year 1 Jan 19 4:00 PM","17.9054588430079"
"Year 1 Jan 19 5:00 PM","4.48215336054125"
"Year 1 Jan 19 6:00 PM","0"
"Year 1 Jan 19 7:00 PM","0"
"Year 1 Jan 19 8:00 PM","0"
"Year 1 Jan 19 9:00 PM","0"
"Year 1 Jan 19 10:00 PM","0"
"Year 1 Jan 19 11:00 PM","0"
"Year 1 Jan 20 12:00 AM","0"
"Year 1 Jan 20 1:00 AM","0"
"Year 1 Jan 20 2:00 AM","0"
"Year 1 Jan 20 3:00 AM","0"
"Year 1 Jan 20 4:00 AM","0"
"Year 1 Jan 20 5:00 AM","0"
"Year 1 Jan 20 6:00 AM","0"
"Year 1 Jan 20 7:00 AM","0"
"Year 1 Jan 20 8:00 AM","5.00566136170047"
"Year 1 Jan 20 9:00 AM","18.2748618375247"
"Year 1 Jan 20 10:00 AM","31.7887941445576"
"Year 1 Jan 20 11:00 AM","40.4802592268025"
"Year 1 Jan 20 12:00 PM","45.4471053791184"
"Year 1 Jan 20 1:00 PM","42.8919789910357"
"Year 1 Jan 20 2:00 PM","27.438162871124"
"Year 1 Jan 20 3:00 PM","18.9013598000198"
"Year 1 Jan 20 4:00 PM","13.0438093930158"
"Year 1 Jan 20 5:00 PM","4.61855969345358"
"Year 1 Jan 20 6:00 PM","0"
"Year 1 Jan 20 7:00 PM","0"
"Year 1 Jan 20 8:00 PM","0"
"Year 1 Jan 20 9:00 PM","0"
"Year 1 Jan 20 10:00 PM","0"
"Year 1 Jan 20 11:00 PM","0"
"Year 1 Jan 21 12:00 AM","0"
"Year 1 Jan 21 1:00 AM","0"
"Year 1 Jan 21 2:00 AM","0"
"Year 1 Jan 21 3:00 AM","0"
"Year 1 Jan 21 4:00 AM","0"
"Year 1 Jan 21 5:00 AM","0"
"Year 1 Jan 21 6:00 AM","0"
"Year 1 Jan 21 7:00 AM","0"
"Year 1 Jan 21 8:00 AM","6.07101577350421"
"Year 1 Jan 21 9:00 AM","19.5582034331375"
"Year 1 Jan 21 10:00 AM","32.5926418958202"
"Year 1 Jan 21 11:00 AM","38.3793255180204"
"Year 1 Jan 21 12:00 PM","41.369848262222"
"Year 1 Jan 21 1:00 PM","40.8796834539361"
"Year 1 Jan 21 2:00 PM","39.481147442626"
"Year 1 Jan 21 3:00 PM","23.8058695939983"
"Year 1 Jan 21 4:00 PM","15.8632775511799"
"Year 1 Jan 21 5:00 PM","4.68715885632134"
"Year 1 Jan 21 6:00 PM","0"
"Year 1 Jan 21 7:00 PM","0"
"Year 1 Jan 21 8:00 PM","0"
"Year 1 Jan 21 9:00 PM","0"
"Year 1 Jan 21 10:00 PM","0"
"Year 1 Jan 21 11:00 PM","0"
"Year 1 Jan 22 12:00 AM","0"
"Year 1 Jan 22 1:00 AM","0"
"Year 1 Jan 22 2:00 AM","0"
"Year 1 Jan 22 3:00 AM","0"
"Year 1 Jan 22 4:00 AM","0"
"Year 1 Jan 22 5:00 AM","0"
"Year 1 Jan 22 6:00 AM","0"
"Year 1 Jan 22 7:00 AM","0"
"Year 1 Jan 22 8:00 AM","3.66160623720736"
"Year 1 Jan 22 9:00 AM","15.2337881883313"
"Year 1 Jan 22 10:00 AM","31.7778930760749"
"Year 1 Jan 22 11:00 AM","36.7275937686608"
"Year 1 Jan 22 12:00 PM","32.4737946808997"
"Year 1 Jan 22 1:00 PM","23.5364206956135"
"Year 1 Jan 22 2:00 PM","22.8825555435134"
"Year 1 Jan 22 3:00 PM","19.595142937318"
"Year 1 Jan 22 4:00 PM","13.6287680421715"
"Year 1 Jan 22 5:00 PM","4.46062518386434"
"Year 1 Jan 22 6:00 PM","0"
"Year 1 Jan 22 7:00 PM","0"
"Year 1 Jan 22 8:00 PM","0"
"Year 1 Jan 22 9:00 PM","0"
"Year 1 Jan 22 10:00 PM","0"
"Year 1 Jan 22 11:00 PM","0"
"Year 1 Jan 23 12:00 AM","0"
"Year 1 Jan 23 1:00 AM","0"
"Year 1 Jan 23 2:00 AM","0"
"Year 1 Jan 23 3:00 AM","0"
"Year 1 Jan 23 4:00 AM","0"
"Year 1 Jan 23 5:00 AM","0"
"Year 1 Jan 23 6:00 AM","0"
"Year 1 Jan 23 7:00 AM","0"
"Year 1 Jan 23 8:00 AM","5.70704510749263"
"Year 1 Jan 23 9:00 AM","16.9526184342549"
"Year 1 Jan 23 10:00 AM","25.9335681012703"
"Year 1 Jan 23 11:00 AM","30.6979220025695"
"Year 1 Jan 23 12:00 PM","31.7071498353814"
"Year 1 Jan 23 1:00 PM","31.6232107077925"
"Year 1 Jan 23 2:00 PM","29.6360511465254"
"Year 1 Jan 23 3:00 PM","25.093694030957"
"Year 1 Jan 23 4:00 PM","16.272662050246"
"Year 1 Jan 23 5:00 PM","4.87515136002195"
"Year 1 Jan 23 6:00 PM","0"
"Year 1 Jan 23 7:00 PM","0"
"Year 1 Jan 23 8:00 PM","0"
"Year 1 Jan 23 9:00 PM","0"
"Year 1 Jan 23 10:00 PM","0"
"Year 1 Jan 23 11:00 PM","0"
"Year 1 Jan 24 12:00 AM","0"
"Year 1 Jan 24 1:00 AM","0"
"Year 1 Jan 24 2:00 AM","0"
"Year 1 Jan 24 3:00 AM","0"
"Year 1 Jan 24 4:00 AM","0"
"Year 1 Jan 24 5:00 AM","0"
"Year 1 Jan 24 6:00 AM","0"
"Year 1 Jan 24 7:00 AM","0"
"Year 1 Jan 24 8:00 AM","3.44875901902694"
"Year 1 Jan 24 9:00 AM","11.6668647441006"
"Year 1 Jan 24 10:00 AM","25.9382209342287"
"Year 1 Jan 24 11:00 AM","37.950473840933"
"Year 1 Jan 24 12:00 PM","45.9285015626655"
"Year 1 Jan 24 1:00 PM","45.2917487314421"
"Year 1 Jan 24 2:00 PM","39.5134969668161"
"Year 1 Jan 24 3:00 PM","29.8959067283543"
"Year 1 Jan 24 4:00 PM","17.3665059065404"
"Year 1 Jan 24 5:00 PM","4.46274048361978"
"Year 1 Jan 24 6:00 PM","0"
"Year 1 Jan 24 7:00 PM","0"
"Year 1 Jan 24 8:00 PM","0"
"Year 1 Jan 24 9:00 PM","0"
"Year 1 Jan 24 10:00 PM","0"
"Year 1 Jan 24 11:00 PM","0"
"Year 1 Jan 25 12:00 AM","0"
"Year 1 Jan 25 1:00 AM","0"
"Year 1 Jan 25 2:00 AM","0"
"Year 1 Jan 25 3:00 AM","0"
"Year 1 Jan 25 4:00 AM","0"
"Year 1 Jan 25 5:00 AM","0"
"Year 1 Jan 25 6:00 AM","0"
"Year 1 Jan 25 7:00 AM","0"
"Year 1 Jan 25 8:00 AM","4.95997638184177"
"Year 1 Jan 25 9:00 AM","15.0528345209978"
"Year 1 Jan 25 10:00 AM","29.8723043827457"
"Year 1 Jan 25 11:00 AM","36.7020353847696"
"Year 1 Jan 25 12:00 PM","39.7611227309725"
"Year 1 Jan 25 1:00 PM","36.9428698366527"
"Year 1 Jan 25 2:00 PM","35.4706733262202"
"Year 1 Jan 25 3:00 PM","24.2288490872753"
"Year 1 Jan 25 4:00 PM","16.3072664510028"
"Year 1 Jan 25 5:00 PM","5.37017078799504"
"Year 1 Jan 25 6:00 PM","0"
"Year 1 Jan 25 7:00 PM","0"
"Year 1 Jan 25 8:00 PM","0"
"Year 1 Jan 25 9:00 PM","0"
"Year 1 Jan 25 10:00 PM","0"
"Year 1 Jan 25 11:00 PM","0"
"Year 1 Jan 26 12:00 AM","0"
"Year 1 Jan 26 1:00 AM","0"
"Year 1 Jan 26 2:00 AM","0"
"Year 1 Jan 26 3:00 AM","0"
"Year 1 Jan 26 4:00 AM","0"
"Year 1 Jan 26 5:00 AM","0"
"Year 1 Jan 26 6:00 AM","0"
"Year 1 Jan 26 7:00 AM","0"
"Year 1 Jan 26 8:00 AM","4.60665712444844"
"Year 1 Jan 26 9:00 AM","15.0330092622663"
"Year 1 Jan 26 10:00 AM","28.6151300594752"
"Year 1 Jan 26 11:00 AM","38.4372607115476"
"Year 1 Jan 26 12:00 PM","40.7093830114669"
"Year 1 Jan 26 1:00 PM","41.096293477296"
"Year 1 Jan 26 2:00 PM","35.8385726165782"
"Year 1 Jan 26 3:00 PM","25.6869986252186"
"Year 1 Jan 26 4:00 PM","20.3698270628059"
"Year 1 Jan 26 5:00 PM","6.66724509382591"
"Year 1 Jan 26 6:00 PM","0"
"Year 1 Jan 26 7:00 PM","0"
"Year 1 Jan 26 8:00 PM","0"
"Year 1 Jan 26 9:00 PM","0"
"Year 1 Jan 26 10:00 PM","0"
"Year 1 Jan 26 11:00 PM","0"
"Year 1 Jan 27 12:00 AM","0"
"Year 1 Jan 27 1:00 AM","0"
"Year 1 Jan 27 2:00 AM","0"
"Year 1 Jan 27 3:00 AM","0"
"Year 1 Jan 27 4:00 AM","0"
"Year 1 Jan 27 5:00 AM","0"
"Year 1 Jan 27 6:00 AM","0"
"Year 1 Jan 27 7:00 AM","0"
"Year 1 Jan 27 8:00 AM","5.79771879798096"
"Year 1 Jan 27 9:00 AM","13.2012539781576"
"Year 1 Jan 27 10:00 AM","17.944558354362"
"Year 1 Jan 27 11:00 AM","20.4172663467346"
"Year 1 Jan 27 12:00 PM","21.4443094716238"
"Year 1 Jan 27 1:00 PM","21.3781149363091"
"Year 1 Jan 27 2:00 PM","20.8495517942757"
"Year 1 Jan 27 3:00 PM","20.5103854455743"
"Year 1 Jan 27 4:00 PM","13.4659046765485"
"Year 1 Jan 27 5:00 PM","6.07896209748074"
"Year 1 Jan 27 6:00 PM","0"
"Year 1 Jan 27 7:00 PM","0"
"Year 1 Jan 27 8:00 PM","0"
"Year 1 Jan 27 9:00 PM","0"
"Year 1 Jan 27 10:00 PM","0"
"Year 1 Jan 27 11:00 PM","0"
"Year 1 Jan 28 12:00 AM","0"
"Year 1 Jan 28 1:00 AM","0"
"Year 1 Jan 28 2:00 AM","0"
"Year 1 Jan 28 3:00 AM","0"
"Year 1 Jan 28 4:00 AM","0"
"Year 1 Jan 28 5:00 AM","0"
"Year 1 Jan 28 6:00 AM","0"
"Year 1 Jan 28 7:00 AM","0"
"Year 1 Jan 28 8:00 AM","5.37269305289161"
"Year 1 Jan 28 9:00 AM","15.0257098703407"
"Year 1 Jan 28 10:00 AM","28.8012371832478"
"Year 1 Jan 28 11:00 AM","38.8395379616825"
"Year 1 Jan 28 12:00 PM","40.5394477657855"
"Year 1 Jan 28 1:00 PM","44.7998595077969"
"Year 1 Jan 28 2:00 PM","37.580809745222"
"Year 1 Jan 28 3:00 PM","26.4173655727141"
"Year 1 Jan 28 4:00 PM","15.5465947683878"
"Year 1 Jan 28 5:00 PM","4.394993818366"
"Year 1 Jan 28 6:00 PM","0"
"Year 1 Jan 28 7:00 PM","0"
"Year 1 Jan 28 8:00 PM","0"
"Year 1 Jan 28 9:00 PM","0"
"Year 1 Jan 28 10:00 PM","0"
"Year 1 Jan 28 11:00 PM","0"
"Year 1 Jan 29 12:00 AM","0"
"Year 1 Jan 29 1:00 AM","0"
"Year 1 Jan 29 2:00 AM","0"
"Year 1 Jan 29 3:00 AM","0"
"Year 1 Jan 29 4:00 AM","0"
"Year 1 Jan 29 5:00 AM","0"
"Year 1 Jan 29 6:00 AM","0"
"Year 1 Jan 29 7:00 AM","0"
"Year 1 Jan 29 8:00 AM","6.74359416346576"
"Year 1 Jan 29 9:00 AM","19.3549102557626"
"Year 1 Jan 29 10:00 AM","25.7531444427771"
"Year 1 Jan 29 11:00 AM","41.5175659632129"
"Year 1 Jan 29 12:00 PM","53.4857281947281"
"Year 1 Jan 29 1:00 PM","40.1139688674902"
"Year 1 Jan 29 2:00 PM","38.9249168569413"
"Year 1 Jan 29 3:00 PM","31.7358942490273"
"Year 1 Jan 29 4:00 PM","20.7024003893781"
"Year 1 Jan 29 5:00 PM","6.8152690996285"
"Year 1 Jan 29 6:00 PM","0"
"Year 1 Jan 29 7:00 PM","0"
"Year 1 Jan 29 8:00 PM","0"
"Year 1 Jan 29 9:00 PM","0"
"Year 1 Jan 29 10:00 PM","0"
"Year 1 Jan 29 11:00 PM","0"
"Year 1 Jan 30 12:00 AM","0"
"Year 1 Jan 30 1:00 AM","0"
"Year 1 Jan 30 2:00 AM","0"
"Year 1 Jan 30 3:00 AM","0"
"Year 1 Jan 30 4:00 AM","0"
"Year 1 Jan 30 5:00 AM","0"
"Year 1 Jan 30 6:00 AM","0"
"Year 1 Jan 30 7:00 AM","0"
"Year 1 Jan 30 8:00 AM","6.31586000902135"
"Year 1 Jan 30 9:00 AM","16.8796107787968"
"Year 1 Jan 30 10:00 AM","27.3104977755708"
"Year 1 Jan 30 11:00 AM","33.2820630818703"
"Year 1 Jan 30 12:00 PM","40.8694849876431"
"Year 1 Jan 30 1:00 PM","43.7684703507443"
"Year 1 Jan 30 2:00 PM","41.6043227314439"
"Year 1 Jan 30 3:00 PM","31.4110887671807"
"Year 1 Jan 30 4:00 PM","19.2733362435865"
"Year 1 Jan 30 5:00 PM","6.37609995891907"
"Year 1 Jan 30 6:00 PM","0"
"Year 1 Jan 30 7:00 PM","0"
"Year 1 Jan 30 8:00 PM","0"
"Year 1 Jan 30 9:00 PM","0"
"Year 1 Jan 30 10:00 PM","0"
"Year 1 Jan 30 11:00 PM","0"
"Year 1 Jan 31 12:00 AM","0"
"Year 1 Jan 31 1:00 AM","0"
"Year 1 Jan 31 2:00 AM","0"
"Year 1 Jan 31 3:00 AM","0"
"Year 1 Jan 31 4:00 AM","0"
"Year 1 Jan 31 5:00 AM","0"
"Year 1 Jan 31 6:00 AM","0"
"Year 1 Jan 31 7:00 AM","0"
"Year 1 Jan 31 8:00 AM","7.41807148452397"
"Year 1 Jan 31 9:00 AM","23.108789986113"
"Year 1 Jan 31 10:00 AM","39.0457648738043"
"Year 1 Jan 31 11:00 AM","48.9503383393145"
"Year 1 Jan 31 12:00 PM","50.8650475236177"
"Year 1 Jan 31 1:00 PM","44.6606408704037"
"Year 1 Jan 31 2:00 PM","38.2034060664508"
"Year 1 Jan 31 3:00 PM","26.2111900924583"
"Year 1 Jan 31 4:00 PM","15.0095266971163"
"Year 1 Jan 31 5:00 PM","4.51250079477496"
"Year 1 Jan 31 6:00 PM","0"
"Year 1 Jan 31 7:00 PM","0"
"Year 1 Jan 31 8:00 PM","0"
"Year 1 Jan 31 9:00 PM","0"
"Year 1 Jan 31 10:00 PM","0"
"Year 1 Jan 31 11:00 PM","0"
"Year 1 Feb 01 12:00 AM","0"
"Year 1 Feb 01 1:00 AM","0"
"Year 1 Feb 01 2:00 AM","0"
"Year 1 Feb 01 3:00 AM","0"
"Year 1 Feb 01 4:00 AM","0"
"Year 1 Feb 01 5:00 AM","0"
"Year 1 Feb 01 6:00 AM","0"
"Year 1 Feb 01 7:00 AM","0"
"Year 1 Feb 01 8:00 AM","7.69987053036414"
"Year 1 Feb 01 9:00 AM","21.2479795224544"
"Year 1 Feb 01 10:00 AM","30.6332545414938"
"Year 1 Feb 01 11:00 AM","28.4390540619808"
"Year 1 Feb 01 12:00 PM","27.8394178618975"
"Year 1 Feb 01 1:00 PM","27.7952547816785"
"Year 1 Feb 01 2:00 PM","26.4747330072792"
"Year 1 Feb 01 3:00 PM","23.2210988616217"
"Year 1 Feb 01 4:00 PM","17.6789869951334"
"Year 1 Feb 01 5:00 PM","7.9819082293577"
"Year 1 Feb 01 6:00 PM","0"
"Year 1 Feb 01 7:00 PM","0"
"Year 1 Feb 01 8:00 PM","0"
"Year 1 Feb 01 9:00 PM","0"
"Year 1 Feb 01 10:00 PM","0"
"Year 1 Feb 01 11:00 PM","0"
"Year 1 Feb 02 12:00 AM","0"
"Year 1 Feb 02 1:00 AM","0"
"Year 1 Feb 02 2:00 AM","0"
"Year 1 Feb 02 3:00 AM","0"
"Year 1 Feb 02 4:00 AM","0"
"Year 1 Feb 02 5:00 AM","0"
"Year 1 Feb 02 6:00 AM","0"
"Year 1 Feb 02 7:00 AM","0"
"Year 1 Feb 02 8:00 AM","10.8256158872636"
"Year 1 Feb 02 9:00 AM","26.6194300001189"
"Year 1 Feb 02 10:00 AM","44.6143283212166"
"Year 1 Feb 02 11:00 AM","50.7036226993565"
"Year 1 Feb 02 12:00 PM","49.5050960688508"
"Year 1 Feb 02 1:00 PM","44.8725671859614"
"Year 1 Feb 02 2:00 PM","43.8647306363099"
"Year 1 Feb 02 3:00 PM","31.293399743889"
"Year 1 Feb 02 4:00 PM","20.8073963135773"
"Year 1 Feb 02 5:00 PM","8.05419636087682"
"Year 1 Feb 02 6:00 PM","0"
"Year 1 Feb 02 7:00 PM","0"
"Year 1 Feb 02 8:00 PM","0"
"Year 1 Feb 02 9:00 PM","0"
"Year 1 Feb 02 10:00 PM","0"
"Year 1 Feb 02 11:00 PM","0"
"Year 1 Feb 03 12:00 AM","0"
"Year 1 Feb 03 1:00 AM","0"
"Year 1 Feb 03 2:00 AM","0"
"Year 1 Feb 03 3:00 AM","0"
"Year 1 Feb 03 4:00 AM","0"
"Year 1 Feb 03 5:00 AM","0"
"Year 1 Feb 03 6:00 AM","0"
"Year 1 Feb 03 7:00 AM","0"
"Year 1 Feb 03 8:00 AM","8.08898728970007"
"Year 1 Feb 03 9:00 AM","24.6791894118477"
"Year 1 Feb 03 10:00 AM","39.5830756046618"
"Year 1 Feb 03 11:00 AM","41.1106814365461"
"Year 1 Feb 03 12:00 PM","54.9235039376059"
"Year 1 Feb 03 1:00 PM","53.9933363049261"
"Year 1 Feb 03 2:00 PM","48.8354146378415"
"Year 1 Feb 03 3:00 PM","34.1460469763187"
"Year 1 Feb 03 4:00 PM","23.0663189701629"
"Year 1 Feb 03 5:00 PM","10.72381696694"
"Year 1 Feb 03 6:00 PM","0"
"Year 1 Feb 03 7:00 PM","0"
"Year 1 Feb 03 8:00 PM","0"
"Year 1 Feb 03 9:00 PM","0"
"Year 1 Feb 03 10:00 PM","0"
"Year 1 Feb 03 11:00 PM","0"
"Year 1 Feb 04 12:00 AM","0"
"Year 1 Feb 04 1:00 AM","0"
"Year 1 Feb 04 2:00 AM","0"
"Year 1 Feb 04 3:00 AM","0"
"Year 1 Feb 04 4:00 AM","0"
"Year 1 Feb 04 5:00 AM","0"
"Year 1 Feb 04 6:00 AM","0"
"Year 1 Feb 04 7:00 AM","0"
"Year 1 Feb 04 8:00 AM","7.95815762359172"
"Year 1 Feb 04 9:00 AM","21.5093800666421"
"Year 1 Feb 04 10:00 AM","39.1038975702371"
"Year 1 Feb 04 11:00 AM","43.2713735974208"
"Year 1 Feb 04 12:00 PM","56.1482523940089"
"Year 1 Feb 04 1:00 PM","50.6089589494452"
"Year 1 Feb 04 2:00 PM","45.7515630840953"
"Year 1 Feb 04 3:00 PM","36.823279912076"
"Year 1 Feb 04 4:00 PM","23.5571027405078"
"Year 1 Feb 04 5:00 PM","8.64909298773399"
"Year 1 Feb 04 6:00 PM","0"
"Year 1 Feb 04 7:00 PM","0"
"Year 1 Feb 04 8:00 PM","0"
"Year 1 Feb 04 9:00 PM","0"
"Year 1 Feb 04 10:00 PM","0"
"Year 1 Feb 04 11:00 PM","0"
"Year 1 Feb 05 12:00 AM","0"
"Year 1 Feb 05 1:00 AM","0"
"Year 1 Feb 05 2:00 AM","0"
"Year 1 Feb 05 3:00 AM","0"
"Year 1 Feb 05 4:00 AM","0"
"Year 1 Feb 05 5:00 AM","0"
"Year 1 Feb 05 6:00 AM","0"
"Year 1 Feb 05 7:00 AM","0"
"Year 1 Feb 05 8:00 AM","8.93814325257793"
"Year 1 Feb 05 9:00 AM","19.7615050296748"
"Year 1 Feb 05 10:00 AM","25.7579140168569"
"Year 1 Feb 05 11:00 AM","29.0747385332914"
"Year 1 Feb 05 12:00 PM","30.5853752764443"
"Year 1 Feb 05 1:00 PM","30.5960576131771"
"Year 1 Feb 05 2:00 PM","29.031283390306"
"Year 1 Feb 05 3:00 PM","25.8185466700709"
"Year 1 Feb 05 4:00 PM","19.8160818406699"
"Year 1 Feb 05 5:00 PM","9.44579644022569"
"Year 1 Feb 05 6:00 PM","0"
"Year 1 Feb 05 7:00 PM","0"
"Year 1 Feb 05 8:00 PM","0"
"Year 1 Feb 05 9:00 PM","0"
"Year 1 Feb 05 10:00 PM","0"
"Year 1 Feb 05 11:00 PM","0"
"Year 1 Feb 06 12:00 AM","0"
"Year 1 Feb 06 1:00 AM","0"
"Year 1 Feb 06 2:00 AM","0"
"Year 1 Feb 06 3:00 AM","0"
"Year 1 Feb 06 4:00 AM","0"
"Year 1 Feb 06 5:00 AM","0"
"Year 1 Feb 06 6:00 AM","0"
"Year 1 Feb 06 7:00 AM","0"
"Year 1 Feb 06 8:00 AM","9.63624818632589"
"Year 1 Feb 06 9:00 AM","21.1889261662015"
"Year 1 Feb 06 10:00 AM","27.5275380978793"
"Year 1 Feb 06 11:00 AM","31.2380401180617"
"Year 1 Feb 06 12:00 PM","33.9267226380464"
"Year 1 Feb 06 1:00 PM","33.7972861071172"
"Year 1 Feb 06 2:00 PM","30.9881952029416"
"Year 1 Feb 06 3:00 PM","27.3252589367932"
"Year 1 Feb 06 4:00 PM","21.0569546299103"
"Year 1 Feb 06 5:00 PM","9.68715615249938"
"Year 1 Feb 06 6:00 PM","0"
"Year 1 Feb 06 7:00 PM","0"
"Year 1 Feb 06 8:00 PM","0"
"Year 1 Feb 06 9:00 PM","0"
"Year 1 Feb 06 10:00 PM","0"
"Year 1 Feb 06 11:00 PM","0"
"Year 1 Feb 07 12:00 AM","0"
"Year 1 Feb 07 1:00 AM","0"
"Year 1 Feb 07 2:00 AM","0"
"Year 1 Feb 07 3:00 AM","0"
"Year 1 Feb 07 4:00 AM","0"
"Year 1 Feb 07 5:00 AM","0"
"Year 1 Feb 07 6:00 AM","0"
"Year 1 Feb 07 7:00 AM","0"
"Year 1 Feb 07 8:00 AM","9.45970402465023"
"Year 1 Feb 07 9:00 AM","17.4486635328239"
"Year 1 Feb 07 10:00 AM","24.1861409702386"
"Year 1 Feb 07 11:00 AM","27.4574966928745"
"Year 1 Feb 07 12:00 PM","28.7091336252377"
"Year 1 Feb 07 1:00 PM","28.7631887771774"
"Year 1 Feb 07 2:00 PM","27.4743926771008"
"Year 1 Feb 07 3:00 PM","24.5398172535808"
"Year 1 Feb 07 4:00 PM","17.476342178163"
"Year 1 Feb 07 5:00 PM","9.86592007134358"
"Year 1 Feb 07 6:00 PM","0"
"Year 1 Feb 07 7:00 PM","0"
"Year 1 Feb 07 8:00 PM","0"
"Year 1 Feb 07 9:00 PM","0"
"Year 1 Feb 07 10:00 PM","0"
"Year 1 Feb 07 11:00 PM","0"
"Year 1 Feb 08 12:00 AM","0"
"Year 1 Feb 08 1:00 AM","0"
"Year 1 Feb 08 2:00 AM","0"
"Year 1 Feb 08 3:00 AM","0"
"Year 1 Feb 08 4:00 AM","0"
"Year 1 Feb 08 5:00 AM","0"
"Year 1 Feb 08 6:00 AM","0"
"Year 1 Feb 08 7:00 AM","0"
"Year 1 Feb 08 8:00 AM","10.0907229909088"
"Year 1 Feb 08 9:00 AM","25.8282184454461"
"Year 1 Feb 08 10:00 AM","33.143158310969"
"Year 1 Feb 08 11:00 AM","29.0031293097553"
"Year 1 Feb 08 12:00 PM","30.3448515551623"
"Year 1 Feb 08 1:00 PM","31.7694989538953"
"Year 1 Feb 08 2:00 PM","27.8110744065223"
"Year 1 Feb 08 3:00 PM","24.7299176761709"
"Year 1 Feb 08 4:00 PM","19.3430336171226"
"Year 1 Feb 08 5:00 PM","10.4010553457601"
"Year 1 Feb 08 6:00 PM","0"
"Year 1 Feb 08 7:00 PM","0"
"Year 1 Feb 08 8:00 PM","0"
"Year 1 Feb 08 9:00 PM","0"
"Year 1 Feb 08 10:00 PM","0"
"Year 1 Feb 08 11:00 PM","0"
"Year 1 Feb 09 12:00 AM","0"
"Year 1 Feb 09 1:00 AM","0"
"Year 1 Feb 09 2:00 AM","0"
"Year 1 Feb 09 3:00 AM","0"
"Year 1 Feb 09 4:00 AM","0"
"Year 1 Feb 09 5:00 AM","0"
"Year 1 Feb 09 6:00 AM","0"
"Year 1 Feb 09 7:00 AM","0"
"Year 1 Feb 09 8:00 AM","13.0818802017677"
"Year 1 Feb 09 9:00 AM","31.3279168130215"
"Year 1 Feb 09 10:00 AM","42.8906659071209"
"Year 1 Feb 09 11:00 AM","51.4072487000817"
"Year 1 Feb 09 12:00 PM","53.6445087087653"
"Year 1 Feb 09 1:00 PM","41.4315433048814"
"Year 1 Feb 09 2:00 PM","39.2178013810288"
"Year 1 Feb 09 3:00 PM","22.2515362759065"
"Year 1 Feb 09 4:00 PM","14.8235603035393"
"Year 1 Feb 09 5:00 PM","8.55037780811348"
"Year 1 Feb 09 6:00 PM","0.637008993099656"
"Year 1 Feb 09 7:00 PM","0"
"Year 1 Feb 09 8:00 PM","0"
"Year 1 Feb 09 9:00 PM","0"
"Year 1 Feb 09 10:00 PM","0"
"Year 1 Feb 09 11:00 PM","0"
"Year 1 Feb 10 12:00 AM","0"
"Year 1 Feb 10 1:00 AM","0"
"Year 1 Feb 10 2:00 AM","0"
"Year 1 Feb 10 3:00 AM","0"
"Year 1 Feb 10 4:00 AM","0"
"Year 1 Feb 10 5:00 AM","0"
"Year 1 Feb 10 6:00 AM","0"
"Year 1 Feb 10 7:00 AM","0"
"Year 1 Feb 10 8:00 AM","9.90080357483528"
"Year 1 Feb 10 9:00 AM","23.1981865328763"
"Year 1 Feb 10 10:00 AM","31.9037077132012"
"Year 1 Feb 10 11:00 AM","37.5082863860181"
"Year 1 Feb 10 12:00 PM","39.432286758861"
"Year 1 Feb 10 1:00 PM","38.5685988709117"
"Year 1 Feb 10 2:00 PM","36.6417527683783"
"Year 1 Feb 10 3:00 PM","31.1848389824175"
"Year 1 Feb 10 4:00 PM","22.5065928945287"
"Year 1 Feb 10 5:00 PM","11.2936103350247"
"Year 1 Feb 10 6:00 PM","0.739550357994233"
"Year 1 Feb 10 7:00 PM","0"
"Year 1 Feb 10 8:00 PM","0"
"Year 1 Feb 10 9:00 PM","0"
"Year 1 Feb 10 10:00 PM","0"
"Year 1 Feb 10 11:00 PM","0"
"Year 1 Feb 11 12:00 AM","0"
"Year 1 Feb 11 1:00 AM","0"
"Year 1 Feb 11 2:00 AM","0"
"Year 1 Feb 11 3:00 AM","0"
"Year 1 Feb 11 4:00 AM","0"
"Year 1 Feb 11 5:00 AM","0"
"Year 1 Feb 11 6:00 AM","0"
"Year 1 Feb 11 7:00 AM","0.690474763332847"
"Year 1 Feb 11 8:00 AM","11.8343777479252"
"Year 1 Feb 11 9:00 AM","27.5163875669886"
"Year 1 Feb 11 10:00 AM","36.6985617174457"
"Year 1 Feb 11 11:00 AM","40.9552733931509"
"Year 1 Feb 11 12:00 PM","46.9772016985687"
"Year 1 Feb 11 1:00 PM","43.3144816237407"
"Year 1 Feb 11 2:00 PM","40.0107953153641"
"Year 1 Feb 11 3:00 PM","29.3573504523679"
"Year 1 Feb 11 4:00 PM","21.8216007347282"
"Year 1 Feb 11 5:00 PM","11.0151523762083"
"Year 1 Feb 11 6:00 PM","0.698225363341914"
"Year 1 Feb 11 7:00 PM","0"
"Year 1 Feb 11 8:00 PM","0"
"Year 1 Feb 11 9:00 PM","0"
"Year 1 Feb 11 10:00 PM","0"
"Year 1 Feb 11 11:00 PM","0"
"Year 1 Feb 12 12:00 AM","0"
"Year 1 Feb 12 1:00 AM","0"
"Year 1 Feb 12 2:00 AM","0"
"Year 1 Feb 12 3:00 AM","0"
"Year 1 Feb 12 4:00 AM","0"
"Year 1 Feb 12 5:00 AM","0"
"Year 1 Feb 12 6:00 AM","0"
"Year 1 Feb 12 7:00 AM","0.467501723158557"
"Year 1 Feb 12 8:00 AM","8.18209557360121"
"Year 1 Feb 12 9:00 AM","20.852649736761"
"Year 1 Feb 12 10:00 AM","23.1708592373216"
"Year 1 Feb 12 11:00 AM","31.8930873141566"
"Year 1 Feb 12 12:00 PM","47.0130529156833"
"Year 1 Feb 12 1:00 PM","39.3956053113689"
"Year 1 Feb 12 2:00 PM","51.10518831332"
"Year 1 Feb 12 3:00 PM","39.4248749509886"
"Year 1 Feb 12 4:00 PM","22.4695639714293"
"Year 1 Feb 12 5:00 PM","11.4064777295707"
"Year 1 Feb 12 6:00 PM","0.705066100006714"
"Year 1 Feb 12 7:00 PM","0"
"Year 1 Feb 12 8:00 PM","0"
"Year 1 Feb 12 9:00 PM","0"
"Year 1 Feb 12 10:00 PM","0"
"Year 1 Feb 12 11:00 PM","0"
"Year 1 Feb 13 12:00 AM","0"
"Year 1 Feb 13 1:00 AM","0"
"Year 1 Feb 13 2:00 AM","0"
"Year 1 Feb 13 3:00 AM","0"
"Year 1 Feb 13 4:00 AM","0"
"Year 1 Feb 13 5:00 AM","0"
"Year 1 Feb 13 6:00 AM","0"
"Year 1 Feb 13 7:00 AM","0.520447205061888"
"Year 1 Feb 13 8:00 AM","9.10705928145723"
"Year 1 Feb 13 9:00 AM","25.4766247210058"
"Year 1 Feb 13 10:00 AM","36.8635893740566"
"Year 1 Feb 13 11:00 AM","49.7443460951579"
"Year 1 Feb 13 12:00 PM","56.6791882802292"
"Year 1 Feb 13 1:00 PM","56.2226905729923"
"Year 1 Feb 13 2:00 PM","48.663573929606"
"Year 1 Feb 13 3:00 PM","31.9190917316376"
"Year 1 Feb 13 4:00 PM","20.7229873448559"
"Year 1 Feb 13 5:00 PM","11.6329183375847"
"Year 1 Feb 13 6:00 PM","0.878656341146007"
"Year 1 Feb 13 7:00 PM","0"
"Year 1 Feb 13 8:00 PM","0"
"Year 1 Feb 13 9:00 PM","0"
"Year 1 Feb 13 10:00 PM","0"
"Year 1 Feb 13 11:00 PM","0"
"Year 1 Feb 14 12:00 AM","0"
"Year 1 Feb 14 1:00 AM","0"
"Year 1 Feb 14 2:00 AM","0"
"Year 1 Feb 14 3:00 AM","0"
"Year 1 Feb 14 4:00 AM","0"
"Year 1 Feb 14 5:00 AM","0"
"Year 1 Feb 14 6:00 AM","0"
"Year 1 Feb 14 7:00 AM","0.666704213451863"
"Year 1 Feb 14 8:00 AM","8.78990774308508"
"Year 1 Feb 14 9:00 AM","17.7179528150975"
"Year 1 Feb 14 10:00 AM","36.5321777350928"
"Year 1 Feb 14 11:00 AM","46.7374626758818"
"Year 1 Feb 14 12:00 PM","53.9201414101903"
"Year 1 Feb 14 1:00 PM","50.915480400988"
"Year 1 Feb 14 2:00 PM","42.8111605974716"
"Year 1 Feb 14 3:00 PM","34.6698984450589"
"Year 1 Feb 14 4:00 PM","26.3806858611549"
"Year 1 Feb 14 5:00 PM","11.0368785870845"
"Year 1 Feb 14 6:00 PM","0.663323397622195"
"Year 1 Feb 14 7:00 PM","0"
"Year 1 Feb 14 8:00 PM","0"
"Year 1 Feb 14 9:00 PM","0"
"Year 1 Feb 14 10:00 PM","0"
"Year 1 Feb 14 11:00 PM","0"
"Year 1 Feb 15 12:00 AM","0"
"Year 1 Feb 15 1:00 AM","0"
"Year 1 Feb 15 2:00 AM","0"
"Year 1 Feb 15 3:00 AM","0"
"Year 1 Feb 15 4:00 AM","0"
"Year 1 Feb 15 5:00 AM","0"
"Year 1 Feb 15 6:00 AM","0"
"Year 1 Feb 15 7:00 AM","0.81064681632065"
"Year 1 Feb 15 8:00 AM","9.77294592290584"
"Year 1 Feb 15 9:00 AM","18.5077959925499"
"Year 1 Feb 15 10:00 AM","23.6183316846714"
"Year 1 Feb 15 11:00 AM","25.8436158917598"
"Year 1 Feb 15 12:00 PM","25.7852473675877"
"Year 1 Feb 15 1:00 PM","26.6109826370297"
"Year 1 Feb 15 2:00 PM","25.3122333389575"
"Year 1 Feb 15 3:00 PM","21.6074294693458"
"Year 1 Feb 15 4:00 PM","15.8332545538568"
"Year 1 Feb 15 5:00 PM","9.97502906048773"
"Year 1 Feb 15 6:00 PM","0.83256502446315"
"Year 1 Feb 15 7:00 PM","0"
"Year 1 Feb 15 8:00 PM","0"
"Year 1 Feb 15 9:00 PM","0"
"Year 1 Feb 15 10:00 PM","0"
"Year 1 Feb 15 11:00 PM","0"
"Year 1 Feb 16 12:00 AM","0"
"Year 1 Feb 16 1:00 AM","0"
"Year 1 Feb 16 2:00 AM","0"
"Year 1 Feb 16 3:00 AM","0"
"Year 1 Feb 16 4:00 AM","0"
"Year 1 Feb 16 5:00 AM","0"
"Year 1 Feb 16 6:00 AM","0"
"Year 1 Feb 16 7:00 AM","0.950088214374843"
"Year 1 Feb 16 8:00 AM","12.935000506135"
"Year 1 Feb 16 9:00 AM","21.2063417596661"
"Year 1 Feb 16 10:00 AM","21.7323988575621"
"Year 1 Feb 16 11:00 AM","23.8012509470355"
"Year 1 Feb 16 12:00 PM","20.9689250722261"
"Year 1 Feb 16 1:00 PM","20.086197659545"
"Year 1 Feb 16 2:00 PM","22.9837921245601"
"Year 1 Feb 16 3:00 PM","18.5134692882098"
"Year 1 Feb 16 4:00 PM","15.4762480365589"
"Year 1 Feb 16 5:00 PM","9.52012957299037"
"Year 1 Feb 16 6:00 PM","0.819193406965717"
"Year 1 Feb 16 7:00 PM","0"
"Year 1 Feb 16 8:00 PM","0"
"Year 1 Feb 16 9:00 PM","0"
"Year 1 Feb 16 10:00 PM","0"
"Year 1 Feb 16 11:00 PM","0"
"Year 1 Feb 17 12:00 AM","0"
"Year 1 Feb 17 1:00 AM","0"
"Year 1 Feb 17 2:00 AM","0"
"Year 1 Feb 17 3:00 AM","0"
"Year 1 Feb 17 4:00 AM","0"
"Year 1 Feb 17 5:00 AM","0"
"Year 1 Feb 17 6:00 AM","0"
"Year 1 Feb 17 7:00 AM","0.567182505646487"
"Year 1 Feb 17 8:00 AM","9.04487708645812"
"Year 1 Feb 17 9:00 AM","22.0378254672885"
"Year 1 Feb 17 10:00 AM","32.4053589960025"
"Year 1 Feb 17 11:00 AM","53.9506984520086"
"Year 1 Feb 17 12:00 PM","55.2240982176918"
"Year 1 Feb 17 1:00 PM","43.7094205213945"
"Year 1 Feb 17 2:00 PM","39.9901162600369"
"Year 1 Feb 17 3:00 PM","34.7153830033053"
"Year 1 Feb 17 4:00 PM","13.5380381658086"
"Year 1 Feb 17 5:00 PM","6.77302242136856"
"Year 1 Feb 17 6:00 PM","0.937289835391051"
"Year 1 Feb 17 7:00 PM","0"
"Year 1 Feb 17 8:00 PM","0"
"Year 1 Feb 17 9:00 PM","0"
"Year 1 Feb 17 10:00 PM","0"
"Year 1 Feb 17 11:00 PM","0"
"Year 1 Feb 18 12:00 AM","0"
"Year 1 Feb 18 1:00 AM","0"
"Year 1 Feb 18 2:00 AM","0"
"Year 1 Feb 18 3:00 AM","0"
"Year 1 Feb 18 4:00 AM","0"
"Year 1 Feb 18 5:00 AM","0"
"Year 1 Feb 18 6:00 AM","0"
"Year 1 Feb 18 7:00 AM","1.14634678227994"
"Year 1 Feb 18 8:00 AM","10.2453793912805"
"Year 1 Feb 18 9:00 AM","24.6911323969002"
"Year 1 Feb 18 10:00 AM","31.0583389379441"
"Year 1 Feb 18 11:00 AM","41.9339134930087"
"Year 1 Feb 18 12:00 PM","50.4300468078882"
"Year 1 Feb 18 1:00 PM","45.6409119407407"
"Year 1 Feb 18 2:00 PM","43.1334477639801"
"Year 1 Feb 18 3:00 PM","36.2342496186016"
"Year 1 Feb 18 4:00 PM","23.5431029433165"
"Year 1 Feb 18 5:00 PM","12.5117736918561"
"Year 1 Feb 18 6:00 PM","1.6334091476633"
"Year 1 Feb 18 7:00 PM","0"
"Year 1 Feb 18 8:00 PM","0"
"Year 1 Feb 18 9:00 PM","0"
"Year 1 Feb 18 10:00 PM","0"
"Year 1 Feb 18 11:00 PM","0"
"Year 1 Feb 19 12:00 AM","0"
"Year 1 Feb 19 1:00 AM","0"
"Year 1 Feb 19 2:00 AM","0"
"Year 1 Feb 19 3:00 AM","0"
"Year 1 Feb 19 4:00 AM","0"
"Year 1 Feb 19 5:00 AM","0"
"Year 1 Feb 19 6:00 AM","0"
"Year 1 Feb 19 7:00 AM","1.17809449789092"
"Year 1 Feb 19 8:00 AM","10.1129014930697"
"Year 1 Feb 19 9:00 AM","24.3582840926836"
"Year 1 Feb 19 10:00 AM","35.5811705605836"
"Year 1 Feb 19 11:00 AM","44.5090867752954"
"Year 1 Feb 19 12:00 PM","50.3895857322804"
"Year 1 Feb 19 1:00 PM","58.9067227884921"
"Year 1 Feb 19 2:00 PM","48.0932408360483"
"Year 1 Feb 19 3:00 PM","40.4406715831062"
"Year 1 Feb 19 4:00 PM","27.0477005812453"
"Year 1 Feb 19 5:00 PM","12.0995265646095"
"Year 1 Feb 19 6:00 PM","1.56614826861655"
"Year 1 Feb 19 7:00 PM","0"
"Year 1 Feb 19 8:00 PM","0"
"Year 1 Feb 19 9:00 PM","0"
"Year 1 Feb 19 10:00 PM","0"
"Year 1 Feb 19 11:00 PM","0"
"Year 1 Feb 20 12:00 AM","0"
"Year 1 Feb 20 1:00 AM","0"
"Year 1 Feb 20 2:00 AM","0"
"Year 1 Feb 20 3:00 AM","0"
"Year 1 Feb 20 4:00 AM","0"
"Year 1 Feb 20 5:00 AM","0"
"Year 1 Feb 20 6:00 AM","0"
"Year 1 Feb 20 7:00 AM","1.8422253305218"
"Year 1 Feb 20 8:00 AM","12.0923043914499"
"Year 1 Feb 20 9:00 AM","19.601176787186"
"Year 1 Feb 20 10:00 AM","29.7740591424093"
"Year 1 Feb 20 11:00 AM","50.3362690353149"
"Year 1 Feb 20 12:00 PM","43.3084472027653"
"Year 1 Feb 20 1:00 PM","52.2803330436456"
"Year 1 Feb 20 2:00 PM","53.1738633308124"
"Year 1 Feb 20 3:00 PM","35.7722777154052"
"Year 1 Feb 20 4:00 PM","26.166774700873"
"Year 1 Feb 20 5:00 PM","12.3418887174655"
"Year 1 Feb 20 6:00 PM","1.40534614139356"
"Year 1 Feb 20 7:00 PM","0"
"Year 1 Feb 20 8:00 PM","0"
"Year 1 Feb 20 9:00 PM","0"
"Year 1 Feb 20 10:00 PM","0"
"Year 1 Feb 20 11:00 PM","0"
"Year 1 Feb 21 12:00 AM","0"
"Year 1 Feb 21 1:00 AM","0"
"Year 1 Feb 21 2:00 AM","0"
"Year 1 Feb 21 3:00 AM","0"
"Year 1 Feb 21 4:00 AM","0"
"Year 1 Feb 21 5:00 AM","0"
"Year 1 Feb 21 6:00 AM","0"
"Year 1 Feb 21 7:00 AM","0.716088501921227"
"Year 1 Feb 21 8:00 AM","7.51126288743834"
"Year 1 Feb 21 9:00 AM","27.7609643227345"
"Year 1 Feb 21 10:00 AM","33.6365090090051"
"Year 1 Feb 21 11:00 AM","39.8133202314397"
"Year 1 Feb 21 12:00 PM","50.751454481844"
"Year 1 Feb 21 1:00 PM","48.7352743355848"
"Year 1 Feb 21 2:00 PM","44.3027198838384"
"Year 1 Feb 21 3:00 PM","46.1409061224961"
"Year 1 Feb 21 4:00 PM","29.2352826340862"
"Year 1 Feb 21 5:00 PM","14.8967668674709"
"Year 1 Feb 21 6:00 PM","1.81377514340355"
"Year 1 Feb 21 7:00 PM","0"
"Year 1 Feb 21 8:00 PM","0"
"Year 1 Feb 21 9:00 PM","0"
"Year 1 Feb 21 10:00 PM","0"
"Year 1 Feb 21 11:00 PM","0"
"Year 1 Feb 22 12:00 AM","0"
"Year 1 Feb 22 1:00 AM","0"
"Year 1 Feb 22 2:00 AM","0"
"Year 1 Feb 22 3:00 AM","0"
"Year 1 Feb 22 4:00 AM","0"
"Year 1 Feb 22 5:00 AM","0"
"Year 1 Feb 22 6:00 AM","0"
"Year 1 Feb 22 7:00 AM","1.91133683506848"
"Year 1 Feb 22 8:00 AM","14.2113796952047"
"Year 1 Feb 22 9:00 AM","28.261405180822"
"Year 1 Feb 22 10:00 AM","42.3941225285218"
"Year 1 Feb 22 11:00 AM","48.2170122957979"
"Year 1 Feb 22 12:00 PM","57.9621854219813"
"Year 1 Feb 22 1:00 PM","59.2739426197014"
"Year 1 Feb 22 2:00 PM","53.3027471602331"
"Year 1 Feb 22 3:00 PM","44.5847650302644"
"Year 1 Feb 22 4:00 PM","25.6606461126049"
"Year 1 Feb 22 5:00 PM","10.0190808305001"
"Year 1 Feb 22 6:00 PM","1.24626981359128"
"Year 1 Feb 22 7:00 PM","0"
"Year 1 Feb 22 8:00 PM","0"
"Year 1 Feb 22 9:00 PM","0"
"Year 1 Feb 22 10:00 PM","0"
"Year 1 Feb 22 11:00 PM","0"
"Year 1 Feb 23 12:00 AM","0"
"Year 1 Feb 23 1:00 AM","0"
"Year 1 Feb 23 2:00 AM","0"
"Year 1 Feb 23 3:00 AM","0"
"Year 1 Feb 23 4:00 AM","0"
"Year 1 Feb 23 5:00 AM","0"
"Year 1 Feb 23 6:00 AM","0"
"Year 1 Feb 23 7:00 AM","1.91663284767006"
"Year 1 Feb 23 8:00 AM","13.7441998162918"
"Year 1 Feb 23 9:00 AM","27.7967232594428"
"Year 1 Feb 23 10:00 AM","39.8300288442453"
"Year 1 Feb 23 11:00 AM","40.7424956341492"
"Year 1 Feb 23 12:00 PM","43.0081002806534"
"Year 1 Feb 23 1:00 PM","38.060606960559"
"Year 1 Feb 23 2:00 PM","43.6388867655903"
"Year 1 Feb 23 3:00 PM","31.6026755846576"
"Year 1 Feb 23 4:00 PM","26.5986338446803"
"Year 1 Feb 23 5:00 PM","13.1726754624749"
"Year 1 Feb 23 6:00 PM","1.73165536628481"
"Year 1 Feb 23 7:00 PM","0"
"Year 1 Feb 23 8:00 PM","0"
"Year 1 Feb 23 9:00 PM","0"
"Year 1 Feb 23 10:00 PM","0"
"Year 1 Feb 23 11:00 PM","0"
"Year 1 Feb 24 12:00 AM","0"
"Year 1 Feb 24 1:00 AM","0"
"Year 1 Feb 24 2:00 AM","0"
"Year 1 Feb 24 3:00 AM","0"
"Year 1 Feb 24 4:00 AM","0"
"Year 1 Feb 24 5:00 AM","0"
"Year 1 Feb 24 6:00 AM","0"
"Year 1 Feb 24 7:00 AM","1.30591558544289"
"Year 1 Feb 24 8:00 AM","10.5769672543161"
"Year 1 Feb 24 9:00 AM","27.6513567121132"
"Year 1 Feb 24 10:00 AM","41.8769611629804"
"Year 1 Feb 24 11:00 AM","53.5406587948147"
"Year 1 Feb 24 12:00 PM","60.7471123256257"
"Year 1 Feb 24 1:00 PM","61.224283520551"
"Year 1 Feb 24 2:00 PM","55.7269648148711"
"Year 1 Feb 24 3:00 PM","43.3863956260196"
"Year 1 Feb 24 4:00 PM","28.5796819289562"
"Year 1 Feb 24 5:00 PM","13.5745946335635"
"Year 1 Feb 24 6:00 PM","1.94691347877907"
"Year 1 Feb 24 7:00 PM","0"
"Year 1 Feb 24 8:00 PM","0"
"Year 1 Feb 24 9:00 PM","0"
"Year 1 Feb 24 10:00 PM","0"
"Year 1 Feb 24 11:00 PM","0"
"Year 1 Feb 25 12:00 AM","0"
"Year 1 Feb 25 1:00 AM","0"
"Year 1 Feb 25 2:00 AM","0"
"Year 1 Feb 25 3:00 AM","0"
"Year 1 Feb 25 4:00 AM","0"
"Year 1 Feb 25 5:00 AM","0"
"Year 1 Feb 25 6:00 AM","0"
"Year 1 Feb 25 7:00 AM","2.78594252696318"
"Year 1 Feb 25 8:00 AM","13.6317069292386"
"Year 1 Feb 25 9:00 AM","23.0849530949635"
"Year 1 Feb 25 10:00 AM","40.7457399355334"
"Year 1 Feb 25 11:00 AM","47.9666743761474"
"Year 1 Feb 25 12:00 PM","51.2416704829973"
"Year 1 Feb 25 1:00 PM","52.9476003630222"
"Year 1 Feb 25 2:00 PM","44.4728698841415"
"Year 1 Feb 25 3:00 PM","41.8165891644322"
"Year 1 Feb 25 4:00 PM","32.6795110100994"
"Year 1 Feb 25 5:00 PM","17.5537185802075"
"Year 1 Feb 25 6:00 PM","2.82175092050323"
"Year 1 Feb 25 7:00 PM","0"
"Year 1 Feb 25 8:00 PM","0"
"Year 1 Feb 25 9:00 PM","0"
"Year 1 Feb 25 10:00 PM","0"
"Year 1 Feb 25 11:00 PM","0"
"Year 1 Feb 26 12:00 AM","0"
"Year 1 Feb 26 1:00 AM","0"
"Year 1 Feb 26 2:00 AM","0"
"Year 1 Feb 26 3:00 AM","0"
"Year 1 Feb 26 4:00 AM","0"
"Year 1 Feb 26 5:00 AM","0"
"Year 1 Feb 26 6:00 AM","0"
"Year 1 Feb 26 7:00 AM","3.2183097041381"
"Year 1 Feb 26 8:00 AM","16.5903264484729"
"Year 1 Feb 26 9:00 AM","22.2060575186258"
"Year 1 Feb 26 10:00 AM","24.8154806442119"
"Year 1 Feb 26 11:00 AM","40.9887013635533"
"Year 1 Feb 26 12:00 PM","46.7077819382104"
"Year 1 Feb 26 1:00 PM","47.4262418933109"
"Year 1 Feb 26 2:00 PM","45.6183736086703"
"Year 1 Feb 26 3:00 PM","41.0275809843511"
"Year 1 Feb 26 4:00 PM","26.7405329966894"
"Year 1 Feb 26 5:00 PM","13.8037362237717"
"Year 1 Feb 26 6:00 PM","2.70236539406493"
"Year 1 Feb 26 7:00 PM","0"
"Year 1 Feb 26 8:00 PM","0"
"Year 1 Feb 26 9:00 PM","0"
"Year 1 Feb 26 10:00 PM","0"
"Year 1 Feb 26 11:00 PM","0"
"Year 1 Feb 27 12:00 AM","0"
"Year 1 Feb 27 1:00 AM","0"
"Year 1 Feb 27 2:00 AM","0"
"Year 1 Feb 27 3:00 AM","0"
"Year 1 Feb 27 4:00 AM","0"
"Year 1 Feb 27 5:00 AM","0"
"Year 1 Feb 27 6:00 AM","0"
"Year 1 Feb 27 7:00 AM","3.30178621425208"
"Year 1 Feb 27 8:00 AM","16.4786690454937"
"Year 1 Feb 27 9:00 AM","29.5552465848748"
"Year 1 Feb 27 10:00 AM","46.1238015387677"
"Year 1 Feb 27 11:00 AM","49.321847708845"
"Year 1 Feb 27 12:00 PM","38.208752478977"
"Year 1 Feb 27 1:00 PM","49.0764681918932"
"Year 1 Feb 27 2:00 PM","48.5193175440371"
"Year 1 Feb 27 3:00 PM","42.0820231164577"
"Year 1 Feb 27 4:00 PM","26.7793908440049"
"Year 1 Feb 27 5:00 PM","12.7251993068234"
"Year 1 Feb 27 6:00 PM","2.46609443394543"
"Year 1 Feb 27 7:00 PM","0"
"Year 1 Feb 27 8:00 PM","0"
"Year 1 Feb 27 9:00 PM","0"
"Year 1 Feb 27 10:00 PM","0"
"Year 1 Feb 27 11:00 PM","0"
"Year 1 Feb 28 12:00 AM","0"
"Year 1 Feb 28 1:00 AM","0"
"Year 1 Feb 28 2:00 AM","0"
"Year 1 Feb 28 3:00 AM","0"
"Year 1 Feb 28 4:00 AM","0"
"Year 1 Feb 28 5:00 AM","0"
"Year 1 Feb 28 6:00 AM","0"
"Year 1 Feb 28 7:00 AM","3.81140767617994"
"Year 1 Feb 28 8:00 AM","19.0701555025177"
"Year 1 Feb 28 9:00 AM","34.3332723776811"
"Year 1 Feb 28 10:00 AM","43.7286995105154"
"Year 1 Feb 28 11:00 AM","49.3225356138594"
"Year 1 Feb 28 12:00 PM","47.1099457091101"
"Year 1 Feb 28 1:00 PM","44.6765314430151"
"Year 1 Feb 28 2:00 PM","43.080001676153"
"Year 1 Feb 28 3:00 PM","38.3354404025776"
"Year 1 Feb 28 4:00 PM","29.566041895305"
"Year 1 Feb 28 5:00 PM","17.2706273211891"
"Year 1 Feb 28 6:00 PM","3.11818760289225"
"Year 1 Feb 28 7:00 PM","0"
"Year 1 Feb 28 8:00 PM","0"
"Year 1 Feb 28 9:00 PM","0"
"Year 1 Feb 28 10:00 PM","0"
"Year 1 Feb 28 11:00 PM","0"
"Year 1 Mar 01 12:00 AM","0"
"Year 1 Mar 01 1:00 AM","0"
"Year 1 Mar 01 2:00 AM","0"
"Year 1 Mar 01 3:00 AM","0"
"Year 1 Mar 01 4:00 AM","0"
"Year 1 Mar 01 5:00 AM","0"
"Year 1 Mar 01 6:00 AM","0"
"Year 1 Mar 01 7:00 AM","2.09133383253474"
"Year 1 Mar 01 8:00 AM","10.0226565470654"
"Year 1 Mar 01 9:00 AM","21.550614047819"
"Year 1 Mar 01 10:00 AM","44.8265859850386"
"Year 1 Mar 01 11:00 AM","50.7965216698355"
"Year 1 Mar 01 12:00 PM","38.2026903127625"
"Year 1 Mar 01 1:00 PM","39.6831788327472"
"Year 1 Mar 01 2:00 PM","38.7364648666029"
"Year 1 Mar 01 3:00 PM","47.0653584805816"
"Year 1 Mar 01 4:00 PM","32.3455022978167"
"Year 1 Mar 01 5:00 PM","16.5650609666261"
"Year 1 Mar 01 6:00 PM","3.45654490769777"
"Year 1 Mar 01 7:00 PM","0"
"Year 1 Mar 01 8:00 PM","0"
"Year 1 Mar 01 9:00 PM","0"
"Year 1 Mar 01 10:00 PM","0"
"Year 1 Mar 01 11:00 PM","0"
"Year 1 Mar 02 12:00 AM","0"
"Year 1 Mar 02 1:00 AM","0"
"Year 1 Mar 02 2:00 AM","0"
"Year 1 Mar 02 3:00 AM","0"
"Year 1 Mar 02 4:00 AM","0"
"Year 1 Mar 02 5:00 AM","0"
"Year 1 Mar 02 6:00 AM","0"
"Year 1 Mar 02 7:00 AM","3.65863171677539"
"Year 1 Mar 02 8:00 AM","16.2458698356822"
"Year 1 Mar 02 9:00 AM","26.3587530953637"
"Year 1 Mar 02 10:00 AM","36.3172929699193"
"Year 1 Mar 02 11:00 AM","41.1353580564738"
"Year 1 Mar 02 12:00 PM","44.9356843701077"
"Year 1 Mar 02 1:00 PM","45.9018558593519"
"Year 1 Mar 02 2:00 PM","49.2901563118563"
"Year 1 Mar 02 3:00 PM","44.398265510066"
"Year 1 Mar 02 4:00 PM","32.8685241096531"
"Year 1 Mar 02 5:00 PM","19.3270029740888"
"Year 1 Mar 02 6:00 PM","3.33028333068942"
"Year 1 Mar 02 7:00 PM","0"
"Year 1 Mar 02 8:00 PM","0"
"Year 1 Mar 02 9:00 PM","0"
"Year 1 Mar 02 10:00 PM","0"
"Year 1 Mar 02 11:00 PM","0"
"Year 1 Mar 03 12:00 AM","0"
"Year 1 Mar 03 1:00 AM","0"
"Year 1 Mar 03 2:00 AM","0"
"Year 1 Mar 03 3:00 AM","0"
"Year 1 Mar 03 4:00 AM","0"
"Year 1 Mar 03 5:00 AM","0"
"Year 1 Mar 03 6:00 AM","0"
"Year 1 Mar 03 7:00 AM","2.91850147257855"
"Year 1 Mar 03 8:00 AM","14.5328133226497"
"Year 1 Mar 03 9:00 AM","35.9381644408159"
"Year 1 Mar 03 10:00 AM","38.8989950142415"
"Year 1 Mar 03 11:00 AM","45.0327938416908"
"Year 1 Mar 03 12:00 PM","55.0097680826065"
"Year 1 Mar 03 1:00 PM","48.6193193321456"
"Year 1 Mar 03 2:00 PM","49.1904237741743"
"Year 1 Mar 03 3:00 PM","39.4257966813418"
"Year 1 Mar 03 4:00 PM","28.5947875321366"
"Year 1 Mar 03 5:00 PM","14.3130159529714"
"Year 1 Mar 03 6:00 PM","2.75524826322154"
"Year 1 Mar 03 7:00 PM","0"
"Year 1 Mar 03 8:00 PM","0"
"Year 1 Mar 03 9:00 PM","0"
"Year 1 Mar 03 10:00 PM","0"
"Year 1 Mar 03 11:00 PM","0"
"Year 1 Mar 04 12:00 AM","0"
"Year 1 Mar 04 1:00 AM","0"
"Year 1 Mar 04 2:00 AM","0"
"Year 1 Mar 04 3:00 AM","0"
"Year 1 Mar 04 4:00 AM","0"
"Year 1 Mar 04 5:00 AM","0"
"Year 1 Mar 04 6:00 AM","0"
"Year 1 Mar 04 7:00 AM","2.69170233211369"
"Year 1 Mar 04 8:00 AM","11.4005048044673"
"Year 1 Mar 04 9:00 AM","23.3441776779235"
"Year 1 Mar 04 10:00 AM","32.4975061262531"
"Year 1 Mar 04 11:00 AM","40.9259601181664"
"Year 1 Mar 04 12:00 PM","46.5926280192032"
"Year 1 Mar 04 1:00 PM","49.5041707088576"
"Year 1 Mar 04 2:00 PM","47.0655155003752"
"Year 1 Mar 04 3:00 PM","39.5945185358876"
"Year 1 Mar 04 4:00 PM","26.7807591263838"
"Year 1 Mar 04 5:00 PM","12.1291195877889"
"Year 1 Mar 04 6:00 PM","2.21715132725076"
"Year 1 Mar 04 7:00 PM","0"
"Year 1 Mar 04 8:00 PM","0"
"Year 1 Mar 04 9:00 PM","0"
"Year 1 Mar 04 10:00 PM","0"
"Year 1 Mar 04 11:00 PM","0"
"Year 1 Mar 05 12:00 AM","0"
"Year 1 Mar 05 1:00 AM","0"
"Year 1 Mar 05 2:00 AM","0"
"Year 1 Mar 05 3:00 AM","0"
"Year 1 Mar 05 4:00 AM","0"
"Year 1 Mar 05 5:00 AM","0"
"Year 1 Mar 05 6:00 AM","0"
"Year 1 Mar 05 7:00 AM","4.17778574909008"
"Year 1 Mar 05 8:00 AM","16.3263995168256"
"Year 1 Mar 05 9:00 AM","28.3166265290954"
"Year 1 Mar 05 10:00 AM","46.3400919193793"
"Year 1 Mar 05 11:00 AM","54.9929008226863"
"Year 1 Mar 05 12:00 PM","58.0589672289463"
"Year 1 Mar 05 1:00 PM","60.4653233517964"
"Year 1 Mar 05 2:00 PM","59.8328361360312"
"Year 1 Mar 05 3:00 PM","48.7855595799956"
"Year 1 Mar 05 4:00 PM","32.6979775060041"
"Year 1 Mar 05 5:00 PM","14.1236119417478"
"Year 1 Mar 05 6:00 PM","3.4006865919195"
"Year 1 Mar 05 7:00 PM","0"
"Year 1 Mar 05 8:00 PM","0"
"Year 1 Mar 05 9:00 PM","0"
"Year 1 Mar 05 10:00 PM","0"
"Year 1 Mar 05 11:00 PM","0"
"Year 1 Mar 06 12:00 AM","0"
"Year 1 Mar 06 1:00 AM","0"
"Year 1 Mar 06 2:00 AM","0"
"Year 1 Mar 06 3:00 AM","0"
"Year 1 Mar 06 4:00 AM","0"
"Year 1 Mar 06 5:00 AM","0"
"Year 1 Mar 06 6:00 AM","0"
"Year 1 Mar 06 7:00 AM","5.04551450357691"
"Year 1 Mar 06 8:00 AM","22.5918454618272"
"Year 1 Mar 06 9:00 AM","38.2743600812452"
"Year 1 Mar 06 10:00 AM","36.3657950118096"
"Year 1 Mar 06 11:00 AM","27.2178568372174"
"Year 1 Mar 06 12:00 PM","31.3894273189828"
"Year 1 Mar 06 1:00 PM","33.2984736437067"
"Year 1 Mar 06 2:00 PM","31.6559078037979"
"Year 1 Mar 06 3:00 PM","29.8894218849479"
"Year 1 Mar 06 4:00 PM","29.3419105740038"
"Year 1 Mar 06 5:00 PM","16.6596195592342"
"Year 1 Mar 06 6:00 PM","4.55492864332882"
"Year 1 Mar 06 7:00 PM","0"
"Year 1 Mar 06 8:00 PM","0"
"Year 1 Mar 06 9:00 PM","0"
"Year 1 Mar 06 10:00 PM","0"
"Year 1 Mar 06 11:00 PM","0"
"Year 1 Mar 07 12:00 AM","0"
"Year 1 Mar 07 1:00 AM","0"
"Year 1 Mar 07 2:00 AM","0"
"Year 1 Mar 07 3:00 AM","0"
"Year 1 Mar 07 4:00 AM","0"
"Year 1 Mar 07 5:00 AM","0"
"Year 1 Mar 07 6:00 AM","0"
"Year 1 Mar 07 7:00 AM","3.37229688350494"
"Year 1 Mar 07 8:00 AM","14.2130919855646"
"Year 1 Mar 07 9:00 AM","20.2272176059327"
"Year 1 Mar 07 10:00 AM","40.7615343176339"
"Year 1 Mar 07 11:00 AM","55.8876906927357"
"Year 1 Mar 07 12:00 PM","61.820097025474"
"Year 1 Mar 07 1:00 PM","59.1382172277413"
"Year 1 Mar 07 2:00 PM","57.3114878389475"
"Year 1 Mar 07 3:00 PM","51.9300436879366"
"Year 1 Mar 07 4:00 PM","38.8658758805584"
"Year 1 Mar 07 5:00 PM","18.877162046102"
"Year 1 Mar 07 6:00 PM","4.31738616155963"
"Year 1 Mar 07 7:00 PM","0"
"Year 1 Mar 07 8:00 PM","0"
"Year 1 Mar 07 9:00 PM","0"
"Year 1 Mar 07 10:00 PM","0"
"Year 1 Mar 07 11:00 PM","0"
"Year 1 Mar 08 12:00 AM","0"
"Year 1 Mar 08 1:00 AM","0"
"Year 1 Mar 08 2:00 AM","0"
"Year 1 Mar 08 3:00 AM","0"
"Year 1 Mar 08 4:00 AM","0"
"Year 1 Mar 08 5:00 AM","0"
"Year 1 Mar 08 6:00 AM","0"
"Year 1 Mar 08 7:00 AM","5.47695967562836"
"Year 1 Mar 08 8:00 AM","16.2862872541272"
"Year 1 Mar 08 9:00 AM","22.0755219462647"
"Year 1 Mar 08 10:00 AM","25.7611833297116"
"Year 1 Mar 08 11:00 AM","27.1257613110548"
"Year 1 Mar 08 12:00 PM","27.5199012047221"
"Year 1 Mar 08 1:00 PM","27.6200017840787"
"Year 1 Mar 08 2:00 PM","27.147407482551"
"Year 1 Mar 08 3:00 PM","25.7318086081125"
"Year 1 Mar 08 4:00 PM","21.9399645188159"
"Year 1 Mar 08 5:00 PM","14.7253310583831"
"Year 1 Mar 08 6:00 PM","4.81335589017408"
"Year 1 Mar 08 7:00 PM","0"
"Year 1 Mar 08 8:00 PM","0"
"Year 1 Mar 08 9:00 PM","0"
"Year 1 Mar 08 10:00 PM","0"
"Year 1 Mar 08 11:00 PM","0"
"Year 1 Mar 09 12:00 AM","0"
"Year 1 Mar 09 1:00 AM","0"
"Year 1 Mar 09 2:00 AM","0"
"Year 1 Mar 09 3:00 AM","0"
"Year 1 Mar 09 4:00 AM","0"
"Year 1 Mar 09 5:00 AM","0"
"Year 1 Mar 09 6:00 AM","0"
"Year 1 Mar 09 7:00 AM","6.33379089576098"
"Year 1 Mar 09 8:00 AM","18.0081201524752"
"Year 1 Mar 09 9:00 AM","24.8749486335639"
"Year 1 Mar 09 10:00 AM","28.678265512665"
"Year 1 Mar 09 11:00 AM","33.0684059833855"
"Year 1 Mar 09 12:00 PM","33.5632574524297"
"Year 1 Mar 09 1:00 PM","33.5050219995887"
"Year 1 Mar 09 2:00 PM","33.0108699272177"
"Year 1 Mar 09 3:00 PM","28.5284812857819"
"Year 1 Mar 09 4:00 PM","24.3909441827759"
"Year 1 Mar 09 5:00 PM","16.8979603365504"
"Year 1 Mar 09 6:00 PM","5.1223640752049"
"Year 1 Mar 09 7:00 PM","0"
"Year 1 Mar 09 8:00 PM","0"
"Year 1 Mar 09 9:00 PM","0"
"Year 1 Mar 09 10:00 PM","0"
"Year 1 Mar 09 11:00 PM","0"
"Year 1 Mar 10 12:00 AM","0"
"Year 1 Mar 10 1:00 AM","0"
"Year 1 Mar 10 2:00 AM","0"
"Year 1 Mar 10 3:00 AM","0"
"Year 1 Mar 10 4:00 AM","0"
"Year 1 Mar 10 5:00 AM","0"
"Year 1 Mar 10 6:00 AM","0"
"Year 1 Mar 10 7:00 AM","6.80078444909197"
"Year 1 Mar 10 8:00 AM","20.4815533029833"
"Year 1 Mar 10 9:00 AM","30.2503722819634"
"Year 1 Mar 10 10:00 AM","37.9286703533846"
"Year 1 Mar 10 11:00 AM","39.9754445147582"
"Year 1 Mar 10 12:00 PM","41.4276282726919"
"Year 1 Mar 10 1:00 PM","47.7282650257055"
"Year 1 Mar 10 2:00 PM","48.2108253932462"
"Year 1 Mar 10 3:00 PM","50.3100531599588"
"Year 1 Mar 10 4:00 PM","38.4486841233643"
"Year 1 Mar 10 5:00 PM","20.770184165001"
"Year 1 Mar 10 6:00 PM","5.11667940244414"
"Year 1 Mar 10 7:00 PM","0"
"Year 1 Mar 10 8:00 PM","0"
"Year 1 Mar 10 9:00 PM","0"
"Year 1 Mar 10 10:00 PM","0"
"Year 1 Mar 10 11:00 PM","0"
"Year 1 Mar 11 12:00 AM","0"
"Year 1 Mar 11 1:00 AM","0"
"Year 1 Mar 11 2:00 AM","0"
"Year 1 Mar 11 3:00 AM","0"
"Year 1 Mar 11 4:00 AM","0"
"Year 1 Mar 11 5:00 AM","0"
"Year 1 Mar 11 6:00 AM","0"
"Year 1 Mar 11 7:00 AM","3.97792926482518"
"Year 1 Mar 11 8:00 AM","15.6221771662652"
"Year 1 Mar 11 9:00 AM","28.9839480512422"
"Year 1 Mar 11 10:00 AM","46.9414715951831"
"Year 1 Mar 11 11:00 AM","60.354948421321"
"Year 1 Mar 11 12:00 PM","64.4562978052786"
"Year 1 Mar 11 1:00 PM","67.4187605361884"
"Year 1 Mar 11 2:00 PM","60.0331259277852"
"Year 1 Mar 11 3:00 PM","49.7550850643451"
"Year 1 Mar 11 4:00 PM","36.7081212970341"
"Year 1 Mar 11 5:00 PM","15.0100725433464"
"Year 1 Mar 11 6:00 PM","3.20875190497197"
"Year 1 Mar 11 7:00 PM","0"
"Year 1 Mar 11 8:00 PM","0"
"Year 1 Mar 11 9:00 PM","0"
"Year 1 Mar 11 10:00 PM","0"
"Year 1 Mar 11 11:00 PM","0"
"Year 1 Mar 12 12:00 AM","0"
"Year 1 Mar 12 1:00 AM","0"
"Year 1 Mar 12 2:00 AM","0"
"Year 1 Mar 12 3:00 AM","0"
"Year 1 Mar 12 4:00 AM","0"
"Year 1 Mar 12 5:00 AM","0"
"Year 1 Mar 12 6:00 AM","0"
"Year 1 Mar 12 7:00 AM","7.04046773311045"
"Year 1 Mar 12 8:00 AM","17.6060079019988"
"Year 1 Mar 12 9:00 AM","23.7609940777733"
"Year 1 Mar 12 10:00 AM","29.0685440504777"
"Year 1 Mar 12 11:00 AM","30.3445237894035"
"Year 1 Mar 12 12:00 PM","30.6947515296558"
"Year 1 Mar 12 1:00 PM","30.669104250579"
"Year 1 Mar 12 2:00 PM","30.9493519618038"
"Year 1 Mar 12 3:00 PM","32.7940321428581"
"Year 1 Mar 12 4:00 PM","38.8278044207368"
"Year 1 Mar 12 5:00 PM","21.2561467834517"
"Year 1 Mar 12 6:00 PM","6.05920639566667"
"Year 1 Mar 12 7:00 PM","0"
"Year 1 Mar 12 8:00 PM","0"
"Year 1 Mar 12 9:00 PM","0"
"Year 1 Mar 12 10:00 PM","0"
"Year 1 Mar 12 11:00 PM","0"
"Year 1 Mar 13 12:00 AM","0"
"Year 1 Mar 13 1:00 AM","0"
"Year 1 Mar 13 2:00 AM","0"
"Year 1 Mar 13 3:00 AM","0"
"Year 1 Mar 13 4:00 AM","0"
"Year 1 Mar 13 5:00 AM","0"
"Year 1 Mar 13 6:00 AM","0"
"Year 1 Mar 13 7:00 AM","3.74437108315855"
"Year 1 Mar 13 8:00 AM","12.5581765864783"
"Year 1 Mar 13 9:00 AM","29.2652836033505"
"Year 1 Mar 13 10:00 AM","38.9589336749426"
"Year 1 Mar 13 11:00 AM","37.594169378218"
"Year 1 Mar 13 12:00 PM","38.3450176547489"
"Year 1 Mar 13 1:00 PM","38.8496600849203"
"Year 1 Mar 13 2:00 PM","39.1338344822216"
"Year 1 Mar 13 3:00 PM","49.649277487949"
"Year 1 Mar 13 4:00 PM","34.8112551837437"
"Year 1 Mar 13 5:00 PM","18.8778185404527"
"Year 1 Mar 13 6:00 PM","3.15166326916887"
"Year 1 Mar 13 7:00 PM","0"
"Year 1 Mar 13 8:00 PM","0"
"Year 1 Mar 13 9:00 PM","0"
"Year 1 Mar 13 10:00 PM","0"
"Year 1 Mar 13 11:00 PM","0"
"Year 1 Mar 14 12:00 AM","0"
"Year 1 Mar 14 1:00 AM","0"
"Year 1 Mar 14 2:00 AM","0"
"Year 1 Mar 14 3:00 AM","0"
"Year 1 Mar 14 4:00 AM","0"
"Year 1 Mar 14 5:00 AM","0"
"Year 1 Mar 14 6:00 AM","0"
"Year 1 Mar 14 7:00 AM","6.58748823873655"
"Year 1 Mar 14 8:00 AM","14.348237664302"
"Year 1 Mar 14 9:00 AM","20.7783355485384"
"Year 1 Mar 14 10:00 AM","29.1384034129763"
"Year 1 Mar 14 11:00 AM","30.4196331617466"
"Year 1 Mar 14 12:00 PM","36.1044374699246"
"Year 1 Mar 14 1:00 PM","54.0731063946161"
"Year 1 Mar 14 2:00 PM","49.270533907978"
"Year 1 Mar 14 3:00 PM","41.1739158335616"
"Year 1 Mar 14 4:00 PM","31.3512315009596"
"Year 1 Mar 14 5:00 PM","19.867794071055"
"Year 1 Mar 14 6:00 PM","7.20144837621917"
"Year 1 Mar 14 7:00 PM","0"
"Year 1 Mar 14 8:00 PM","0"
"Year 1 Mar 14 9:00 PM","0"
"Year 1 Mar 14 10:00 PM","0"
"Year 1 Mar 14 11:00 PM","0"
"Year 1 Mar 15 12:00 AM","0"
"Year 1 Mar 15 1:00 AM","0"
"Year 1 Mar 15 2:00 AM","0"
"Year 1 Mar 15 3:00 AM","0"
"Year 1 Mar 15 4:00 AM","0"
"Year 1 Mar 15 5:00 AM","0"
"Year 1 Mar 15 6:00 AM","0"
"Year 1 Mar 15 7:00 AM","7.57861522433017"
"Year 1 Mar 15 8:00 AM","14.9419707308347"
"Year 1 Mar 15 9:00 AM","20.7678517451333"
"Year 1 Mar 15 10:00 AM","24.0645045498924"
"Year 1 Mar 15 11:00 AM","24.987531047493"
"Year 1 Mar 15 12:00 PM","25.2208801342645"
"Year 1 Mar 15 1:00 PM","25.1909276383645"
"Year 1 Mar 15 2:00 PM","24.8660003020432"
"Year 1 Mar 15 3:00 PM","23.7359938571131"
"Year 1 Mar 15 4:00 PM","19.820226283501"
"Year 1 Mar 15 5:00 PM","14.2692706466679"
"Year 1 Mar 15 6:00 PM","5.92450703767188"
"Year 1 Mar 15 7:00 PM","0"
"Year 1 Mar 15 8:00 PM","0"
"Year 1 Mar 15 9:00 PM","0"
"Year 1 Mar 15 10:00 PM","0"
"Year 1 Mar 15 11:00 PM","0"
"Year 1 Mar 16 12:00 AM","0"
"Year 1 Mar 16 1:00 AM","0"
"Year 1 Mar 16 2:00 AM","0"
"Year 1 Mar 16 3:00 AM","0"
"Year 1 Mar 16 4:00 AM","0"
"Year 1 Mar 16 5:00 AM","0"
"Year 1 Mar 16 6:00 AM","0"
"Year 1 Mar 16 7:00 AM","9.74643402988368"
"Year 1 Mar 16 8:00 AM","25.0766070507471"
"Year 1 Mar 16 9:00 AM","40.0590204046778"
"Year 1 Mar 16 10:00 AM","53.6961487211988"
"Year 1 Mar 16 11:00 AM","47.5848886160632"
"Year 1 Mar 16 12:00 PM","58.1812248604285"
"Year 1 Mar 16 1:00 PM","62.3664371758749"
"Year 1 Mar 16 2:00 PM","54.3044582131393"
"Year 1 Mar 16 3:00 PM","48.6483709601057"
"Year 1 Mar 16 4:00 PM","35.9422579082151"
"Year 1 Mar 16 5:00 PM","18.753523413028"
"Year 1 Mar 16 6:00 PM","7.13642023954213"
"Year 1 Mar 16 7:00 PM","0"
"Year 1 Mar 16 8:00 PM","0"
"Year 1 Mar 16 9:00 PM","0"
"Year 1 Mar 16 10:00 PM","0"
"Year 1 Mar 16 11:00 PM","0"
"Year 1 Mar 17 12:00 AM","0"
"Year 1 Mar 17 1:00 AM","0"
"Year 1 Mar 17 2:00 AM","0"
"Year 1 Mar 17 3:00 AM","0"
"Year 1 Mar 17 4:00 AM","0"
"Year 1 Mar 17 5:00 AM","0"
"Year 1 Mar 17 6:00 AM","0"
"Year 1 Mar 17 7:00 AM","9.29701309456086"
"Year 1 Mar 17 8:00 AM","20.6464980803803"
"Year 1 Mar 17 9:00 AM","36.0990035148185"
"Year 1 Mar 17 10:00 AM","52.727565063873"
"Year 1 Mar 17 11:00 AM","50.3391533692405"
"Year 1 Mar 17 12:00 PM","57.5745957663241"
"Year 1 Mar 17 1:00 PM","62.4528144034866"
"Year 1 Mar 17 2:00 PM","41.6692535307398"
"Year 1 Mar 17 3:00 PM","29.6560880016357"
"Year 1 Mar 17 4:00 PM","26.7057252784746"
"Year 1 Mar 17 5:00 PM","16.7121876563979"
"Year 1 Mar 17 6:00 PM","6.42250136512823"
"Year 1 Mar 17 7:00 PM","0"
"Year 1 Mar 17 8:00 PM","0"
"Year 1 Mar 17 9:00 PM","0"
"Year 1 Mar 17 10:00 PM","0"
"Year 1 Mar 17 11:00 PM","0"
"Year 1 Mar 18 12:00 AM","0"
"Year 1 Mar 18 1:00 AM","0"
"Year 1 Mar 18 2:00 AM","0"
"Year 1 Mar 18 3:00 AM","0"
"Year 1 Mar 18 4:00 AM","0"
"Year 1 Mar 18 5:00 AM","0"
"Year 1 Mar 18 6:00 AM","0"
"Year 1 Mar 18 7:00 AM","9.55554464959444"
"Year 1 Mar 18 8:00 AM","21.3343437285885"
"Year 1 Mar 18 9:00 AM","28.1340992895202"
"Year 1 Mar 18 10:00 AM","31.6050842821661"
"Year 1 Mar 18 11:00 AM","34.7712883759748"
"Year 1 Mar 18 12:00 PM","35.7683807410809"
"Year 1 Mar 18 1:00 PM","35.7759919925518"
"Year 1 Mar 18 2:00 PM","34.2026951457828"
"Year 1 Mar 18 3:00 PM","31.1950268189889"
"Year 1 Mar 18 4:00 PM","27.2406746877119"
"Year 1 Mar 18 5:00 PM","19.2016470606309"
"Year 1 Mar 18 6:00 PM","6.53992090790947"
"Year 1 Mar 18 7:00 PM","0"
"Year 1 Mar 18 8:00 PM","0"
"Year 1 Mar 18 9:00 PM","0"
"Year 1 Mar 18 10:00 PM","0"
"Year 1 Mar 18 11:00 PM","0"
"Year 1 Mar 19 12:00 AM","0"
"Year 1 Mar 19 1:00 AM","0"
"Year 1 Mar 19 2:00 AM","0"
"Year 1 Mar 19 3:00 AM","0"
"Year 1 Mar 19 4:00 AM","0"
"Year 1 Mar 19 5:00 AM","0"
"Year 1 Mar 19 6:00 AM","0"
"Year 1 Mar 19 7:00 AM","11.170535114129"
"Year 1 Mar 19 8:00 AM","26.5032494474689"
"Year 1 Mar 19 9:00 AM","40.748537347691"
"Year 1 Mar 19 10:00 AM","53.5050147442482"
"Year 1 Mar 19 11:00 AM","51.3025519219703"
"Year 1 Mar 19 12:00 PM","47.7756666018873"
"Year 1 Mar 19 1:00 PM","42.7901125103595"
"Year 1 Mar 19 2:00 PM","37.7209455442838"
"Year 1 Mar 19 3:00 PM","34.4958368901615"
"Year 1 Mar 19 4:00 PM","30.7594328898127"
"Year 1 Mar 19 5:00 PM","19.5951731157379"
"Year 1 Mar 19 6:00 PM","6.86648321015145"
"Year 1 Mar 19 7:00 PM","0"
"Year 1 Mar 19 8:00 PM","0"
"Year 1 Mar 19 9:00 PM","0"
"Year 1 Mar 19 10:00 PM","0"
"Year 1 Mar 19 11:00 PM","0"
"Year 1 Mar 20 12:00 AM","0"
"Year 1 Mar 20 1:00 AM","0"
"Year 1 Mar 20 2:00 AM","0"
"Year 1 Mar 20 3:00 AM","0"
"Year 1 Mar 20 4:00 AM","0"
"Year 1 Mar 20 5:00 AM","0"
"Year 1 Mar 20 6:00 AM","0"
"Year 1 Mar 20 7:00 AM","9.97263070167678"
"Year 1 Mar 20 8:00 AM","20.9937094599094"
"Year 1 Mar 20 9:00 AM","27.115639462005"
"Year 1 Mar 20 10:00 AM","31.3480299592301"
"Year 1 Mar 20 11:00 AM","35.1459834050245"
"Year 1 Mar 20 12:00 PM","37.9235055266169"
"Year 1 Mar 20 1:00 PM","38.1438884855612"
"Year 1 Mar 20 2:00 PM","39.5809730995204"
"Year 1 Mar 20 3:00 PM","43.3911629515841"
"Year 1 Mar 20 4:00 PM","33.6927593519376"
"Year 1 Mar 20 5:00 PM","24.0728477000151"
"Year 1 Mar 20 6:00 PM","8.48893915821747"
"Year 1 Mar 20 7:00 PM","0"
"Year 1 Mar 20 8:00 PM","0"
"Year 1 Mar 20 9:00 PM","0"
"Year 1 Mar 20 10:00 PM","0"
"Year 1 Mar 20 11:00 PM","0"
"Year 1 Mar 21 12:00 AM","0"
"Year 1 Mar 21 1:00 AM","0"
"Year 1 Mar 21 2:00 AM","0"
"Year 1 Mar 21 3:00 AM","0"
"Year 1 Mar 21 4:00 AM","0"
"Year 1 Mar 21 5:00 AM","0"
"Year 1 Mar 21 6:00 AM","0.688531172991376"
"Year 1 Mar 21 7:00 AM","10.0262511765237"
"Year 1 Mar 21 8:00 AM","18.1147063893088"
"Year 1 Mar 21 9:00 AM","25.2802676221604"
"Year 1 Mar 21 10:00 AM","28.6424213295983"
"Year 1 Mar 21 11:00 AM","29.7571203069819"
"Year 1 Mar 21 12:00 PM","28.2639487623406"
"Year 1 Mar 21 1:00 PM","32.7697750240647"
"Year 1 Mar 21 2:00 PM","40.1381292360215"
"Year 1 Mar 21 3:00 PM","41.0874262356649"
"Year 1 Mar 21 4:00 PM","35.2883069952883"
"Year 1 Mar 21 5:00 PM","25.6312754429091"
"Year 1 Mar 21 6:00 PM","8.3826172154911"
"Year 1 Mar 21 7:00 PM","0"
"Year 1 Mar 21 8:00 PM","0"
"Year 1 Mar 21 9:00 PM","0"
"Year 1 Mar 21 10:00 PM","0"
"Year 1 Mar 21 11:00 PM","0"
"Year 1 Mar 22 12:00 AM","0"
"Year 1 Mar 22 1:00 AM","0"
"Year 1 Mar 22 2:00 AM","0"
"Year 1 Mar 22 3:00 AM","0"
"Year 1 Mar 22 4:00 AM","0"
"Year 1 Mar 22 5:00 AM","0"
"Year 1 Mar 22 6:00 AM","0.760490453522772"
"Year 1 Mar 22 7:00 AM","11.3823314968387"
"Year 1 Mar 22 8:00 AM","24.2711204748303"
"Year 1 Mar 22 9:00 AM","32.1447321102213"
"Year 1 Mar 22 10:00 AM","41.6637116234221"
"Year 1 Mar 22 11:00 AM","46.7598501009492"
"Year 1 Mar 22 12:00 PM","55.9069174827214"
"Year 1 Mar 22 1:00 PM","53.9653598290539"
"Year 1 Mar 22 2:00 PM","57.7204321189139"
"Year 1 Mar 22 3:00 PM","46.5780278790879"
"Year 1 Mar 22 4:00 PM","31.7665232326323"
"Year 1 Mar 22 5:00 PM","19.0878265645185"
"Year 1 Mar 22 6:00 PM","6.56856074209578"
"Year 1 Mar 22 7:00 PM","0"
"Year 1 Mar 22 8:00 PM","0"
"Year 1 Mar 22 9:00 PM","0"
"Year 1 Mar 22 10:00 PM","0"
"Year 1 Mar 22 11:00 PM","0"
"Year 1 Mar 23 12:00 AM","0"
"Year 1 Mar 23 1:00 AM","0"
"Year 1 Mar 23 2:00 AM","0"
"Year 1 Mar 23 3:00 AM","0"
"Year 1 Mar 23 4:00 AM","0"
"Year 1 Mar 23 5:00 AM","0"
"Year 1 Mar 23 6:00 AM","0.549833139518356"
"Year 1 Mar 23 7:00 AM","9.04421798877033"
"Year 1 Mar 23 8:00 AM","23.1012966657755"
"Year 1 Mar 23 9:00 AM","32.806224704424"
"Year 1 Mar 23 10:00 AM","57.266383264595"
"Year 1 Mar 23 11:00 AM","47.9942071751995"
"Year 1 Mar 23 12:00 PM","49.3717191638871"
"Year 1 Mar 23 1:00 PM","51.0945214346777"
"Year 1 Mar 23 2:00 PM","45.7552245791067"
"Year 1 Mar 23 3:00 PM","41.1109978825403"
"Year 1 Mar 23 4:00 PM","41.8144958668259"
"Year 1 Mar 23 5:00 PM","18.5759800710457"
"Year 1 Mar 23 6:00 PM","5.80338281438481"
"Year 1 Mar 23 7:00 PM","0"
"Year 1 Mar 23 8:00 PM","0"
"Year 1 Mar 23 9:00 PM","0"
"Year 1 Mar 23 10:00 PM","0"
"Year 1 Mar 23 11:00 PM","0"
"Year 1 Mar 24 12:00 AM","0"
"Year 1 Mar 24 1:00 AM","0"
"Year 1 Mar 24 2:00 AM","0"
"Year 1 Mar 24 3:00 AM","0"
"Year 1 Mar 24 4:00 AM","0"
"Year 1 Mar 24 5:00 AM","0"
"Year 1 Mar 24 6:00 AM","0.471057236892882"
"Year 1 Mar 24 7:00 AM","6.72090120186342"
"Year 1 Mar 24 8:00 AM","17.0776436992876"
"Year 1 Mar 24 9:00 AM","33.3809689924045"
"Year 1 Mar 24 10:00 AM","54.9037498799379"
"Year 1 Mar 24 11:00 AM","49.7806654109147"
"Year 1 Mar 24 12:00 PM","53.4878315761382"
"Year 1 Mar 24 1:00 PM","70.495697018798"
"Year 1 Mar 24 2:00 PM","49.6323421366198"
"Year 1 Mar 24 3:00 PM","40.0904584134584"
"Year 1 Mar 24 4:00 PM","38.2108472993073"
"Year 1 Mar 24 5:00 PM","22.8036299407835"
"Year 1 Mar 24 6:00 PM","8.00860120367066"
"Year 1 Mar 24 7:00 PM","0"
"Year 1 Mar 24 8:00 PM","0"
"Year 1 Mar 24 9:00 PM","0"
"Year 1 Mar 24 10:00 PM","0"
"Year 1 Mar 24 11:00 PM","0"
"Year 1 Mar 25 12:00 AM","0"
"Year 1 Mar 25 1:00 AM","0"
"Year 1 Mar 25 2:00 AM","0"
"Year 1 Mar 25 3:00 AM","0"
"Year 1 Mar 25 4:00 AM","0"
"Year 1 Mar 25 5:00 AM","0"
"Year 1 Mar 25 6:00 AM","0.869712512970265"
"Year 1 Mar 25 7:00 AM","12.1432561711311"
"Year 1 Mar 25 8:00 AM","30.6295323758683"
"Year 1 Mar 25 9:00 AM","50.7483180956315"
"Year 1 Mar 25 10:00 AM","61.7039930881823"
"Year 1 Mar 25 11:00 AM","71.5019672436783"
"Year 1 Mar 25 12:00 PM","77.8364837305355"
"Year 1 Mar 25 1:00 PM","78.9423660114873"
"Year 1 Mar 25 2:00 PM","72.0618854825211"
"Year 1 Mar 25 3:00 PM","59.2102539312879"
"Year 1 Mar 25 4:00 PM","46.1612637810159"
"Year 1 Mar 25 5:00 PM","27.0246347713331"
"Year 1 Mar 25 6:00 PM","9.97952948246431"
"Year 1 Mar 25 7:00 PM","0"
"Year 1 Mar 25 8:00 PM","0"
"Year 1 Mar 25 9:00 PM","0"
"Year 1 Mar 25 10:00 PM","0"
"Year 1 Mar 25 11:00 PM","0"
"Year 1 Mar 26 12:00 AM","0"
"Year 1 Mar 26 1:00 AM","0"
"Year 1 Mar 26 2:00 AM","0"
"Year 1 Mar 26 3:00 AM","0"
"Year 1 Mar 26 4:00 AM","0"
"Year 1 Mar 26 5:00 AM","0"
"Year 1 Mar 26 6:00 AM","1.12026987540439"
"Year 1 Mar 26 7:00 AM","12.1946415251111"
"Year 1 Mar 26 8:00 AM","22.9976921983993"
"Year 1 Mar 26 9:00 AM","28.7677814268494"
"Year 1 Mar 26 10:00 AM","32.0155776512595"
"Year 1 Mar 26 11:00 AM","36.4231556481981"
"Year 1 Mar 26 12:00 PM","45.5253117335246"
"Year 1 Mar 26 1:00 PM","48.8195156247976"
"Year 1 Mar 26 2:00 PM","49.0340915685117"
"Year 1 Mar 26 3:00 PM","42.482443265957"
"Year 1 Mar 26 4:00 PM","38.8344802135659"
"Year 1 Mar 26 5:00 PM","23.3673461284662"
"Year 1 Mar 26 6:00 PM","9.87504014989972"
"Year 1 Mar 26 7:00 PM","0"
"Year 1 Mar 26 8:00 PM","0"
"Year 1 Mar 26 9:00 PM","0"
"Year 1 Mar 26 10:00 PM","0"
"Year 1 Mar 26 11:00 PM","0"
"Year 1 Mar 27 12:00 AM","0"
"Year 1 Mar 27 1:00 AM","0"
"Year 1 Mar 27 2:00 AM","0"
"Year 1 Mar 27 3:00 AM","0"
"Year 1 Mar 27 4:00 AM","0"
"Year 1 Mar 27 5:00 AM","0"
"Year 1 Mar 27 6:00 AM","0.591412815289679"
"Year 1 Mar 27 7:00 AM","7.63255421357247"
"Year 1 Mar 27 8:00 AM","23.6938060465854"
"Year 1 Mar 27 9:00 AM","25.2867793043761"
"Year 1 Mar 27 10:00 AM","36.052575936099"
"Year 1 Mar 27 11:00 AM","56.4694691880457"
"Year 1 Mar 27 12:00 PM","51.9356043172641"
"Year 1 Mar 27 1:00 PM","42.5786386140797"
"Year 1 Mar 27 2:00 PM","52.3849756593594"
"Year 1 Mar 27 3:00 PM","58.0293606895695"
"Year 1 Mar 27 4:00 PM","39.8312412042778"
"Year 1 Mar 27 5:00 PM","24.2712284824548"
"Year 1 Mar 27 6:00 PM","10.7303812127849"
"Year 1 Mar 27 7:00 PM","0"
"Year 1 Mar 27 8:00 PM","0"
"Year 1 Mar 27 9:00 PM","0"
"Year 1 Mar 27 10:00 PM","0"
"Year 1 Mar 27 11:00 PM","0"
"Year 1 Mar 28 12:00 AM","0"
"Year 1 Mar 28 1:00 AM","0"
"Year 1 Mar 28 2:00 AM","0"
"Year 1 Mar 28 3:00 AM","0"
"Year 1 Mar 28 4:00 AM","0"
"Year 1 Mar 28 5:00 AM","0"
"Year 1 Mar 28 6:00 AM","1.05479994364162"
"Year 1 Mar 28 7:00 AM","9.91184228429787"
"Year 1 Mar 28 8:00 AM","23.8973713079021"
"Year 1 Mar 28 9:00 AM","21.8201715529954"
"Year 1 Mar 28 10:00 AM","34.37918651408"
"Year 1 Mar 28 11:00 AM","62.4002033284826"
"Year 1 Mar 28 12:00 PM","64.6562782959819"
"Year 1 Mar 28 1:00 PM","69.8111833281715"
"Year 1 Mar 28 2:00 PM","57.5442162661444"
"Year 1 Mar 28 3:00 PM","41.1393121019096"
"Year 1 Mar 28 4:00 PM","39.003631148896"
"Year 1 Mar 28 5:00 PM","17.0353756812907"
"Year 1 Mar 28 6:00 PM","5.55052560838786"
"Year 1 Mar 28 7:00 PM","0"
"Year 1 Mar 28 8:00 PM","0"
"Year 1 Mar 28 9:00 PM","0"
"Year 1 Mar 28 10:00 PM","0"
"Year 1 Mar 28 11:00 PM","0"
"Year 1 Mar 29 12:00 AM","0"
"Year 1 Mar 29 1:00 AM","0"
"Year 1 Mar 29 2:00 AM","0"
"Year 1 Mar 29 3:00 AM","0"
"Year 1 Mar 29 4:00 AM","0"
"Year 1 Mar 29 5:00 AM","0"
"Year 1 Mar 29 6:00 AM","2.41165540730419"
"Year 1 Mar 29 7:00 AM","14.3083325273443"
"Year 1 Mar 29 8:00 AM","28.4634506052254"
"Year 1 Mar 29 9:00 AM","48.5809956881257"
"Year 1 Mar 29 10:00 AM","57.7079263835843"
"Year 1 Mar 29 11:00 AM","70.2738605268852"
"Year 1 Mar 29 12:00 PM","75.7219316011615"
"Year 1 Mar 29 1:00 PM","76.3163233997283"
"Year 1 Mar 29 2:00 PM","66.8760264410519"
"Year 1 Mar 29 3:00 PM","59.9251768209676"
"Year 1 Mar 29 4:00 PM","35.4046539617038"
"Year 1 Mar 29 5:00 PM","25.1545017117709"
"Year 1 Mar 29 6:00 PM","9.43803483067161"
"Year 1 Mar 29 7:00 PM","0"
"Year 1 Mar 29 8:00 PM","0"
"Year 1 Mar 29 9:00 PM","0"
"Year 1 Mar 29 10:00 PM","0"
"Year 1 Mar 29 11:00 PM","0"
"Year 1 Mar 30 12:00 AM","0"
"Year 1 Mar 30 1:00 AM","0"
"Year 1 Mar 30 2:00 AM","0"
"Year 1 Mar 30 3:00 AM","0"
"Year 1 Mar 30 4:00 AM","0"
"Year 1 Mar 30 5:00 AM","0"
"Year 1 Mar 30 6:00 AM","2.02965620376328"
"Year 1 Mar 30 7:00 AM","13.6951666407123"
"Year 1 Mar 30 8:00 AM","32.0499451180916"
"Year 1 Mar 30 9:00 AM","49.6603884306162"
"Year 1 Mar 30 10:00 AM","63.4176597107992"
"Year 1 Mar 30 11:00 AM","75.1721419540717"
"Year 1 Mar 30 12:00 PM","83.4019470663672"
"Year 1 Mar 30 1:00 PM","80.0641954216321"
"Year 1 Mar 30 2:00 PM","72.6924468165575"
"Year 1 Mar 30 3:00 PM","64.232336642712"
"Year 1 Mar 30 4:00 PM","46.4702577354518"
"Year 1 Mar 30 5:00 PM","28.7452522677496"
"Year 1 Mar 30 6:00 PM","10.5937189702679"
"Year 1 Mar 30 7:00 PM","0"
"Year 1 Mar 30 8:00 PM","0"
"Year 1 Mar 30 9:00 PM","0"
"Year 1 Mar 30 10:00 PM","0"
"Year 1 Mar 30 11:00 PM","0"
"Year 1 Mar 31 12:00 AM","0"
"Year 1 Mar 31 1:00 AM","0"
"Year 1 Mar 31 2:00 AM","0"
"Year 1 Mar 31 3:00 AM","0"
"Year 1 Mar 31 4:00 AM","0"
"Year 1 Mar 31 5:00 AM","0"
"Year 1 Mar 31 6:00 AM","1.3230618935248"
"Year 1 Mar 31 7:00 AM","9.59253331913894"
"Year 1 Mar 31 8:00 AM","22.3347966633999"
"Year 1 Mar 31 9:00 AM","37.8388246154776"
"Year 1 Mar 31 10:00 AM","62.5565522539375"
"Year 1 Mar 31 11:00 AM","74.1164719181739"
"Year 1 Mar 31 12:00 PM","74.1666244210495"
"Year 1 Mar 31 1:00 PM","53.1829018125722"
"Year 1 Mar 31 2:00 PM","49.8940063881266"
"Year 1 Mar 31 3:00 PM","55.1655439576916"
"Year 1 Mar 31 4:00 PM","30.3928490607789"
"Year 1 Mar 31 5:00 PM","17.0055956793643"
"Year 1 Mar 31 6:00 PM","6.74746099827473"
"Year 1 Mar 31 7:00 PM","0.411126057074664"
"Year 1 Mar 31 8:00 PM","0"
"Year 1 Mar 31 9:00 PM","0"
"Year 1 Mar 31 10:00 PM","0"
"Year 1 Mar 31 11:00 PM","0"
"Year 1 Apr 01 12:00 AM","0"
"Year 1 Apr 01 1:00 AM","0"
"Year 1 Apr 01 2:00 AM","0"
"Year 1 Apr 01 3:00 AM","0"
"Year 1 Apr 01 4:00 AM","0"
"Year 1 Apr 01 5:00 AM","0"
"Year 1 Apr 01 6:00 AM","4.31568418884788"
"Year 1 Apr 01 7:00 AM","21.0204705412999"
"Year 1 Apr 01 8:00 AM","32.5348434528666"
"Year 1 Apr 01 9:00 AM","43.5757475711767"
"Year 1 Apr 01 10:00 AM","59.046327223748"
"Year 1 Apr 01 11:00 AM","61.0637806446337"
"Year 1 Apr 01 12:00 PM","55.7830073384089"
"Year 1 Apr 01 1:00 PM","40.755728837263"
"Year 1 Apr 01 2:00 PM","36.4056947063251"
"Year 1 Apr 01 3:00 PM","29.8522225663064"
"Year 1 Apr 01 4:00 PM","20.5218773807306"
"Year 1 Apr 01 5:00 PM","16.5448796817056"
"Year 1 Apr 01 6:00 PM","8.1507779633909"
"Year 1 Apr 01 7:00 PM","0.467422363696504"
"Year 1 Apr 01 8:00 PM","0"
"Year 1 Apr 01 9:00 PM","0"
"Year 1 Apr 01 10:00 PM","0"
"Year 1 Apr 01 11:00 PM","0"
"Year 1 Apr 02 12:00 AM","0"
"Year 1 Apr 02 1:00 AM","0"
"Year 1 Apr 02 2:00 AM","0"
"Year 1 Apr 02 3:00 AM","0"
"Year 1 Apr 02 4:00 AM","0"
"Year 1 Apr 02 5:00 AM","0"
"Year 1 Apr 02 6:00 AM","2.13526126583736"
"Year 1 Apr 02 7:00 AM","11.0584504666221"
"Year 1 Apr 02 8:00 AM","19.8648564418264"
"Year 1 Apr 02 9:00 AM","50.5459063923615"
"Year 1 Apr 02 10:00 AM","59.0353798491587"
"Year 1 Apr 02 11:00 AM","64.4274693548964"
"Year 1 Apr 02 12:00 PM","50.1913840556175"
"Year 1 Apr 02 1:00 PM","65.075477060516"
"Year 1 Apr 02 2:00 PM","51.677436802997"
"Year 1 Apr 02 3:00 PM","38.214240970756"
"Year 1 Apr 02 4:00 PM","24.3818093034922"
"Year 1 Apr 02 5:00 PM","13.6484841385322"
"Year 1 Apr 02 6:00 PM","4.56140707265145"
"Year 1 Apr 02 7:00 PM","0.249939696719589"
"Year 1 Apr 02 8:00 PM","0"
"Year 1 Apr 02 9:00 PM","0"
"Year 1 Apr 02 10:00 PM","0"
"Year 1 Apr 02 11:00 PM","0"
"Year 1 Apr 03 12:00 AM","0"
"Year 1 Apr 03 1:00 AM","0"
"Year 1 Apr 03 2:00 AM","0"
"Year 1 Apr 03 3:00 AM","0"
"Year 1 Apr 03 4:00 AM","0"
"Year 1 Apr 03 5:00 AM","0"
"Year 1 Apr 03 6:00 AM","5.75144511814021"
"Year 1 Apr 03 7:00 AM","20.9082969782156"
"Year 1 Apr 03 8:00 AM","25.474130190691"
"Year 1 Apr 03 9:00 AM","35.8998617336943"
"Year 1 Apr 03 10:00 AM","45.4745044914722"
"Year 1 Apr 03 11:00 AM","52.308835375151"
"Year 1 Apr 03 12:00 PM","57.2649456394516"
"Year 1 Apr 03 1:00 PM","53.3266256627083"
"Year 1 Apr 03 2:00 PM","61.1806817666692"
"Year 1 Apr 03 3:00 PM","52.1373164366804"
"Year 1 Apr 03 4:00 PM","43.4935894872974"
"Year 1 Apr 03 5:00 PM","29.1172310554049"
"Year 1 Apr 03 6:00 PM","12.7896150259934"
"Year 1 Apr 03 7:00 PM","0.735383647983587"
"Year 1 Apr 03 8:00 PM","0"
"Year 1 Apr 03 9:00 PM","0"
"Year 1 Apr 03 10:00 PM","0"
"Year 1 Apr 03 11:00 PM","0"
"Year 1 Apr 04 12:00 AM","0"
"Year 1 Apr 04 1:00 AM","0"
"Year 1 Apr 04 2:00 AM","0"
"Year 1 Apr 04 3:00 AM","0"
"Year 1 Apr 04 4:00 AM","0"
"Year 1 Apr 04 5:00 AM","0"
"Year 1 Apr 04 6:00 AM","5.74982516637503"
"Year 1 Apr 04 7:00 AM","23.0575776744609"
"Year 1 Apr 04 8:00 AM","37.6026604368053"
"Year 1 Apr 04 9:00 AM","52.0598373529645"
"Year 1 Apr 04 10:00 AM","58.4670970126958"
"Year 1 Apr 04 11:00 AM","51.8683827716644"
"Year 1 Apr 04 12:00 PM","44.7186534322792"
"Year 1 Apr 04 1:00 PM","42.9550384121951"
"Year 1 Apr 04 2:00 PM","39.662975319783"
"Year 1 Apr 04 3:00 PM","30.802158609162"
"Year 1 Apr 04 4:00 PM","23.6575807393103"
"Year 1 Apr 04 5:00 PM","18.6969376720471"
"Year 1 Apr 04 6:00 PM","8.5723205606885"
"Year 1 Apr 04 7:00 PM","0.49341116279756"
"Year 1 Apr 04 8:00 PM","0"
"Year 1 Apr 04 9:00 PM","0"
"Year 1 Apr 04 10:00 PM","0"
"Year 1 Apr 04 11:00 PM","0"
"Year 1 Apr 05 12:00 AM","0"
"Year 1 Apr 05 1:00 AM","0"
"Year 1 Apr 05 2:00 AM","0"
"Year 1 Apr 05 3:00 AM","0"
"Year 1 Apr 05 4:00 AM","0"
"Year 1 Apr 05 5:00 AM","0"
"Year 1 Apr 05 6:00 AM","5.41137722416244"
"Year 1 Apr 05 7:00 AM","22.6400675115146"
"Year 1 Apr 05 8:00 AM","38.8973206921584"
"Year 1 Apr 05 9:00 AM","53.8966950946068"
"Year 1 Apr 05 10:00 AM","64.793413618754"
"Year 1 Apr 05 11:00 AM","69.1707348399203"
"Year 1 Apr 05 12:00 PM","73.1247649918294"
"Year 1 Apr 05 1:00 PM","70.3284663591929"
"Year 1 Apr 05 2:00 PM","43.1920964308238"
"Year 1 Apr 05 3:00 PM","32.764521565606"
"Year 1 Apr 05 4:00 PM","40.4928850810993"
"Year 1 Apr 05 5:00 PM","24.8614551605311"
"Year 1 Apr 05 6:00 PM","14.2892939350042"
"Year 1 Apr 05 7:00 PM","0.821401987642795"
"Year 1 Apr 05 8:00 PM","0"
"Year 1 Apr 05 9:00 PM","0"
"Year 1 Apr 05 10:00 PM","0"
"Year 1 Apr 05 11:00 PM","0"
"Year 1 Apr 06 12:00 AM","0"
"Year 1 Apr 06 1:00 AM","0"
"Year 1 Apr 06 2:00 AM","0"
"Year 1 Apr 06 3:00 AM","0"
"Year 1 Apr 06 4:00 AM","0"
"Year 1 Apr 06 5:00 AM","0"
"Year 1 Apr 06 6:00 AM","6.16909769331826"
"Year 1 Apr 06 7:00 AM","23.284196107663"
"Year 1 Apr 06 8:00 AM","33.6432820888106"
"Year 1 Apr 06 9:00 AM","41.1729170840879"
"Year 1 Apr 06 10:00 AM","42.3337153896771"
"Year 1 Apr 06 11:00 AM","43.7549995761996"
"Year 1 Apr 06 12:00 PM","49.1334267062553"
"Year 1 Apr 06 1:00 PM","42.5201707281971"
"Year 1 Apr 06 2:00 PM","41.3174903371681"
"Year 1 Apr 06 3:00 PM","40.6862909089737"
"Year 1 Apr 06 4:00 PM","39.1430962261343"
"Year 1 Apr 06 5:00 PM","29.8434360477406"
"Year 1 Apr 06 6:00 PM","13.8479187228435"
"Year 1 Apr 06 7:00 PM","0.828355395970051"
"Year 1 Apr 06 8:00 PM","0"
"Year 1 Apr 06 9:00 PM","0"
"Year 1 Apr 06 10:00 PM","0"
"Year 1 Apr 06 11:00 PM","0"
"Year 1 Apr 07 12:00 AM","0"
"Year 1 Apr 07 1:00 AM","0"
"Year 1 Apr 07 2:00 AM","0"
"Year 1 Apr 07 3:00 AM","0"
"Year 1 Apr 07 4:00 AM","0"
"Year 1 Apr 07 5:00 AM","0"
"Year 1 Apr 07 6:00 AM","1.90348650605829"
"Year 1 Apr 07 7:00 AM","10.5475007805932"
"Year 1 Apr 07 8:00 AM","14.8921029674203"
"Year 1 Apr 07 9:00 AM","22.9513980219724"
"Year 1 Apr 07 10:00 AM","30.1479815134404"
"Year 1 Apr 07 11:00 AM","33.305420073187"
"Year 1 Apr 07 12:00 PM","37.1043931794699"
"Year 1 Apr 07 1:00 PM","37.5061505107296"
"Year 1 Apr 07 2:00 PM","38.3889967586864"
"Year 1 Apr 07 3:00 PM","33.1451812799683"
"Year 1 Apr 07 4:00 PM","30.3652878684812"
"Year 1 Apr 07 5:00 PM","17.2865863040242"
"Year 1 Apr 07 6:00 PM","9.15834443844793"
"Year 1 Apr 07 7:00 PM","0.561961765622376"
"Year 1 Apr 07 8:00 PM","0"
"Year 1 Apr 07 9:00 PM","0"
"Year 1 Apr 07 10:00 PM","0"
"Year 1 Apr 07 11:00 PM","0"
"Year 1 Apr 08 12:00 AM","0"
"Year 1 Apr 08 1:00 AM","0"
"Year 1 Apr 08 2:00 AM","0"
"Year 1 Apr 08 3:00 AM","0"
"Year 1 Apr 08 4:00 AM","0"
"Year 1 Apr 08 5:00 AM","0"
"Year 1 Apr 08 6:00 AM","2.32597929279114"
"Year 1 Apr 08 7:00 AM","12.6293584048105"
"Year 1 Apr 08 8:00 AM","17.933919720117"
"Year 1 Apr 08 9:00 AM","23.7170637829182"
"Year 1 Apr 08 10:00 AM","26.8524091142316"
"Year 1 Apr 08 11:00 AM","31.0112063441316"
"Year 1 Apr 08 12:00 PM","32.1408503266624"
"Year 1 Apr 08 1:00 PM","32.972520398831"
"Year 1 Apr 08 2:00 PM","32.4793002206452"
"Year 1 Apr 08 3:00 PM","27.8041612309933"
"Year 1 Apr 08 4:00 PM","24.4553489695181"
"Year 1 Apr 08 5:00 PM","14.3182824078414"
"Year 1 Apr 08 6:00 PM","6.20599521861114"
"Year 1 Apr 08 7:00 PM","0.36877315525511"
"Year 1 Apr 08 8:00 PM","0"
"Year 1 Apr 08 9:00 PM","0"
"Year 1 Apr 08 10:00 PM","0"
"Year 1 Apr 08 11:00 PM","0"
"Year 1 Apr 09 12:00 AM","0"
"Year 1 Apr 09 1:00 AM","0"
"Year 1 Apr 09 2:00 AM","0"
"Year 1 Apr 09 3:00 AM","0"
"Year 1 Apr 09 4:00 AM","0"
"Year 1 Apr 09 5:00 AM","0"
"Year 1 Apr 09 6:00 AM","6.64315933718526"
"Year 1 Apr 09 7:00 AM","22.6924045144886"
"Year 1 Apr 09 8:00 AM","24.2833397285001"
"Year 1 Apr 09 9:00 AM","27.6398178314163"
"Year 1 Apr 09 10:00 AM","28.2375010732373"
"Year 1 Apr 09 11:00 AM","32.029727843304"
"Year 1 Apr 09 12:00 PM","41.598274009087"
"Year 1 Apr 09 1:00 PM","60.3317172299345"
"Year 1 Apr 09 2:00 PM","52.6242916692573"
"Year 1 Apr 09 3:00 PM","41.5913245581459"
"Year 1 Apr 09 4:00 PM","42.4944583304478"
"Year 1 Apr 09 5:00 PM","32.6705467100043"
"Year 1 Apr 09 6:00 PM","15.6300033317747"
"Year 1 Apr 09 7:00 PM","1.43737221191692"
"Year 1 Apr 09 8:00 PM","0"
"Year 1 Apr 09 9:00 PM","0"
"Year 1 Apr 09 10:00 PM","0"
"Year 1 Apr 09 11:00 PM","0"
"Year 1 Apr 10 12:00 AM","0"
"Year 1 Apr 10 1:00 AM","0"
"Year 1 Apr 10 2:00 AM","0"
"Year 1 Apr 10 3:00 AM","0"
"Year 1 Apr 10 4:00 AM","0"
"Year 1 Apr 10 5:00 AM","0"
"Year 1 Apr 10 6:00 AM","7.90844177342672"
"Year 1 Apr 10 7:00 AM","25.4362697844952"
"Year 1 Apr 10 8:00 AM","34.1285724437112"
"Year 1 Apr 10 9:00 AM","40.2549988770131"
"Year 1 Apr 10 10:00 AM","40.5572327226369"
"Year 1 Apr 10 11:00 AM","39.4472227752687"
"Year 1 Apr 10 12:00 PM","41.1436892246255"
"Year 1 Apr 10 1:00 PM","36.7338152373288"
"Year 1 Apr 10 2:00 PM","35.9561290375131"
"Year 1 Apr 10 3:00 PM","37.8435554431695"
"Year 1 Apr 10 4:00 PM","36.3124055315473"
"Year 1 Apr 10 5:00 PM","26.8924798391841"
"Year 1 Apr 10 6:00 PM","14.3465544115726"
"Year 1 Apr 10 7:00 PM","1.28236259274841"
"Year 1 Apr 10 8:00 PM","0"
"Year 1 Apr 10 9:00 PM","0"
"Year 1 Apr 10 10:00 PM","0"
"Year 1 Apr 10 11:00 PM","0"
"Year 1 Apr 11 12:00 AM","0"
"Year 1 Apr 11 1:00 AM","0"
"Year 1 Apr 11 2:00 AM","0"
"Year 1 Apr 11 3:00 AM","0"
"Year 1 Apr 11 4:00 AM","0"
"Year 1 Apr 11 5:00 AM","0"
"Year 1 Apr 11 6:00 AM","9.83114715318091"
"Year 1 Apr 11 7:00 AM","25.887851684666"
"Year 1 Apr 11 8:00 AM","38.1819539306393"
"Year 1 Apr 11 9:00 AM","51.1476666299352"
"Year 1 Apr 11 10:00 AM","46.4657431740272"
"Year 1 Apr 11 11:00 AM","42.7571299254526"
"Year 1 Apr 11 12:00 PM","50.5368959565315"
"Year 1 Apr 11 1:00 PM","55.8708785041704"
"Year 1 Apr 11 2:00 PM","52.1974898044147"
"Year 1 Apr 11 3:00 PM","42.3669390144183"
"Year 1 Apr 11 4:00 PM","37.1087929332727"
"Year 1 Apr 11 5:00 PM","27.5155057732654"
"Year 1 Apr 11 6:00 PM","14.6035466360052"
"Year 1 Apr 11 7:00 PM","1.40426311844195"
"Year 1 Apr 11 8:00 PM","0"
"Year 1 Apr 11 9:00 PM","0"
"Year 1 Apr 11 10:00 PM","0"
"Year 1 Apr 11 11:00 PM","0"
"Year 1 Apr 12 12:00 AM","0"
"Year 1 Apr 12 1:00 AM","0"
"Year 1 Apr 12 2:00 AM","0"
"Year 1 Apr 12 3:00 AM","0"
"Year 1 Apr 12 4:00 AM","0"
"Year 1 Apr 12 5:00 AM","0"
"Year 1 Apr 12 6:00 AM","11.3713860242145"
"Year 1 Apr 12 7:00 AM","27.3073254551962"
"Year 1 Apr 12 8:00 AM","26.1424176058699"
"Year 1 Apr 12 9:00 AM","42.4100911258048"
"Year 1 Apr 12 10:00 AM","47.5258713484745"
"Year 1 Apr 12 11:00 AM","52.8605823402083"
"Year 1 Apr 12 12:00 PM","51.8077389426621"
"Year 1 Apr 12 1:00 PM","50.4001419427214"
"Year 1 Apr 12 2:00 PM","46.5920935681835"
"Year 1 Apr 12 3:00 PM","41.0278999675807"
"Year 1 Apr 12 4:00 PM","34.5879555851824"
"Year 1 Apr 12 5:00 PM","16.1340306092388"
"Year 1 Apr 12 6:00 PM","5.05398198673947"
"Year 1 Apr 12 7:00 PM","0.410513121027446"
"Year 1 Apr 12 8:00 PM","0"
"Year 1 Apr 12 9:00 PM","0"
"Year 1 Apr 12 10:00 PM","0"
"Year 1 Apr 12 11:00 PM","0"
"Year 1 Apr 13 12:00 AM","0"
"Year 1 Apr 13 1:00 AM","0"
"Year 1 Apr 13 2:00 AM","0"
"Year 1 Apr 13 3:00 AM","0"
"Year 1 Apr 13 4:00 AM","0"
"Year 1 Apr 13 5:00 AM","0"
"Year 1 Apr 13 6:00 AM","11.2616577246814"
"Year 1 Apr 13 7:00 AM","27.1399075993058"
"Year 1 Apr 13 8:00 AM","34.354543315479"
"Year 1 Apr 13 9:00 AM","43.5540844977417"
"Year 1 Apr 13 10:00 AM","57.7529585165189"
"Year 1 Apr 13 11:00 AM","67.3090876767828"
"Year 1 Apr 13 12:00 PM","50.8802278436981"
"Year 1 Apr 13 1:00 PM","36.3942916786064"
"Year 1 Apr 13 2:00 PM","44.0458647583751"
"Year 1 Apr 13 3:00 PM","52.6612938839307"
"Year 1 Apr 13 4:00 PM","50.0676356919224"
"Year 1 Apr 13 5:00 PM","32.8153904912651"
"Year 1 Apr 13 6:00 PM","12.9799203012499"
"Year 1 Apr 13 7:00 PM","1.1250904177561"
"Year 1 Apr 13 8:00 PM","0"
"Year 1 Apr 13 9:00 PM","0"
"Year 1 Apr 13 10:00 PM","0"
"Year 1 Apr 13 11:00 PM","0"
"Year 1 Apr 14 12:00 AM","0"
"Year 1 Apr 14 1:00 AM","0"
"Year 1 Apr 14 2:00 AM","0"
"Year 1 Apr 14 3:00 AM","0"
"Year 1 Apr 14 4:00 AM","0"
"Year 1 Apr 14 5:00 AM","0"
"Year 1 Apr 14 6:00 AM","7.75828199998937"
"Year 1 Apr 14 7:00 AM","26.9581813768582"
"Year 1 Apr 14 8:00 AM","36.1299387689336"
"Year 1 Apr 14 9:00 AM","40.2502277959058"
"Year 1 Apr 14 10:00 AM","38.5927166205528"
"Year 1 Apr 14 11:00 AM","37.1663582139006"
"Year 1 Apr 14 12:00 PM","39.9337080651758"
"Year 1 Apr 14 1:00 PM","46.0749991417108"
"Year 1 Apr 14 2:00 PM","40.3657171525603"
"Year 1 Apr 14 3:00 PM","47.1107681559461"
"Year 1 Apr 14 4:00 PM","47.4389241580446"
"Year 1 Apr 14 5:00 PM","33.4356077535776"
"Year 1 Apr 14 6:00 PM","15.5569068819886"
"Year 1 Apr 14 7:00 PM","1.46571838507061"
"Year 1 Apr 14 8:00 PM","0"
"Year 1 Apr 14 9:00 PM","0"
"Year 1 Apr 14 10:00 PM","0"
"Year 1 Apr 14 11:00 PM","0"
"Year 1 Apr 15 12:00 AM","0"
"Year 1 Apr 15 1:00 AM","0"
"Year 1 Apr 15 2:00 AM","0"
"Year 1 Apr 15 3:00 AM","0"
"Year 1 Apr 15 4:00 AM","0"
"Year 1 Apr 15 5:00 AM","0"
"Year 1 Apr 15 6:00 AM","8.31552444863373"
"Year 1 Apr 15 7:00 AM","31.3289567422236"
"Year 1 Apr 15 8:00 AM","42.3393921071035"
"Year 1 Apr 15 9:00 AM","45.7254820245548"
"Year 1 Apr 15 10:00 AM","43.1371181805972"
"Year 1 Apr 15 11:00 AM","38.7026677163"
"Year 1 Apr 15 12:00 PM","34.8979649745843"
"Year 1 Apr 15 1:00 PM","38.2552387996537"
"Year 1 Apr 15 2:00 PM","39.6995518850324"
"Year 1 Apr 15 3:00 PM","40.6498278839492"
"Year 1 Apr 15 4:00 PM","37.9286693530752"
"Year 1 Apr 15 5:00 PM","29.5254621979326"
"Year 1 Apr 15 6:00 PM","16.3377075846133"
"Year 1 Apr 15 7:00 PM","1.51748277185129"
"Year 1 Apr 15 8:00 PM","0"
"Year 1 Apr 15 9:00 PM","0"
"Year 1 Apr 15 10:00 PM","0"
"Year 1 Apr 15 11:00 PM","0"
"Year 1 Apr 16 12:00 AM","0"
"Year 1 Apr 16 1:00 AM","0"
"Year 1 Apr 16 2:00 AM","0"
"Year 1 Apr 16 3:00 AM","0"
"Year 1 Apr 16 4:00 AM","0"
"Year 1 Apr 16 5:00 AM","0"
"Year 1 Apr 16 6:00 AM","7.86201871090885"
"Year 1 Apr 16 7:00 AM","27.9808506225005"
"Year 1 Apr 16 8:00 AM","34.8596556251328"
"Year 1 Apr 16 9:00 AM","41.236585430903"
"Year 1 Apr 16 10:00 AM","40.0123032702283"
"Year 1 Apr 16 11:00 AM","41.3919593595784"
"Year 1 Apr 16 12:00 PM","48.0072747550016"
"Year 1 Apr 16 1:00 PM","39.1843689929927"
"Year 1 Apr 16 2:00 PM","39.5377772660275"
"Year 1 Apr 16 3:00 PM","49.1298167862377"
"Year 1 Apr 16 4:00 PM","50.8067988729107"
"Year 1 Apr 16 5:00 PM","31.1279343099346"
"Year 1 Apr 16 6:00 PM","13.9753923359303"
"Year 1 Apr 16 7:00 PM","1.2832770105333"
"Year 1 Apr 16 8:00 PM","0"
"Year 1 Apr 16 9:00 PM","0"
"Year 1 Apr 16 10:00 PM","0"
"Year 1 Apr 16 11:00 PM","0"
"Year 1 Apr 17 12:00 AM","0"
"Year 1 Apr 17 1:00 AM","0"
"Year 1 Apr 17 2:00 AM","0"
"Year 1 Apr 17 3:00 AM","0"
"Year 1 Apr 17 4:00 AM","0"
"Year 1 Apr 17 5:00 AM","0"
"Year 1 Apr 17 6:00 AM","9.59311224588959"
"Year 1 Apr 17 7:00 AM","31.831158097349"
"Year 1 Apr 17 8:00 AM","42.1740483028762"
"Year 1 Apr 17 9:00 AM","56.7409914269706"
"Year 1 Apr 17 10:00 AM","63.6518432844861"
"Year 1 Apr 17 11:00 AM","57.5086682670856"
"Year 1 Apr 17 12:00 PM","42.0777564979414"
"Year 1 Apr 17 1:00 PM","40.9013063083878"
"Year 1 Apr 17 2:00 PM","40.6307924271018"
"Year 1 Apr 17 3:00 PM","42.8748684282"
"Year 1 Apr 17 4:00 PM","38.572512305639"
"Year 1 Apr 17 5:00 PM","30.0168681379416"
"Year 1 Apr 17 6:00 PM","15.7165952113497"
"Year 1 Apr 17 7:00 PM","1.59671193771395"
"Year 1 Apr 17 8:00 PM","0"
"Year 1 Apr 17 9:00 PM","0"
"Year 1 Apr 17 10:00 PM","0"
"Year 1 Apr 17 11:00 PM","0"
"Year 1 Apr 18 12:00 AM","0"
"Year 1 Apr 18 1:00 AM","0"
"Year 1 Apr 18 2:00 AM","0"
"Year 1 Apr 18 3:00 AM","0"
"Year 1 Apr 18 4:00 AM","0"
"Year 1 Apr 18 5:00 AM","0"
"Year 1 Apr 18 6:00 AM","7.67214220514787"
"Year 1 Apr 18 7:00 AM","30.2445241864838"
"Year 1 Apr 18 8:00 AM","43.6194954199253"
"Year 1 Apr 18 9:00 AM","58.8498816911085"
"Year 1 Apr 18 10:00 AM","65.2447186400113"
"Year 1 Apr 18 11:00 AM","54.9909457467421"
"Year 1 Apr 18 12:00 PM","56.3057922619444"
"Year 1 Apr 18 1:00 PM","53.7848573819323"
"Year 1 Apr 18 2:00 PM","45.2508189726366"
"Year 1 Apr 18 3:00 PM","51.1639002043387"
"Year 1 Apr 18 4:00 PM","43.1851700737097"
"Year 1 Apr 18 5:00 PM","25.707469155289"
"Year 1 Apr 18 6:00 PM","18.4709629763873"
"Year 1 Apr 18 7:00 PM","1.98571355923295"
"Year 1 Apr 18 8:00 PM","0"
"Year 1 Apr 18 9:00 PM","0"
"Year 1 Apr 18 10:00 PM","0"
"Year 1 Apr 18 11:00 PM","0"
"Year 1 Apr 19 12:00 AM","0"
"Year 1 Apr 19 1:00 AM","0"
"Year 1 Apr 19 2:00 AM","0"
"Year 1 Apr 19 3:00 AM","0"
"Year 1 Apr 19 4:00 AM","0"
"Year 1 Apr 19 5:00 AM","0"
"Year 1 Apr 19 6:00 AM","7.54115762326753"
"Year 1 Apr 19 7:00 AM","28.0428547652556"
"Year 1 Apr 19 8:00 AM","33.5524124409956"
"Year 1 Apr 19 9:00 AM","54.341422782113"
"Year 1 Apr 19 10:00 AM","58.2719303205981"
"Year 1 Apr 19 11:00 AM","47.512762229445"
"Year 1 Apr 19 12:00 PM","49.8359040018794"
"Year 1 Apr 19 1:00 PM","44.8422075451747"
"Year 1 Apr 19 2:00 PM","51.0919356897847"
"Year 1 Apr 19 3:00 PM","60.0119094064039"
"Year 1 Apr 19 4:00 PM","47.8254739164209"
"Year 1 Apr 19 5:00 PM","35.935512646971"
"Year 1 Apr 19 6:00 PM","19.3193717626762"
"Year 1 Apr 19 7:00 PM","1.99660072750307"
"Year 1 Apr 19 8:00 PM","0"
"Year 1 Apr 19 9:00 PM","0"
"Year 1 Apr 19 10:00 PM","0"
"Year 1 Apr 19 11:00 PM","0"
"Year 1 Apr 20 12:00 AM","0"
"Year 1 Apr 20 1:00 AM","0"
"Year 1 Apr 20 2:00 AM","0"
"Year 1 Apr 20 3:00 AM","0"
"Year 1 Apr 20 4:00 AM","0"
"Year 1 Apr 20 5:00 AM","0"
"Year 1 Apr 20 6:00 AM","4.92189653241249"
"Year 1 Apr 20 7:00 AM","27.2126008349086"
"Year 1 Apr 20 8:00 AM","42.7330469167078"
"Year 1 Apr 20 9:00 AM","51.3027706556233"
"Year 1 Apr 20 10:00 AM","50.638288334715"
"Year 1 Apr 20 11:00 AM","60.5214560294116"
"Year 1 Apr 20 12:00 PM","56.1566447313256"
"Year 1 Apr 20 1:00 PM","68.3454409455115"
"Year 1 Apr 20 2:00 PM","61.9248805471127"
"Year 1 Apr 20 3:00 PM","56.2338276822316"
"Year 1 Apr 20 4:00 PM","48.7613515901726"
"Year 1 Apr 20 5:00 PM","24.3496255097757"
"Year 1 Apr 20 6:00 PM","12.0389115993573"
"Year 1 Apr 20 7:00 PM","1.32406487436931"
"Year 1 Apr 20 8:00 PM","0"
"Year 1 Apr 20 9:00 PM","0"
"Year 1 Apr 20 10:00 PM","0"
"Year 1 Apr 20 11:00 PM","0"
"Year 1 Apr 21 12:00 AM","0"
"Year 1 Apr 21 1:00 AM","0"
"Year 1 Apr 21 2:00 AM","0"
"Year 1 Apr 21 3:00 AM","0"
"Year 1 Apr 21 4:00 AM","0"
"Year 1 Apr 21 5:00 AM","0"
"Year 1 Apr 21 6:00 AM","1.57005423691745"
"Year 1 Apr 21 7:00 AM","10.4818115005465"
"Year 1 Apr 21 8:00 AM","19.5219257157763"
"Year 1 Apr 21 9:00 AM","25.0053897677086"
"Year 1 Apr 21 10:00 AM","38.6741289649614"
"Year 1 Apr 21 11:00 AM","40.9984087916837"
"Year 1 Apr 21 12:00 PM","41.8638146793883"
"Year 1 Apr 21 1:00 PM","37.4982558261361"
"Year 1 Apr 21 2:00 PM","30.7444419158397"
"Year 1 Apr 21 3:00 PM","30.098094592317"
"Year 1 Apr 21 4:00 PM","39.1538457632648"
"Year 1 Apr 21 5:00 PM","16.7621499858934"
"Year 1 Apr 21 6:00 PM","8.47687143928442"
"Year 1 Apr 21 7:00 PM","0.983711045709718"
"Year 1 Apr 21 8:00 PM","0"
"Year 1 Apr 21 9:00 PM","0"
"Year 1 Apr 21 10:00 PM","0"
"Year 1 Apr 21 11:00 PM","0"
"Year 1 Apr 22 12:00 AM","0"
"Year 1 Apr 22 1:00 AM","0"
"Year 1 Apr 22 2:00 AM","0"
"Year 1 Apr 22 3:00 AM","0"
"Year 1 Apr 22 4:00 AM","0"
"Year 1 Apr 22 5:00 AM","0"
"Year 1 Apr 22 6:00 AM","8.28600489134253"
"Year 1 Apr 22 7:00 AM","32.7111433278352"
"Year 1 Apr 22 8:00 AM","37.9911777170562"
"Year 1 Apr 22 9:00 AM","29.6706039013889"
"Year 1 Apr 22 10:00 AM","32.6074547986877"
"Year 1 Apr 22 11:00 AM","42.2100494431776"
"Year 1 Apr 22 12:00 PM","38.4450802582372"
"Year 1 Apr 22 1:00 PM","44.9486321332336"
"Year 1 Apr 22 2:00 PM","53.8632778197845"
"Year 1 Apr 22 3:00 PM","36.3381507757361"
"Year 1 Apr 22 4:00 PM","31.0511112942495"
"Year 1 Apr 22 5:00 PM","27.2708632839976"
"Year 1 Apr 22 6:00 PM","16.9036029015405"
"Year 1 Apr 22 7:00 PM","2.30176058671411"
"Year 1 Apr 22 8:00 PM","0"
"Year 1 Apr 22 9:00 PM","0"
"Year 1 Apr 22 10:00 PM","0"
"Year 1 Apr 22 11:00 PM","0"
"Year 1 Apr 23 12:00 AM","0"
"Year 1 Apr 23 1:00 AM","0"
"Year 1 Apr 23 2:00 AM","0"
"Year 1 Apr 23 3:00 AM","0"
"Year 1 Apr 23 4:00 AM","0"
"Year 1 Apr 23 5:00 AM","0"
"Year 1 Apr 23 6:00 AM","10.3765553751714"
"Year 1 Apr 23 7:00 AM","30.1722437275644"
"Year 1 Apr 23 8:00 AM","33.6116516517225"
"Year 1 Apr 23 9:00 AM","34.6539599989417"
"Year 1 Apr 23 10:00 AM","36.1093023866098"
"Year 1 Apr 23 11:00 AM","34.6689341239774"
"Year 1 Apr 23 12:00 PM","33.8484103399921"
"Year 1 Apr 23 1:00 PM","34.3133238094326"
"Year 1 Apr 23 2:00 PM","36.1910928442005"
"Year 1 Apr 23 3:00 PM","38.5197387195871"
"Year 1 Apr 23 4:00 PM","38.525250144433"
"Year 1 Apr 23 5:00 PM","29.5203676971341"
"Year 1 Apr 23 6:00 PM","17.1464745841554"
"Year 1 Apr 23 7:00 PM","2.41542775768968"
"Year 1 Apr 23 8:00 PM","0"
"Year 1 Apr 23 9:00 PM","0"
"Year 1 Apr 23 10:00 PM","0"
"Year 1 Apr 23 11:00 PM","0"
"Year 1 Apr 24 12:00 AM","0"
"Year 1 Apr 24 1:00 AM","0"
"Year 1 Apr 24 2:00 AM","0"
"Year 1 Apr 24 3:00 AM","0"
"Year 1 Apr 24 4:00 AM","0"
"Year 1 Apr 24 5:00 AM","0"
"Year 1 Apr 24 6:00 AM","8.5789115476408"
"Year 1 Apr 24 7:00 AM","32.0093785717194"
"Year 1 Apr 24 8:00 AM","36.5399832446527"
"Year 1 Apr 24 9:00 AM","40.1601315765634"
"Year 1 Apr 24 10:00 AM","38.9708566318724"
"Year 1 Apr 24 11:00 AM","40.0697199386428"
"Year 1 Apr 24 12:00 PM","54.5492063699866"
"Year 1 Apr 24 1:00 PM","69.9893260274213"
"Year 1 Apr 24 2:00 PM","48.180995413306"
"Year 1 Apr 24 3:00 PM","28.4096458218753"
"Year 1 Apr 24 4:00 PM","20.6126950229777"
"Year 1 Apr 24 5:00 PM","13.097765549082"
"Year 1 Apr 24 6:00 PM","6.16807678046147"
"Year 1 Apr 24 7:00 PM","1.11981465083025"
"Year 1 Apr 24 8:00 PM","0"
"Year 1 Apr 24 9:00 PM","0"
"Year 1 Apr 24 10:00 PM","0"
"Year 1 Apr 24 11:00 PM","0"
"Year 1 Apr 25 12:00 AM","0"
"Year 1 Apr 25 1:00 AM","0"
"Year 1 Apr 25 2:00 AM","0"
"Year 1 Apr 25 3:00 AM","0"
"Year 1 Apr 25 4:00 AM","0"
"Year 1 Apr 25 5:00 AM","0"
"Year 1 Apr 25 6:00 AM","8.57359201335572"
"Year 1 Apr 25 7:00 AM","32.9836481981863"
"Year 1 Apr 25 8:00 AM","37.1541416926216"
"Year 1 Apr 25 9:00 AM","40.9865614324272"
"Year 1 Apr 25 10:00 AM","38.6328015008131"
"Year 1 Apr 25 11:00 AM","36.7386579352935"
"Year 1 Apr 25 12:00 PM","37.688566412355"
"Year 1 Apr 25 1:00 PM","37.4973728108205"
"Year 1 Apr 25 2:00 PM","37.5456396999321"
"Year 1 Apr 25 3:00 PM","39.051710888214"
"Year 1 Apr 25 4:00 PM","38.8019660336601"
"Year 1 Apr 25 5:00 PM","29.7017460660127"
"Year 1 Apr 25 6:00 PM","17.1003720012784"
"Year 1 Apr 25 7:00 PM","2.65362791494661"
"Year 1 Apr 25 8:00 PM","0"
"Year 1 Apr 25 9:00 PM","0"
"Year 1 Apr 25 10:00 PM","0"
"Year 1 Apr 25 11:00 PM","0"
"Year 1 Apr 26 12:00 AM","0"
"Year 1 Apr 26 1:00 AM","0"
"Year 1 Apr 26 2:00 AM","0"
"Year 1 Apr 26 3:00 AM","0"
"Year 1 Apr 26 4:00 AM","0"
"Year 1 Apr 26 5:00 AM","0"
"Year 1 Apr 26 6:00 AM","9.27204151862136"
"Year 1 Apr 26 7:00 AM","32.9921441067332"
"Year 1 Apr 26 8:00 AM","36.8660710164362"
"Year 1 Apr 26 9:00 AM","42.4895067281407"
"Year 1 Apr 26 10:00 AM","44.8974818971244"
"Year 1 Apr 26 11:00 AM","38.4757510305164"
"Year 1 Apr 26 12:00 PM","33.0063485191585"
"Year 1 Apr 26 1:00 PM","33.2556659680004"
"Year 1 Apr 26 2:00 PM","37.6886438675551"
"Year 1 Apr 26 3:00 PM","39.7050614082007"
"Year 1 Apr 26 4:00 PM","38.551577996055"
"Year 1 Apr 26 5:00 PM","30.1189182979156"
"Year 1 Apr 26 6:00 PM","17.871013245761"
"Year 1 Apr 26 7:00 PM","2.62417629317526"
"Year 1 Apr 26 8:00 PM","0"
"Year 1 Apr 26 9:00 PM","0"
"Year 1 Apr 26 10:00 PM","0"
"Year 1 Apr 26 11:00 PM","0"
"Year 1 Apr 27 12:00 AM","0"
"Year 1 Apr 27 1:00 AM","0"
"Year 1 Apr 27 2:00 AM","0"
"Year 1 Apr 27 3:00 AM","0"
"Year 1 Apr 27 4:00 AM","0"
"Year 1 Apr 27 5:00 AM","0.558962427276698"
"Year 1 Apr 27 6:00 AM","9.1024741528153"
"Year 1 Apr 27 7:00 AM","10.9015440028506"
"Year 1 Apr 27 8:00 AM","21.0530338760192"
"Year 1 Apr 27 9:00 AM","32.0965460745805"
"Year 1 Apr 27 10:00 AM","36.5576477029778"
"Year 1 Apr 27 11:00 AM","35.7297236789222"
"Year 1 Apr 27 12:00 PM","35.8143365522573"
"Year 1 Apr 27 1:00 PM","34.1715954273456"
"Year 1 Apr 27 2:00 PM","31.8986291866444"
"Year 1 Apr 27 3:00 PM","28.0245184934905"
"Year 1 Apr 27 4:00 PM","20.9556764147494"
"Year 1 Apr 27 5:00 PM","13.3025425698801"
"Year 1 Apr 27 6:00 PM","6.14693105673547"
"Year 1 Apr 27 7:00 PM","1.0186766786481"
"Year 1 Apr 27 8:00 PM","0"
"Year 1 Apr 27 9:00 PM","0"
"Year 1 Apr 27 10:00 PM","0"
"Year 1 Apr 27 11:00 PM","0"
"Year 1 Apr 28 12:00 AM","0"
"Year 1 Apr 28 1:00 AM","0"
"Year 1 Apr 28 2:00 AM","0"
"Year 1 Apr 28 3:00 AM","0"
"Year 1 Apr 28 4:00 AM","0"
"Year 1 Apr 28 5:00 AM","0.739920440136405"
"Year 1 Apr 28 6:00 AM","20.0504462526189"
"Year 1 Apr 28 7:00 AM","23.8847864765936"
"Year 1 Apr 28 8:00 AM","21.9088745296643"
"Year 1 Apr 28 9:00 AM","28.5551156057623"
"Year 1 Apr 28 10:00 AM","29.7461887972111"
"Year 1 Apr 28 11:00 AM","34.0163154121947"
"Year 1 Apr 28 12:00 PM","35.7050749982457"
"Year 1 Apr 28 1:00 PM","34.1741521077492"
"Year 1 Apr 28 2:00 PM","32.5401390274163"
"Year 1 Apr 28 3:00 PM","32.118057290094"
"Year 1 Apr 28 4:00 PM","28.0771468825601"
"Year 1 Apr 28 5:00 PM","19.1200590174863"
"Year 1 Apr 28 6:00 PM","5.03393013273354"
"Year 1 Apr 28 7:00 PM","0.609532363444158"
"Year 1 Apr 28 8:00 PM","0"
"Year 1 Apr 28 9:00 PM","0"
"Year 1 Apr 28 10:00 PM","0"
"Year 1 Apr 28 11:00 PM","0"
"Year 1 Apr 29 12:00 AM","0"
"Year 1 Apr 29 1:00 AM","0"
"Year 1 Apr 29 2:00 AM","0"
"Year 1 Apr 29 3:00 AM","0"
"Year 1 Apr 29 4:00 AM","0"
"Year 1 Apr 29 5:00 AM","0.737075034453808"
"Year 1 Apr 29 6:00 AM","19.2420525880603"
"Year 1 Apr 29 7:00 AM","30.4847439263602"
"Year 1 Apr 29 8:00 AM","45.2623646141089"
"Year 1 Apr 29 9:00 AM","55.4245355631305"
"Year 1 Apr 29 10:00 AM","70.8178323688768"
"Year 1 Apr 29 11:00 AM","76.5756039616048"
"Year 1 Apr 29 12:00 PM","67.4717272719228"
"Year 1 Apr 29 1:00 PM","46.7890633190093"
"Year 1 Apr 29 2:00 PM","57.2487164969658"
"Year 1 Apr 29 3:00 PM","41.8396238488266"
"Year 1 Apr 29 4:00 PM","39.1597657608368"
"Year 1 Apr 29 5:00 PM","31.4324355289234"
"Year 1 Apr 29 6:00 PM","20.7166211426106"
"Year 1 Apr 29 7:00 PM","3.6309144339234"
"Year 1 Apr 29 8:00 PM","0"
"Year 1 Apr 29 9:00 PM","0"
"Year 1 Apr 29 10:00 PM","0"
"Year 1 Apr 29 11:00 PM","0"
"Year 1 Apr 30 12:00 AM","0"
"Year 1 Apr 30 1:00 AM","0"
"Year 1 Apr 30 2:00 AM","0"
"Year 1 Apr 30 3:00 AM","0"
"Year 1 Apr 30 4:00 AM","0"
"Year 1 Apr 30 5:00 AM","0.878837634888083"
"Year 1 Apr 30 6:00 AM","31.8414264774885"
"Year 1 Apr 30 7:00 AM","42.2458480468761"
"Year 1 Apr 30 8:00 AM","45.1746119539668"
"Year 1 Apr 30 9:00 AM","56.7642037152874"
"Year 1 Apr 30 10:00 AM","51.5224875611565"
"Year 1 Apr 30 11:00 AM","63.7215304911987"
"Year 1 Apr 30 12:00 PM","64.3842053712336"
"Year 1 Apr 30 1:00 PM","75.0297483861804"
"Year 1 Apr 30 2:00 PM","74.1144545632571"
"Year 1 Apr 30 3:00 PM","61.3562253078303"
"Year 1 Apr 30 4:00 PM","47.9099584906704"
"Year 1 Apr 30 5:00 PM","40.1654503331022"
"Year 1 Apr 30 6:00 PM","20.2132529441384"
"Year 1 Apr 30 7:00 PM","3.90964585792521"
"Year 1 Apr 30 8:00 PM","0"
"Year 1 Apr 30 9:00 PM","0"
"Year 1 Apr 30 10:00 PM","0"
"Year 1 Apr 30 11:00 PM","0"
"Year 1 May 01 12:00 AM","0"
"Year 1 May 01 1:00 AM","0"
"Year 1 May 01 2:00 AM","0"
"Year 1 May 01 3:00 AM","0"
"Year 1 May 01 4:00 AM","0"
"Year 1 May 01 5:00 AM","0.592261668636566"
"Year 1 May 01 6:00 AM","12.8719794103339"
"Year 1 May 01 7:00 AM","32.6626681741581"
"Year 1 May 01 8:00 AM","46.2822501528834"
"Year 1 May 01 9:00 AM","57.6142004844824"
"Year 1 May 01 10:00 AM","64.2257052827282"
"Year 1 May 01 11:00 AM","77.7243949996231"
"Year 1 May 01 12:00 PM","89.6728843472243"
"Year 1 May 01 1:00 PM","86.5629308033054"
"Year 1 May 01 2:00 PM","71.7844065752054"
"Year 1 May 01 3:00 PM","59.025930582925"
"Year 1 May 01 4:00 PM","48.1994202693581"
"Year 1 May 01 5:00 PM","35.1104502400918"
"Year 1 May 01 6:00 PM","18.225592792274"
"Year 1 May 01 7:00 PM","3.63048717621258"
"Year 1 May 01 8:00 PM","0"
"Year 1 May 01 9:00 PM","0"
"Year 1 May 01 10:00 PM","0"
"Year 1 May 01 11:00 PM","0"
"Year 1 May 02 12:00 AM","0"
"Year 1 May 02 1:00 AM","0"
"Year 1 May 02 2:00 AM","0"
"Year 1 May 02 3:00 AM","0"
"Year 1 May 02 4:00 AM","0"
"Year 1 May 02 5:00 AM","1.26509576850165"
"Year 1 May 02 6:00 AM","11.5555019111558"
"Year 1 May 02 7:00 AM","24.559833230936"
"Year 1 May 02 8:00 AM","32.4250820058927"
"Year 1 May 02 9:00 AM","52.7258681214023"
"Year 1 May 02 10:00 AM","46.9196798594701"
"Year 1 May 02 11:00 AM","44.7914088195037"
"Year 1 May 02 12:00 PM","56.5203600694411"
"Year 1 May 02 1:00 PM","60.7603622133547"
"Year 1 May 02 2:00 PM","57.0718925664449"
"Year 1 May 02 3:00 PM","46.4327234554777"
"Year 1 May 02 4:00 PM","38.2535021665101"
"Year 1 May 02 5:00 PM","30.680270719388"
"Year 1 May 02 6:00 PM","18.851682598125"
"Year 1 May 02 7:00 PM","4.8135033763876"
"Year 1 May 02 8:00 PM","0"
"Year 1 May 02 9:00 PM","0"
"Year 1 May 02 10:00 PM","0"
"Year 1 May 02 11:00 PM","0"
"Year 1 May 03 12:00 AM","0"
"Year 1 May 03 1:00 AM","0"
"Year 1 May 03 2:00 AM","0"
"Year 1 May 03 3:00 AM","0"
"Year 1 May 03 4:00 AM","0"
"Year 1 May 03 5:00 AM","2.61720380996116"
"Year 1 May 03 6:00 AM","29.2089273309664"
"Year 1 May 03 7:00 AM","23.9744977793695"
"Year 1 May 03 8:00 AM","23.6493460668319"
"Year 1 May 03 9:00 AM","26.8873208792463"
"Year 1 May 03 10:00 AM","27.8798130073501"
"Year 1 May 03 11:00 AM","26.5974844827617"
"Year 1 May 03 12:00 PM","25.6480962045718"
"Year 1 May 03 1:00 PM","26.0569213996236"
"Year 1 May 03 2:00 PM","27.4271070163594"
"Year 1 May 03 3:00 PM","28.1852623370474"
"Year 1 May 03 4:00 PM","24.6803191623099"
"Year 1 May 03 5:00 PM","21.2477446654462"
"Year 1 May 03 6:00 PM","13.9330089053066"
"Year 1 May 03 7:00 PM","4.6266633416731"
"Year 1 May 03 8:00 PM","0"
"Year 1 May 03 9:00 PM","0"
"Year 1 May 03 10:00 PM","0"
"Year 1 May 03 11:00 PM","0"
"Year 1 May 04 12:00 AM","0"
"Year 1 May 04 1:00 AM","0"
"Year 1 May 04 2:00 AM","0"
"Year 1 May 04 3:00 AM","0"
"Year 1 May 04 4:00 AM","0"
"Year 1 May 04 5:00 AM","6.55285581590152"
"Year 1 May 04 6:00 AM","30.0627865447924"
"Year 1 May 04 7:00 AM","30.9216933766518"
"Year 1 May 04 8:00 AM","33.3236323516176"
"Year 1 May 04 9:00 AM","36.8614126082529"
"Year 1 May 04 10:00 AM","37.2374515540511"
"Year 1 May 04 11:00 AM","37.4948031238303"
"Year 1 May 04 12:00 PM","36.5042700241203"
"Year 1 May 04 1:00 PM","37.5739856323965"
"Year 1 May 04 2:00 PM","44.1194230633587"
"Year 1 May 04 3:00 PM","41.6342615703721"
"Year 1 May 04 4:00 PM","37.8445390290815"
"Year 1 May 04 5:00 PM","31.0417115490647"
"Year 1 May 04 6:00 PM","19.1668944703059"
"Year 1 May 04 7:00 PM","4.64280612820409"
"Year 1 May 04 8:00 PM","0"
"Year 1 May 04 9:00 PM","0"
"Year 1 May 04 10:00 PM","0"
"Year 1 May 04 11:00 PM","0"
"Year 1 May 05 12:00 AM","0"
"Year 1 May 05 1:00 AM","0"
"Year 1 May 05 2:00 AM","0"
"Year 1 May 05 3:00 AM","0"
"Year 1 May 05 4:00 AM","0"
"Year 1 May 05 5:00 AM","5.81311146639271"
"Year 1 May 05 6:00 AM","31.3257052389415"
"Year 1 May 05 7:00 AM","25.4946578805835"
"Year 1 May 05 8:00 AM","25.7360728256569"
"Year 1 May 05 9:00 AM","27.7541945849372"
"Year 1 May 05 10:00 AM","29.1810264785362"
"Year 1 May 05 11:00 AM","28.0643844030522"
"Year 1 May 05 12:00 PM","26.9473244522719"
"Year 1 May 05 1:00 PM","30.3426480774181"
"Year 1 May 05 2:00 PM","45.7192670300053"
"Year 1 May 05 3:00 PM","47.7116617699491"
"Year 1 May 05 4:00 PM","41.8944434826048"
"Year 1 May 05 5:00 PM","34.4705113225618"
"Year 1 May 05 6:00 PM","21.8581891518325"
"Year 1 May 05 7:00 PM","5.01359089120499"
"Year 1 May 05 8:00 PM","0"
"Year 1 May 05 9:00 PM","0"
"Year 1 May 05 10:00 PM","0"
"Year 1 May 05 11:00 PM","0"
"Year 1 May 06 12:00 AM","0"
"Year 1 May 06 1:00 AM","0"
"Year 1 May 06 2:00 AM","0"
"Year 1 May 06 3:00 AM","0"
"Year 1 May 06 4:00 AM","0"
"Year 1 May 06 5:00 AM","6.59378939612432"
"Year 1 May 06 6:00 AM","33.5940765512657"
"Year 1 May 06 7:00 AM","27.5552363370556"
"Year 1 May 06 8:00 AM","26.5518394681774"
"Year 1 May 06 9:00 AM","29.6268213707472"
"Year 1 May 06 10:00 AM","30.0063480637265"
"Year 1 May 06 11:00 AM","29.5871702245979"
"Year 1 May 06 12:00 PM","31.8768039405657"
"Year 1 May 06 1:00 PM","44.5030317554294"
"Year 1 May 06 2:00 PM","48.9872626522497"
"Year 1 May 06 3:00 PM","51.3369478095631"
"Year 1 May 06 4:00 PM","47.9005116043565"
"Year 1 May 06 5:00 PM","33.1406305604462"
"Year 1 May 06 6:00 PM","20.345649770435"
"Year 1 May 06 7:00 PM","5.53627046855569"
"Year 1 May 06 8:00 PM","0"
"Year 1 May 06 9:00 PM","0"
"Year 1 May 06 10:00 PM","0"
"Year 1 May 06 11:00 PM","0"
"Year 1 May 07 12:00 AM","0"
"Year 1 May 07 1:00 AM","0"
"Year 1 May 07 2:00 AM","0"
"Year 1 May 07 3:00 AM","0"
"Year 1 May 07 4:00 AM","0"
"Year 1 May 07 5:00 AM","7.28722101273108"
"Year 1 May 07 6:00 AM","34.1461392000783"
"Year 1 May 07 7:00 AM","31.1493370515084"
"Year 1 May 07 8:00 AM","31.5788729198148"
"Year 1 May 07 9:00 AM","45.9099987501362"
"Year 1 May 07 10:00 AM","58.3962413792552"
"Year 1 May 07 11:00 AM","60.0925481727486"
"Year 1 May 07 12:00 PM","68.4139751719796"
"Year 1 May 07 1:00 PM","68.6528806734065"
"Year 1 May 07 2:00 PM","61.8752146923919"
"Year 1 May 07 3:00 PM","55.0113035637949"
"Year 1 May 07 4:00 PM","45.4689616288435"
"Year 1 May 07 5:00 PM","37.5495070254249"
"Year 1 May 07 6:00 PM","19.9424798586867"
"Year 1 May 07 7:00 PM","5.81653336059208"
"Year 1 May 07 8:00 PM","0"
"Year 1 May 07 9:00 PM","0"
"Year 1 May 07 10:00 PM","0"
"Year 1 May 07 11:00 PM","0"
"Year 1 May 08 12:00 AM","0"
"Year 1 May 08 1:00 AM","0"
"Year 1 May 08 2:00 AM","0"
"Year 1 May 08 3:00 AM","0"
"Year 1 May 08 4:00 AM","0"
"Year 1 May 08 5:00 AM","5.31952631047122"
"Year 1 May 08 6:00 AM","24.0412958582484"
"Year 1 May 08 7:00 AM","33.7843216753295"
"Year 1 May 08 8:00 AM","38.3111116243646"
"Year 1 May 08 9:00 AM","54.9409206730029"
"Year 1 May 08 10:00 AM","54.1176884513785"
"Year 1 May 08 11:00 AM","62.7114035027549"
"Year 1 May 08 12:00 PM","72.5077525635067"
"Year 1 May 08 1:00 PM","78.7793365387464"
"Year 1 May 08 2:00 PM","71.8389904458671"
"Year 1 May 08 3:00 PM","57.613977256665"
"Year 1 May 08 4:00 PM","50.6896239511309"
"Year 1 May 08 5:00 PM","38.3591382584484"
"Year 1 May 08 6:00 PM","22.4122306598395"
"Year 1 May 08 7:00 PM","5.30489543978371"
"Year 1 May 08 8:00 PM","0"
"Year 1 May 08 9:00 PM","0"
"Year 1 May 08 10:00 PM","0"
"Year 1 May 08 11:00 PM","0"
"Year 1 May 09 12:00 AM","0"
"Year 1 May 09 1:00 AM","0"
"Year 1 May 09 2:00 AM","0"
"Year 1 May 09 3:00 AM","0"
"Year 1 May 09 4:00 AM","0"
"Year 1 May 09 5:00 AM","6.51284038862264"
"Year 1 May 09 6:00 AM","31.3019913629212"
"Year 1 May 09 7:00 AM","24.8786307909578"
"Year 1 May 09 8:00 AM","22.058688397656"
"Year 1 May 09 9:00 AM","24.8830759311508"
"Year 1 May 09 10:00 AM","41.5069433696397"
"Year 1 May 09 11:00 AM","72.6973751942202"
"Year 1 May 09 12:00 PM","58.8676221931335"
"Year 1 May 09 1:00 PM","53.9859303671071"
"Year 1 May 09 2:00 PM","47.7318097398254"
"Year 1 May 09 3:00 PM","34.5897383667667"
"Year 1 May 09 4:00 PM","28.4440015689724"
"Year 1 May 09 5:00 PM","20.0626042440867"
"Year 1 May 09 6:00 PM","14.1325401037819"
"Year 1 May 09 7:00 PM","5.74884195517694"
"Year 1 May 09 8:00 PM","0"
"Year 1 May 09 9:00 PM","0"
"Year 1 May 09 10:00 PM","0"
"Year 1 May 09 11:00 PM","0"
"Year 1 May 10 12:00 AM","0"
"Year 1 May 10 1:00 AM","0"
"Year 1 May 10 2:00 AM","0"
"Year 1 May 10 3:00 AM","0"
"Year 1 May 10 4:00 AM","0"
"Year 1 May 10 5:00 AM","0.897250558037723"
"Year 1 May 10 6:00 AM","7.89929744618331"
"Year 1 May 10 7:00 AM","24.7532846590677"
"Year 1 May 10 8:00 AM","44.2012597511878"
"Year 1 May 10 9:00 AM","60.641550362509"
"Year 1 May 10 10:00 AM","71.9259393455202"
"Year 1 May 10 11:00 AM","74.4161416315225"
"Year 1 May 10 12:00 PM","58.7020565213069"
"Year 1 May 10 1:00 PM","47.8880567710724"
"Year 1 May 10 2:00 PM","61.2697499338233"
"Year 1 May 10 3:00 PM","52.0367388464627"
"Year 1 May 10 4:00 PM","43.8969304039784"
"Year 1 May 10 5:00 PM","28.3274970420459"
"Year 1 May 10 6:00 PM","10.6028137158715"
"Year 1 May 10 7:00 PM","2.72284584775291"
"Year 1 May 10 8:00 PM","0"
"Year 1 May 10 9:00 PM","0"
"Year 1 May 10 10:00 PM","0"
"Year 1 May 10 11:00 PM","0"
"Year 1 May 11 12:00 AM","0"
"Year 1 May 11 1:00 AM","0"
"Year 1 May 11 2:00 AM","0"
"Year 1 May 11 3:00 AM","0"
"Year 1 May 11 4:00 AM","0"
"Year 1 May 11 5:00 AM","8.47514123979389"
"Year 1 May 11 6:00 AM","35.8724181120566"
"Year 1 May 11 7:00 AM","32.5359333362637"
"Year 1 May 11 8:00 AM","32.2301448145222"
"Year 1 May 11 9:00 AM","46.9745561301712"
"Year 1 May 11 10:00 AM","50.7510960497318"
"Year 1 May 11 11:00 AM","59.9634965483417"
"Year 1 May 11 12:00 PM","47.9829478968693"
"Year 1 May 11 1:00 PM","41.7404674561552"
"Year 1 May 11 2:00 PM","47.9762319198027"
"Year 1 May 11 3:00 PM","60.4087825382894"
"Year 1 May 11 4:00 PM","43.670921825159"
"Year 1 May 11 5:00 PM","30.8238044049729"
"Year 1 May 11 6:00 PM","16.3013531292825"
"Year 1 May 11 7:00 PM","3.90292397731653"
"Year 1 May 11 8:00 PM","0"
"Year 1 May 11 9:00 PM","0"
"Year 1 May 11 10:00 PM","0"
"Year 1 May 11 11:00 PM","0"
"Year 1 May 12 12:00 AM","0"
"Year 1 May 12 1:00 AM","0"
"Year 1 May 12 2:00 AM","0"
"Year 1 May 12 3:00 AM","0"
"Year 1 May 12 4:00 AM","0"
"Year 1 May 12 5:00 AM","1.83805091592603"
"Year 1 May 12 6:00 AM","11.0437888932214"
"Year 1 May 12 7:00 AM","30.3925351829938"
"Year 1 May 12 8:00 AM","44.7606407686399"
"Year 1 May 12 9:00 AM","60.057957198573"
"Year 1 May 12 10:00 AM","77.5473148797304"
"Year 1 May 12 11:00 AM","68.3706911293973"
"Year 1 May 12 12:00 PM","49.8193311091877"
"Year 1 May 12 1:00 PM","38.2375249564133"
"Year 1 May 12 2:00 PM","49.1541138884072"
"Year 1 May 12 3:00 PM","55.4040074600466"
"Year 1 May 12 4:00 PM","45.4514987291319"
"Year 1 May 12 5:00 PM","35.0229465170497"
"Year 1 May 12 6:00 PM","15.8188590460659"
"Year 1 May 12 7:00 PM","4.58271520379656"
"Year 1 May 12 8:00 PM","0"
"Year 1 May 12 9:00 PM","0"
"Year 1 May 12 10:00 PM","0"
"Year 1 May 12 11:00 PM","0"
"Year 1 May 13 12:00 AM","0"
"Year 1 May 13 1:00 AM","0"
"Year 1 May 13 2:00 AM","0"
"Year 1 May 13 3:00 AM","0"
"Year 1 May 13 4:00 AM","0"
"Year 1 May 13 5:00 AM","3.66870841626103"
"Year 1 May 13 6:00 AM","15.100255229094"
"Year 1 May 13 7:00 AM","32.6400914593953"
"Year 1 May 13 8:00 AM","39.7464332620217"
"Year 1 May 13 9:00 AM","55.8488065777313"
"Year 1 May 13 10:00 AM","68.2770907921572"
"Year 1 May 13 11:00 AM","68.3971900042319"
"Year 1 May 13 12:00 PM","60.9848861912808"
"Year 1 May 13 1:00 PM","80.3988081889549"
"Year 1 May 13 2:00 PM","70.8427965465056"
"Year 1 May 13 3:00 PM","66.469366194192"
"Year 1 May 13 4:00 PM","56.3974016615573"
"Year 1 May 13 5:00 PM","39.5638632687983"
"Year 1 May 13 6:00 PM","15.9436131259557"
"Year 1 May 13 7:00 PM","4.85916804609534"
"Year 1 May 13 8:00 PM","0"
"Year 1 May 13 9:00 PM","0"
"Year 1 May 13 10:00 PM","0"
"Year 1 May 13 11:00 PM","0"
"Year 1 May 14 12:00 AM","0"
"Year 1 May 14 1:00 AM","0"
"Year 1 May 14 2:00 AM","0"
"Year 1 May 14 3:00 AM","0"
"Year 1 May 14 4:00 AM","0"
"Year 1 May 14 5:00 AM","10.7085962865007"
"Year 1 May 14 6:00 AM","36.942409089416"
"Year 1 May 14 7:00 AM","25.7758532121477"
"Year 1 May 14 8:00 AM","24.8873967208816"
"Year 1 May 14 9:00 AM","36.9230820252469"
"Year 1 May 14 10:00 AM","42.6477942793935"
"Year 1 May 14 11:00 AM","45.8759495280468"
"Year 1 May 14 12:00 PM","56.4753907064066"
"Year 1 May 14 1:00 PM","63.3693412381382"
"Year 1 May 14 2:00 PM","43.8489811106728"
"Year 1 May 14 3:00 PM","39.0079472519211"
"Year 1 May 14 4:00 PM","36.5872193406087"
"Year 1 May 14 5:00 PM","35.1347188993508"
"Year 1 May 14 6:00 PM","16.4235312276863"
"Year 1 May 14 7:00 PM","6.20512065585455"
"Year 1 May 14 8:00 PM","0"
"Year 1 May 14 9:00 PM","0"
"Year 1 May 14 10:00 PM","0"
"Year 1 May 14 11:00 PM","0"
"Year 1 May 15 12:00 AM","0"
"Year 1 May 15 1:00 AM","0"
"Year 1 May 15 2:00 AM","0"
"Year 1 May 15 3:00 AM","0"
"Year 1 May 15 4:00 AM","0"
"Year 1 May 15 5:00 AM","2.04441407830816"
"Year 1 May 15 6:00 AM","14.6859836457835"
"Year 1 May 15 7:00 AM","38.7267523032716"
"Year 1 May 15 8:00 AM","41.7381258732145"
"Year 1 May 15 9:00 AM","27.5710841702801"
"Year 1 May 15 10:00 AM","27.0090389129837"
"Year 1 May 15 11:00 AM","24.8303135847625"
"Year 1 May 15 12:00 PM","20.261157553815"
"Year 1 May 15 1:00 PM","22.5029414115365"
"Year 1 May 15 2:00 PM","25.0514620886743"
"Year 1 May 15 3:00 PM","25.7180054376402"
"Year 1 May 15 4:00 PM","24.6919885840679"
"Year 1 May 15 5:00 PM","19.8281217631308"
"Year 1 May 15 6:00 PM","14.6793810906164"
"Year 1 May 15 7:00 PM","6.20910109675683"
"Year 1 May 15 8:00 PM","0"
"Year 1 May 15 9:00 PM","0"
"Year 1 May 15 10:00 PM","0"
"Year 1 May 15 11:00 PM","0"
"Year 1 May 16 12:00 AM","0"
"Year 1 May 16 1:00 AM","0"
"Year 1 May 16 2:00 AM","0"
"Year 1 May 16 3:00 AM","0"
"Year 1 May 16 4:00 AM","0"
"Year 1 May 16 5:00 AM","11.6355660599623"
"Year 1 May 16 6:00 AM","40.0705263597462"
"Year 1 May 16 7:00 AM","44.9175893880713"
"Year 1 May 16 8:00 AM","46.5239824901767"
"Year 1 May 16 9:00 AM","59.1566051905929"
"Year 1 May 16 10:00 AM","62.2687888633264"
"Year 1 May 16 11:00 AM","70.4933601669732"
"Year 1 May 16 12:00 PM","86.1099570131084"
"Year 1 May 16 1:00 PM","90.9076747529017"
"Year 1 May 16 2:00 PM","83.7371491210472"
"Year 1 May 16 3:00 PM","61.078018995765"
"Year 1 May 16 4:00 PM","48.6423783537134"
"Year 1 May 16 5:00 PM","24.5012714814916"
"Year 1 May 16 6:00 PM","11.6238148331921"
"Year 1 May 16 7:00 PM","4.13901070885145"
"Year 1 May 16 8:00 PM","0"
"Year 1 May 16 9:00 PM","0"
"Year 1 May 16 10:00 PM","0"
"Year 1 May 16 11:00 PM","0"
"Year 1 May 17 12:00 AM","0"
"Year 1 May 17 1:00 AM","0"
"Year 1 May 17 2:00 AM","0"
"Year 1 May 17 3:00 AM","0"
"Year 1 May 17 4:00 AM","0"
"Year 1 May 17 5:00 AM","5.47131707352883"
"Year 1 May 17 6:00 AM","19.6149065946321"
"Year 1 May 17 7:00 AM","35.6676259326095"
"Year 1 May 17 8:00 AM","54.6602463141633"
"Year 1 May 17 9:00 AM","70.8320187276746"
"Year 1 May 17 10:00 AM","77.7390308381846"
"Year 1 May 17 11:00 AM","86.3910355208048"
"Year 1 May 17 12:00 PM","91.4475284361606"
"Year 1 May 17 1:00 PM","91.6730522905979"
"Year 1 May 17 2:00 PM","83.6937404354465"
"Year 1 May 17 3:00 PM","49.3413086475976"
"Year 1 May 17 4:00 PM","35.6627918734983"
"Year 1 May 17 5:00 PM","24.6012442715885"
"Year 1 May 17 6:00 PM","12.7338734432967"
"Year 1 May 17 7:00 PM","4.11327387336212"
"Year 1 May 17 8:00 PM","0"
"Year 1 May 17 9:00 PM","0"
"Year 1 May 17 10:00 PM","0"
"Year 1 May 17 11:00 PM","0"
"Year 1 May 18 12:00 AM","0"
"Year 1 May 18 1:00 AM","0"
"Year 1 May 18 2:00 AM","0"
"Year 1 May 18 3:00 AM","0"
"Year 1 May 18 4:00 AM","0"
"Year 1 May 18 5:00 AM","3.00902681506572"
"Year 1 May 18 6:00 AM","13.1621264019342"
"Year 1 May 18 7:00 AM","33.4048971666999"
"Year 1 May 18 8:00 AM","50.1093365362405"
"Year 1 May 18 9:00 AM","69.9106198993197"
"Year 1 May 18 10:00 AM","79.2609520988283"
"Year 1 May 18 11:00 AM","90.7653672792722"
"Year 1 May 18 12:00 PM","92.3376864966821"
"Year 1 May 18 1:00 PM","88.2672932924938"
"Year 1 May 18 2:00 PM","83.6524839494241"
"Year 1 May 18 3:00 PM","73.1464446201074"
"Year 1 May 18 4:00 PM","58.8266944006351"
"Year 1 May 18 5:00 PM","37.513897711598"
"Year 1 May 18 6:00 PM","14.6704541013074"
"Year 1 May 18 7:00 PM","6.18033380756966"
"Year 1 May 18 8:00 PM","0"
"Year 1 May 18 9:00 PM","0"
"Year 1 May 18 10:00 PM","0"
"Year 1 May 18 11:00 PM","0"
"Year 1 May 19 12:00 AM","0"
"Year 1 May 19 1:00 AM","0"
"Year 1 May 19 2:00 AM","0"
"Year 1 May 19 3:00 AM","0"
"Year 1 May 19 4:00 AM","0"
"Year 1 May 19 5:00 AM","8.22114926473429"
"Year 1 May 19 6:00 AM","25.9433291411377"
"Year 1 May 19 7:00 AM","38.6388648213266"
"Year 1 May 19 8:00 AM","49.3348599336993"
"Year 1 May 19 9:00 AM","65.6188966723503"
"Year 1 May 19 10:00 AM","76.9568923563932"
"Year 1 May 19 11:00 AM","67.4490740982002"
"Year 1 May 19 12:00 PM","67.6271341892764"
"Year 1 May 19 1:00 PM","57.7209842158948"
"Year 1 May 19 2:00 PM","50.544553792366"
"Year 1 May 19 3:00 PM","46.5111366924188"
"Year 1 May 19 4:00 PM","42.2914759121543"
"Year 1 May 19 5:00 PM","34.5138608645055"
"Year 1 May 19 6:00 PM","22.4381233572405"
"Year 1 May 19 7:00 PM","8.27720798745173"
"Year 1 May 19 8:00 PM","0"
"Year 1 May 19 9:00 PM","0"
"Year 1 May 19 10:00 PM","0"
"Year 1 May 19 11:00 PM","0"
"Year 1 May 20 12:00 AM","0"
"Year 1 May 20 1:00 AM","0"
"Year 1 May 20 2:00 AM","0"
"Year 1 May 20 3:00 AM","0"
"Year 1 May 20 4:00 AM","0"
"Year 1 May 20 5:00 AM","9.94290822304196"
"Year 1 May 20 6:00 AM","36.1718363400402"
"Year 1 May 20 7:00 AM","38.5692646697579"
"Year 1 May 20 8:00 AM","34.466411322376"
"Year 1 May 20 9:00 AM","37.5433658747771"
"Year 1 May 20 10:00 AM","41.6308364202392"
"Year 1 May 20 11:00 AM","43.4974439779938"
"Year 1 May 20 12:00 PM","41.9621242557737"
"Year 1 May 20 1:00 PM","39.4129142326942"
"Year 1 May 20 2:00 PM","46.6499803761552"
"Year 1 May 20 3:00 PM","43.7922003749931"
"Year 1 May 20 4:00 PM","40.885575200927"
"Year 1 May 20 5:00 PM","33.1326881940312"
"Year 1 May 20 6:00 PM","20.1771206464043"
"Year 1 May 20 7:00 PM","7.81237995483198"
"Year 1 May 20 8:00 PM","0"
"Year 1 May 20 9:00 PM","0"
"Year 1 May 20 10:00 PM","0"
"Year 1 May 20 11:00 PM","0"
"Year 1 May 21 12:00 AM","0"
"Year 1 May 21 1:00 AM","0"
"Year 1 May 21 2:00 AM","0"
"Year 1 May 21 3:00 AM","0"
"Year 1 May 21 4:00 AM","0"
"Year 1 May 21 5:00 AM","16.7857031281489"
"Year 1 May 21 6:00 AM","43.0048182426694"
"Year 1 May 21 7:00 AM","43.7468734104102"
"Year 1 May 21 8:00 AM","29.9718743137"
"Year 1 May 21 9:00 AM","31.8232162659593"
"Year 1 May 21 10:00 AM","30.0778748014139"
"Year 1 May 21 11:00 AM","28.3252600586321"
"Year 1 May 21 12:00 PM","26.6970849775214"
"Year 1 May 21 1:00 PM","27.3995502587512"
"Year 1 May 21 2:00 PM","29.8888414680916"
"Year 1 May 21 3:00 PM","32.6072878216425"
"Year 1 May 21 4:00 PM","30.370907142762"
"Year 1 May 21 5:00 PM","30.3671625001093"
"Year 1 May 21 6:00 PM","19.9397319167724"
"Year 1 May 21 7:00 PM","8.58929626284459"
"Year 1 May 21 8:00 PM","0"
"Year 1 May 21 9:00 PM","0"
"Year 1 May 21 10:00 PM","0"
"Year 1 May 21 11:00 PM","0"
"Year 1 May 22 12:00 AM","0"
"Year 1 May 22 1:00 AM","0"
"Year 1 May 22 2:00 AM","0"
"Year 1 May 22 3:00 AM","0"
"Year 1 May 22 4:00 AM","0"
"Year 1 May 22 5:00 AM","14.9558140359103"
"Year 1 May 22 6:00 AM","39.3983311410758"
"Year 1 May 22 7:00 AM","35.1120526091071"
"Year 1 May 22 8:00 AM","28.5257227246949"
"Year 1 May 22 9:00 AM","31.5653685739101"
"Year 1 May 22 10:00 AM","30.8409600108446"
"Year 1 May 22 11:00 AM","29.0019331482235"
"Year 1 May 22 12:00 PM","27.7096937429171"
"Year 1 May 22 1:00 PM","28.2071353685329"
"Year 1 May 22 2:00 PM","29.8536183522383"
"Year 1 May 22 3:00 PM","31.6620187108931"
"Year 1 May 22 4:00 PM","30.8999123485733"
"Year 1 May 22 5:00 PM","26.4996843885517"
"Year 1 May 22 6:00 PM","19.5123006743083"
"Year 1 May 22 7:00 PM","8.95887326244408"
"Year 1 May 22 8:00 PM","0"
"Year 1 May 22 9:00 PM","0"
"Year 1 May 22 10:00 PM","0"
"Year 1 May 22 11:00 PM","0"
"Year 1 May 23 12:00 AM","0"
"Year 1 May 23 1:00 AM","0"
"Year 1 May 23 2:00 AM","0"
"Year 1 May 23 3:00 AM","0"
"Year 1 May 23 4:00 AM","0"
"Year 1 May 23 5:00 AM","14.9892712433351"
"Year 1 May 23 6:00 AM","33.9163777440248"
"Year 1 May 23 7:00 AM","42.5221820449725"
"Year 1 May 23 8:00 AM","50.959848347124"
"Year 1 May 23 9:00 AM","57.5728876955925"
"Year 1 May 23 10:00 AM","55.9285836513803"
"Year 1 May 23 11:00 AM","56.9635378589629"
"Year 1 May 23 12:00 PM","69.4078079886229"
"Year 1 May 23 1:00 PM","54.9167365137883"
"Year 1 May 23 2:00 PM","74.0343866072224"
"Year 1 May 23 3:00 PM","64.5664806580517"
"Year 1 May 23 4:00 PM","52.7320875749814"
"Year 1 May 23 5:00 PM","34.1736671326875"
"Year 1 May 23 6:00 PM","19.0840187871208"
"Year 1 May 23 7:00 PM","6.96722178512698"
"Year 1 May 23 8:00 PM","0"
"Year 1 May 23 9:00 PM","0"
"Year 1 May 23 10:00 PM","0"
"Year 1 May 23 11:00 PM","0"
"Year 1 May 24 12:00 AM","0"
"Year 1 May 24 1:00 AM","0"
"Year 1 May 24 2:00 AM","0"
"Year 1 May 24 3:00 AM","0"
"Year 1 May 24 4:00 AM","0"
"Year 1 May 24 5:00 AM","10.9722600589383"
"Year 1 May 24 6:00 AM","25.0479147234267"
"Year 1 May 24 7:00 AM","43.6554071308637"
"Year 1 May 24 8:00 AM","57.9611743141476"
"Year 1 May 24 9:00 AM","73.1137302526041"
"Year 1 May 24 10:00 AM","70.7005595643202"
"Year 1 May 24 11:00 AM","39.1629017466961"
"Year 1 May 24 12:00 PM","32.3519072634781"
"Year 1 May 24 1:00 PM","30.16366605369"
"Year 1 May 24 2:00 PM","37.5512807980562"
"Year 1 May 24 3:00 PM","48.7892417088434"
"Year 1 May 24 4:00 PM","44.1021485772035"
"Year 1 May 24 5:00 PM","35.3106196073083"
"Year 1 May 24 6:00 PM","24.1282747227262"
"Year 1 May 24 7:00 PM","10.1770308004736"
"Year 1 May 24 8:00 PM","0"
"Year 1 May 24 9:00 PM","0"
"Year 1 May 24 10:00 PM","0"
"Year 1 May 24 11:00 PM","0"
"Year 1 May 25 12:00 AM","0"
"Year 1 May 25 1:00 AM","0"
"Year 1 May 25 2:00 AM","0"
"Year 1 May 25 3:00 AM","0"
"Year 1 May 25 4:00 AM","0"
"Year 1 May 25 5:00 AM","3.58552499060186"
"Year 1 May 25 6:00 AM","17.8062639648712"
"Year 1 May 25 7:00 AM","41.9253236449237"
"Year 1 May 25 8:00 AM","35.9914907295582"
"Year 1 May 25 9:00 AM","38.1024836666085"
"Year 1 May 25 10:00 AM","34.4460517021587"
"Year 1 May 25 11:00 AM","29.2310694615735"
"Year 1 May 25 12:00 PM","27.3981119054716"
"Year 1 May 25 1:00 PM","29.846304113297"
"Year 1 May 25 2:00 PM","39.440457652582"
"Year 1 May 25 3:00 PM","47.1477346109256"
"Year 1 May 25 4:00 PM","46.3336601825377"
"Year 1 May 25 5:00 PM","33.0499145026412"
"Year 1 May 25 6:00 PM","19.9564023476978"
"Year 1 May 25 7:00 PM","8.82153444928842"
"Year 1 May 25 8:00 PM","0"
"Year 1 May 25 9:00 PM","0"
"Year 1 May 25 10:00 PM","0"
"Year 1 May 25 11:00 PM","0"
"Year 1 May 26 12:00 AM","0"
"Year 1 May 26 1:00 AM","0"
"Year 1 May 26 2:00 AM","0"
"Year 1 May 26 3:00 AM","0"
"Year 1 May 26 4:00 AM","0"
"Year 1 May 26 5:00 AM","15.5382490472128"
"Year 1 May 26 6:00 AM","41.2059017826658"
"Year 1 May 26 7:00 AM","45.9037815611984"
"Year 1 May 26 8:00 AM","40.462468830829"
"Year 1 May 26 9:00 AM","44.2501953194703"
"Year 1 May 26 10:00 AM","43.7373403537032"
"Year 1 May 26 11:00 AM","41.4022712330808"
"Year 1 May 26 12:00 PM","39.3958065990597"
"Year 1 May 26 1:00 PM","40.166847388259"
"Year 1 May 26 2:00 PM","42.7270857620116"
"Year 1 May 26 3:00 PM","44.2479301842241"
"Year 1 May 26 4:00 PM","42.7017428119619"
"Year 1 May 26 5:00 PM","38.7297682551005"
"Year 1 May 26 6:00 PM","27.1384568894394"
"Year 1 May 26 7:00 PM","10.7294583708163"
"Year 1 May 26 8:00 PM","0"
"Year 1 May 26 9:00 PM","0"
"Year 1 May 26 10:00 PM","0"
"Year 1 May 26 11:00 PM","0"
"Year 1 May 27 12:00 AM","0"
"Year 1 May 27 1:00 AM","0"
"Year 1 May 27 2:00 AM","0"
"Year 1 May 27 3:00 AM","0"
"Year 1 May 27 4:00 AM","0"
"Year 1 May 27 5:00 AM","17.3439100175503"
"Year 1 May 27 6:00 AM","43.8408137900609"
"Year 1 May 27 7:00 AM","47.4603357385157"
"Year 1 May 27 8:00 AM","48.3366010062168"
"Year 1 May 27 9:00 AM","51.6173088125594"
"Year 1 May 27 10:00 AM","49.7779577000433"
"Year 1 May 27 11:00 AM","39.0820407236222"
"Year 1 May 27 12:00 PM","30.0183028549001"
"Year 1 May 27 1:00 PM","30.140885554349"
"Year 1 May 27 2:00 PM","37.1578499895196"
"Year 1 May 27 3:00 PM","47.1078976787068"
"Year 1 May 27 4:00 PM","39.9055549761413"
"Year 1 May 27 5:00 PM","29.8796666077438"
"Year 1 May 27 6:00 PM","20.4543252955787"
"Year 1 May 27 7:00 PM","9.17547398453548"
"Year 1 May 27 8:00 PM","0.518784599536028"
"Year 1 May 27 9:00 PM","0"
"Year 1 May 27 10:00 PM","0"
"Year 1 May 27 11:00 PM","0"
"Year 1 May 28 12:00 AM","0"
"Year 1 May 28 1:00 AM","0"
"Year 1 May 28 2:00 AM","0"
"Year 1 May 28 3:00 AM","0"
"Year 1 May 28 4:00 AM","0"
"Year 1 May 28 5:00 AM","20.1213494722015"
"Year 1 May 28 6:00 AM","47.7099151689021"
"Year 1 May 28 7:00 AM","45.0615022860954"
"Year 1 May 28 8:00 AM","32.8565128409945"
"Year 1 May 28 9:00 AM","33.5109045589892"
"Year 1 May 28 10:00 AM","37.9853034550352"
"Year 1 May 28 11:00 AM","49.538503303578"
"Year 1 May 28 12:00 PM","75.6679928535585"
"Year 1 May 28 1:00 PM","68.1308173039756"
"Year 1 May 28 2:00 PM","65.4700985834349"
"Year 1 May 28 3:00 PM","46.4805145808024"
"Year 1 May 28 4:00 PM","35.1434234424664"
"Year 1 May 28 5:00 PM","22.1009520862125"
"Year 1 May 28 6:00 PM","13.7034534707039"
"Year 1 May 28 7:00 PM","8.69165289146081"
"Year 1 May 28 8:00 PM","0.55970012779628"
"Year 1 May 28 9:00 PM","0"
"Year 1 May 28 10:00 PM","0"
"Year 1 May 28 11:00 PM","0"
"Year 1 May 29 12:00 AM","0"
"Year 1 May 29 1:00 AM","0"
"Year 1 May 29 2:00 AM","0"
"Year 1 May 29 3:00 AM","0"
"Year 1 May 29 4:00 AM","0"
"Year 1 May 29 5:00 AM","6.18277032702166"
"Year 1 May 29 6:00 AM","16.4120837086619"
"Year 1 May 29 7:00 AM","26.92763358678"
"Year 1 May 29 8:00 AM","54.7380199976431"
"Year 1 May 29 9:00 AM","64.6565879721419"
"Year 1 May 29 10:00 AM","58.080446511797"
"Year 1 May 29 11:00 AM","39.4306803545256"
"Year 1 May 29 12:00 PM","48.763941601258"
"Year 1 May 29 1:00 PM","70.5001156025009"
"Year 1 May 29 2:00 PM","55.976597167653"
"Year 1 May 29 3:00 PM","41.3171033662607"
"Year 1 May 29 4:00 PM","54.9863124183326"
"Year 1 May 29 5:00 PM","41.2732290195626"
"Year 1 May 29 6:00 PM","24.9007204041824"
"Year 1 May 29 7:00 PM","9.69274582085177"
"Year 1 May 29 8:00 PM","0.535347404995009"
"Year 1 May 29 9:00 PM","0"
"Year 1 May 29 10:00 PM","0"
"Year 1 May 29 11:00 PM","0"
"Year 1 May 30 12:00 AM","0"
"Year 1 May 30 1:00 AM","0"
"Year 1 May 30 2:00 AM","0"
"Year 1 May 30 3:00 AM","0"
"Year 1 May 30 4:00 AM","0"
"Year 1 May 30 5:00 AM","8.39341518478684"
"Year 1 May 30 6:00 AM","12.6324348029424"
"Year 1 May 30 7:00 AM","24.2997630139408"
"Year 1 May 30 8:00 AM","47.3870924324341"
"Year 1 May 30 9:00 AM","66.437126258103"
"Year 1 May 30 10:00 AM","73.0962575276263"
"Year 1 May 30 11:00 AM","42.8107534542016"
"Year 1 May 30 12:00 PM","38.1623465941734"
"Year 1 May 30 1:00 PM","45.5529269059909"
"Year 1 May 30 2:00 PM","45.8411009008304"
"Year 1 May 30 3:00 PM","50.9411108930567"
"Year 1 May 30 4:00 PM","53.3811554351074"
"Year 1 May 30 5:00 PM","41.6017382480572"
"Year 1 May 30 6:00 PM","22.8361564633311"
"Year 1 May 30 7:00 PM","10.0540927904403"
"Year 1 May 30 8:00 PM","0.620496895258511"
"Year 1 May 30 9:00 PM","0"
"Year 1 May 30 10:00 PM","0"
"Year 1 May 30 11:00 PM","0"
"Year 1 May 31 12:00 AM","0"
"Year 1 May 31 1:00 AM","0"
"Year 1 May 31 2:00 AM","0"
"Year 1 May 31 3:00 AM","0"
"Year 1 May 31 4:00 AM","0"
"Year 1 May 31 5:00 AM","16.7986922768942"
"Year 1 May 31 6:00 AM","42.2179544981115"
"Year 1 May 31 7:00 AM","45.4763528383526"
"Year 1 May 31 8:00 AM","40.1541521985456"
"Year 1 May 31 9:00 AM","41.5290645987235"
"Year 1 May 31 10:00 AM","40.9050901194582"
"Year 1 May 31 11:00 AM","38.5694086999243"
"Year 1 May 31 12:00 PM","36.8424050162198"
"Year 1 May 31 1:00 PM","39.1917402901608"
"Year 1 May 31 2:00 PM","46.9355288265496"
"Year 1 May 31 3:00 PM","49.5894913985042"
"Year 1 May 31 4:00 PM","52.7017181198814"
"Year 1 May 31 5:00 PM","41.3394098636868"
"Year 1 May 31 6:00 PM","20.7110540556131"
"Year 1 May 31 7:00 PM","9.35460413098957"
"Year 1 May 31 8:00 PM","0.576490476836671"
"Year 1 May 31 9:00 PM","0"
"Year 1 May 31 10:00 PM","0"
"Year 1 May 31 11:00 PM","0"
"Year 1 Jun 01 12:00 AM","0"
"Year 1 Jun 01 1:00 AM","0"
"Year 1 Jun 01 2:00 AM","0"
"Year 1 Jun 01 3:00 AM","0"
"Year 1 Jun 01 4:00 AM","0"
"Year 1 Jun 01 5:00 AM","4.11464126280377"
"Year 1 Jun 01 6:00 AM","13.6709338239644"
"Year 1 Jun 01 7:00 AM","31.5710157802155"
"Year 1 Jun 01 8:00 AM","49.798130619691"
"Year 1 Jun 01 9:00 AM","35.1652056574838"
"Year 1 Jun 01 10:00 AM","32.8600236463496"
"Year 1 Jun 01 11:00 AM","29.2759797896919"
"Year 1 Jun 01 12:00 PM","31.9185116172615"
"Year 1 Jun 01 1:00 PM","34.9062041658119"
"Year 1 Jun 01 2:00 PM","38.601698477931"
"Year 1 Jun 01 3:00 PM","33.1432118852667"
"Year 1 Jun 01 4:00 PM","30.2975293495153"
"Year 1 Jun 01 5:00 PM","23.6823499919116"
"Year 1 Jun 01 6:00 PM","16.4281448996167"
"Year 1 Jun 01 7:00 PM","9.49955452484738"
"Year 1 Jun 01 8:00 PM","0.6411461497345"
"Year 1 Jun 01 9:00 PM","0"
"Year 1 Jun 01 10:00 PM","0"
"Year 1 Jun 01 11:00 PM","0"
"Year 1 Jun 02 12:00 AM","0"
"Year 1 Jun 02 1:00 AM","0"
"Year 1 Jun 02 2:00 AM","0"
"Year 1 Jun 02 3:00 AM","0"
"Year 1 Jun 02 4:00 AM","0"
"Year 1 Jun 02 5:00 AM","19.5025921292045"
"Year 1 Jun 02 6:00 AM","43.4385484606024"
"Year 1 Jun 02 7:00 AM","40.9667813554652"
"Year 1 Jun 02 8:00 AM","37.1954153755858"
"Year 1 Jun 02 9:00 AM","42.9825245074459"
"Year 1 Jun 02 10:00 AM","41.2804921039694"
"Year 1 Jun 02 11:00 AM","47.3915427694167"
"Year 1 Jun 02 12:00 PM","54.6178003980407"
"Year 1 Jun 02 1:00 PM","46.0394741068003"
"Year 1 Jun 02 2:00 PM","55.8639848261722"
"Year 1 Jun 02 3:00 PM","65.3991966123197"
"Year 1 Jun 02 4:00 PM","53.7424492930022"
"Year 1 Jun 02 5:00 PM","37.1573291887378"
"Year 1 Jun 02 6:00 PM","23.4042668442577"
"Year 1 Jun 02 7:00 PM","10.5286134029347"
"Year 1 Jun 02 8:00 PM","0.709049059322203"
"Year 1 Jun 02 9:00 PM","0"
"Year 1 Jun 02 10:00 PM","0"
"Year 1 Jun 02 11:00 PM","0"
"Year 1 Jun 03 12:00 AM","0"
"Year 1 Jun 03 1:00 AM","0"
"Year 1 Jun 03 2:00 AM","0"
"Year 1 Jun 03 3:00 AM","0"
"Year 1 Jun 03 4:00 AM","0"
"Year 1 Jun 03 5:00 AM","22.1207187520445"
"Year 1 Jun 03 6:00 AM","40.0646304412939"
"Year 1 Jun 03 7:00 AM","34.3815746495993"
"Year 1 Jun 03 8:00 AM","25.884577012936"
"Year 1 Jun 03 9:00 AM","26.7327741170661"
"Year 1 Jun 03 10:00 AM","26.2081071053622"
"Year 1 Jun 03 11:00 AM","25.0246756259216"
"Year 1 Jun 03 12:00 PM","27.9942251268155"
"Year 1 Jun 03 1:00 PM","34.5718622971974"
"Year 1 Jun 03 2:00 PM","38.9185916901092"
"Year 1 Jun 03 3:00 PM","49.3834450598169"
"Year 1 Jun 03 4:00 PM","35.6695494738164"
"Year 1 Jun 03 5:00 PM","28.2880466522539"
"Year 1 Jun 03 6:00 PM","21.5082037259837"
"Year 1 Jun 03 7:00 PM","10.4532983001638"
"Year 1 Jun 03 8:00 PM","0.714188143751149"
"Year 1 Jun 03 9:00 PM","0"
"Year 1 Jun 03 10:00 PM","0"
"Year 1 Jun 03 11:00 PM","0"
"Year 1 Jun 04 12:00 AM","0"
"Year 1 Jun 04 1:00 AM","0"
"Year 1 Jun 04 2:00 AM","0"
"Year 1 Jun 04 3:00 AM","0"
"Year 1 Jun 04 4:00 AM","0"
"Year 1 Jun 04 5:00 AM","15.8967540689801"
"Year 1 Jun 04 6:00 AM","41.6863168787565"
"Year 1 Jun 04 7:00 AM","44.7551373464872"
"Year 1 Jun 04 8:00 AM","39.8531669005063"
"Year 1 Jun 04 9:00 AM","40.1793067576948"
"Year 1 Jun 04 10:00 AM","41.2885895710133"
"Year 1 Jun 04 11:00 AM","44.6137607380442"
"Year 1 Jun 04 12:00 PM","48.8818264666096"
"Year 1 Jun 04 1:00 PM","60.5614722600422"
"Year 1 Jun 04 2:00 PM","72.7957404058135"
"Year 1 Jun 04 3:00 PM","69.242776235638"
"Year 1 Jun 04 4:00 PM","57.6682099646291"
"Year 1 Jun 04 5:00 PM","38.1800406482992"
"Year 1 Jun 04 6:00 PM","24.2420198367875"
"Year 1 Jun 04 7:00 PM","10.9612367448193"
"Year 1 Jun 04 8:00 PM","0.673045869280804"
"Year 1 Jun 04 9:00 PM","0"
"Year 1 Jun 04 10:00 PM","0"
"Year 1 Jun 04 11:00 PM","0"
"Year 1 Jun 05 12:00 AM","0"
"Year 1 Jun 05 1:00 AM","0"
"Year 1 Jun 05 2:00 AM","0"
"Year 1 Jun 05 3:00 AM","0"
"Year 1 Jun 05 4:00 AM","0"
"Year 1 Jun 05 5:00 AM","20.4382172822567"
"Year 1 Jun 05 6:00 AM","42.8309229060179"
"Year 1 Jun 05 7:00 AM","36.8611379664328"
"Year 1 Jun 05 8:00 AM","38.4715767121844"
"Year 1 Jun 05 9:00 AM","40.0968752099865"
"Year 1 Jun 05 10:00 AM","36.1867760708631"
"Year 1 Jun 05 11:00 AM","25.5616200403375"
"Year 1 Jun 05 12:00 PM","31.8903900927731"
"Year 1 Jun 05 1:00 PM","61.5459562811587"
"Year 1 Jun 05 2:00 PM","47.8791194166522"
"Year 1 Jun 05 3:00 PM","27.5049407390315"
"Year 1 Jun 05 4:00 PM","25.4160451892824"
"Year 1 Jun 05 5:00 PM","21.0958094526051"
"Year 1 Jun 05 6:00 PM","16.4657051388734"
"Year 1 Jun 05 7:00 PM","9.32502674518647"
"Year 1 Jun 05 8:00 PM","0.761718986405551"
"Year 1 Jun 05 9:00 PM","0"
"Year 1 Jun 05 10:00 PM","0"
"Year 1 Jun 05 11:00 PM","0"
"Year 1 Jun 06 12:00 AM","0"
"Year 1 Jun 06 1:00 AM","0"
"Year 1 Jun 06 2:00 AM","0"
"Year 1 Jun 06 3:00 AM","0"
"Year 1 Jun 06 4:00 AM","0"
"Year 1 Jun 06 5:00 AM","22.1025858716751"
"Year 1 Jun 06 6:00 AM","37.4365397814656"
"Year 1 Jun 06 7:00 AM","31.9294991886647"
"Year 1 Jun 06 8:00 AM","27.7394274412416"
"Year 1 Jun 06 9:00 AM","32.6420055125594"
"Year 1 Jun 06 10:00 AM","31.4894900517414"
"Year 1 Jun 06 11:00 AM","26.6862269478313"
"Year 1 Jun 06 12:00 PM","36.357902351915"
"Year 1 Jun 06 1:00 PM","33.7234725303762"
"Year 1 Jun 06 2:00 PM","34.1725209659103"
"Year 1 Jun 06 3:00 PM","32.1801884178889"
"Year 1 Jun 06 4:00 PM","34.832955527247"
"Year 1 Jun 06 5:00 PM","28.7679882214544"
"Year 1 Jun 06 6:00 PM","23.0521504733648"
"Year 1 Jun 06 7:00 PM","10.4159908930037"
"Year 1 Jun 06 8:00 PM","0.724246361731568"
"Year 1 Jun 06 9:00 PM","0"
"Year 1 Jun 06 10:00 PM","0"
"Year 1 Jun 06 11:00 PM","0"
"Year 1 Jun 07 12:00 AM","0"
"Year 1 Jun 07 1:00 AM","0"
"Year 1 Jun 07 2:00 AM","0"
"Year 1 Jun 07 3:00 AM","0"
"Year 1 Jun 07 4:00 AM","0"
"Year 1 Jun 07 5:00 AM","17.6574311607995"
"Year 1 Jun 07 6:00 AM","38.3518383283656"
"Year 1 Jun 07 7:00 AM","34.6561785369659"
"Year 1 Jun 07 8:00 AM","34.9888244495637"
"Year 1 Jun 07 9:00 AM","45.3619042331325"
"Year 1 Jun 07 10:00 AM","67.5045797107995"
"Year 1 Jun 07 11:00 AM","50.7949361581091"
"Year 1 Jun 07 12:00 PM","55.3051467055543"
"Year 1 Jun 07 1:00 PM","75.2268920046801"
"Year 1 Jun 07 2:00 PM","52.783559336025"
"Year 1 Jun 07 3:00 PM","49.2386914773118"
"Year 1 Jun 07 4:00 PM","57.4817711173021"
"Year 1 Jun 07 5:00 PM","45.5528942204673"
"Year 1 Jun 07 6:00 PM","25.3016352139278"
"Year 1 Jun 07 7:00 PM","11.2288660650172"
"Year 1 Jun 07 8:00 PM","0.738263683802833"
"Year 1 Jun 07 9:00 PM","0"
"Year 1 Jun 07 10:00 PM","0"
"Year 1 Jun 07 11:00 PM","0"
"Year 1 Jun 08 12:00 AM","0"
"Year 1 Jun 08 1:00 AM","0"
"Year 1 Jun 08 2:00 AM","0"
"Year 1 Jun 08 3:00 AM","0"
"Year 1 Jun 08 4:00 AM","0"
"Year 1 Jun 08 5:00 AM","20.8662066661878"
"Year 1 Jun 08 6:00 AM","43.0703492074804"
"Year 1 Jun 08 7:00 AM","38.6355179882948"
"Year 1 Jun 08 8:00 AM","34.1017415701869"
"Year 1 Jun 08 9:00 AM","32.3039312580995"
"Year 1 Jun 08 10:00 AM","38.5112230143706"
"Year 1 Jun 08 11:00 AM","55.2644981945332"
"Year 1 Jun 08 12:00 PM","61.0382841460659"
"Year 1 Jun 08 1:00 PM","65.0552946719036"
"Year 1 Jun 08 2:00 PM","39.6035805819745"
"Year 1 Jun 08 3:00 PM","32.9945867427134"
"Year 1 Jun 08 4:00 PM","31.3153902116517"
"Year 1 Jun 08 5:00 PM","38.5668155226332"
"Year 1 Jun 08 6:00 PM","16.3581108670082"
"Year 1 Jun 08 7:00 PM","5.14225711366725"
"Year 1 Jun 08 8:00 PM","0.355691505556686"
"Year 1 Jun 08 9:00 PM","0"
"Year 1 Jun 08 10:00 PM","0"
"Year 1 Jun 08 11:00 PM","0"
"Year 1 Jun 09 12:00 AM","0"
"Year 1 Jun 09 1:00 AM","0"
"Year 1 Jun 09 2:00 AM","0"
"Year 1 Jun 09 3:00 AM","0"
"Year 1 Jun 09 4:00 AM","0"
"Year 1 Jun 09 5:00 AM","7.24857939546775"
"Year 1 Jun 09 6:00 AM","19.960130262189"
"Year 1 Jun 09 7:00 AM","39.3178214620352"
"Year 1 Jun 09 8:00 AM","58.337611305044"
"Year 1 Jun 09 9:00 AM","69.4507573153602"
"Year 1 Jun 09 10:00 AM","66.752520014746"
"Year 1 Jun 09 11:00 AM","73.2347059347914"
"Year 1 Jun 09 12:00 PM","85.1400090433396"
"Year 1 Jun 09 1:00 PM","80.5153721601228"
"Year 1 Jun 09 2:00 PM","71.0176605532174"
"Year 1 Jun 09 3:00 PM","57.3909403987405"
"Year 1 Jun 09 4:00 PM","47.1009352326176"
"Year 1 Jun 09 5:00 PM","40.8612334339751"
"Year 1 Jun 09 6:00 PM","26.1407098740467"
"Year 1 Jun 09 7:00 PM","6.99202979051524"
"Year 1 Jun 09 8:00 PM","0.355466334663126"
"Year 1 Jun 09 9:00 PM","0"
"Year 1 Jun 09 10:00 PM","0"
"Year 1 Jun 09 11:00 PM","0"
"Year 1 Jun 10 12:00 AM","0"
"Year 1 Jun 10 1:00 AM","0"
"Year 1 Jun 10 2:00 AM","0"
"Year 1 Jun 10 3:00 AM","0"
"Year 1 Jun 10 4:00 AM","0"
"Year 1 Jun 10 5:00 AM","7.44967218197893"
"Year 1 Jun 10 6:00 AM","22.4511559490852"
"Year 1 Jun 10 7:00 AM","26.9115359482628"
"Year 1 Jun 10 8:00 AM","43.1321839921255"
"Year 1 Jun 10 9:00 AM","57.8741349800305"
"Year 1 Jun 10 10:00 AM","69.4757266376123"
"Year 1 Jun 10 11:00 AM","77.7643968386573"
"Year 1 Jun 10 12:00 PM","83.0717353445238"
"Year 1 Jun 10 1:00 PM","85.9320088287497"
"Year 1 Jun 10 2:00 PM","82.3996546524585"
"Year 1 Jun 10 3:00 PM","77.1704592445251"
"Year 1 Jun 10 4:00 PM","46.2802310963659"
"Year 1 Jun 10 5:00 PM","46.5339148173727"
"Year 1 Jun 10 6:00 PM","29.6033151661121"
"Year 1 Jun 10 7:00 PM","10.8780853039489"
"Year 1 Jun 10 8:00 PM","1.22413437420526"
"Year 1 Jun 10 9:00 PM","0"
"Year 1 Jun 10 10:00 PM","0"
"Year 1 Jun 10 11:00 PM","0"
"Year 1 Jun 11 12:00 AM","0"
"Year 1 Jun 11 1:00 AM","0"
"Year 1 Jun 11 2:00 AM","0"
"Year 1 Jun 11 3:00 AM","0"
"Year 1 Jun 11 4:00 AM","0"
"Year 1 Jun 11 5:00 AM","16.2790621349661"
"Year 1 Jun 11 6:00 AM","42.3822364435659"
"Year 1 Jun 11 7:00 AM","51.3505562051553"
"Year 1 Jun 11 8:00 AM","46.419570039706"
"Year 1 Jun 11 9:00 AM","47.4061253095684"
"Year 1 Jun 11 10:00 AM","47.6716978440726"
"Year 1 Jun 11 11:00 AM","44.7432813310861"
"Year 1 Jun 11 12:00 PM","42.3433378744248"
"Year 1 Jun 11 1:00 PM","48.8536139334233"
"Year 1 Jun 11 2:00 PM","74.3002486134803"
"Year 1 Jun 11 3:00 PM","73.7048848481848"
"Year 1 Jun 11 4:00 PM","59.7058362059784"
"Year 1 Jun 11 5:00 PM","44.1403794361649"
"Year 1 Jun 11 6:00 PM","28.767896967226"
"Year 1 Jun 11 7:00 PM","11.5309277044997"
"Year 1 Jun 11 8:00 PM","1.11750828843532"
"Year 1 Jun 11 9:00 PM","0"
"Year 1 Jun 11 10:00 PM","0"
"Year 1 Jun 11 11:00 PM","0"
"Year 1 Jun 12 12:00 AM","0"
"Year 1 Jun 12 1:00 AM","0"
"Year 1 Jun 12 2:00 AM","0"
"Year 1 Jun 12 3:00 AM","0"
"Year 1 Jun 12 4:00 AM","0"
"Year 1 Jun 12 5:00 AM","23.3144123352483"
"Year 1 Jun 12 6:00 AM","44.4073794224503"
"Year 1 Jun 12 7:00 AM","39.1090479035126"
"Year 1 Jun 12 8:00 AM","30.7355250455028"
"Year 1 Jun 12 9:00 AM","34.451127075784"
"Year 1 Jun 12 10:00 AM","46.4874458684105"
"Year 1 Jun 12 11:00 AM","59.9794345398068"
"Year 1 Jun 12 12:00 PM","60.4459674678198"
"Year 1 Jun 12 1:00 PM","58.6296158661835"
"Year 1 Jun 12 2:00 PM","59.1319433639606"
"Year 1 Jun 12 3:00 PM","53.0164248936627"
"Year 1 Jun 12 4:00 PM","48.4519984119861"
"Year 1 Jun 12 5:00 PM","40.4109881298264"
"Year 1 Jun 12 6:00 PM","27.6669562409069"
"Year 1 Jun 12 7:00 PM","12.9243125135381"
"Year 1 Jun 12 8:00 PM","1.26342728667001"
"Year 1 Jun 12 9:00 PM","0"
"Year 1 Jun 12 10:00 PM","0"
"Year 1 Jun 12 11:00 PM","0"
"Year 1 Jun 13 12:00 AM","0"
"Year 1 Jun 13 1:00 AM","0"
"Year 1 Jun 13 2:00 AM","0"
"Year 1 Jun 13 3:00 AM","0"
"Year 1 Jun 13 4:00 AM","0"
"Year 1 Jun 13 5:00 AM","11.1831084038574"
"Year 1 Jun 13 6:00 AM","37.1988651422508"
"Year 1 Jun 13 7:00 AM","50.8387295496922"
"Year 1 Jun 13 8:00 AM","41.1995314514878"
"Year 1 Jun 13 9:00 AM","49.8205795462768"
"Year 1 Jun 13 10:00 AM","62.4413351878925"
"Year 1 Jun 13 11:00 AM","62.7645200730022"
"Year 1 Jun 13 12:00 PM","68.8809554288353"
"Year 1 Jun 13 1:00 PM","75.1494113035528"
"Year 1 Jun 13 2:00 PM","64.9762080634284"
"Year 1 Jun 13 3:00 PM","58.2095721566537"
"Year 1 Jun 13 4:00 PM","57.7312030523134"
"Year 1 Jun 13 5:00 PM","45.7582564824476"
"Year 1 Jun 13 6:00 PM","25.1849647638011"
"Year 1 Jun 13 7:00 PM","10.7958529589389"
"Year 1 Jun 13 8:00 PM","1.3536382223453"
"Year 1 Jun 13 9:00 PM","0"
"Year 1 Jun 13 10:00 PM","0"
"Year 1 Jun 13 11:00 PM","0"
"Year 1 Jun 14 12:00 AM","0"
"Year 1 Jun 14 1:00 AM","0"
"Year 1 Jun 14 2:00 AM","0"
"Year 1 Jun 14 3:00 AM","0"
"Year 1 Jun 14 4:00 AM","0"
"Year 1 Jun 14 5:00 AM","13.9835247625897"
"Year 1 Jun 14 6:00 AM","37.7054357531964"
"Year 1 Jun 14 7:00 AM","50.9645307246203"
"Year 1 Jun 14 8:00 AM","56.0987667101406"
"Year 1 Jun 14 9:00 AM","64.6988022430266"
"Year 1 Jun 14 10:00 AM","66.7789811164026"
"Year 1 Jun 14 11:00 AM","70.3230780062834"
"Year 1 Jun 14 12:00 PM","66.1399243320774"
"Year 1 Jun 14 1:00 PM","64.8095988300576"
"Year 1 Jun 14 2:00 PM","60.7224489151504"
"Year 1 Jun 14 3:00 PM","57.6773384865154"
"Year 1 Jun 14 4:00 PM","55.8691671903766"
"Year 1 Jun 14 5:00 PM","42.660364384847"
"Year 1 Jun 14 6:00 PM","29.1167920503452"
"Year 1 Jun 14 7:00 PM","11.8199395495313"
"Year 1 Jun 14 8:00 PM","1.27081981946788"
"Year 1 Jun 14 9:00 PM","0"
"Year 1 Jun 14 10:00 PM","0"
"Year 1 Jun 14 11:00 PM","0"
"Year 1 Jun 15 12:00 AM","0"
"Year 1 Jun 15 1:00 AM","0"
"Year 1 Jun 15 2:00 AM","0"
"Year 1 Jun 15 3:00 AM","0"
"Year 1 Jun 15 4:00 AM","0"
"Year 1 Jun 15 5:00 AM","18.7868212780529"
"Year 1 Jun 15 6:00 AM","47.0588037759623"
"Year 1 Jun 15 7:00 AM","46.3881000577709"
"Year 1 Jun 15 8:00 AM","39.6500179556471"
"Year 1 Jun 15 9:00 AM","37.7807379910195"
"Year 1 Jun 15 10:00 AM","37.1189867759657"
"Year 1 Jun 15 11:00 AM","34.7272460147774"
"Year 1 Jun 15 12:00 PM","33.1362316923719"
"Year 1 Jun 15 1:00 PM","33.9290042515315"
"Year 1 Jun 15 2:00 PM","35.9333301393527"
"Year 1 Jun 15 3:00 PM","37.58849194977"
"Year 1 Jun 15 4:00 PM","37.8213240056944"
"Year 1 Jun 15 5:00 PM","34.2274107983387"
"Year 1 Jun 15 6:00 PM","23.0145188591245"
"Year 1 Jun 15 7:00 PM","11.9288167327202"
"Year 1 Jun 15 8:00 PM","1.29574913882673"
"Year 1 Jun 15 9:00 PM","0"
"Year 1 Jun 15 10:00 PM","0"
"Year 1 Jun 15 11:00 PM","0"
"Year 1 Jun 16 12:00 AM","0"
"Year 1 Jun 16 1:00 AM","0"
"Year 1 Jun 16 2:00 AM","0"
"Year 1 Jun 16 3:00 AM","0"
"Year 1 Jun 16 4:00 AM","0"
"Year 1 Jun 16 5:00 AM","18.6770908237551"
"Year 1 Jun 16 6:00 AM","44.1820598938278"
"Year 1 Jun 16 7:00 AM","50.7800484704593"
"Year 1 Jun 16 8:00 AM","46.4115530057229"
"Year 1 Jun 16 9:00 AM","54.2917058089913"
"Year 1 Jun 16 10:00 AM","51.9525817834152"
"Year 1 Jun 16 11:00 AM","45.9227263770718"
"Year 1 Jun 16 12:00 PM","45.5905160267374"
"Year 1 Jun 16 1:00 PM","45.9693375720222"
"Year 1 Jun 16 2:00 PM","48.4048880440825"
"Year 1 Jun 16 3:00 PM","53.6343209652479"
"Year 1 Jun 16 4:00 PM","51.5532698511772"
"Year 1 Jun 16 5:00 PM","41.8408244268276"
"Year 1 Jun 16 6:00 PM","27.6318273093601"
"Year 1 Jun 16 7:00 PM","11.3619850608841"
"Year 1 Jun 16 8:00 PM","1.28456848076867"
"Year 1 Jun 16 9:00 PM","0"
"Year 1 Jun 16 10:00 PM","0"
"Year 1 Jun 16 11:00 PM","0"
"Year 1 Jun 17 12:00 AM","0"
"Year 1 Jun 17 1:00 AM","0"
"Year 1 Jun 17 2:00 AM","0"
"Year 1 Jun 17 3:00 AM","0"
"Year 1 Jun 17 4:00 AM","0"
"Year 1 Jun 17 5:00 AM","15.0254287530586"
"Year 1 Jun 17 6:00 AM","21.6766136463253"
"Year 1 Jun 17 7:00 AM","39.2523153321571"
"Year 1 Jun 17 8:00 AM","40.9729063646746"
"Year 1 Jun 17 9:00 AM","54.3586201748581"
"Year 1 Jun 17 10:00 AM","76.4039519548008"
"Year 1 Jun 17 11:00 AM","66.2957547899569"
"Year 1 Jun 17 12:00 PM","49.2771628069379"
"Year 1 Jun 17 1:00 PM","43.9842690374276"
"Year 1 Jun 17 2:00 PM","56.9013894473019"
"Year 1 Jun 17 3:00 PM","52.6726837944526"
"Year 1 Jun 17 4:00 PM","53.2744219828397"
"Year 1 Jun 17 5:00 PM","25.7311778622071"
"Year 1 Jun 17 6:00 PM","23.9527536578597"
"Year 1 Jun 17 7:00 PM","11.883543767469"
"Year 1 Jun 17 8:00 PM","1.27787459639297"
"Year 1 Jun 17 9:00 PM","0"
"Year 1 Jun 17 10:00 PM","0"
"Year 1 Jun 17 11:00 PM","0"
"Year 1 Jun 18 12:00 AM","0"
"Year 1 Jun 18 1:00 AM","0"
"Year 1 Jun 18 2:00 AM","0"
"Year 1 Jun 18 3:00 AM","0"
"Year 1 Jun 18 4:00 AM","0"
"Year 1 Jun 18 5:00 AM","6.84653070530472"
"Year 1 Jun 18 6:00 AM","24.7283836200805"
"Year 1 Jun 18 7:00 AM","49.883602548223"
"Year 1 Jun 18 8:00 AM","43.5403990120337"
"Year 1 Jun 18 9:00 AM","46.8344232432481"
"Year 1 Jun 18 10:00 AM","63.562591587972"
"Year 1 Jun 18 11:00 AM","51.8215232317233"
"Year 1 Jun 18 12:00 PM","61.4268350834872"
"Year 1 Jun 18 1:00 PM","79.2590825878937"
"Year 1 Jun 18 2:00 PM","80.5269322634489"
"Year 1 Jun 18 3:00 PM","67.5923611427328"
"Year 1 Jun 18 4:00 PM","58.0055687768034"
"Year 1 Jun 18 5:00 PM","46.4072233790484"
"Year 1 Jun 18 6:00 PM","23.8956409152863"
"Year 1 Jun 18 7:00 PM","11.6440430678487"
"Year 1 Jun 18 8:00 PM","1.41723796713376"
"Year 1 Jun 18 9:00 PM","0"
"Year 1 Jun 18 10:00 PM","0"
"Year 1 Jun 18 11:00 PM","0"
"Year 1 Jun 19 12:00 AM","0"
"Year 1 Jun 19 1:00 AM","0"
"Year 1 Jun 19 2:00 AM","0"
"Year 1 Jun 19 3:00 AM","0"
"Year 1 Jun 19 4:00 AM","0"
"Year 1 Jun 19 5:00 AM","7.48252176353408"
"Year 1 Jun 19 6:00 AM","24.2032945803374"
"Year 1 Jun 19 7:00 AM","47.9491829869119"
"Year 1 Jun 19 8:00 AM","48.5510725855843"
"Year 1 Jun 19 9:00 AM","51.202304348973"
"Year 1 Jun 19 10:00 AM","64.3573134267838"
"Year 1 Jun 19 11:00 AM","65.7047304768356"
"Year 1 Jun 19 12:00 PM","80.6376677765253"
"Year 1 Jun 19 1:00 PM","72.8390480891556"
"Year 1 Jun 19 2:00 PM","64.060215154218"
"Year 1 Jun 19 3:00 PM","64.7642037456925"
"Year 1 Jun 19 4:00 PM","58.8469449167527"
"Year 1 Jun 19 5:00 PM","42.3052749825706"
"Year 1 Jun 19 6:00 PM","27.845900231854"
"Year 1 Jun 19 7:00 PM","12.0788281700037"
"Year 1 Jun 19 8:00 PM","1.32788986336894"
"Year 1 Jun 19 9:00 PM","0"
"Year 1 Jun 19 10:00 PM","0"
"Year 1 Jun 19 11:00 PM","0"
"Year 1 Jun 20 12:00 AM","0"
"Year 1 Jun 20 1:00 AM","0"
"Year 1 Jun 20 2:00 AM","0"
"Year 1 Jun 20 3:00 AM","0"
"Year 1 Jun 20 4:00 AM","0"
"Year 1 Jun 20 5:00 AM","8.63617840389567"
"Year 1 Jun 20 6:00 AM","28.6322471876332"
"Year 1 Jun 20 7:00 AM","53.4696277253863"
"Year 1 Jun 20 8:00 AM","55.2847839918829"
"Year 1 Jun 20 9:00 AM","61.095085690957"
"Year 1 Jun 20 10:00 AM","66.5189310866573"
"Year 1 Jun 20 11:00 AM","69.2865650676899"
"Year 1 Jun 20 12:00 PM","57.2434550843201"
"Year 1 Jun 20 1:00 PM","54.7891358029783"
"Year 1 Jun 20 2:00 PM","57.0513470900543"
"Year 1 Jun 20 3:00 PM","53.6883947496996"
"Year 1 Jun 20 4:00 PM","57.5415107950627"
"Year 1 Jun 20 5:00 PM","45.5610628340524"
"Year 1 Jun 20 6:00 PM","28.2788397724519"
"Year 1 Jun 20 7:00 PM","11.0890944754051"
"Year 1 Jun 20 8:00 PM","1.28222298066562"
"Year 1 Jun 20 9:00 PM","0"
"Year 1 Jun 20 10:00 PM","0"
"Year 1 Jun 20 11:00 PM","0"
"Year 1 Jun 21 12:00 AM","0"
"Year 1 Jun 21 1:00 AM","0"
"Year 1 Jun 21 2:00 AM","0"
"Year 1 Jun 21 3:00 AM","0"
"Year 1 Jun 21 4:00 AM","0"
"Year 1 Jun 21 5:00 AM","18.3803966404274"
"Year 1 Jun 21 6:00 AM","45.9349785659123"
"Year 1 Jun 21 7:00 AM","46.7173813926522"
"Year 1 Jun 21 8:00 AM","40.425752924836"
"Year 1 Jun 21 9:00 AM","38.218976137086"
"Year 1 Jun 21 10:00 AM","37.2686773268113"
"Year 1 Jun 21 11:00 AM","33.9449178731831"
"Year 1 Jun 21 12:00 PM","32.7109849425927"
"Year 1 Jun 21 1:00 PM","33.4923535697142"
"Year 1 Jun 21 2:00 PM","39.6690794139042"
"Year 1 Jun 21 3:00 PM","44.961570783564"
"Year 1 Jun 21 4:00 PM","42.5620623748194"
"Year 1 Jun 21 5:00 PM","32.9567025129681"
"Year 1 Jun 21 6:00 PM","23.5628562631737"
"Year 1 Jun 21 7:00 PM","12.4765253862334"
"Year 1 Jun 21 8:00 PM","1.59886187618222"
"Year 1 Jun 21 9:00 PM","0"
"Year 1 Jun 21 10:00 PM","0"
"Year 1 Jun 21 11:00 PM","0"
"Year 1 Jun 22 12:00 AM","0"
"Year 1 Jun 22 1:00 AM","0"
"Year 1 Jun 22 2:00 AM","0"
"Year 1 Jun 22 3:00 AM","0"
"Year 1 Jun 22 4:00 AM","0"
"Year 1 Jun 22 5:00 AM","23.4029813271771"
"Year 1 Jun 22 6:00 AM","48.8192004977739"
"Year 1 Jun 22 7:00 AM","50.131630481155"
"Year 1 Jun 22 8:00 AM","48.1220781302261"
"Year 1 Jun 22 9:00 AM","51.4709589466661"
"Year 1 Jun 22 10:00 AM","45.0037683631107"
"Year 1 Jun 22 11:00 AM","30.6339581277021"
"Year 1 Jun 22 12:00 PM","24.8048816790615"
"Year 1 Jun 22 1:00 PM","29.0508375778782"
"Year 1 Jun 22 2:00 PM","29.2594212990421"
"Year 1 Jun 22 3:00 PM","40.4047018333805"
"Year 1 Jun 22 4:00 PM","39.4800055200635"
"Year 1 Jun 22 5:00 PM","34.3829573219397"
"Year 1 Jun 22 6:00 PM","22.9124206669834"
"Year 1 Jun 22 7:00 PM","11.5677987409169"
"Year 1 Jun 22 8:00 PM","1.54228495204347"
"Year 1 Jun 22 9:00 PM","0"
"Year 1 Jun 22 10:00 PM","0"
"Year 1 Jun 22 11:00 PM","0"
"Year 1 Jun 23 12:00 AM","0"
"Year 1 Jun 23 1:00 AM","0"
"Year 1 Jun 23 2:00 AM","0"
"Year 1 Jun 23 3:00 AM","0"
"Year 1 Jun 23 4:00 AM","0"
"Year 1 Jun 23 5:00 AM","4.18749149094986"
"Year 1 Jun 23 6:00 AM","13.8564643344974"
"Year 1 Jun 23 7:00 AM","30.5155932783769"
"Year 1 Jun 23 8:00 AM","38.1654212981069"
"Year 1 Jun 23 9:00 AM","52.9781043928836"
"Year 1 Jun 23 10:00 AM","62.4573224307795"
"Year 1 Jun 23 11:00 AM","46.9360667914345"
"Year 1 Jun 23 12:00 PM","39.052173302371"
"Year 1 Jun 23 1:00 PM","46.0400263128488"
"Year 1 Jun 23 2:00 PM","61.6623910663844"
"Year 1 Jun 23 3:00 PM","61.2288688124821"
"Year 1 Jun 23 4:00 PM","62.1441377070594"
"Year 1 Jun 23 5:00 PM","43.0872614948929"
"Year 1 Jun 23 6:00 PM","26.0970956507812"
"Year 1 Jun 23 7:00 PM","11.597537129994"
"Year 1 Jun 23 8:00 PM","1.28841623064306"
"Year 1 Jun 23 9:00 PM","0"
"Year 1 Jun 23 10:00 PM","0"
"Year 1 Jun 23 11:00 PM","0"
"Year 1 Jun 24 12:00 AM","0"
"Year 1 Jun 24 1:00 AM","0"
"Year 1 Jun 24 2:00 AM","0"
"Year 1 Jun 24 3:00 AM","0"
"Year 1 Jun 24 4:00 AM","0"
"Year 1 Jun 24 5:00 AM","22.0509935047022"
"Year 1 Jun 24 6:00 AM","43.6672404311889"
"Year 1 Jun 24 7:00 AM","36.7727322103089"
"Year 1 Jun 24 8:00 AM","29.2364483905094"
"Year 1 Jun 24 9:00 AM","27.6989466962286"
"Year 1 Jun 24 10:00 AM","28.3314025636375"
"Year 1 Jun 24 11:00 AM","27.4263675816186"
"Year 1 Jun 24 12:00 PM","36.9514374043238"
"Year 1 Jun 24 1:00 PM","24.0379593956219"
"Year 1 Jun 24 2:00 PM","26.6599364625395"
"Year 1 Jun 24 3:00 PM","28.6528981397623"
"Year 1 Jun 24 4:00 PM","26.9968844423444"
"Year 1 Jun 24 5:00 PM","24.6653875117218"
"Year 1 Jun 24 6:00 PM","17.8670410984878"
"Year 1 Jun 24 7:00 PM","11.210355211698"
"Year 1 Jun 24 8:00 PM","1.56505801082192"
"Year 1 Jun 24 9:00 PM","0"
"Year 1 Jun 24 10:00 PM","0"
"Year 1 Jun 24 11:00 PM","0"
"Year 1 Jun 25 12:00 AM","0"
"Year 1 Jun 25 1:00 AM","0"
"Year 1 Jun 25 2:00 AM","0"
"Year 1 Jun 25 3:00 AM","0"
"Year 1 Jun 25 4:00 AM","0"
"Year 1 Jun 25 5:00 AM","22.9379290709836"
"Year 1 Jun 25 6:00 AM","44.1455557030431"
"Year 1 Jun 25 7:00 AM","38.1622233062958"
"Year 1 Jun 25 8:00 AM","31.0532635484175"
"Year 1 Jun 25 9:00 AM","28.7676295116154"
"Year 1 Jun 25 10:00 AM","29.0059191638119"
"Year 1 Jun 25 11:00 AM","30.7331664061344"
"Year 1 Jun 25 12:00 PM","31.4624495708031"
"Year 1 Jun 25 1:00 PM","31.321628939324"
"Year 1 Jun 25 2:00 PM","30.269784922627"
"Year 1 Jun 25 3:00 PM","29.786175614137"
"Year 1 Jun 25 4:00 PM","27.6226459705451"
"Year 1 Jun 25 5:00 PM","25.254159781825"
"Year 1 Jun 25 6:00 PM","18.6243813517987"
"Year 1 Jun 25 7:00 PM","11.3284347785858"
"Year 1 Jun 25 8:00 PM","1.58671680133522"
"Year 1 Jun 25 9:00 PM","0"
"Year 1 Jun 25 10:00 PM","0"
"Year 1 Jun 25 11:00 PM","0"
"Year 1 Jun 26 12:00 AM","0"
"Year 1 Jun 26 1:00 AM","0"
"Year 1 Jun 26 2:00 AM","0"
"Year 1 Jun 26 3:00 AM","0"
"Year 1 Jun 26 4:00 AM","0"
"Year 1 Jun 26 5:00 AM","23.2323384799234"
"Year 1 Jun 26 6:00 AM","45.6072073540321"
"Year 1 Jun 26 7:00 AM","46.0416609634084"
"Year 1 Jun 26 8:00 AM","38.5820154292309"
"Year 1 Jun 26 9:00 AM","26.1473915836506"
"Year 1 Jun 26 10:00 AM","26.3131978360389"
"Year 1 Jun 26 11:00 AM","24.4162431411908"
"Year 1 Jun 26 12:00 PM","29.3760284776384"
"Year 1 Jun 26 1:00 PM","30.9936892721722"
"Year 1 Jun 26 2:00 PM","29.7222469668311"
"Year 1 Jun 26 3:00 PM","25.0432939854892"
"Year 1 Jun 26 4:00 PM","30.8197197194636"
"Year 1 Jun 26 5:00 PM","30.9635164592847"
"Year 1 Jun 26 6:00 PM","22.2955937817151"
"Year 1 Jun 26 7:00 PM","11.6220435220872"
"Year 1 Jun 26 8:00 PM","1.4192151606394"
"Year 1 Jun 26 9:00 PM","0"
"Year 1 Jun 26 10:00 PM","0"
"Year 1 Jun 26 11:00 PM","0"
"Year 1 Jun 27 12:00 AM","0"
"Year 1 Jun 27 1:00 AM","0"
"Year 1 Jun 27 2:00 AM","0"
"Year 1 Jun 27 3:00 AM","0"
"Year 1 Jun 27 4:00 AM","0"
"Year 1 Jun 27 5:00 AM","9.74943701039788"
"Year 1 Jun 27 6:00 AM","34.259326133802"
"Year 1 Jun 27 7:00 AM","56.2766393232319"
"Year 1 Jun 27 8:00 AM","50.0819045751544"
"Year 1 Jun 27 9:00 AM","62.3189426165112"
"Year 1 Jun 27 10:00 AM","70.3144339256261"
"Year 1 Jun 27 11:00 AM","78.7894686994719"
"Year 1 Jun 27 12:00 PM","72.395392230057"
"Year 1 Jun 27 1:00 PM","58.1090037377806"
"Year 1 Jun 27 2:00 PM","66.5655125751486"
"Year 1 Jun 27 3:00 PM","64.6186587323923"
"Year 1 Jun 27 4:00 PM","59.2168992837645"
"Year 1 Jun 27 5:00 PM","47.3961500865597"
"Year 1 Jun 27 6:00 PM","27.9345092890816"
"Year 1 Jun 27 7:00 PM","12.9331606784107"
"Year 1 Jun 27 8:00 PM","1.52029210880804"
"Year 1 Jun 27 9:00 PM","0"
"Year 1 Jun 27 10:00 PM","0"
"Year 1 Jun 27 11:00 PM","0"
"Year 1 Jun 28 12:00 AM","0"
"Year 1 Jun 28 1:00 AM","0"
"Year 1 Jun 28 2:00 AM","0"
"Year 1 Jun 28 3:00 AM","0"
"Year 1 Jun 28 4:00 AM","0"
"Year 1 Jun 28 5:00 AM","18.6268385652081"
"Year 1 Jun 28 6:00 AM","41.1252070956827"
"Year 1 Jun 28 7:00 AM","35.1442794847169"
"Year 1 Jun 28 8:00 AM","29.62339962435"
"Year 1 Jun 28 9:00 AM","28.752194463009"
"Year 1 Jun 28 10:00 AM","37.1129653385179"
"Year 1 Jun 28 11:00 AM","42.218691240487"
"Year 1 Jun 28 12:00 PM","52.2753397768886"
"Year 1 Jun 28 1:00 PM","45.2754554577357"
"Year 1 Jun 28 2:00 PM","49.9514086871472"
"Year 1 Jun 28 3:00 PM","57.5722520518368"
"Year 1 Jun 28 4:00 PM","41.3558055373763"
"Year 1 Jun 28 5:00 PM","36.8553457927935"
"Year 1 Jun 28 6:00 PM","27.2082466852938"
"Year 1 Jun 28 7:00 PM","12.0719994118552"
"Year 1 Jun 28 8:00 PM","1.14963480857455"
"Year 1 Jun 28 9:00 PM","0"
"Year 1 Jun 28 10:00 PM","0"
"Year 1 Jun 28 11:00 PM","0"
"Year 1 Jun 29 12:00 AM","0"
"Year 1 Jun 29 1:00 AM","0"
"Year 1 Jun 29 2:00 AM","0"
"Year 1 Jun 29 3:00 AM","0"
"Year 1 Jun 29 4:00 AM","0"
"Year 1 Jun 29 5:00 AM","1.97299490834031"
"Year 1 Jun 29 6:00 AM","9.13520041614927"
"Year 1 Jun 29 7:00 AM","31.7363273067754"
"Year 1 Jun 29 8:00 AM","49.1487561340452"
"Year 1 Jun 29 9:00 AM","60.105434895123"
"Year 1 Jun 29 10:00 AM","64.5100225445523"
"Year 1 Jun 29 11:00 AM","73.3886364933747"
"Year 1 Jun 29 12:00 PM","52.8428424424092"
"Year 1 Jun 29 1:00 PM","43.485521393272"
"Year 1 Jun 29 2:00 PM","48.9104782411561"
"Year 1 Jun 29 3:00 PM","48.601603230055"
"Year 1 Jun 29 4:00 PM","53.9367309172327"
"Year 1 Jun 29 5:00 PM","41.8822061875871"
"Year 1 Jun 29 6:00 PM","23.559307420406"
"Year 1 Jun 29 7:00 PM","9.96237319702085"
"Year 1 Jun 29 8:00 PM","1.32433233481399"
"Year 1 Jun 29 9:00 PM","0"
"Year 1 Jun 29 10:00 PM","0"
"Year 1 Jun 29 11:00 PM","0"
"Year 1 Jun 30 12:00 AM","0"
"Year 1 Jun 30 1:00 AM","0"
"Year 1 Jun 30 2:00 AM","0"
"Year 1 Jun 30 3:00 AM","0"
"Year 1 Jun 30 4:00 AM","0"
"Year 1 Jun 30 5:00 AM","18.7155133952279"
"Year 1 Jun 30 6:00 AM","45.5671721267479"
"Year 1 Jun 30 7:00 AM","43.290122174766"
"Year 1 Jun 30 8:00 AM","34.9917114503196"
"Year 1 Jun 30 9:00 AM","33.3247189030091"
"Year 1 Jun 30 10:00 AM","36.2474649918136"
"Year 1 Jun 30 11:00 AM","46.8327074642873"
"Year 1 Jun 30 12:00 PM","37.5834575879356"
"Year 1 Jun 30 1:00 PM","50.443344636103"
"Year 1 Jun 30 2:00 PM","60.1657870854313"
"Year 1 Jun 30 3:00 PM","58.4308474852873"
"Year 1 Jun 30 4:00 PM","36.6950389686468"
"Year 1 Jun 30 5:00 PM","39.2535617876944"
"Year 1 Jun 30 6:00 PM","18.9124566970803"
"Year 1 Jun 30 7:00 PM","8.89543086621755"
"Year 1 Jun 30 8:00 PM","1.17614048313619"
"Year 1 Jun 30 9:00 PM","0"
"Year 1 Jun 30 10:00 PM","0"
"Year 1 Jun 30 11:00 PM","0"
"Year 1 Jul 01 12:00 AM","0"
"Year 1 Jul 01 1:00 AM","0"
"Year 1 Jul 01 2:00 AM","0"
"Year 1 Jul 01 3:00 AM","0"
"Year 1 Jul 01 4:00 AM","0"
"Year 1 Jul 01 5:00 AM","4.24335889962628"
"Year 1 Jul 01 6:00 AM","17.1212377689015"
"Year 1 Jul 01 7:00 AM","41.977696997478"
"Year 1 Jul 01 8:00 AM","52.0966017034785"
"Year 1 Jul 01 9:00 AM","66.0522872267396"
"Year 1 Jul 01 10:00 AM","78.9309890970894"
"Year 1 Jul 01 11:00 AM","90.4406350565834"
"Year 1 Jul 01 12:00 PM","93.0237418482134"
"Year 1 Jul 01 1:00 PM","95.4547305619171"
"Year 1 Jul 01 2:00 PM","88.263477448535"
"Year 1 Jul 01 3:00 PM","76.6469793819654"
"Year 1 Jul 01 4:00 PM","42.540487449617"
"Year 1 Jul 01 5:00 PM","32.2422968044935"
"Year 1 Jul 01 6:00 PM","25.4661821063734"
"Year 1 Jul 01 7:00 PM","12.5270655626432"
"Year 1 Jul 01 8:00 PM","1.60095413477375"
"Year 1 Jul 01 9:00 PM","0"
"Year 1 Jul 01 10:00 PM","0"
"Year 1 Jul 01 11:00 PM","0"
"Year 1 Jul 02 12:00 AM","0"
"Year 1 Jul 02 1:00 AM","0"
"Year 1 Jul 02 2:00 AM","0"
"Year 1 Jul 02 3:00 AM","0"
"Year 1 Jul 02 4:00 AM","0"
"Year 1 Jul 02 5:00 AM","11.6421053027104"
"Year 1 Jul 02 6:00 AM","29.0222557842073"
"Year 1 Jul 02 7:00 AM","43.281942294531"
"Year 1 Jul 02 8:00 AM","55.6627439380643"
"Year 1 Jul 02 9:00 AM","69.9918065387773"
"Year 1 Jul 02 10:00 AM","77.8710097738855"
"Year 1 Jul 02 11:00 AM","68.4659444441175"
"Year 1 Jul 02 12:00 PM","54.9128083662983"
"Year 1 Jul 02 1:00 PM","53.6904812782597"
"Year 1 Jul 02 2:00 PM","49.6645387240393"
"Year 1 Jul 02 3:00 PM","58.3122034663991"
"Year 1 Jul 02 4:00 PM","48.4944097321469"
"Year 1 Jul 02 5:00 PM","40.6615396415486"
"Year 1 Jul 02 6:00 PM","26.7378920919534"
"Year 1 Jul 02 7:00 PM","13.9653774228002"
"Year 1 Jul 02 8:00 PM","1.63207848268935"
"Year 1 Jul 02 9:00 PM","0"
"Year 1 Jul 02 10:00 PM","0"
"Year 1 Jul 02 11:00 PM","0"
"Year 1 Jul 03 12:00 AM","0"
"Year 1 Jul 03 1:00 AM","0"
"Year 1 Jul 03 2:00 AM","0"
"Year 1 Jul 03 3:00 AM","0"
"Year 1 Jul 03 4:00 AM","0"
"Year 1 Jul 03 5:00 AM","17.8397249686309"
"Year 1 Jul 03 6:00 AM","43.7774904854985"
"Year 1 Jul 03 7:00 AM","48.3900465506506"
"Year 1 Jul 03 8:00 AM","42.0713285062191"
"Year 1 Jul 03 9:00 AM","40.9879354594601"
"Year 1 Jul 03 10:00 AM","39.8856943655688"
"Year 1 Jul 03 11:00 AM","37.431756906536"
"Year 1 Jul 03 12:00 PM","35.5025727349506"
"Year 1 Jul 03 1:00 PM","39.0445986457246"
"Year 1 Jul 03 2:00 PM","50.4553781097789"
"Year 1 Jul 03 3:00 PM","43.5647130986906"
"Year 1 Jul 03 4:00 PM","44.5864828599851"
"Year 1 Jul 03 5:00 PM","36.0327725765692"
"Year 1 Jul 03 6:00 PM","24.5428142207776"
"Year 1 Jul 03 7:00 PM","12.7559734710698"
"Year 1 Jul 03 8:00 PM","1.61302808020028"
"Year 1 Jul 03 9:00 PM","0"
"Year 1 Jul 03 10:00 PM","0"
"Year 1 Jul 03 11:00 PM","0"
"Year 1 Jul 04 12:00 AM","0"
"Year 1 Jul 04 1:00 AM","0"
"Year 1 Jul 04 2:00 AM","0"
"Year 1 Jul 04 3:00 AM","0"
"Year 1 Jul 04 4:00 AM","0"
"Year 1 Jul 04 5:00 AM","19.7718254505826"
"Year 1 Jul 04 6:00 AM","48.6634549962554"
"Year 1 Jul 04 7:00 AM","50.2778135277603"
"Year 1 Jul 04 8:00 AM","54.3023931443728"
"Year 1 Jul 04 9:00 AM","54.6632619935004"
"Year 1 Jul 04 10:00 AM","56.7818049264528"
"Year 1 Jul 04 11:00 AM","63.2273266120993"
"Year 1 Jul 04 12:00 PM","39.5643802863112"
"Year 1 Jul 04 1:00 PM","35.0032479399261"
"Year 1 Jul 04 2:00 PM","44.6400763709323"
"Year 1 Jul 04 3:00 PM","44.9905038027951"
"Year 1 Jul 04 4:00 PM","41.1210943691635"
"Year 1 Jul 04 5:00 PM","34.6874875156574"
"Year 1 Jul 04 6:00 PM","26.5335519390825"
"Year 1 Jul 04 7:00 PM","12.8557592893378"
"Year 1 Jul 04 8:00 PM","1.49891116916808"
"Year 1 Jul 04 9:00 PM","0"
"Year 1 Jul 04 10:00 PM","0"
"Year 1 Jul 04 11:00 PM","0"
"Year 1 Jul 05 12:00 AM","0"
"Year 1 Jul 05 1:00 AM","0"
"Year 1 Jul 05 2:00 AM","0"
"Year 1 Jul 05 3:00 AM","0"
"Year 1 Jul 05 4:00 AM","0"
"Year 1 Jul 05 5:00 AM","17.4923765730839"
"Year 1 Jul 05 6:00 AM","44.714657107987"
"Year 1 Jul 05 7:00 AM","39.909923006421"
"Year 1 Jul 05 8:00 AM","30.8336048646844"
"Year 1 Jul 05 9:00 AM","31.4691044628082"
"Year 1 Jul 05 10:00 AM","31.0608588033573"
"Year 1 Jul 05 11:00 AM","29.6334874644413"
"Year 1 Jul 05 12:00 PM","27.0315669373324"
"Year 1 Jul 05 1:00 PM","26.7525744917716"
"Year 1 Jul 05 2:00 PM","33.0959508286332"
"Year 1 Jul 05 3:00 PM","41.4279948190707"
"Year 1 Jul 05 4:00 PM","41.6022302424032"
"Year 1 Jul 05 5:00 PM","34.0088910100018"
"Year 1 Jul 05 6:00 PM","21.2510912002576"
"Year 1 Jul 05 7:00 PM","11.6673253564972"
"Year 1 Jul 05 8:00 PM","1.59706270444533"
"Year 1 Jul 05 9:00 PM","0"
"Year 1 Jul 05 10:00 PM","0"
"Year 1 Jul 05 11:00 PM","0"
"Year 1 Jul 06 12:00 AM","0"
"Year 1 Jul 06 1:00 AM","0"
"Year 1 Jul 06 2:00 AM","0"
"Year 1 Jul 06 3:00 AM","0"
"Year 1 Jul 06 4:00 AM","0"
"Year 1 Jul 06 5:00 AM","20.805133853641"
"Year 1 Jul 06 6:00 AM","43.8745257491885"
"Year 1 Jul 06 7:00 AM","38.5187419244143"
"Year 1 Jul 06 8:00 AM","30.4608021061157"
"Year 1 Jul 06 9:00 AM","29.2579285908643"
"Year 1 Jul 06 10:00 AM","29.0072717825851"
"Year 1 Jul 06 11:00 AM","27.6263446554654"
"Year 1 Jul 06 12:00 PM","27.1049663982115"
"Year 1 Jul 06 1:00 PM","35.2793403960436"
"Year 1 Jul 06 2:00 PM","44.2481547869218"
"Year 1 Jul 06 3:00 PM","49.1415773705541"
"Year 1 Jul 06 4:00 PM","45.7011825959023"
"Year 1 Jul 06 5:00 PM","31.7955508095334"
"Year 1 Jul 06 6:00 PM","20.8640471786719"
"Year 1 Jul 06 7:00 PM","6.54084245287736"
"Year 1 Jul 06 8:00 PM","0.710787524078854"
"Year 1 Jul 06 9:00 PM","0"
"Year 1 Jul 06 10:00 PM","0"
"Year 1 Jul 06 11:00 PM","0"
"Year 1 Jul 07 12:00 AM","0"
"Year 1 Jul 07 1:00 AM","0"
"Year 1 Jul 07 2:00 AM","0"
"Year 1 Jul 07 3:00 AM","0"
"Year 1 Jul 07 4:00 AM","0"
"Year 1 Jul 07 5:00 AM","6.20517900848472"
"Year 1 Jul 07 6:00 AM","25.4275497125389"
"Year 1 Jul 07 7:00 AM","35.1335372297849"
"Year 1 Jul 07 8:00 AM","46.8215118783635"
"Year 1 Jul 07 9:00 AM","61.6116353486061"
"Year 1 Jul 07 10:00 AM","63.1230750435976"
"Year 1 Jul 07 11:00 AM","55.769480711322"
"Year 1 Jul 07 12:00 PM","57.4461687338555"
"Year 1 Jul 07 1:00 PM","61.2934660440514"
"Year 1 Jul 07 2:00 PM","70.0125409858135"
"Year 1 Jul 07 3:00 PM","55.1451341805492"
"Year 1 Jul 07 4:00 PM","42.6873898410265"
"Year 1 Jul 07 5:00 PM","25.6773412011383"
"Year 1 Jul 07 6:00 PM","20.3309966226679"
"Year 1 Jul 07 7:00 PM","10.3741290285385"
"Year 1 Jul 07 8:00 PM","1.37631868014286"
"Year 1 Jul 07 9:00 PM","0"
"Year 1 Jul 07 10:00 PM","0"
"Year 1 Jul 07 11:00 PM","0"
"Year 1 Jul 08 12:00 AM","0"
"Year 1 Jul 08 1:00 AM","0"
"Year 1 Jul 08 2:00 AM","0"
"Year 1 Jul 08 3:00 AM","0"
"Year 1 Jul 08 4:00 AM","0"
"Year 1 Jul 08 5:00 AM","2.61670803268487"
"Year 1 Jul 08 6:00 AM","10.5583885038128"
"Year 1 Jul 08 7:00 AM","25.6444798954867"
"Year 1 Jul 08 8:00 AM","43.3991956644306"
"Year 1 Jul 08 9:00 AM","52.3666676665388"
"Year 1 Jul 08 10:00 AM","52.2466703673372"
"Year 1 Jul 08 11:00 AM","59.5744060588119"
"Year 1 Jul 08 12:00 PM","64.4634506002788"
"Year 1 Jul 08 1:00 PM","41.6226496604747"
"Year 1 Jul 08 2:00 PM","44.4543060660111"
"Year 1 Jul 08 3:00 PM","64.225447283786"
"Year 1 Jul 08 4:00 PM","44.9905722302448"
"Year 1 Jul 08 5:00 PM","39.1843976261414"
"Year 1 Jul 08 6:00 PM","27.4231234481926"
"Year 1 Jul 08 7:00 PM","9.7392668075984"
"Year 1 Jul 08 8:00 PM","0.962009063986196"
"Year 1 Jul 08 9:00 PM","0"
"Year 1 Jul 08 10:00 PM","0"
"Year 1 Jul 08 11:00 PM","0"
"Year 1 Jul 09 12:00 AM","0"
"Year 1 Jul 09 1:00 AM","0"
"Year 1 Jul 09 2:00 AM","0"
"Year 1 Jul 09 3:00 AM","0"
"Year 1 Jul 09 4:00 AM","0"
"Year 1 Jul 09 5:00 AM","7.47533818844781"
"Year 1 Jul 09 6:00 AM","16.2175800925992"
"Year 1 Jul 09 7:00 AM","27.0225180190366"
"Year 1 Jul 09 8:00 AM","42.9687201646541"
"Year 1 Jul 09 9:00 AM","61.8144448414021"
"Year 1 Jul 09 10:00 AM","84.2796375568792"
"Year 1 Jul 09 11:00 AM","87.2249896343716"
"Year 1 Jul 09 12:00 PM","70.0366542979778"
"Year 1 Jul 09 1:00 PM","51.7631006312513"
"Year 1 Jul 09 2:00 PM","54.5203212614206"
"Year 1 Jul 09 3:00 PM","53.7615084091665"
"Year 1 Jul 09 4:00 PM","55.8176336222032"
"Year 1 Jul 09 5:00 PM","37.6506247304857"
"Year 1 Jul 09 6:00 PM","24.8570976876162"
"Year 1 Jul 09 7:00 PM","12.1772302587128"
"Year 1 Jul 09 8:00 PM","1.38336173758246"
"Year 1 Jul 09 9:00 PM","0"
"Year 1 Jul 09 10:00 PM","0"
"Year 1 Jul 09 11:00 PM","0"
"Year 1 Jul 10 12:00 AM","0"
"Year 1 Jul 10 1:00 AM","0"
"Year 1 Jul 10 2:00 AM","0"
"Year 1 Jul 10 3:00 AM","0"
"Year 1 Jul 10 4:00 AM","0"
"Year 1 Jul 10 5:00 AM","4.8536083918612"
"Year 1 Jul 10 6:00 AM","14.2610072410461"
"Year 1 Jul 10 7:00 AM","30.8455819730022"
"Year 1 Jul 10 8:00 AM","53.4419833825268"
"Year 1 Jul 10 9:00 AM","62.7980086060807"
"Year 1 Jul 10 10:00 AM","77.5565968256618"
"Year 1 Jul 10 11:00 AM","76.0104465383704"
"Year 1 Jul 10 12:00 PM","67.9888169804464"
"Year 1 Jul 10 1:00 PM","83.8146632761402"
"Year 1 Jul 10 2:00 PM","83.3115434755311"
"Year 1 Jul 10 3:00 PM","55.8452515367757"
"Year 1 Jul 10 4:00 PM","46.0717273636001"
"Year 1 Jul 10 5:00 PM","44.9612168082167"
"Year 1 Jul 10 6:00 PM","28.4281539619689"
"Year 1 Jul 10 7:00 PM","11.8894885242665"
"Year 1 Jul 10 8:00 PM","1.41100337863361"
"Year 1 Jul 10 9:00 PM","0"
"Year 1 Jul 10 10:00 PM","0"
"Year 1 Jul 10 11:00 PM","0"
"Year 1 Jul 11 12:00 AM","0"
"Year 1 Jul 11 1:00 AM","0"
"Year 1 Jul 11 2:00 AM","0"
"Year 1 Jul 11 3:00 AM","0"
"Year 1 Jul 11 4:00 AM","0"
"Year 1 Jul 11 5:00 AM","9.20147376912988"
"Year 1 Jul 11 6:00 AM","22.6964319646334"
"Year 1 Jul 11 7:00 AM","35.9374535115452"
"Year 1 Jul 11 8:00 AM","46.3650840008039"
"Year 1 Jul 11 9:00 AM","42.9525733083256"
"Year 1 Jul 11 10:00 AM","50.8580668181681"
"Year 1 Jul 11 11:00 AM","66.3076399469856"
"Year 1 Jul 11 12:00 PM","91.3982893599697"
"Year 1 Jul 11 1:00 PM","89.6205427705707"
"Year 1 Jul 11 2:00 PM","83.4244637369405"
"Year 1 Jul 11 3:00 PM","67.7928093348226"
"Year 1 Jul 11 4:00 PM","53.1846308690995"
"Year 1 Jul 11 5:00 PM","42.8399279052739"
"Year 1 Jul 11 6:00 PM","29.6968250501995"
"Year 1 Jul 11 7:00 PM","11.8562307462457"
"Year 1 Jul 11 8:00 PM","1.33102174297039"
"Year 1 Jul 11 9:00 PM","0"
"Year 1 Jul 11 10:00 PM","0"
"Year 1 Jul 11 11:00 PM","0"
"Year 1 Jul 12 12:00 AM","0"
"Year 1 Jul 12 1:00 AM","0"
"Year 1 Jul 12 2:00 AM","0"
"Year 1 Jul 12 3:00 AM","0"
"Year 1 Jul 12 4:00 AM","0"
"Year 1 Jul 12 5:00 AM","12.6375312162142"
"Year 1 Jul 12 6:00 AM","27.0810827729547"
"Year 1 Jul 12 7:00 AM","24.1757565819933"
"Year 1 Jul 12 8:00 AM","46.3059089155417"
"Year 1 Jul 12 9:00 AM","45.292489793207"
"Year 1 Jul 12 10:00 AM","78.5282632132269"
"Year 1 Jul 12 11:00 AM","69.1861322148286"
"Year 1 Jul 12 12:00 PM","72.6957998800791"
"Year 1 Jul 12 1:00 PM","70.063708702829"
"Year 1 Jul 12 2:00 PM","68.6423945380212"
"Year 1 Jul 12 3:00 PM","62.2363002249737"
"Year 1 Jul 12 4:00 PM","39.8783655292374"
"Year 1 Jul 12 5:00 PM","43.130564726908"
"Year 1 Jul 12 6:00 PM","29.2478571737216"
"Year 1 Jul 12 7:00 PM","14.5396533321504"
"Year 1 Jul 12 8:00 PM","1.47269539579786"
"Year 1 Jul 12 9:00 PM","0"
"Year 1 Jul 12 10:00 PM","0"
"Year 1 Jul 12 11:00 PM","0"
"Year 1 Jul 13 12:00 AM","0"
"Year 1 Jul 13 1:00 AM","0"
"Year 1 Jul 13 2:00 AM","0"
"Year 1 Jul 13 3:00 AM","0"
"Year 1 Jul 13 4:00 AM","0"
"Year 1 Jul 13 5:00 AM","10.6985319558073"
"Year 1 Jul 13 6:00 AM","34.3722376899242"
"Year 1 Jul 13 7:00 AM","43.1934774749107"
"Year 1 Jul 13 8:00 AM","37.3989825516277"
"Year 1 Jul 13 9:00 AM","37.4082125102413"
"Year 1 Jul 13 10:00 AM","38.8392215164482"
"Year 1 Jul 13 11:00 AM","36.2032248726668"
"Year 1 Jul 13 12:00 PM","33.4924735654052"
"Year 1 Jul 13 1:00 PM","39.1615935594419"
"Year 1 Jul 13 2:00 PM","42.2184500482128"
"Year 1 Jul 13 3:00 PM","41.0000512413421"
"Year 1 Jul 13 4:00 PM","38.28948532184"
"Year 1 Jul 13 5:00 PM","32.0347858928442"
"Year 1 Jul 13 6:00 PM","22.677142696914"
"Year 1 Jul 13 7:00 PM","12.1453617767376"
"Year 1 Jul 13 8:00 PM","1.51326502259168"
"Year 1 Jul 13 9:00 PM","0"
"Year 1 Jul 13 10:00 PM","0"
"Year 1 Jul 13 11:00 PM","0"
"Year 1 Jul 14 12:00 AM","0"
"Year 1 Jul 14 1:00 AM","0"
"Year 1 Jul 14 2:00 AM","0"
"Year 1 Jul 14 3:00 AM","0"
"Year 1 Jul 14 4:00 AM","0"
"Year 1 Jul 14 5:00 AM","9.638362782212"
"Year 1 Jul 14 6:00 AM","34.3276344580736"
"Year 1 Jul 14 7:00 AM","45.9465336482615"
"Year 1 Jul 14 8:00 AM","49.6939267962077"
"Year 1 Jul 14 9:00 AM","60.2535318837277"
"Year 1 Jul 14 10:00 AM","56.810116751575"
"Year 1 Jul 14 11:00 AM","57.6688298934466"
"Year 1 Jul 14 12:00 PM","49.796598730486"
"Year 1 Jul 14 1:00 PM","44.6844382875277"
"Year 1 Jul 14 2:00 PM","31.9544656303454"
"Year 1 Jul 14 3:00 PM","41.0543698113831"
"Year 1 Jul 14 4:00 PM","41.473938504548"
"Year 1 Jul 14 5:00 PM","38.9604527432893"
"Year 1 Jul 14 6:00 PM","25.575121178467"
"Year 1 Jul 14 7:00 PM","11.9207664918076"
"Year 1 Jul 14 8:00 PM","1.26139751795397"
"Year 1 Jul 14 9:00 PM","0"
"Year 1 Jul 14 10:00 PM","0"
"Year 1 Jul 14 11:00 PM","0"
"Year 1 Jul 15 12:00 AM","0"
"Year 1 Jul 15 1:00 AM","0"
"Year 1 Jul 15 2:00 AM","0"
"Year 1 Jul 15 3:00 AM","0"
"Year 1 Jul 15 4:00 AM","0"
"Year 1 Jul 15 5:00 AM","13.8406650986428"
"Year 1 Jul 15 6:00 AM","41.3495505381076"
"Year 1 Jul 15 7:00 AM","44.6009333597202"
"Year 1 Jul 15 8:00 AM","43.7769526594367"
"Year 1 Jul 15 9:00 AM","59.9809324969412"
"Year 1 Jul 15 10:00 AM","60.6945697924899"
"Year 1 Jul 15 11:00 AM","58.7493709878113"
"Year 1 Jul 15 12:00 PM","52.691881820256"
"Year 1 Jul 15 1:00 PM","55.2154059422471"
"Year 1 Jul 15 2:00 PM","58.6733904135567"
"Year 1 Jul 15 3:00 PM","57.343686123142"
"Year 1 Jul 15 4:00 PM","47.6684587739162"
"Year 1 Jul 15 5:00 PM","36.9712924101017"
"Year 1 Jul 15 6:00 PM","17.843398237342"
"Year 1 Jul 15 7:00 PM","8.07638100371019"
"Year 1 Jul 15 8:00 PM","0.789121891983493"
"Year 1 Jul 15 9:00 PM","0"
"Year 1 Jul 15 10:00 PM","0"
"Year 1 Jul 15 11:00 PM","0"
"Year 1 Jul 16 12:00 AM","0"
"Year 1 Jul 16 1:00 AM","0"
"Year 1 Jul 16 2:00 AM","0"
"Year 1 Jul 16 3:00 AM","0"
"Year 1 Jul 16 4:00 AM","0"
"Year 1 Jul 16 5:00 AM","14.2616385220539"
"Year 1 Jul 16 6:00 AM","42.0149667011078"
"Year 1 Jul 16 7:00 AM","39.8386577347755"
"Year 1 Jul 16 8:00 AM","31.3300898490871"
"Year 1 Jul 16 9:00 AM","32.2944042283512"
"Year 1 Jul 16 10:00 AM","34.2729127429392"
"Year 1 Jul 16 11:00 AM","30.7412792304524"
"Year 1 Jul 16 12:00 PM","30.9519632511003"
"Year 1 Jul 16 1:00 PM","38.6445072433564"
"Year 1 Jul 16 2:00 PM","46.6959961701078"
"Year 1 Jul 16 3:00 PM","47.6454366167445"
"Year 1 Jul 16 4:00 PM","35.2012506208967"
"Year 1 Jul 16 5:00 PM","28.6979778242739"
"Year 1 Jul 16 6:00 PM","21.259823966688"
"Year 1 Jul 16 7:00 PM","11.0819136076079"
"Year 1 Jul 16 8:00 PM","1.43383011130799"
"Year 1 Jul 16 9:00 PM","0"
"Year 1 Jul 16 10:00 PM","0"
"Year 1 Jul 16 11:00 PM","0"
"Year 1 Jul 17 12:00 AM","0"
"Year 1 Jul 17 1:00 AM","0"
"Year 1 Jul 17 2:00 AM","0"
"Year 1 Jul 17 3:00 AM","0"
"Year 1 Jul 17 4:00 AM","0"
"Year 1 Jul 17 5:00 AM","11.4049908256396"
"Year 1 Jul 17 6:00 AM","34.8698241620561"
"Year 1 Jul 17 7:00 AM","47.2482973978227"
"Year 1 Jul 17 8:00 AM","46.5732662128951"
"Year 1 Jul 17 9:00 AM","50.1545897029375"
"Year 1 Jul 17 10:00 AM","52.4988384129734"
"Year 1 Jul 17 11:00 AM","54.1066958702338"
"Year 1 Jul 17 12:00 PM","59.8030162834142"
"Year 1 Jul 17 1:00 PM","57.1049077359533"
"Year 1 Jul 17 2:00 PM","60.0376369324611"
"Year 1 Jul 17 3:00 PM","60.1988322240522"
"Year 1 Jul 17 4:00 PM","52.905183968517"
"Year 1 Jul 17 5:00 PM","43.1772788104946"
"Year 1 Jul 17 6:00 PM","25.8103338313952"
"Year 1 Jul 17 7:00 PM","10.5164059536673"
"Year 1 Jul 17 8:00 PM","0.719612961287969"
"Year 1 Jul 17 9:00 PM","0"
"Year 1 Jul 17 10:00 PM","0"
"Year 1 Jul 17 11:00 PM","0"
"Year 1 Jul 18 12:00 AM","0"
"Year 1 Jul 18 1:00 AM","0"
"Year 1 Jul 18 2:00 AM","0"
"Year 1 Jul 18 3:00 AM","0"
"Year 1 Jul 18 4:00 AM","0"
"Year 1 Jul 18 5:00 AM","10.5456871747052"
"Year 1 Jul 18 6:00 AM","32.0371954975871"
"Year 1 Jul 18 7:00 AM","43.0389158490336"
"Year 1 Jul 18 8:00 AM","41.3227993848684"
"Year 1 Jul 18 9:00 AM","44.5283826527008"
"Year 1 Jul 18 10:00 AM","45.4856432746411"
"Year 1 Jul 18 11:00 AM","43.0893250752401"
"Year 1 Jul 18 12:00 PM","40.7501918369836"
"Year 1 Jul 18 1:00 PM","41.1679828465078"
"Year 1 Jul 18 2:00 PM","43.7544922586379"
"Year 1 Jul 18 3:00 PM","45.6014032369643"
"Year 1 Jul 18 4:00 PM","43.4342476567745"
"Year 1 Jul 18 5:00 PM","36.54601264714"
"Year 1 Jul 18 6:00 PM","25.6348583518672"
"Year 1 Jul 18 7:00 PM","11.9755841624605"
"Year 1 Jul 18 8:00 PM","0.786613057602123"
"Year 1 Jul 18 9:00 PM","0"
"Year 1 Jul 18 10:00 PM","0"
"Year 1 Jul 18 11:00 PM","0"
"Year 1 Jul 19 12:00 AM","0"
"Year 1 Jul 19 1:00 AM","0"
"Year 1 Jul 19 2:00 AM","0"
"Year 1 Jul 19 3:00 AM","0"
"Year 1 Jul 19 4:00 AM","0"
"Year 1 Jul 19 5:00 AM","13.7712803887875"
"Year 1 Jul 19 6:00 AM","43.850299261542"
"Year 1 Jul 19 7:00 AM","49.2867636784626"
"Year 1 Jul 19 8:00 AM","44.110701632875"
"Year 1 Jul 19 9:00 AM","53.5278702558639"
"Year 1 Jul 19 10:00 AM","72.2423477620622"
"Year 1 Jul 19 11:00 AM","78.1945206928739"
"Year 1 Jul 19 12:00 PM","73.0898965145089"
"Year 1 Jul 19 1:00 PM","63.748479300331"
"Year 1 Jul 19 2:00 PM","56.7550978845442"
"Year 1 Jul 19 3:00 PM","52.8146942269768"
"Year 1 Jul 19 4:00 PM","46.5298080404961"
"Year 1 Jul 19 5:00 PM","41.6479135125736"
"Year 1 Jul 19 6:00 PM","26.6987845443316"
"Year 1 Jul 19 7:00 PM","4.79985916531979"
"Year 1 Jul 19 8:00 PM","0.251835659994315"
"Year 1 Jul 19 9:00 PM","0"
"Year 1 Jul 19 10:00 PM","0"
"Year 1 Jul 19 11:00 PM","0"
"Year 1 Jul 20 12:00 AM","0"
"Year 1 Jul 20 1:00 AM","0"
"Year 1 Jul 20 2:00 AM","0"
"Year 1 Jul 20 3:00 AM","0"
"Year 1 Jul 20 4:00 AM","0"
"Year 1 Jul 20 5:00 AM","8.92077272122396"
"Year 1 Jul 20 6:00 AM","35.0718280822669"
"Year 1 Jul 20 7:00 AM","45.1393918450093"
"Year 1 Jul 20 8:00 AM","47.0791774702895"
"Year 1 Jul 20 9:00 AM","49.1668098967708"
"Year 1 Jul 20 10:00 AM","53.0141463560154"
"Year 1 Jul 20 11:00 AM","52.9893417786826"
"Year 1 Jul 20 12:00 PM","51.606342070047"
"Year 1 Jul 20 1:00 PM","45.5482265291312"
"Year 1 Jul 20 2:00 PM","49.4657560839874"
"Year 1 Jul 20 3:00 PM","49.5770961153007"
"Year 1 Jul 20 4:00 PM","48.346657320179"
"Year 1 Jul 20 5:00 PM","40.1458599608253"
"Year 1 Jul 20 6:00 PM","27.0367006272767"
"Year 1 Jul 20 7:00 PM","11.8076709837493"
"Year 1 Jul 20 8:00 PM","0.752594299582939"
"Year 1 Jul 20 9:00 PM","0"
"Year 1 Jul 20 10:00 PM","0"
"Year 1 Jul 20 11:00 PM","0"
"Year 1 Jul 21 12:00 AM","0"
"Year 1 Jul 21 1:00 AM","0"
"Year 1 Jul 21 2:00 AM","0"
"Year 1 Jul 21 3:00 AM","0"
"Year 1 Jul 21 4:00 AM","0"
"Year 1 Jul 21 5:00 AM","10.0564452985951"
"Year 1 Jul 21 6:00 AM","38.4722837992245"
"Year 1 Jul 21 7:00 AM","30.6299734352831"
"Year 1 Jul 21 8:00 AM","24.8062739856948"
"Year 1 Jul 21 9:00 AM","25.97243816604"
"Year 1 Jul 21 10:00 AM","32.3342199779567"
"Year 1 Jul 21 11:00 AM","27.3320955209338"
"Year 1 Jul 21 12:00 PM","31.5238137135632"
"Year 1 Jul 21 1:00 PM","31.2854098820849"
"Year 1 Jul 21 2:00 PM","30.9827676580901"
"Year 1 Jul 21 3:00 PM","54.0400025969806"
"Year 1 Jul 21 4:00 PM","54.8144651551067"
"Year 1 Jul 21 5:00 PM","27.0873200636794"
"Year 1 Jul 21 6:00 PM","17.2708990158642"
"Year 1 Jul 21 7:00 PM","9.73311457822016"
"Year 1 Jul 21 8:00 PM","0.68513166823291"
"Year 1 Jul 21 9:00 PM","0"
"Year 1 Jul 21 10:00 PM","0"
"Year 1 Jul 21 11:00 PM","0"
"Year 1 Jul 22 12:00 AM","0"
"Year 1 Jul 22 1:00 AM","0"
"Year 1 Jul 22 2:00 AM","0"
"Year 1 Jul 22 3:00 AM","0"
"Year 1 Jul 22 4:00 AM","0"
"Year 1 Jul 22 5:00 AM","9.84167821639303"
"Year 1 Jul 22 6:00 AM","37.9885436567901"
"Year 1 Jul 22 7:00 AM","40.3018177586817"
"Year 1 Jul 22 8:00 AM","36.6096300246477"
"Year 1 Jul 22 9:00 AM","40.6339101325787"
"Year 1 Jul 22 10:00 AM","48.5834511112995"
"Year 1 Jul 22 11:00 AM","59.0490494754896"
"Year 1 Jul 22 12:00 PM","53.0714228128179"
"Year 1 Jul 22 1:00 PM","61.3448125962388"
"Year 1 Jul 22 2:00 PM","61.79140520728"
"Year 1 Jul 22 3:00 PM","54.9703419579623"
"Year 1 Jul 22 4:00 PM","51.3818704529968"
"Year 1 Jul 22 5:00 PM","42.9929976753667"
"Year 1 Jul 22 6:00 PM","25.8921510305228"
"Year 1 Jul 22 7:00 PM","10.2420613391074"
"Year 1 Jul 22 8:00 PM","0.660242422989037"
"Year 1 Jul 22 9:00 PM","0"
"Year 1 Jul 22 10:00 PM","0"
"Year 1 Jul 22 11:00 PM","0"
"Year 1 Jul 23 12:00 AM","0"
"Year 1 Jul 23 1:00 AM","0"
"Year 1 Jul 23 2:00 AM","0"
"Year 1 Jul 23 3:00 AM","0"
"Year 1 Jul 23 4:00 AM","0"
"Year 1 Jul 23 5:00 AM","8.16621030532193"
"Year 1 Jul 23 6:00 AM","33.3411318269236"
"Year 1 Jul 23 7:00 AM","41.8190033680433"
"Year 1 Jul 23 8:00 AM","39.1915633321122"
"Year 1 Jul 23 9:00 AM","43.8682035046217"
"Year 1 Jul 23 10:00 AM","55.8449447992311"
"Year 1 Jul 23 11:00 AM","55.1262173485509"
"Year 1 Jul 23 12:00 PM","47.4004294795682"
"Year 1 Jul 23 1:00 PM","45.9002306010942"
"Year 1 Jul 23 2:00 PM","55.7134905972793"
"Year 1 Jul 23 3:00 PM","56.0750025096351"
"Year 1 Jul 23 4:00 PM","48.2701284958605"
"Year 1 Jul 23 5:00 PM","39.3025567316268"
"Year 1 Jul 23 6:00 PM","26.8912813745209"
"Year 1 Jul 23 7:00 PM","10.4724618108876"
"Year 1 Jul 23 8:00 PM","0.622889766270131"
"Year 1 Jul 23 9:00 PM","0"
"Year 1 Jul 23 10:00 PM","0"
"Year 1 Jul 23 11:00 PM","0"
"Year 1 Jul 24 12:00 AM","0"
"Year 1 Jul 24 1:00 AM","0"
"Year 1 Jul 24 2:00 AM","0"
"Year 1 Jul 24 3:00 AM","0"
"Year 1 Jul 24 4:00 AM","0"
"Year 1 Jul 24 5:00 AM","5.78332644572273"
"Year 1 Jul 24 6:00 AM","27.4776090384811"
"Year 1 Jul 24 7:00 AM","41.5912818134738"
"Year 1 Jul 24 8:00 AM","42.4319420862375"
"Year 1 Jul 24 9:00 AM","54.7852767317417"
"Year 1 Jul 24 10:00 AM","67.3457793925926"
"Year 1 Jul 24 11:00 AM","64.6355439455718"
"Year 1 Jul 24 12:00 PM","54.8534958727026"
"Year 1 Jul 24 1:00 PM","64.0946409362293"
"Year 1 Jul 24 2:00 PM","63.4005927103556"
"Year 1 Jul 24 3:00 PM","50.7138427977694"
"Year 1 Jul 24 4:00 PM","43.9623243795882"
"Year 1 Jul 24 5:00 PM","37.464199755877"
"Year 1 Jul 24 6:00 PM","23.8456603687759"
"Year 1 Jul 24 7:00 PM","10.456053959625"
"Year 1 Jul 24 8:00 PM","0.62723660954348"
"Year 1 Jul 24 9:00 PM","0"
"Year 1 Jul 24 10:00 PM","0"
"Year 1 Jul 24 11:00 PM","0"
"Year 1 Jul 25 12:00 AM","0"
"Year 1 Jul 25 1:00 AM","0"
"Year 1 Jul 25 2:00 AM","0"
"Year 1 Jul 25 3:00 AM","0"
"Year 1 Jul 25 4:00 AM","0"
"Year 1 Jul 25 5:00 AM","0.870363522544019"
"Year 1 Jul 25 6:00 AM","6.90666629661526"
"Year 1 Jul 25 7:00 AM","18.3171821647436"
"Year 1 Jul 25 8:00 AM","38.3898279551653"
"Year 1 Jul 25 9:00 AM","53.0824467377765"
"Year 1 Jul 25 10:00 AM","68.5651498409578"
"Year 1 Jul 25 11:00 AM","70.4539740435486"
"Year 1 Jul 25 12:00 PM","74.2671282546186"
"Year 1 Jul 25 1:00 PM","54.7450118017912"
"Year 1 Jul 25 2:00 PM","44.6541462758961"
"Year 1 Jul 25 3:00 PM","58.0731323687041"
"Year 1 Jul 25 4:00 PM","33.3691919515468"
"Year 1 Jul 25 5:00 PM","26.7124965253827"
"Year 1 Jul 25 6:00 PM","20.3058062522038"
"Year 1 Jul 25 7:00 PM","11.1059661026233"
"Year 1 Jul 25 8:00 PM","0.668207540767087"
"Year 1 Jul 25 9:00 PM","0"
"Year 1 Jul 25 10:00 PM","0"
"Year 1 Jul 25 11:00 PM","0"
"Year 1 Jul 26 12:00 AM","0"
"Year 1 Jul 26 1:00 AM","0"
"Year 1 Jul 26 2:00 AM","0"
"Year 1 Jul 26 3:00 AM","0"
"Year 1 Jul 26 4:00 AM","0"
"Year 1 Jul 26 5:00 AM","8.03324416461895"
"Year 1 Jul 26 6:00 AM","37.4835093053888"
"Year 1 Jul 26 7:00 AM","41.0258817635571"
"Year 1 Jul 26 8:00 AM","45.6553895590765"
"Year 1 Jul 26 9:00 AM","43.9415795072775"
"Year 1 Jul 26 10:00 AM","37.2380241716372"
"Year 1 Jul 26 11:00 AM","43.1780942023688"
"Year 1 Jul 26 12:00 PM","39.22020428954"
"Year 1 Jul 26 1:00 PM","34.2003824460116"
"Year 1 Jul 26 2:00 PM","46.1034219556855"
"Year 1 Jul 26 3:00 PM","51.4026518374792"
"Year 1 Jul 26 4:00 PM","57.9995528366745"
"Year 1 Jul 26 5:00 PM","39.9029916346539"
"Year 1 Jul 26 6:00 PM","24.164810930592"
"Year 1 Jul 26 7:00 PM","11.2151679973136"
"Year 1 Jul 26 8:00 PM","0.716507967594018"
"Year 1 Jul 26 9:00 PM","0"
"Year 1 Jul 26 10:00 PM","0"
"Year 1 Jul 26 11:00 PM","0"
"Year 1 Jul 27 12:00 AM","0"
"Year 1 Jul 27 1:00 AM","0"
"Year 1 Jul 27 2:00 AM","0"
"Year 1 Jul 27 3:00 AM","0"
"Year 1 Jul 27 4:00 AM","0"
"Year 1 Jul 27 5:00 AM","7.52158476750032"
"Year 1 Jul 27 6:00 AM","38.7814670982007"
"Year 1 Jul 27 7:00 AM","37.0135797106177"
"Year 1 Jul 27 8:00 AM","31.1010968642065"
"Year 1 Jul 27 9:00 AM","33.7525661296506"
"Year 1 Jul 27 10:00 AM","34.4583778540368"
"Year 1 Jul 27 11:00 AM","32.811606586644"
"Year 1 Jul 27 12:00 PM","31.0643696950695"
"Year 1 Jul 27 1:00 PM","32.6586998254222"
"Year 1 Jul 27 2:00 PM","40.2345999638676"
"Year 1 Jul 27 3:00 PM","40.5957219667297"
"Year 1 Jul 27 4:00 PM","46.1855741126053"
"Year 1 Jul 27 5:00 PM","40.4799625090982"
"Year 1 Jul 27 6:00 PM","23.9923302653428"
"Year 1 Jul 27 7:00 PM","9.55532567438838"
"Year 1 Jul 27 8:00 PM","0.566411727996752"
"Year 1 Jul 27 9:00 PM","0"
"Year 1 Jul 27 10:00 PM","0"
"Year 1 Jul 27 11:00 PM","0"
"Year 1 Jul 28 12:00 AM","0"
"Year 1 Jul 28 1:00 AM","0"
"Year 1 Jul 28 2:00 AM","0"
"Year 1 Jul 28 3:00 AM","0"
"Year 1 Jul 28 4:00 AM","0"
"Year 1 Jul 28 5:00 AM","1.21126261806692"
"Year 1 Jul 28 6:00 AM","15.7587474967143"
"Year 1 Jul 28 7:00 AM","39.6095355475565"
"Year 1 Jul 28 8:00 AM","48.1816635436503"
"Year 1 Jul 28 9:00 AM","57.368588797615"
"Year 1 Jul 28 10:00 AM","59.8602345061107"
"Year 1 Jul 28 11:00 AM","55.4131784015713"
"Year 1 Jul 28 12:00 PM","69.4406999296706"
"Year 1 Jul 28 1:00 PM","61.6007480620252"
"Year 1 Jul 28 2:00 PM","67.8797966752245"
"Year 1 Jul 28 3:00 PM","60.5212578513122"
"Year 1 Jul 28 4:00 PM","51.6484156674743"
"Year 1 Jul 28 5:00 PM","36.3654291310673"
"Year 1 Jul 28 6:00 PM","22.3492883881484"
"Year 1 Jul 28 7:00 PM","9.95108603571269"
"Year 1 Jul 28 8:00 PM","0.604209873265051"
"Year 1 Jul 28 9:00 PM","0"
"Year 1 Jul 28 10:00 PM","0"
"Year 1 Jul 28 11:00 PM","0"
"Year 1 Jul 29 12:00 AM","0"
"Year 1 Jul 29 1:00 AM","0"
"Year 1 Jul 29 2:00 AM","0"
"Year 1 Jul 29 3:00 AM","0"
"Year 1 Jul 29 4:00 AM","0"
"Year 1 Jul 29 5:00 AM","6.16753232769438"
"Year 1 Jul 29 6:00 AM","35.2977143151541"
"Year 1 Jul 29 7:00 AM","34.613733382069"
"Year 1 Jul 29 8:00 AM","27.6812235507234"
"Year 1 Jul 29 9:00 AM","32.723678511478"
"Year 1 Jul 29 10:00 AM","41.5497847843252"
"Year 1 Jul 29 11:00 AM","30.5541181446148"
"Year 1 Jul 29 12:00 PM","28.2945987801922"
"Year 1 Jul 29 1:00 PM","28.5908678478247"
"Year 1 Jul 29 2:00 PM","30.3899902568525"
"Year 1 Jul 29 3:00 PM","31.8674143323444"
"Year 1 Jul 29 4:00 PM","30.6021193888427"
"Year 1 Jul 29 5:00 PM","25.5875578633068"
"Year 1 Jul 29 6:00 PM","19.200368218014"
"Year 1 Jul 29 7:00 PM","9.14383054523586"
"Year 1 Jul 29 8:00 PM","0"
"Year 1 Jul 29 9:00 PM","0"
"Year 1 Jul 29 10:00 PM","0"
"Year 1 Jul 29 11:00 PM","0"
"Year 1 Jul 30 12:00 AM","0"
"Year 1 Jul 30 1:00 AM","0"
"Year 1 Jul 30 2:00 AM","0"
"Year 1 Jul 30 3:00 AM","0"
"Year 1 Jul 30 4:00 AM","0"
"Year 1 Jul 30 5:00 AM","2.21195167192364"
"Year 1 Jul 30 6:00 AM","13.6065702599578"
"Year 1 Jul 30 7:00 AM","35.9230214321791"
"Year 1 Jul 30 8:00 AM","47.3602187813209"
"Year 1 Jul 30 9:00 AM","60.1734709165745"
"Year 1 Jul 30 10:00 AM","59.853673532648"
"Year 1 Jul 30 11:00 AM","55.0492483564024"
"Year 1 Jul 30 12:00 PM","51.3568688184645"
"Year 1 Jul 30 1:00 PM","53.2429776271352"
"Year 1 Jul 30 2:00 PM","70.1695321002323"
"Year 1 Jul 30 3:00 PM","50.7766487277744"
"Year 1 Jul 30 4:00 PM","50.7554092047609"
"Year 1 Jul 30 5:00 PM","35.531875955651"
"Year 1 Jul 30 6:00 PM","22.3875151559998"
"Year 1 Jul 30 7:00 PM","9.30761972151545"
"Year 1 Jul 30 8:00 PM","0"
"Year 1 Jul 30 9:00 PM","0"
"Year 1 Jul 30 10:00 PM","0"
"Year 1 Jul 30 11:00 PM","0"
"Year 1 Jul 31 12:00 AM","0"
"Year 1 Jul 31 1:00 AM","0"
"Year 1 Jul 31 2:00 AM","0"
"Year 1 Jul 31 3:00 AM","0"
"Year 1 Jul 31 4:00 AM","0"
"Year 1 Jul 31 5:00 AM","1.75168343572314"
"Year 1 Jul 31 6:00 AM","14.9478724116106"
"Year 1 Jul 31 7:00 AM","39.5980533460787"
"Year 1 Jul 31 8:00 AM","42.1656653687674"
"Year 1 Jul 31 9:00 AM","48.7245881663083"
"Year 1 Jul 31 10:00 AM","51.4887582274845"
"Year 1 Jul 31 11:00 AM","49.8325348195897"
"Year 1 Jul 31 12:00 PM","48.7763907413839"
"Year 1 Jul 31 1:00 PM","57.3821644253216"
"Year 1 Jul 31 2:00 PM","73.5181865039769"
"Year 1 Jul 31 3:00 PM","76.4721068288134"
"Year 1 Jul 31 4:00 PM","61.4801384241166"
"Year 1 Jul 31 5:00 PM","44.6693446270502"
"Year 1 Jul 31 6:00 PM","24.3350176954237"
"Year 1 Jul 31 7:00 PM","6.83346253185832"
"Year 1 Jul 31 8:00 PM","0"
"Year 1 Jul 31 9:00 PM","0"
"Year 1 Jul 31 10:00 PM","0"
"Year 1 Jul 31 11:00 PM","0"
"Year 1 Aug 01 12:00 AM","0"
"Year 1 Aug 01 1:00 AM","0"
"Year 1 Aug 01 2:00 AM","0"
"Year 1 Aug 01 3:00 AM","0"
"Year 1 Aug 01 4:00 AM","0"
"Year 1 Aug 01 5:00 AM","2.17337216968019"
"Year 1 Aug 01 6:00 AM","18.9690598762424"
"Year 1 Aug 01 7:00 AM","41.457891443466"
"Year 1 Aug 01 8:00 AM","43.6537564440755"
"Year 1 Aug 01 9:00 AM","40.3791566812907"
"Year 1 Aug 01 10:00 AM","33.4543084157603"
"Year 1 Aug 01 11:00 AM","28.9626956545588"
"Year 1 Aug 01 12:00 PM","27.6009955074579"
"Year 1 Aug 01 1:00 PM","30.327110351552"
"Year 1 Aug 01 2:00 PM","39.2800129019489"
"Year 1 Aug 01 3:00 PM","32.2287319848042"
"Year 1 Aug 01 4:00 PM","29.5016560408355"
"Year 1 Aug 01 5:00 PM","23.8927715635315"
"Year 1 Aug 01 6:00 PM","17.9025047978162"
"Year 1 Aug 01 7:00 PM","8.75429374503851"
"Year 1 Aug 01 8:00 PM","0"
"Year 1 Aug 01 9:00 PM","0"
"Year 1 Aug 01 10:00 PM","0"
"Year 1 Aug 01 11:00 PM","0"
"Year 1 Aug 02 12:00 AM","0"
"Year 1 Aug 02 1:00 AM","0"
"Year 1 Aug 02 2:00 AM","0"
"Year 1 Aug 02 3:00 AM","0"
"Year 1 Aug 02 4:00 AM","0"
"Year 1 Aug 02 5:00 AM","3.75693132793794"
"Year 1 Aug 02 6:00 AM","34.0652309416867"
"Year 1 Aug 02 7:00 AM","33.1119965347897"
"Year 1 Aug 02 8:00 AM","27.4419617659847"
"Year 1 Aug 02 9:00 AM","31.6888606182691"
"Year 1 Aug 02 10:00 AM","34.1910002728186"
"Year 1 Aug 02 11:00 AM","32.6779874712553"
"Year 1 Aug 02 12:00 PM","30.8054224011166"
"Year 1 Aug 02 1:00 PM","29.4846489608502"
"Year 1 Aug 02 2:00 PM","30.9285906402767"
"Year 1 Aug 02 3:00 PM","32.3026435022045"
"Year 1 Aug 02 4:00 PM","30.3616851384625"
"Year 1 Aug 02 5:00 PM","25.6655723805816"
"Year 1 Aug 02 6:00 PM","19.0053523527768"
"Year 1 Aug 02 7:00 PM","8.82360124822257"
"Year 1 Aug 02 8:00 PM","0"
"Year 1 Aug 02 9:00 PM","0"
"Year 1 Aug 02 10:00 PM","0"
"Year 1 Aug 02 11:00 PM","0"
"Year 1 Aug 03 12:00 AM","0"
"Year 1 Aug 03 1:00 AM","0"
"Year 1 Aug 03 2:00 AM","0"
"Year 1 Aug 03 3:00 AM","0"
"Year 1 Aug 03 4:00 AM","0"
"Year 1 Aug 03 5:00 AM","3.83173892762329"
"Year 1 Aug 03 6:00 AM","32.6850241202171"
"Year 1 Aug 03 7:00 AM","37.0649665687798"
"Year 1 Aug 03 8:00 AM","35.8031574615667"
"Year 1 Aug 03 9:00 AM","45.6337576507438"
"Year 1 Aug 03 10:00 AM","48.1353055477171"
"Year 1 Aug 03 11:00 AM","55.0974915096759"
"Year 1 Aug 03 12:00 PM","55.7153352496549"
"Year 1 Aug 03 1:00 PM","55.604841044251"
"Year 1 Aug 03 2:00 PM","52.9357629052847"
"Year 1 Aug 03 3:00 PM","51.8429868100854"
"Year 1 Aug 03 4:00 PM","47.3652979090046"
"Year 1 Aug 03 5:00 PM","39.9669899155762"
"Year 1 Aug 03 6:00 PM","24.376271494659"
"Year 1 Aug 03 7:00 PM","8.89288070060156"
"Year 1 Aug 03 8:00 PM","0"
"Year 1 Aug 03 9:00 PM","0"
"Year 1 Aug 03 10:00 PM","0"
"Year 1 Aug 03 11:00 PM","0"
"Year 1 Aug 04 12:00 AM","0"
"Year 1 Aug 04 1:00 AM","0"
"Year 1 Aug 04 2:00 AM","0"
"Year 1 Aug 04 3:00 AM","0"
"Year 1 Aug 04 4:00 AM","0"
"Year 1 Aug 04 5:00 AM","1.08091189157908"
"Year 1 Aug 04 6:00 AM","10.6265455451899"
"Year 1 Aug 04 7:00 AM","22.4621148236266"
"Year 1 Aug 04 8:00 AM","26.435985654883"
"Year 1 Aug 04 9:00 AM","50.1847900848844"
"Year 1 Aug 04 10:00 AM","66.7344475861132"
"Year 1 Aug 04 11:00 AM","78.384648756058"
"Year 1 Aug 04 12:00 PM","78.3536830197039"
"Year 1 Aug 04 1:00 PM","52.8780774691379"
"Year 1 Aug 04 2:00 PM","46.4348688397709"
"Year 1 Aug 04 3:00 PM","46.4112470023617"
"Year 1 Aug 04 4:00 PM","43.3350987406423"
"Year 1 Aug 04 5:00 PM","35.5866282738316"
"Year 1 Aug 04 6:00 PM","22.8901423305328"
"Year 1 Aug 04 7:00 PM","8.14523301885558"
"Year 1 Aug 04 8:00 PM","0"
"Year 1 Aug 04 9:00 PM","0"
"Year 1 Aug 04 10:00 PM","0"
"Year 1 Aug 04 11:00 PM","0"
"Year 1 Aug 05 12:00 AM","0"
"Year 1 Aug 05 1:00 AM","0"
"Year 1 Aug 05 2:00 AM","0"
"Year 1 Aug 05 3:00 AM","0"
"Year 1 Aug 05 4:00 AM","0"
"Year 1 Aug 05 5:00 AM","1.25371520919744"
"Year 1 Aug 05 6:00 AM","12.0009916982258"
"Year 1 Aug 05 7:00 AM","27.9485307673863"
"Year 1 Aug 05 8:00 AM","36.4794284424548"
"Year 1 Aug 05 9:00 AM","42.6875671259753"
"Year 1 Aug 05 10:00 AM","31.8057438167009"
"Year 1 Aug 05 11:00 AM","46.9596880347162"
"Year 1 Aug 05 12:00 PM","29.6156507045137"
"Year 1 Aug 05 1:00 PM","55.4901297614329"
"Year 1 Aug 05 2:00 PM","56.4935149349429"
"Year 1 Aug 05 3:00 PM","44.2721945101409"
"Year 1 Aug 05 4:00 PM","36.6184862647971"
"Year 1 Aug 05 5:00 PM","21.7241327390575"
"Year 1 Aug 05 6:00 PM","15.0761768487544"
"Year 1 Aug 05 7:00 PM","7.650146516852"
"Year 1 Aug 05 8:00 PM","0"
"Year 1 Aug 05 9:00 PM","0"
"Year 1 Aug 05 10:00 PM","0"
"Year 1 Aug 05 11:00 PM","0"
"Year 1 Aug 06 12:00 AM","0"
"Year 1 Aug 06 1:00 AM","0"
"Year 1 Aug 06 2:00 AM","0"
"Year 1 Aug 06 3:00 AM","0"
"Year 1 Aug 06 4:00 AM","0"
"Year 1 Aug 06 5:00 AM","2.9904969377301"
"Year 1 Aug 06 6:00 AM","31.2880491082611"
"Year 1 Aug 06 7:00 AM","27.5468764506288"
"Year 1 Aug 06 8:00 AM","27.4078694918732"
"Year 1 Aug 06 9:00 AM","45.9469012306215"
"Year 1 Aug 06 10:00 AM","58.549466727836"
"Year 1 Aug 06 11:00 AM","49.0775264229921"
"Year 1 Aug 06 12:00 PM","58.6383933703479"
"Year 1 Aug 06 1:00 PM","76.0880349765553"
"Year 1 Aug 06 2:00 PM","66.2317807256361"
"Year 1 Aug 06 3:00 PM","53.5562500655733"
"Year 1 Aug 06 4:00 PM","52.9502287944171"
"Year 1 Aug 06 5:00 PM","34.5873867584365"
"Year 1 Aug 06 6:00 PM","23.8562184804066"
"Year 1 Aug 06 7:00 PM","8.35195160496101"
"Year 1 Aug 06 8:00 PM","0"
"Year 1 Aug 06 9:00 PM","0"
"Year 1 Aug 06 10:00 PM","0"
"Year 1 Aug 06 11:00 PM","0"
"Year 1 Aug 07 12:00 AM","0"
"Year 1 Aug 07 1:00 AM","0"
"Year 1 Aug 07 2:00 AM","0"
"Year 1 Aug 07 3:00 AM","0"
"Year 1 Aug 07 4:00 AM","0"
"Year 1 Aug 07 5:00 AM","2.78862722635063"
"Year 1 Aug 07 6:00 AM","31.2281371678759"
"Year 1 Aug 07 7:00 AM","30.031901940263"
"Year 1 Aug 07 8:00 AM","28.0086872583914"
"Year 1 Aug 07 9:00 AM","30.5679439944489"
"Year 1 Aug 07 10:00 AM","35.7290622966852"
"Year 1 Aug 07 11:00 AM","43.7261503287856"
"Year 1 Aug 07 12:00 PM","62.3382256344714"
"Year 1 Aug 07 1:00 PM","51.8708072625861"
"Year 1 Aug 07 2:00 PM","43.523209373202"
"Year 1 Aug 07 3:00 PM","36.2714182963596"
"Year 1 Aug 07 4:00 PM","35.8535168069705"
"Year 1 Aug 07 5:00 PM","35.8484697515691"
"Year 1 Aug 07 6:00 PM","19.1321933310326"
"Year 1 Aug 07 7:00 PM","6.70622534700381"
"Year 1 Aug 07 8:00 PM","0"
"Year 1 Aug 07 9:00 PM","0"
"Year 1 Aug 07 10:00 PM","0"
"Year 1 Aug 07 11:00 PM","0"
"Year 1 Aug 08 12:00 AM","0"
"Year 1 Aug 08 1:00 AM","0"
"Year 1 Aug 08 2:00 AM","0"
"Year 1 Aug 08 3:00 AM","0"
"Year 1 Aug 08 4:00 AM","0"
"Year 1 Aug 08 5:00 AM","2.76669297017996"
"Year 1 Aug 08 6:00 AM","30.236288900497"
"Year 1 Aug 08 7:00 AM","30.511835083462"
"Year 1 Aug 08 8:00 AM","26.8681648915023"
"Year 1 Aug 08 9:00 AM","32.1501345092773"
"Year 1 Aug 08 10:00 AM","45.3940917630433"
"Year 1 Aug 08 11:00 AM","63.4818655527497"
"Year 1 Aug 08 12:00 PM","52.4150485525172"
"Year 1 Aug 08 1:00 PM","47.5735912797468"
"Year 1 Aug 08 2:00 PM","60.5063279445449"
"Year 1 Aug 08 3:00 PM","67.9850333252409"
"Year 1 Aug 08 4:00 PM","52.2677864205727"
"Year 1 Aug 08 5:00 PM","41.6050344182603"
"Year 1 Aug 08 6:00 PM","24.8682424707563"
"Year 1 Aug 08 7:00 PM","4.25030523733144"
"Year 1 Aug 08 8:00 PM","0"
"Year 1 Aug 08 9:00 PM","0"
"Year 1 Aug 08 10:00 PM","0"
"Year 1 Aug 08 11:00 PM","0"
"Year 1 Aug 09 12:00 AM","0"
"Year 1 Aug 09 1:00 AM","0"
"Year 1 Aug 09 2:00 AM","0"
"Year 1 Aug 09 3:00 AM","0"
"Year 1 Aug 09 4:00 AM","0"
"Year 1 Aug 09 5:00 AM","0.769684979306653"
"Year 1 Aug 09 6:00 AM","28.7638045582175"
"Year 1 Aug 09 7:00 AM","29.856716280717"
"Year 1 Aug 09 8:00 AM","34.2248925462956"
"Year 1 Aug 09 9:00 AM","34.0962687662737"
"Year 1 Aug 09 10:00 AM","35.756243778122"
"Year 1 Aug 09 11:00 AM","35.4419871094309"
"Year 1 Aug 09 12:00 PM","40.9055040433517"
"Year 1 Aug 09 1:00 PM","59.5061729515948"
"Year 1 Aug 09 2:00 PM","71.1840522273995"
"Year 1 Aug 09 3:00 PM","71.1520256849641"
"Year 1 Aug 09 4:00 PM","44.5320404282448"
"Year 1 Aug 09 5:00 PM","36.00313986248"
"Year 1 Aug 09 6:00 PM","19.8257443732771"
"Year 1 Aug 09 7:00 PM","4.8607713775964"
"Year 1 Aug 09 8:00 PM","0"
"Year 1 Aug 09 9:00 PM","0"
"Year 1 Aug 09 10:00 PM","0"
"Year 1 Aug 09 11:00 PM","0"
"Year 1 Aug 10 12:00 AM","0"
"Year 1 Aug 10 1:00 AM","0"
"Year 1 Aug 10 2:00 AM","0"
"Year 1 Aug 10 3:00 AM","0"
"Year 1 Aug 10 4:00 AM","0"
"Year 1 Aug 10 5:00 AM","0.643492613682216"
"Year 1 Aug 10 6:00 AM","23.0236450056036"
"Year 1 Aug 10 7:00 AM","32.7336521832728"
"Year 1 Aug 10 8:00 AM","36.6072191026925"
"Year 1 Aug 10 9:00 AM","44.0277500451531"
"Year 1 Aug 10 10:00 AM","52.5872964086654"
"Year 1 Aug 10 11:00 AM","52.3851842100979"
"Year 1 Aug 10 12:00 PM","53.5757029882172"
"Year 1 Aug 10 1:00 PM","57.6564482292337"
"Year 1 Aug 10 2:00 PM","62.4968663494743"
"Year 1 Aug 10 3:00 PM","61.9231469570488"
"Year 1 Aug 10 4:00 PM","34.2482962721619"
"Year 1 Aug 10 5:00 PM","20.9210462008756"
"Year 1 Aug 10 6:00 PM","9.4076492288982"
"Year 1 Aug 10 7:00 PM","5.01826136492836"
"Year 1 Aug 10 8:00 PM","0"
"Year 1 Aug 10 9:00 PM","0"
"Year 1 Aug 10 10:00 PM","0"
"Year 1 Aug 10 11:00 PM","0"
"Year 1 Aug 11 12:00 AM","0"
"Year 1 Aug 11 1:00 AM","0"
"Year 1 Aug 11 2:00 AM","0"
"Year 1 Aug 11 3:00 AM","0"
"Year 1 Aug 11 4:00 AM","0"
"Year 1 Aug 11 5:00 AM","0.608998134228954"
"Year 1 Aug 11 6:00 AM","27.0468064376567"
"Year 1 Aug 11 7:00 AM","23.5560586621374"
"Year 1 Aug 11 8:00 AM","23.8522351496351"
"Year 1 Aug 11 9:00 AM","32.2123774445968"
"Year 1 Aug 11 10:00 AM","35.6998550650506"
"Year 1 Aug 11 11:00 AM","44.0788868275846"
"Year 1 Aug 11 12:00 PM","56.3015708866704"
"Year 1 Aug 11 1:00 PM","37.6518852505514"
"Year 1 Aug 11 2:00 PM","50.2395828672747"
"Year 1 Aug 11 3:00 PM","50.318275251407"
"Year 1 Aug 11 4:00 PM","36.8425502036631"
"Year 1 Aug 11 5:00 PM","22.7447822099647"
"Year 1 Aug 11 6:00 PM","16.7678709717521"
"Year 1 Aug 11 7:00 PM","5.98078257053821"
"Year 1 Aug 11 8:00 PM","0"
"Year 1 Aug 11 9:00 PM","0"
"Year 1 Aug 11 10:00 PM","0"
"Year 1 Aug 11 11:00 PM","0"
"Year 1 Aug 12 12:00 AM","0"
"Year 1 Aug 12 1:00 AM","0"
"Year 1 Aug 12 2:00 AM","0"
"Year 1 Aug 12 3:00 AM","0"
"Year 1 Aug 12 4:00 AM","0"
"Year 1 Aug 12 5:00 AM","0"
"Year 1 Aug 12 6:00 AM","15.5486070288236"
"Year 1 Aug 12 7:00 AM","33.1725863891491"
"Year 1 Aug 12 8:00 AM","39.8069653479804"
"Year 1 Aug 12 9:00 AM","48.3082385809475"
"Year 1 Aug 12 10:00 AM","52.6228534478401"
"Year 1 Aug 12 11:00 AM","56.8287903915113"
"Year 1 Aug 12 12:00 PM","59.475020623249"
"Year 1 Aug 12 1:00 PM","66.7246825105248"
"Year 1 Aug 12 2:00 PM","77.0715767435098"
"Year 1 Aug 12 3:00 PM","58.8469332127282"
"Year 1 Aug 12 4:00 PM","54.0141844594418"
"Year 1 Aug 12 5:00 PM","40.2143507898903"
"Year 1 Aug 12 6:00 PM","18.2258398128032"
"Year 1 Aug 12 7:00 PM","5.81371546186333"
"Year 1 Aug 12 8:00 PM","0"
"Year 1 Aug 12 9:00 PM","0"
"Year 1 Aug 12 10:00 PM","0"
"Year 1 Aug 12 11:00 PM","0"
"Year 1 Aug 13 12:00 AM","0"
"Year 1 Aug 13 1:00 AM","0"
"Year 1 Aug 13 2:00 AM","0"
"Year 1 Aug 13 3:00 AM","0"
"Year 1 Aug 13 4:00 AM","0"
"Year 1 Aug 13 5:00 AM","0"
"Year 1 Aug 13 6:00 AM","22.5774898411501"
"Year 1 Aug 13 7:00 AM","28.7000801540222"
"Year 1 Aug 13 8:00 AM","31.144213891612"
"Year 1 Aug 13 9:00 AM","35.0069821364726"
"Year 1 Aug 13 10:00 AM","35.931527476705"
"Year 1 Aug 13 11:00 AM","36.2528717799741"
"Year 1 Aug 13 12:00 PM","37.4744541766227"
"Year 1 Aug 13 1:00 PM","50.0229025272282"
"Year 1 Aug 13 2:00 PM","52.3696393442715"
"Year 1 Aug 13 3:00 PM","51.4413931689222"
"Year 1 Aug 13 4:00 PM","47.5840461059847"
"Year 1 Aug 13 5:00 PM","40.1574053563559"
"Year 1 Aug 13 6:00 PM","13.877721255422"
"Year 1 Aug 13 7:00 PM","3.37803950194416"
"Year 1 Aug 13 8:00 PM","0"
"Year 1 Aug 13 9:00 PM","0"
"Year 1 Aug 13 10:00 PM","0"
"Year 1 Aug 13 11:00 PM","0"
"Year 1 Aug 14 12:00 AM","0"
"Year 1 Aug 14 1:00 AM","0"
"Year 1 Aug 14 2:00 AM","0"
"Year 1 Aug 14 3:00 AM","0"
"Year 1 Aug 14 4:00 AM","0"
"Year 1 Aug 14 5:00 AM","0"
"Year 1 Aug 14 6:00 AM","9.39933388710702"
"Year 1 Aug 14 7:00 AM","22.2420465875898"
"Year 1 Aug 14 8:00 AM","39.6950638953689"
"Year 1 Aug 14 9:00 AM","51.7258725307173"
"Year 1 Aug 14 10:00 AM","57.8319918740078"
"Year 1 Aug 14 11:00 AM","72.5165269332148"
"Year 1 Aug 14 12:00 PM","53.8606549228329"
"Year 1 Aug 14 1:00 PM","70.918035425065"
"Year 1 Aug 14 2:00 PM","67.2587583157589"
"Year 1 Aug 14 3:00 PM","42.180395236765"
"Year 1 Aug 14 4:00 PM","48.7353139447476"
"Year 1 Aug 14 5:00 PM","32.0882899383415"
"Year 1 Aug 14 6:00 PM","11.0286758610456"
"Year 1 Aug 14 7:00 PM","2.87902452316929"
"Year 1 Aug 14 8:00 PM","0"
"Year 1 Aug 14 9:00 PM","0"
"Year 1 Aug 14 10:00 PM","0"
"Year 1 Aug 14 11:00 PM","0"
"Year 1 Aug 15 12:00 AM","0"
"Year 1 Aug 15 1:00 AM","0"
"Year 1 Aug 15 2:00 AM","0"
"Year 1 Aug 15 3:00 AM","0"
"Year 1 Aug 15 4:00 AM","0"
"Year 1 Aug 15 5:00 AM","0"
"Year 1 Aug 15 6:00 AM","7.69128419322901"
"Year 1 Aug 15 7:00 AM","18.5490799180969"
"Year 1 Aug 15 8:00 AM","40.5571965784454"
"Year 1 Aug 15 9:00 AM","55.9048204037486"
"Year 1 Aug 15 10:00 AM","60.0578394272224"
"Year 1 Aug 15 11:00 AM","65.2011933587385"
"Year 1 Aug 15 12:00 PM","66.3197095740591"
"Year 1 Aug 15 1:00 PM","59.258176443352"
"Year 1 Aug 15 2:00 PM","59.6609372956759"
"Year 1 Aug 15 3:00 PM","65.1677929753122"
"Year 1 Aug 15 4:00 PM","46.9368513245105"
"Year 1 Aug 15 5:00 PM","41.4240411197649"
"Year 1 Aug 15 6:00 PM","19.6307332626769"
"Year 1 Aug 15 7:00 PM","2.69006622780668"
"Year 1 Aug 15 8:00 PM","0"
"Year 1 Aug 15 9:00 PM","0"
"Year 1 Aug 15 10:00 PM","0"
"Year 1 Aug 15 11:00 PM","0"
"Year 1 Aug 16 12:00 AM","0"
"Year 1 Aug 16 1:00 AM","0"
"Year 1 Aug 16 2:00 AM","0"
"Year 1 Aug 16 3:00 AM","0"
"Year 1 Aug 16 4:00 AM","0"
"Year 1 Aug 16 5:00 AM","0"
"Year 1 Aug 16 6:00 AM","13.9949458332328"
"Year 1 Aug 16 7:00 AM","22.065232787607"
"Year 1 Aug 16 8:00 AM","43.3046065117309"
"Year 1 Aug 16 9:00 AM","50.1065820431005"
"Year 1 Aug 16 10:00 AM","54.3933846420504"
"Year 1 Aug 16 11:00 AM","50.3903696224149"
"Year 1 Aug 16 12:00 PM","54.9134279062726"
"Year 1 Aug 16 1:00 PM","53.2543482678629"
"Year 1 Aug 16 2:00 PM","46.0190403576637"
"Year 1 Aug 16 3:00 PM","36.277593522314"
"Year 1 Aug 16 4:00 PM","30.4867443757523"
"Year 1 Aug 16 5:00 PM","26.0062221616281"
"Year 1 Aug 16 6:00 PM","16.5414963238514"
"Year 1 Aug 16 7:00 PM","4.85874124539954"
"Year 1 Aug 16 8:00 PM","0"
"Year 1 Aug 16 9:00 PM","0"
"Year 1 Aug 16 10:00 PM","0"
"Year 1 Aug 16 11:00 PM","0"
"Year 1 Aug 17 12:00 AM","0"
"Year 1 Aug 17 1:00 AM","0"
"Year 1 Aug 17 2:00 AM","0"
"Year 1 Aug 17 3:00 AM","0"
"Year 1 Aug 17 4:00 AM","0"
"Year 1 Aug 17 5:00 AM","0"
"Year 1 Aug 17 6:00 AM","14.4843160184903"
"Year 1 Aug 17 7:00 AM","24.8257081862817"
"Year 1 Aug 17 8:00 AM","39.2940161782465"
"Year 1 Aug 17 9:00 AM","54.2924963640628"
"Year 1 Aug 17 10:00 AM","58.5807280584608"
"Year 1 Aug 17 11:00 AM","57.6586019245508"
"Year 1 Aug 17 12:00 PM","57.1222416600763"
"Year 1 Aug 17 1:00 PM","57.6178260057243"
"Year 1 Aug 17 2:00 PM","58.7294959112633"
"Year 1 Aug 17 3:00 PM","50.5577983498792"
"Year 1 Aug 17 4:00 PM","44.9485525288489"
"Year 1 Aug 17 5:00 PM","34.6302413611474"
"Year 1 Aug 17 6:00 PM","20.2408587436757"
"Year 1 Aug 17 7:00 PM","4.92149394350467"
"Year 1 Aug 17 8:00 PM","0"
"Year 1 Aug 17 9:00 PM","0"
"Year 1 Aug 17 10:00 PM","0"
"Year 1 Aug 17 11:00 PM","0"
"Year 1 Aug 18 12:00 AM","0"
"Year 1 Aug 18 1:00 AM","0"
"Year 1 Aug 18 2:00 AM","0"
"Year 1 Aug 18 3:00 AM","0"
"Year 1 Aug 18 4:00 AM","0"
"Year 1 Aug 18 5:00 AM","0"
"Year 1 Aug 18 6:00 AM","21.2706193113898"
"Year 1 Aug 18 7:00 AM","20.7327449852071"
"Year 1 Aug 18 8:00 AM","22.4547092966821"
"Year 1 Aug 18 9:00 AM","29.0029112787002"
"Year 1 Aug 18 10:00 AM","28.1132654402077"
"Year 1 Aug 18 11:00 AM","28.2007257482456"
"Year 1 Aug 18 12:00 PM","28.5048236977207"
"Year 1 Aug 18 1:00 PM","26.449897269083"
"Year 1 Aug 18 2:00 PM","25.1205344307112"
"Year 1 Aug 18 3:00 PM","26.5413903103221"
"Year 1 Aug 18 4:00 PM","23.6130930538293"
"Year 1 Aug 18 5:00 PM","20.0884053073621"
"Year 1 Aug 18 6:00 PM","13.6991741174244"
"Year 1 Aug 18 7:00 PM","4.54351295517121"
"Year 1 Aug 18 8:00 PM","0"
"Year 1 Aug 18 9:00 PM","0"
"Year 1 Aug 18 10:00 PM","0"
"Year 1 Aug 18 11:00 PM","0"
"Year 1 Aug 19 12:00 AM","0"
"Year 1 Aug 19 1:00 AM","0"
"Year 1 Aug 19 2:00 AM","0"
"Year 1 Aug 19 3:00 AM","0"
"Year 1 Aug 19 4:00 AM","0"
"Year 1 Aug 19 5:00 AM","0"
"Year 1 Aug 19 6:00 AM","19.4071891524225"
"Year 1 Aug 19 7:00 AM","25.6414972514037"
"Year 1 Aug 19 8:00 AM","30.1753753162412"
"Year 1 Aug 19 9:00 AM","34.1973926751064"
"Year 1 Aug 19 10:00 AM","38.5303141711082"
"Year 1 Aug 19 11:00 AM","52.8403425747386"
"Year 1 Aug 19 12:00 PM","48.0913143585188"
"Year 1 Aug 19 1:00 PM","62.86654465297"
"Year 1 Aug 19 2:00 PM","60.0267904288742"
"Year 1 Aug 19 3:00 PM","58.2975061331782"
"Year 1 Aug 19 4:00 PM","51.2772235760609"
"Year 1 Aug 19 5:00 PM","35.8627936453829"
"Year 1 Aug 19 6:00 PM","17.5173803370889"
"Year 1 Aug 19 7:00 PM","3.95332863703088"
"Year 1 Aug 19 8:00 PM","0"
"Year 1 Aug 19 9:00 PM","0"
"Year 1 Aug 19 10:00 PM","0"
"Year 1 Aug 19 11:00 PM","0"
"Year 1 Aug 20 12:00 AM","0"
"Year 1 Aug 20 1:00 AM","0"
"Year 1 Aug 20 2:00 AM","0"
"Year 1 Aug 20 3:00 AM","0"
"Year 1 Aug 20 4:00 AM","0"
"Year 1 Aug 20 5:00 AM","0"
"Year 1 Aug 20 6:00 AM","11.3045956386851"
"Year 1 Aug 20 7:00 AM","23.8055700900191"
"Year 1 Aug 20 8:00 AM","38.3681958860626"
"Year 1 Aug 20 9:00 AM","62.1516871851414"
"Year 1 Aug 20 10:00 AM","64.1545863018128"
"Year 1 Aug 20 11:00 AM","63.79938610824"
"Year 1 Aug 20 12:00 PM","62.7542972891769"
"Year 1 Aug 20 1:00 PM","62.1752998250966"
"Year 1 Aug 20 2:00 PM","72.9284363127899"
"Year 1 Aug 20 3:00 PM","61.9906399790609"
"Year 1 Aug 20 4:00 PM","51.3191525461032"
"Year 1 Aug 20 5:00 PM","36.5659733644734"
"Year 1 Aug 20 6:00 PM","18.3983835008488"
"Year 1 Aug 20 7:00 PM","3.81635220485853"
"Year 1 Aug 20 8:00 PM","0"
"Year 1 Aug 20 9:00 PM","0"
"Year 1 Aug 20 10:00 PM","0"
"Year 1 Aug 20 11:00 PM","0"
"Year 1 Aug 21 12:00 AM","0"
"Year 1 Aug 21 1:00 AM","0"
"Year 1 Aug 21 2:00 AM","0"
"Year 1 Aug 21 3:00 AM","0"
"Year 1 Aug 21 4:00 AM","0"
"Year 1 Aug 21 5:00 AM","0"
"Year 1 Aug 21 6:00 AM","17.1992780112416"
"Year 1 Aug 21 7:00 AM","26.9781701136007"
"Year 1 Aug 21 8:00 AM","35.2720822821258"
"Year 1 Aug 21 9:00 AM","40.9016732287262"
"Year 1 Aug 21 10:00 AM","44.1490564729068"
"Year 1 Aug 21 11:00 AM","40.4804704841821"
"Year 1 Aug 21 12:00 PM","38.6292556718998"
"Year 1 Aug 21 1:00 PM","42.9980400879247"
"Year 1 Aug 21 2:00 PM","53.3930067570544"
"Year 1 Aug 21 3:00 PM","50.2484867556733"
"Year 1 Aug 21 4:00 PM","42.4802568123184"
"Year 1 Aug 21 5:00 PM","32.0844706789826"
"Year 1 Aug 21 6:00 PM","17.030293123034"
"Year 1 Aug 21 7:00 PM","3.2029117218651"
"Year 1 Aug 21 8:00 PM","0"
"Year 1 Aug 21 9:00 PM","0"
"Year 1 Aug 21 10:00 PM","0"
"Year 1 Aug 21 11:00 PM","0"
"Year 1 Aug 22 12:00 AM","0"
"Year 1 Aug 22 1:00 AM","0"
"Year 1 Aug 22 2:00 AM","0"
"Year 1 Aug 22 3:00 AM","0"
"Year 1 Aug 22 4:00 AM","0"
"Year 1 Aug 22 5:00 AM","0"
"Year 1 Aug 22 6:00 AM","2.58798036970515"
"Year 1 Aug 22 7:00 AM","12.5083195866593"
"Year 1 Aug 22 8:00 AM","25.4090857247532"
"Year 1 Aug 22 9:00 AM","49.679470579058"
"Year 1 Aug 22 10:00 AM","68.1455309807743"
"Year 1 Aug 22 11:00 AM","73.1067458104445"
"Year 1 Aug 22 12:00 PM","86.708462170696"
"Year 1 Aug 22 1:00 PM","76.4675368567262"
"Year 1 Aug 22 2:00 PM","57.5425212737102"
"Year 1 Aug 22 3:00 PM","48.5968713768859"
"Year 1 Aug 22 4:00 PM","38.4320976352307"
"Year 1 Aug 22 5:00 PM","26.3504158982951"
"Year 1 Aug 22 6:00 PM","16.0622431894077"
"Year 1 Aug 22 7:00 PM","3.36352722528574"
"Year 1 Aug 22 8:00 PM","0"
"Year 1 Aug 22 9:00 PM","0"
"Year 1 Aug 22 10:00 PM","0"
"Year 1 Aug 22 11:00 PM","0"
"Year 1 Aug 23 12:00 AM","0"
"Year 1 Aug 23 1:00 AM","0"
"Year 1 Aug 23 2:00 AM","0"
"Year 1 Aug 23 3:00 AM","0"
"Year 1 Aug 23 4:00 AM","0"
"Year 1 Aug 23 5:00 AM","0"
"Year 1 Aug 23 6:00 AM","5.20047152483257"
"Year 1 Aug 23 7:00 AM","14.8011216084159"
"Year 1 Aug 23 8:00 AM","35.0316180734462"
"Year 1 Aug 23 9:00 AM","44.0939005073106"
"Year 1 Aug 23 10:00 AM","40.3237175630766"
"Year 1 Aug 23 11:00 AM","52.7577276657901"
"Year 1 Aug 23 12:00 PM","55.3580679608758"
"Year 1 Aug 23 1:00 PM","78.3195659699191"
"Year 1 Aug 23 2:00 PM","74.1522928146"
"Year 1 Aug 23 3:00 PM","62.4110999113109"
"Year 1 Aug 23 4:00 PM","40.9105682900085"
"Year 1 Aug 23 5:00 PM","29.093110361705"
"Year 1 Aug 23 6:00 PM","16.2552133995375"
"Year 1 Aug 23 7:00 PM","2.95269555830062"
"Year 1 Aug 23 8:00 PM","0"
"Year 1 Aug 23 9:00 PM","0"
"Year 1 Aug 23 10:00 PM","0"
"Year 1 Aug 23 11:00 PM","0"
"Year 1 Aug 24 12:00 AM","0"
"Year 1 Aug 24 1:00 AM","0"
"Year 1 Aug 24 2:00 AM","0"
"Year 1 Aug 24 3:00 AM","0"
"Year 1 Aug 24 4:00 AM","0"
"Year 1 Aug 24 5:00 AM","0"
"Year 1 Aug 24 6:00 AM","5.2286384218232"
"Year 1 Aug 24 7:00 AM","18.6402899468278"
"Year 1 Aug 24 8:00 AM","36.2809713761479"
"Year 1 Aug 24 9:00 AM","57.2866530128136"
"Year 1 Aug 24 10:00 AM","65.0103557813324"
"Year 1 Aug 24 11:00 AM","64.1005518010609"
"Year 1 Aug 24 12:00 PM","65.2384373980869"
"Year 1 Aug 24 1:00 PM","63.5607593513884"
"Year 1 Aug 24 2:00 PM","66.668093123"
"Year 1 Aug 24 3:00 PM","57.3891332829702"
"Year 1 Aug 24 4:00 PM","40.9188390359501"
"Year 1 Aug 24 5:00 PM","26.26409456362"
"Year 1 Aug 24 6:00 PM","15.1185684509026"
"Year 1 Aug 24 7:00 PM","3.17585826655201"
"Year 1 Aug 24 8:00 PM","0"
"Year 1 Aug 24 9:00 PM","0"
"Year 1 Aug 24 10:00 PM","0"
"Year 1 Aug 24 11:00 PM","0"
"Year 1 Aug 25 12:00 AM","0"
"Year 1 Aug 25 1:00 AM","0"
"Year 1 Aug 25 2:00 AM","0"
"Year 1 Aug 25 3:00 AM","0"
"Year 1 Aug 25 4:00 AM","0"
"Year 1 Aug 25 5:00 AM","0"
"Year 1 Aug 25 6:00 AM","16.0038006946501"
"Year 1 Aug 25 7:00 AM","27.6187212567336"
"Year 1 Aug 25 8:00 AM","37.7182374206833"
"Year 1 Aug 25 9:00 AM","44.1917334253986"
"Year 1 Aug 25 10:00 AM","39.247178507289"
"Year 1 Aug 25 11:00 AM","35.3990062356931"
"Year 1 Aug 25 12:00 PM","33.6542475358056"
"Year 1 Aug 25 1:00 PM","32.4655030658696"
"Year 1 Aug 25 2:00 PM","33.4796195779246"
"Year 1 Aug 25 3:00 PM","32.9511621801543"
"Year 1 Aug 25 4:00 PM","28.953957321944"
"Year 1 Aug 25 5:00 PM","25.4655561299759"
"Year 1 Aug 25 6:00 PM","14.89838581845"
"Year 1 Aug 25 7:00 PM","2.77790229480302"
"Year 1 Aug 25 8:00 PM","0"
"Year 1 Aug 25 9:00 PM","0"
"Year 1 Aug 25 10:00 PM","0"
"Year 1 Aug 25 11:00 PM","0"
"Year 1 Aug 26 12:00 AM","0"
"Year 1 Aug 26 1:00 AM","0"
"Year 1 Aug 26 2:00 AM","0"
"Year 1 Aug 26 3:00 AM","0"
"Year 1 Aug 26 4:00 AM","0"
"Year 1 Aug 26 5:00 AM","0"
"Year 1 Aug 26 6:00 AM","6.87311857674889"
"Year 1 Aug 26 7:00 AM","20.2799505743892"
"Year 1 Aug 26 8:00 AM","37.5834408265341"
"Year 1 Aug 26 9:00 AM","48.4256870429987"
"Year 1 Aug 26 10:00 AM","66.172752886715"
"Year 1 Aug 26 11:00 AM","73.738048519888"
"Year 1 Aug 26 12:00 PM","71.7434708427304"
"Year 1 Aug 26 1:00 PM","72.3016793320765"
"Year 1 Aug 26 2:00 PM","71.6458386588195"
"Year 1 Aug 26 3:00 PM","55.1991921266088"
"Year 1 Aug 26 4:00 PM","43.2996531322989"
"Year 1 Aug 26 5:00 PM","17.0231791876227"
"Year 1 Aug 26 6:00 PM","11.7610662069774"
"Year 1 Aug 26 7:00 PM","2.13048613776168"
"Year 1 Aug 26 8:00 PM","0"
"Year 1 Aug 26 9:00 PM","0"
"Year 1 Aug 26 10:00 PM","0"
"Year 1 Aug 26 11:00 PM","0"
"Year 1 Aug 27 12:00 AM","0"
"Year 1 Aug 27 1:00 AM","0"
"Year 1 Aug 27 2:00 AM","0"
"Year 1 Aug 27 3:00 AM","0"
"Year 1 Aug 27 4:00 AM","0"
"Year 1 Aug 27 5:00 AM","0"
"Year 1 Aug 27 6:00 AM","9.85040155289008"
"Year 1 Aug 27 7:00 AM","23.6124827500815"
"Year 1 Aug 27 8:00 AM","37.4553389109268"
"Year 1 Aug 27 9:00 AM","47.7054208814851"
"Year 1 Aug 27 10:00 AM","66.6177122272019"
"Year 1 Aug 27 11:00 AM","71.142336689562"
"Year 1 Aug 27 12:00 PM","72.0321551157025"
"Year 1 Aug 27 1:00 PM","56.6081661754916"
"Year 1 Aug 27 2:00 PM","51.2944062046879"
"Year 1 Aug 27 3:00 PM","54.1946010804532"
"Year 1 Aug 27 4:00 PM","49.7966447118668"
"Year 1 Aug 27 5:00 PM","33.8505062234664"
"Year 1 Aug 27 6:00 PM","16.7784432392843"
"Year 1 Aug 27 7:00 PM","2.55594216476305"
"Year 1 Aug 27 8:00 PM","0"
"Year 1 Aug 27 9:00 PM","0"
"Year 1 Aug 27 10:00 PM","0"
"Year 1 Aug 27 11:00 PM","0"
"Year 1 Aug 28 12:00 AM","0"
"Year 1 Aug 28 1:00 AM","0"
"Year 1 Aug 28 2:00 AM","0"
"Year 1 Aug 28 3:00 AM","0"
"Year 1 Aug 28 4:00 AM","0"
"Year 1 Aug 28 5:00 AM","0"
"Year 1 Aug 28 6:00 AM","3.29678838511999"
"Year 1 Aug 28 7:00 AM","10.2601413422582"
"Year 1 Aug 28 8:00 AM","23.0469838178291"
"Year 1 Aug 28 9:00 AM","53.0631285799455"
"Year 1 Aug 28 10:00 AM","64.816751071954"
"Year 1 Aug 28 11:00 AM","56.9311178159452"
"Year 1 Aug 28 12:00 PM","65.4560112321547"
"Year 1 Aug 28 1:00 PM","53.7759835970652"
"Year 1 Aug 28 2:00 PM","67.0312915306068"
"Year 1 Aug 28 3:00 PM","60.5935288054828"
"Year 1 Aug 28 4:00 PM","45.4084679669159"
"Year 1 Aug 28 5:00 PM","24.1382954836371"
"Year 1 Aug 28 6:00 PM","10.8513804128613"
"Year 1 Aug 28 7:00 PM","1.56281412087868"
"Year 1 Aug 28 8:00 PM","0"
"Year 1 Aug 28 9:00 PM","0"
"Year 1 Aug 28 10:00 PM","0"
"Year 1 Aug 28 11:00 PM","0"
"Year 1 Aug 29 12:00 AM","0"
"Year 1 Aug 29 1:00 AM","0"
"Year 1 Aug 29 2:00 AM","0"
"Year 1 Aug 29 3:00 AM","0"
"Year 1 Aug 29 4:00 AM","0"
"Year 1 Aug 29 5:00 AM","0"
"Year 1 Aug 29 6:00 AM","6.74683330608573"
"Year 1 Aug 29 7:00 AM","16.2336172291129"
"Year 1 Aug 29 8:00 AM","20.2557242591088"
"Year 1 Aug 29 9:00 AM","33.3394437368245"
"Year 1 Aug 29 10:00 AM","60.8001910201189"
"Year 1 Aug 29 11:00 AM","59.3994300842114"
"Year 1 Aug 29 12:00 PM","47.1713639674638"
"Year 1 Aug 29 1:00 PM","60.0928917008879"
"Year 1 Aug 29 2:00 PM","53.7601314150741"
"Year 1 Aug 29 3:00 PM","47.6644292535889"
"Year 1 Aug 29 4:00 PM","45.8246193524994"
"Year 1 Aug 29 5:00 PM","32.1090013556998"
"Year 1 Aug 29 6:00 PM","11.6158669760954"
"Year 1 Aug 29 7:00 PM","1.55440169589019"
"Year 1 Aug 29 8:00 PM","0"
"Year 1 Aug 29 9:00 PM","0"
"Year 1 Aug 29 10:00 PM","0"
"Year 1 Aug 29 11:00 PM","0"
"Year 1 Aug 30 12:00 AM","0"
"Year 1 Aug 30 1:00 AM","0"
"Year 1 Aug 30 2:00 AM","0"
"Year 1 Aug 30 3:00 AM","0"
"Year 1 Aug 30 4:00 AM","0"
"Year 1 Aug 30 5:00 AM","0"
"Year 1 Aug 30 6:00 AM","11.9487700630067"
"Year 1 Aug 30 7:00 AM","20.8452450043896"
"Year 1 Aug 30 8:00 AM","30.1757593270778"
"Year 1 Aug 30 9:00 AM","37.3449122126179"
"Year 1 Aug 30 10:00 AM","35.4839424003566"
"Year 1 Aug 30 11:00 AM","42.3913264415876"
"Year 1 Aug 30 12:00 PM","47.8598016122307"
"Year 1 Aug 30 1:00 PM","35.0429519682072"
"Year 1 Aug 30 2:00 PM","33.8496759360868"
"Year 1 Aug 30 3:00 PM","34.0457776218183"
"Year 1 Aug 30 4:00 PM","31.1991445302899"
"Year 1 Aug 30 5:00 PM","24.2997773156746"
"Year 1 Aug 30 6:00 PM","13.5569776996914"
"Year 1 Aug 30 7:00 PM","1.856477102426"
"Year 1 Aug 30 8:00 PM","0"
"Year 1 Aug 30 9:00 PM","0"
"Year 1 Aug 30 10:00 PM","0"
"Year 1 Aug 30 11:00 PM","0"
"Year 1 Aug 31 12:00 AM","0"
"Year 1 Aug 31 1:00 AM","0"
"Year 1 Aug 31 2:00 AM","0"
"Year 1 Aug 31 3:00 AM","0"
"Year 1 Aug 31 4:00 AM","0"
"Year 1 Aug 31 5:00 AM","0"
"Year 1 Aug 31 6:00 AM","11.3139682997922"
"Year 1 Aug 31 7:00 AM","18.9533467961708"
"Year 1 Aug 31 8:00 AM","28.8463334305217"
"Year 1 Aug 31 9:00 AM","36.8630645447525"
"Year 1 Aug 31 10:00 AM","44.5504546356223"
"Year 1 Aug 31 11:00 AM","56.4087045518784"
"Year 1 Aug 31 12:00 PM","64.1017796769145"
"Year 1 Aug 31 1:00 PM","57.1236466811881"
"Year 1 Aug 31 2:00 PM","43.7810802778857"
"Year 1 Aug 31 3:00 PM","52.1540461714534"
"Year 1 Aug 31 4:00 PM","42.0775702562746"
"Year 1 Aug 31 5:00 PM","15.8952384609722"
"Year 1 Aug 31 6:00 PM","5.77424812449157"
"Year 1 Aug 31 7:00 PM","0.730195187287547"
"Year 1 Aug 31 8:00 PM","0"
"Year 1 Aug 31 9:00 PM","0"
"Year 1 Aug 31 10:00 PM","0"
"Year 1 Aug 31 11:00 PM","0"
"Year 1 Sep 01 12:00 AM","0"
"Year 1 Sep 01 1:00 AM","0"
"Year 1 Sep 01 2:00 AM","0"
"Year 1 Sep 01 3:00 AM","0"
"Year 1 Sep 01 4:00 AM","0"
"Year 1 Sep 01 5:00 AM","0"
"Year 1 Sep 01 6:00 AM","9.25239765606865"
"Year 1 Sep 01 7:00 AM","15.5873731549667"
"Year 1 Sep 01 8:00 AM","21.9825285588686"
"Year 1 Sep 01 9:00 AM","26.2717998581315"
"Year 1 Sep 01 10:00 AM","31.8636119565322"
"Year 1 Sep 01 11:00 AM","34.458581351967"
"Year 1 Sep 01 12:00 PM","32.5248911563979"
"Year 1 Sep 01 1:00 PM","38.8934493182908"
"Year 1 Sep 01 2:00 PM","36.9398637845774"
"Year 1 Sep 01 3:00 PM","42.9080654057681"
"Year 1 Sep 01 4:00 PM","31.2846313651309"
"Year 1 Sep 01 5:00 PM","19.6946576409025"
"Year 1 Sep 01 6:00 PM","11.9535381251838"
"Year 1 Sep 01 7:00 PM","1.65292581421459"
"Year 1 Sep 01 8:00 PM","0"
"Year 1 Sep 01 9:00 PM","0"
"Year 1 Sep 01 10:00 PM","0"
"Year 1 Sep 01 11:00 PM","0"
"Year 1 Sep 02 12:00 AM","0"
"Year 1 Sep 02 1:00 AM","0"
"Year 1 Sep 02 2:00 AM","0"
"Year 1 Sep 02 3:00 AM","0"
"Year 1 Sep 02 4:00 AM","0"
"Year 1 Sep 02 5:00 AM","0"
"Year 1 Sep 02 6:00 AM","8.30809522364393"
"Year 1 Sep 02 7:00 AM","20.6425920109606"
"Year 1 Sep 02 8:00 AM","39.7091560477729"
"Year 1 Sep 02 9:00 AM","54.0931163771363"
"Year 1 Sep 02 10:00 AM","62.0041310565104"
"Year 1 Sep 02 11:00 AM","53.0813539425971"
"Year 1 Sep 02 12:00 PM","54.8573431209634"
"Year 1 Sep 02 1:00 PM","51.5616696795237"
"Year 1 Sep 02 2:00 PM","60.4416888404108"
"Year 1 Sep 02 3:00 PM","36.6470414390693"
"Year 1 Sep 02 4:00 PM","26.8303584712516"
"Year 1 Sep 02 5:00 PM","19.0607071317481"
"Year 1 Sep 02 6:00 PM","11.6624385524795"
"Year 1 Sep 02 7:00 PM","1.55541376567718"
"Year 1 Sep 02 8:00 PM","0"
"Year 1 Sep 02 9:00 PM","0"
"Year 1 Sep 02 10:00 PM","0"
"Year 1 Sep 02 11:00 PM","0"
"Year 1 Sep 03 12:00 AM","0"
"Year 1 Sep 03 1:00 AM","0"
"Year 1 Sep 03 2:00 AM","0"
"Year 1 Sep 03 3:00 AM","0"
"Year 1 Sep 03 4:00 AM","0"
"Year 1 Sep 03 5:00 AM","0"
"Year 1 Sep 03 6:00 AM","9.42431565961665"
"Year 1 Sep 03 7:00 AM","19.7123438409145"
"Year 1 Sep 03 8:00 AM","29.7489958923962"
"Year 1 Sep 03 9:00 AM","37.1459094408095"
"Year 1 Sep 03 10:00 AM","39.2238786243866"
"Year 1 Sep 03 11:00 AM","39.1661768177674"
"Year 1 Sep 03 12:00 PM","38.7533484900048"
"Year 1 Sep 03 1:00 PM","38.8323004997822"
"Year 1 Sep 03 2:00 PM","39.26676483529"
"Year 1 Sep 03 3:00 PM","38.5385164689229"
"Year 1 Sep 03 4:00 PM","34.5351073932233"
"Year 1 Sep 03 5:00 PM","24.7855982758915"
"Year 1 Sep 03 6:00 PM","13.084085739335"
"Year 1 Sep 03 7:00 PM","0.980765224992905"
"Year 1 Sep 03 8:00 PM","0"
"Year 1 Sep 03 9:00 PM","0"
"Year 1 Sep 03 10:00 PM","0"
"Year 1 Sep 03 11:00 PM","0"
"Year 1 Sep 04 12:00 AM","0"
"Year 1 Sep 04 1:00 AM","0"
"Year 1 Sep 04 2:00 AM","0"
"Year 1 Sep 04 3:00 AM","0"
"Year 1 Sep 04 4:00 AM","0"
"Year 1 Sep 04 5:00 AM","0"
"Year 1 Sep 04 6:00 AM","9.30249108507478"
"Year 1 Sep 04 7:00 AM","17.9536270130066"
"Year 1 Sep 04 8:00 AM","25.8645294984605"
"Year 1 Sep 04 9:00 AM","30.0915445179406"
"Year 1 Sep 04 10:00 AM","33.4218952018493"
"Year 1 Sep 04 11:00 AM","33.9962655429018"
"Year 1 Sep 04 12:00 PM","33.5136667631086"
"Year 1 Sep 04 1:00 PM","33.6992450377189"
"Year 1 Sep 04 2:00 PM","34.2549488618948"
"Year 1 Sep 04 3:00 PM","31.6641526051388"
"Year 1 Sep 04 4:00 PM","28.3277648398691"
"Year 1 Sep 04 5:00 PM","22.4013540855191"
"Year 1 Sep 04 6:00 PM","11.8029700902555"
"Year 1 Sep 04 7:00 PM","0.852229747676716"
"Year 1 Sep 04 8:00 PM","0"
"Year 1 Sep 04 9:00 PM","0"
"Year 1 Sep 04 10:00 PM","0"
"Year 1 Sep 04 11:00 PM","0"
"Year 1 Sep 05 12:00 AM","0"
"Year 1 Sep 05 1:00 AM","0"
"Year 1 Sep 05 2:00 AM","0"
"Year 1 Sep 05 3:00 AM","0"
"Year 1 Sep 05 4:00 AM","0"
"Year 1 Sep 05 5:00 AM","0"
"Year 1 Sep 05 6:00 AM","8.47391136525364"
"Year 1 Sep 05 7:00 AM","19.0590329614537"
"Year 1 Sep 05 8:00 AM","29.0429670577291"
"Year 1 Sep 05 9:00 AM","36.1535595855624"
"Year 1 Sep 05 10:00 AM","38.2208516298937"
"Year 1 Sep 05 11:00 AM","38.2942938614146"
"Year 1 Sep 05 12:00 PM","39.2059914653287"
"Year 1 Sep 05 1:00 PM","45.5590590127854"
"Year 1 Sep 05 2:00 PM","47.3865079745748"
"Year 1 Sep 05 3:00 PM","43.8101725435454"
"Year 1 Sep 05 4:00 PM","34.201028378721"
"Year 1 Sep 05 5:00 PM","23.8834429318556"
"Year 1 Sep 05 6:00 PM","12.2367353251801"
"Year 1 Sep 05 7:00 PM","0.804455784551211"
"Year 1 Sep 05 8:00 PM","0"
"Year 1 Sep 05 9:00 PM","0"
"Year 1 Sep 05 10:00 PM","0"
"Year 1 Sep 05 11:00 PM","0"
"Year 1 Sep 06 12:00 AM","0"
"Year 1 Sep 06 1:00 AM","0"
"Year 1 Sep 06 2:00 AM","0"
"Year 1 Sep 06 3:00 AM","0"
"Year 1 Sep 06 4:00 AM","0"
"Year 1 Sep 06 5:00 AM","0"
"Year 1 Sep 06 6:00 AM","8.41174645123638"
"Year 1 Sep 06 7:00 AM","17.0008738921407"
"Year 1 Sep 06 8:00 AM","23.1890412051019"
"Year 1 Sep 06 9:00 AM","28.0864207786908"
"Year 1 Sep 06 10:00 AM","31.1158811993651"
"Year 1 Sep 06 11:00 AM","33.2052993893908"
"Year 1 Sep 06 12:00 PM","47.7580967014005"
"Year 1 Sep 06 1:00 PM","44.9572859207533"
"Year 1 Sep 06 2:00 PM","63.0061443529391"
"Year 1 Sep 06 3:00 PM","52.5960094939527"
"Year 1 Sep 06 4:00 PM","44.6995334808819"
"Year 1 Sep 06 5:00 PM","28.2855786179489"
"Year 1 Sep 06 6:00 PM","11.8070783385053"
"Year 1 Sep 06 7:00 PM","0.691453779610931"
"Year 1 Sep 06 8:00 PM","0"
"Year 1 Sep 06 9:00 PM","0"
"Year 1 Sep 06 10:00 PM","0"
"Year 1 Sep 06 11:00 PM","0"
"Year 1 Sep 07 12:00 AM","0"
"Year 1 Sep 07 1:00 AM","0"
"Year 1 Sep 07 2:00 AM","0"
"Year 1 Sep 07 3:00 AM","0"
"Year 1 Sep 07 4:00 AM","0"
"Year 1 Sep 07 5:00 AM","0"
"Year 1 Sep 07 6:00 AM","4.24343635040346"
"Year 1 Sep 07 7:00 AM","16.3404677573524"
"Year 1 Sep 07 8:00 AM","30.2795077744514"
"Year 1 Sep 07 9:00 AM","47.7962230217269"
"Year 1 Sep 07 10:00 AM","59.3450211580994"
"Year 1 Sep 07 11:00 AM","70.2922425859756"
"Year 1 Sep 07 12:00 PM","81.5008475300234"
"Year 1 Sep 07 1:00 PM","84.4842251939821"
"Year 1 Sep 07 2:00 PM","77.7505912068584"
"Year 1 Sep 07 3:00 PM","64.035457028586"
"Year 1 Sep 07 4:00 PM","46.1362521418144"
"Year 1 Sep 07 5:00 PM","27.4901985960902"
"Year 1 Sep 07 6:00 PM","11.0347585686515"
"Year 1 Sep 07 7:00 PM","0.665746079454827"
"Year 1 Sep 07 8:00 PM","0"
"Year 1 Sep 07 9:00 PM","0"
"Year 1 Sep 07 10:00 PM","0"
"Year 1 Sep 07 11:00 PM","0"
"Year 1 Sep 08 12:00 AM","0"
"Year 1 Sep 08 1:00 AM","0"
"Year 1 Sep 08 2:00 AM","0"
"Year 1 Sep 08 3:00 AM","0"
"Year 1 Sep 08 4:00 AM","0"
"Year 1 Sep 08 5:00 AM","0"
"Year 1 Sep 08 6:00 AM","5.94193635892857"
"Year 1 Sep 08 7:00 AM","19.6107888976919"
"Year 1 Sep 08 8:00 AM","39.7651074675024"
"Year 1 Sep 08 9:00 AM","55.4223421506545"
"Year 1 Sep 08 10:00 AM","67.4730266128479"
"Year 1 Sep 08 11:00 AM","71.0763052728726"
"Year 1 Sep 08 12:00 PM","73.782677627439"
"Year 1 Sep 08 1:00 PM","55.3772472917699"
"Year 1 Sep 08 2:00 PM","42.6130378629325"
"Year 1 Sep 08 3:00 PM","47.7542826127412"
"Year 1 Sep 08 4:00 PM","34.0207433728307"
"Year 1 Sep 08 5:00 PM","23.0979389579505"
"Year 1 Sep 08 6:00 PM","10.2039493393115"
"Year 1 Sep 08 7:00 PM","0.585624835187132"
"Year 1 Sep 08 8:00 PM","0"
"Year 1 Sep 08 9:00 PM","0"
"Year 1 Sep 08 10:00 PM","0"
"Year 1 Sep 08 11:00 PM","0"
"Year 1 Sep 09 12:00 AM","0"
"Year 1 Sep 09 1:00 AM","0"
"Year 1 Sep 09 2:00 AM","0"
"Year 1 Sep 09 3:00 AM","0"
"Year 1 Sep 09 4:00 AM","0"
"Year 1 Sep 09 5:00 AM","0"
"Year 1 Sep 09 6:00 AM","7.23186942091287"
"Year 1 Sep 09 7:00 AM","17.6134997167431"
"Year 1 Sep 09 8:00 AM","34.3922215713159"
"Year 1 Sep 09 9:00 AM","31.4610851569388"
"Year 1 Sep 09 10:00 AM","39.5946424004552"
"Year 1 Sep 09 11:00 AM","58.3685945605637"
"Year 1 Sep 09 12:00 PM","61.1086143981275"
"Year 1 Sep 09 1:00 PM","45.6499914083904"
"Year 1 Sep 09 2:00 PM","50.8975038470655"
"Year 1 Sep 09 3:00 PM","56.1042446913627"
"Year 1 Sep 09 4:00 PM","33.8818925698209"
"Year 1 Sep 09 5:00 PM","22.1901823830194"
"Year 1 Sep 09 6:00 PM","11.3657989534296"
"Year 1 Sep 09 7:00 PM","0"
"Year 1 Sep 09 8:00 PM","0"
"Year 1 Sep 09 9:00 PM","0"
"Year 1 Sep 09 10:00 PM","0"
"Year 1 Sep 09 11:00 PM","0"
"Year 1 Sep 10 12:00 AM","0"
"Year 1 Sep 10 1:00 AM","0"
"Year 1 Sep 10 2:00 AM","0"
"Year 1 Sep 10 3:00 AM","0"
"Year 1 Sep 10 4:00 AM","0"
"Year 1 Sep 10 5:00 AM","0"
"Year 1 Sep 10 6:00 AM","5.95948143949151"
"Year 1 Sep 10 7:00 AM","18.6797381440206"
"Year 1 Sep 10 8:00 AM","33.7731569673874"
"Year 1 Sep 10 9:00 AM","42.0149608710832"
"Year 1 Sep 10 10:00 AM","43.521650393072"
"Year 1 Sep 10 11:00 AM","46.5796547636946"
"Year 1 Sep 10 12:00 PM","47.9156083083775"
"Year 1 Sep 10 1:00 PM","52.6997056520179"
"Year 1 Sep 10 2:00 PM","57.3565578884054"
"Year 1 Sep 10 3:00 PM","46.3751016645334"
"Year 1 Sep 10 4:00 PM","35.8408982505451"
"Year 1 Sep 10 5:00 PM","18.2242962582245"
"Year 1 Sep 10 6:00 PM","6.70696894383471"
"Year 1 Sep 10 7:00 PM","0"
"Year 1 Sep 10 8:00 PM","0"
"Year 1 Sep 10 9:00 PM","0"
"Year 1 Sep 10 10:00 PM","0"
"Year 1 Sep 10 11:00 PM","0"
"Year 1 Sep 11 12:00 AM","0"
"Year 1 Sep 11 1:00 AM","0"
"Year 1 Sep 11 2:00 AM","0"
"Year 1 Sep 11 3:00 AM","0"
"Year 1 Sep 11 4:00 AM","0"
"Year 1 Sep 11 5:00 AM","0"
"Year 1 Sep 11 6:00 AM","6.11320207419661"
"Year 1 Sep 11 7:00 AM","18.2260187872541"
"Year 1 Sep 11 8:00 AM","24.8634535100182"
"Year 1 Sep 11 9:00 AM","29.4235204234821"
"Year 1 Sep 11 10:00 AM","40.1269004563637"
"Year 1 Sep 11 11:00 AM","41.4181123873177"
"Year 1 Sep 11 12:00 PM","47.7308691851318"
"Year 1 Sep 11 1:00 PM","38.8412589067633"
"Year 1 Sep 11 2:00 PM","27.7291410426986"
"Year 1 Sep 11 3:00 PM","28.3625159924562"
"Year 1 Sep 11 4:00 PM","31.506178912745"
"Year 1 Sep 11 5:00 PM","21.4850812283891"
"Year 1 Sep 11 6:00 PM","9.52476601752136"
"Year 1 Sep 11 7:00 PM","0"
"Year 1 Sep 11 8:00 PM","0"
"Year 1 Sep 11 9:00 PM","0"
"Year 1 Sep 11 10:00 PM","0"
"Year 1 Sep 11 11:00 PM","0"
"Year 1 Sep 12 12:00 AM","0"
"Year 1 Sep 12 1:00 AM","0"
"Year 1 Sep 12 2:00 AM","0"
"Year 1 Sep 12 3:00 AM","0"
"Year 1 Sep 12 4:00 AM","0"
"Year 1 Sep 12 5:00 AM","0"
"Year 1 Sep 12 6:00 AM","2.17174302933082"
"Year 1 Sep 12 7:00 AM","12.6972521213793"
"Year 1 Sep 12 8:00 AM","36.135117821107"
"Year 1 Sep 12 9:00 AM","33.8972484315467"
"Year 1 Sep 12 10:00 AM","30.6015717504741"
"Year 1 Sep 12 11:00 AM","36.059480672199"
"Year 1 Sep 12 12:00 PM","43.3167931960379"
"Year 1 Sep 12 1:00 PM","54.3529944539137"
"Year 1 Sep 12 2:00 PM","43.3361377626979"
"Year 1 Sep 12 3:00 PM","36.3075895366517"
"Year 1 Sep 12 4:00 PM","26.9764434343536"
"Year 1 Sep 12 5:00 PM","23.0081232566759"
"Year 1 Sep 12 6:00 PM","9.88244279450087"
"Year 1 Sep 12 7:00 PM","0"
"Year 1 Sep 12 8:00 PM","0"
"Year 1 Sep 12 9:00 PM","0"
"Year 1 Sep 12 10:00 PM","0"
"Year 1 Sep 12 11:00 PM","0"
"Year 1 Sep 13 12:00 AM","0"
"Year 1 Sep 13 1:00 AM","0"
"Year 1 Sep 13 2:00 AM","0"
"Year 1 Sep 13 3:00 AM","0"
"Year 1 Sep 13 4:00 AM","0"
"Year 1 Sep 13 5:00 AM","0"
"Year 1 Sep 13 6:00 AM","4.44932620103937"
"Year 1 Sep 13 7:00 AM","15.1797554557145"
"Year 1 Sep 13 8:00 AM","31.5748446667426"
"Year 1 Sep 13 9:00 AM","47.7480541571397"
"Year 1 Sep 13 10:00 AM","38.8171247294035"
"Year 1 Sep 13 11:00 AM","37.155970418483"
"Year 1 Sep 13 12:00 PM","40.8364645611207"
"Year 1 Sep 13 1:00 PM","53.4312295983509"
"Year 1 Sep 13 2:00 PM","34.6995422560999"
"Year 1 Sep 13 3:00 PM","37.3155493406455"
"Year 1 Sep 13 4:00 PM","36.5438379847667"
"Year 1 Sep 13 5:00 PM","19.0699756227584"
"Year 1 Sep 13 6:00 PM","9.27112825736716"
"Year 1 Sep 13 7:00 PM","0"
"Year 1 Sep 13 8:00 PM","0"
"Year 1 Sep 13 9:00 PM","0"
"Year 1 Sep 13 10:00 PM","0"
"Year 1 Sep 13 11:00 PM","0"
"Year 1 Sep 14 12:00 AM","0"
"Year 1 Sep 14 1:00 AM","0"
"Year 1 Sep 14 2:00 AM","0"
"Year 1 Sep 14 3:00 AM","0"
"Year 1 Sep 14 4:00 AM","0"
"Year 1 Sep 14 5:00 AM","0"
"Year 1 Sep 14 6:00 AM","4.15701389664277"
"Year 1 Sep 14 7:00 AM","12.7679648934973"
"Year 1 Sep 14 8:00 AM","20.7036790841331"
"Year 1 Sep 14 9:00 AM","26.0253512188216"
"Year 1 Sep 14 10:00 AM","27.2142606621451"
"Year 1 Sep 14 11:00 AM","28.6428724576671"
"Year 1 Sep 14 12:00 PM","28.4863321860109"
"Year 1 Sep 14 1:00 PM","28.4699039172189"
"Year 1 Sep 14 2:00 PM","30.1871774499374"
"Year 1 Sep 14 3:00 PM","27.2215940481894"
"Year 1 Sep 14 4:00 PM","29.2222061803871"
"Year 1 Sep 14 5:00 PM","23.2209728458339"
"Year 1 Sep 14 6:00 PM","7.2758440319068"
"Year 1 Sep 14 7:00 PM","0"
"Year 1 Sep 14 8:00 PM","0"
"Year 1 Sep 14 9:00 PM","0"
"Year 1 Sep 14 10:00 PM","0"
"Year 1 Sep 14 11:00 PM","0"
"Year 1 Sep 15 12:00 AM","0"
"Year 1 Sep 15 1:00 AM","0"
"Year 1 Sep 15 2:00 AM","0"
"Year 1 Sep 15 3:00 AM","0"
"Year 1 Sep 15 4:00 AM","0"
"Year 1 Sep 15 5:00 AM","0"
"Year 1 Sep 15 6:00 AM","3.21916276232007"
"Year 1 Sep 15 7:00 AM","14.4769673919298"
"Year 1 Sep 15 8:00 AM","32.8684926883792"
"Year 1 Sep 15 9:00 AM","50.9714794478914"
"Year 1 Sep 15 10:00 AM","56.6623740406153"
"Year 1 Sep 15 11:00 AM","59.0620982552096"
"Year 1 Sep 15 12:00 PM","60.1762799164278"
"Year 1 Sep 15 1:00 PM","57.6005580296829"
"Year 1 Sep 15 2:00 PM","52.7769961233628"
"Year 1 Sep 15 3:00 PM","50.117050261464"
"Year 1 Sep 15 4:00 PM","44.2156365481341"
"Year 1 Sep 15 5:00 PM","23.7416048989016"
"Year 1 Sep 15 6:00 PM","6.55506634721337"
"Year 1 Sep 15 7:00 PM","0"
"Year 1 Sep 15 8:00 PM","0"
"Year 1 Sep 15 9:00 PM","0"
"Year 1 Sep 15 10:00 PM","0"
"Year 1 Sep 15 11:00 PM","0"
"Year 1 Sep 16 12:00 AM","0"
"Year 1 Sep 16 1:00 AM","0"
"Year 1 Sep 16 2:00 AM","0"
"Year 1 Sep 16 3:00 AM","0"
"Year 1 Sep 16 4:00 AM","0"
"Year 1 Sep 16 5:00 AM","0"
"Year 1 Sep 16 6:00 AM","2.50795659525687"
"Year 1 Sep 16 7:00 AM","13.9420532849375"
"Year 1 Sep 16 8:00 AM","29.6996153589875"
"Year 1 Sep 16 9:00 AM","37.0643248767512"
"Year 1 Sep 16 10:00 AM","42.2212057176522"
"Year 1 Sep 16 11:00 AM","43.708145647524"
"Year 1 Sep 16 12:00 PM","46.0823738294855"
"Year 1 Sep 16 1:00 PM","53.3973281316855"
"Year 1 Sep 16 2:00 PM","66.2807944562936"
"Year 1 Sep 16 3:00 PM","52.9332837597104"
"Year 1 Sep 16 4:00 PM","36.1158023032936"
"Year 1 Sep 16 5:00 PM","25.3807420054225"
"Year 1 Sep 16 6:00 PM","7.30068247055411"
"Year 1 Sep 16 7:00 PM","0"
"Year 1 Sep 16 8:00 PM","0"
"Year 1 Sep 16 9:00 PM","0"
"Year 1 Sep 16 10:00 PM","0"
"Year 1 Sep 16 11:00 PM","0"
"Year 1 Sep 17 12:00 AM","0"
"Year 1 Sep 17 1:00 AM","0"
"Year 1 Sep 17 2:00 AM","0"
"Year 1 Sep 17 3:00 AM","0"
"Year 1 Sep 17 4:00 AM","0"
"Year 1 Sep 17 5:00 AM","0"
"Year 1 Sep 17 6:00 AM","1.80694342615338"
"Year 1 Sep 17 7:00 AM","8.67925809278228"
"Year 1 Sep 17 8:00 AM","15.0558101991099"
"Year 1 Sep 17 9:00 AM","23.7749493098634"
"Year 1 Sep 17 10:00 AM","35.3544560074976"
"Year 1 Sep 17 11:00 AM","61.3068180512451"
"Year 1 Sep 17 12:00 PM","69.8400558923843"
"Year 1 Sep 17 1:00 PM","66.6441298362387"
"Year 1 Sep 17 2:00 PM","62.0681961782739"
"Year 1 Sep 17 3:00 PM","39.6336218815516"
"Year 1 Sep 17 4:00 PM","38.6754871517072"
"Year 1 Sep 17 5:00 PM","19.1835372697177"
"Year 1 Sep 17 6:00 PM","5.10867185957646"
"Year 1 Sep 17 7:00 PM","0"
"Year 1 Sep 17 8:00 PM","0"
"Year 1 Sep 17 9:00 PM","0"
"Year 1 Sep 17 10:00 PM","0"
"Year 1 Sep 17 11:00 PM","0"
"Year 1 Sep 18 12:00 AM","0"
"Year 1 Sep 18 1:00 AM","0"
"Year 1 Sep 18 2:00 AM","0"
"Year 1 Sep 18 3:00 AM","0"
"Year 1 Sep 18 4:00 AM","0"
"Year 1 Sep 18 5:00 AM","0"
"Year 1 Sep 18 6:00 AM","2.07350690345864"
"Year 1 Sep 18 7:00 AM","11.4315057711707"
"Year 1 Sep 18 8:00 AM","23.9372816436008"
"Year 1 Sep 18 9:00 AM","42.2152971730275"
"Year 1 Sep 18 10:00 AM","52.3651882120415"
"Year 1 Sep 18 11:00 AM","64.1115159926094"
"Year 1 Sep 18 12:00 PM","67.9149609305064"
"Year 1 Sep 18 1:00 PM","63.0323104838939"
"Year 1 Sep 18 2:00 PM","42.1509609186165"
"Year 1 Sep 18 3:00 PM","36.7072875588605"
"Year 1 Sep 18 4:00 PM","23.8627117478649"
"Year 1 Sep 18 5:00 PM","13.6695015884674"
"Year 1 Sep 18 6:00 PM","4.05287324661003"
"Year 1 Sep 18 7:00 PM","0"
"Year 1 Sep 18 8:00 PM","0"
"Year 1 Sep 18 9:00 PM","0"
"Year 1 Sep 18 10:00 PM","0"
"Year 1 Sep 18 11:00 PM","0"
"Year 1 Sep 19 12:00 AM","0"
"Year 1 Sep 19 1:00 AM","0"
"Year 1 Sep 19 2:00 AM","0"
"Year 1 Sep 19 3:00 AM","0"
"Year 1 Sep 19 4:00 AM","0"
"Year 1 Sep 19 5:00 AM","0"
"Year 1 Sep 19 6:00 AM","3.01716134453684"
"Year 1 Sep 19 7:00 AM","14.7076427128042"
"Year 1 Sep 19 8:00 AM","23.7966757157674"
"Year 1 Sep 19 9:00 AM","28.7297607122088"
"Year 1 Sep 19 10:00 AM","33.9903613403977"
"Year 1 Sep 19 11:00 AM","49.3673298694974"
"Year 1 Sep 19 12:00 PM","62.8379902823109"
"Year 1 Sep 19 1:00 PM","66.5303723528152"
"Year 1 Sep 19 2:00 PM","57.4162737372378"
"Year 1 Sep 19 3:00 PM","46.9349157378965"
"Year 1 Sep 19 4:00 PM","30.7971059448046"
"Year 1 Sep 19 5:00 PM","11.9394834291382"
"Year 1 Sep 19 6:00 PM","3.60557483632228"
"Year 1 Sep 19 7:00 PM","0"
"Year 1 Sep 19 8:00 PM","0"
"Year 1 Sep 19 9:00 PM","0"
"Year 1 Sep 19 10:00 PM","0"
"Year 1 Sep 19 11:00 PM","0"
"Year 1 Sep 20 12:00 AM","0"
"Year 1 Sep 20 1:00 AM","0"
"Year 1 Sep 20 2:00 AM","0"
"Year 1 Sep 20 3:00 AM","0"
"Year 1 Sep 20 4:00 AM","0"
"Year 1 Sep 20 5:00 AM","0"
"Year 1 Sep 20 6:00 AM","1.73082792073141"
"Year 1 Sep 20 7:00 AM","14.053630473786"
"Year 1 Sep 20 8:00 AM","28.3291884750906"
"Year 1 Sep 20 9:00 AM","43.0202208218244"
"Year 1 Sep 20 10:00 AM","56.912548551358"
"Year 1 Sep 20 11:00 AM","42.7001678144346"
"Year 1 Sep 20 12:00 PM","65.4172949147611"
"Year 1 Sep 20 1:00 PM","64.2942417857137"
"Year 1 Sep 20 2:00 PM","54.164385652243"
"Year 1 Sep 20 3:00 PM","43.1337012703394"
"Year 1 Sep 20 4:00 PM","25.7970874848422"
"Year 1 Sep 20 5:00 PM","19.198658940595"
"Year 1 Sep 20 6:00 PM","4.09326544757044"
"Year 1 Sep 20 7:00 PM","0"
"Year 1 Sep 20 8:00 PM","0"
"Year 1 Sep 20 9:00 PM","0"
"Year 1 Sep 20 10:00 PM","0"
"Year 1 Sep 20 11:00 PM","0"
"Year 1 Sep 21 12:00 AM","0"
"Year 1 Sep 21 1:00 AM","0"
"Year 1 Sep 21 2:00 AM","0"
"Year 1 Sep 21 3:00 AM","0"
"Year 1 Sep 21 4:00 AM","0"
"Year 1 Sep 21 5:00 AM","0"
"Year 1 Sep 21 6:00 AM","2.09140521744393"
"Year 1 Sep 21 7:00 AM","14.1685679155519"
"Year 1 Sep 21 8:00 AM","22.9026010288628"
"Year 1 Sep 21 9:00 AM","39.0512231755365"
"Year 1 Sep 21 10:00 AM","53.1834111573126"
"Year 1 Sep 21 11:00 AM","42.6541804559669"
"Year 1 Sep 21 12:00 PM","50.29849274558"
"Year 1 Sep 21 1:00 PM","62.100662945832"
"Year 1 Sep 21 2:00 PM","45.4275770936335"
"Year 1 Sep 21 3:00 PM","36.4256260435815"
"Year 1 Sep 21 4:00 PM","25.2727997484702"
"Year 1 Sep 21 5:00 PM","13.5202143900328"
"Year 1 Sep 21 6:00 PM","2.65970683689411"
"Year 1 Sep 21 7:00 PM","0"
"Year 1 Sep 21 8:00 PM","0"
"Year 1 Sep 21 9:00 PM","0"
"Year 1 Sep 21 10:00 PM","0"
"Year 1 Sep 21 11:00 PM","0"
"Year 1 Sep 22 12:00 AM","0"
"Year 1 Sep 22 1:00 AM","0"
"Year 1 Sep 22 2:00 AM","0"
"Year 1 Sep 22 3:00 AM","0"
"Year 1 Sep 22 4:00 AM","0"
"Year 1 Sep 22 5:00 AM","0"
"Year 1 Sep 22 6:00 AM","2.14573476132201"
"Year 1 Sep 22 7:00 AM","15.2065163927999"
"Year 1 Sep 22 8:00 AM","26.483591098869"
"Year 1 Sep 22 9:00 AM","50.0185154128172"
"Year 1 Sep 22 10:00 AM","64.8535790385595"
"Year 1 Sep 22 11:00 AM","61.865007610248"
"Year 1 Sep 22 12:00 PM","60.2470048398283"
"Year 1 Sep 22 1:00 PM","61.251939356943"
"Year 1 Sep 22 2:00 PM","51.0121846013849"
"Year 1 Sep 22 3:00 PM","29.7302865626985"
"Year 1 Sep 22 4:00 PM","28.5189757165539"
"Year 1 Sep 22 5:00 PM","17.4123091943471"
"Year 1 Sep 22 6:00 PM","4.85371364024621"
"Year 1 Sep 22 7:00 PM","0"
"Year 1 Sep 22 8:00 PM","0"
"Year 1 Sep 22 9:00 PM","0"
"Year 1 Sep 22 10:00 PM","0"
"Year 1 Sep 22 11:00 PM","0"
"Year 1 Sep 23 12:00 AM","0"
"Year 1 Sep 23 1:00 AM","0"
"Year 1 Sep 23 2:00 AM","0"
"Year 1 Sep 23 3:00 AM","0"
"Year 1 Sep 23 4:00 AM","0"
"Year 1 Sep 23 5:00 AM","0"
"Year 1 Sep 23 6:00 AM","1.99702804240581"
"Year 1 Sep 23 7:00 AM","13.1580130614298"
"Year 1 Sep 23 8:00 AM","20.3437932085005"
"Year 1 Sep 23 9:00 AM","26.2140655018545"
"Year 1 Sep 23 10:00 AM","29.2043600225809"
"Year 1 Sep 23 11:00 AM","32.0703666976369"
"Year 1 Sep 23 12:00 PM","41.5179184171917"
"Year 1 Sep 23 1:00 PM","42.7799444170608"
"Year 1 Sep 23 2:00 PM","40.9255569433012"
"Year 1 Sep 23 3:00 PM","28.4058775446023"
"Year 1 Sep 23 4:00 PM","22.1146127837019"
"Year 1 Sep 23 5:00 PM","15.5567756422575"
"Year 1 Sep 23 6:00 PM","4.79336793279712"
"Year 1 Sep 23 7:00 PM","0"
"Year 1 Sep 23 8:00 PM","0"
"Year 1 Sep 23 9:00 PM","0"
"Year 1 Sep 23 10:00 PM","0"
"Year 1 Sep 23 11:00 PM","0"
"Year 1 Sep 24 12:00 AM","0"
"Year 1 Sep 24 1:00 AM","0"
"Year 1 Sep 24 2:00 AM","0"
"Year 1 Sep 24 3:00 AM","0"
"Year 1 Sep 24 4:00 AM","0"
"Year 1 Sep 24 5:00 AM","0"
"Year 1 Sep 24 6:00 AM","1.75536438481029"
"Year 1 Sep 24 7:00 AM","12.8289576259796"
"Year 1 Sep 24 8:00 AM","26.3606695609448"
"Year 1 Sep 24 9:00 AM","39.8449477429969"
"Year 1 Sep 24 10:00 AM","33.8287464657271"
"Year 1 Sep 24 11:00 AM","33.0388854153587"
"Year 1 Sep 24 12:00 PM","41.0350875607232"
"Year 1 Sep 24 1:00 PM","36.5409394741779"
"Year 1 Sep 24 2:00 PM","42.797561253234"
"Year 1 Sep 24 3:00 PM","35.9926194688405"
"Year 1 Sep 24 4:00 PM","27.8084203535209"
"Year 1 Sep 24 5:00 PM","18.3133467410069"
"Year 1 Sep 24 6:00 PM","3.30604171364329"
"Year 1 Sep 24 7:00 PM","0"
"Year 1 Sep 24 8:00 PM","0"
"Year 1 Sep 24 9:00 PM","0"
"Year 1 Sep 24 10:00 PM","0"
"Year 1 Sep 24 11:00 PM","0"
"Year 1 Sep 25 12:00 AM","0"
"Year 1 Sep 25 1:00 AM","0"
"Year 1 Sep 25 2:00 AM","0"
"Year 1 Sep 25 3:00 AM","0"
"Year 1 Sep 25 4:00 AM","0"
"Year 1 Sep 25 5:00 AM","0"
"Year 1 Sep 25 6:00 AM","1.73056857975807"
"Year 1 Sep 25 7:00 AM","13.49445330377"
"Year 1 Sep 25 8:00 AM","25.4426948966607"
"Year 1 Sep 25 9:00 AM","32.6524627446176"
"Year 1 Sep 25 10:00 AM","35.6876309500023"
"Year 1 Sep 25 11:00 AM","32.9225687831172"
"Year 1 Sep 25 12:00 PM","32.5835575526164"
"Year 1 Sep 25 1:00 PM","33.2852294263007"
"Year 1 Sep 25 2:00 PM","32.3665703198262"
"Year 1 Sep 25 3:00 PM","28.3407585015038"
"Year 1 Sep 25 4:00 PM","24.0981364478288"
"Year 1 Sep 25 5:00 PM","16.3492296725388"
"Year 1 Sep 25 6:00 PM","4.62091143642302"
"Year 1 Sep 25 7:00 PM","0"
"Year 1 Sep 25 8:00 PM","0"
"Year 1 Sep 25 9:00 PM","0"
"Year 1 Sep 25 10:00 PM","0"
"Year 1 Sep 25 11:00 PM","0"
"Year 1 Sep 26 12:00 AM","0"
"Year 1 Sep 26 1:00 AM","0"
"Year 1 Sep 26 2:00 AM","0"
"Year 1 Sep 26 3:00 AM","0"
"Year 1 Sep 26 4:00 AM","0"
"Year 1 Sep 26 5:00 AM","0"
"Year 1 Sep 26 6:00 AM","1.9685835110611"
"Year 1 Sep 26 7:00 AM","13.3738596569439"
"Year 1 Sep 26 8:00 AM","23.7808035942658"
"Year 1 Sep 26 9:00 AM","29.4036345241737"
"Year 1 Sep 26 10:00 AM","32.0088226787338"
"Year 1 Sep 26 11:00 AM","34.6070647645847"
"Year 1 Sep 26 12:00 PM","35.5019205417729"
"Year 1 Sep 26 1:00 PM","35.4912004181612"
"Year 1 Sep 26 2:00 PM","32.1838045762289"
"Year 1 Sep 26 3:00 PM","31.3168872617376"
"Year 1 Sep 26 4:00 PM","30.0559991359354"
"Year 1 Sep 26 5:00 PM","19.505540118464"
"Year 1 Sep 26 6:00 PM","3.59804837826226"
"Year 1 Sep 26 7:00 PM","0"
"Year 1 Sep 26 8:00 PM","0"
"Year 1 Sep 26 9:00 PM","0"
"Year 1 Sep 26 10:00 PM","0"
"Year 1 Sep 26 11:00 PM","0"
"Year 1 Sep 27 12:00 AM","0"
"Year 1 Sep 27 1:00 AM","0"
"Year 1 Sep 27 2:00 AM","0"
"Year 1 Sep 27 3:00 AM","0"
"Year 1 Sep 27 4:00 AM","0"
"Year 1 Sep 27 5:00 AM","0"
"Year 1 Sep 27 6:00 AM","1.63054793438078"
"Year 1 Sep 27 7:00 AM","12.4974774909254"
"Year 1 Sep 27 8:00 AM","20.7962987213066"
"Year 1 Sep 27 9:00 AM","28.310085844805"
"Year 1 Sep 27 10:00 AM","45.7599894559472"
"Year 1 Sep 27 11:00 AM","56.6718851207191"
"Year 1 Sep 27 12:00 PM","64.4756006059328"
"Year 1 Sep 27 1:00 PM","47.3826748763071"
"Year 1 Sep 27 2:00 PM","31.0459803520261"
"Year 1 Sep 27 3:00 PM","27.1145183019041"
"Year 1 Sep 27 4:00 PM","21.8184414594335"
"Year 1 Sep 27 5:00 PM","16.4203176526759"
"Year 1 Sep 27 6:00 PM","3.54590406452355"
"Year 1 Sep 27 7:00 PM","0"
"Year 1 Sep 27 8:00 PM","0"
"Year 1 Sep 27 9:00 PM","0"
"Year 1 Sep 27 10:00 PM","0"
"Year 1 Sep 27 11:00 PM","0"
"Year 1 Sep 28 12:00 AM","0"
"Year 1 Sep 28 1:00 AM","0"
"Year 1 Sep 28 2:00 AM","0"
"Year 1 Sep 28 3:00 AM","0"
"Year 1 Sep 28 4:00 AM","0"
"Year 1 Sep 28 5:00 AM","0"
"Year 1 Sep 28 6:00 AM","1.90544372308971"
"Year 1 Sep 28 7:00 AM","13.0596201776248"
"Year 1 Sep 28 8:00 AM","18.5960581435115"
"Year 1 Sep 28 9:00 AM","27.8627335125943"
"Year 1 Sep 28 10:00 AM","41.145883776604"
"Year 1 Sep 28 11:00 AM","31.5310325306672"
"Year 1 Sep 28 12:00 PM","51.0489305152872"
"Year 1 Sep 28 1:00 PM","44.3937366823526"
"Year 1 Sep 28 2:00 PM","48.5899165735646"
"Year 1 Sep 28 3:00 PM","45.4005203580154"
"Year 1 Sep 28 4:00 PM","34.6517682573035"
"Year 1 Sep 28 5:00 PM","16.4685961499496"
"Year 1 Sep 28 6:00 PM","2.74979440759838"
"Year 1 Sep 28 7:00 PM","0"
"Year 1 Sep 28 8:00 PM","0"
"Year 1 Sep 28 9:00 PM","0"
"Year 1 Sep 28 10:00 PM","0"
"Year 1 Sep 28 11:00 PM","0"
"Year 1 Sep 29 12:00 AM","0"
"Year 1 Sep 29 1:00 AM","0"
"Year 1 Sep 29 2:00 AM","0"
"Year 1 Sep 29 3:00 AM","0"
"Year 1 Sep 29 4:00 AM","0"
"Year 1 Sep 29 5:00 AM","0"
"Year 1 Sep 29 6:00 AM","1.51611089345324"
"Year 1 Sep 29 7:00 AM","12.0933868447679"
"Year 1 Sep 29 8:00 AM","19.9142030686664"
"Year 1 Sep 29 9:00 AM","25.436701270637"
"Year 1 Sep 29 10:00 AM","36.9849311446217"
"Year 1 Sep 29 11:00 AM","59.702828069659"
"Year 1 Sep 29 12:00 PM","63.195012044724"
"Year 1 Sep 29 1:00 PM","57.9052262879833"
"Year 1 Sep 29 2:00 PM","49.7345191816316"
"Year 1 Sep 29 3:00 PM","39.5147817318755"
"Year 1 Sep 29 4:00 PM","30.9878730829365"
"Year 1 Sep 29 5:00 PM","15.5259537426518"
"Year 1 Sep 29 6:00 PM","3.10271631731893"
"Year 1 Sep 29 7:00 PM","0"
"Year 1 Sep 29 8:00 PM","0"
"Year 1 Sep 29 9:00 PM","0"
"Year 1 Sep 29 10:00 PM","0"
"Year 1 Sep 29 11:00 PM","0"
"Year 1 Sep 30 12:00 AM","0"
"Year 1 Sep 30 1:00 AM","0"
"Year 1 Sep 30 2:00 AM","0"
"Year 1 Sep 30 3:00 AM","0"
"Year 1 Sep 30 4:00 AM","0"
"Year 1 Sep 30 5:00 AM","0"
"Year 1 Sep 30 6:00 AM","0.908677067168068"
"Year 1 Sep 30 7:00 AM","12.9575448923679"
"Year 1 Sep 30 8:00 AM","29.0140922552967"
"Year 1 Sep 30 9:00 AM","42.4640727134406"
"Year 1 Sep 30 10:00 AM","49.9083705013288"
"Year 1 Sep 30 11:00 AM","53.1668190679284"
"Year 1 Sep 30 12:00 PM","51.1950460613096"
"Year 1 Sep 30 1:00 PM","49.383605318609"
"Year 1 Sep 30 2:00 PM","49.4369721534601"
"Year 1 Sep 30 3:00 PM","43.0052363441961"
"Year 1 Sep 30 4:00 PM","32.734309507527"
"Year 1 Sep 30 5:00 PM","17.5288339450371"
"Year 1 Sep 30 6:00 PM","2.75097795073019"
"Year 1 Sep 30 7:00 PM","0"
"Year 1 Sep 30 8:00 PM","0"
"Year 1 Sep 30 9:00 PM","0"
"Year 1 Sep 30 10:00 PM","0"
"Year 1 Sep 30 11:00 PM","0"
"Year 1 Oct 01 12:00 AM","0"
"Year 1 Oct 01 1:00 AM","0"
"Year 1 Oct 01 2:00 AM","0"
"Year 1 Oct 01 3:00 AM","0"
"Year 1 Oct 01 4:00 AM","0"
"Year 1 Oct 01 5:00 AM","0"
"Year 1 Oct 01 6:00 AM","0.953229329742497"
"Year 1 Oct 01 7:00 AM","12.7934161278213"
"Year 1 Oct 01 8:00 AM","23.8896055605434"
"Year 1 Oct 01 9:00 AM","32.4444988787294"
"Year 1 Oct 01 10:00 AM","35.4052151330643"
"Year 1 Oct 01 11:00 AM","36.5910047360877"
"Year 1 Oct 01 12:00 PM","44.8891900741688"
"Year 1 Oct 01 1:00 PM","47.344286677662"
"Year 1 Oct 01 2:00 PM","44.3249101597365"
"Year 1 Oct 01 3:00 PM","36.7400674857074"
"Year 1 Oct 01 4:00 PM","27.0034025549926"
"Year 1 Oct 01 5:00 PM","15.6426542751979"
"Year 1 Oct 01 6:00 PM","2.90019380911861"
"Year 1 Oct 01 7:00 PM","0"
"Year 1 Oct 01 8:00 PM","0"
"Year 1 Oct 01 9:00 PM","0"
"Year 1 Oct 01 10:00 PM","0"
"Year 1 Oct 01 11:00 PM","0"
"Year 1 Oct 02 12:00 AM","0"
"Year 1 Oct 02 1:00 AM","0"
"Year 1 Oct 02 2:00 AM","0"
"Year 1 Oct 02 3:00 AM","0"
"Year 1 Oct 02 4:00 AM","0"
"Year 1 Oct 02 5:00 AM","0"
"Year 1 Oct 02 6:00 AM","0.885867999204958"
"Year 1 Oct 02 7:00 AM","11.2171084580588"
"Year 1 Oct 02 8:00 AM","21.7251678689042"
"Year 1 Oct 02 9:00 AM","29.1955087082647"
"Year 1 Oct 02 10:00 AM","34.5456979722131"
"Year 1 Oct 02 11:00 AM","29.6732666330361"
"Year 1 Oct 02 12:00 PM","31.1081462924487"
"Year 1 Oct 02 1:00 PM","25.1168930658463"
"Year 1 Oct 02 2:00 PM","32.7643962453821"
"Year 1 Oct 02 3:00 PM","37.1659563480509"
"Year 1 Oct 02 4:00 PM","25.4299888525209"
"Year 1 Oct 02 5:00 PM","11.168066942701"
"Year 1 Oct 02 6:00 PM","1.31488127376512"
"Year 1 Oct 02 7:00 PM","0"
"Year 1 Oct 02 8:00 PM","0"
"Year 1 Oct 02 9:00 PM","0"
"Year 1 Oct 02 10:00 PM","0"
"Year 1 Oct 02 11:00 PM","0"
"Year 1 Oct 03 12:00 AM","0"
"Year 1 Oct 03 1:00 AM","0"
"Year 1 Oct 03 2:00 AM","0"
"Year 1 Oct 03 3:00 AM","0"
"Year 1 Oct 03 4:00 AM","0"
"Year 1 Oct 03 5:00 AM","0"
"Year 1 Oct 03 6:00 AM","0.547292396151383"
"Year 1 Oct 03 7:00 AM","9.24287463771357"
"Year 1 Oct 03 8:00 AM","25.9295484136966"
"Year 1 Oct 03 9:00 AM","43.3330486991821"
"Year 1 Oct 03 10:00 AM","55.6255588282407"
"Year 1 Oct 03 11:00 AM","61.82309172008"
"Year 1 Oct 03 12:00 PM","58.4438530790663"
"Year 1 Oct 03 1:00 PM","56.0717494690259"
"Year 1 Oct 03 2:00 PM","50.0739951444421"
"Year 1 Oct 03 3:00 PM","41.8472568916675"
"Year 1 Oct 03 4:00 PM","29.2417659076262"
"Year 1 Oct 03 5:00 PM","16.1743912359528"
"Year 1 Oct 03 6:00 PM","2.21000083753147"
"Year 1 Oct 03 7:00 PM","0"
"Year 1 Oct 03 8:00 PM","0"
"Year 1 Oct 03 9:00 PM","0"
"Year 1 Oct 03 10:00 PM","0"
"Year 1 Oct 03 11:00 PM","0"
"Year 1 Oct 04 12:00 AM","0"
"Year 1 Oct 04 1:00 AM","0"
"Year 1 Oct 04 2:00 AM","0"
"Year 1 Oct 04 3:00 AM","0"
"Year 1 Oct 04 4:00 AM","0"
"Year 1 Oct 04 5:00 AM","0"
"Year 1 Oct 04 6:00 AM","0.781529911022182"
"Year 1 Oct 04 7:00 AM","11.5491582273694"
"Year 1 Oct 04 8:00 AM","23.1512843768467"
"Year 1 Oct 04 9:00 AM","33.2629848275568"
"Year 1 Oct 04 10:00 AM","44.8123458168219"
"Year 1 Oct 04 11:00 AM","43.0187801841091"
"Year 1 Oct 04 12:00 PM","48.546393424317"
"Year 1 Oct 04 1:00 PM","50.3809721241273"
"Year 1 Oct 04 2:00 PM","52.0518313659994"
"Year 1 Oct 04 3:00 PM","43.5388276752904"
"Year 1 Oct 04 4:00 PM","30.2951540122744"
"Year 1 Oct 04 5:00 PM","16.6874015963182"
"Year 1 Oct 04 6:00 PM","2.12768206098611"
"Year 1 Oct 04 7:00 PM","0"
"Year 1 Oct 04 8:00 PM","0"
"Year 1 Oct 04 9:00 PM","0"
"Year 1 Oct 04 10:00 PM","0"
"Year 1 Oct 04 11:00 PM","0"
"Year 1 Oct 05 12:00 AM","0"
"Year 1 Oct 05 1:00 AM","0"
"Year 1 Oct 05 2:00 AM","0"
"Year 1 Oct 05 3:00 AM","0"
"Year 1 Oct 05 4:00 AM","0"
"Year 1 Oct 05 5:00 AM","0"
"Year 1 Oct 05 6:00 AM","0.780862822931684"
"Year 1 Oct 05 7:00 AM","12.0660802460514"
"Year 1 Oct 05 8:00 AM","24.3884090081908"
"Year 1 Oct 05 9:00 AM","29.3512385084602"
"Year 1 Oct 05 10:00 AM","34.2265920201987"
"Year 1 Oct 05 11:00 AM","43.7875778193186"
"Year 1 Oct 05 12:00 PM","49.3951571969598"
"Year 1 Oct 05 1:00 PM","45.7425586346801"
"Year 1 Oct 05 2:00 PM","32.4382087002303"
"Year 1 Oct 05 3:00 PM","23.1115704660517"
"Year 1 Oct 05 4:00 PM","18.8309494906821"
"Year 1 Oct 05 5:00 PM","6.6058027473167"
"Year 1 Oct 05 6:00 PM","1.01787103604861"
"Year 1 Oct 05 7:00 PM","0"
"Year 1 Oct 05 8:00 PM","0"
"Year 1 Oct 05 9:00 PM","0"
"Year 1 Oct 05 10:00 PM","0"
"Year 1 Oct 05 11:00 PM","0"
"Year 1 Oct 06 12:00 AM","0"
"Year 1 Oct 06 1:00 AM","0"
"Year 1 Oct 06 2:00 AM","0"
"Year 1 Oct 06 3:00 AM","0"
"Year 1 Oct 06 4:00 AM","0"
"Year 1 Oct 06 5:00 AM","0"
"Year 1 Oct 06 6:00 AM","0.628287951550001"
"Year 1 Oct 06 7:00 AM","10.2340119005833"
"Year 1 Oct 06 8:00 AM","25.2971341150807"
"Year 1 Oct 06 9:00 AM","34.3575318423114"
"Year 1 Oct 06 10:00 AM","47.9348102855076"
"Year 1 Oct 06 11:00 AM","55.9472006356781"
"Year 1 Oct 06 12:00 PM","57.6968924175244"
"Year 1 Oct 06 1:00 PM","56.5768216825732"
"Year 1 Oct 06 2:00 PM","47.2779171196614"
"Year 1 Oct 06 3:00 PM","37.9587211329941"
"Year 1 Oct 06 4:00 PM","28.018171244758"
"Year 1 Oct 06 5:00 PM","12.0250183500333"
"Year 1 Oct 06 6:00 PM","1.4131741117668"
"Year 1 Oct 06 7:00 PM","0"
"Year 1 Oct 06 8:00 PM","0"
"Year 1 Oct 06 9:00 PM","0"
"Year 1 Oct 06 10:00 PM","0"
"Year 1 Oct 06 11:00 PM","0"
"Year 1 Oct 07 12:00 AM","0"
"Year 1 Oct 07 1:00 AM","0"
"Year 1 Oct 07 2:00 AM","0"
"Year 1 Oct 07 3:00 AM","0"
"Year 1 Oct 07 4:00 AM","0"
"Year 1 Oct 07 5:00 AM","0"
"Year 1 Oct 07 6:00 AM","0.728884333700371"
"Year 1 Oct 07 7:00 AM","10.7354102395157"
"Year 1 Oct 07 8:00 AM","24.689930417116"
"Year 1 Oct 07 9:00 AM","42.8586487229531"
"Year 1 Oct 07 10:00 AM","53.8940848942753"
"Year 1 Oct 07 11:00 AM","56.5947325740228"
"Year 1 Oct 07 12:00 PM","56.1503762349951"
"Year 1 Oct 07 1:00 PM","57.8364520585339"
"Year 1 Oct 07 2:00 PM","49.9522111982535"
"Year 1 Oct 07 3:00 PM","32.8580317686542"
"Year 1 Oct 07 4:00 PM","24.5331130356864"
"Year 1 Oct 07 5:00 PM","9.84787894865909"
"Year 1 Oct 07 6:00 PM","1.07661351159098"
"Year 1 Oct 07 7:00 PM","0"
"Year 1 Oct 07 8:00 PM","0"
"Year 1 Oct 07 9:00 PM","0"
"Year 1 Oct 07 10:00 PM","0"
"Year 1 Oct 07 11:00 PM","0"
"Year 1 Oct 08 12:00 AM","0"
"Year 1 Oct 08 1:00 AM","0"
"Year 1 Oct 08 2:00 AM","0"
"Year 1 Oct 08 3:00 AM","0"
"Year 1 Oct 08 4:00 AM","0"
"Year 1 Oct 08 5:00 AM","0"
"Year 1 Oct 08 6:00 AM","0.738511238856304"
"Year 1 Oct 08 7:00 AM","9.41089606862102"
"Year 1 Oct 08 8:00 AM","17.0057724162505"
"Year 1 Oct 08 9:00 AM","21.7258803179289"
"Year 1 Oct 08 10:00 AM","27.2794857714214"
"Year 1 Oct 08 11:00 AM","30.487007528697"
"Year 1 Oct 08 12:00 PM","27.052027549775"
"Year 1 Oct 08 1:00 PM","27.7156398645869"
"Year 1 Oct 08 2:00 PM","32.8359827028087"
"Year 1 Oct 08 3:00 PM","33.1770206501282"
"Year 1 Oct 08 4:00 PM","24.3147373454139"
"Year 1 Oct 08 5:00 PM","13.1611224146865"
"Year 1 Oct 08 6:00 PM","0.987603149630526"
"Year 1 Oct 08 7:00 PM","0"
"Year 1 Oct 08 8:00 PM","0"
"Year 1 Oct 08 9:00 PM","0"
"Year 1 Oct 08 10:00 PM","0"
"Year 1 Oct 08 11:00 PM","0"
"Year 1 Oct 09 12:00 AM","0"
"Year 1 Oct 09 1:00 AM","0"
"Year 1 Oct 09 2:00 AM","0"
"Year 1 Oct 09 3:00 AM","0"
"Year 1 Oct 09 4:00 AM","0"
"Year 1 Oct 09 5:00 AM","0"
"Year 1 Oct 09 6:00 AM","0"
"Year 1 Oct 09 7:00 AM","12.7926503917831"
"Year 1 Oct 09 8:00 AM","27.949901387246"
"Year 1 Oct 09 9:00 AM","27.1639642413261"
"Year 1 Oct 09 10:00 AM","30.3913873049126"
"Year 1 Oct 09 11:00 AM","34.5592267373717"
"Year 1 Oct 09 12:00 PM","45.0511619516323"
"Year 1 Oct 09 1:00 PM","36.9678067011948"
"Year 1 Oct 09 2:00 PM","39.8699125471084"
"Year 1 Oct 09 3:00 PM","37.6909173798013"
"Year 1 Oct 09 4:00 PM","26.2226160156503"
"Year 1 Oct 09 5:00 PM","13.1905250637875"
"Year 1 Oct 09 6:00 PM","0.948613875317581"
"Year 1 Oct 09 7:00 PM","0"
"Year 1 Oct 09 8:00 PM","0"
"Year 1 Oct 09 9:00 PM","0"
"Year 1 Oct 09 10:00 PM","0"
"Year 1 Oct 09 11:00 PM","0"
"Year 1 Oct 10 12:00 AM","0"
"Year 1 Oct 10 1:00 AM","0"
"Year 1 Oct 10 2:00 AM","0"
"Year 1 Oct 10 3:00 AM","0"
"Year 1 Oct 10 4:00 AM","0"
"Year 1 Oct 10 5:00 AM","0"
"Year 1 Oct 10 6:00 AM","0"
"Year 1 Oct 10 7:00 AM","7.23180999705334"
"Year 1 Oct 10 8:00 AM","21.6813091785742"
"Year 1 Oct 10 9:00 AM","32.0509324502491"
"Year 1 Oct 10 10:00 AM","45.5127964168094"
"Year 1 Oct 10 11:00 AM","54.2172280776348"
"Year 1 Oct 10 12:00 PM","59.1208217790194"
"Year 1 Oct 10 1:00 PM","56.9954234340873"
"Year 1 Oct 10 2:00 PM","55.5658431428748"
"Year 1 Oct 10 3:00 PM","40.9936859983522"
"Year 1 Oct 10 4:00 PM","26.8066788529843"
"Year 1 Oct 10 5:00 PM","8.85595772255797"
"Year 1 Oct 10 6:00 PM","0.497068044017884"
"Year 1 Oct 10 7:00 PM","0"
"Year 1 Oct 10 8:00 PM","0"
"Year 1 Oct 10 9:00 PM","0"
"Year 1 Oct 10 10:00 PM","0"
"Year 1 Oct 10 11:00 PM","0"
"Year 1 Oct 11 12:00 AM","0"
"Year 1 Oct 11 1:00 AM","0"
"Year 1 Oct 11 2:00 AM","0"
"Year 1 Oct 11 3:00 AM","0"
"Year 1 Oct 11 4:00 AM","0"
"Year 1 Oct 11 5:00 AM","0"
"Year 1 Oct 11 6:00 AM","0"
"Year 1 Oct 11 7:00 AM","8.61263375949819"
"Year 1 Oct 11 8:00 AM","20.9107314763109"
"Year 1 Oct 11 9:00 AM","37.4357843389502"
"Year 1 Oct 11 10:00 AM","42.4039162205799"
"Year 1 Oct 11 11:00 AM","49.3612880530445"
"Year 1 Oct 11 12:00 PM","55.4274652605207"
"Year 1 Oct 11 1:00 PM","55.6749428636358"
"Year 1 Oct 11 2:00 PM","47.1529042177596"
"Year 1 Oct 11 3:00 PM","38.7645821560252"
"Year 1 Oct 11 4:00 PM","26.8701931571397"
"Year 1 Oct 11 5:00 PM","12.1477349097458"
"Year 1 Oct 11 6:00 PM","0.728095500368564"
"Year 1 Oct 11 7:00 PM","0"
"Year 1 Oct 11 8:00 PM","0"
"Year 1 Oct 11 9:00 PM","0"
"Year 1 Oct 11 10:00 PM","0"
"Year 1 Oct 11 11:00 PM","0"
"Year 1 Oct 12 12:00 AM","0"
"Year 1 Oct 12 1:00 AM","0"
"Year 1 Oct 12 2:00 AM","0"
"Year 1 Oct 12 3:00 AM","0"
"Year 1 Oct 12 4:00 AM","0"
"Year 1 Oct 12 5:00 AM","0"
"Year 1 Oct 12 6:00 AM","0"
"Year 1 Oct 12 7:00 AM","10.3805189961735"
"Year 1 Oct 12 8:00 AM","28.4253512695232"
"Year 1 Oct 12 9:00 AM","43.6945024870527"
"Year 1 Oct 12 10:00 AM","52.5141996010778"
"Year 1 Oct 12 11:00 AM","58.3701630223925"
"Year 1 Oct 12 12:00 PM","58.5482918342498"
"Year 1 Oct 12 1:00 PM","56.3737854059081"
"Year 1 Oct 12 2:00 PM","29.8462832012923"
"Year 1 Oct 12 3:00 PM","27.6377655617652"
"Year 1 Oct 12 4:00 PM","13.6764061024326"
"Year 1 Oct 12 5:00 PM","4.80360248912363"
"Year 1 Oct 12 6:00 PM","0.340721846018846"
"Year 1 Oct 12 7:00 PM","0"
"Year 1 Oct 12 8:00 PM","0"
"Year 1 Oct 12 9:00 PM","0"
"Year 1 Oct 12 10:00 PM","0"
"Year 1 Oct 12 11:00 PM","0"
"Year 1 Oct 13 12:00 AM","0"
"Year 1 Oct 13 1:00 AM","0"
"Year 1 Oct 13 2:00 AM","0"
"Year 1 Oct 13 3:00 AM","0"
"Year 1 Oct 13 4:00 AM","0"
"Year 1 Oct 13 5:00 AM","0"
"Year 1 Oct 13 6:00 AM","0"
"Year 1 Oct 13 7:00 AM","8.38850357477676"
"Year 1 Oct 13 8:00 AM","16.4973672515356"
"Year 1 Oct 13 9:00 AM","22.0029664902726"
"Year 1 Oct 13 10:00 AM","29.030349823741"
"Year 1 Oct 13 11:00 AM","37.8470530528284"
"Year 1 Oct 13 12:00 PM","42.161589032786"
"Year 1 Oct 13 1:00 PM","41.8881983286414"
"Year 1 Oct 13 2:00 PM","44.385944413265"
"Year 1 Oct 13 3:00 PM","33.7120330481305"
"Year 1 Oct 13 4:00 PM","21.6720323871543"
"Year 1 Oct 13 5:00 PM","10.6843418246959"
"Year 1 Oct 13 6:00 PM","0.646606118063107"
"Year 1 Oct 13 7:00 PM","0"
"Year 1 Oct 13 8:00 PM","0"
"Year 1 Oct 13 9:00 PM","0"
"Year 1 Oct 13 10:00 PM","0"
"Year 1 Oct 13 11:00 PM","0"
"Year 1 Oct 14 12:00 AM","0"
"Year 1 Oct 14 1:00 AM","0"
"Year 1 Oct 14 2:00 AM","0"
"Year 1 Oct 14 3:00 AM","0"
"Year 1 Oct 14 4:00 AM","0"
"Year 1 Oct 14 5:00 AM","0"
"Year 1 Oct 14 6:00 AM","0"
"Year 1 Oct 14 7:00 AM","9.02629554702125"
"Year 1 Oct 14 8:00 AM","19.4386784870283"
"Year 1 Oct 14 9:00 AM","30.4550758593716"
"Year 1 Oct 14 10:00 AM","46.5351360864817"
"Year 1 Oct 14 11:00 AM","49.6592192675841"
"Year 1 Oct 14 12:00 PM","53.6302413785054"
"Year 1 Oct 14 1:00 PM","57.9224514883912"
"Year 1 Oct 14 2:00 PM","45.8025035022944"
"Year 1 Oct 14 3:00 PM","37.9992425368431"
"Year 1 Oct 14 4:00 PM","25.8491198406819"
"Year 1 Oct 14 5:00 PM","11.548442938562"
"Year 1 Oct 14 6:00 PM","0"
"Year 1 Oct 14 7:00 PM","0"
"Year 1 Oct 14 8:00 PM","0"
"Year 1 Oct 14 9:00 PM","0"
"Year 1 Oct 14 10:00 PM","0"
"Year 1 Oct 14 11:00 PM","0"
"Year 1 Oct 15 12:00 AM","0"
"Year 1 Oct 15 1:00 AM","0"
"Year 1 Oct 15 2:00 AM","0"
"Year 1 Oct 15 3:00 AM","0"
"Year 1 Oct 15 4:00 AM","0"
"Year 1 Oct 15 5:00 AM","0"
"Year 1 Oct 15 6:00 AM","0"
"Year 1 Oct 15 7:00 AM","5.93190553781889"
"Year 1 Oct 15 8:00 AM","17.735716173167"
"Year 1 Oct 15 9:00 AM","23.3389694600189"
"Year 1 Oct 15 10:00 AM","31.2046004762704"
"Year 1 Oct 15 11:00 AM","39.3965015993996"
"Year 1 Oct 15 12:00 PM","54.1142287167136"
"Year 1 Oct 15 1:00 PM","39.837938734682"
"Year 1 Oct 15 2:00 PM","47.4229433548869"
"Year 1 Oct 15 3:00 PM","41.4042289255384"
"Year 1 Oct 15 4:00 PM","25.4573258141252"
"Year 1 Oct 15 5:00 PM","8.70852461395348"
"Year 1 Oct 15 6:00 PM","0"
"Year 1 Oct 15 7:00 PM","0"
"Year 1 Oct 15 8:00 PM","0"
"Year 1 Oct 15 9:00 PM","0"
"Year 1 Oct 15 10:00 PM","0"
"Year 1 Oct 15 11:00 PM","0"
"Year 1 Oct 16 12:00 AM","0"
"Year 1 Oct 16 1:00 AM","0"
"Year 1 Oct 16 2:00 AM","0"
"Year 1 Oct 16 3:00 AM","0"
"Year 1 Oct 16 4:00 AM","0"
"Year 1 Oct 16 5:00 AM","0"
"Year 1 Oct 16 6:00 AM","0"
"Year 1 Oct 16 7:00 AM","5.31416697861992"
"Year 1 Oct 16 8:00 AM","15.0879356633367"
"Year 1 Oct 16 9:00 AM","24.2487871375923"
"Year 1 Oct 16 10:00 AM","51.5315594194719"
"Year 1 Oct 16 11:00 AM","44.6084897375947"
"Year 1 Oct 16 12:00 PM","56.3403881126106"
"Year 1 Oct 16 1:00 PM","54.5895973098426"
"Year 1 Oct 16 2:00 PM","41.5957794629979"
"Year 1 Oct 16 3:00 PM","35.6320589861919"
"Year 1 Oct 16 4:00 PM","27.8217425793408"
"Year 1 Oct 16 5:00 PM","10.3520644160819"
"Year 1 Oct 16 6:00 PM","0"
"Year 1 Oct 16 7:00 PM","0"
"Year 1 Oct 16 8:00 PM","0"
"Year 1 Oct 16 9:00 PM","0"
"Year 1 Oct 16 10:00 PM","0"
"Year 1 Oct 16 11:00 PM","0"
"Year 1 Oct 17 12:00 AM","0"
"Year 1 Oct 17 1:00 AM","0"
"Year 1 Oct 17 2:00 AM","0"
"Year 1 Oct 17 3:00 AM","0"
"Year 1 Oct 17 4:00 AM","0"
"Year 1 Oct 17 5:00 AM","0"
"Year 1 Oct 17 6:00 AM","0"
"Year 1 Oct 17 7:00 AM","8.86150057469061"
"Year 1 Oct 17 8:00 AM","20.1726041246249"
"Year 1 Oct 17 9:00 AM","29.8084551713674"
"Year 1 Oct 17 10:00 AM","37.8915114981026"
"Year 1 Oct 17 11:00 AM","46.5776740381155"
"Year 1 Oct 17 12:00 PM","48.9288186259636"
"Year 1 Oct 17 1:00 PM","48.627396223919"
"Year 1 Oct 17 2:00 PM","42.2860299252383"
"Year 1 Oct 17 3:00 PM","21.1747582804763"
"Year 1 Oct 17 4:00 PM","15.1027873626509"
"Year 1 Oct 17 5:00 PM","8.18564105480988"
"Year 1 Oct 17 6:00 PM","0"
"Year 1 Oct 17 7:00 PM","0"
"Year 1 Oct 17 8:00 PM","0"
"Year 1 Oct 17 9:00 PM","0"
"Year 1 Oct 17 10:00 PM","0"
"Year 1 Oct 17 11:00 PM","0"
"Year 1 Oct 18 12:00 AM","0"
"Year 1 Oct 18 1:00 AM","0"
"Year 1 Oct 18 2:00 AM","0"
"Year 1 Oct 18 3:00 AM","0"
"Year 1 Oct 18 4:00 AM","0"
"Year 1 Oct 18 5:00 AM","0"
"Year 1 Oct 18 6:00 AM","0"
"Year 1 Oct 18 7:00 AM","7.5725544688506"
"Year 1 Oct 18 8:00 AM","23.8237425926371"
"Year 1 Oct 18 9:00 AM","33.6201308953242"
"Year 1 Oct 18 10:00 AM","39.6373538295599"
"Year 1 Oct 18 11:00 AM","50.3430427656741"
"Year 1 Oct 18 12:00 PM","47.5996792596702"
"Year 1 Oct 18 1:00 PM","49.6582237268491"
"Year 1 Oct 18 2:00 PM","42.2113037556174"
"Year 1 Oct 18 3:00 PM","39.4608655202826"
"Year 1 Oct 18 4:00 PM","16.4654062341367"
"Year 1 Oct 18 5:00 PM","8.02187064433826"
"Year 1 Oct 18 6:00 PM","0"
"Year 1 Oct 18 7:00 PM","0"
"Year 1 Oct 18 8:00 PM","0"
"Year 1 Oct 18 9:00 PM","0"
"Year 1 Oct 18 10:00 PM","0"
"Year 1 Oct 18 11:00 PM","0"
"Year 1 Oct 19 12:00 AM","0"
"Year 1 Oct 19 1:00 AM","0"
"Year 1 Oct 19 2:00 AM","0"
"Year 1 Oct 19 3:00 AM","0"
"Year 1 Oct 19 4:00 AM","0"
"Year 1 Oct 19 5:00 AM","0"
"Year 1 Oct 19 6:00 AM","0"
"Year 1 Oct 19 7:00 AM","6.90075438639763"
"Year 1 Oct 19 8:00 AM","21.7009127056941"
"Year 1 Oct 19 9:00 AM","34.4094418820041"
"Year 1 Oct 19 10:00 AM","40.8969812406615"
"Year 1 Oct 19 11:00 AM","46.2279449485495"
"Year 1 Oct 19 12:00 PM","48.0980359270536"
"Year 1 Oct 19 1:00 PM","45.0296116651803"
"Year 1 Oct 19 2:00 PM","41.8339241077138"
"Year 1 Oct 19 3:00 PM","38.5133036504466"
"Year 1 Oct 19 4:00 PM","22.9226986353266"
"Year 1 Oct 19 5:00 PM","7.74253761427188"
"Year 1 Oct 19 6:00 PM","0"
"Year 1 Oct 19 7:00 PM","0"
"Year 1 Oct 19 8:00 PM","0"
"Year 1 Oct 19 9:00 PM","0"
"Year 1 Oct 19 10:00 PM","0"
"Year 1 Oct 19 11:00 PM","0"
"Year 1 Oct 20 12:00 AM","0"
"Year 1 Oct 20 1:00 AM","0"
"Year 1 Oct 20 2:00 AM","0"
"Year 1 Oct 20 3:00 AM","0"
"Year 1 Oct 20 4:00 AM","0"
"Year 1 Oct 20 5:00 AM","0"
"Year 1 Oct 20 6:00 AM","0"
"Year 1 Oct 20 7:00 AM","7.02331184556596"
"Year 1 Oct 20 8:00 AM","17.8845797714683"
"Year 1 Oct 20 9:00 AM","23.547100907389"
"Year 1 Oct 20 10:00 AM","27.2183342855875"
"Year 1 Oct 20 11:00 AM","30.7869454352932"
"Year 1 Oct 20 12:00 PM","31.0985100744312"
"Year 1 Oct 20 1:00 PM","30.7333500671687"
"Year 1 Oct 20 2:00 PM","27.263784091376"
"Year 1 Oct 20 3:00 PM","23.5814531287726"
"Year 1 Oct 20 4:00 PM","17.9101258740316"
"Year 1 Oct 20 5:00 PM","7.30109641929193"
"Year 1 Oct 20 6:00 PM","0"
"Year 1 Oct 20 7:00 PM","0"
"Year 1 Oct 20 8:00 PM","0"
"Year 1 Oct 20 9:00 PM","0"
"Year 1 Oct 20 10:00 PM","0"
"Year 1 Oct 20 11:00 PM","0"
"Year 1 Oct 21 12:00 AM","0"
"Year 1 Oct 21 1:00 AM","0"
"Year 1 Oct 21 2:00 AM","0"
"Year 1 Oct 21 3:00 AM","0"
"Year 1 Oct 21 4:00 AM","0"
"Year 1 Oct 21 5:00 AM","0"
"Year 1 Oct 21 6:00 AM","0"
"Year 1 Oct 21 7:00 AM","7.42107114614088"
"Year 1 Oct 21 8:00 AM","20.5216168297973"
"Year 1 Oct 21 9:00 AM","28.2980581266741"
"Year 1 Oct 21 10:00 AM","38.4812154811005"
"Year 1 Oct 21 11:00 AM","43.0716547550097"
"Year 1 Oct 21 12:00 PM","46.0453383649071"
"Year 1 Oct 21 1:00 PM","46.751998874493"
"Year 1 Oct 21 2:00 PM","43.5939623695854"
"Year 1 Oct 21 3:00 PM","34.0788365035724"
"Year 1 Oct 21 4:00 PM","23.2974111405925"
"Year 1 Oct 21 5:00 PM","6.90976909941156"
"Year 1 Oct 21 6:00 PM","0"
"Year 1 Oct 21 7:00 PM","0"
"Year 1 Oct 21 8:00 PM","0"
"Year 1 Oct 21 9:00 PM","0"
"Year 1 Oct 21 10:00 PM","0"
"Year 1 Oct 21 11:00 PM","0"
"Year 1 Oct 22 12:00 AM","0"
"Year 1 Oct 22 1:00 AM","0"
"Year 1 Oct 22 2:00 AM","0"
"Year 1 Oct 22 3:00 AM","0"
"Year 1 Oct 22 4:00 AM","0"
"Year 1 Oct 22 5:00 AM","0"
"Year 1 Oct 22 6:00 AM","0"
"Year 1 Oct 22 7:00 AM","5.17727034092554"
"Year 1 Oct 22 8:00 AM","15.7534210114341"
"Year 1 Oct 22 9:00 AM","25.0460975932609"
"Year 1 Oct 22 10:00 AM","37.802059186869"
"Year 1 Oct 22 11:00 AM","55.3955253581762"
"Year 1 Oct 22 12:00 PM","49.3463126520334"
"Year 1 Oct 22 1:00 PM","50.0972697534877"
"Year 1 Oct 22 2:00 PM","37.6881614965553"
"Year 1 Oct 22 3:00 PM","27.8101758764073"
"Year 1 Oct 22 4:00 PM","16.3928277091877"
"Year 1 Oct 22 5:00 PM","5.07089182981968"
"Year 1 Oct 22 6:00 PM","0"
"Year 1 Oct 22 7:00 PM","0"
"Year 1 Oct 22 8:00 PM","0"
"Year 1 Oct 22 9:00 PM","0"
"Year 1 Oct 22 10:00 PM","0"
"Year 1 Oct 22 11:00 PM","0"
"Year 1 Oct 23 12:00 AM","0"
"Year 1 Oct 23 1:00 AM","0"
"Year 1 Oct 23 2:00 AM","0"
"Year 1 Oct 23 3:00 AM","0"
"Year 1 Oct 23 4:00 AM","0"
"Year 1 Oct 23 5:00 AM","0"
"Year 1 Oct 23 6:00 AM","0"
"Year 1 Oct 23 7:00 AM","6.23581347070696"
"Year 1 Oct 23 8:00 AM","19.7337295027481"
"Year 1 Oct 23 9:00 AM","30.2145811700613"
"Year 1 Oct 23 10:00 AM","44.2814733491259"
"Year 1 Oct 23 11:00 AM","49.0508630200885"
"Year 1 Oct 23 12:00 PM","46.970915280381"
"Year 1 Oct 23 1:00 PM","53.3590968208376"
"Year 1 Oct 23 2:00 PM","42.0285048815352"
"Year 1 Oct 23 3:00 PM","33.873837053013"
"Year 1 Oct 23 4:00 PM","21.4441975300462"
"Year 1 Oct 23 5:00 PM","6.70503781314248"
"Year 1 Oct 23 6:00 PM","0"
"Year 1 Oct 23 7:00 PM","0"
"Year 1 Oct 23 8:00 PM","0"
"Year 1 Oct 23 9:00 PM","0"
"Year 1 Oct 23 10:00 PM","0"
"Year 1 Oct 23 11:00 PM","0"
"Year 1 Oct 24 12:00 AM","0"
"Year 1 Oct 24 1:00 AM","0"
"Year 1 Oct 24 2:00 AM","0"
"Year 1 Oct 24 3:00 AM","0"
"Year 1 Oct 24 4:00 AM","0"
"Year 1 Oct 24 5:00 AM","0"
"Year 1 Oct 24 6:00 AM","0"
"Year 1 Oct 24 7:00 AM","6.27735795174509"
"Year 1 Oct 24 8:00 AM","14.7625165638076"
"Year 1 Oct 24 9:00 AM","21.4520049355866"
"Year 1 Oct 24 10:00 AM","25.7618209241002"
"Year 1 Oct 24 11:00 AM","28.3924702623174"
"Year 1 Oct 24 12:00 PM","30.0682414177864"
"Year 1 Oct 24 1:00 PM","27.8014968311527"
"Year 1 Oct 24 2:00 PM","22.9344848469164"
"Year 1 Oct 24 3:00 PM","19.3049906422773"
"Year 1 Oct 24 4:00 PM","14.4923799756584"
"Year 1 Oct 24 5:00 PM","6.38295209822373"
"Year 1 Oct 24 6:00 PM","0"
"Year 1 Oct 24 7:00 PM","0"
"Year 1 Oct 24 8:00 PM","0"
"Year 1 Oct 24 9:00 PM","0"
"Year 1 Oct 24 10:00 PM","0"
"Year 1 Oct 24 11:00 PM","0"
"Year 1 Oct 25 12:00 AM","0"
"Year 1 Oct 25 1:00 AM","0"
"Year 1 Oct 25 2:00 AM","0"
"Year 1 Oct 25 3:00 AM","0"
"Year 1 Oct 25 4:00 AM","0"
"Year 1 Oct 25 5:00 AM","0"
"Year 1 Oct 25 6:00 AM","0"
"Year 1 Oct 25 7:00 AM","3.13607428663542"
"Year 1 Oct 25 8:00 AM","10.6613792602832"
"Year 1 Oct 25 9:00 AM","19.5942508650847"
"Year 1 Oct 25 10:00 AM","24.7357375735328"
"Year 1 Oct 25 11:00 AM","31.3966992113253"
"Year 1 Oct 25 12:00 PM","39.0794768227988"
"Year 1 Oct 25 1:00 PM","48.1144624168531"
"Year 1 Oct 25 2:00 PM","48.7887815039166"
"Year 1 Oct 25 3:00 PM","32.580981125067"
"Year 1 Oct 25 4:00 PM","18.5764337579684"
"Year 1 Oct 25 5:00 PM","5.44226993049876"
"Year 1 Oct 25 6:00 PM","0"
"Year 1 Oct 25 7:00 PM","0"
"Year 1 Oct 25 8:00 PM","0"
"Year 1 Oct 25 9:00 PM","0"
"Year 1 Oct 25 10:00 PM","0"
"Year 1 Oct 25 11:00 PM","0"
"Year 1 Oct 26 12:00 AM","0"
"Year 1 Oct 26 1:00 AM","0"
"Year 1 Oct 26 2:00 AM","0"
"Year 1 Oct 26 3:00 AM","0"
"Year 1 Oct 26 4:00 AM","0"
"Year 1 Oct 26 5:00 AM","0"
"Year 1 Oct 26 6:00 AM","0"
"Year 1 Oct 26 7:00 AM","4.09825632169678"
"Year 1 Oct 26 8:00 AM","16.6212193397127"
"Year 1 Oct 26 9:00 AM","29.0604476876661"
"Year 1 Oct 26 10:00 AM","34.719871523999"
"Year 1 Oct 26 11:00 AM","32.6276541925469"
"Year 1 Oct 26 12:00 PM","34.8887494956012"
"Year 1 Oct 26 1:00 PM","38.9450099571019"
"Year 1 Oct 26 2:00 PM","37.8388427759117"
"Year 1 Oct 26 3:00 PM","31.6454632416199"
"Year 1 Oct 26 4:00 PM","20.4998532176515"
"Year 1 Oct 26 5:00 PM","6.77651279877453"
"Year 1 Oct 26 6:00 PM","0"
"Year 1 Oct 26 7:00 PM","0"
"Year 1 Oct 26 8:00 PM","0"
"Year 1 Oct 26 9:00 PM","0"
"Year 1 Oct 26 10:00 PM","0"
"Year 1 Oct 26 11:00 PM","0"
"Year 1 Oct 27 12:00 AM","0"
"Year 1 Oct 27 1:00 AM","0"
"Year 1 Oct 27 2:00 AM","0"
"Year 1 Oct 27 3:00 AM","0"
"Year 1 Oct 27 4:00 AM","0"
"Year 1 Oct 27 5:00 AM","0"
"Year 1 Oct 27 6:00 AM","0"
"Year 1 Oct 27 7:00 AM","4.60689196545653"
"Year 1 Oct 27 8:00 AM","12.4269113884514"
"Year 1 Oct 27 9:00 AM","17.8992400655529"
"Year 1 Oct 27 10:00 AM","20.5029977569815"
"Year 1 Oct 27 11:00 AM","21.8577118615246"
"Year 1 Oct 27 12:00 PM","22.6680555967322"
"Year 1 Oct 27 1:00 PM","22.2271656682698"
"Year 1 Oct 27 2:00 PM","20.4390135529397"
"Year 1 Oct 27 3:00 PM","17.8413969086417"
"Year 1 Oct 27 4:00 PM","12.7700672577388"
"Year 1 Oct 27 5:00 PM","4.71267108439937"
"Year 1 Oct 27 6:00 PM","0"
"Year 1 Oct 27 7:00 PM","0"
"Year 1 Oct 27 8:00 PM","0"
"Year 1 Oct 27 9:00 PM","0"
"Year 1 Oct 27 10:00 PM","0"
"Year 1 Oct 27 11:00 PM","0"
"Year 1 Oct 28 12:00 AM","0"
"Year 1 Oct 28 1:00 AM","0"
"Year 1 Oct 28 2:00 AM","0"
"Year 1 Oct 28 3:00 AM","0"
"Year 1 Oct 28 4:00 AM","0"
"Year 1 Oct 28 5:00 AM","0"
"Year 1 Oct 28 6:00 AM","0"
"Year 1 Oct 28 7:00 AM","5.28784760768963"
"Year 1 Oct 28 8:00 AM","15.785805902267"
"Year 1 Oct 28 9:00 AM","20.4553313083968"
"Year 1 Oct 28 10:00 AM","24.842960733121"
"Year 1 Oct 28 11:00 AM","23.803529714394"
"Year 1 Oct 28 12:00 PM","35.7204407845055"
"Year 1 Oct 28 1:00 PM","31.8359708845746"
"Year 1 Oct 28 2:00 PM","27.3536585952419"
"Year 1 Oct 28 3:00 PM","19.8427472423288"
"Year 1 Oct 28 4:00 PM","13.5467367570366"
"Year 1 Oct 28 5:00 PM","4.40282365658501"
"Year 1 Oct 28 6:00 PM","0"
"Year 1 Oct 28 7:00 PM","0"
"Year 1 Oct 28 8:00 PM","0"
"Year 1 Oct 28 9:00 PM","0"
"Year 1 Oct 28 10:00 PM","0"
"Year 1 Oct 28 11:00 PM","0"
"Year 1 Oct 29 12:00 AM","0"
"Year 1 Oct 29 1:00 AM","0"
"Year 1 Oct 29 2:00 AM","0"
"Year 1 Oct 29 3:00 AM","0"
"Year 1 Oct 29 4:00 AM","0"
"Year 1 Oct 29 5:00 AM","0"
"Year 1 Oct 29 6:00 AM","0"
"Year 1 Oct 29 7:00 AM","4.36281924312664"
"Year 1 Oct 29 8:00 AM","15.569539368244"
"Year 1 Oct 29 9:00 AM","22.8622362333437"
"Year 1 Oct 29 10:00 AM","38.9332791891179"
"Year 1 Oct 29 11:00 AM","42.8237672551461"
"Year 1 Oct 29 12:00 PM","42.925851919364"
"Year 1 Oct 29 1:00 PM","36.5866349845522"
"Year 1 Oct 29 2:00 PM","28.3596543091939"
"Year 1 Oct 29 3:00 PM","23.0677463899108"
"Year 1 Oct 29 4:00 PM","16.3224842203923"
"Year 1 Oct 29 5:00 PM","4.96889781678651"
"Year 1 Oct 29 6:00 PM","0"
"Year 1 Oct 29 7:00 PM","0"
"Year 1 Oct 29 8:00 PM","0"
"Year 1 Oct 29 9:00 PM","0"
"Year 1 Oct 29 10:00 PM","0"
"Year 1 Oct 29 11:00 PM","0"
"Year 1 Oct 30 12:00 AM","0"
"Year 1 Oct 30 1:00 AM","0"
"Year 1 Oct 30 2:00 AM","0"
"Year 1 Oct 30 3:00 AM","0"
"Year 1 Oct 30 4:00 AM","0"
"Year 1 Oct 30 5:00 AM","0"
"Year 1 Oct 30 6:00 AM","0"
"Year 1 Oct 30 7:00 AM","4.68623628081179"
"Year 1 Oct 30 8:00 AM","14.4661796796245"
"Year 1 Oct 30 9:00 AM","20.7771488766665"
"Year 1 Oct 30 10:00 AM","24.6843622734215"
"Year 1 Oct 30 11:00 AM","26.2268794171038"
"Year 1 Oct 30 12:00 PM","26.5129805331015"
"Year 1 Oct 30 1:00 PM","26.0173700773995"
"Year 1 Oct 30 2:00 PM","24.6203602444601"
"Year 1 Oct 30 3:00 PM","20.3957755151829"
"Year 1 Oct 30 4:00 PM","14.2399625052524"
"Year 1 Oct 30 5:00 PM","4.77780881601493"
"Year 1 Oct 30 6:00 PM","0"
"Year 1 Oct 30 7:00 PM","0"
"Year 1 Oct 30 8:00 PM","0"
"Year 1 Oct 30 9:00 PM","0"
"Year 1 Oct 30 10:00 PM","0"
"Year 1 Oct 30 11:00 PM","0"
"Year 1 Oct 31 12:00 AM","0"
"Year 1 Oct 31 1:00 AM","0"
"Year 1 Oct 31 2:00 AM","0"
"Year 1 Oct 31 3:00 AM","0"
"Year 1 Oct 31 4:00 AM","0"
"Year 1 Oct 31 5:00 AM","0"
"Year 1 Oct 31 6:00 AM","0"
"Year 1 Oct 31 7:00 AM","4.78640492485837"
"Year 1 Oct 31 8:00 AM","16.1607444293505"
"Year 1 Oct 31 9:00 AM","25.7218090458133"
"Year 1 Oct 31 10:00 AM","35.4475249822392"
"Year 1 Oct 31 11:00 AM","39.4085330690078"
"Year 1 Oct 31 12:00 PM","50.4976158321163"
"Year 1 Oct 31 1:00 PM","41.7606477288634"
"Year 1 Oct 31 2:00 PM","33.8474337267867"
"Year 1 Oct 31 3:00 PM","30.0710399861203"
"Year 1 Oct 31 4:00 PM","19.3704568874852"
"Year 1 Oct 31 5:00 PM","4.25858125599526"
"Year 1 Oct 31 6:00 PM","0"
"Year 1 Oct 31 7:00 PM","0"
"Year 1 Oct 31 8:00 PM","0"
"Year 1 Oct 31 9:00 PM","0"
"Year 1 Oct 31 10:00 PM","0"
"Year 1 Oct 31 11:00 PM","0"
"Year 1 Nov 01 12:00 AM","0"
"Year 1 Nov 01 1:00 AM","0"
"Year 1 Nov 01 2:00 AM","0"
"Year 1 Nov 01 3:00 AM","0"
"Year 1 Nov 01 4:00 AM","0"
"Year 1 Nov 01 5:00 AM","0"
"Year 1 Nov 01 6:00 AM","0"
"Year 1 Nov 01 7:00 AM","2.86184600360043"
"Year 1 Nov 01 8:00 AM","11.6030243990702"
"Year 1 Nov 01 9:00 AM","22.3378945651073"
"Year 1 Nov 01 10:00 AM","29.4155874420886"
"Year 1 Nov 01 11:00 AM","34.1517908603219"
"Year 1 Nov 01 12:00 PM","35.9603934323124"
"Year 1 Nov 01 1:00 PM","34.3970054101544"
"Year 1 Nov 01 2:00 PM","30.9717977570918"
"Year 1 Nov 01 3:00 PM","22.6073930913176"
"Year 1 Nov 01 4:00 PM","11.9367840324632"
"Year 1 Nov 01 5:00 PM","2.75513208512975"
"Year 1 Nov 01 6:00 PM","0"
"Year 1 Nov 01 7:00 PM","0"
"Year 1 Nov 01 8:00 PM","0"
"Year 1 Nov 01 9:00 PM","0"
"Year 1 Nov 01 10:00 PM","0"
"Year 1 Nov 01 11:00 PM","0"
"Year 1 Nov 02 12:00 AM","0"
"Year 1 Nov 02 1:00 AM","0"
"Year 1 Nov 02 2:00 AM","0"
"Year 1 Nov 02 3:00 AM","0"
"Year 1 Nov 02 4:00 AM","0"
"Year 1 Nov 02 5:00 AM","0"
"Year 1 Nov 02 6:00 AM","0"
"Year 1 Nov 02 7:00 AM","4.65476167979111"
"Year 1 Nov 02 8:00 AM","18.2264617867222"
"Year 1 Nov 02 9:00 AM","23.6027885984613"
"Year 1 Nov 02 10:00 AM","32.8383346857355"
"Year 1 Nov 02 11:00 AM","37.310066922592"
"Year 1 Nov 02 12:00 PM","36.5820589978008"
"Year 1 Nov 02 1:00 PM","36.4427168233962"
"Year 1 Nov 02 2:00 PM","38.7787810408123"
"Year 1 Nov 02 3:00 PM","24.6806178543234"
"Year 1 Nov 02 4:00 PM","18.9465249429968"
"Year 1 Nov 02 5:00 PM","4.48743907885785"
"Year 1 Nov 02 6:00 PM","0"
"Year 1 Nov 02 7:00 PM","0"
"Year 1 Nov 02 8:00 PM","0"
"Year 1 Nov 02 9:00 PM","0"
"Year 1 Nov 02 10:00 PM","0"
"Year 1 Nov 02 11:00 PM","0"
"Year 1 Nov 03 12:00 AM","0"
"Year 1 Nov 03 1:00 AM","0"
"Year 1 Nov 03 2:00 AM","0"
"Year 1 Nov 03 3:00 AM","0"
"Year 1 Nov 03 4:00 AM","0"
"Year 1 Nov 03 5:00 AM","0"
"Year 1 Nov 03 6:00 AM","0"
"Year 1 Nov 03 7:00 AM","2.13364116223593"
"Year 1 Nov 03 8:00 AM","12.9230721436437"
"Year 1 Nov 03 9:00 AM","26.3874151341523"
"Year 1 Nov 03 10:00 AM","36.2859217373939"
"Year 1 Nov 03 11:00 AM","46.8163580728499"
"Year 1 Nov 03 12:00 PM","51.3638518318561"
"Year 1 Nov 03 1:00 PM","41.4867338607826"
"Year 1 Nov 03 2:00 PM","42.4342439490152"
"Year 1 Nov 03 3:00 PM","28.1778109769862"
"Year 1 Nov 03 4:00 PM","13.6951815886879"
"Year 1 Nov 03 5:00 PM","3.08929342504594"
"Year 1 Nov 03 6:00 PM","0"
"Year 1 Nov 03 7:00 PM","0"
"Year 1 Nov 03 8:00 PM","0"
"Year 1 Nov 03 9:00 PM","0"
"Year 1 Nov 03 10:00 PM","0"
"Year 1 Nov 03 11:00 PM","0"
"Year 1 Nov 04 12:00 AM","0"
"Year 1 Nov 04 1:00 AM","0"
"Year 1 Nov 04 2:00 AM","0"
"Year 1 Nov 04 3:00 AM","0"
"Year 1 Nov 04 4:00 AM","0"
"Year 1 Nov 04 5:00 AM","0"
"Year 1 Nov 04 6:00 AM","0"
"Year 1 Nov 04 7:00 AM","3.33768805363846"
"Year 1 Nov 04 8:00 AM","14.5947754196131"
"Year 1 Nov 04 9:00 AM","24.4632906835272"
"Year 1 Nov 04 10:00 AM","31.9237869354478"
"Year 1 Nov 04 11:00 AM","36.9571417931333"
"Year 1 Nov 04 12:00 PM","29.5167004668773"
"Year 1 Nov 04 1:00 PM","27.0188612638934"
"Year 1 Nov 04 2:00 PM","24.6769710584867"
"Year 1 Nov 04 3:00 PM","19.6451975254245"
"Year 1 Nov 04 4:00 PM","13.6647750998172"
"Year 1 Nov 04 5:00 PM","3.34226035523685"
"Year 1 Nov 04 6:00 PM","0"
"Year 1 Nov 04 7:00 PM","0"
"Year 1 Nov 04 8:00 PM","0"
"Year 1 Nov 04 9:00 PM","0"
"Year 1 Nov 04 10:00 PM","0"
"Year 1 Nov 04 11:00 PM","0"
"Year 1 Nov 05 12:00 AM","0"
"Year 1 Nov 05 1:00 AM","0"
"Year 1 Nov 05 2:00 AM","0"
"Year 1 Nov 05 3:00 AM","0"
"Year 1 Nov 05 4:00 AM","0"
"Year 1 Nov 05 5:00 AM","0"
"Year 1 Nov 05 6:00 AM","0"
"Year 1 Nov 05 7:00 AM","1.82423480846489"
"Year 1 Nov 05 8:00 AM","10.1585216169405"
"Year 1 Nov 05 9:00 AM","24.3171946051417"
"Year 1 Nov 05 10:00 AM","37.641962197089"
"Year 1 Nov 05 11:00 AM","48.2459974086836"
"Year 1 Nov 05 12:00 PM","53.0038392001238"
"Year 1 Nov 05 1:00 PM","41.5113134043302"
"Year 1 Nov 05 2:00 PM","31.0133599444384"
"Year 1 Nov 05 3:00 PM","26.08337298783"
"Year 1 Nov 05 4:00 PM","16.7808873117188"
"Year 1 Nov 05 5:00 PM","2.83913265717028"
"Year 1 Nov 05 6:00 PM","0"
"Year 1 Nov 05 7:00 PM","0"
"Year 1 Nov 05 8:00 PM","0"
"Year 1 Nov 05 9:00 PM","0"
"Year 1 Nov 05 10:00 PM","0"
"Year 1 Nov 05 11:00 PM","0"
"Year 1 Nov 06 12:00 AM","0"
"Year 1 Nov 06 1:00 AM","0"
"Year 1 Nov 06 2:00 AM","0"
"Year 1 Nov 06 3:00 AM","0"
"Year 1 Nov 06 4:00 AM","0"
"Year 1 Nov 06 5:00 AM","0"
"Year 1 Nov 06 6:00 AM","0"
"Year 1 Nov 06 7:00 AM","2.00022886884728"
"Year 1 Nov 06 8:00 AM","10.7915975048916"
"Year 1 Nov 06 9:00 AM","24.0229072323537"
"Year 1 Nov 06 10:00 AM","32.7036231347586"
"Year 1 Nov 06 11:00 AM","40.7634196592237"
"Year 1 Nov 06 12:00 PM","52.378033421383"
"Year 1 Nov 06 1:00 PM","44.78739017397"
"Year 1 Nov 06 2:00 PM","36.9947867432886"
"Year 1 Nov 06 3:00 PM","29.0090554691886"
"Year 1 Nov 06 4:00 PM","10.4075166694489"
"Year 1 Nov 06 5:00 PM","1.88010121094804"
"Year 1 Nov 06 6:00 PM","0"
"Year 1 Nov 06 7:00 PM","0"
"Year 1 Nov 06 8:00 PM","0"
"Year 1 Nov 06 9:00 PM","0"
"Year 1 Nov 06 10:00 PM","0"
"Year 1 Nov 06 11:00 PM","0"
"Year 1 Nov 07 12:00 AM","0"
"Year 1 Nov 07 1:00 AM","0"
"Year 1 Nov 07 2:00 AM","0"
"Year 1 Nov 07 3:00 AM","0"
"Year 1 Nov 07 4:00 AM","0"
"Year 1 Nov 07 5:00 AM","0"
"Year 1 Nov 07 6:00 AM","0"
"Year 1 Nov 07 7:00 AM","2.22092296392074"
"Year 1 Nov 07 8:00 AM","10.1885077624121"
"Year 1 Nov 07 9:00 AM","21.3679997828958"
"Year 1 Nov 07 10:00 AM","29.5463289052007"
"Year 1 Nov 07 11:00 AM","36.8313647425418"
"Year 1 Nov 07 12:00 PM","52.4703794185163"
"Year 1 Nov 07 1:00 PM","53.130649508088"
"Year 1 Nov 07 2:00 PM","43.9322287253457"
"Year 1 Nov 07 3:00 PM","29.8067979082865"
"Year 1 Nov 07 4:00 PM","15.2651941738983"
"Year 1 Nov 07 5:00 PM","2.87907689821604"
"Year 1 Nov 07 6:00 PM","0"
"Year 1 Nov 07 7:00 PM","0"
"Year 1 Nov 07 8:00 PM","0"
"Year 1 Nov 07 9:00 PM","0"
"Year 1 Nov 07 10:00 PM","0"
"Year 1 Nov 07 11:00 PM","0"
"Year 1 Nov 08 12:00 AM","0"
"Year 1 Nov 08 1:00 AM","0"
"Year 1 Nov 08 2:00 AM","0"
"Year 1 Nov 08 3:00 AM","0"
"Year 1 Nov 08 4:00 AM","0"
"Year 1 Nov 08 5:00 AM","0"
"Year 1 Nov 08 6:00 AM","0"
"Year 1 Nov 08 7:00 AM","3.29950767852598"
"Year 1 Nov 08 8:00 AM","17.0252967672931"
"Year 1 Nov 08 9:00 AM","31.9071722678308"
"Year 1 Nov 08 10:00 AM","44.7781169164711"
"Year 1 Nov 08 11:00 AM","51.0147114799466"
"Year 1 Nov 08 12:00 PM","54.3044221606534"
"Year 1 Nov 08 1:00 PM","53.0082649479682"
"Year 1 Nov 08 2:00 PM","42.4098211307524"
"Year 1 Nov 08 3:00 PM","30.3345369421237"
"Year 1 Nov 08 4:00 PM","17.0087183808465"
"Year 1 Nov 08 5:00 PM","3.23974494873667"
"Year 1 Nov 08 6:00 PM","0"
"Year 1 Nov 08 7:00 PM","0"
"Year 1 Nov 08 8:00 PM","0"
"Year 1 Nov 08 9:00 PM","0"
"Year 1 Nov 08 10:00 PM","0"
"Year 1 Nov 08 11:00 PM","0"
"Year 1 Nov 09 12:00 AM","0"
"Year 1 Nov 09 1:00 AM","0"
"Year 1 Nov 09 2:00 AM","0"
"Year 1 Nov 09 3:00 AM","0"
"Year 1 Nov 09 4:00 AM","0"
"Year 1 Nov 09 5:00 AM","0"
"Year 1 Nov 09 6:00 AM","0"
"Year 1 Nov 09 7:00 AM","2.62063246780822"
"Year 1 Nov 09 8:00 AM","13.6154976497774"
"Year 1 Nov 09 9:00 AM","26.5811579373784"
"Year 1 Nov 09 10:00 AM","28.8251895227348"
"Year 1 Nov 09 11:00 AM","41.3502302846056"
"Year 1 Nov 09 12:00 PM","38.9756933144064"
"Year 1 Nov 09 1:00 PM","36.078222571109"
"Year 1 Nov 09 2:00 PM","33.8900156998832"
"Year 1 Nov 09 3:00 PM","28.899909145037"
"Year 1 Nov 09 4:00 PM","16.1768911800973"
"Year 1 Nov 09 5:00 PM","2.79875418549829"
"Year 1 Nov 09 6:00 PM","0"
"Year 1 Nov 09 7:00 PM","0"
"Year 1 Nov 09 8:00 PM","0"
"Year 1 Nov 09 9:00 PM","0"
"Year 1 Nov 09 10:00 PM","0"
"Year 1 Nov 09 11:00 PM","0"
"Year 1 Nov 10 12:00 AM","0"
"Year 1 Nov 10 1:00 AM","0"
"Year 1 Nov 10 2:00 AM","0"
"Year 1 Nov 10 3:00 AM","0"
"Year 1 Nov 10 4:00 AM","0"
"Year 1 Nov 10 5:00 AM","0"
"Year 1 Nov 10 6:00 AM","0"
"Year 1 Nov 10 7:00 AM","2.68842742999885"
"Year 1 Nov 10 8:00 AM","15.0182854738829"
"Year 1 Nov 10 9:00 AM","23.3420208678079"
"Year 1 Nov 10 10:00 AM","34.5895710308402"
"Year 1 Nov 10 11:00 AM","42.0535743794468"
"Year 1 Nov 10 12:00 PM","53.072878648048"
"Year 1 Nov 10 1:00 PM","52.411611368114"
"Year 1 Nov 10 2:00 PM","42.2933381626269"
"Year 1 Nov 10 3:00 PM","31.033661491355"
"Year 1 Nov 10 4:00 PM","16.5299731825318"
"Year 1 Nov 10 5:00 PM","2.99562759571567"
"Year 1 Nov 10 6:00 PM","0"
"Year 1 Nov 10 7:00 PM","0"
"Year 1 Nov 10 8:00 PM","0"
"Year 1 Nov 10 9:00 PM","0"
"Year 1 Nov 10 10:00 PM","0"
"Year 1 Nov 10 11:00 PM","0"
"Year 1 Nov 11 12:00 AM","0"
"Year 1 Nov 11 1:00 AM","0"
"Year 1 Nov 11 2:00 AM","0"
"Year 1 Nov 11 3:00 AM","0"
"Year 1 Nov 11 4:00 AM","0"
"Year 1 Nov 11 5:00 AM","0"
"Year 1 Nov 11 6:00 AM","0"
"Year 1 Nov 11 7:00 AM","1.92080289356091"
"Year 1 Nov 11 8:00 AM","12.2831093730238"
"Year 1 Nov 11 9:00 AM","20.5225673817428"
"Year 1 Nov 11 10:00 AM","34.1043863581039"
"Year 1 Nov 11 11:00 AM","42.6241834621934"
"Year 1 Nov 11 12:00 PM","40.2090435566267"
"Year 1 Nov 11 1:00 PM","40.8751976592771"
"Year 1 Nov 11 2:00 PM","32.8737360366279"
"Year 1 Nov 11 3:00 PM","27.3641968893583"
"Year 1 Nov 11 4:00 PM","15.441983108283"
"Year 1 Nov 11 5:00 PM","2.91694413835639"
"Year 1 Nov 11 6:00 PM","0"
"Year 1 Nov 11 7:00 PM","0"
"Year 1 Nov 11 8:00 PM","0"
"Year 1 Nov 11 9:00 PM","0"
"Year 1 Nov 11 10:00 PM","0"
"Year 1 Nov 11 11:00 PM","0"
"Year 1 Nov 12 12:00 AM","0"
"Year 1 Nov 12 1:00 AM","0"
"Year 1 Nov 12 2:00 AM","0"
"Year 1 Nov 12 3:00 AM","0"
"Year 1 Nov 12 4:00 AM","0"
"Year 1 Nov 12 5:00 AM","0"
"Year 1 Nov 12 6:00 AM","0"
"Year 1 Nov 12 7:00 AM","1.90086136989736"
"Year 1 Nov 12 8:00 AM","13.0807552779702"
"Year 1 Nov 12 9:00 AM","20.5588092289439"
"Year 1 Nov 12 10:00 AM","24.5527158759566"
"Year 1 Nov 12 11:00 AM","26.5860841208165"
"Year 1 Nov 12 12:00 PM","27.1169669943329"
"Year 1 Nov 12 1:00 PM","26.5897400235904"
"Year 1 Nov 12 2:00 PM","26.089951123723"
"Year 1 Nov 12 3:00 PM","24.3075677476449"
"Year 1 Nov 12 4:00 PM","14.096892201979"
"Year 1 Nov 12 5:00 PM","1.86628671870994"
"Year 1 Nov 12 6:00 PM","0"
"Year 1 Nov 12 7:00 PM","0"
"Year 1 Nov 12 8:00 PM","0"
"Year 1 Nov 12 9:00 PM","0"
"Year 1 Nov 12 10:00 PM","0"
"Year 1 Nov 12 11:00 PM","0"
"Year 1 Nov 13 12:00 AM","0"
"Year 1 Nov 13 1:00 AM","0"
"Year 1 Nov 13 2:00 AM","0"
"Year 1 Nov 13 3:00 AM","0"
"Year 1 Nov 13 4:00 AM","0"
"Year 1 Nov 13 5:00 AM","0"
"Year 1 Nov 13 6:00 AM","0"
"Year 1 Nov 13 7:00 AM","1.91650317623491"
"Year 1 Nov 13 8:00 AM","14.4507382843308"
"Year 1 Nov 13 9:00 AM","27.7586574734045"
"Year 1 Nov 13 10:00 AM","35.4190100168857"
"Year 1 Nov 13 11:00 AM","45.0955289779894"
"Year 1 Nov 13 12:00 PM","46.1001867977878"
"Year 1 Nov 13 1:00 PM","41.9748937191563"
"Year 1 Nov 13 2:00 PM","36.2459639922632"
"Year 1 Nov 13 3:00 PM","22.5241667183522"
"Year 1 Nov 13 4:00 PM","6.82383925038656"
"Year 1 Nov 13 5:00 PM","0.950560154603378"
"Year 1 Nov 13 6:00 PM","0"
"Year 1 Nov 13 7:00 PM","0"
"Year 1 Nov 13 8:00 PM","0"
"Year 1 Nov 13 9:00 PM","0"
"Year 1 Nov 13 10:00 PM","0"
"Year 1 Nov 13 11:00 PM","0"
"Year 1 Nov 14 12:00 AM","0"
"Year 1 Nov 14 1:00 AM","0"
"Year 1 Nov 14 2:00 AM","0"
"Year 1 Nov 14 3:00 AM","0"
"Year 1 Nov 14 4:00 AM","0"
"Year 1 Nov 14 5:00 AM","0"
"Year 1 Nov 14 6:00 AM","0"
"Year 1 Nov 14 7:00 AM","1.73205391282084"
"Year 1 Nov 14 8:00 AM","10.9003316090416"
"Year 1 Nov 14 9:00 AM","17.5714203404809"
"Year 1 Nov 14 10:00 AM","20.9740270256192"
"Year 1 Nov 14 11:00 AM","23.283832762907"
"Year 1 Nov 14 12:00 PM","23.7882513197067"
"Year 1 Nov 14 1:00 PM","24.1939124979978"
"Year 1 Nov 14 2:00 PM","24.8576793440512"
"Year 1 Nov 14 3:00 PM","23.3961246291193"
"Year 1 Nov 14 4:00 PM","13.1608670499582"
"Year 1 Nov 14 5:00 PM","1.99443495690894"
"Year 1 Nov 14 6:00 PM","0"
"Year 1 Nov 14 7:00 PM","0"
"Year 1 Nov 14 8:00 PM","0"
"Year 1 Nov 14 9:00 PM","0"
"Year 1 Nov 14 10:00 PM","0"
"Year 1 Nov 14 11:00 PM","0"
"Year 1 Nov 15 12:00 AM","0"
"Year 1 Nov 15 1:00 AM","0"
"Year 1 Nov 15 2:00 AM","0"
"Year 1 Nov 15 3:00 AM","0"
"Year 1 Nov 15 4:00 AM","0"
"Year 1 Nov 15 5:00 AM","0"
"Year 1 Nov 15 6:00 AM","0"
"Year 1 Nov 15 7:00 AM","1.80009236854286"
"Year 1 Nov 15 8:00 AM","13.0949806744237"
"Year 1 Nov 15 9:00 AM","26.5336776879521"
"Year 1 Nov 15 10:00 AM","42.569457543095"
"Year 1 Nov 15 11:00 AM","41.4014914056652"
"Year 1 Nov 15 12:00 PM","35.1392959014928"
"Year 1 Nov 15 1:00 PM","39.5460609589846"
"Year 1 Nov 15 2:00 PM","27.4780890872197"
"Year 1 Nov 15 3:00 PM","22.3423085605664"
"Year 1 Nov 15 4:00 PM","9.95901861501802"
"Year 1 Nov 15 5:00 PM","1.44103358812283"
"Year 1 Nov 15 6:00 PM","0"
"Year 1 Nov 15 7:00 PM","0"
"Year 1 Nov 15 8:00 PM","0"
"Year 1 Nov 15 9:00 PM","0"
"Year 1 Nov 15 10:00 PM","0"
"Year 1 Nov 15 11:00 PM","0"
"Year 1 Nov 16 12:00 AM","0"
"Year 1 Nov 16 1:00 AM","0"
"Year 1 Nov 16 2:00 AM","0"
"Year 1 Nov 16 3:00 AM","0"
"Year 1 Nov 16 4:00 AM","0"
"Year 1 Nov 16 5:00 AM","0"
"Year 1 Nov 16 6:00 AM","0"
"Year 1 Nov 16 7:00 AM","1.63786938147192"
"Year 1 Nov 16 8:00 AM","11.4867395029822"
"Year 1 Nov 16 9:00 AM","20.6220235494972"
"Year 1 Nov 16 10:00 AM","28.7002172539237"
"Year 1 Nov 16 11:00 AM","41.8583195223358"
"Year 1 Nov 16 12:00 PM","47.6035894226796"
"Year 1 Nov 16 1:00 PM","37.0569315720989"
"Year 1 Nov 16 2:00 PM","28.8732338977431"
"Year 1 Nov 16 3:00 PM","17.2395931930206"
"Year 1 Nov 16 4:00 PM","9.55717668674519"
"Year 1 Nov 16 5:00 PM","1.39533689441172"
"Year 1 Nov 16 6:00 PM","0"
"Year 1 Nov 16 7:00 PM","0"
"Year 1 Nov 16 8:00 PM","0"
"Year 1 Nov 16 9:00 PM","0"
"Year 1 Nov 16 10:00 PM","0"
"Year 1 Nov 16 11:00 PM","0"
"Year 1 Nov 17 12:00 AM","0"
"Year 1 Nov 17 1:00 AM","0"
"Year 1 Nov 17 2:00 AM","0"
"Year 1 Nov 17 3:00 AM","0"
"Year 1 Nov 17 4:00 AM","0"
"Year 1 Nov 17 5:00 AM","0"
"Year 1 Nov 17 6:00 AM","0"
"Year 1 Nov 17 7:00 AM","1.49063361506104"
"Year 1 Nov 17 8:00 AM","10.8915563636597"
"Year 1 Nov 17 9:00 AM","21.2254670075705"
"Year 1 Nov 17 10:00 AM","31.0583110304331"
"Year 1 Nov 17 11:00 AM","32.1602310425199"
"Year 1 Nov 17 12:00 PM","39.9889445579697"
"Year 1 Nov 17 1:00 PM","45.5791880245272"
"Year 1 Nov 17 2:00 PM","34.266871885785"
"Year 1 Nov 17 3:00 PM","23.8232225913163"
"Year 1 Nov 17 4:00 PM","9.21369200181685"
"Year 1 Nov 17 5:00 PM","1.44778452904789"
"Year 1 Nov 17 6:00 PM","0"
"Year 1 Nov 17 7:00 PM","0"
"Year 1 Nov 17 8:00 PM","0"
"Year 1 Nov 17 9:00 PM","0"
"Year 1 Nov 17 10:00 PM","0"
"Year 1 Nov 17 11:00 PM","0"
"Year 1 Nov 18 12:00 AM","0"
"Year 1 Nov 18 1:00 AM","0"
"Year 1 Nov 18 2:00 AM","0"
"Year 1 Nov 18 3:00 AM","0"
"Year 1 Nov 18 4:00 AM","0"
"Year 1 Nov 18 5:00 AM","0"
"Year 1 Nov 18 6:00 AM","0"
"Year 1 Nov 18 7:00 AM","0.888125017028614"
"Year 1 Nov 18 8:00 AM","9.27349841397825"
"Year 1 Nov 18 9:00 AM","25.4956351278785"
"Year 1 Nov 18 10:00 AM","30.3571182592532"
"Year 1 Nov 18 11:00 AM","24.9880882351881"
"Year 1 Nov 18 12:00 PM","31.4669566794743"
"Year 1 Nov 18 1:00 PM","33.06098174407"
"Year 1 Nov 18 2:00 PM","23.3321862851099"
"Year 1 Nov 18 3:00 PM","16.9844854955056"
"Year 1 Nov 18 4:00 PM","10.4695255922165"
"Year 1 Nov 18 5:00 PM","1.75694472771058"
"Year 1 Nov 18 6:00 PM","0"
"Year 1 Nov 18 7:00 PM","0"
"Year 1 Nov 18 8:00 PM","0"
"Year 1 Nov 18 9:00 PM","0"
"Year 1 Nov 18 10:00 PM","0"
"Year 1 Nov 18 11:00 PM","0"
"Year 1 Nov 19 12:00 AM","0"
"Year 1 Nov 19 1:00 AM","0"
"Year 1 Nov 19 2:00 AM","0"
"Year 1 Nov 19 3:00 AM","0"
"Year 1 Nov 19 4:00 AM","0"
"Year 1 Nov 19 5:00 AM","0"
"Year 1 Nov 19 6:00 AM","0"
"Year 1 Nov 19 7:00 AM","0.79375302897192"
"Year 1 Nov 19 8:00 AM","10.7162944181975"
"Year 1 Nov 19 9:00 AM","20.9537094857343"
"Year 1 Nov 19 10:00 AM","32.8202536509395"
"Year 1 Nov 19 11:00 AM","39.6493617659059"
"Year 1 Nov 19 12:00 PM","40.7845437205234"
"Year 1 Nov 19 1:00 PM","40.4196141515148"
"Year 1 Nov 19 2:00 PM","35.0776074937526"
"Year 1 Nov 19 3:00 PM","24.6314208518897"
"Year 1 Nov 19 4:00 PM","12.770664067583"
"Year 1 Nov 19 5:00 PM","1.5035163369034"
"Year 1 Nov 19 6:00 PM","0"
"Year 1 Nov 19 7:00 PM","0"
"Year 1 Nov 19 8:00 PM","0"
"Year 1 Nov 19 9:00 PM","0"
"Year 1 Nov 19 10:00 PM","0"
"Year 1 Nov 19 11:00 PM","0"
"Year 1 Nov 20 12:00 AM","0"
"Year 1 Nov 20 1:00 AM","0"
"Year 1 Nov 20 2:00 AM","0"
"Year 1 Nov 20 3:00 AM","0"
"Year 1 Nov 20 4:00 AM","0"
"Year 1 Nov 20 5:00 AM","0"
"Year 1 Nov 20 6:00 AM","0"
"Year 1 Nov 20 7:00 AM","0.797410086291451"
"Year 1 Nov 20 8:00 AM","11.4858801744612"
"Year 1 Nov 20 9:00 AM","24.0880027214032"
"Year 1 Nov 20 10:00 AM","24.6226217374177"
"Year 1 Nov 20 11:00 AM","33.0518292712003"
"Year 1 Nov 20 12:00 PM","48.3321087317592"
"Year 1 Nov 20 1:00 PM","45.3920980860524"
"Year 1 Nov 20 2:00 PM","38.1140335532637"
"Year 1 Nov 20 3:00 PM","28.1551011290992"
"Year 1 Nov 20 4:00 PM","12.4077037668365"
"Year 1 Nov 20 5:00 PM","1.3751628283788"
"Year 1 Nov 20 6:00 PM","0"
"Year 1 Nov 20 7:00 PM","0"
"Year 1 Nov 20 8:00 PM","0"
"Year 1 Nov 20 9:00 PM","0"
"Year 1 Nov 20 10:00 PM","0"
"Year 1 Nov 20 11:00 PM","0"
"Year 1 Nov 21 12:00 AM","0"
"Year 1 Nov 21 1:00 AM","0"
"Year 1 Nov 21 2:00 AM","0"
"Year 1 Nov 21 3:00 AM","0"
"Year 1 Nov 21 4:00 AM","0"
"Year 1 Nov 21 5:00 AM","0"
"Year 1 Nov 21 6:00 AM","0"
"Year 1 Nov 21 7:00 AM","0.844788548790158"
"Year 1 Nov 21 8:00 AM","10.8720409865258"
"Year 1 Nov 21 9:00 AM","21.6070365497378"
"Year 1 Nov 21 10:00 AM","27.9618379793012"
"Year 1 Nov 21 11:00 AM","26.4324575036966"
"Year 1 Nov 21 12:00 PM","25.7131602232008"
"Year 1 Nov 21 1:00 PM","25.8142945292278"
"Year 1 Nov 21 2:00 PM","27.0606398930345"
"Year 1 Nov 21 3:00 PM","24.4935163197924"
"Year 1 Nov 21 4:00 PM","12.60834817746"
"Year 1 Nov 21 5:00 PM","1.55951452369322"
"Year 1 Nov 21 6:00 PM","0"
"Year 1 Nov 21 7:00 PM","0"
"Year 1 Nov 21 8:00 PM","0"
"Year 1 Nov 21 9:00 PM","0"
"Year 1 Nov 21 10:00 PM","0"
"Year 1 Nov 21 11:00 PM","0"
"Year 1 Nov 22 12:00 AM","0"
"Year 1 Nov 22 1:00 AM","0"
"Year 1 Nov 22 2:00 AM","0"
"Year 1 Nov 22 3:00 AM","0"
"Year 1 Nov 22 4:00 AM","0"
"Year 1 Nov 22 5:00 AM","0"
"Year 1 Nov 22 6:00 AM","0"
"Year 1 Nov 22 7:00 AM","0.550080409867907"
"Year 1 Nov 22 8:00 AM","8.15936770615065"
"Year 1 Nov 22 9:00 AM","18.3205047701323"
"Year 1 Nov 22 10:00 AM","27.0389005289559"
"Year 1 Nov 22 11:00 AM","35.754174908769"
"Year 1 Nov 22 12:00 PM","38.2996163490635"
"Year 1 Nov 22 1:00 PM","35.5913337926294"
"Year 1 Nov 22 2:00 PM","31.976627803883"
"Year 1 Nov 22 3:00 PM","24.6339435447007"
"Year 1 Nov 22 4:00 PM","12.1532929642636"
"Year 1 Nov 22 5:00 PM","1.44022993992638"
"Year 1 Nov 22 6:00 PM","0"
"Year 1 Nov 22 7:00 PM","0"
"Year 1 Nov 22 8:00 PM","0"
"Year 1 Nov 22 9:00 PM","0"
"Year 1 Nov 22 10:00 PM","0"
"Year 1 Nov 22 11:00 PM","0"
"Year 1 Nov 23 12:00 AM","0"
"Year 1 Nov 23 1:00 AM","0"
"Year 1 Nov 23 2:00 AM","0"
"Year 1 Nov 23 3:00 AM","0"
"Year 1 Nov 23 4:00 AM","0"
"Year 1 Nov 23 5:00 AM","0"
"Year 1 Nov 23 6:00 AM","0"
"Year 1 Nov 23 7:00 AM","0.391483663986076"
"Year 1 Nov 23 8:00 AM","5.31276015625858"
"Year 1 Nov 23 9:00 AM","11.774096266918"
"Year 1 Nov 23 10:00 AM","23.0145287995564"
"Year 1 Nov 23 11:00 AM","37.3443517840358"
"Year 1 Nov 23 12:00 PM","38.1745195985042"
"Year 1 Nov 23 1:00 PM","41.49124966857"
"Year 1 Nov 23 2:00 PM","32.7292150606926"
"Year 1 Nov 23 3:00 PM","23.1499989946814"
"Year 1 Nov 23 4:00 PM","11.5151474032885"
"Year 1 Nov 23 5:00 PM","1.46802718704318"
"Year 1 Nov 23 6:00 PM","0"
"Year 1 Nov 23 7:00 PM","0"
"Year 1 Nov 23 8:00 PM","0"
"Year 1 Nov 23 9:00 PM","0"
"Year 1 Nov 23 10:00 PM","0"
"Year 1 Nov 23 11:00 PM","0"
"Year 1 Nov 24 12:00 AM","0"
"Year 1 Nov 24 1:00 AM","0"
"Year 1 Nov 24 2:00 AM","0"
"Year 1 Nov 24 3:00 AM","0"
"Year 1 Nov 24 4:00 AM","0"
"Year 1 Nov 24 5:00 AM","0"
"Year 1 Nov 24 6:00 AM","0"
"Year 1 Nov 24 7:00 AM","0.605999364298726"
"Year 1 Nov 24 8:00 AM","9.61290734145758"
"Year 1 Nov 24 9:00 AM","23.5732500196506"
"Year 1 Nov 24 10:00 AM","30.543199971515"
"Year 1 Nov 24 11:00 AM","26.158873285173"
"Year 1 Nov 24 12:00 PM","32.9068322548723"
"Year 1 Nov 24 1:00 PM","31.4525563799938"
"Year 1 Nov 24 2:00 PM","20.2265305085588"
"Year 1 Nov 24 3:00 PM","18.2871006390616"
"Year 1 Nov 24 4:00 PM","11.6735863001937"
"Year 1 Nov 24 5:00 PM","1.49844543226191"
"Year 1 Nov 24 6:00 PM","0"
"Year 1 Nov 24 7:00 PM","0"
"Year 1 Nov 24 8:00 PM","0"
"Year 1 Nov 24 9:00 PM","0"
"Year 1 Nov 24 10:00 PM","0"
"Year 1 Nov 24 11:00 PM","0"
"Year 1 Nov 25 12:00 AM","0"
"Year 1 Nov 25 1:00 AM","0"
"Year 1 Nov 25 2:00 AM","0"
"Year 1 Nov 25 3:00 AM","0"
"Year 1 Nov 25 4:00 AM","0"
"Year 1 Nov 25 5:00 AM","0"
"Year 1 Nov 25 6:00 AM","0"
"Year 1 Nov 25 7:00 AM","0.497391785967326"
"Year 1 Nov 25 8:00 AM","8.90042210523238"
"Year 1 Nov 25 9:00 AM","23.7812295606381"
"Year 1 Nov 25 10:00 AM","30.3210116703655"
"Year 1 Nov 25 11:00 AM","39.1062457119678"
"Year 1 Nov 25 12:00 PM","40.9484319054901"
"Year 1 Nov 25 1:00 PM","43.0928927557373"
"Year 1 Nov 25 2:00 PM","29.048272164441"
"Year 1 Nov 25 3:00 PM","26.581267183777"
"Year 1 Nov 25 4:00 PM","8.9215528019948"
"Year 1 Nov 25 5:00 PM","0.541697858686623"
"Year 1 Nov 25 6:00 PM","0"
"Year 1 Nov 25 7:00 PM","0"
"Year 1 Nov 25 8:00 PM","0"
"Year 1 Nov 25 9:00 PM","0"
"Year 1 Nov 25 10:00 PM","0"
"Year 1 Nov 25 11:00 PM","0"
"Year 1 Nov 26 12:00 AM","0"
"Year 1 Nov 26 1:00 AM","0"
"Year 1 Nov 26 2:00 AM","0"
"Year 1 Nov 26 3:00 AM","0"
"Year 1 Nov 26 4:00 AM","0"
"Year 1 Nov 26 5:00 AM","0"
"Year 1 Nov 26 6:00 AM","0"
"Year 1 Nov 26 7:00 AM","0.656636009175982"
"Year 1 Nov 26 8:00 AM","9.4690967888034"
"Year 1 Nov 26 9:00 AM","17.4098969804572"
"Year 1 Nov 26 10:00 AM","21.6355325487305"
"Year 1 Nov 26 11:00 AM","26.1381270415719"
"Year 1 Nov 26 12:00 PM","26.5925540508778"
"Year 1 Nov 26 1:00 PM","27.7726365177018"
"Year 1 Nov 26 2:00 PM","29.7290126476318"
"Year 1 Nov 26 3:00 PM","23.4640402855184"
"Year 1 Nov 26 4:00 PM","11.6470122205797"
"Year 1 Nov 26 5:00 PM","0.825328534111094"
"Year 1 Nov 26 6:00 PM","0"
"Year 1 Nov 26 7:00 PM","0"
"Year 1 Nov 26 8:00 PM","0"
"Year 1 Nov 26 9:00 PM","0"
"Year 1 Nov 26 10:00 PM","0"
"Year 1 Nov 26 11:00 PM","0"
"Year 1 Nov 27 12:00 AM","0"
"Year 1 Nov 27 1:00 AM","0"
"Year 1 Nov 27 2:00 AM","0"
"Year 1 Nov 27 3:00 AM","0"
"Year 1 Nov 27 4:00 AM","0"
"Year 1 Nov 27 5:00 AM","0"
"Year 1 Nov 27 6:00 AM","0"
"Year 1 Nov 27 7:00 AM","0.566037968842046"
"Year 1 Nov 27 8:00 AM","8.21094160172146"
"Year 1 Nov 27 9:00 AM","16.7753953530493"
"Year 1 Nov 27 10:00 AM","27.9786473217155"
"Year 1 Nov 27 11:00 AM","39.8146854117016"
"Year 1 Nov 27 12:00 PM","40.3492388312846"
"Year 1 Nov 27 1:00 PM","39.6426222940157"
"Year 1 Nov 27 2:00 PM","31.4224592014824"
"Year 1 Nov 27 3:00 PM","22.2462636817007"
"Year 1 Nov 27 4:00 PM","10.7542214866058"
"Year 1 Nov 27 5:00 PM","0.799777266985654"
"Year 1 Nov 27 6:00 PM","0"
"Year 1 Nov 27 7:00 PM","0"
"Year 1 Nov 27 8:00 PM","0"
"Year 1 Nov 27 9:00 PM","0"
"Year 1 Nov 27 10:00 PM","0"
"Year 1 Nov 27 11:00 PM","0"
"Year 1 Nov 28 12:00 AM","0"
"Year 1 Nov 28 1:00 AM","0"
"Year 1 Nov 28 2:00 AM","0"
"Year 1 Nov 28 3:00 AM","0"
"Year 1 Nov 28 4:00 AM","0"
"Year 1 Nov 28 5:00 AM","0"
"Year 1 Nov 28 6:00 AM","0"
"Year 1 Nov 28 7:00 AM","0"
"Year 1 Nov 28 8:00 AM","9.33677649949511"
"Year 1 Nov 28 9:00 AM","17.9771047139132"
"Year 1 Nov 28 10:00 AM","22.7815441829713"
"Year 1 Nov 28 11:00 AM","28.5745886300766"
"Year 1 Nov 28 12:00 PM","36.9648770115114"
"Year 1 Nov 28 1:00 PM","40.4810538555185"
"Year 1 Nov 28 2:00 PM","33.836338020375"
"Year 1 Nov 28 3:00 PM","26.1190579099681"
"Year 1 Nov 28 4:00 PM","13.0562770324408"
"Year 1 Nov 28 5:00 PM","0.846739492617159"
"Year 1 Nov 28 6:00 PM","0"
"Year 1 Nov 28 7:00 PM","0"
"Year 1 Nov 28 8:00 PM","0"
"Year 1 Nov 28 9:00 PM","0"
"Year 1 Nov 28 10:00 PM","0"
"Year 1 Nov 28 11:00 PM","0"
"Year 1 Nov 29 12:00 AM","0"
"Year 1 Nov 29 1:00 AM","0"
"Year 1 Nov 29 2:00 AM","0"
"Year 1 Nov 29 3:00 AM","0"
"Year 1 Nov 29 4:00 AM","0"
"Year 1 Nov 29 5:00 AM","0"
"Year 1 Nov 29 6:00 AM","0"
"Year 1 Nov 29 7:00 AM","0"
"Year 1 Nov 29 8:00 AM","9.70210133328603"
"Year 1 Nov 29 9:00 AM","23.0425308693438"
"Year 1 Nov 29 10:00 AM","35.3777118917449"
"Year 1 Nov 29 11:00 AM","40.5811220894996"
"Year 1 Nov 29 12:00 PM","43.478459575376"
"Year 1 Nov 29 1:00 PM","43.5058812798586"
"Year 1 Nov 29 2:00 PM","35.5070839970693"
"Year 1 Nov 29 3:00 PM","27.2646650478173"
"Year 1 Nov 29 4:00 PM","13.5078027691728"
"Year 1 Nov 29 5:00 PM","0.875420154176493"
"Year 1 Nov 29 6:00 PM","0"
"Year 1 Nov 29 7:00 PM","0"
"Year 1 Nov 29 8:00 PM","0"
"Year 1 Nov 29 9:00 PM","0"
"Year 1 Nov 29 10:00 PM","0"
"Year 1 Nov 29 11:00 PM","0"
"Year 1 Nov 30 12:00 AM","0"
"Year 1 Nov 30 1:00 AM","0"
"Year 1 Nov 30 2:00 AM","0"
"Year 1 Nov 30 3:00 AM","0"
"Year 1 Nov 30 4:00 AM","0"
"Year 1 Nov 30 5:00 AM","0"
"Year 1 Nov 30 6:00 AM","0"
"Year 1 Nov 30 7:00 AM","0"
"Year 1 Nov 30 8:00 AM","5.95838206582315"
"Year 1 Nov 30 9:00 AM","19.4999501594782"
"Year 1 Nov 30 10:00 AM","30.3401289573498"
"Year 1 Nov 30 11:00 AM","41.3656506689749"
"Year 1 Nov 30 12:00 PM","41.445326923686"
"Year 1 Nov 30 1:00 PM","41.9913718540334"
"Year 1 Nov 30 2:00 PM","37.2955213831501"
"Year 1 Nov 30 3:00 PM","22.4756150801329"
"Year 1 Nov 30 4:00 PM","10.2061607829512"
"Year 1 Nov 30 5:00 PM","0.741898602620305"
"Year 1 Nov 30 6:00 PM","0"
"Year 1 Nov 30 7:00 PM","0"
"Year 1 Nov 30 8:00 PM","0"
"Year 1 Nov 30 9:00 PM","0"
"Year 1 Nov 30 10:00 PM","0"
"Year 1 Nov 30 11:00 PM","0"
"Year 1 Dec 01 12:00 AM","0"
"Year 1 Dec 01 1:00 AM","0"
"Year 1 Dec 01 2:00 AM","0"
"Year 1 Dec 01 3:00 AM","0"
"Year 1 Dec 01 4:00 AM","0"
"Year 1 Dec 01 5:00 AM","0"
"Year 1 Dec 01 6:00 AM","0"
"Year 1 Dec 01 7:00 AM","0"
"Year 1 Dec 01 8:00 AM","4.56157220398987"
"Year 1 Dec 01 9:00 AM","13.3264745733558"
"Year 1 Dec 01 10:00 AM","22.6674006740379"
"Year 1 Dec 01 11:00 AM","28.4983915447516"
"Year 1 Dec 01 12:00 PM","28.5510896191037"
"Year 1 Dec 01 1:00 PM","26.2769967028379"
"Year 1 Dec 01 2:00 PM","21.9707572527826"
"Year 1 Dec 01 3:00 PM","14.3226044936061"
"Year 1 Dec 01 4:00 PM","6.63693045891163"
"Year 1 Dec 01 5:00 PM","0.498163953225479"
"Year 1 Dec 01 6:00 PM","0"
"Year 1 Dec 01 7:00 PM","0"
"Year 1 Dec 01 8:00 PM","0"
"Year 1 Dec 01 9:00 PM","0"
"Year 1 Dec 01 10:00 PM","0"
"Year 1 Dec 01 11:00 PM","0"
"Year 1 Dec 02 12:00 AM","0"
"Year 1 Dec 02 1:00 AM","0"
"Year 1 Dec 02 2:00 AM","0"
"Year 1 Dec 02 3:00 AM","0"
"Year 1 Dec 02 4:00 AM","0"
"Year 1 Dec 02 5:00 AM","0"
"Year 1 Dec 02 6:00 AM","0"
"Year 1 Dec 02 7:00 AM","0"
"Year 1 Dec 02 8:00 AM","7.89499593921771"
"Year 1 Dec 02 9:00 AM","22.27927365364"
"Year 1 Dec 02 10:00 AM","34.2762844461267"
"Year 1 Dec 02 11:00 AM","41.5556043998294"
"Year 1 Dec 02 12:00 PM","42.8210083385859"
"Year 1 Dec 02 1:00 PM","42.4463491940621"
"Year 1 Dec 02 2:00 PM","33.4737708217286"
"Year 1 Dec 02 3:00 PM","22.7050827713239"
"Year 1 Dec 02 4:00 PM","9.68386576077402"
"Year 1 Dec 02 5:00 PM","0.612552770250365"
"Year 1 Dec 02 6:00 PM","0"
"Year 1 Dec 02 7:00 PM","0"
"Year 1 Dec 02 8:00 PM","0"
"Year 1 Dec 02 9:00 PM","0"
"Year 1 Dec 02 10:00 PM","0"
"Year 1 Dec 02 11:00 PM","0"
"Year 1 Dec 03 12:00 AM","0"
"Year 1 Dec 03 1:00 AM","0"
"Year 1 Dec 03 2:00 AM","0"
"Year 1 Dec 03 3:00 AM","0"
"Year 1 Dec 03 4:00 AM","0"
"Year 1 Dec 03 5:00 AM","0"
"Year 1 Dec 03 6:00 AM","0"
"Year 1 Dec 03 7:00 AM","0"
"Year 1 Dec 03 8:00 AM","7.92723087581628"
"Year 1 Dec 03 9:00 AM","15.4405017507979"
"Year 1 Dec 03 10:00 AM","22.9843024801431"
"Year 1 Dec 03 11:00 AM","30.3518349888506"
"Year 1 Dec 03 12:00 PM","39.3375664440067"
"Year 1 Dec 03 1:00 PM","37.4075007767411"
"Year 1 Dec 03 2:00 PM","30.9647986249437"
"Year 1 Dec 03 3:00 PM","19.1738764330481"
"Year 1 Dec 03 4:00 PM","6.31412402056193"
"Year 1 Dec 03 5:00 PM","0.381860995335977"
"Year 1 Dec 03 6:00 PM","0"
"Year 1 Dec 03 7:00 PM","0"
"Year 1 Dec 03 8:00 PM","0"
"Year 1 Dec 03 9:00 PM","0"
"Year 1 Dec 03 10:00 PM","0"
"Year 1 Dec 03 11:00 PM","0"
"Year 1 Dec 04 12:00 AM","0"
"Year 1 Dec 04 1:00 AM","0"
"Year 1 Dec 04 2:00 AM","0"
"Year 1 Dec 04 3:00 AM","0"
"Year 1 Dec 04 4:00 AM","0"
"Year 1 Dec 04 5:00 AM","0"
"Year 1 Dec 04 6:00 AM","0"
"Year 1 Dec 04 7:00 AM","0"
"Year 1 Dec 04 8:00 AM","8.04650178883274"
"Year 1 Dec 04 9:00 AM","20.6492592369148"
"Year 1 Dec 04 10:00 AM","30.6993634623443"
"Year 1 Dec 04 11:00 AM","37.3188179090857"
"Year 1 Dec 04 12:00 PM","32.9837913373489"
"Year 1 Dec 04 1:00 PM","25.6533175962965"
"Year 1 Dec 04 2:00 PM","27.08064103203"
"Year 1 Dec 04 3:00 PM","19.1512004590688"
"Year 1 Dec 04 4:00 PM","10.6975193348218"
"Year 1 Dec 04 5:00 PM","0.726327709731354"
"Year 1 Dec 04 6:00 PM","0"
"Year 1 Dec 04 7:00 PM","0"
"Year 1 Dec 04 8:00 PM","0"
"Year 1 Dec 04 9:00 PM","0"
"Year 1 Dec 04 10:00 PM","0"
"Year 1 Dec 04 11:00 PM","0"
"Year 1 Dec 05 12:00 AM","0"
"Year 1 Dec 05 1:00 AM","0"
"Year 1 Dec 05 2:00 AM","0"
"Year 1 Dec 05 3:00 AM","0"
"Year 1 Dec 05 4:00 AM","0"
"Year 1 Dec 05 5:00 AM","0"
"Year 1 Dec 05 6:00 AM","0"
"Year 1 Dec 05 7:00 AM","0"
"Year 1 Dec 05 8:00 AM","6.52818467014135"
"Year 1 Dec 05 9:00 AM","12.4674175058711"
"Year 1 Dec 05 10:00 AM","15.6590313567043"
"Year 1 Dec 05 11:00 AM","17.2943508682276"
"Year 1 Dec 05 12:00 PM","17.9596342259826"
"Year 1 Dec 05 1:00 PM","17.6349727171851"
"Year 1 Dec 05 2:00 PM","16.2833997011189"
"Year 1 Dec 05 3:00 PM","13.8082928606528"
"Year 1 Dec 05 4:00 PM","8.14388146327452"
"Year 1 Dec 05 5:00 PM","0.689282722903757"
"Year 1 Dec 05 6:00 PM","0"
"Year 1 Dec 05 7:00 PM","0"
"Year 1 Dec 05 8:00 PM","0"
"Year 1 Dec 05 9:00 PM","0"
"Year 1 Dec 05 10:00 PM","0"
"Year 1 Dec 05 11:00 PM","0"
"Year 1 Dec 06 12:00 AM","0"
"Year 1 Dec 06 1:00 AM","0"
"Year 1 Dec 06 2:00 AM","0"
"Year 1 Dec 06 3:00 AM","0"
"Year 1 Dec 06 4:00 AM","0"
"Year 1 Dec 06 5:00 AM","0"
"Year 1 Dec 06 6:00 AM","0"
"Year 1 Dec 06 7:00 AM","0"
"Year 1 Dec 06 8:00 AM","6.64023465676928"
"Year 1 Dec 06 9:00 AM","19.8613201128039"
"Year 1 Dec 06 10:00 AM","26.9887019732293"
"Year 1 Dec 06 11:00 AM","32.8326810565625"
"Year 1 Dec 06 12:00 PM","35.8162307932281"
"Year 1 Dec 06 1:00 PM","40.5269377228559"
"Year 1 Dec 06 2:00 PM","28.7982316689463"
"Year 1 Dec 06 3:00 PM","20.830655209417"
"Year 1 Dec 06 4:00 PM","11.6127694420958"
"Year 1 Dec 06 5:00 PM","0.732564099225769"
"Year 1 Dec 06 6:00 PM","0"
"Year 1 Dec 06 7:00 PM","0"
"Year 1 Dec 06 8:00 PM","0"
"Year 1 Dec 06 9:00 PM","0"
"Year 1 Dec 06 10:00 PM","0"
"Year 1 Dec 06 11:00 PM","0"
"Year 1 Dec 07 12:00 AM","0"
"Year 1 Dec 07 1:00 AM","0"
"Year 1 Dec 07 2:00 AM","0"
"Year 1 Dec 07 3:00 AM","0"
"Year 1 Dec 07 4:00 AM","0"
"Year 1 Dec 07 5:00 AM","0"
"Year 1 Dec 07 6:00 AM","0"
"Year 1 Dec 07 7:00 AM","0"
"Year 1 Dec 07 8:00 AM","5.51869940636284"
"Year 1 Dec 07 9:00 AM","16.8268855412804"
"Year 1 Dec 07 10:00 AM","29.0369486469015"
"Year 1 Dec 07 11:00 AM","32.3514326242559"
"Year 1 Dec 07 12:00 PM","34.4187864933093"
"Year 1 Dec 07 1:00 PM","28.292983629391"
"Year 1 Dec 07 2:00 PM","30.7934215090752"
"Year 1 Dec 07 3:00 PM","21.3939688000481"
"Year 1 Dec 07 4:00 PM","10.0308101556355"
"Year 1 Dec 07 5:00 PM","0.649630940534853"
"Year 1 Dec 07 6:00 PM","0"
"Year 1 Dec 07 7:00 PM","0"
"Year 1 Dec 07 8:00 PM","0"
"Year 1 Dec 07 9:00 PM","0"
"Year 1 Dec 07 10:00 PM","0"
"Year 1 Dec 07 11:00 PM","0"
"Year 1 Dec 08 12:00 AM","0"
"Year 1 Dec 08 1:00 AM","0"
"Year 1 Dec 08 2:00 AM","0"
"Year 1 Dec 08 3:00 AM","0"
"Year 1 Dec 08 4:00 AM","0"
"Year 1 Dec 08 5:00 AM","0"
"Year 1 Dec 08 6:00 AM","0"
"Year 1 Dec 08 7:00 AM","0"
"Year 1 Dec 08 8:00 AM","5.64937963225992"
"Year 1 Dec 08 9:00 AM","17.6655529354891"
"Year 1 Dec 08 10:00 AM","24.8628951229229"
"Year 1 Dec 08 11:00 AM","37.6061168874036"
"Year 1 Dec 08 12:00 PM","37.4546958505804"
"Year 1 Dec 08 1:00 PM","38.8211091282318"
"Year 1 Dec 08 2:00 PM","31.2572757857771"
"Year 1 Dec 08 3:00 PM","21.2856221848653"
"Year 1 Dec 08 4:00 PM","10.0083388009088"
"Year 1 Dec 08 5:00 PM","0.688353291383766"
"Year 1 Dec 08 6:00 PM","0"
"Year 1 Dec 08 7:00 PM","0"
"Year 1 Dec 08 8:00 PM","0"
"Year 1 Dec 08 9:00 PM","0"
"Year 1 Dec 08 10:00 PM","0"
"Year 1 Dec 08 11:00 PM","0"
"Year 1 Dec 09 12:00 AM","0"
"Year 1 Dec 09 1:00 AM","0"
"Year 1 Dec 09 2:00 AM","0"
"Year 1 Dec 09 3:00 AM","0"
"Year 1 Dec 09 4:00 AM","0"
"Year 1 Dec 09 5:00 AM","0"
"Year 1 Dec 09 6:00 AM","0"
"Year 1 Dec 09 7:00 AM","0"
"Year 1 Dec 09 8:00 AM","6.21972489338837"
"Year 1 Dec 09 9:00 AM","17.0531826283241"
"Year 1 Dec 09 10:00 AM","26.2461393461291"
"Year 1 Dec 09 11:00 AM","33.7990992725799"
"Year 1 Dec 09 12:00 PM","25.485848109618"
"Year 1 Dec 09 1:00 PM","29.8668749673741"
"Year 1 Dec 09 2:00 PM","25.0122946291963"
"Year 1 Dec 09 3:00 PM","19.6602265163043"
"Year 1 Dec 09 4:00 PM","8.9873609337232"
"Year 1 Dec 09 5:00 PM","0.522401691230066"
"Year 1 Dec 09 6:00 PM","0"
"Year 1 Dec 09 7:00 PM","0"
"Year 1 Dec 09 8:00 PM","0"
"Year 1 Dec 09 9:00 PM","0"
"Year 1 Dec 09 10:00 PM","0"
"Year 1 Dec 09 11:00 PM","0"
"Year 1 Dec 10 12:00 AM","0"
"Year 1 Dec 10 1:00 AM","0"
"Year 1 Dec 10 2:00 AM","0"
"Year 1 Dec 10 3:00 AM","0"
"Year 1 Dec 10 4:00 AM","0"
"Year 1 Dec 10 5:00 AM","0"
"Year 1 Dec 10 6:00 AM","0"
"Year 1 Dec 10 7:00 AM","0"
"Year 1 Dec 10 8:00 AM","5.692417434164"
"Year 1 Dec 10 9:00 AM","12.2665841371618"
"Year 1 Dec 10 10:00 AM","16.5130670581365"
"Year 1 Dec 10 11:00 AM","19.034511541259"
"Year 1 Dec 10 12:00 PM","20.0579919429379"
"Year 1 Dec 10 1:00 PM","19.1371830148403"
"Year 1 Dec 10 2:00 PM","19.4696349107794"
"Year 1 Dec 10 3:00 PM","19.6455039008984"
"Year 1 Dec 10 4:00 PM","11.0736493341773"
"Year 1 Dec 10 5:00 PM","0.77145811585338"
"Year 1 Dec 10 6:00 PM","0"
"Year 1 Dec 10 7:00 PM","0"
"Year 1 Dec 10 8:00 PM","0"
"Year 1 Dec 10 9:00 PM","0"
"Year 1 Dec 10 10:00 PM","0"
"Year 1 Dec 10 11:00 PM","0"
"Year 1 Dec 11 12:00 AM","0"
"Year 1 Dec 11 1:00 AM","0"
"Year 1 Dec 11 2:00 AM","0"
"Year 1 Dec 11 3:00 AM","0"
"Year 1 Dec 11 4:00 AM","0"
"Year 1 Dec 11 5:00 AM","0"
"Year 1 Dec 11 6:00 AM","0"
"Year 1 Dec 11 7:00 AM","0"
"Year 1 Dec 11 8:00 AM","5.24620409043376"
"Year 1 Dec 11 9:00 AM","16.6171926011536"
"Year 1 Dec 11 10:00 AM","27.1337482950207"
"Year 1 Dec 11 11:00 AM","30.9299296912262"
"Year 1 Dec 11 12:00 PM","32.9811602458162"
"Year 1 Dec 11 1:00 PM","34.3732542730108"
"Year 1 Dec 11 2:00 PM","20.9722810678095"
"Year 1 Dec 11 3:00 PM","15.0251822655949"
"Year 1 Dec 11 4:00 PM","8.96531316665787"
"Year 1 Dec 11 5:00 PM","0.755148220895627"
"Year 1 Dec 11 6:00 PM","0"
"Year 1 Dec 11 7:00 PM","0"
"Year 1 Dec 11 8:00 PM","0"
"Year 1 Dec 11 9:00 PM","0"
"Year 1 Dec 11 10:00 PM","0"
"Year 1 Dec 11 11:00 PM","0"
"Year 1 Dec 12 12:00 AM","0"
"Year 1 Dec 12 1:00 AM","0"
"Year 1 Dec 12 2:00 AM","0"
"Year 1 Dec 12 3:00 AM","0"
"Year 1 Dec 12 4:00 AM","0"
"Year 1 Dec 12 5:00 AM","0"
"Year 1 Dec 12 6:00 AM","0"
"Year 1 Dec 12 7:00 AM","0"
"Year 1 Dec 12 8:00 AM","6.03397202990312"
"Year 1 Dec 12 9:00 AM","17.5212455776843"
"Year 1 Dec 12 10:00 AM","25.2252358816614"
"Year 1 Dec 12 11:00 AM","33.7069787326495"
"Year 1 Dec 12 12:00 PM","33.209997309789"
"Year 1 Dec 12 1:00 PM","35.2018009293315"
"Year 1 Dec 12 2:00 PM","30.8640787845443"
"Year 1 Dec 12 3:00 PM","19.3279078151205"
"Year 1 Dec 12 4:00 PM","8.44591620136711"
"Year 1 Dec 12 5:00 PM","0.544574009317508"
"Year 1 Dec 12 6:00 PM","0"
"Year 1 Dec 12 7:00 PM","0"
"Year 1 Dec 12 8:00 PM","0"
"Year 1 Dec 12 9:00 PM","0"
"Year 1 Dec 12 10:00 PM","0"
"Year 1 Dec 12 11:00 PM","0"
"Year 1 Dec 13 12:00 AM","0"
"Year 1 Dec 13 1:00 AM","0"
"Year 1 Dec 13 2:00 AM","0"
"Year 1 Dec 13 3:00 AM","0"
"Year 1 Dec 13 4:00 AM","0"
"Year 1 Dec 13 5:00 AM","0"
"Year 1 Dec 13 6:00 AM","0"
"Year 1 Dec 13 7:00 AM","0"
"Year 1 Dec 13 8:00 AM","4.58534688000798"
"Year 1 Dec 13 9:00 AM","12.6104167478464"
"Year 1 Dec 13 10:00 AM","24.6075670319129"
"Year 1 Dec 13 11:00 AM","33.9216542226498"
"Year 1 Dec 13 12:00 PM","36.811703565792"
"Year 1 Dec 13 1:00 PM","35.7356124894992"
"Year 1 Dec 13 2:00 PM","32.9484511267843"
"Year 1 Dec 13 3:00 PM","21.3933091293207"
"Year 1 Dec 13 4:00 PM","10.0640091984857"
"Year 1 Dec 13 5:00 PM","0.661558065246615"
"Year 1 Dec 13 6:00 PM","0"
"Year 1 Dec 13 7:00 PM","0"
"Year 1 Dec 13 8:00 PM","0"
"Year 1 Dec 13 9:00 PM","0"
"Year 1 Dec 13 10:00 PM","0"
"Year 1 Dec 13 11:00 PM","0"
"Year 1 Dec 14 12:00 AM","0"
"Year 1 Dec 14 1:00 AM","0"
"Year 1 Dec 14 2:00 AM","0"
"Year 1 Dec 14 3:00 AM","0"
"Year 1 Dec 14 4:00 AM","0"
"Year 1 Dec 14 5:00 AM","0"
"Year 1 Dec 14 6:00 AM","0"
"Year 1 Dec 14 7:00 AM","0"
"Year 1 Dec 14 8:00 AM","6.33448261849682"
"Year 1 Dec 14 9:00 AM","20.1315176948598"
"Year 1 Dec 14 10:00 AM","33.0400148153388"
"Year 1 Dec 14 11:00 AM","39.2161053818264"
"Year 1 Dec 14 12:00 PM","43.4376158646388"
"Year 1 Dec 14 1:00 PM","41.1323670934043"
"Year 1 Dec 14 2:00 PM","34.5940844426047"
"Year 1 Dec 14 3:00 PM","21.5928860786676"
"Year 1 Dec 14 4:00 PM","8.37322322395903"
"Year 1 Dec 14 5:00 PM","0.555136719061457"
"Year 1 Dec 14 6:00 PM","0"
"Year 1 Dec 14 7:00 PM","0"
"Year 1 Dec 14 8:00 PM","0"
"Year 1 Dec 14 9:00 PM","0"
"Year 1 Dec 14 10:00 PM","0"
"Year 1 Dec 14 11:00 PM","0"
"Year 1 Dec 15 12:00 AM","0"
"Year 1 Dec 15 1:00 AM","0"
"Year 1 Dec 15 2:00 AM","0"
"Year 1 Dec 15 3:00 AM","0"
"Year 1 Dec 15 4:00 AM","0"
"Year 1 Dec 15 5:00 AM","0"
"Year 1 Dec 15 6:00 AM","0"
"Year 1 Dec 15 7:00 AM","0"
"Year 1 Dec 15 8:00 AM","5.18954288336378"
"Year 1 Dec 15 9:00 AM","17.7977847642821"
"Year 1 Dec 15 10:00 AM","27.0555154792106"
"Year 1 Dec 15 11:00 AM","31.0807519993614"
"Year 1 Dec 15 12:00 PM","31.5856974672897"
"Year 1 Dec 15 1:00 PM","29.3509387510553"
"Year 1 Dec 15 2:00 PM","26.6939432805336"
"Year 1 Dec 15 3:00 PM","21.6211034946546"
"Year 1 Dec 15 4:00 PM","10.2471237246807"
"Year 1 Dec 15 5:00 PM","0.736843378348918"
"Year 1 Dec 15 6:00 PM","0"
"Year 1 Dec 15 7:00 PM","0"
"Year 1 Dec 15 8:00 PM","0"
"Year 1 Dec 15 9:00 PM","0"
"Year 1 Dec 15 10:00 PM","0"
"Year 1 Dec 15 11:00 PM","0"
"Year 1 Dec 16 12:00 AM","0"
"Year 1 Dec 16 1:00 AM","0"
"Year 1 Dec 16 2:00 AM","0"
"Year 1 Dec 16 3:00 AM","0"
"Year 1 Dec 16 4:00 AM","0"
"Year 1 Dec 16 5:00 AM","0"
"Year 1 Dec 16 6:00 AM","0"
"Year 1 Dec 16 7:00 AM","0"
"Year 1 Dec 16 8:00 AM","5.27356589386065"
"Year 1 Dec 16 9:00 AM","12.1291517363188"
"Year 1 Dec 16 10:00 AM","18.4655002100876"
"Year 1 Dec 16 11:00 AM","28.9411061448375"
"Year 1 Dec 16 12:00 PM","35.0406803617881"
"Year 1 Dec 16 1:00 PM","40.2645533771706"
"Year 1 Dec 16 2:00 PM","28.1936780798137"
"Year 1 Dec 16 3:00 PM","20.6817189320635"
"Year 1 Dec 16 4:00 PM","7.64328911849633"
"Year 1 Dec 16 5:00 PM","0.438705901602886"
"Year 1 Dec 16 6:00 PM","0"
"Year 1 Dec 16 7:00 PM","0"
"Year 1 Dec 16 8:00 PM","0"
"Year 1 Dec 16 9:00 PM","0"
"Year 1 Dec 16 10:00 PM","0"
"Year 1 Dec 16 11:00 PM","0"
"Year 1 Dec 17 12:00 AM","0"
"Year 1 Dec 17 1:00 AM","0"
"Year 1 Dec 17 2:00 AM","0"
"Year 1 Dec 17 3:00 AM","0"
"Year 1 Dec 17 4:00 AM","0"
"Year 1 Dec 17 5:00 AM","0"
"Year 1 Dec 17 6:00 AM","0"
"Year 1 Dec 17 7:00 AM","0"
"Year 1 Dec 17 8:00 AM","2.7561711196243"
"Year 1 Dec 17 9:00 AM","13.1297116287571"
"Year 1 Dec 17 10:00 AM","27.1277059504273"
"Year 1 Dec 17 11:00 AM","27.3749326693233"
"Year 1 Dec 17 12:00 PM","29.4656525283654"
"Year 1 Dec 17 1:00 PM","31.7735037650867"
"Year 1 Dec 17 2:00 PM","26.1466423941635"
"Year 1 Dec 17 3:00 PM","18.9608585239507"
"Year 1 Dec 17 4:00 PM","10.1736770696114"
"Year 1 Dec 17 5:00 PM","0.721002462712044"
"Year 1 Dec 17 6:00 PM","0"
"Year 1 Dec 17 7:00 PM","0"
"Year 1 Dec 17 8:00 PM","0"
"Year 1 Dec 17 9:00 PM","0"
"Year 1 Dec 17 10:00 PM","0"
"Year 1 Dec 17 11:00 PM","0"
"Year 1 Dec 18 12:00 AM","0"
"Year 1 Dec 18 1:00 AM","0"
"Year 1 Dec 18 2:00 AM","0"
"Year 1 Dec 18 3:00 AM","0"
"Year 1 Dec 18 4:00 AM","0"
"Year 1 Dec 18 5:00 AM","0"
"Year 1 Dec 18 6:00 AM","0"
"Year 1 Dec 18 7:00 AM","0"
"Year 1 Dec 18 8:00 AM","5.52564830439058"
"Year 1 Dec 18 9:00 AM","15.2651525461447"
"Year 1 Dec 18 10:00 AM","20.1431706436583"
"Year 1 Dec 18 11:00 AM","22.8867907633691"
"Year 1 Dec 18 12:00 PM","23.9495952454681"
"Year 1 Dec 18 1:00 PM","23.4721983100926"
"Year 1 Dec 18 2:00 PM","21.6284815208298"
"Year 1 Dec 18 3:00 PM","17.7114742317605"
"Year 1 Dec 18 4:00 PM","10.6171770464171"
"Year 1 Dec 18 5:00 PM","0.779072952270851"
"Year 1 Dec 18 6:00 PM","0"
"Year 1 Dec 18 7:00 PM","0"
"Year 1 Dec 18 8:00 PM","0"
"Year 1 Dec 18 9:00 PM","0"
"Year 1 Dec 18 10:00 PM","0"
"Year 1 Dec 18 11:00 PM","0"
"Year 1 Dec 19 12:00 AM","0"
"Year 1 Dec 19 1:00 AM","0"
"Year 1 Dec 19 2:00 AM","0"
"Year 1 Dec 19 3:00 AM","0"
"Year 1 Dec 19 4:00 AM","0"
"Year 1 Dec 19 5:00 AM","0"
"Year 1 Dec 19 6:00 AM","0"
"Year 1 Dec 19 7:00 AM","0"
"Year 1 Dec 19 8:00 AM","4.47049460118809"
"Year 1 Dec 19 9:00 AM","11.917724120303"
"Year 1 Dec 19 10:00 AM","16.374067209653"
"Year 1 Dec 19 11:00 AM","18.5434085598519"
"Year 1 Dec 19 12:00 PM","20.741525359566"
"Year 1 Dec 19 1:00 PM","27.1706857106008"
"Year 1 Dec 19 2:00 PM","22.124826126317"
"Year 1 Dec 19 3:00 PM","15.9571052867294"
"Year 1 Dec 19 4:00 PM","8.81975695007322"
"Year 1 Dec 19 5:00 PM","0.693140761806888"
"Year 1 Dec 19 6:00 PM","0"
"Year 1 Dec 19 7:00 PM","0"
"Year 1 Dec 19 8:00 PM","0"
"Year 1 Dec 19 9:00 PM","0"
"Year 1 Dec 19 10:00 PM","0"
"Year 1 Dec 19 11:00 PM","0"
"Year 1 Dec 20 12:00 AM","0"
"Year 1 Dec 20 1:00 AM","0"
"Year 1 Dec 20 2:00 AM","0"
"Year 1 Dec 20 3:00 AM","0"
"Year 1 Dec 20 4:00 AM","0"
"Year 1 Dec 20 5:00 AM","0"
"Year 1 Dec 20 6:00 AM","0"
"Year 1 Dec 20 7:00 AM","0"
"Year 1 Dec 20 8:00 AM","4.91977339062141"
"Year 1 Dec 20 9:00 AM","15.2630597131773"
"Year 1 Dec 20 10:00 AM","20.8905415174675"
"Year 1 Dec 20 11:00 AM","25.5720560553769"
"Year 1 Dec 20 12:00 PM","29.700033180153"
"Year 1 Dec 20 1:00 PM","30.5214552885228"
"Year 1 Dec 20 2:00 PM","24.9645255267025"
"Year 1 Dec 20 3:00 PM","21.6158650976564"
"Year 1 Dec 20 4:00 PM","12.0403713421255"
"Year 1 Dec 20 5:00 PM","0.886888644165776"
"Year 1 Dec 20 6:00 PM","0"
"Year 1 Dec 20 7:00 PM","0"
"Year 1 Dec 20 8:00 PM","0"
"Year 1 Dec 20 9:00 PM","0"
"Year 1 Dec 20 10:00 PM","0"
"Year 1 Dec 20 11:00 PM","0"
"Year 1 Dec 21 12:00 AM","0"
"Year 1 Dec 21 1:00 AM","0"
"Year 1 Dec 21 2:00 AM","0"
"Year 1 Dec 21 3:00 AM","0"
"Year 1 Dec 21 4:00 AM","0"
"Year 1 Dec 21 5:00 AM","0"
"Year 1 Dec 21 6:00 AM","0"
"Year 1 Dec 21 7:00 AM","0"
"Year 1 Dec 21 8:00 AM","3.49907813111339"
"Year 1 Dec 21 9:00 AM","14.4430151020992"
"Year 1 Dec 21 10:00 AM","27.6370196439579"
"Year 1 Dec 21 11:00 AM","39.3707416473466"
"Year 1 Dec 21 12:00 PM","34.5096408483962"
"Year 1 Dec 21 1:00 PM","36.2286288771629"
"Year 1 Dec 21 2:00 PM","30.8555796429635"
"Year 1 Dec 21 3:00 PM","20.7935008698602"
"Year 1 Dec 21 4:00 PM","9.7221382946711"
"Year 1 Dec 21 5:00 PM","0.686162690310341"
"Year 1 Dec 21 6:00 PM","0"
"Year 1 Dec 21 7:00 PM","0"
"Year 1 Dec 21 8:00 PM","0"
"Year 1 Dec 21 9:00 PM","0"
"Year 1 Dec 21 10:00 PM","0"
"Year 1 Dec 21 11:00 PM","0"
"Year 1 Dec 22 12:00 AM","0"
"Year 1 Dec 22 1:00 AM","0"
"Year 1 Dec 22 2:00 AM","0"
"Year 1 Dec 22 3:00 AM","0"
"Year 1 Dec 22 4:00 AM","0"
"Year 1 Dec 22 5:00 AM","0"
"Year 1 Dec 22 6:00 AM","0"
"Year 1 Dec 22 7:00 AM","0"
"Year 1 Dec 22 8:00 AM","3.96465008791343"
"Year 1 Dec 22 9:00 AM","12.8014958580458"
"Year 1 Dec 22 10:00 AM","30.2453534041632"
"Year 1 Dec 22 11:00 AM","36.7491216863929"
"Year 1 Dec 22 12:00 PM","41.4433806951237"
"Year 1 Dec 22 1:00 PM","42.4021687229779"
"Year 1 Dec 22 2:00 PM","36.4474795095495"
"Year 1 Dec 22 3:00 PM","24.4185505299479"
"Year 1 Dec 22 4:00 PM","11.6442486434154"
"Year 1 Dec 22 5:00 PM","0.825094794744234"
"Year 1 Dec 22 6:00 PM","0"
"Year 1 Dec 22 7:00 PM","0"
"Year 1 Dec 22 8:00 PM","0"
"Year 1 Dec 22 9:00 PM","0"
"Year 1 Dec 22 10:00 PM","0"
"Year 1 Dec 22 11:00 PM","0"
"Year 1 Dec 23 12:00 AM","0"
"Year 1 Dec 23 1:00 AM","0"
"Year 1 Dec 23 2:00 AM","0"
"Year 1 Dec 23 3:00 AM","0"
"Year 1 Dec 23 4:00 AM","0"
"Year 1 Dec 23 5:00 AM","0"
"Year 1 Dec 23 6:00 AM","0"
"Year 1 Dec 23 7:00 AM","0"
"Year 1 Dec 23 8:00 AM","5.03336289946255"
"Year 1 Dec 23 9:00 AM","14.690406027042"
"Year 1 Dec 23 10:00 AM","17.4049745114534"
"Year 1 Dec 23 11:00 AM","18.1498481644008"
"Year 1 Dec 23 12:00 PM","17.9036322859218"
"Year 1 Dec 23 1:00 PM","17.4382592519662"
"Year 1 Dec 23 2:00 PM","16.1680877663279"
"Year 1 Dec 23 3:00 PM","13.325740004391"
"Year 1 Dec 23 4:00 PM","8.46262512578595"
"Year 1 Dec 23 5:00 PM","0.733001893062016"
"Year 1 Dec 23 6:00 PM","0"
"Year 1 Dec 23 7:00 PM","0"
"Year 1 Dec 23 8:00 PM","0"
"Year 1 Dec 23 9:00 PM","0"
"Year 1 Dec 23 10:00 PM","0"
"Year 1 Dec 23 11:00 PM","0"
"Year 1 Dec 24 12:00 AM","0"
"Year 1 Dec 24 1:00 AM","0"
"Year 1 Dec 24 2:00 AM","0"
"Year 1 Dec 24 3:00 AM","0"
"Year 1 Dec 24 4:00 AM","0"
"Year 1 Dec 24 5:00 AM","0"
"Year 1 Dec 24 6:00 AM","0"
"Year 1 Dec 24 7:00 AM","0"
"Year 1 Dec 24 8:00 AM","4.31733322800361"
"Year 1 Dec 24 9:00 AM","12.9601651717005"
"Year 1 Dec 24 10:00 AM","18.5604432556624"
"Year 1 Dec 24 11:00 AM","20.6468194028891"
"Year 1 Dec 24 12:00 PM","21.3862630186082"
"Year 1 Dec 24 1:00 PM","21.0752860835183"
"Year 1 Dec 24 2:00 PM","19.5780040458777"
"Year 1 Dec 24 3:00 PM","16.0866306376444"
"Year 1 Dec 24 4:00 PM","9.61479272175885"
"Year 1 Dec 24 5:00 PM","0.846948383981141"
"Year 1 Dec 24 6:00 PM","0"
"Year 1 Dec 24 7:00 PM","0"
"Year 1 Dec 24 8:00 PM","0"
"Year 1 Dec 24 9:00 PM","0"
"Year 1 Dec 24 10:00 PM","0"
"Year 1 Dec 24 11:00 PM","0"
"Year 1 Dec 25 12:00 AM","0"
"Year 1 Dec 25 1:00 AM","0"
"Year 1 Dec 25 2:00 AM","0"
"Year 1 Dec 25 3:00 AM","0"
"Year 1 Dec 25 4:00 AM","0"
"Year 1 Dec 25 5:00 AM","0"
"Year 1 Dec 25 6:00 AM","0"
"Year 1 Dec 25 7:00 AM","0"
"Year 1 Dec 25 8:00 AM","4.72328162914331"
"Year 1 Dec 25 9:00 AM","14.7469371096421"
"Year 1 Dec 25 10:00 AM","18.1692279089317"
"Year 1 Dec 25 11:00 AM","22.599384502308"
"Year 1 Dec 25 12:00 PM","23.6616209644069"
"Year 1 Dec 25 1:00 PM","25.3325665443138"
"Year 1 Dec 25 2:00 PM","30.277060891501"
"Year 1 Dec 25 3:00 PM","19.1262921833197"
"Year 1 Dec 25 4:00 PM","11.2576622239508"
"Year 1 Dec 25 5:00 PM","0.826994283617342"
"Year 1 Dec 25 6:00 PM","0"
"Year 1 Dec 25 7:00 PM","0"
"Year 1 Dec 25 8:00 PM","0"
"Year 1 Dec 25 9:00 PM","0"
"Year 1 Dec 25 10:00 PM","0"
"Year 1 Dec 25 11:00 PM","0"
"Year 1 Dec 26 12:00 AM","0"
"Year 1 Dec 26 1:00 AM","0"
"Year 1 Dec 26 2:00 AM","0"
"Year 1 Dec 26 3:00 AM","0"
"Year 1 Dec 26 4:00 AM","0"
"Year 1 Dec 26 5:00 AM","0"
"Year 1 Dec 26 6:00 AM","0"
"Year 1 Dec 26 7:00 AM","0"
"Year 1 Dec 26 8:00 AM","4.3866832293085"
"Year 1 Dec 26 9:00 AM","14.4602365074207"
"Year 1 Dec 26 10:00 AM","25.8983780164285"
"Year 1 Dec 26 11:00 AM","32.0340071008625"
"Year 1 Dec 26 12:00 PM","39.2561408540542"
"Year 1 Dec 26 1:00 PM","36.4247496013218"
"Year 1 Dec 26 2:00 PM","30.9547305041141"
"Year 1 Dec 26 3:00 PM","22.5777024330182"
"Year 1 Dec 26 4:00 PM","10.5820650509694"
"Year 1 Dec 26 5:00 PM","0.784505140251352"
"Year 1 Dec 26 6:00 PM","0"
"Year 1 Dec 26 7:00 PM","0"
"Year 1 Dec 26 8:00 PM","0"
"Year 1 Dec 26 9:00 PM","0"
"Year 1 Dec 26 10:00 PM","0"
"Year 1 Dec 26 11:00 PM","0"
"Year 1 Dec 27 12:00 AM","0"
"Year 1 Dec 27 1:00 AM","0"
"Year 1 Dec 27 2:00 AM","0"
"Year 1 Dec 27 3:00 AM","0"
"Year 1 Dec 27 4:00 AM","0"
"Year 1 Dec 27 5:00 AM","0"
"Year 1 Dec 27 6:00 AM","0"
"Year 1 Dec 27 7:00 AM","0"
"Year 1 Dec 27 8:00 AM","2.67050901332691"
"Year 1 Dec 27 9:00 AM","12.2696601090263"
"Year 1 Dec 27 10:00 AM","27.0810195864259"
"Year 1 Dec 27 11:00 AM","34.3659606046512"
"Year 1 Dec 27 12:00 PM","36.6524605104783"
"Year 1 Dec 27 1:00 PM","41.3753271676814"
"Year 1 Dec 27 2:00 PM","29.771987273455"
"Year 1 Dec 27 3:00 PM","16.9332839148606"
"Year 1 Dec 27 4:00 PM","9.11906026944049"
"Year 1 Dec 27 5:00 PM","1.17308694676729"
"Year 1 Dec 27 6:00 PM","0"
"Year 1 Dec 27 7:00 PM","0"
"Year 1 Dec 27 8:00 PM","0"
"Year 1 Dec 27 9:00 PM","0"
"Year 1 Dec 27 10:00 PM","0"
"Year 1 Dec 27 11:00 PM","0"
"Year 1 Dec 28 12:00 AM","0"
"Year 1 Dec 28 1:00 AM","0"
"Year 1 Dec 28 2:00 AM","0"
"Year 1 Dec 28 3:00 AM","0"
"Year 1 Dec 28 4:00 AM","0"
"Year 1 Dec 28 5:00 AM","0"
"Year 1 Dec 28 6:00 AM","0"
"Year 1 Dec 28 7:00 AM","0"
"Year 1 Dec 28 8:00 AM","3.15459776986224"
"Year 1 Dec 28 9:00 AM","12.8295014138077"
"Year 1 Dec 28 10:00 AM","22.2992905240028"
"Year 1 Dec 28 11:00 AM","37.5794112889248"
"Year 1 Dec 28 12:00 PM","39.9134937721369"
"Year 1 Dec 28 1:00 PM","36.4156476070813"
"Year 1 Dec 28 2:00 PM","35.3180564005474"
"Year 1 Dec 28 3:00 PM","24.9665808792614"
"Year 1 Dec 28 4:00 PM","12.6578425185207"
"Year 1 Dec 28 5:00 PM","1.40389651433428"
"Year 1 Dec 28 6:00 PM","0"
"Year 1 Dec 28 7:00 PM","0"
"Year 1 Dec 28 8:00 PM","0"
"Year 1 Dec 28 9:00 PM","0"
"Year 1 Dec 28 10:00 PM","0"
"Year 1 Dec 28 11:00 PM","0"
"Year 1 Dec 29 12:00 AM","0"
"Year 1 Dec 29 1:00 AM","0"
"Year 1 Dec 29 2:00 AM","0"
"Year 1 Dec 29 3:00 AM","0"
"Year 1 Dec 29 4:00 AM","0"
"Year 1 Dec 29 5:00 AM","0"
"Year 1 Dec 29 6:00 AM","0"
"Year 1 Dec 29 7:00 AM","0"
"Year 1 Dec 29 8:00 AM","4.17952504597092"
"Year 1 Dec 29 9:00 AM","12.4273137757578"
"Year 1 Dec 29 10:00 AM","16.1762549358152"
"Year 1 Dec 29 11:00 AM","20.3610182441438"
"Year 1 Dec 29 12:00 PM","21.4829201311142"
"Year 1 Dec 29 1:00 PM","21.140679239064"
"Year 1 Dec 29 2:00 PM","18.6368624667249"
"Year 1 Dec 29 3:00 PM","15.7850524503913"
"Year 1 Dec 29 4:00 PM","11.4508163899869"
"Year 1 Dec 29 5:00 PM","1.69804547483855"
"Year 1 Dec 29 6:00 PM","0"
"Year 1 Dec 29 7:00 PM","0"
"Year 1 Dec 29 8:00 PM","0"
"Year 1 Dec 29 9:00 PM","0"
"Year 1 Dec 29 10:00 PM","0"
"Year 1 Dec 29 11:00 PM","0"
"Year 1 Dec 30 12:00 AM","0"
"Year 1 Dec 30 1:00 AM","0"
"Year 1 Dec 30 2:00 AM","0"
"Year 1 Dec 30 3:00 AM","0"
"Year 1 Dec 30 4:00 AM","0"
"Year 1 Dec 30 5:00 AM","0"
"Year 1 Dec 30 6:00 AM","0"
"Year 1 Dec 30 7:00 AM","0"
"Year 1 Dec 30 8:00 AM","4.30225506410847"
"Year 1 Dec 30 9:00 AM","15.8082515547465"
"Year 1 Dec 30 10:00 AM","25.2329918891694"
"Year 1 Dec 30 11:00 AM","33.1755118781635"
"Year 1 Dec 30 12:00 PM","37.1570137467309"
"Year 1 Dec 30 1:00 PM","35.1180502214699"
"Year 1 Dec 30 2:00 PM","28.1844303162217"
"Year 1 Dec 30 3:00 PM","21.6409100517101"
"Year 1 Dec 30 4:00 PM","11.7653321912319"
"Year 1 Dec 30 5:00 PM","1.46421203779327"
"Year 1 Dec 30 6:00 PM","0"
"Year 1 Dec 30 7:00 PM","0"
"Year 1 Dec 30 8:00 PM","0"
"Year 1 Dec 30 9:00 PM","0"
"Year 1 Dec 30 10:00 PM","0"
"Year 1 Dec 30 11:00 PM","0"
"Year 1 Dec 31 12:00 AM","0"
"Year 1 Dec 31 1:00 AM","0"
"Year 1 Dec 31 2:00 AM","0"
"Year 1 Dec 31 3:00 AM","0"
"Year 1 Dec 31 4:00 AM","0"
"Year 1 Dec 31 5:00 AM","0"
"Year 1 Dec 31 6:00 AM","0"
"Year 1 Dec 31 7:00 AM","0"
"Year 1 Dec 31 8:00 AM","3.31912089992477"
"Year 1 Dec 31 9:00 AM","13.4444385651786"
"Year 1 Dec 31 10:00 AM","24.8258157022188"
"Year 1 Dec 31 11:00 AM","32.9766747562507"
"Year 1 Dec 31 12:00 PM","28.422487383089"
"Year 1 Dec 31 1:00 PM","23.7567932910697"
"Year 1 Dec 31 2:00 PM","20.741634389387"
"Year 1 Dec 31 3:00 PM","15.3787853040078"
"Year 1 Dec 31 4:00 PM","11.7552996335484"
"Year 1 Dec 31 5:00 PM","1.60089457540934"
"Year 1 Dec 31 6:00 PM","0"
"Year 1 Dec 31 7:00 PM","0"
"Year 1 Dec 31 8:00 PM","0"
"Year 1 Dec 31 9:00 PM","0"
"Year 1 Dec 31 10:00 PM","0"
"Year 1 Dec 31 11:00 PM","0"
"Year 2 Jan 01 12:00 AM","0"