1,"eplusout.eso"

"Date/Time","[1] Surface Outside Face Incident Solar Radiation Rate per Area  (W/m2)"
,"ZONE_0:F5"
"Year 1 Jan 01 1:00 AM","0"
"Year 1 Jan 01 2:00 AM","0"
"Year 1 Jan 01 3:00 AM","0"
"Year 1 Jan 01 4:00 AM","0"
"Year 1 Jan 01 5:00 AM","0"
"Year 1 Jan 01 6:00 AM","0"
"Year 1 Jan 01 7:00 AM","0"
"Year 1 Jan 01 8:00 AM","14.3652218058605"
"Year 1 Jan 01 9:00 AM","109.579531666082"
"Year 1 Jan 01 10:00 AM","233.586447692072"
"Year 1 Jan 01 11:00 AM","323.172706139114"
"Year 1 Jan 01 12:00 PM","307.439263955379"
"Year 1 Jan 01 1:00 PM","143.82456095657"
"Year 1 Jan 01 2:00 PM","71.1293925332095"
"Year 1 Jan 01 3:00 PM","43.0275739901209"
"Year 1 Jan 01 4:00 PM","21.1767139400484"
"Year 1 Jan 01 5:00 PM","2.56334291651056"
"Year 1 Jan 01 6:00 PM","0"
"Year 1 Jan 01 7:00 PM","0"
"Year 1 Jan 01 8:00 PM","0"
"Year 1 Jan 01 9:00 PM","0"
"Year 1 Jan 01 10:00 PM","0"
"Year 1 Jan 01 11:00 PM","0"
"Year 1 Jan 02 12:00 AM","0"
"Year 1 Jan 02 1:00 AM","0"
"Year 1 Jan 02 2:00 AM","0"
"Year 1 Jan 02 3:00 AM","0"
"Year 1 Jan 02 4:00 AM","0"
"Year 1 Jan 02 5:00 AM","0"
"Year 1 Jan 02 6:00 AM","0"
"Year 1 Jan 02 7:00 AM","0"
"Year 1 Jan 02 8:00 AM","6.56362173618138"
"Year 1 Jan 02 9:00 AM","32.3133296648157"
"Year 1 Jan 02 10:00 AM","70.5003157182111"
"Year 1 Jan 02 11:00 AM","83.1959790904696"
"Year 1 Jan 02 12:00 PM","106.018383733044"
"Year 1 Jan 02 1:00 PM","102.410734396319"
"Year 1 Jan 02 2:00 PM","80.2587091508735"
"Year 1 Jan 02 3:00 PM","58.059254457856"
"Year 1 Jan 02 4:00 PM","27.4981156759708"
"Year 1 Jan 02 5:00 PM","3.58766685387752"
"Year 1 Jan 02 6:00 PM","0"
"Year 1 Jan 02 7:00 PM","0"
"Year 1 Jan 02 8:00 PM","0"
"Year 1 Jan 02 9:00 PM","0"
"Year 1 Jan 02 10:00 PM","0"
"Year 1 Jan 02 11:00 PM","0"
"Year 1 Jan 03 12:00 AM","0"
"Year 1 Jan 03 1:00 AM","0"
"Year 1 Jan 03 2:00 AM","0"
"Year 1 Jan 03 3:00 AM","0"
"Year 1 Jan 03 4:00 AM","0"
"Year 1 Jan 03 5:00 AM","0"
"Year 1 Jan 03 6:00 AM","0"
"Year 1 Jan 03 7:00 AM","0"
"Year 1 Jan 03 8:00 AM","14.4575898183832"
"Year 1 Jan 03 9:00 AM","55.3194589955539"
"Year 1 Jan 03 10:00 AM","104.951921558775"
"Year 1 Jan 03 11:00 AM","133.142623023183"
"Year 1 Jan 03 12:00 PM","135.837091469726"
"Year 1 Jan 03 1:00 PM","120.233828885118"
"Year 1 Jan 03 2:00 PM","94.237685532117"
"Year 1 Jan 03 3:00 PM","68.379196740814"
"Year 1 Jan 03 4:00 PM","35.6859637671447"
"Year 1 Jan 03 5:00 PM","4.69668980210295"
"Year 1 Jan 03 6:00 PM","0"
"Year 1 Jan 03 7:00 PM","0"
"Year 1 Jan 03 8:00 PM","0"
"Year 1 Jan 03 9:00 PM","0"
"Year 1 Jan 03 10:00 PM","0"
"Year 1 Jan 03 11:00 PM","0"
"Year 1 Jan 04 12:00 AM","0"
"Year 1 Jan 04 1:00 AM","0"
"Year 1 Jan 04 2:00 AM","0"
"Year 1 Jan 04 3:00 AM","0"
"Year 1 Jan 04 4:00 AM","0"
"Year 1 Jan 04 5:00 AM","0"
"Year 1 Jan 04 6:00 AM","0"
"Year 1 Jan 04 7:00 AM","0"
"Year 1 Jan 04 8:00 AM","13.616604950363"
"Year 1 Jan 04 9:00 AM","48.6512333998921"
"Year 1 Jan 04 10:00 AM","80.8881675516484"
"Year 1 Jan 04 11:00 AM","110.813610174688"
"Year 1 Jan 04 12:00 PM","117.560322218076"
"Year 1 Jan 04 1:00 PM","105.905229787683"
"Year 1 Jan 04 2:00 PM","78.2609741927267"
"Year 1 Jan 04 3:00 PM","60.7917963803501"
"Year 1 Jan 04 4:00 PM","30.4700927129561"
"Year 1 Jan 04 5:00 PM","4.27216214391948"
"Year 1 Jan 04 6:00 PM","0"
"Year 1 Jan 04 7:00 PM","0"
"Year 1 Jan 04 8:00 PM","0"
"Year 1 Jan 04 9:00 PM","0"
"Year 1 Jan 04 10:00 PM","0"
"Year 1 Jan 04 11:00 PM","0"
"Year 1 Jan 05 12:00 AM","0"
"Year 1 Jan 05 1:00 AM","0"
"Year 1 Jan 05 2:00 AM","0"
"Year 1 Jan 05 3:00 AM","0"
"Year 1 Jan 05 4:00 AM","0"
"Year 1 Jan 05 5:00 AM","0"
"Year 1 Jan 05 6:00 AM","0"
"Year 1 Jan 05 7:00 AM","0"
"Year 1 Jan 05 8:00 AM","19.1872865276704"
"Year 1 Jan 05 9:00 AM","117.624918636207"
"Year 1 Jan 05 10:00 AM","261.187103142457"
"Year 1 Jan 05 11:00 AM","373.260263949663"
"Year 1 Jan 05 12:00 PM","424.858398235374"
"Year 1 Jan 05 1:00 PM","248.461965540943"
"Year 1 Jan 05 2:00 PM","24.6846085858721"
"Year 1 Jan 05 3:00 PM","30.5805295888672"
"Year 1 Jan 05 4:00 PM","21.6280367279223"
"Year 1 Jan 05 5:00 PM","3.4771524122581"
"Year 1 Jan 05 6:00 PM","0"
"Year 1 Jan 05 7:00 PM","0"
"Year 1 Jan 05 8:00 PM","0"
"Year 1 Jan 05 9:00 PM","0"
"Year 1 Jan 05 10:00 PM","0"
"Year 1 Jan 05 11:00 PM","0"
"Year 1 Jan 06 12:00 AM","0"
"Year 1 Jan 06 1:00 AM","0"
"Year 1 Jan 06 2:00 AM","0"
"Year 1 Jan 06 3:00 AM","0"
"Year 1 Jan 06 4:00 AM","0"
"Year 1 Jan 06 5:00 AM","0"
"Year 1 Jan 06 6:00 AM","0"
"Year 1 Jan 06 7:00 AM","0"
"Year 1 Jan 06 8:00 AM","18.3372081189363"
"Year 1 Jan 06 9:00 AM","117.768173989971"
"Year 1 Jan 06 10:00 AM","238.661973495766"
"Year 1 Jan 06 11:00 AM","272.433415393146"
"Year 1 Jan 06 12:00 PM","162.823668561544"
"Year 1 Jan 06 1:00 PM","125.175347262112"
"Year 1 Jan 06 2:00 PM","66.2868877145137"
"Year 1 Jan 06 3:00 PM","53.7349204758908"
"Year 1 Jan 06 4:00 PM","32.5045205483683"
"Year 1 Jan 06 5:00 PM","4.57784212160788"
"Year 1 Jan 06 6:00 PM","0"
"Year 1 Jan 06 7:00 PM","0"
"Year 1 Jan 06 8:00 PM","0"
"Year 1 Jan 06 9:00 PM","0"
"Year 1 Jan 06 10:00 PM","0"
"Year 1 Jan 06 11:00 PM","0"
"Year 1 Jan 07 12:00 AM","0"
"Year 1 Jan 07 1:00 AM","0"
"Year 1 Jan 07 2:00 AM","0"
"Year 1 Jan 07 3:00 AM","0"
"Year 1 Jan 07 4:00 AM","0"
"Year 1 Jan 07 5:00 AM","0"
"Year 1 Jan 07 6:00 AM","0"
"Year 1 Jan 07 7:00 AM","0"
"Year 1 Jan 07 8:00 AM","20.8311967997679"
"Year 1 Jan 07 9:00 AM","138.162553449351"
"Year 1 Jan 07 10:00 AM","277.45253234525"
"Year 1 Jan 07 11:00 AM","382.20370203383"
"Year 1 Jan 07 12:00 PM","431.682557990778"
"Year 1 Jan 07 1:00 PM","251.84324598056"
"Year 1 Jan 07 2:00 PM","18.6166829072603"
"Year 1 Jan 07 3:00 PM","15.598692744528"
"Year 1 Jan 07 4:00 PM","10.6628621375298"
"Year 1 Jan 07 5:00 PM","3.18983611606909"
"Year 1 Jan 07 6:00 PM","0"
"Year 1 Jan 07 7:00 PM","0"
"Year 1 Jan 07 8:00 PM","0"
"Year 1 Jan 07 9:00 PM","0"
"Year 1 Jan 07 10:00 PM","0"
"Year 1 Jan 07 11:00 PM","0"
"Year 1 Jan 08 12:00 AM","0"
"Year 1 Jan 08 1:00 AM","0"
"Year 1 Jan 08 2:00 AM","0"
"Year 1 Jan 08 3:00 AM","0"
"Year 1 Jan 08 4:00 AM","0"
"Year 1 Jan 08 5:00 AM","0"
"Year 1 Jan 08 6:00 AM","0"
"Year 1 Jan 08 7:00 AM","0"
"Year 1 Jan 08 8:00 AM","21.0318364416125"
"Year 1 Jan 08 9:00 AM","135.057510900593"
"Year 1 Jan 08 10:00 AM","248.791247637632"
"Year 1 Jan 08 11:00 AM","342.384951794572"
"Year 1 Jan 08 12:00 PM","382.964395766915"
"Year 1 Jan 08 1:00 PM","230.588092339237"
"Year 1 Jan 08 2:00 PM","23.7969731812887"
"Year 1 Jan 08 3:00 PM","15.6518737409319"
"Year 1 Jan 08 4:00 PM","12.0531055348321"
"Year 1 Jan 08 5:00 PM","3.63793449053384"
"Year 1 Jan 08 6:00 PM","0"
"Year 1 Jan 08 7:00 PM","0"
"Year 1 Jan 08 8:00 PM","0"
"Year 1 Jan 08 9:00 PM","0"
"Year 1 Jan 08 10:00 PM","0"
"Year 1 Jan 08 11:00 PM","0"
"Year 1 Jan 09 12:00 AM","0"
"Year 1 Jan 09 1:00 AM","0"
"Year 1 Jan 09 2:00 AM","0"
"Year 1 Jan 09 3:00 AM","0"
"Year 1 Jan 09 4:00 AM","0"
"Year 1 Jan 09 5:00 AM","0"
"Year 1 Jan 09 6:00 AM","0"
"Year 1 Jan 09 7:00 AM","0"
"Year 1 Jan 09 8:00 AM","14.282061958317"
"Year 1 Jan 09 9:00 AM","76.2959306049939"
"Year 1 Jan 09 10:00 AM","162.325738090829"
"Year 1 Jan 09 11:00 AM","215.281740300142"
"Year 1 Jan 09 12:00 PM","268.048207372629"
"Year 1 Jan 09 1:00 PM","196.318964056224"
"Year 1 Jan 09 2:00 PM","62.2808941531758"
"Year 1 Jan 09 3:00 PM","36.8498929426942"
"Year 1 Jan 09 4:00 PM","22.9270633271832"
"Year 1 Jan 09 5:00 PM","4.88089079169623"
"Year 1 Jan 09 6:00 PM","0"
"Year 1 Jan 09 7:00 PM","0"
"Year 1 Jan 09 8:00 PM","0"
"Year 1 Jan 09 9:00 PM","0"
"Year 1 Jan 09 10:00 PM","0"
"Year 1 Jan 09 11:00 PM","0"
"Year 1 Jan 10 12:00 AM","0"
"Year 1 Jan 10 1:00 AM","0"
"Year 1 Jan 10 2:00 AM","0"
"Year 1 Jan 10 3:00 AM","0"
"Year 1 Jan 10 4:00 AM","0"
"Year 1 Jan 10 5:00 AM","0"
"Year 1 Jan 10 6:00 AM","0"
"Year 1 Jan 10 7:00 AM","0"
"Year 1 Jan 10 8:00 AM","17.927676107846"
"Year 1 Jan 10 9:00 AM","115.77176186287"
"Year 1 Jan 10 10:00 AM","244.490547126762"
"Year 1 Jan 10 11:00 AM","346.689288751131"
"Year 1 Jan 10 12:00 PM","394.447015466093"
"Year 1 Jan 10 1:00 PM","234.232902620215"
"Year 1 Jan 10 2:00 PM","23.7845381963884"
"Year 1 Jan 10 3:00 PM","21.3121816418854"
"Year 1 Jan 10 4:00 PM","16.1354355008294"
"Year 1 Jan 10 5:00 PM","4.62750880541935"
"Year 1 Jan 10 6:00 PM","0"
"Year 1 Jan 10 7:00 PM","0"
"Year 1 Jan 10 8:00 PM","0"
"Year 1 Jan 10 9:00 PM","0"
"Year 1 Jan 10 10:00 PM","0"
"Year 1 Jan 10 11:00 PM","0"
"Year 1 Jan 11 12:00 AM","0"
"Year 1 Jan 11 1:00 AM","0"
"Year 1 Jan 11 2:00 AM","0"
"Year 1 Jan 11 3:00 AM","0"
"Year 1 Jan 11 4:00 AM","0"
"Year 1 Jan 11 5:00 AM","0"
"Year 1 Jan 11 6:00 AM","0"
"Year 1 Jan 11 7:00 AM","0"
"Year 1 Jan 11 8:00 AM","8.67157280970867"
"Year 1 Jan 11 9:00 AM","42.8771106687756"
"Year 1 Jan 11 10:00 AM","109.447735383219"
"Year 1 Jan 11 11:00 AM","180.055978488266"
"Year 1 Jan 11 12:00 PM","303.829370781146"
"Year 1 Jan 11 1:00 PM","205.220226198646"
"Year 1 Jan 11 2:00 PM","35.031224614592"
"Year 1 Jan 11 3:00 PM","18.057100338107"
"Year 1 Jan 11 4:00 PM","11.3905679543216"
"Year 1 Jan 11 5:00 PM","3.62388673976142"
"Year 1 Jan 11 6:00 PM","0"
"Year 1 Jan 11 7:00 PM","0"
"Year 1 Jan 11 8:00 PM","0"
"Year 1 Jan 11 9:00 PM","0"
"Year 1 Jan 11 10:00 PM","0"
"Year 1 Jan 11 11:00 PM","0"
"Year 1 Jan 12 12:00 AM","0"
"Year 1 Jan 12 1:00 AM","0"
"Year 1 Jan 12 2:00 AM","0"
"Year 1 Jan 12 3:00 AM","0"
"Year 1 Jan 12 4:00 AM","0"
"Year 1 Jan 12 5:00 AM","0"
"Year 1 Jan 12 6:00 AM","0"
"Year 1 Jan 12 7:00 AM","0"
"Year 1 Jan 12 8:00 AM","16.3192615791428"
"Year 1 Jan 12 9:00 AM","59.7866023678593"
"Year 1 Jan 12 10:00 AM","50.3333999980081"
"Year 1 Jan 12 11:00 AM","72.4365950775357"
"Year 1 Jan 12 12:00 PM","92.7515793113441"
"Year 1 Jan 12 1:00 PM","94.5153257161513"
"Year 1 Jan 12 2:00 PM","80.4448034933082"
"Year 1 Jan 12 3:00 PM","56.7280089842414"
"Year 1 Jan 12 4:00 PM","29.4232034174686"
"Year 1 Jan 12 5:00 PM","5.29651645946726"
"Year 1 Jan 12 6:00 PM","0"
"Year 1 Jan 12 7:00 PM","0"
"Year 1 Jan 12 8:00 PM","0"
"Year 1 Jan 12 9:00 PM","0"
"Year 1 Jan 12 10:00 PM","0"
"Year 1 Jan 12 11:00 PM","0"
"Year 1 Jan 13 12:00 AM","0"
"Year 1 Jan 13 1:00 AM","0"
"Year 1 Jan 13 2:00 AM","0"
"Year 1 Jan 13 3:00 AM","0"
"Year 1 Jan 13 4:00 AM","0"
"Year 1 Jan 13 5:00 AM","0"
"Year 1 Jan 13 6:00 AM","0"
"Year 1 Jan 13 7:00 AM","0"
"Year 1 Jan 13 8:00 AM","17.9466730035604"
"Year 1 Jan 13 9:00 AM","108.671815694793"
"Year 1 Jan 13 10:00 AM","234.42373727368"
"Year 1 Jan 13 11:00 AM","334.914626540418"
"Year 1 Jan 13 12:00 PM","381.869841311039"
"Year 1 Jan 13 1:00 PM","226.88039782965"
"Year 1 Jan 13 2:00 PM","81.0663464900513"
"Year 1 Jan 13 3:00 PM","47.7459972294391"
"Year 1 Jan 13 4:00 PM","15.9532557214892"
"Year 1 Jan 13 5:00 PM","3.32114841221497"
"Year 1 Jan 13 6:00 PM","0"
"Year 1 Jan 13 7:00 PM","0"
"Year 1 Jan 13 8:00 PM","0"
"Year 1 Jan 13 9:00 PM","0"
"Year 1 Jan 13 10:00 PM","0"
"Year 1 Jan 13 11:00 PM","0"
"Year 1 Jan 14 12:00 AM","0"
"Year 1 Jan 14 1:00 AM","0"
"Year 1 Jan 14 2:00 AM","0"
"Year 1 Jan 14 3:00 AM","0"
"Year 1 Jan 14 4:00 AM","0"
"Year 1 Jan 14 5:00 AM","0"
"Year 1 Jan 14 6:00 AM","0"
"Year 1 Jan 14 7:00 AM","0"
"Year 1 Jan 14 8:00 AM","12.5987202594365"
"Year 1 Jan 14 9:00 AM","49.4192854531244"
"Year 1 Jan 14 10:00 AM","79.0147138076852"
"Year 1 Jan 14 11:00 AM","95.518375645007"
"Year 1 Jan 14 12:00 PM","113.570110959956"
"Year 1 Jan 14 1:00 PM","95.9471628307465"
"Year 1 Jan 14 2:00 PM","21.5647793377875"
"Year 1 Jan 14 3:00 PM","18.1137606204746"
"Year 1 Jan 14 4:00 PM","13.723903808482"
"Year 1 Jan 14 5:00 PM","4.16783953293762"
"Year 1 Jan 14 6:00 PM","0"
"Year 1 Jan 14 7:00 PM","0"
"Year 1 Jan 14 8:00 PM","0"
"Year 1 Jan 14 9:00 PM","0"
"Year 1 Jan 14 10:00 PM","0"
"Year 1 Jan 14 11:00 PM","0"
"Year 1 Jan 15 12:00 AM","0"
"Year 1 Jan 15 1:00 AM","0"
"Year 1 Jan 15 2:00 AM","0"
"Year 1 Jan 15 3:00 AM","0"
"Year 1 Jan 15 4:00 AM","0"
"Year 1 Jan 15 5:00 AM","0"
"Year 1 Jan 15 6:00 AM","0"
"Year 1 Jan 15 7:00 AM","0"
"Year 1 Jan 15 8:00 AM","15.8499028711413"
"Year 1 Jan 15 9:00 AM","80.8219732283065"
"Year 1 Jan 15 10:00 AM","221.708385066011"
"Year 1 Jan 15 11:00 AM","344.302725936928"
"Year 1 Jan 15 12:00 PM","392.26052968864"
"Year 1 Jan 15 1:00 PM","237.26821864827"
"Year 1 Jan 15 2:00 PM","40.5628516033983"
"Year 1 Jan 15 3:00 PM","44.4460256049497"
"Year 1 Jan 15 4:00 PM","27.1052794481604"
"Year 1 Jan 15 5:00 PM","6.48084766712365"
"Year 1 Jan 15 6:00 PM","0"
"Year 1 Jan 15 7:00 PM","0"
"Year 1 Jan 15 8:00 PM","0"
"Year 1 Jan 15 9:00 PM","0"
"Year 1 Jan 15 10:00 PM","0"
"Year 1 Jan 15 11:00 PM","0"
"Year 1 Jan 16 12:00 AM","0"
"Year 1 Jan 16 1:00 AM","0"
"Year 1 Jan 16 2:00 AM","0"
"Year 1 Jan 16 3:00 AM","0"
"Year 1 Jan 16 4:00 AM","0"
"Year 1 Jan 16 5:00 AM","0"
"Year 1 Jan 16 6:00 AM","0"
"Year 1 Jan 16 7:00 AM","0"
"Year 1 Jan 16 8:00 AM","15.5438211934164"
"Year 1 Jan 16 9:00 AM","80.2588998039533"
"Year 1 Jan 16 10:00 AM","138.046387344427"
"Year 1 Jan 16 11:00 AM","104.250985347802"
"Year 1 Jan 16 12:00 PM","198.49615393201"
"Year 1 Jan 16 1:00 PM","198.283575438315"
"Year 1 Jan 16 2:00 PM","40.7917389885891"
"Year 1 Jan 16 3:00 PM","53.9085494013924"
"Year 1 Jan 16 4:00 PM","32.1687119834205"
"Year 1 Jan 16 5:00 PM","7.5850466947627"
"Year 1 Jan 16 6:00 PM","0"
"Year 1 Jan 16 7:00 PM","0"
"Year 1 Jan 16 8:00 PM","0"
"Year 1 Jan 16 9:00 PM","0"
"Year 1 Jan 16 10:00 PM","0"
"Year 1 Jan 16 11:00 PM","0"
"Year 1 Jan 17 12:00 AM","0"
"Year 1 Jan 17 1:00 AM","0"
"Year 1 Jan 17 2:00 AM","0"
"Year 1 Jan 17 3:00 AM","0"
"Year 1 Jan 17 4:00 AM","0"
"Year 1 Jan 17 5:00 AM","0"
"Year 1 Jan 17 6:00 AM","0"
"Year 1 Jan 17 7:00 AM","0"
"Year 1 Jan 17 8:00 AM","20.0233529633811"
"Year 1 Jan 17 9:00 AM","126.426084254401"
"Year 1 Jan 17 10:00 AM","257.955241789368"
"Year 1 Jan 17 11:00 AM","337.818716006272"
"Year 1 Jan 17 12:00 PM","395.822422739844"
"Year 1 Jan 17 1:00 PM","221.793116489421"
"Year 1 Jan 17 2:00 PM","43.8670614351056"
"Year 1 Jan 17 3:00 PM","47.3729498488688"
"Year 1 Jan 17 4:00 PM","32.8357429406526"
"Year 1 Jan 17 5:00 PM","8.29478509861212"
"Year 1 Jan 17 6:00 PM","0"
"Year 1 Jan 17 7:00 PM","0"
"Year 1 Jan 17 8:00 PM","0"
"Year 1 Jan 17 9:00 PM","0"
"Year 1 Jan 17 10:00 PM","0"
"Year 1 Jan 17 11:00 PM","0"
"Year 1 Jan 18 12:00 AM","0"
"Year 1 Jan 18 1:00 AM","0"
"Year 1 Jan 18 2:00 AM","0"
"Year 1 Jan 18 3:00 AM","0"
"Year 1 Jan 18 4:00 AM","0"
"Year 1 Jan 18 5:00 AM","0"
"Year 1 Jan 18 6:00 AM","0"
"Year 1 Jan 18 7:00 AM","0"
"Year 1 Jan 18 8:00 AM","7.37011061705375"
"Year 1 Jan 18 9:00 AM","39.3438921653567"
"Year 1 Jan 18 10:00 AM","129.770360703711"
"Year 1 Jan 18 11:00 AM","206.058227003468"
"Year 1 Jan 18 12:00 PM","219.070298588619"
"Year 1 Jan 18 1:00 PM","101.065889860902"
"Year 1 Jan 18 2:00 PM","70.4617318477704"
"Year 1 Jan 18 3:00 PM","53.568537298076"
"Year 1 Jan 18 4:00 PM","25.2771008493283"
"Year 1 Jan 18 5:00 PM","5.86413768890673"
"Year 1 Jan 18 6:00 PM","0"
"Year 1 Jan 18 7:00 PM","0"
"Year 1 Jan 18 8:00 PM","0"
"Year 1 Jan 18 9:00 PM","0"
"Year 1 Jan 18 10:00 PM","0"
"Year 1 Jan 18 11:00 PM","0"
"Year 1 Jan 19 12:00 AM","0"
"Year 1 Jan 19 1:00 AM","0"
"Year 1 Jan 19 2:00 AM","0"
"Year 1 Jan 19 3:00 AM","0"
"Year 1 Jan 19 4:00 AM","0"
"Year 1 Jan 19 5:00 AM","0"
"Year 1 Jan 19 6:00 AM","0"
"Year 1 Jan 19 7:00 AM","0"
"Year 1 Jan 19 8:00 AM","12.1310282767204"
"Year 1 Jan 19 9:00 AM","52.1242141194907"
"Year 1 Jan 19 10:00 AM","83.3175232695553"
"Year 1 Jan 19 11:00 AM","112.440214350843"
"Year 1 Jan 19 12:00 PM","136.34116329121"
"Year 1 Jan 19 1:00 PM","122.130950631829"
"Year 1 Jan 19 2:00 PM","98.8537869818967"
"Year 1 Jan 19 3:00 PM","70.7515983527116"
"Year 1 Jan 19 4:00 PM","41.5049316015059"
"Year 1 Jan 19 5:00 PM","10.43218292586"
"Year 1 Jan 19 6:00 PM","0"
"Year 1 Jan 19 7:00 PM","0"
"Year 1 Jan 19 8:00 PM","0"
"Year 1 Jan 19 9:00 PM","0"
"Year 1 Jan 19 10:00 PM","0"
"Year 1 Jan 19 11:00 PM","0"
"Year 1 Jan 20 12:00 AM","0"
"Year 1 Jan 20 1:00 AM","0"
"Year 1 Jan 20 2:00 AM","0"
"Year 1 Jan 20 3:00 AM","0"
"Year 1 Jan 20 4:00 AM","0"
"Year 1 Jan 20 5:00 AM","0"
"Year 1 Jan 20 6:00 AM","0"
"Year 1 Jan 20 7:00 AM","0"
"Year 1 Jan 20 8:00 AM","13.3772714310915"
"Year 1 Jan 20 9:00 AM","48.9518641420843"
"Year 1 Jan 20 10:00 AM","88.7206345446886"
"Year 1 Jan 20 11:00 AM","114.043527729455"
"Year 1 Jan 20 12:00 PM","129.194204258424"
"Year 1 Jan 20 1:00 PM","109.444591352606"
"Year 1 Jan 20 2:00 PM","32.5544921830807"
"Year 1 Jan 20 3:00 PM","19.5642697399538"
"Year 1 Jan 20 4:00 PM","14.6791752389406"
"Year 1 Jan 20 5:00 PM","7.13902331018402"
"Year 1 Jan 20 6:00 PM","0"
"Year 1 Jan 20 7:00 PM","0"
"Year 1 Jan 20 8:00 PM","0"
"Year 1 Jan 20 9:00 PM","0"
"Year 1 Jan 20 10:00 PM","0"
"Year 1 Jan 20 11:00 PM","0"
"Year 1 Jan 21 12:00 AM","0"
"Year 1 Jan 21 1:00 AM","0"
"Year 1 Jan 21 2:00 AM","0"
"Year 1 Jan 21 3:00 AM","0"
"Year 1 Jan 21 4:00 AM","0"
"Year 1 Jan 21 5:00 AM","0"
"Year 1 Jan 21 6:00 AM","0"
"Year 1 Jan 21 7:00 AM","0"
"Year 1 Jan 21 8:00 AM","20.4847080684058"
"Year 1 Jan 21 9:00 AM","91.0916576357172"
"Year 1 Jan 21 10:00 AM","167.315398400018"
"Year 1 Jan 21 11:00 AM","286.000269844443"
"Year 1 Jan 21 12:00 PM","315.662766080332"
"Year 1 Jan 21 1:00 PM","204.826023512866"
"Year 1 Jan 21 2:00 PM","76.9345156404568"
"Year 1 Jan 21 3:00 PM","51.546634100992"
"Year 1 Jan 21 4:00 PM","34.5311026681754"
"Year 1 Jan 21 5:00 PM","10.2232243255561"
"Year 1 Jan 21 6:00 PM","0"
"Year 1 Jan 21 7:00 PM","0"
"Year 1 Jan 21 8:00 PM","0"
"Year 1 Jan 21 9:00 PM","0"
"Year 1 Jan 21 10:00 PM","0"
"Year 1 Jan 21 11:00 PM","0"
"Year 1 Jan 22 12:00 AM","0"
"Year 1 Jan 22 1:00 AM","0"
"Year 1 Jan 22 2:00 AM","0"
"Year 1 Jan 22 3:00 AM","0"
"Year 1 Jan 22 4:00 AM","0"
"Year 1 Jan 22 5:00 AM","0"
"Year 1 Jan 22 6:00 AM","0"
"Year 1 Jan 22 7:00 AM","0"
"Year 1 Jan 22 8:00 AM","9.01910241572299"
"Year 1 Jan 22 9:00 AM","44.1368076604392"
"Year 1 Jan 22 10:00 AM","136.940356138599"
"Year 1 Jan 22 11:00 AM","311.564200865126"
"Year 1 Jan 22 12:00 PM","376.582084206527"
"Year 1 Jan 22 1:00 PM","279.128640927993"
"Year 1 Jan 22 2:00 PM","23.049354783194"
"Year 1 Jan 22 3:00 PM","20.61888011977"
"Year 1 Jan 22 4:00 PM","15.5533845443945"
"Year 1 Jan 22 5:00 PM","6.30561351072504"
"Year 1 Jan 22 6:00 PM","0"
"Year 1 Jan 22 7:00 PM","0"
"Year 1 Jan 22 8:00 PM","0"
"Year 1 Jan 22 9:00 PM","0"
"Year 1 Jan 22 10:00 PM","0"
"Year 1 Jan 22 11:00 PM","0"
"Year 1 Jan 23 12:00 AM","0"
"Year 1 Jan 23 1:00 AM","0"
"Year 1 Jan 23 2:00 AM","0"
"Year 1 Jan 23 3:00 AM","0"
"Year 1 Jan 23 4:00 AM","0"
"Year 1 Jan 23 5:00 AM","0"
"Year 1 Jan 23 6:00 AM","0"
"Year 1 Jan 23 7:00 AM","0"
"Year 1 Jan 23 8:00 AM","21.9042761589683"
"Year 1 Jan 23 9:00 AM","124.296096455798"
"Year 1 Jan 23 10:00 AM","254.018571706292"
"Year 1 Jan 23 11:00 AM","341.275186440952"
"Year 1 Jan 23 12:00 PM","382.632127615645"
"Year 1 Jan 23 1:00 PM","275.833047230824"
"Year 1 Jan 23 2:00 PM","34.6776218356975"
"Year 1 Jan 23 3:00 PM","31.1289247298927"
"Year 1 Jan 23 4:00 PM","23.6072637158912"
"Year 1 Jan 23 5:00 PM","8.53766233672733"
"Year 1 Jan 23 6:00 PM","0"
"Year 1 Jan 23 7:00 PM","0"
"Year 1 Jan 23 8:00 PM","0"
"Year 1 Jan 23 9:00 PM","0"
"Year 1 Jan 23 10:00 PM","0"
"Year 1 Jan 23 11:00 PM","0"
"Year 1 Jan 24 12:00 AM","0"
"Year 1 Jan 24 1:00 AM","0"
"Year 1 Jan 24 2:00 AM","0"
"Year 1 Jan 24 3:00 AM","0"
"Year 1 Jan 24 4:00 AM","0"
"Year 1 Jan 24 5:00 AM","0"
"Year 1 Jan 24 6:00 AM","0"
"Year 1 Jan 24 7:00 AM","0"
"Year 1 Jan 24 8:00 AM","8.36007435348858"
"Year 1 Jan 24 9:00 AM","28.9818214127881"
"Year 1 Jan 24 10:00 AM","68.8968504260084"
"Year 1 Jan 24 11:00 AM","106.32839016161"
"Year 1 Jan 24 12:00 PM","132.10496954396"
"Year 1 Jan 24 1:00 PM","120.639730240119"
"Year 1 Jan 24 2:00 PM","90.6223096090288"
"Year 1 Jan 24 3:00 PM","68.9351105649125"
"Year 1 Jan 24 4:00 PM","40.3422678370489"
"Year 1 Jan 24 5:00 PM","10.4348534935303"
"Year 1 Jan 24 6:00 PM","0"
"Year 1 Jan 24 7:00 PM","0"
"Year 1 Jan 24 8:00 PM","0"
"Year 1 Jan 24 9:00 PM","0"
"Year 1 Jan 24 10:00 PM","0"
"Year 1 Jan 24 11:00 PM","0"
"Year 1 Jan 25 12:00 AM","0"
"Year 1 Jan 25 1:00 AM","0"
"Year 1 Jan 25 2:00 AM","0"
"Year 1 Jan 25 3:00 AM","0"
"Year 1 Jan 25 4:00 AM","0"
"Year 1 Jan 25 5:00 AM","0"
"Year 1 Jan 25 6:00 AM","0"
"Year 1 Jan 25 7:00 AM","0"
"Year 1 Jan 25 8:00 AM","12.5374123823727"
"Year 1 Jan 25 9:00 AM","46.7335686289825"
"Year 1 Jan 25 10:00 AM","136.432159021606"
"Year 1 Jan 25 11:00 AM","107.410329116618"
"Year 1 Jan 25 12:00 PM","109.647655194986"
"Year 1 Jan 25 1:00 PM","92.9345827838868"
"Year 1 Jan 25 2:00 PM","73.0876779434666"
"Year 1 Jan 25 3:00 PM","30.4456407669236"
"Year 1 Jan 25 4:00 PM","20.6522073154585"
"Year 1 Jan 25 5:00 PM","8.60111392946391"
"Year 1 Jan 25 6:00 PM","0"
"Year 1 Jan 25 7:00 PM","0"
"Year 1 Jan 25 8:00 PM","0"
"Year 1 Jan 25 9:00 PM","0"
"Year 1 Jan 25 10:00 PM","0"
"Year 1 Jan 25 11:00 PM","0"
"Year 1 Jan 26 12:00 AM","0"
"Year 1 Jan 26 1:00 AM","0"
"Year 1 Jan 26 2:00 AM","0"
"Year 1 Jan 26 3:00 AM","0"
"Year 1 Jan 26 4:00 AM","0"
"Year 1 Jan 26 5:00 AM","0"
"Year 1 Jan 26 6:00 AM","0"
"Year 1 Jan 26 7:00 AM","0"
"Year 1 Jan 26 8:00 AM","11.4363828940738"
"Year 1 Jan 26 9:00 AM","37.9503690751471"
"Year 1 Jan 26 10:00 AM","76.4823549412058"
"Year 1 Jan 26 11:00 AM","107.880639544658"
"Year 1 Jan 26 12:00 PM","113.811374445701"
"Year 1 Jan 26 1:00 PM","106.103063845789"
"Year 1 Jan 26 2:00 PM","65.2888523706181"
"Year 1 Jan 26 3:00 PM","55.0596583462261"
"Year 1 Jan 26 4:00 PM","39.0005253396368"
"Year 1 Jan 26 5:00 PM","10.974295157436"
"Year 1 Jan 26 6:00 PM","0"
"Year 1 Jan 26 7:00 PM","0"
"Year 1 Jan 26 8:00 PM","0"
"Year 1 Jan 26 9:00 PM","0"
"Year 1 Jan 26 10:00 PM","0"
"Year 1 Jan 26 11:00 PM","0"
"Year 1 Jan 27 12:00 AM","0"
"Year 1 Jan 27 1:00 AM","0"
"Year 1 Jan 27 2:00 AM","0"
"Year 1 Jan 27 3:00 AM","0"
"Year 1 Jan 27 4:00 AM","0"
"Year 1 Jan 27 5:00 AM","0"
"Year 1 Jan 27 6:00 AM","0"
"Year 1 Jan 27 7:00 AM","0"
"Year 1 Jan 27 8:00 AM","36.2730565381631"
"Year 1 Jan 27 9:00 AM","176.384267229775"
"Year 1 Jan 27 10:00 AM","325.543666528022"
"Year 1 Jan 27 11:00 AM","441.011903242149"
"Year 1 Jan 27 12:00 PM","501.34267973662"
"Year 1 Jan 27 1:00 PM","324.29421422832"
"Year 1 Jan 27 2:00 PM","20.8339359929717"
"Year 1 Jan 27 3:00 PM","21.6470852476469"
"Year 1 Jan 27 4:00 PM","13.7963754494586"
"Year 1 Jan 27 5:00 PM","8.21216715356738"
"Year 1 Jan 27 6:00 PM","0"
"Year 1 Jan 27 7:00 PM","0"
"Year 1 Jan 27 8:00 PM","0"
"Year 1 Jan 27 9:00 PM","0"
"Year 1 Jan 27 10:00 PM","0"
"Year 1 Jan 27 11:00 PM","0"
"Year 1 Jan 28 12:00 AM","0"
"Year 1 Jan 28 1:00 AM","0"
"Year 1 Jan 28 2:00 AM","0"
"Year 1 Jan 28 3:00 AM","0"
"Year 1 Jan 28 4:00 AM","0"
"Year 1 Jan 28 5:00 AM","0"
"Year 1 Jan 28 6:00 AM","0"
"Year 1 Jan 28 7:00 AM","0"
"Year 1 Jan 28 8:00 AM","13.7107682915255"
"Year 1 Jan 28 9:00 AM","38.3937906692351"
"Year 1 Jan 28 10:00 AM","78.9178227432618"
"Year 1 Jan 28 11:00 AM","108.650787379668"
"Year 1 Jan 28 12:00 PM","110.958059039185"
"Year 1 Jan 28 1:00 PM","118.14057180078"
"Year 1 Jan 28 2:00 PM","71.2771653178092"
"Year 1 Jan 28 3:00 PM","59.5695324821016"
"Year 1 Jan 28 4:00 PM","36.2184244921748"
"Year 1 Jan 28 5:00 PM","10.3167602985918"
"Year 1 Jan 28 6:00 PM","0"
"Year 1 Jan 28 7:00 PM","0"
"Year 1 Jan 28 8:00 PM","0"
"Year 1 Jan 28 9:00 PM","0"
"Year 1 Jan 28 10:00 PM","0"
"Year 1 Jan 28 11:00 PM","0"
"Year 1 Jan 29 12:00 AM","0"
"Year 1 Jan 29 1:00 AM","0"
"Year 1 Jan 29 2:00 AM","0"
"Year 1 Jan 29 3:00 AM","0"
"Year 1 Jan 29 4:00 AM","0"
"Year 1 Jan 29 5:00 AM","0"
"Year 1 Jan 29 6:00 AM","0"
"Year 1 Jan 29 7:00 AM","0"
"Year 1 Jan 29 8:00 AM","18.6838038134863"
"Year 1 Jan 29 9:00 AM","59.0730520226413"
"Year 1 Jan 29 10:00 AM","81.6999898174827"
"Year 1 Jan 29 11:00 AM","132.971697383563"
"Year 1 Jan 29 12:00 PM","276.698464199555"
"Year 1 Jan 29 1:00 PM","247.657600054471"
"Year 1 Jan 29 2:00 PM","59.5938781070088"
"Year 1 Jan 29 3:00 PM","47.7057719633752"
"Year 1 Jan 29 4:00 PM","31.2578270144625"
"Year 1 Jan 29 5:00 PM","10.3700139337897"
"Year 1 Jan 29 6:00 PM","0"
"Year 1 Jan 29 7:00 PM","0"
"Year 1 Jan 29 8:00 PM","0"
"Year 1 Jan 29 9:00 PM","0"
"Year 1 Jan 29 10:00 PM","0"
"Year 1 Jan 29 11:00 PM","0"
"Year 1 Jan 30 12:00 AM","0"
"Year 1 Jan 30 1:00 AM","0"
"Year 1 Jan 30 2:00 AM","0"
"Year 1 Jan 30 3:00 AM","0"
"Year 1 Jan 30 4:00 AM","0"
"Year 1 Jan 30 5:00 AM","0"
"Year 1 Jan 30 6:00 AM","0"
"Year 1 Jan 30 7:00 AM","0"
"Year 1 Jan 30 8:00 AM","16.5261273102056"
"Year 1 Jan 30 9:00 AM","43.3825915961587"
"Year 1 Jan 30 10:00 AM","71.9444016621322"
"Year 1 Jan 30 11:00 AM","87.1444086764376"
"Year 1 Jan 30 12:00 PM","112.254993801272"
"Year 1 Jan 30 1:00 PM","113.172859773013"
"Year 1 Jan 30 2:00 PM","95.3111115205217"
"Year 1 Jan 30 3:00 PM","72.3857820950236"
"Year 1 Jan 30 4:00 PM","44.7266673764768"
"Year 1 Jan 30 5:00 PM","14.8868818109625"
"Year 1 Jan 30 6:00 PM","0"
"Year 1 Jan 30 7:00 PM","0"
"Year 1 Jan 30 8:00 PM","0"
"Year 1 Jan 30 9:00 PM","0"
"Year 1 Jan 30 10:00 PM","0"
"Year 1 Jan 30 11:00 PM","0"
"Year 1 Jan 31 12:00 AM","0"
"Year 1 Jan 31 1:00 AM","0"
"Year 1 Jan 31 2:00 AM","0"
"Year 1 Jan 31 3:00 AM","0"
"Year 1 Jan 31 4:00 AM","0"
"Year 1 Jan 31 5:00 AM","0"
"Year 1 Jan 31 6:00 AM","0"
"Year 1 Jan 31 7:00 AM","0"
"Year 1 Jan 31 8:00 AM","20.1064271050765"
"Year 1 Jan 31 9:00 AM","64.7502164513655"
"Year 1 Jan 31 10:00 AM","114.774190262508"
"Year 1 Jan 31 11:00 AM","144.808313427019"
"Year 1 Jan 31 12:00 PM","170.671682941605"
"Year 1 Jan 31 1:00 PM","172.541954173991"
"Year 1 Jan 31 2:00 PM","85.5737824541527"
"Year 1 Jan 31 3:00 PM","60.646790790422"
"Year 1 Jan 31 4:00 PM","34.9953275779496"
"Year 1 Jan 31 5:00 PM","10.6023310665361"
"Year 1 Jan 31 6:00 PM","0"
"Year 1 Jan 31 7:00 PM","0"
"Year 1 Jan 31 8:00 PM","0"
"Year 1 Jan 31 9:00 PM","0"
"Year 1 Jan 31 10:00 PM","0"
"Year 1 Jan 31 11:00 PM","0"
"Year 1 Feb 01 12:00 AM","0"
"Year 1 Feb 01 1:00 AM","0"
"Year 1 Feb 01 2:00 AM","0"
"Year 1 Feb 01 3:00 AM","0"
"Year 1 Feb 01 4:00 AM","0"
"Year 1 Feb 01 5:00 AM","0"
"Year 1 Feb 01 6:00 AM","0"
"Year 1 Feb 01 7:00 AM","0"
"Year 1 Feb 01 8:00 AM","22.7529819211722"
"Year 1 Feb 01 9:00 AM","89.6558883601228"
"Year 1 Feb 01 10:00 AM","261.623233764027"
"Year 1 Feb 01 11:00 AM","417.304662912218"
"Year 1 Feb 01 12:00 PM","479.399341616151"
"Year 1 Feb 01 1:00 PM","313.745513513113"
"Year 1 Feb 01 2:00 PM","28.1399918056118"
"Year 1 Feb 01 3:00 PM","25.7577227724284"
"Year 1 Feb 01 4:00 PM","20.9439904929828"
"Year 1 Feb 01 5:00 PM","11.7010380162908"
"Year 1 Feb 01 6:00 PM","0"
"Year 1 Feb 01 7:00 PM","0"
"Year 1 Feb 01 8:00 PM","0"
"Year 1 Feb 01 9:00 PM","0"
"Year 1 Feb 01 10:00 PM","0"
"Year 1 Feb 01 11:00 PM","0"
"Year 1 Feb 02 12:00 AM","0"
"Year 1 Feb 02 1:00 AM","0"
"Year 1 Feb 02 2:00 AM","0"
"Year 1 Feb 02 3:00 AM","0"
"Year 1 Feb 02 4:00 AM","0"
"Year 1 Feb 02 5:00 AM","0"
"Year 1 Feb 02 6:00 AM","0"
"Year 1 Feb 02 7:00 AM","0"
"Year 1 Feb 02 8:00 AM","35.605680405918"
"Year 1 Feb 02 9:00 AM","95.8034091130007"
"Year 1 Feb 02 10:00 AM","178.817485068321"
"Year 1 Feb 02 11:00 AM","261.297062426384"
"Year 1 Feb 02 12:00 PM","358.46683109933"
"Year 1 Feb 02 1:00 PM","231.388841657562"
"Year 1 Feb 02 2:00 PM","96.4638583860841"
"Year 1 Feb 02 3:00 PM","72.1410597393845"
"Year 1 Feb 02 4:00 PM","48.2344598111166"
"Year 1 Feb 02 5:00 PM","18.7671492063582"
"Year 1 Feb 02 6:00 PM","0"
"Year 1 Feb 02 7:00 PM","0"
"Year 1 Feb 02 8:00 PM","0"
"Year 1 Feb 02 9:00 PM","0"
"Year 1 Feb 02 10:00 PM","0"
"Year 1 Feb 02 11:00 PM","0"
"Year 1 Feb 03 12:00 AM","0"
"Year 1 Feb 03 1:00 AM","0"
"Year 1 Feb 03 2:00 AM","0"
"Year 1 Feb 03 3:00 AM","0"
"Year 1 Feb 03 4:00 AM","0"
"Year 1 Feb 03 5:00 AM","0"
"Year 1 Feb 03 6:00 AM","0"
"Year 1 Feb 03 7:00 AM","0"
"Year 1 Feb 03 8:00 AM","21.3587463563649"
"Year 1 Feb 03 9:00 AM","70.8602577332619"
"Year 1 Feb 03 10:00 AM","119.398243692747"
"Year 1 Feb 03 11:00 AM","143.360852712759"
"Year 1 Feb 03 12:00 PM","328.515785928748"
"Year 1 Feb 03 1:00 PM","251.774761563443"
"Year 1 Feb 03 2:00 PM","98.0704653823172"
"Year 1 Feb 03 3:00 PM","75.7574312139904"
"Year 1 Feb 03 4:00 PM","49.2664712107503"
"Year 1 Feb 03 5:00 PM","21.6005934846631"
"Year 1 Feb 03 6:00 PM","0"
"Year 1 Feb 03 7:00 PM","0"
"Year 1 Feb 03 8:00 PM","0"
"Year 1 Feb 03 9:00 PM","0"
"Year 1 Feb 03 10:00 PM","0"
"Year 1 Feb 03 11:00 PM","0"
"Year 1 Feb 04 12:00 AM","0"
"Year 1 Feb 04 1:00 AM","0"
"Year 1 Feb 04 2:00 AM","0"
"Year 1 Feb 04 3:00 AM","0"
"Year 1 Feb 04 4:00 AM","0"
"Year 1 Feb 04 5:00 AM","0"
"Year 1 Feb 04 6:00 AM","0"
"Year 1 Feb 04 7:00 AM","0"
"Year 1 Feb 04 8:00 AM","20.5870956542131"
"Year 1 Feb 04 9:00 AM","58.9665604246395"
"Year 1 Feb 04 10:00 AM","115.912355444783"
"Year 1 Feb 04 11:00 AM","122.435904846478"
"Year 1 Feb 04 12:00 PM","170.99020577502"
"Year 1 Feb 04 1:00 PM","135.551766334564"
"Year 1 Feb 04 2:00 PM","104.534436111914"
"Year 1 Feb 04 3:00 PM","84.522506343648"
"Year 1 Feb 04 4:00 PM","54.4542782653858"
"Year 1 Feb 04 5:00 PM","18.8696254822857"
"Year 1 Feb 04 6:00 PM","0"
"Year 1 Feb 04 7:00 PM","0"
"Year 1 Feb 04 8:00 PM","0"
"Year 1 Feb 04 9:00 PM","0"
"Year 1 Feb 04 10:00 PM","0"
"Year 1 Feb 04 11:00 PM","0"
"Year 1 Feb 05 12:00 AM","0"
"Year 1 Feb 05 1:00 AM","0"
"Year 1 Feb 05 2:00 AM","0"
"Year 1 Feb 05 3:00 AM","0"
"Year 1 Feb 05 4:00 AM","0"
"Year 1 Feb 05 5:00 AM","0"
"Year 1 Feb 05 6:00 AM","0"
"Year 1 Feb 05 7:00 AM","0"
"Year 1 Feb 05 8:00 AM","38.7027128939368"
"Year 1 Feb 05 9:00 AM","171.619375590542"
"Year 1 Feb 05 10:00 AM","322.347409620298"
"Year 1 Feb 05 11:00 AM","437.93361831288"
"Year 1 Feb 05 12:00 PM","497.397892263457"
"Year 1 Feb 05 1:00 PM","327.365702313652"
"Year 1 Feb 05 2:00 PM","31.7050988049129"
"Year 1 Feb 05 3:00 PM","29.474528380241"
"Year 1 Feb 05 4:00 PM","24.0381040395276"
"Year 1 Feb 05 5:00 PM","13.9102796964784"
"Year 1 Feb 05 6:00 PM","0"
"Year 1 Feb 05 7:00 PM","0"
"Year 1 Feb 05 8:00 PM","0"
"Year 1 Feb 05 9:00 PM","0"
"Year 1 Feb 05 10:00 PM","0"
"Year 1 Feb 05 11:00 PM","0"
"Year 1 Feb 06 12:00 AM","0"
"Year 1 Feb 06 1:00 AM","0"
"Year 1 Feb 06 2:00 AM","0"
"Year 1 Feb 06 3:00 AM","0"
"Year 1 Feb 06 4:00 AM","0"
"Year 1 Feb 06 5:00 AM","0"
"Year 1 Feb 06 6:00 AM","0"
"Year 1 Feb 06 7:00 AM","0"
"Year 1 Feb 06 8:00 AM","40.3588026252084"
"Year 1 Feb 06 9:00 AM","170.335136986085"
"Year 1 Feb 06 10:00 AM","319.267333432141"
"Year 1 Feb 06 11:00 AM","434.850551552777"
"Year 1 Feb 06 12:00 PM","496.730338845769"
"Year 1 Feb 06 1:00 PM","327.009458881444"
"Year 1 Feb 06 2:00 PM","34.8504246114011"
"Year 1 Feb 06 3:00 PM","31.9166800337633"
"Year 1 Feb 06 4:00 PM","26.1067671267391"
"Year 1 Feb 06 5:00 PM","14.7810841279721"
"Year 1 Feb 06 6:00 PM","0"
"Year 1 Feb 06 7:00 PM","0"
"Year 1 Feb 06 8:00 PM","0"
"Year 1 Feb 06 9:00 PM","0"
"Year 1 Feb 06 10:00 PM","0"
"Year 1 Feb 06 11:00 PM","0"
"Year 1 Feb 07 12:00 AM","0"
"Year 1 Feb 07 1:00 AM","0"
"Year 1 Feb 07 2:00 AM","0"
"Year 1 Feb 07 3:00 AM","0"
"Year 1 Feb 07 4:00 AM","0"
"Year 1 Feb 07 5:00 AM","0"
"Year 1 Feb 07 6:00 AM","0"
"Year 1 Feb 07 7:00 AM","0"
"Year 1 Feb 07 8:00 AM","44.9172487838463"
"Year 1 Feb 07 9:00 AM","186.651458021814"
"Year 1 Feb 07 10:00 AM","337.685144242414"
"Year 1 Feb 07 11:00 AM","453.260237790069"
"Year 1 Feb 07 12:00 PM","514.304673141342"
"Year 1 Feb 07 1:00 PM","335.657602098897"
"Year 1 Feb 07 2:00 PM","28.6380598013851"
"Year 1 Feb 07 3:00 PM","26.2874272505898"
"Year 1 Feb 07 4:00 PM","19.7625021976715"
"Year 1 Feb 07 5:00 PM","12.8541032198641"
"Year 1 Feb 07 6:00 PM","0"
"Year 1 Feb 07 7:00 PM","0"
"Year 1 Feb 07 8:00 PM","0"
"Year 1 Feb 07 9:00 PM","0"
"Year 1 Feb 07 10:00 PM","0"
"Year 1 Feb 07 11:00 PM","0"
"Year 1 Feb 08 12:00 AM","0"
"Year 1 Feb 08 1:00 AM","0"
"Year 1 Feb 08 2:00 AM","0"
"Year 1 Feb 08 3:00 AM","0"
"Year 1 Feb 08 4:00 AM","0"
"Year 1 Feb 08 5:00 AM","0"
"Year 1 Feb 08 6:00 AM","0"
"Year 1 Feb 08 7:00 AM","0"
"Year 1 Feb 08 8:00 AM","32.6033619934891"
"Year 1 Feb 08 9:00 AM","129.256533651962"
"Year 1 Feb 08 10:00 AM","254.091535735814"
"Year 1 Feb 08 11:00 AM","434.104834545957"
"Year 1 Feb 08 12:00 PM","492.356135734513"
"Year 1 Feb 08 1:00 PM","326.442537675723"
"Year 1 Feb 08 2:00 PM","29.3251201392839"
"Year 1 Feb 08 3:00 PM","27.2254275834415"
"Year 1 Feb 08 4:00 PM","22.7030697094175"
"Year 1 Feb 08 5:00 PM","14.3327111424497"
"Year 1 Feb 08 6:00 PM","0"
"Year 1 Feb 08 7:00 PM","0"
"Year 1 Feb 08 8:00 PM","0"
"Year 1 Feb 08 9:00 PM","0"
"Year 1 Feb 08 10:00 PM","0"
"Year 1 Feb 08 11:00 PM","0"
"Year 1 Feb 09 12:00 AM","0"
"Year 1 Feb 09 1:00 AM","0"
"Year 1 Feb 09 2:00 AM","0"
"Year 1 Feb 09 3:00 AM","0"
"Year 1 Feb 09 4:00 AM","0"
"Year 1 Feb 09 5:00 AM","0"
"Year 1 Feb 09 6:00 AM","0"
"Year 1 Feb 09 7:00 AM","0"
"Year 1 Feb 09 8:00 AM","38.6686795424179"
"Year 1 Feb 09 9:00 AM","108.207813829903"
"Year 1 Feb 09 10:00 AM","213.175985621098"
"Year 1 Feb 09 11:00 AM","330.54551026885"
"Year 1 Feb 09 12:00 PM","341.178120051123"
"Year 1 Feb 09 1:00 PM","316.570432093717"
"Year 1 Feb 09 2:00 PM","51.2122807207874"
"Year 1 Feb 09 3:00 PM","22.7141279805595"
"Year 1 Feb 09 4:00 PM","14.5739469176243"
"Year 1 Feb 09 5:00 PM","9.43469983768673"
"Year 1 Feb 09 6:00 PM","0.941120964249703"
"Year 1 Feb 09 7:00 PM","0"
"Year 1 Feb 09 8:00 PM","0"
"Year 1 Feb 09 9:00 PM","0"
"Year 1 Feb 09 10:00 PM","0"
"Year 1 Feb 09 11:00 PM","0"
"Year 1 Feb 10 12:00 AM","0"
"Year 1 Feb 10 1:00 AM","0"
"Year 1 Feb 10 2:00 AM","0"
"Year 1 Feb 10 3:00 AM","0"
"Year 1 Feb 10 4:00 AM","0"
"Year 1 Feb 10 5:00 AM","0"
"Year 1 Feb 10 6:00 AM","0"
"Year 1 Feb 10 7:00 AM","0"
"Year 1 Feb 10 8:00 AM","44.1951135305215"
"Year 1 Feb 10 9:00 AM","174.137468160128"
"Year 1 Feb 10 10:00 AM","323.672670376187"
"Year 1 Feb 10 11:00 AM","451.439547152298"
"Year 1 Feb 10 12:00 PM","517.564411445156"
"Year 1 Feb 10 1:00 PM","318.744484339534"
"Year 1 Feb 10 2:00 PM","44.5092818615732"
"Year 1 Feb 10 3:00 PM","41.2568573291834"
"Year 1 Feb 10 4:00 PM","32.8081574298312"
"Year 1 Feb 10 5:00 PM","19.2777808700803"
"Year 1 Feb 10 6:00 PM","1.39190773294786"
"Year 1 Feb 10 7:00 PM","0"
"Year 1 Feb 10 8:00 PM","0"
"Year 1 Feb 10 9:00 PM","0"
"Year 1 Feb 10 10:00 PM","0"
"Year 1 Feb 10 11:00 PM","0"
"Year 1 Feb 11 12:00 AM","0"
"Year 1 Feb 11 1:00 AM","0"
"Year 1 Feb 11 2:00 AM","0"
"Year 1 Feb 11 3:00 AM","0"
"Year 1 Feb 11 4:00 AM","0"
"Year 1 Feb 11 5:00 AM","0"
"Year 1 Feb 11 6:00 AM","0"
"Year 1 Feb 11 7:00 AM","2.38267638201089"
"Year 1 Feb 11 8:00 AM","46.951910086801"
"Year 1 Feb 11 9:00 AM","164.745492069153"
"Year 1 Feb 11 10:00 AM","325.203309177912"
"Year 1 Feb 11 11:00 AM","443.554250064317"
"Year 1 Feb 11 12:00 PM","494.006663165486"
"Year 1 Feb 11 1:00 PM","326.76014668518"
"Year 1 Feb 11 2:00 PM","57.5924566391616"
"Year 1 Feb 11 3:00 PM","39.9584388248817"
"Year 1 Feb 11 4:00 PM","27.9543745143559"
"Year 1 Feb 11 5:00 PM","18.0201919339084"
"Year 1 Feb 11 6:00 PM","1.28375663075419"
"Year 1 Feb 11 7:00 PM","0"
"Year 1 Feb 11 8:00 PM","0"
"Year 1 Feb 11 9:00 PM","0"
"Year 1 Feb 11 10:00 PM","0"
"Year 1 Feb 11 11:00 PM","0"
"Year 1 Feb 12 12:00 AM","0"
"Year 1 Feb 12 1:00 AM","0"
"Year 1 Feb 12 2:00 AM","0"
"Year 1 Feb 12 3:00 AM","0"
"Year 1 Feb 12 4:00 AM","0"
"Year 1 Feb 12 5:00 AM","0"
"Year 1 Feb 12 6:00 AM","0"
"Year 1 Feb 12 7:00 AM","1.2313777017901"
"Year 1 Feb 12 8:00 AM","20.2264863459383"
"Year 1 Feb 12 9:00 AM","53.7540498070115"
"Year 1 Feb 12 10:00 AM","59.2328319352376"
"Year 1 Feb 12 11:00 AM","83.6288980067843"
"Year 1 Feb 12 12:00 PM","130.010028640375"
"Year 1 Feb 12 1:00 PM","97.2161405395054"
"Year 1 Feb 12 2:00 PM","113.759737805434"
"Year 1 Feb 12 3:00 PM","76.7942630968287"
"Year 1 Feb 12 4:00 PM","50.6857599454542"
"Year 1 Feb 12 5:00 PM","26.5433134674946"
"Year 1 Feb 12 6:00 PM","1.63504062315336"
"Year 1 Feb 12 7:00 PM","0"
"Year 1 Feb 12 8:00 PM","0"
"Year 1 Feb 12 9:00 PM","0"
"Year 1 Feb 12 10:00 PM","0"
"Year 1 Feb 12 11:00 PM","0"
"Year 1 Feb 13 12:00 AM","0"
"Year 1 Feb 13 1:00 AM","0"
"Year 1 Feb 13 2:00 AM","0"
"Year 1 Feb 13 3:00 AM","0"
"Year 1 Feb 13 4:00 AM","0"
"Year 1 Feb 13 5:00 AM","0"
"Year 1 Feb 13 6:00 AM","0"
"Year 1 Feb 13 7:00 AM","1.38533912582256"
"Year 1 Feb 13 8:00 AM","23.2105566585718"
"Year 1 Feb 13 9:00 AM","70.5712856096278"
"Year 1 Feb 13 10:00 AM","101.362898372931"
"Year 1 Feb 13 11:00 AM","143.15966573692"
"Year 1 Feb 13 12:00 PM","164.733984562899"
"Year 1 Feb 13 1:00 PM","148.208647868493"
"Year 1 Feb 13 2:00 PM","108.727760632764"
"Year 1 Feb 13 3:00 PM","56.9585618195628"
"Year 1 Feb 13 4:00 PM","25.2087019090336"
"Year 1 Feb 13 5:00 PM","17.4932915156249"
"Year 1 Feb 13 6:00 PM","1.53743226604677"
"Year 1 Feb 13 7:00 PM","0"
"Year 1 Feb 13 8:00 PM","0"
"Year 1 Feb 13 9:00 PM","0"
"Year 1 Feb 13 10:00 PM","0"
"Year 1 Feb 13 11:00 PM","0"
"Year 1 Feb 14 12:00 AM","0"
"Year 1 Feb 14 1:00 AM","0"
"Year 1 Feb 14 2:00 AM","0"
"Year 1 Feb 14 3:00 AM","0"
"Year 1 Feb 14 4:00 AM","0"
"Year 1 Feb 14 5:00 AM","0"
"Year 1 Feb 14 6:00 AM","0"
"Year 1 Feb 14 7:00 AM","1.93267784184949"
"Year 1 Feb 14 8:00 AM","23.6272308316199"
"Year 1 Feb 14 9:00 AM","45.8810887585594"
"Year 1 Feb 14 10:00 AM","102.166041487434"
"Year 1 Feb 14 11:00 AM","133.901910310048"
"Year 1 Feb 14 12:00 PM","157.7317420183"
"Year 1 Feb 14 1:00 PM","132.107530187678"
"Year 1 Feb 14 2:00 PM","98.0327306430204"
"Year 1 Feb 14 3:00 PM","78.9668781913679"
"Year 1 Feb 14 4:00 PM","56.8995377330357"
"Year 1 Feb 14 5:00 PM","24.0890750717463"
"Year 1 Feb 14 6:00 PM","1.45106850806712"
"Year 1 Feb 14 7:00 PM","0"
"Year 1 Feb 14 8:00 PM","0"
"Year 1 Feb 14 9:00 PM","0"
"Year 1 Feb 14 10:00 PM","0"
"Year 1 Feb 14 11:00 PM","0"
"Year 1 Feb 15 12:00 AM","0"
"Year 1 Feb 15 1:00 AM","0"
"Year 1 Feb 15 2:00 AM","0"
"Year 1 Feb 15 3:00 AM","0"
"Year 1 Feb 15 4:00 AM","0"
"Year 1 Feb 15 5:00 AM","0"
"Year 1 Feb 15 6:00 AM","0"
"Year 1 Feb 15 7:00 AM","2.93500289971334"
"Year 1 Feb 15 8:00 AM","84.5632643816902"
"Year 1 Feb 15 9:00 AM","249.145507539315"
"Year 1 Feb 15 10:00 AM","407.29478761911"
"Year 1 Feb 15 11:00 AM","524.547701324551"
"Year 1 Feb 15 12:00 PM","589.175150958477"
"Year 1 Feb 15 1:00 PM","351.426080836661"
"Year 1 Feb 15 2:00 PM","27.0439512899559"
"Year 1 Feb 15 3:00 PM","22.3147579033988"
"Year 1 Feb 15 4:00 PM","15.4714842223729"
"Year 1 Feb 15 5:00 PM","11.1666992161692"
"Year 1 Feb 15 6:00 PM","1.17218609800451"
"Year 1 Feb 15 7:00 PM","0"
"Year 1 Feb 15 8:00 PM","0"
"Year 1 Feb 15 9:00 PM","0"
"Year 1 Feb 15 10:00 PM","0"
"Year 1 Feb 15 11:00 PM","0"
"Year 1 Feb 16 12:00 AM","0"
"Year 1 Feb 16 1:00 AM","0"
"Year 1 Feb 16 2:00 AM","0"
"Year 1 Feb 16 3:00 AM","0"
"Year 1 Feb 16 4:00 AM","0"
"Year 1 Feb 16 5:00 AM","0"
"Year 1 Feb 16 6:00 AM","0"
"Year 1 Feb 16 7:00 AM","3.07598533813232"
"Year 1 Feb 16 8:00 AM","49.1758364246597"
"Year 1 Feb 16 9:00 AM","152.262888376"
"Year 1 Feb 16 10:00 AM","374.162679541073"
"Year 1 Feb 16 11:00 AM","513.412214188143"
"Year 1 Feb 16 12:00 PM","577.648294087525"
"Year 1 Feb 16 1:00 PM","337.062433014642"
"Year 1 Feb 16 2:00 PM","23.7485372415982"
"Year 1 Feb 16 3:00 PM","18.2663239209577"
"Year 1 Feb 16 4:00 PM","15.2976475836305"
"Year 1 Feb 16 5:00 PM","10.0672361891268"
"Year 1 Feb 16 6:00 PM","1.10667230775079"
"Year 1 Feb 16 7:00 PM","0"
"Year 1 Feb 16 8:00 PM","0"
"Year 1 Feb 16 9:00 PM","0"
"Year 1 Feb 16 10:00 PM","0"
"Year 1 Feb 16 11:00 PM","0"
"Year 1 Feb 17 12:00 AM","0"
"Year 1 Feb 17 1:00 AM","0"
"Year 1 Feb 17 2:00 AM","0"
"Year 1 Feb 17 3:00 AM","0"
"Year 1 Feb 17 4:00 AM","0"
"Year 1 Feb 17 5:00 AM","0"
"Year 1 Feb 17 6:00 AM","0"
"Year 1 Feb 17 7:00 AM","1.46335000623197"
"Year 1 Feb 17 8:00 AM","25.9378870110239"
"Year 1 Feb 17 9:00 AM","67.7088481057312"
"Year 1 Feb 17 10:00 AM","95.7168511171595"
"Year 1 Feb 17 11:00 AM","204.577220579111"
"Year 1 Feb 17 12:00 PM","235.486089394069"
"Year 1 Feb 17 1:00 PM","191.202159798508"
"Year 1 Feb 17 2:00 PM","86.9698347788428"
"Year 1 Feb 17 3:00 PM","74.467988481621"
"Year 1 Feb 17 4:00 PM","30.1415037593536"
"Year 1 Feb 17 5:00 PM","14.9125194762593"
"Year 1 Feb 17 6:00 PM","2.11997478577665"
"Year 1 Feb 17 7:00 PM","0"
"Year 1 Feb 17 8:00 PM","0"
"Year 1 Feb 17 9:00 PM","0"
"Year 1 Feb 17 10:00 PM","0"
"Year 1 Feb 17 11:00 PM","0"
"Year 1 Feb 18 12:00 AM","0"
"Year 1 Feb 18 1:00 AM","0"
"Year 1 Feb 18 2:00 AM","0"
"Year 1 Feb 18 3:00 AM","0"
"Year 1 Feb 18 4:00 AM","0"
"Year 1 Feb 18 5:00 AM","0"
"Year 1 Feb 18 6:00 AM","0"
"Year 1 Feb 18 7:00 AM","3.01488722110766"
"Year 1 Feb 18 8:00 AM","25.5598984847878"
"Year 1 Feb 18 9:00 AM","103.141312616773"
"Year 1 Feb 18 10:00 AM","324.205587352088"
"Year 1 Feb 18 11:00 AM","351.146786352077"
"Year 1 Feb 18 12:00 PM","340.83866228551"
"Year 1 Feb 18 1:00 PM","263.516892800929"
"Year 1 Feb 18 2:00 PM","84.0987156419361"
"Year 1 Feb 18 3:00 PM","63.5173362553915"
"Year 1 Feb 18 4:00 PM","31.0364923446424"
"Year 1 Feb 18 5:00 PM","18.3866224584777"
"Year 1 Feb 18 6:00 PM","2.76455974521854"
"Year 1 Feb 18 7:00 PM","0"
"Year 1 Feb 18 8:00 PM","0"
"Year 1 Feb 18 9:00 PM","0"
"Year 1 Feb 18 10:00 PM","0"
"Year 1 Feb 18 11:00 PM","0"
"Year 1 Feb 19 12:00 AM","0"
"Year 1 Feb 19 1:00 AM","0"
"Year 1 Feb 19 2:00 AM","0"
"Year 1 Feb 19 3:00 AM","0"
"Year 1 Feb 19 4:00 AM","0"
"Year 1 Feb 19 5:00 AM","0"
"Year 1 Feb 19 6:00 AM","0"
"Year 1 Feb 19 7:00 AM","3.01437954867569"
"Year 1 Feb 19 8:00 AM","26.4389065243155"
"Year 1 Feb 19 9:00 AM","65.1053500651257"
"Year 1 Feb 19 10:00 AM","95.6426707115558"
"Year 1 Feb 19 11:00 AM","120.682442020153"
"Year 1 Feb 19 12:00 PM","140.521565975204"
"Year 1 Feb 19 1:00 PM","157.080919567212"
"Year 1 Feb 19 2:00 PM","109.772447635718"
"Year 1 Feb 19 3:00 PM","92.7119293555948"
"Year 1 Feb 19 4:00 PM","62.4801667377945"
"Year 1 Feb 19 5:00 PM","28.2093951282226"
"Year 1 Feb 19 6:00 PM","3.64668832216826"
"Year 1 Feb 19 7:00 PM","0"
"Year 1 Feb 19 8:00 PM","0"
"Year 1 Feb 19 9:00 PM","0"
"Year 1 Feb 19 10:00 PM","0"
"Year 1 Feb 19 11:00 PM","0"
"Year 1 Feb 20 12:00 AM","0"
"Year 1 Feb 20 1:00 AM","0"
"Year 1 Feb 20 2:00 AM","0"
"Year 1 Feb 20 3:00 AM","0"
"Year 1 Feb 20 4:00 AM","0"
"Year 1 Feb 20 5:00 AM","0"
"Year 1 Feb 20 6:00 AM","0"
"Year 1 Feb 20 7:00 AM","5.48827447876122"
"Year 1 Feb 20 8:00 AM","89.5617541221861"
"Year 1 Feb 20 9:00 AM","253.42790586348"
"Year 1 Feb 20 10:00 AM","393.050095389901"
"Year 1 Feb 20 11:00 AM","352.032505794553"
"Year 1 Feb 20 12:00 PM","173.725239284196"
"Year 1 Feb 20 1:00 PM","140.11175587526"
"Year 1 Feb 20 2:00 PM","120.969164828594"
"Year 1 Feb 20 3:00 PM","82.2621010495347"
"Year 1 Feb 20 4:00 PM","56.5155017348604"
"Year 1 Feb 20 5:00 PM","28.7732436166881"
"Year 1 Feb 20 6:00 PM","3.28746890031558"
"Year 1 Feb 20 7:00 PM","0"
"Year 1 Feb 20 8:00 PM","0"
"Year 1 Feb 20 9:00 PM","0"
"Year 1 Feb 20 10:00 PM","0"
"Year 1 Feb 20 11:00 PM","0"
"Year 1 Feb 21 12:00 AM","0"
"Year 1 Feb 21 1:00 AM","0"
"Year 1 Feb 21 2:00 AM","0"
"Year 1 Feb 21 3:00 AM","0"
"Year 1 Feb 21 4:00 AM","0"
"Year 1 Feb 21 5:00 AM","0"
"Year 1 Feb 21 6:00 AM","0"
"Year 1 Feb 21 7:00 AM","1.64607081931"
"Year 1 Feb 21 8:00 AM","22.429608788438"
"Year 1 Feb 21 9:00 AM","140.025227955753"
"Year 1 Feb 21 10:00 AM","332.296520200412"
"Year 1 Feb 21 11:00 AM","408.601775002768"
"Year 1 Feb 21 12:00 PM","302.374896933782"
"Year 1 Feb 21 1:00 PM","144.769546007806"
"Year 1 Feb 21 2:00 PM","100.100761068412"
"Year 1 Feb 21 3:00 PM","95.4797055362263"
"Year 1 Feb 21 4:00 PM","52.2559498181299"
"Year 1 Feb 21 5:00 PM","26.2099712325342"
"Year 1 Feb 21 6:00 PM","3.25489470717858"
"Year 1 Feb 21 7:00 PM","0"
"Year 1 Feb 21 8:00 PM","0"
"Year 1 Feb 21 9:00 PM","0"
"Year 1 Feb 21 10:00 PM","0"
"Year 1 Feb 21 11:00 PM","0"
"Year 1 Feb 22 12:00 AM","0"
"Year 1 Feb 22 1:00 AM","0"
"Year 1 Feb 22 2:00 AM","0"
"Year 1 Feb 22 3:00 AM","0"
"Year 1 Feb 22 4:00 AM","0"
"Year 1 Feb 22 5:00 AM","0"
"Year 1 Feb 22 6:00 AM","0"
"Year 1 Feb 22 7:00 AM","5.58870464777293"
"Year 1 Feb 22 8:00 AM","52.7581221567237"
"Year 1 Feb 22 9:00 AM","174.145195741322"
"Year 1 Feb 22 10:00 AM","250.37049978717"
"Year 1 Feb 22 11:00 AM","303.255491089535"
"Year 1 Feb 22 12:00 PM","254.897028152904"
"Year 1 Feb 22 1:00 PM","186.62164272607"
"Year 1 Feb 22 2:00 PM","102.902154428912"
"Year 1 Feb 22 3:00 PM","91.896477240332"
"Year 1 Feb 22 4:00 PM","56.7043098309266"
"Year 1 Feb 22 5:00 PM","21.9593846025012"
"Year 1 Feb 22 6:00 PM","2.74491479708002"
"Year 1 Feb 22 7:00 PM","0"
"Year 1 Feb 22 8:00 PM","0"
"Year 1 Feb 22 9:00 PM","0"
"Year 1 Feb 22 10:00 PM","0"
"Year 1 Feb 22 11:00 PM","0"
"Year 1 Feb 23 12:00 AM","0"
"Year 1 Feb 23 1:00 AM","0"
"Year 1 Feb 23 2:00 AM","0"
"Year 1 Feb 23 3:00 AM","0"
"Year 1 Feb 23 4:00 AM","0"
"Year 1 Feb 23 5:00 AM","0"
"Year 1 Feb 23 6:00 AM","0"
"Year 1 Feb 23 7:00 AM","5.2705632381974"
"Year 1 Feb 23 8:00 AM","51.6800412931943"
"Year 1 Feb 23 9:00 AM","88.5788865028322"
"Year 1 Feb 23 10:00 AM","109.412437939384"
"Year 1 Feb 23 11:00 AM","108.849649216956"
"Year 1 Feb 23 12:00 PM","114.913601492065"
"Year 1 Feb 23 1:00 PM","93.2821449971102"
"Year 1 Feb 23 2:00 PM","99.8427746959438"
"Year 1 Feb 23 3:00 PM","72.8573166906873"
"Year 1 Feb 23 4:00 PM","61.4990087001921"
"Year 1 Feb 23 5:00 PM","30.6990716094602"
"Year 1 Feb 23 6:00 PM","4.04591212583174"
"Year 1 Feb 23 7:00 PM","0"
"Year 1 Feb 23 8:00 PM","0"
"Year 1 Feb 23 9:00 PM","0"
"Year 1 Feb 23 10:00 PM","0"
"Year 1 Feb 23 11:00 PM","0"
"Year 1 Feb 24 12:00 AM","0"
"Year 1 Feb 24 1:00 AM","0"
"Year 1 Feb 24 2:00 AM","0"
"Year 1 Feb 24 3:00 AM","0"
"Year 1 Feb 24 4:00 AM","0"
"Year 1 Feb 24 5:00 AM","0"
"Year 1 Feb 24 6:00 AM","0"
"Year 1 Feb 24 7:00 AM","3.15717515631808"
"Year 1 Feb 24 8:00 AM","25.7038937069757"
"Year 1 Feb 24 9:00 AM","73.2045711558366"
"Year 1 Feb 24 10:00 AM","114.80837410653"
"Year 1 Feb 24 11:00 AM","151.269405970279"
"Year 1 Feb 24 12:00 PM","175.308438658007"
"Year 1 Feb 24 1:00 PM","160.859042427473"
"Year 1 Feb 24 2:00 PM","126.594827066304"
"Year 1 Feb 24 3:00 PM","99.2820289495101"
"Year 1 Feb 24 4:00 PM","65.9690010016831"
"Year 1 Feb 24 5:00 PM","31.6261011425437"
"Year 1 Feb 24 6:00 PM","4.54070846851642"
"Year 1 Feb 24 7:00 PM","0"
"Year 1 Feb 24 8:00 PM","0"
"Year 1 Feb 24 9:00 PM","0"
"Year 1 Feb 24 10:00 PM","0"
"Year 1 Feb 24 11:00 PM","0"
"Year 1 Feb 25 12:00 AM","0"
"Year 1 Feb 25 1:00 AM","0"
"Year 1 Feb 25 2:00 AM","0"
"Year 1 Feb 25 3:00 AM","0"
"Year 1 Feb 25 4:00 AM","0"
"Year 1 Feb 25 5:00 AM","0"
"Year 1 Feb 25 6:00 AM","0"
"Year 1 Feb 25 7:00 AM","7.31857769633458"
"Year 1 Feb 25 8:00 AM","35.3814146571121"
"Year 1 Feb 25 9:00 AM","65.7848729943422"
"Year 1 Feb 25 10:00 AM","177.316756024865"
"Year 1 Feb 25 11:00 AM","341.127148764459"
"Year 1 Feb 25 12:00 PM","204.304677009143"
"Year 1 Feb 25 1:00 PM","150.150893118539"
"Year 1 Feb 25 2:00 PM","101.699342617302"
"Year 1 Feb 25 3:00 PM","95.8056545332014"
"Year 1 Feb 25 4:00 PM","75.1706702666606"
"Year 1 Feb 25 5:00 PM","38.6185126353522"
"Year 1 Feb 25 6:00 PM","5.78541204975487"
"Year 1 Feb 25 7:00 PM","0"
"Year 1 Feb 25 8:00 PM","0"
"Year 1 Feb 25 9:00 PM","0"
"Year 1 Feb 25 10:00 PM","0"
"Year 1 Feb 25 11:00 PM","0"
"Year 1 Feb 26 12:00 AM","0"
"Year 1 Feb 26 1:00 AM","0"
"Year 1 Feb 26 2:00 AM","0"
"Year 1 Feb 26 3:00 AM","0"
"Year 1 Feb 26 4:00 AM","0"
"Year 1 Feb 26 5:00 AM","0"
"Year 1 Feb 26 6:00 AM","0"
"Year 1 Feb 26 7:00 AM","9.02647533969832"
"Year 1 Feb 26 8:00 AM","51.2484991574162"
"Year 1 Feb 26 9:00 AM","65.7692125056275"
"Year 1 Feb 26 10:00 AM","66.0474497473655"
"Year 1 Feb 26 11:00 AM","114.630886596617"
"Year 1 Feb 26 12:00 PM","124.612908878983"
"Year 1 Feb 26 1:00 PM","119.905467900237"
"Year 1 Feb 26 2:00 PM","104.251211417737"
"Year 1 Feb 26 3:00 PM","94.0443564804221"
"Year 1 Feb 26 4:00 PM","61.8295134366321"
"Year 1 Feb 26 5:00 PM","32.167605180849"
"Year 1 Feb 26 6:00 PM","6.29902701340192"
"Year 1 Feb 26 7:00 PM","0"
"Year 1 Feb 26 8:00 PM","0"
"Year 1 Feb 26 9:00 PM","0"
"Year 1 Feb 26 10:00 PM","0"
"Year 1 Feb 26 11:00 PM","0"
"Year 1 Feb 27 12:00 AM","0"
"Year 1 Feb 27 1:00 AM","0"
"Year 1 Feb 27 2:00 AM","0"
"Year 1 Feb 27 3:00 AM","0"
"Year 1 Feb 27 4:00 AM","0"
"Year 1 Feb 27 5:00 AM","0"
"Year 1 Feb 27 6:00 AM","0"
"Year 1 Feb 27 7:00 AM","8.97804637851518"
"Year 1 Feb 27 8:00 AM","44.9190802532173"
"Year 1 Feb 27 9:00 AM","102.093441539411"
"Year 1 Feb 27 10:00 AM","219.055267661797"
"Year 1 Feb 27 11:00 AM","187.229727199884"
"Year 1 Feb 27 12:00 PM","103.878230673261"
"Year 1 Feb 27 1:00 PM","130.73543423205"
"Year 1 Feb 27 2:00 PM","110.700698442119"
"Year 1 Feb 27 3:00 PM","96.3955687570438"
"Year 1 Feb 27 4:00 PM","61.9176525461233"
"Year 1 Feb 27 5:00 PM","29.7002521338988"
"Year 1 Feb 27 6:00 PM","5.76847446444666"
"Year 1 Feb 27 7:00 PM","0"
"Year 1 Feb 27 8:00 PM","0"
"Year 1 Feb 27 9:00 PM","0"
"Year 1 Feb 27 10:00 PM","0"
"Year 1 Feb 27 11:00 PM","0"
"Year 1 Feb 28 12:00 AM","0"
"Year 1 Feb 28 1:00 AM","0"
"Year 1 Feb 28 2:00 AM","0"
"Year 1 Feb 28 3:00 AM","0"
"Year 1 Feb 28 4:00 AM","0"
"Year 1 Feb 28 5:00 AM","0"
"Year 1 Feb 28 6:00 AM","0"
"Year 1 Feb 28 7:00 AM","10.1453710425873"
"Year 1 Feb 28 8:00 AM","88.6048385970766"
"Year 1 Feb 28 9:00 AM","211.580927713511"
"Year 1 Feb 28 10:00 AM","311.717854409932"
"Year 1 Feb 28 11:00 AM","471.958950014167"
"Year 1 Feb 28 12:00 PM","567.264693447564"
"Year 1 Feb 28 1:00 PM","350.375313670893"
"Year 1 Feb 28 2:00 PM","55.9148328310816"
"Year 1 Feb 28 3:00 PM","54.8988879229379"
"Year 1 Feb 28 4:00 PM","43.3772803159869"
"Year 1 Feb 28 5:00 PM","30.7085914413541"
"Year 1 Feb 28 6:00 PM","6.21445584503094"
"Year 1 Feb 28 7:00 PM","0"
"Year 1 Feb 28 8:00 PM","0"
"Year 1 Feb 28 9:00 PM","0"
"Year 1 Feb 28 10:00 PM","0"
"Year 1 Feb 28 11:00 PM","0"
"Year 1 Mar 01 12:00 AM","0"
"Year 1 Mar 01 1:00 AM","0"
"Year 1 Mar 01 2:00 AM","0"
"Year 1 Mar 01 3:00 AM","0"
"Year 1 Mar 01 4:00 AM","0"
"Year 1 Mar 01 5:00 AM","0"
"Year 1 Mar 01 6:00 AM","0"
"Year 1 Mar 01 7:00 AM","4.95254015721996"
"Year 1 Mar 01 8:00 AM","23.8206324866626"
"Year 1 Mar 01 9:00 AM","54.9640330190844"
"Year 1 Mar 01 10:00 AM","127.005373451973"
"Year 1 Mar 01 11:00 AM","143.260411438805"
"Year 1 Mar 01 12:00 PM","98.2785957850302"
"Year 1 Mar 01 1:00 PM","97.5558953563276"
"Year 1 Mar 01 2:00 PM","88.7883047961276"
"Year 1 Mar 01 3:00 PM","107.45422139346"
"Year 1 Mar 01 4:00 PM","69.5504235107835"
"Year 1 Mar 01 5:00 PM","25.4658759187603"
"Year 1 Mar 01 6:00 PM","5.60722044684818"
"Year 1 Mar 01 7:00 PM","0"
"Year 1 Mar 01 8:00 PM","0"
"Year 1 Mar 01 9:00 PM","0"
"Year 1 Mar 01 10:00 PM","0"
"Year 1 Mar 01 11:00 PM","0"
"Year 1 Mar 02 12:00 AM","0"
"Year 1 Mar 02 1:00 AM","0"
"Year 1 Mar 02 2:00 AM","0"
"Year 1 Mar 02 3:00 AM","0"
"Year 1 Mar 02 4:00 AM","0"
"Year 1 Mar 02 5:00 AM","0"
"Year 1 Mar 02 6:00 AM","0"
"Year 1 Mar 02 7:00 AM","17.2171232577542"
"Year 1 Mar 02 8:00 AM","134.963714413516"
"Year 1 Mar 02 9:00 AM","296.454576690544"
"Year 1 Mar 02 10:00 AM","423.123301637728"
"Year 1 Mar 02 11:00 AM","507.292301768965"
"Year 1 Mar 02 12:00 PM","579.461649136541"
"Year 1 Mar 02 1:00 PM","296.368834184957"
"Year 1 Mar 02 2:00 PM","79.7969563390536"
"Year 1 Mar 02 3:00 PM","84.0528818984667"
"Year 1 Mar 02 4:00 PM","64.9521822279479"
"Year 1 Mar 02 5:00 PM","43.4951840588717"
"Year 1 Mar 02 6:00 PM","7.75871309097752"
"Year 1 Mar 02 7:00 PM","0"
"Year 1 Mar 02 8:00 PM","0"
"Year 1 Mar 02 9:00 PM","0"
"Year 1 Mar 02 10:00 PM","0"
"Year 1 Mar 02 11:00 PM","0"
"Year 1 Mar 03 12:00 AM","0"
"Year 1 Mar 03 1:00 AM","0"
"Year 1 Mar 03 2:00 AM","0"
"Year 1 Mar 03 3:00 AM","0"
"Year 1 Mar 03 4:00 AM","0"
"Year 1 Mar 03 5:00 AM","0"
"Year 1 Mar 03 6:00 AM","0"
"Year 1 Mar 03 7:00 AM","7.18716100700007"
"Year 1 Mar 03 8:00 AM","42.4188355637993"
"Year 1 Mar 03 9:00 AM","140.570053848003"
"Year 1 Mar 03 10:00 AM","143.314231080711"
"Year 1 Mar 03 11:00 AM","181.16734146834"
"Year 1 Mar 03 12:00 PM","160.391045288561"
"Year 1 Mar 03 1:00 PM","120.488239975875"
"Year 1 Mar 03 2:00 PM","112.163748696606"
"Year 1 Mar 03 3:00 PM","90.4603744024535"
"Year 1 Mar 03 4:00 PM","66.0447277349317"
"Year 1 Mar 03 5:00 PM","33.3616713933617"
"Year 1 Mar 03 6:00 PM","6.45299239025916"
"Year 1 Mar 03 7:00 PM","0"
"Year 1 Mar 03 8:00 PM","0"
"Year 1 Mar 03 9:00 PM","0"
"Year 1 Mar 03 10:00 PM","0"
"Year 1 Mar 03 11:00 PM","0"
"Year 1 Mar 04 12:00 AM","0"
"Year 1 Mar 04 1:00 AM","0"
"Year 1 Mar 04 2:00 AM","0"
"Year 1 Mar 04 3:00 AM","0"
"Year 1 Mar 04 4:00 AM","0"
"Year 1 Mar 04 5:00 AM","0"
"Year 1 Mar 04 6:00 AM","0"
"Year 1 Mar 04 7:00 AM","6.38601087668852"
"Year 1 Mar 04 8:00 AM","27.040151612959"
"Year 1 Mar 04 9:00 AM","57.5987172790223"
"Year 1 Mar 04 10:00 AM","81.0576983704778"
"Year 1 Mar 04 11:00 AM","104.394977127801"
"Year 1 Mar 04 12:00 PM","182.35074054939"
"Year 1 Mar 04 1:00 PM","219.285019723086"
"Year 1 Mar 04 2:00 PM","69.2392597579245"
"Year 1 Mar 04 3:00 PM","79.9006773834416"
"Year 1 Mar 04 4:00 PM","59.5807640009992"
"Year 1 Mar 04 5:00 PM","28.3409387251098"
"Year 1 Mar 04 6:00 PM","5.21214656881051"
"Year 1 Mar 04 7:00 PM","0"
"Year 1 Mar 04 8:00 PM","0"
"Year 1 Mar 04 9:00 PM","0"
"Year 1 Mar 04 10:00 PM","0"
"Year 1 Mar 04 11:00 PM","0"
"Year 1 Mar 05 12:00 AM","0"
"Year 1 Mar 05 1:00 AM","0"
"Year 1 Mar 05 2:00 AM","0"
"Year 1 Mar 05 3:00 AM","0"
"Year 1 Mar 05 4:00 AM","0"
"Year 1 Mar 05 5:00 AM","0"
"Year 1 Mar 05 6:00 AM","0"
"Year 1 Mar 05 7:00 AM","10.9943943480838"
"Year 1 Mar 05 8:00 AM","42.5383209350458"
"Year 1 Mar 05 9:00 AM","101.863004009431"
"Year 1 Mar 05 10:00 AM","307.466208311876"
"Year 1 Mar 05 11:00 AM","390.9627560694"
"Year 1 Mar 05 12:00 PM","381.874345670874"
"Year 1 Mar 05 1:00 PM","196.077720360804"
"Year 1 Mar 05 2:00 PM","115.270639748048"
"Year 1 Mar 05 3:00 PM","103.384082245433"
"Year 1 Mar 05 4:00 PM","66.7336352955774"
"Year 1 Mar 05 5:00 PM","31.9558076527326"
"Year 1 Mar 05 6:00 PM","7.95964039876696"
"Year 1 Mar 05 7:00 PM","0"
"Year 1 Mar 05 8:00 PM","0"
"Year 1 Mar 05 9:00 PM","0"
"Year 1 Mar 05 10:00 PM","0"
"Year 1 Mar 05 11:00 PM","0"
"Year 1 Mar 06 12:00 AM","0"
"Year 1 Mar 06 1:00 AM","0"
"Year 1 Mar 06 2:00 AM","0"
"Year 1 Mar 06 3:00 AM","0"
"Year 1 Mar 06 4:00 AM","0"
"Year 1 Mar 06 5:00 AM","0"
"Year 1 Mar 06 6:00 AM","0"
"Year 1 Mar 06 7:00 AM","18.0352183684415"
"Year 1 Mar 06 8:00 AM","112.375435228932"
"Year 1 Mar 06 9:00 AM","186.044339869747"
"Year 1 Mar 06 10:00 AM","325.995929410697"
"Year 1 Mar 06 11:00 AM","560.596487441219"
"Year 1 Mar 06 12:00 PM","586.611298595348"
"Year 1 Mar 06 1:00 PM","298.723870693356"
"Year 1 Mar 06 2:00 PM","32.0303971789854"
"Year 1 Mar 06 3:00 PM","31.9629619443114"
"Year 1 Mar 06 4:00 PM","43.1588246959498"
"Year 1 Mar 06 5:00 PM","29.7444551413768"
"Year 1 Mar 06 6:00 PM","9.32234245943836"
"Year 1 Mar 06 7:00 PM","0"
"Year 1 Mar 06 8:00 PM","0"
"Year 1 Mar 06 9:00 PM","0"
"Year 1 Mar 06 10:00 PM","0"
"Year 1 Mar 06 11:00 PM","0"
"Year 1 Mar 07 12:00 AM","0"
"Year 1 Mar 07 1:00 AM","0"
"Year 1 Mar 07 2:00 AM","0"
"Year 1 Mar 07 3:00 AM","0"
"Year 1 Mar 07 4:00 AM","0"
"Year 1 Mar 07 5:00 AM","0"
"Year 1 Mar 07 6:00 AM","0"
"Year 1 Mar 07 7:00 AM","8.32817084331015"
"Year 1 Mar 07 8:00 AM","36.3839487055129"
"Year 1 Mar 07 9:00 AM","51.972920548807"
"Year 1 Mar 07 10:00 AM","110.621300453538"
"Year 1 Mar 07 11:00 AM","161.375733410222"
"Year 1 Mar 07 12:00 PM","178.526104937552"
"Year 1 Mar 07 1:00 PM","148.426364525583"
"Year 1 Mar 07 2:00 PM","130.073673194658"
"Year 1 Mar 07 3:00 PM","118.21089257337"
"Year 1 Mar 07 4:00 PM","89.0404243152339"
"Year 1 Mar 07 5:00 PM","43.7856835037814"
"Year 1 Mar 07 6:00 PM","10.0731019508836"
"Year 1 Mar 07 7:00 PM","0"
"Year 1 Mar 07 8:00 PM","0"
"Year 1 Mar 07 9:00 PM","0"
"Year 1 Mar 07 10:00 PM","0"
"Year 1 Mar 07 11:00 PM","0"
"Year 1 Mar 08 12:00 AM","0"
"Year 1 Mar 08 1:00 AM","0"
"Year 1 Mar 08 2:00 AM","0"
"Year 1 Mar 08 3:00 AM","0"
"Year 1 Mar 08 4:00 AM","0"
"Year 1 Mar 08 5:00 AM","0"
"Year 1 Mar 08 6:00 AM","0"
"Year 1 Mar 08 7:00 AM","20.0855302350564"
"Year 1 Mar 08 8:00 AM","131.039742912505"
"Year 1 Mar 08 9:00 AM","344.858484772071"
"Year 1 Mar 08 10:00 AM","512.788546218693"
"Year 1 Mar 08 11:00 AM","628.32352069638"
"Year 1 Mar 08 12:00 PM","690.206960285687"
"Year 1 Mar 08 1:00 PM","321.100741471615"
"Year 1 Mar 08 2:00 PM","25.5411927240766"
"Year 1 Mar 08 3:00 PM","25.1402405768449"
"Year 1 Mar 08 4:00 PM","22.5254365854331"
"Year 1 Mar 08 5:00 PM","16.6569268987485"
"Year 1 Mar 08 6:00 PM","7.05147163630881"
"Year 1 Mar 08 7:00 PM","0"
"Year 1 Mar 08 8:00 PM","0"
"Year 1 Mar 08 9:00 PM","0"
"Year 1 Mar 08 10:00 PM","0"
"Year 1 Mar 08 11:00 PM","0"
"Year 1 Mar 09 12:00 AM","0"
"Year 1 Mar 09 1:00 AM","0"
"Year 1 Mar 09 2:00 AM","0"
"Year 1 Mar 09 3:00 AM","0"
"Year 1 Mar 09 4:00 AM","0"
"Year 1 Mar 09 5:00 AM","0"
"Year 1 Mar 09 6:00 AM","0"
"Year 1 Mar 09 7:00 AM","26.7870991430776"
"Year 1 Mar 09 8:00 AM","155.915041061405"
"Year 1 Mar 09 9:00 AM","338.428573366485"
"Year 1 Mar 09 10:00 AM","504.203276747789"
"Year 1 Mar 09 11:00 AM","620.325236299194"
"Year 1 Mar 09 12:00 PM","681.107716692459"
"Year 1 Mar 09 1:00 PM","320.656346822829"
"Year 1 Mar 09 2:00 PM","34.7414664018806"
"Year 1 Mar 09 3:00 PM","29.3205031840765"
"Year 1 Mar 09 4:00 PM","26.8707316099514"
"Year 1 Mar 09 5:00 PM","21.1254092483822"
"Year 1 Mar 09 6:00 PM","8.29905532976536"
"Year 1 Mar 09 7:00 PM","0"
"Year 1 Mar 09 8:00 PM","0"
"Year 1 Mar 09 9:00 PM","0"
"Year 1 Mar 09 10:00 PM","0"
"Year 1 Mar 09 11:00 PM","0"
"Year 1 Mar 10 12:00 AM","0"
"Year 1 Mar 10 1:00 AM","0"
"Year 1 Mar 10 2:00 AM","0"
"Year 1 Mar 10 3:00 AM","0"
"Year 1 Mar 10 4:00 AM","0"
"Year 1 Mar 10 5:00 AM","0"
"Year 1 Mar 10 6:00 AM","0"
"Year 1 Mar 10 7:00 AM","24.6806167775269"
"Year 1 Mar 10 8:00 AM","133.967215955006"
"Year 1 Mar 10 9:00 AM","302.391299773911"
"Year 1 Mar 10 10:00 AM","465.330727332446"
"Year 1 Mar 10 11:00 AM","579.903371946811"
"Year 1 Mar 10 12:00 PM","612.554638496302"
"Year 1 Mar 10 1:00 PM","299.116530331993"
"Year 1 Mar 10 2:00 PM","68.4454302672153"
"Year 1 Mar 10 3:00 PM","92.077523210112"
"Year 1 Mar 10 4:00 PM","75.0834256258618"
"Year 1 Mar 10 5:00 PM","46.7486070178337"
"Year 1 Mar 10 6:00 PM","11.9207729495904"
"Year 1 Mar 10 7:00 PM","0"
"Year 1 Mar 10 8:00 PM","0"
"Year 1 Mar 10 9:00 PM","0"
"Year 1 Mar 10 10:00 PM","0"
"Year 1 Mar 10 11:00 PM","0"
"Year 1 Mar 11 12:00 AM","0"
"Year 1 Mar 11 1:00 AM","0"
"Year 1 Mar 11 2:00 AM","0"
"Year 1 Mar 11 3:00 AM","0"
"Year 1 Mar 11 4:00 AM","0"
"Year 1 Mar 11 5:00 AM","0"
"Year 1 Mar 11 6:00 AM","0"
"Year 1 Mar 11 7:00 AM","9.76271953045278"
"Year 1 Mar 11 8:00 AM","40.5551784691159"
"Year 1 Mar 11 9:00 AM","75.2177249044034"
"Year 1 Mar 11 10:00 AM","132.268761753143"
"Year 1 Mar 11 11:00 AM","175.185143268922"
"Year 1 Mar 11 12:00 PM","184.787287457499"
"Year 1 Mar 11 1:00 PM","171.653792392874"
"Year 1 Mar 11 2:00 PM","136.014664129822"
"Year 1 Mar 11 3:00 PM","113.442251953809"
"Year 1 Mar 11 4:00 PM","84.2892018401415"
"Year 1 Mar 11 5:00 PM","34.975419425557"
"Year 1 Mar 11 6:00 PM","7.54483495500538"
"Year 1 Mar 11 7:00 PM","0"
"Year 1 Mar 11 8:00 PM","0"
"Year 1 Mar 11 9:00 PM","0"
"Year 1 Mar 11 10:00 PM","0"
"Year 1 Mar 11 11:00 PM","0"
"Year 1 Mar 12 12:00 AM","0"
"Year 1 Mar 12 1:00 AM","0"
"Year 1 Mar 12 2:00 AM","0"
"Year 1 Mar 12 3:00 AM","0"
"Year 1 Mar 12 4:00 AM","0"
"Year 1 Mar 12 5:00 AM","0"
"Year 1 Mar 12 6:00 AM","0"
"Year 1 Mar 12 7:00 AM","31.3585085620462"
"Year 1 Mar 12 8:00 AM","169.730774870049"
"Year 1 Mar 12 9:00 AM","355.033742759418"
"Year 1 Mar 12 10:00 AM","517.882668120149"
"Year 1 Mar 12 11:00 AM","635.355115116513"
"Year 1 Mar 12 12:00 PM","695.181420971585"
"Year 1 Mar 12 1:00 PM","324.440973587638"
"Year 1 Mar 12 2:00 PM","31.0713535949298"
"Year 1 Mar 12 3:00 PM","37.3572991416986"
"Year 1 Mar 12 4:00 PM","67.5243531433369"
"Year 1 Mar 12 5:00 PM","44.2184211711244"
"Year 1 Mar 12 6:00 PM","13.167814346817"
"Year 1 Mar 12 7:00 PM","0"
"Year 1 Mar 12 8:00 PM","0"
"Year 1 Mar 12 9:00 PM","0"
"Year 1 Mar 12 10:00 PM","0"
"Year 1 Mar 12 11:00 PM","0"
"Year 1 Mar 13 12:00 AM","0"
"Year 1 Mar 13 1:00 AM","0"
"Year 1 Mar 13 2:00 AM","0"
"Year 1 Mar 13 3:00 AM","0"
"Year 1 Mar 13 4:00 AM","0"
"Year 1 Mar 13 5:00 AM","0"
"Year 1 Mar 13 6:00 AM","0"
"Year 1 Mar 13 7:00 AM","8.95459317639793"
"Year 1 Mar 13 8:00 AM","30.3309243814335"
"Year 1 Mar 13 9:00 AM","75.1508248216131"
"Year 1 Mar 13 10:00 AM","101.629264535915"
"Year 1 Mar 13 11:00 AM","94.5978861405407"
"Year 1 Mar 13 12:00 PM","97.0126266104622"
"Year 1 Mar 13 1:00 PM","93.2084965329597"
"Year 1 Mar 13 2:00 PM","89.5450692207458"
"Year 1 Mar 13 3:00 PM","113.202860882983"
"Year 1 Mar 13 4:00 PM","78.5734630407245"
"Year 1 Mar 13 5:00 PM","37.7084716067029"
"Year 1 Mar 13 6:00 PM","6.69522037945098"
"Year 1 Mar 13 7:00 PM","0"
"Year 1 Mar 13 8:00 PM","0"
"Year 1 Mar 13 9:00 PM","0"
"Year 1 Mar 13 10:00 PM","0"
"Year 1 Mar 13 11:00 PM","0"
"Year 1 Mar 14 12:00 AM","0"
"Year 1 Mar 14 1:00 AM","0"
"Year 1 Mar 14 2:00 AM","0"
"Year 1 Mar 14 3:00 AM","0"
"Year 1 Mar 14 4:00 AM","0"
"Year 1 Mar 14 5:00 AM","0"
"Year 1 Mar 14 6:00 AM","0"
"Year 1 Mar 14 7:00 AM","38.3847515201956"
"Year 1 Mar 14 8:00 AM","196.38103085388"
"Year 1 Mar 14 9:00 AM","375.731933282854"
"Year 1 Mar 14 10:00 AM","499.542162526924"
"Year 1 Mar 14 11:00 AM","604.205551584781"
"Year 1 Mar 14 12:00 PM","644.770409939602"
"Year 1 Mar 14 1:00 PM","275.594290498459"
"Year 1 Mar 14 2:00 PM","78.3363918646502"
"Year 1 Mar 14 3:00 PM","57.897284420381"
"Year 1 Mar 14 4:00 PM","44.5290818600891"
"Year 1 Mar 14 5:00 PM","26.6065751126786"
"Year 1 Mar 14 6:00 PM","11.5656695275073"
"Year 1 Mar 14 7:00 PM","0"
"Year 1 Mar 14 8:00 PM","0"
"Year 1 Mar 14 9:00 PM","0"
"Year 1 Mar 14 10:00 PM","0"
"Year 1 Mar 14 11:00 PM","0"
"Year 1 Mar 15 12:00 AM","0"
"Year 1 Mar 15 1:00 AM","0"
"Year 1 Mar 15 2:00 AM","0"
"Year 1 Mar 15 3:00 AM","0"
"Year 1 Mar 15 4:00 AM","0"
"Year 1 Mar 15 5:00 AM","0"
"Year 1 Mar 15 6:00 AM","0"
"Year 1 Mar 15 7:00 AM","39.5652376414768"
"Year 1 Mar 15 8:00 AM","194.43169734274"
"Year 1 Mar 15 9:00 AM","381.677612796912"
"Year 1 Mar 15 10:00 AM","542.288820835448"
"Year 1 Mar 15 11:00 AM","658.125281319802"
"Year 1 Mar 15 12:00 PM","716.665513376514"
"Year 1 Mar 15 1:00 PM","331.130953328841"
"Year 1 Mar 15 2:00 PM","26.4367704146027"
"Year 1 Mar 15 3:00 PM","24.7392812795797"
"Year 1 Mar 15 4:00 PM","19.5765190019546"
"Year 1 Mar 15 5:00 PM","14.3090220351602"
"Year 1 Mar 15 6:00 PM","7.52039426626213"
"Year 1 Mar 15 7:00 PM","0"
"Year 1 Mar 15 8:00 PM","0"
"Year 1 Mar 15 9:00 PM","0"
"Year 1 Mar 15 10:00 PM","0"
"Year 1 Mar 15 11:00 PM","0"
"Year 1 Mar 16 12:00 AM","0"
"Year 1 Mar 16 1:00 AM","0"
"Year 1 Mar 16 2:00 AM","0"
"Year 1 Mar 16 3:00 AM","0"
"Year 1 Mar 16 4:00 AM","0"
"Year 1 Mar 16 5:00 AM","0"
"Year 1 Mar 16 6:00 AM","0"
"Year 1 Mar 16 7:00 AM","34.5334688936488"
"Year 1 Mar 16 8:00 AM","141.377293477197"
"Year 1 Mar 16 9:00 AM","215.842145315901"
"Year 1 Mar 16 10:00 AM","388.033049523247"
"Year 1 Mar 16 11:00 AM","465.385593129828"
"Year 1 Mar 16 12:00 PM","320.059083002484"
"Year 1 Mar 16 1:00 PM","240.820405247839"
"Year 1 Mar 16 2:00 PM","93.6338559219145"
"Year 1 Mar 16 3:00 PM","98.155610468573"
"Year 1 Mar 16 4:00 PM","67.3974672405181"
"Year 1 Mar 16 5:00 PM","30.4083302394645"
"Year 1 Mar 16 6:00 PM","14.26521547118"
"Year 1 Mar 16 7:00 PM","0"
"Year 1 Mar 16 8:00 PM","0"
"Year 1 Mar 16 9:00 PM","0"
"Year 1 Mar 16 10:00 PM","0"
"Year 1 Mar 16 11:00 PM","0"
"Year 1 Mar 17 12:00 AM","0"
"Year 1 Mar 17 1:00 AM","0"
"Year 1 Mar 17 2:00 AM","0"
"Year 1 Mar 17 3:00 AM","0"
"Year 1 Mar 17 4:00 AM","0"
"Year 1 Mar 17 5:00 AM","0"
"Year 1 Mar 17 6:00 AM","0"
"Year 1 Mar 17 7:00 AM","39.8582999241656"
"Year 1 Mar 17 8:00 AM","155.006447894914"
"Year 1 Mar 17 9:00 AM","182.787442092785"
"Year 1 Mar 17 10:00 AM","267.758408810002"
"Year 1 Mar 17 11:00 AM","245.036083052788"
"Year 1 Mar 17 12:00 PM","283.819945323617"
"Year 1 Mar 17 1:00 PM","216.031880345489"
"Year 1 Mar 17 2:00 PM","54.7024004564551"
"Year 1 Mar 17 3:00 PM","30.1956868010614"
"Year 1 Mar 17 4:00 PM","29.6078975489854"
"Year 1 Mar 17 5:00 PM","18.7523488919135"
"Year 1 Mar 17 6:00 PM","8.36463436506012"
"Year 1 Mar 17 7:00 PM","0"
"Year 1 Mar 17 8:00 PM","0"
"Year 1 Mar 17 9:00 PM","0"
"Year 1 Mar 17 10:00 PM","0"
"Year 1 Mar 17 11:00 PM","0"
"Year 1 Mar 18 12:00 AM","0"
"Year 1 Mar 18 1:00 AM","0"
"Year 1 Mar 18 2:00 AM","0"
"Year 1 Mar 18 3:00 AM","0"
"Year 1 Mar 18 4:00 AM","0"
"Year 1 Mar 18 5:00 AM","0"
"Year 1 Mar 18 6:00 AM","0"
"Year 1 Mar 18 7:00 AM","37.5929029021146"
"Year 1 Mar 18 8:00 AM","174.865129020228"
"Year 1 Mar 18 9:00 AM","355.575310659261"
"Year 1 Mar 18 10:00 AM","517.136891295092"
"Year 1 Mar 18 11:00 AM","633.041411771868"
"Year 1 Mar 18 12:00 PM","690.816599726708"
"Year 1 Mar 18 1:00 PM","327.17389895459"
"Year 1 Mar 18 2:00 PM","35.4399808984166"
"Year 1 Mar 18 3:00 PM","32.3893070511106"
"Year 1 Mar 18 4:00 PM","30.357091073958"
"Year 1 Mar 18 5:00 PM","23.9582754343615"
"Year 1 Mar 18 6:00 PM","10.4012291702726"
"Year 1 Mar 18 7:00 PM","0"
"Year 1 Mar 18 8:00 PM","0"
"Year 1 Mar 18 9:00 PM","0"
"Year 1 Mar 18 10:00 PM","0"
"Year 1 Mar 18 11:00 PM","0"
"Year 1 Mar 19 12:00 AM","0"
"Year 1 Mar 19 1:00 AM","0"
"Year 1 Mar 19 2:00 AM","0"
"Year 1 Mar 19 3:00 AM","0"
"Year 1 Mar 19 4:00 AM","0"
"Year 1 Mar 19 5:00 AM","0"
"Year 1 Mar 19 6:00 AM","0"
"Year 1 Mar 19 7:00 AM","32.7302296188859"
"Year 1 Mar 19 8:00 AM","88.355713318563"
"Year 1 Mar 19 9:00 AM","126.875403534728"
"Year 1 Mar 19 10:00 AM","280.92511173768"
"Year 1 Mar 19 11:00 AM","533.334570111634"
"Year 1 Mar 19 12:00 PM","616.328565195936"
"Year 1 Mar 19 1:00 PM","313.729307183044"
"Year 1 Mar 19 2:00 PM","39.9959946772201"
"Year 1 Mar 19 3:00 PM","37.751977964581"
"Year 1 Mar 19 4:00 PM","37.3356049080551"
"Year 1 Mar 19 5:00 PM","27.82168292677"
"Year 1 Mar 19 6:00 PM","10.9445912142523"
"Year 1 Mar 19 7:00 PM","0"
"Year 1 Mar 19 8:00 PM","0"
"Year 1 Mar 19 9:00 PM","0"
"Year 1 Mar 19 10:00 PM","0"
"Year 1 Mar 19 11:00 PM","0"
"Year 1 Mar 20 12:00 AM","0"
"Year 1 Mar 20 1:00 AM","0"
"Year 1 Mar 20 2:00 AM","0"
"Year 1 Mar 20 3:00 AM","0"
"Year 1 Mar 20 4:00 AM","0"
"Year 1 Mar 20 5:00 AM","0"
"Year 1 Mar 20 6:00 AM","0"
"Year 1 Mar 20 7:00 AM","40.366987345555"
"Year 1 Mar 20 8:00 AM","180.816001262591"
"Year 1 Mar 20 9:00 AM","360.961469592692"
"Year 1 Mar 20 10:00 AM","522.326580605096"
"Year 1 Mar 20 11:00 AM","639.350073247276"
"Year 1 Mar 20 12:00 PM","698.831499924015"
"Year 1 Mar 20 1:00 PM","330.525400130139"
"Year 1 Mar 20 2:00 PM","43.3099896213589"
"Year 1 Mar 20 3:00 PM","60.1313517070267"
"Year 1 Mar 20 4:00 PM","48.073847593962"
"Year 1 Mar 20 5:00 PM","38.7169977801677"
"Year 1 Mar 20 6:00 PM","15.9103271893902"
"Year 1 Mar 20 7:00 PM","0"
"Year 1 Mar 20 8:00 PM","0"
"Year 1 Mar 20 9:00 PM","0"
"Year 1 Mar 20 10:00 PM","0"
"Year 1 Mar 20 11:00 PM","0"
"Year 1 Mar 21 12:00 AM","0"
"Year 1 Mar 21 1:00 AM","0"
"Year 1 Mar 21 2:00 AM","0"
"Year 1 Mar 21 3:00 AM","0"
"Year 1 Mar 21 4:00 AM","0"
"Year 1 Mar 21 5:00 AM","0"
"Year 1 Mar 21 6:00 AM","1.2316263922728"
"Year 1 Mar 21 7:00 AM","44.8854302245887"
"Year 1 Mar 21 8:00 AM","197.498873615958"
"Year 1 Mar 21 9:00 AM","381.710148713873"
"Year 1 Mar 21 10:00 AM","540.58784766489"
"Year 1 Mar 21 11:00 AM","648.882346832993"
"Year 1 Mar 21 12:00 PM","663.208963705552"
"Year 1 Mar 21 1:00 PM","313.143934894842"
"Year 1 Mar 21 2:00 PM","44.1836274114508"
"Year 1 Mar 21 3:00 PM","55.481773549628"
"Year 1 Mar 21 4:00 PM","65.2892493128417"
"Year 1 Mar 21 5:00 PM","50.3323085269239"
"Year 1 Mar 21 6:00 PM","16.6229625462456"
"Year 1 Mar 21 7:00 PM","0"
"Year 1 Mar 21 8:00 PM","0"
"Year 1 Mar 21 9:00 PM","0"
"Year 1 Mar 21 10:00 PM","0"
"Year 1 Mar 21 11:00 PM","0"
"Year 1 Mar 22 12:00 AM","0"
"Year 1 Mar 22 1:00 AM","0"
"Year 1 Mar 22 2:00 AM","0"
"Year 1 Mar 22 3:00 AM","0"
"Year 1 Mar 22 4:00 AM","0"
"Year 1 Mar 22 5:00 AM","0"
"Year 1 Mar 22 6:00 AM","2.65828102111317"
"Year 1 Mar 22 7:00 AM","53.9890251103434"
"Year 1 Mar 22 8:00 AM","172.438688873231"
"Year 1 Mar 22 9:00 AM","407.842641151412"
"Year 1 Mar 22 10:00 AM","552.421884652783"
"Year 1 Mar 22 11:00 AM","566.722281921572"
"Year 1 Mar 22 12:00 PM","406.648153300628"
"Year 1 Mar 22 1:00 PM","188.226480169195"
"Year 1 Mar 22 2:00 PM","105.406407916531"
"Year 1 Mar 22 3:00 PM","103.586082274403"
"Year 1 Mar 22 4:00 PM","73.229665685051"
"Year 1 Mar 22 5:00 PM","44.3653022951253"
"Year 1 Mar 22 6:00 PM","15.3779139819085"
"Year 1 Mar 22 7:00 PM","0"
"Year 1 Mar 22 8:00 PM","0"
"Year 1 Mar 22 9:00 PM","0"
"Year 1 Mar 22 10:00 PM","0"
"Year 1 Mar 22 11:00 PM","0"
"Year 1 Mar 23 12:00 AM","0"
"Year 1 Mar 23 1:00 AM","0"
"Year 1 Mar 23 2:00 AM","0"
"Year 1 Mar 23 3:00 AM","0"
"Year 1 Mar 23 4:00 AM","0"
"Year 1 Mar 23 5:00 AM","0"
"Year 1 Mar 23 6:00 AM","1.4466628718833"
"Year 1 Mar 23 7:00 AM","22.633952023679"
"Year 1 Mar 23 8:00 AM","59.4275224600655"
"Year 1 Mar 23 9:00 AM","85.3501062973325"
"Year 1 Mar 23 10:00 AM","162.93121399036"
"Year 1 Mar 23 11:00 AM","125.376776118632"
"Year 1 Mar 23 12:00 PM","128.320317886661"
"Year 1 Mar 23 1:00 PM","120.70480185713"
"Year 1 Mar 23 2:00 PM","104.275662821267"
"Year 1 Mar 23 3:00 PM","94.133720364523"
"Year 1 Mar 23 4:00 PM","95.7382362168584"
"Year 1 Mar 23 5:00 PM","43.1731642791289"
"Year 1 Mar 23 6:00 PM","13.6181237307795"
"Year 1 Mar 23 7:00 PM","0"
"Year 1 Mar 23 8:00 PM","0"
"Year 1 Mar 23 9:00 PM","0"
"Year 1 Mar 23 10:00 PM","0"
"Year 1 Mar 23 11:00 PM","0"
"Year 1 Mar 24 12:00 AM","0"
"Year 1 Mar 24 1:00 AM","0"
"Year 1 Mar 24 2:00 AM","0"
"Year 1 Mar 24 3:00 AM","0"
"Year 1 Mar 24 4:00 AM","0"
"Year 1 Mar 24 5:00 AM","0"
"Year 1 Mar 24 6:00 AM","1.1459387764219"
"Year 1 Mar 24 7:00 AM","15.810920884848"
"Year 1 Mar 24 8:00 AM","40.6625143282113"
"Year 1 Mar 24 9:00 AM","85.5361482361891"
"Year 1 Mar 24 10:00 AM","152.450886202788"
"Year 1 Mar 24 11:00 AM","129.523039406515"
"Year 1 Mar 24 12:00 PM","140.669346885573"
"Year 1 Mar 24 1:00 PM","169.846838846212"
"Year 1 Mar 24 2:00 PM","112.881402426324"
"Year 1 Mar 24 3:00 PM","91.8385377505879"
"Year 1 Mar 24 4:00 PM","87.7300357565907"
"Year 1 Mar 24 5:00 PM","52.823893078017"
"Year 1 Mar 24 6:00 PM","18.6995171983134"
"Year 1 Mar 24 7:00 PM","0"
"Year 1 Mar 24 8:00 PM","0"
"Year 1 Mar 24 9:00 PM","0"
"Year 1 Mar 24 10:00 PM","0"
"Year 1 Mar 24 11:00 PM","0"
"Year 1 Mar 25 12:00 AM","0"
"Year 1 Mar 25 1:00 AM","0"
"Year 1 Mar 25 2:00 AM","0"
"Year 1 Mar 25 3:00 AM","0"
"Year 1 Mar 25 4:00 AM","0"
"Year 1 Mar 25 5:00 AM","0"
"Year 1 Mar 25 6:00 AM","2.2997447749577"
"Year 1 Mar 25 7:00 AM","31.6490158651882"
"Year 1 Mar 25 8:00 AM","84.599380924706"
"Year 1 Mar 25 9:00 AM","148.144808083277"
"Year 1 Mar 25 10:00 AM","177.95323396728"
"Year 1 Mar 25 11:00 AM","209.154335666375"
"Year 1 Mar 25 12:00 PM","232.316372549998"
"Year 1 Mar 25 1:00 PM","193.078925706192"
"Year 1 Mar 25 2:00 PM","162.044978921192"
"Year 1 Mar 25 3:00 PM","134.216396413699"
"Year 1 Mar 25 4:00 PM","105.368478638066"
"Year 1 Mar 25 5:00 PM","60.000644251228"
"Year 1 Mar 25 6:00 PM","17.2252957063858"
"Year 1 Mar 25 7:00 PM","0"
"Year 1 Mar 25 8:00 PM","0"
"Year 1 Mar 25 9:00 PM","0"
"Year 1 Mar 25 10:00 PM","0"
"Year 1 Mar 25 11:00 PM","0"
"Year 1 Mar 26 12:00 AM","0"
"Year 1 Mar 26 1:00 AM","0"
"Year 1 Mar 26 2:00 AM","0"
"Year 1 Mar 26 3:00 AM","0"
"Year 1 Mar 26 4:00 AM","0"
"Year 1 Mar 26 5:00 AM","0"
"Year 1 Mar 26 6:00 AM","3.37530720029419"
"Year 1 Mar 26 7:00 AM","76.943516885166"
"Year 1 Mar 26 8:00 AM","250.82437076339"
"Year 1 Mar 26 9:00 AM","441.886493696389"
"Year 1 Mar 26 10:00 AM","605.65453088289"
"Year 1 Mar 26 11:00 AM","719.280767892318"
"Year 1 Mar 26 12:00 PM","759.719588722065"
"Year 1 Mar 26 1:00 PM","237.932186523446"
"Year 1 Mar 26 2:00 PM","62.6146066655828"
"Year 1 Mar 26 3:00 PM","55.2134986245115"
"Year 1 Mar 26 4:00 PM","57.2914331192919"
"Year 1 Mar 26 5:00 PM","33.959661764968"
"Year 1 Mar 26 6:00 PM","18.5303965174873"
"Year 1 Mar 26 7:00 PM","0"
"Year 1 Mar 26 8:00 PM","0"
"Year 1 Mar 26 9:00 PM","0"
"Year 1 Mar 26 10:00 PM","0"
"Year 1 Mar 26 11:00 PM","0"
"Year 1 Mar 27 12:00 AM","0"
"Year 1 Mar 27 1:00 AM","0"
"Year 1 Mar 27 2:00 AM","0"
"Year 1 Mar 27 3:00 AM","0"
"Year 1 Mar 27 4:00 AM","0"
"Year 1 Mar 27 5:00 AM","0"
"Year 1 Mar 27 6:00 AM","1.42946044189615"
"Year 1 Mar 27 7:00 AM","19.0607551787248"
"Year 1 Mar 27 8:00 AM","61.7239645715327"
"Year 1 Mar 27 9:00 AM","62.0933724051353"
"Year 1 Mar 27 10:00 AM","91.7522340677526"
"Year 1 Mar 27 11:00 AM","211.014104948998"
"Year 1 Mar 27 12:00 PM","471.165837629506"
"Year 1 Mar 27 1:00 PM","189.986777663739"
"Year 1 Mar 27 2:00 PM","82.3271196544318"
"Year 1 Mar 27 3:00 PM","111.666642377978"
"Year 1 Mar 27 4:00 PM","76.9041082745451"
"Year 1 Mar 27 5:00 PM","53.6974447297337"
"Year 1 Mar 27 6:00 PM","21.8757192189646"
"Year 1 Mar 27 7:00 PM","0"
"Year 1 Mar 27 8:00 PM","0"
"Year 1 Mar 27 9:00 PM","0"
"Year 1 Mar 27 10:00 PM","0"
"Year 1 Mar 27 11:00 PM","0"
"Year 1 Mar 28 12:00 AM","0"
"Year 1 Mar 28 1:00 AM","0"
"Year 1 Mar 28 2:00 AM","0"
"Year 1 Mar 28 3:00 AM","0"
"Year 1 Mar 28 4:00 AM","0"
"Year 1 Mar 28 5:00 AM","0"
"Year 1 Mar 28 6:00 AM","2.46857305788926"
"Year 1 Mar 28 7:00 AM","29.6872678429193"
"Year 1 Mar 28 8:00 AM","84.4764089056983"
"Year 1 Mar 28 9:00 AM","57.1019123773173"
"Year 1 Mar 28 10:00 AM","88.1206314658642"
"Year 1 Mar 28 11:00 AM","175.116544820578"
"Year 1 Mar 28 12:00 PM","182.579117806136"
"Year 1 Mar 28 1:00 PM","169.254361607581"
"Year 1 Mar 28 2:00 PM","130.350444020772"
"Year 1 Mar 28 3:00 PM","94.1567954085461"
"Year 1 Mar 28 4:00 PM","89.4962664664028"
"Year 1 Mar 28 5:00 PM","39.6489008307446"
"Year 1 Mar 28 6:00 PM","13.068920664713"
"Year 1 Mar 28 7:00 PM","0"
"Year 1 Mar 28 8:00 PM","0"
"Year 1 Mar 28 9:00 PM","0"
"Year 1 Mar 28 10:00 PM","0"
"Year 1 Mar 28 11:00 PM","0"
"Year 1 Mar 29 12:00 AM","0"
"Year 1 Mar 29 1:00 AM","0"
"Year 1 Mar 29 2:00 AM","0"
"Year 1 Mar 29 3:00 AM","0"
"Year 1 Mar 29 4:00 AM","0"
"Year 1 Mar 29 5:00 AM","0"
"Year 1 Mar 29 6:00 AM","5.4133916353432"
"Year 1 Mar 29 7:00 AM","38.2995346742989"
"Year 1 Mar 29 8:00 AM","76.1600994538672"
"Year 1 Mar 29 9:00 AM","138.235397930527"
"Year 1 Mar 29 10:00 AM","164.089609393715"
"Year 1 Mar 29 11:00 AM","205.734693568281"
"Year 1 Mar 29 12:00 PM","223.687831516512"
"Year 1 Mar 29 1:00 PM","186.642096876976"
"Year 1 Mar 29 2:00 PM","150.803222285012"
"Year 1 Mar 29 3:00 PM","135.750057828597"
"Year 1 Mar 29 4:00 PM","81.417973784511"
"Year 1 Mar 29 5:00 PM","58.1797324539322"
"Year 1 Mar 29 6:00 PM","22.0190465718311"
"Year 1 Mar 29 7:00 PM","0"
"Year 1 Mar 29 8:00 PM","0"
"Year 1 Mar 29 9:00 PM","0"
"Year 1 Mar 29 10:00 PM","0"
"Year 1 Mar 29 11:00 PM","0"
"Year 1 Mar 30 12:00 AM","0"
"Year 1 Mar 30 1:00 AM","0"
"Year 1 Mar 30 2:00 AM","0"
"Year 1 Mar 30 3:00 AM","0"
"Year 1 Mar 30 4:00 AM","0"
"Year 1 Mar 30 5:00 AM","0"
"Year 1 Mar 30 6:00 AM","4.53013382851347"
"Year 1 Mar 30 7:00 AM","35.2368902291448"
"Year 1 Mar 30 8:00 AM","87.6826268450109"
"Year 1 Mar 30 9:00 AM","140.152431268899"
"Year 1 Mar 30 10:00 AM","182.477952079753"
"Year 1 Mar 30 11:00 AM","222.622037432342"
"Year 1 Mar 30 12:00 PM","253.664423044696"
"Year 1 Mar 30 1:00 PM","196.224526246875"
"Year 1 Mar 30 2:00 PM","163.379475862738"
"Year 1 Mar 30 3:00 PM","145.135017119863"
"Year 1 Mar 30 4:00 PM","106.092613461083"
"Year 1 Mar 30 5:00 PM","66.2525122725177"
"Year 1 Mar 30 6:00 PM","24.6641664030877"
"Year 1 Mar 30 7:00 PM","0"
"Year 1 Mar 30 8:00 PM","0"
"Year 1 Mar 30 9:00 PM","0"
"Year 1 Mar 30 10:00 PM","0"
"Year 1 Mar 30 11:00 PM","0"
"Year 1 Mar 31 12:00 AM","0"
"Year 1 Mar 31 1:00 AM","0"
"Year 1 Mar 31 2:00 AM","0"
"Year 1 Mar 31 3:00 AM","0"
"Year 1 Mar 31 4:00 AM","0"
"Year 1 Mar 31 5:00 AM","0"
"Year 1 Mar 31 6:00 AM","3.05166217460838"
"Year 1 Mar 31 7:00 AM","22.728403381447"
"Year 1 Mar 31 8:00 AM","55.177088734261"
"Year 1 Mar 31 9:00 AM","98.5043247867981"
"Year 1 Mar 31 10:00 AM","179.734256257034"
"Year 1 Mar 31 11:00 AM","217.641489086152"
"Year 1 Mar 31 12:00 PM","214.066264386137"
"Year 1 Mar 31 1:00 PM","127.141157362971"
"Year 1 Mar 31 2:00 PM","113.38312771"
"Year 1 Mar 31 3:00 PM","125.318054198457"
"Year 1 Mar 31 4:00 PM","70.0688806481902"
"Year 1 Mar 31 5:00 PM","39.5989415762552"
"Year 1 Mar 31 6:00 PM","15.8390657793447"
"Year 1 Mar 31 7:00 PM","0.962717844695828"
"Year 1 Mar 31 8:00 PM","0"
"Year 1 Mar 31 9:00 PM","0"
"Year 1 Mar 31 10:00 PM","0"
"Year 1 Mar 31 11:00 PM","0"
"Year 1 Apr 01 12:00 AM","0"
"Year 1 Apr 01 1:00 AM","0"
"Year 1 Apr 01 2:00 AM","0"
"Year 1 Apr 01 3:00 AM","0"
"Year 1 Apr 01 4:00 AM","0"
"Year 1 Apr 01 5:00 AM","0"
"Year 1 Apr 01 6:00 AM","9.19382936113185"
"Year 1 Apr 01 7:00 AM","104.688228973382"
"Year 1 Apr 01 8:00 AM","268.795856063469"
"Year 1 Apr 01 9:00 AM","429.750214325084"
"Year 1 Apr 01 10:00 AM","434.888808493603"
"Year 1 Apr 01 11:00 AM","242.217539799969"
"Year 1 Apr 01 12:00 PM","156.541156975905"
"Year 1 Apr 01 1:00 PM","96.1327985904303"
"Year 1 Apr 01 2:00 PM","83.1539906349555"
"Year 1 Apr 01 3:00 PM","68.6160066607393"
"Year 1 Apr 01 4:00 PM","47.5663198195257"
"Year 1 Apr 01 5:00 PM","38.5429820462553"
"Year 1 Apr 01 6:00 PM","19.0852168074955"
"Year 1 Apr 01 7:00 PM","1.09274196222969"
"Year 1 Apr 01 8:00 PM","0"
"Year 1 Apr 01 9:00 PM","0"
"Year 1 Apr 01 10:00 PM","0"
"Year 1 Apr 01 11:00 PM","0"
"Year 1 Apr 02 12:00 AM","0"
"Year 1 Apr 02 1:00 AM","0"
"Year 1 Apr 02 2:00 AM","0"
"Year 1 Apr 02 3:00 AM","0"
"Year 1 Apr 02 4:00 AM","0"
"Year 1 Apr 02 5:00 AM","0"
"Year 1 Apr 02 6:00 AM","4.86452332152319"
"Year 1 Apr 02 7:00 AM","26.5971557680081"
"Year 1 Apr 02 8:00 AM","61.46970671382"
"Year 1 Apr 02 9:00 AM","225.154597516145"
"Year 1 Apr 02 10:00 AM","189.925000291848"
"Year 1 Apr 02 11:00 AM","201.749778356568"
"Year 1 Apr 02 12:00 PM","137.350930624923"
"Year 1 Apr 02 1:00 PM","158.4363125303"
"Year 1 Apr 02 2:00 PM","117.304969022998"
"Year 1 Apr 02 3:00 PM","87.5219162237308"
"Year 1 Apr 02 4:00 PM","56.3908631139915"
"Year 1 Apr 02 5:00 PM","31.8913162066944"
"Year 1 Apr 02 6:00 PM","10.8054265242487"
"Year 1 Apr 02 7:00 PM","0.592505350536005"
"Year 1 Apr 02 8:00 PM","0"
"Year 1 Apr 02 9:00 PM","0"
"Year 1 Apr 02 10:00 PM","0"
"Year 1 Apr 02 11:00 PM","0"
"Year 1 Apr 03 12:00 AM","0"
"Year 1 Apr 03 1:00 AM","0"
"Year 1 Apr 03 2:00 AM","0"
"Year 1 Apr 03 3:00 AM","0"
"Year 1 Apr 03 4:00 AM","0"
"Year 1 Apr 03 5:00 AM","0"
"Year 1 Apr 03 6:00 AM","11.3387790991067"
"Year 1 Apr 03 7:00 AM","71.3829856616017"
"Year 1 Apr 03 8:00 AM","66.2494959886206"
"Year 1 Apr 03 9:00 AM","90.7846990876407"
"Year 1 Apr 03 10:00 AM","117.545917217809"
"Year 1 Apr 03 11:00 AM","140.232715078967"
"Year 1 Apr 03 12:00 PM","156.648446863744"
"Year 1 Apr 03 1:00 PM","114.60340182527"
"Year 1 Apr 03 2:00 PM","99.3706782681408"
"Year 1 Apr 03 3:00 PM","76.8659551523076"
"Year 1 Apr 03 4:00 PM","67.0987304960916"
"Year 1 Apr 03 5:00 PM","49.7796954353343"
"Year 1 Apr 03 6:00 PM","22.6361630344709"
"Year 1 Apr 03 7:00 PM","1.35670834830259"
"Year 1 Apr 03 8:00 PM","0"
"Year 1 Apr 03 9:00 PM","0"
"Year 1 Apr 03 10:00 PM","0"
"Year 1 Apr 03 11:00 PM","0"
"Year 1 Apr 04 12:00 AM","0"
"Year 1 Apr 04 1:00 AM","0"
"Year 1 Apr 04 2:00 AM","0"
"Year 1 Apr 04 3:00 AM","0"
"Year 1 Apr 04 4:00 AM","0"
"Year 1 Apr 04 5:00 AM","0"
"Year 1 Apr 04 6:00 AM","11.1681762586433"
"Year 1 Apr 04 7:00 AM","89.2125364135127"
"Year 1 Apr 04 8:00 AM","168.442650814762"
"Year 1 Apr 04 9:00 AM","357.617893829282"
"Year 1 Apr 04 10:00 AM","419.773396948662"
"Year 1 Apr 04 11:00 AM","172.765204557093"
"Year 1 Apr 04 12:00 PM","112.47487051835"
"Year 1 Apr 04 1:00 PM","100.059727718979"
"Year 1 Apr 04 2:00 PM","90.440974069396"
"Year 1 Apr 04 3:00 PM","70.7489057853364"
"Year 1 Apr 04 4:00 PM","54.7364513702176"
"Year 1 Apr 04 5:00 PM","43.4874836464608"
"Year 1 Apr 04 6:00 PM","20.0716373328298"
"Year 1 Apr 04 7:00 PM","1.15681188558317"
"Year 1 Apr 04 8:00 PM","0"
"Year 1 Apr 04 9:00 PM","0"
"Year 1 Apr 04 10:00 PM","0"
"Year 1 Apr 04 11:00 PM","0"
"Year 1 Apr 05 12:00 AM","0"
"Year 1 Apr 05 1:00 AM","0"
"Year 1 Apr 05 2:00 AM","0"
"Year 1 Apr 05 3:00 AM","0"
"Year 1 Apr 05 4:00 AM","0"
"Year 1 Apr 05 5:00 AM","0"
"Year 1 Apr 05 6:00 AM","10.3678318937598"
"Year 1 Apr 05 7:00 AM","86.4888102044402"
"Year 1 Apr 05 8:00 AM","195.229608379422"
"Year 1 Apr 05 9:00 AM","314.501655814769"
"Year 1 Apr 05 10:00 AM","369.737817042397"
"Year 1 Apr 05 11:00 AM","260.760391379834"
"Year 1 Apr 05 12:00 PM","224.533141439149"
"Year 1 Apr 05 1:00 PM","174.404324860297"
"Year 1 Apr 05 2:00 PM","98.3003644423315"
"Year 1 Apr 05 3:00 PM","75.1913925990161"
"Year 1 Apr 05 4:00 PM","92.8387479347427"
"Year 1 Apr 05 5:00 PM","55.1596538825604"
"Year 1 Apr 05 6:00 PM","26.783918541264"
"Year 1 Apr 05 7:00 PM","1.67066014192781"
"Year 1 Apr 05 8:00 PM","0"
"Year 1 Apr 05 9:00 PM","0"
"Year 1 Apr 05 10:00 PM","0"
"Year 1 Apr 05 11:00 PM","0"
"Year 1 Apr 06 12:00 AM","0"
"Year 1 Apr 06 1:00 AM","0"
"Year 1 Apr 06 2:00 AM","0"
"Year 1 Apr 06 3:00 AM","0"
"Year 1 Apr 06 4:00 AM","0"
"Year 1 Apr 06 5:00 AM","0"
"Year 1 Apr 06 6:00 AM","12.0416109990309"
"Year 1 Apr 06 7:00 AM","119.267502485299"
"Year 1 Apr 06 8:00 AM","281.942554863862"
"Year 1 Apr 06 9:00 AM","439.780160084653"
"Year 1 Apr 06 10:00 AM","605.738830291615"
"Year 1 Apr 06 11:00 AM","705.140252398915"
"Year 1 Apr 06 12:00 PM","725.369787567756"
"Year 1 Apr 06 1:00 PM","233.537773762213"
"Year 1 Apr 06 2:00 PM","44.2299564828647"
"Year 1 Apr 06 3:00 PM","46.6633670291846"
"Year 1 Apr 06 4:00 PM","56.1968858003725"
"Year 1 Apr 06 5:00 PM","45.1693026370012"
"Year 1 Apr 06 6:00 PM","21.2679913672205"
"Year 1 Apr 06 7:00 PM","1.36732680671682"
"Year 1 Apr 06 8:00 PM","0"
"Year 1 Apr 06 9:00 PM","0"
"Year 1 Apr 06 10:00 PM","0"
"Year 1 Apr 06 11:00 PM","0"
"Year 1 Apr 07 12:00 AM","0"
"Year 1 Apr 07 1:00 AM","0"
"Year 1 Apr 07 2:00 AM","0"
"Year 1 Apr 07 3:00 AM","0"
"Year 1 Apr 07 4:00 AM","0"
"Year 1 Apr 07 5:00 AM","0"
"Year 1 Apr 07 6:00 AM","4.49056686722025"
"Year 1 Apr 07 7:00 AM","24.7730334354482"
"Year 1 Apr 07 8:00 AM","34.7551164827567"
"Year 1 Apr 07 9:00 AM","53.4815492318841"
"Year 1 Apr 07 10:00 AM","71.5590587908874"
"Year 1 Apr 07 11:00 AM","79.539749416358"
"Year 1 Apr 07 12:00 PM","89.7431518715234"
"Year 1 Apr 07 1:00 PM","86.7471521600743"
"Year 1 Apr 07 2:00 PM","87.5374207234479"
"Year 1 Apr 07 3:00 PM","76.0421145353674"
"Year 1 Apr 07 4:00 PM","70.0077023205809"
"Year 1 Apr 07 5:00 PM","40.2398772650405"
"Year 1 Apr 07 6:00 PM","21.4368858781198"
"Year 1 Apr 07 7:00 PM","1.31841679620378"
"Year 1 Apr 07 8:00 PM","0"
"Year 1 Apr 07 9:00 PM","0"
"Year 1 Apr 07 10:00 PM","0"
"Year 1 Apr 07 11:00 PM","0"
"Year 1 Apr 08 12:00 AM","0"
"Year 1 Apr 08 1:00 AM","0"
"Year 1 Apr 08 2:00 AM","0"
"Year 1 Apr 08 3:00 AM","0"
"Year 1 Apr 08 4:00 AM","0"
"Year 1 Apr 08 5:00 AM","0"
"Year 1 Apr 08 6:00 AM","5.44546003763546"
"Year 1 Apr 08 7:00 AM","30.1619680671404"
"Year 1 Apr 08 8:00 AM","41.74508846048"
"Year 1 Apr 08 9:00 AM","55.3688799101916"
"Year 1 Apr 08 10:00 AM","62.7524216423815"
"Year 1 Apr 08 11:00 AM","73.3504119214562"
"Year 1 Apr 08 12:00 PM","76.2355696665384"
"Year 1 Apr 08 1:00 PM","75.9681629817836"
"Year 1 Apr 08 2:00 PM","74.1990526709393"
"Year 1 Apr 08 3:00 PM","63.9084218102722"
"Year 1 Apr 08 4:00 PM","56.5386811492122"
"Year 1 Apr 08 5:00 PM","33.434281774532"
"Year 1 Apr 08 6:00 PM","14.641119056666"
"Year 1 Apr 08 7:00 PM","0.87316577973727"
"Year 1 Apr 08 8:00 PM","0"
"Year 1 Apr 08 9:00 PM","0"
"Year 1 Apr 08 10:00 PM","0"
"Year 1 Apr 08 11:00 PM","0"
"Year 1 Apr 09 12:00 AM","0"
"Year 1 Apr 09 1:00 AM","0"
"Year 1 Apr 09 2:00 AM","0"
"Year 1 Apr 09 3:00 AM","0"
"Year 1 Apr 09 4:00 AM","0"
"Year 1 Apr 09 5:00 AM","0"
"Year 1 Apr 09 6:00 AM","12.5151941076312"
"Year 1 Apr 09 7:00 AM","71.7396884429478"
"Year 1 Apr 09 8:00 AM","61.363571416923"
"Year 1 Apr 09 9:00 AM","65.9588567757522"
"Year 1 Apr 09 10:00 AM","66.3830689151872"
"Year 1 Apr 09 11:00 AM","76.0668159540951"
"Year 1 Apr 09 12:00 PM","142.492327873606"
"Year 1 Apr 09 1:00 PM","158.46620229809"
"Year 1 Apr 09 2:00 PM","69.7023051445145"
"Year 1 Apr 09 3:00 PM","48.1015704601258"
"Year 1 Apr 09 4:00 PM","62.588490732789"
"Year 1 Apr 09 5:00 PM","57.4503600416219"
"Year 1 Apr 09 6:00 PM","27.8254490593906"
"Year 1 Apr 09 7:00 PM","2.59881970488762"
"Year 1 Apr 09 8:00 PM","0"
"Year 1 Apr 09 9:00 PM","0"
"Year 1 Apr 09 10:00 PM","0"
"Year 1 Apr 09 11:00 PM","0"
"Year 1 Apr 10 12:00 AM","0"
"Year 1 Apr 10 1:00 AM","0"
"Year 1 Apr 10 2:00 AM","0"
"Year 1 Apr 10 3:00 AM","0"
"Year 1 Apr 10 4:00 AM","0"
"Year 1 Apr 10 5:00 AM","0"
"Year 1 Apr 10 6:00 AM","13.7577962752572"
"Year 1 Apr 10 7:00 AM","128.579675186038"
"Year 1 Apr 10 8:00 AM","291.398784344819"
"Year 1 Apr 10 9:00 AM","466.038395893132"
"Year 1 Apr 10 10:00 AM","627.925247006222"
"Year 1 Apr 10 11:00 AM","740.026889925164"
"Year 1 Apr 10 12:00 PM","770.526111636612"
"Year 1 Apr 10 1:00 PM","239.228066026229"
"Year 1 Apr 10 2:00 PM","37.1132668721225"
"Year 1 Apr 10 3:00 PM","40.9057513343599"
"Year 1 Apr 10 4:00 PM","43.452956321085"
"Year 1 Apr 10 5:00 PM","38.7935257651497"
"Year 1 Apr 10 6:00 PM","21.6751424234175"
"Year 1 Apr 10 7:00 PM","2.27668196712491"
"Year 1 Apr 10 8:00 PM","0"
"Year 1 Apr 10 9:00 PM","0"
"Year 1 Apr 10 10:00 PM","0"
"Year 1 Apr 10 11:00 PM","0"
"Year 1 Apr 11 12:00 AM","0"
"Year 1 Apr 11 1:00 AM","0"
"Year 1 Apr 11 2:00 AM","0"
"Year 1 Apr 11 3:00 AM","0"
"Year 1 Apr 11 4:00 AM","0"
"Year 1 Apr 11 5:00 AM","0"
"Year 1 Apr 11 6:00 AM","24.1455266328699"
"Year 1 Apr 11 7:00 AM","156.332764958494"
"Year 1 Apr 11 8:00 AM","315.045366213591"
"Year 1 Apr 11 9:00 AM","438.927212817829"
"Year 1 Apr 11 10:00 AM","659.44247541387"
"Year 1 Apr 11 11:00 AM","779.44544440417"
"Year 1 Apr 11 12:00 PM","777.659429031651"
"Year 1 Apr 11 1:00 PM","149.461293194475"
"Year 1 Apr 11 2:00 PM","69.9428163338372"
"Year 1 Apr 11 3:00 PM","49.3478550375088"
"Year 1 Apr 11 4:00 PM","45.9466213545179"
"Year 1 Apr 11 5:00 PM","39.8530233571313"
"Year 1 Apr 11 6:00 PM","22.0416024819932"
"Year 1 Apr 11 7:00 PM","2.16072711614789"
"Year 1 Apr 11 8:00 PM","0"
"Year 1 Apr 11 9:00 PM","0"
"Year 1 Apr 11 10:00 PM","0"
"Year 1 Apr 11 11:00 PM","0"
"Year 1 Apr 12 12:00 AM","0"
"Year 1 Apr 12 1:00 AM","0"
"Year 1 Apr 12 2:00 AM","0"
"Year 1 Apr 12 3:00 AM","0"
"Year 1 Apr 12 4:00 AM","0"
"Year 1 Apr 12 5:00 AM","0"
"Year 1 Apr 12 6:00 AM","23.5744856224382"
"Year 1 Apr 12 7:00 AM","113.616974045024"
"Year 1 Apr 12 8:00 AM","71.7077911635314"
"Year 1 Apr 12 9:00 AM","112.872072703446"
"Year 1 Apr 12 10:00 AM","122.565373774948"
"Year 1 Apr 12 11:00 AM","136.919154078817"
"Year 1 Apr 12 12:00 PM","132.764119040885"
"Year 1 Apr 12 1:00 PM","115.684860916979"
"Year 1 Apr 12 2:00 PM","105.843467070559"
"Year 1 Apr 12 3:00 PM","93.7763173034026"
"Year 1 Apr 12 4:00 PM","79.5411114368042"
"Year 1 Apr 12 5:00 PM","37.5958364036999"
"Year 1 Apr 12 6:00 PM","11.974844979254"
"Year 1 Apr 12 7:00 PM","0.982311502204429"
"Year 1 Apr 12 8:00 PM","0"
"Year 1 Apr 12 9:00 PM","0"
"Year 1 Apr 12 10:00 PM","0"
"Year 1 Apr 12 11:00 PM","0"
"Year 1 Apr 13 12:00 AM","0"
"Year 1 Apr 13 1:00 AM","0"
"Year 1 Apr 13 2:00 AM","0"
"Year 1 Apr 13 3:00 AM","0"
"Year 1 Apr 13 4:00 AM","0"
"Year 1 Apr 13 5:00 AM","0"
"Year 1 Apr 13 6:00 AM","27.3471896912325"
"Year 1 Apr 13 7:00 AM","169.04591939195"
"Year 1 Apr 13 8:00 AM","349.535351775546"
"Year 1 Apr 13 9:00 AM","500.0182051581"
"Year 1 Apr 13 10:00 AM","558.566774561976"
"Year 1 Apr 13 11:00 AM","496.681069265768"
"Year 1 Apr 13 12:00 PM","812.179871342088"
"Year 1 Apr 13 1:00 PM","128.997369343248"
"Year 1 Apr 13 2:00 PM","49.1432428634026"
"Year 1 Apr 13 3:00 PM","78.1922350156963"
"Year 1 Apr 13 4:00 PM","91.8136669899799"
"Year 1 Apr 13 5:00 PM","67.9591657812668"
"Year 1 Apr 13 6:00 PM","29.7131441065549"
"Year 1 Apr 13 7:00 PM","2.64228541514849"
"Year 1 Apr 13 8:00 PM","0"
"Year 1 Apr 13 9:00 PM","0"
"Year 1 Apr 13 10:00 PM","0"
"Year 1 Apr 13 11:00 PM","0"
"Year 1 Apr 14 12:00 AM","0"
"Year 1 Apr 14 1:00 AM","0"
"Year 1 Apr 14 2:00 AM","0"
"Year 1 Apr 14 3:00 AM","0"
"Year 1 Apr 14 4:00 AM","0"
"Year 1 Apr 14 5:00 AM","0"
"Year 1 Apr 14 6:00 AM","18.5863970555956"
"Year 1 Apr 14 7:00 AM","160.113380317792"
"Year 1 Apr 14 8:00 AM","333.535259423904"
"Year 1 Apr 14 9:00 AM","527.522068738676"
"Year 1 Apr 14 10:00 AM","690.451342418476"
"Year 1 Apr 14 11:00 AM","801.457000166875"
"Year 1 Apr 14 12:00 PM","851.320849582801"
"Year 1 Apr 14 1:00 PM","137.571055083991"
"Year 1 Apr 14 2:00 PM","41.7167507234316"
"Year 1 Apr 14 3:00 PM","61.8173789561607"
"Year 1 Apr 14 4:00 PM","80.1250654111473"
"Year 1 Apr 14 5:00 PM","58.591357200836"
"Year 1 Apr 14 6:00 PM","30.6545000548088"
"Year 1 Apr 14 7:00 PM","2.90096901422348"
"Year 1 Apr 14 8:00 PM","0"
"Year 1 Apr 14 9:00 PM","0"
"Year 1 Apr 14 10:00 PM","0"
"Year 1 Apr 14 11:00 PM","0"
"Year 1 Apr 15 12:00 AM","0"
"Year 1 Apr 15 1:00 AM","0"
"Year 1 Apr 15 2:00 AM","0"
"Year 1 Apr 15 3:00 AM","0"
"Year 1 Apr 15 4:00 AM","0"
"Year 1 Apr 15 5:00 AM","0"
"Year 1 Apr 15 6:00 AM","19.0856804788245"
"Year 1 Apr 15 7:00 AM","152.653069635633"
"Year 1 Apr 15 8:00 AM","289.891464988945"
"Year 1 Apr 15 9:00 AM","496.052118200897"
"Year 1 Apr 15 10:00 AM","676.610320653353"
"Year 1 Apr 15 11:00 AM","809.095161138075"
"Year 1 Apr 15 12:00 PM","865.989901574759"
"Year 1 Apr 15 1:00 PM","127.298247285209"
"Year 1 Apr 15 2:00 PM","40.3505237622098"
"Year 1 Apr 15 3:00 PM","45.5071481189788"
"Year 1 Apr 15 4:00 PM","50.4111046988237"
"Year 1 Apr 15 5:00 PM","43.2325235203994"
"Year 1 Apr 15 6:00 PM","25.3139399563104"
"Year 1 Apr 15 7:00 PM","2.66925187660675"
"Year 1 Apr 15 8:00 PM","0"
"Year 1 Apr 15 9:00 PM","0"
"Year 1 Apr 15 10:00 PM","0"
"Year 1 Apr 15 11:00 PM","0"
"Year 1 Apr 16 12:00 AM","0"
"Year 1 Apr 16 1:00 AM","0"
"Year 1 Apr 16 2:00 AM","0"
"Year 1 Apr 16 3:00 AM","0"
"Year 1 Apr 16 4:00 AM","0"
"Year 1 Apr 16 5:00 AM","0"
"Year 1 Apr 16 6:00 AM","19.5570326347046"
"Year 1 Apr 16 7:00 AM","172.098533683933"
"Year 1 Apr 16 8:00 AM","355.312945972986"
"Year 1 Apr 16 9:00 AM","532.098089053827"
"Year 1 Apr 16 10:00 AM","700.107203420888"
"Year 1 Apr 16 11:00 AM","796.620705796784"
"Year 1 Apr 16 12:00 PM","805.033387898912"
"Year 1 Apr 16 1:00 PM","130.418170073887"
"Year 1 Apr 16 2:00 PM","40.1062395532234"
"Year 1 Apr 16 3:00 PM","66.7402564596622"
"Year 1 Apr 16 4:00 PM","94.8042261409891"
"Year 1 Apr 16 5:00 PM","69.7459380673128"
"Year 1 Apr 16 6:00 PM","32.5373340004576"
"Year 1 Apr 16 7:00 PM","3.01338710541925"
"Year 1 Apr 16 8:00 PM","0"
"Year 1 Apr 16 9:00 PM","0"
"Year 1 Apr 16 10:00 PM","0"
"Year 1 Apr 16 11:00 PM","0"
"Year 1 Apr 17 12:00 AM","0"
"Year 1 Apr 17 1:00 AM","0"
"Year 1 Apr 17 2:00 AM","0"
"Year 1 Apr 17 3:00 AM","0"
"Year 1 Apr 17 4:00 AM","0"
"Year 1 Apr 17 5:00 AM","0"
"Year 1 Apr 17 6:00 AM","20.3997543288371"
"Year 1 Apr 17 7:00 AM","162.720127358261"
"Year 1 Apr 17 8:00 AM","296.446746261074"
"Year 1 Apr 17 9:00 AM","372.023336134484"
"Year 1 Apr 17 10:00 AM","347.299116720136"
"Year 1 Apr 17 11:00 AM","669.540835112969"
"Year 1 Apr 17 12:00 PM","848.800739078616"
"Year 1 Apr 17 1:00 PM","129.895115265379"
"Year 1 Apr 17 2:00 PM","41.873206804488"
"Year 1 Apr 17 3:00 PM","49.6191467992007"
"Year 1 Apr 17 4:00 PM","51.4328944592364"
"Year 1 Apr 17 5:00 PM","43.9308950498147"
"Year 1 Apr 17 6:00 PM","23.4293506648471"
"Year 1 Apr 17 7:00 PM","2.3397376768755"
"Year 1 Apr 17 8:00 PM","0"
"Year 1 Apr 17 9:00 PM","0"
"Year 1 Apr 17 10:00 PM","0"
"Year 1 Apr 17 11:00 PM","0"
"Year 1 Apr 18 12:00 AM","0"
"Year 1 Apr 18 1:00 AM","0"
"Year 1 Apr 18 2:00 AM","0"
"Year 1 Apr 18 3:00 AM","0"
"Year 1 Apr 18 4:00 AM","0"
"Year 1 Apr 18 5:00 AM","0"
"Year 1 Apr 18 6:00 AM","15.6744232150653"
"Year 1 Apr 18 7:00 AM","132.221796323084"
"Year 1 Apr 18 8:00 AM","318.352161524403"
"Year 1 Apr 18 9:00 AM","365.568094580263"
"Year 1 Apr 18 10:00 AM","394.303979790604"
"Year 1 Apr 18 11:00 AM","748.983716693278"
"Year 1 Apr 18 12:00 PM","759.950715731013"
"Year 1 Apr 18 1:00 PM","143.573779120679"
"Year 1 Apr 18 2:00 PM","50.9617722761068"
"Year 1 Apr 18 3:00 PM","73.6516202492281"
"Year 1 Apr 18 4:00 PM","87.77547862051"
"Year 1 Apr 18 5:00 PM","55.9642976281007"
"Year 1 Apr 18 6:00 PM","32.8609784982105"
"Year 1 Apr 18 7:00 PM","3.52987417441696"
"Year 1 Apr 18 8:00 PM","0"
"Year 1 Apr 18 9:00 PM","0"
"Year 1 Apr 18 10:00 PM","0"
"Year 1 Apr 18 11:00 PM","0"
"Year 1 Apr 19 12:00 AM","0"
"Year 1 Apr 19 1:00 AM","0"
"Year 1 Apr 19 2:00 AM","0"
"Year 1 Apr 19 3:00 AM","0"
"Year 1 Apr 19 4:00 AM","0"
"Year 1 Apr 19 5:00 AM","0"
"Year 1 Apr 19 6:00 AM","15.5390640862244"
"Year 1 Apr 19 7:00 AM","97.9848103931864"
"Year 1 Apr 19 8:00 AM","97.7455880697944"
"Year 1 Apr 19 9:00 AM","252.117447770745"
"Year 1 Apr 19 10:00 AM","590.655042026634"
"Year 1 Apr 19 11:00 AM","771.095449611998"
"Year 1 Apr 19 12:00 PM","781.986261532469"
"Year 1 Apr 19 1:00 PM","131.450329736223"
"Year 1 Apr 19 2:00 PM","65.4972436404481"
"Year 1 Apr 19 3:00 PM","100.338432293995"
"Year 1 Apr 19 4:00 PM","80.6211095497089"
"Year 1 Apr 19 5:00 PM","67.9406620219609"
"Year 1 Apr 19 6:00 PM","34.4503601839558"
"Year 1 Apr 19 7:00 PM","3.55516140921079"
"Year 1 Apr 19 8:00 PM","0"
"Year 1 Apr 19 9:00 PM","0"
"Year 1 Apr 19 10:00 PM","0"
"Year 1 Apr 19 11:00 PM","0"
"Year 1 Apr 20 12:00 AM","0"
"Year 1 Apr 20 1:00 AM","0"
"Year 1 Apr 20 2:00 AM","0"
"Year 1 Apr 20 3:00 AM","0"
"Year 1 Apr 20 4:00 AM","0"
"Year 1 Apr 20 5:00 AM","0"
"Year 1 Apr 20 6:00 AM","11.5421264776074"
"Year 1 Apr 20 7:00 AM","81.9151654521078"
"Year 1 Apr 20 8:00 AM","195.839507085095"
"Year 1 Apr 20 9:00 AM","495.595552893795"
"Year 1 Apr 20 10:00 AM","650.665350136209"
"Year 1 Apr 20 11:00 AM","658.596829463354"
"Year 1 Apr 20 12:00 PM","729.374207672732"
"Year 1 Apr 20 1:00 PM","176.689676039452"
"Year 1 Apr 20 2:00 PM","137.808621435433"
"Year 1 Apr 20 3:00 PM","121.247242137271"
"Year 1 Apr 20 4:00 PM","93.864640129394"
"Year 1 Apr 20 5:00 PM","54.7674394871789"
"Year 1 Apr 20 6:00 PM","28.1202157720286"
"Year 1 Apr 20 7:00 PM","3.12339818932506"
"Year 1 Apr 20 8:00 PM","0"
"Year 1 Apr 20 9:00 PM","0"
"Year 1 Apr 20 10:00 PM","0"
"Year 1 Apr 20 11:00 PM","0"
"Year 1 Apr 21 12:00 AM","0"
"Year 1 Apr 21 1:00 AM","0"
"Year 1 Apr 21 2:00 AM","0"
"Year 1 Apr 21 3:00 AM","0"
"Year 1 Apr 21 4:00 AM","0"
"Year 1 Apr 21 5:00 AM","0"
"Year 1 Apr 21 6:00 AM","3.74213905601687"
"Year 1 Apr 21 7:00 AM","24.6045642933109"
"Year 1 Apr 21 8:00 AM","45.3493337417234"
"Year 1 Apr 21 9:00 AM","58.4954334504427"
"Year 1 Apr 21 10:00 AM","94.8269447795134"
"Year 1 Apr 21 11:00 AM","100.634890560299"
"Year 1 Apr 21 12:00 PM","102.879815584761"
"Year 1 Apr 21 1:00 PM","85.8075853215935"
"Year 1 Apr 21 2:00 PM","70.1216722159231"
"Year 1 Apr 21 3:00 PM","69.0094235161133"
"Year 1 Apr 21 4:00 PM","87.4679858993336"
"Year 1 Apr 21 5:00 PM","39.0346227653153"
"Year 1 Apr 21 6:00 PM","19.9268904732898"
"Year 1 Apr 21 7:00 PM","2.33883691001055"
"Year 1 Apr 21 8:00 PM","0"
"Year 1 Apr 21 9:00 PM","0"
"Year 1 Apr 21 10:00 PM","0"
"Year 1 Apr 21 11:00 PM","0"
"Year 1 Apr 22 12:00 AM","0"
"Year 1 Apr 22 1:00 AM","0"
"Year 1 Apr 22 2:00 AM","0"
"Year 1 Apr 22 3:00 AM","0"
"Year 1 Apr 22 4:00 AM","0"
"Year 1 Apr 22 5:00 AM","0"
"Year 1 Apr 22 6:00 AM","18.7685596967703"
"Year 1 Apr 22 7:00 AM","131.331508236947"
"Year 1 Apr 22 8:00 AM","128.75331366961"
"Year 1 Apr 22 9:00 AM","73.0160980489206"
"Year 1 Apr 22 10:00 AM","77.8651823631828"
"Year 1 Apr 22 11:00 AM","104.115538734079"
"Year 1 Apr 22 12:00 PM","95.8655186783592"
"Year 1 Apr 22 1:00 PM","84.5283711527677"
"Year 1 Apr 22 2:00 PM","71.4725136295355"
"Year 1 Apr 22 3:00 PM","38.1396879817986"
"Year 1 Apr 22 4:00 PM","32.8283217012979"
"Year 1 Apr 22 5:00 PM","32.3444448319322"
"Year 1 Apr 22 6:00 PM","22.9728769942046"
"Year 1 Apr 22 7:00 PM","3.33706964576104"
"Year 1 Apr 22 8:00 PM","0"
"Year 1 Apr 22 9:00 PM","0"
"Year 1 Apr 22 10:00 PM","0"
"Year 1 Apr 22 11:00 PM","0"
"Year 1 Apr 23 12:00 AM","0"
"Year 1 Apr 23 1:00 AM","0"
"Year 1 Apr 23 2:00 AM","0"
"Year 1 Apr 23 3:00 AM","0"
"Year 1 Apr 23 4:00 AM","0"
"Year 1 Apr 23 5:00 AM","0"
"Year 1 Apr 23 6:00 AM","23.437732037987"
"Year 1 Apr 23 7:00 AM","203.237067391294"
"Year 1 Apr 23 8:00 AM","402.113490389022"
"Year 1 Apr 23 9:00 AM","582.960766587684"
"Year 1 Apr 23 10:00 AM","727.936017493606"
"Year 1 Apr 23 11:00 AM","826.984421688945"
"Year 1 Apr 23 12:00 PM","868.936598291046"
"Year 1 Apr 23 1:00 PM","127.56358839993"
"Year 1 Apr 23 2:00 PM","37.7229012799936"
"Year 1 Apr 23 3:00 PM","40.8631130603285"
"Year 1 Apr 23 4:00 PM","50.6404729818171"
"Year 1 Apr 23 5:00 PM","42.2704532868065"
"Year 1 Apr 23 6:00 PM","25.485513310773"
"Year 1 Apr 23 7:00 PM","3.51268034682249"
"Year 1 Apr 23 8:00 PM","0"
"Year 1 Apr 23 9:00 PM","0"
"Year 1 Apr 23 10:00 PM","0"
"Year 1 Apr 23 11:00 PM","0"
"Year 1 Apr 24 12:00 AM","0"
"Year 1 Apr 24 1:00 AM","0"
"Year 1 Apr 24 2:00 AM","0"
"Year 1 Apr 24 3:00 AM","0"
"Year 1 Apr 24 4:00 AM","0"
"Year 1 Apr 24 5:00 AM","0"
"Year 1 Apr 24 6:00 AM","21.2517885836513"
"Year 1 Apr 24 7:00 AM","184.194389113569"
"Year 1 Apr 24 8:00 AM","367.039693864802"
"Year 1 Apr 24 9:00 AM","554.104524421113"
"Year 1 Apr 24 10:00 AM","718.198547765035"
"Year 1 Apr 24 11:00 AM","822.884464996374"
"Year 1 Apr 24 12:00 PM","770.740220576982"
"Year 1 Apr 24 1:00 PM","176.842230557569"
"Year 1 Apr 24 2:00 PM","105.914751510638"
"Year 1 Apr 24 3:00 PM","65.1397593778869"
"Year 1 Apr 24 4:00 PM","47.6909187049711"
"Year 1 Apr 24 5:00 PM","30.6387635211382"
"Year 1 Apr 24 6:00 PM","14.5943423184658"
"Year 1 Apr 24 7:00 PM","2.66627407741202"
"Year 1 Apr 24 8:00 PM","0"
"Year 1 Apr 24 9:00 PM","0"
"Year 1 Apr 24 10:00 PM","0"
"Year 1 Apr 24 11:00 PM","0"
"Year 1 Apr 25 12:00 AM","0"
"Year 1 Apr 25 1:00 AM","0"
"Year 1 Apr 25 2:00 AM","0"
"Year 1 Apr 25 3:00 AM","0"
"Year 1 Apr 25 4:00 AM","0"
"Year 1 Apr 25 5:00 AM","0"
"Year 1 Apr 25 6:00 AM","21.6751044208193"
"Year 1 Apr 25 7:00 AM","187.973286127646"
"Year 1 Apr 25 8:00 AM","364.866711831777"
"Year 1 Apr 25 9:00 AM","550.633836211092"
"Year 1 Apr 25 10:00 AM","715.004523032203"
"Year 1 Apr 25 11:00 AM","820.596043958009"
"Year 1 Apr 25 12:00 PM","870.869684148101"
"Year 1 Apr 25 1:00 PM","126.778618206863"
"Year 1 Apr 25 2:00 PM","36.7608163574727"
"Year 1 Apr 25 3:00 PM","41.5988429665918"
"Year 1 Apr 25 4:00 PM","46.3688310773981"
"Year 1 Apr 25 5:00 PM","38.2519053871011"
"Year 1 Apr 25 6:00 PM","25.1670349925814"
"Year 1 Apr 25 7:00 PM","3.85260458107912"
"Year 1 Apr 25 8:00 PM","0"
"Year 1 Apr 25 9:00 PM","0"
"Year 1 Apr 25 10:00 PM","0"
"Year 1 Apr 25 11:00 PM","0"
"Year 1 Apr 26 12:00 AM","0"
"Year 1 Apr 26 1:00 AM","0"
"Year 1 Apr 26 2:00 AM","0"
"Year 1 Apr 26 3:00 AM","0"
"Year 1 Apr 26 4:00 AM","0"
"Year 1 Apr 26 5:00 AM","0"
"Year 1 Apr 26 6:00 AM","22.3800450591923"
"Year 1 Apr 26 7:00 AM","191.861177894999"
"Year 1 Apr 26 8:00 AM","367.22190673441"
"Year 1 Apr 26 9:00 AM","537.644023207156"
"Year 1 Apr 26 10:00 AM","680.752259131097"
"Year 1 Apr 26 11:00 AM","815.708503747535"
"Year 1 Apr 26 12:00 PM","879.02600393701"
"Year 1 Apr 26 1:00 PM","127.550561955085"
"Year 1 Apr 26 2:00 PM","37.9671532201509"
"Year 1 Apr 26 3:00 PM","42.6898721661893"
"Year 1 Apr 26 4:00 PM","46.9097419460693"
"Year 1 Apr 26 5:00 PM","43.0851150717344"
"Year 1 Apr 26 6:00 PM","26.5275503526453"
"Year 1 Apr 26 7:00 PM","4.2694107330942"
"Year 1 Apr 26 8:00 PM","0"
"Year 1 Apr 26 9:00 PM","0"
"Year 1 Apr 26 10:00 PM","0"
"Year 1 Apr 26 11:00 PM","0"
"Year 1 Apr 27 12:00 AM","0"
"Year 1 Apr 27 1:00 AM","0"
"Year 1 Apr 27 2:00 AM","0"
"Year 1 Apr 27 3:00 AM","0"
"Year 1 Apr 27 4:00 AM","0"
"Year 1 Apr 27 5:00 AM","1.29808821258466"
"Year 1 Apr 27 6:00 AM","17.4197905619531"
"Year 1 Apr 27 7:00 AM","25.5868757955154"
"Year 1 Apr 27 8:00 AM","49.2930667684858"
"Year 1 Apr 27 9:00 AM","77.4249983871859"
"Year 1 Apr 27 10:00 AM","88.6061854990812"
"Year 1 Apr 27 11:00 AM","85.8599800535856"
"Year 1 Apr 27 12:00 PM","86.0389732413141"
"Year 1 Apr 27 1:00 PM","77.9914323305752"
"Year 1 Apr 27 2:00 PM","72.6646737602248"
"Year 1 Apr 27 3:00 PM","64.25589104053"
"Year 1 Apr 27 4:00 PM","48.4616897450552"
"Year 1 Apr 27 5:00 PM","31.1065309031403"
"Year 1 Apr 27 6:00 PM","14.5475655802656"
"Year 1 Apr 27 7:00 PM","2.43239038641097"
"Year 1 Apr 27 8:00 PM","0"
"Year 1 Apr 27 9:00 PM","0"
"Year 1 Apr 27 10:00 PM","0"
"Year 1 Apr 27 11:00 PM","0"
"Year 1 Apr 28 12:00 AM","0"
"Year 1 Apr 28 1:00 AM","0"
"Year 1 Apr 28 2:00 AM","0"
"Year 1 Apr 28 3:00 AM","0"
"Year 1 Apr 28 4:00 AM","0"
"Year 1 Apr 28 5:00 AM","1.69932404398677"
"Year 1 Apr 28 6:00 AM","31.4007112659345"
"Year 1 Apr 28 7:00 AM","57.6412282454191"
"Year 1 Apr 28 8:00 AM","51.3481102404648"
"Year 1 Apr 28 9:00 AM","67.6281295058796"
"Year 1 Apr 28 10:00 AM","70.0519075135487"
"Year 1 Apr 28 11:00 AM","81.2151302774086"
"Year 1 Apr 28 12:00 PM","85.7433420276705"
"Year 1 Apr 28 1:00 PM","77.9847021019509"
"Year 1 Apr 28 2:00 PM","74.1026153974424"
"Year 1 Apr 28 3:00 PM","73.5357578816374"
"Year 1 Apr 28 4:00 PM","64.7070866069091"
"Year 1 Apr 28 5:00 PM","44.4279227458354"
"Year 1 Apr 28 6:00 PM","11.9280682410538"
"Year 1 Apr 28 7:00 PM","1.46567113027328"
"Year 1 Apr 28 8:00 PM","0"
"Year 1 Apr 28 9:00 PM","0"
"Year 1 Apr 28 10:00 PM","0"
"Year 1 Apr 28 11:00 PM","0"
"Year 1 Apr 29 12:00 AM","0"
"Year 1 Apr 29 1:00 AM","0"
"Year 1 Apr 29 2:00 AM","0"
"Year 1 Apr 29 3:00 AM","0"
"Year 1 Apr 29 4:00 AM","0"
"Year 1 Apr 29 5:00 AM","1.70181220217354"
"Year 1 Apr 29 6:00 AM","31.8406698332252"
"Year 1 Apr 29 7:00 AM","80.0576901819933"
"Year 1 Apr 29 8:00 AM","133.209729101474"
"Year 1 Apr 29 9:00 AM","193.549356921985"
"Year 1 Apr 29 10:00 AM","388.320720089643"
"Year 1 Apr 29 11:00 AM","404.736316779047"
"Year 1 Apr 29 12:00 PM","465.353287168579"
"Year 1 Apr 29 1:00 PM","102.72554499168"
"Year 1 Apr 29 2:00 PM","78.7965066374615"
"Year 1 Apr 29 3:00 PM","46.6724532216801"
"Year 1 Apr 29 4:00 PM","47.7681435149454"
"Year 1 Apr 29 5:00 PM","45.282390912368"
"Year 1 Apr 29 6:00 PM","33.0244445773083"
"Year 1 Apr 29 7:00 PM","6.35853416298012"
"Year 1 Apr 29 8:00 PM","0"
"Year 1 Apr 29 9:00 PM","0"
"Year 1 Apr 29 10:00 PM","0"
"Year 1 Apr 29 11:00 PM","0"
"Year 1 Apr 30 12:00 AM","0"
"Year 1 Apr 30 1:00 AM","0"
"Year 1 Apr 30 2:00 AM","0"
"Year 1 Apr 30 3:00 AM","0"
"Year 1 Apr 30 4:00 AM","0"
"Year 1 Apr 30 5:00 AM","2.01567557124841"
"Year 1 Apr 30 6:00 AM","50.1682879714484"
"Year 1 Apr 30 7:00 AM","164.146396899661"
"Year 1 Apr 30 8:00 AM","160.345025987774"
"Year 1 Apr 30 9:00 AM","209.60654001839"
"Year 1 Apr 30 10:00 AM","144.811340797205"
"Year 1 Apr 30 11:00 AM","179.885031403838"
"Year 1 Apr 30 12:00 PM","182.624267516717"
"Year 1 Apr 30 1:00 PM","165.946246881903"
"Year 1 Apr 30 2:00 PM","166.035783855093"
"Year 1 Apr 30 3:00 PM","138.740857523964"
"Year 1 Apr 30 4:00 PM","100.039806544024"
"Year 1 Apr 30 5:00 PM","70.7840474321256"
"Year 1 Apr 30 6:00 PM","39.7507974047775"
"Year 1 Apr 30 7:00 PM","6.87019322823199"
"Year 1 Apr 30 8:00 PM","0"
"Year 1 Apr 30 9:00 PM","0"
"Year 1 Apr 30 10:00 PM","0"
"Year 1 Apr 30 11:00 PM","0"
"Year 1 May 01 12:00 AM","0"
"Year 1 May 01 1:00 AM","0"
"Year 1 May 01 2:00 AM","0"
"Year 1 May 01 3:00 AM","0"
"Year 1 May 01 4:00 AM","0"
"Year 1 May 01 5:00 AM","1.09707239737113"
"Year 1 May 01 6:00 AM","32.2220869304473"
"Year 1 May 01 7:00 AM","161.792096229087"
"Year 1 May 01 8:00 AM","195.557982827576"
"Year 1 May 01 9:00 AM","172.229613302864"
"Year 1 May 01 10:00 AM","195.698706730771"
"Year 1 May 01 11:00 AM","227.90286314777"
"Year 1 May 01 12:00 PM","271.485362368054"
"Year 1 May 01 1:00 PM","197.385744367861"
"Year 1 May 01 2:00 PM","160.96883118665"
"Year 1 May 01 3:00 PM","133.620905047904"
"Year 1 May 01 4:00 PM","106.405089880772"
"Year 1 May 01 5:00 PM","68.0980072454869"
"Year 1 May 01 6:00 PM","37.1846680029131"
"Year 1 May 01 7:00 PM","7.97002189693048"
"Year 1 May 01 8:00 PM","0"
"Year 1 May 01 9:00 PM","0"
"Year 1 May 01 10:00 PM","0"
"Year 1 May 01 11:00 PM","0"
"Year 1 May 02 12:00 AM","0"
"Year 1 May 02 1:00 AM","0"
"Year 1 May 02 2:00 AM","0"
"Year 1 May 02 3:00 AM","0"
"Year 1 May 02 4:00 AM","0"
"Year 1 May 02 5:00 AM","1.61841574607674"
"Year 1 May 02 6:00 AM","24.7347617310527"
"Year 1 May 02 7:00 AM","64.4314902227698"
"Year 1 May 02 8:00 AM","132.456099270212"
"Year 1 May 02 9:00 AM","479.425438883733"
"Year 1 May 02 10:00 AM","679.660772425353"
"Year 1 May 02 11:00 AM","784.560032770048"
"Year 1 May 02 12:00 PM","752.048924444467"
"Year 1 May 02 1:00 PM","129.77327734922"
"Year 1 May 02 2:00 PM","78.4455168073308"
"Year 1 May 02 3:00 PM","60.5921358977534"
"Year 1 May 02 4:00 PM","53.7168381510181"
"Year 1 May 02 5:00 PM","43.5324597790238"
"Year 1 May 02 6:00 PM","30.7131655541508"
"Year 1 May 02 7:00 PM","9.47407145245101"
"Year 1 May 02 8:00 PM","0"
"Year 1 May 02 9:00 PM","0"
"Year 1 May 02 10:00 PM","0"
"Year 1 May 02 11:00 PM","0"
"Year 1 May 03 12:00 AM","0"
"Year 1 May 03 1:00 AM","0"
"Year 1 May 03 2:00 AM","0"
"Year 1 May 03 3:00 AM","0"
"Year 1 May 03 4:00 AM","0"
"Year 1 May 03 5:00 AM","3.26810498422718"
"Year 1 May 03 6:00 AM","83.612893085505"
"Year 1 May 03 7:00 AM","260.201076404252"
"Year 1 May 03 8:00 AM","461.614091544456"
"Year 1 May 03 9:00 AM","641.152695423328"
"Year 1 May 03 10:00 AM","783.711458099702"
"Year 1 May 03 11:00 AM","881.228777164963"
"Year 1 May 03 12:00 PM","922.468210435307"
"Year 1 May 03 1:00 PM","94.1662080704504"
"Year 1 May 03 2:00 PM","32.4754031717513"
"Year 1 May 03 3:00 PM","31.9376673816463"
"Year 1 May 03 4:00 PM","22.8037404636214"
"Year 1 May 03 5:00 PM","20.9131966874343"
"Year 1 May 03 6:00 PM","15.2983438871895"
"Year 1 May 03 7:00 PM","6.57670926031539"
"Year 1 May 03 8:00 PM","0"
"Year 1 May 03 9:00 PM","0"
"Year 1 May 03 10:00 PM","0"
"Year 1 May 03 11:00 PM","0"
"Year 1 May 04 12:00 AM","0"
"Year 1 May 04 1:00 AM","0"
"Year 1 May 04 2:00 AM","0"
"Year 1 May 04 3:00 AM","0"
"Year 1 May 04 4:00 AM","0"
"Year 1 May 04 5:00 AM","5.10514697067451"
"Year 1 May 04 6:00 AM","64.0458987569931"
"Year 1 May 04 7:00 AM","219.748558917045"
"Year 1 May 04 8:00 AM","416.000793269228"
"Year 1 May 04 9:00 AM","602.377917804469"
"Year 1 May 04 10:00 AM","758.755474093002"
"Year 1 May 04 11:00 AM","857.677603438797"
"Year 1 May 04 12:00 PM","902.042265639591"
"Year 1 May 04 1:00 PM","97.7956735420449"
"Year 1 May 04 2:00 PM","47.495047879697"
"Year 1 May 04 3:00 PM","45.6398346372685"
"Year 1 May 04 4:00 PM","45.9401370385993"
"Year 1 May 04 5:00 PM","44.0211858713492"
"Year 1 May 04 6:00 PM","30.2567361250507"
"Year 1 May 04 7:00 PM","8.78491921626466"
"Year 1 May 04 8:00 PM","0"
"Year 1 May 04 9:00 PM","0"
"Year 1 May 04 10:00 PM","0"
"Year 1 May 04 11:00 PM","0"
"Year 1 May 05 12:00 AM","0"
"Year 1 May 05 1:00 AM","0"
"Year 1 May 05 2:00 AM","0"
"Year 1 May 05 3:00 AM","0"
"Year 1 May 05 4:00 AM","0"
"Year 1 May 05 5:00 AM","5.23573905806293"
"Year 1 May 05 6:00 AM","82.74838796203"
"Year 1 May 05 7:00 AM","255.744770126817"
"Year 1 May 05 8:00 AM","449.088704192958"
"Year 1 May 05 9:00 AM","632.838106022305"
"Year 1 May 05 10:00 AM","771.919117043267"
"Year 1 May 05 11:00 AM","870.170900123595"
"Year 1 May 05 12:00 PM","914.482640659721"
"Year 1 May 05 1:00 PM","95.7934810231468"
"Year 1 May 05 2:00 PM","51.0251191740349"
"Year 1 May 05 3:00 PM","63.6506705884954"
"Year 1 May 05 4:00 PM","59.9372486320088"
"Year 1 May 05 5:00 PM","61.8089798363674"
"Year 1 May 05 6:00 PM","38.456228247212"
"Year 1 May 05 7:00 PM","10.2607356090111"
"Year 1 May 05 8:00 PM","0"
"Year 1 May 05 9:00 PM","0"
"Year 1 May 05 10:00 PM","0"
"Year 1 May 05 11:00 PM","0"
"Year 1 May 06 12:00 AM","0"
"Year 1 May 06 1:00 AM","0"
"Year 1 May 06 2:00 AM","0"
"Year 1 May 06 3:00 AM","0"
"Year 1 May 06 4:00 AM","0"
"Year 1 May 06 5:00 AM","5.39631894790526"
"Year 1 May 06 6:00 AM","77.3586409358547"
"Year 1 May 06 7:00 AM","254.2227108727"
"Year 1 May 06 8:00 AM","454.108969491115"
"Year 1 May 06 9:00 AM","638.894988179772"
"Year 1 May 06 10:00 AM","785.271538600535"
"Year 1 May 06 11:00 AM","885.486632383082"
"Year 1 May 06 12:00 PM","896.824102392057"
"Year 1 May 06 1:00 PM","100.900807482973"
"Year 1 May 06 2:00 PM","59.9752163342363"
"Year 1 May 06 3:00 PM","82.2430366911184"
"Year 1 May 06 4:00 PM","81.4367702477593"
"Year 1 May 06 5:00 PM","56.798253991978"
"Year 1 May 06 6:00 PM","38.0461299345215"
"Year 1 May 06 7:00 PM","10.7424878242637"
"Year 1 May 06 8:00 PM","0"
"Year 1 May 06 9:00 PM","0"
"Year 1 May 06 10:00 PM","0"
"Year 1 May 06 11:00 PM","0"
"Year 1 May 07 12:00 AM","0"
"Year 1 May 07 1:00 AM","0"
"Year 1 May 07 2:00 AM","0"
"Year 1 May 07 3:00 AM","0"
"Year 1 May 07 4:00 AM","0"
"Year 1 May 07 5:00 AM","5.82208060289412"
"Year 1 May 07 6:00 AM","77.6803833826133"
"Year 1 May 07 7:00 AM","246.410618294716"
"Year 1 May 07 8:00 AM","431.796333944124"
"Year 1 May 07 9:00 AM","527.4837327174"
"Year 1 May 07 10:00 AM","486.19798142915"
"Year 1 May 07 11:00 AM","211.171148203368"
"Year 1 May 07 12:00 PM","296.484744116807"
"Year 1 May 07 1:00 PM","136.664056560417"
"Year 1 May 07 2:00 PM","101.470023944122"
"Year 1 May 07 3:00 PM","101.175197037524"
"Year 1 May 07 4:00 PM","76.8093331513574"
"Year 1 May 07 5:00 PM","69.9901953398703"
"Year 1 May 07 6:00 PM","38.9827560681806"
"Year 1 May 07 7:00 PM","11.5294859943716"
"Year 1 May 07 8:00 PM","0"
"Year 1 May 07 9:00 PM","0"
"Year 1 May 07 10:00 PM","0"
"Year 1 May 07 11:00 PM","0"
"Year 1 May 08 12:00 AM","0"
"Year 1 May 08 1:00 AM","0"
"Year 1 May 08 2:00 AM","0"
"Year 1 May 08 3:00 AM","0"
"Year 1 May 08 4:00 AM","0"
"Year 1 May 08 5:00 AM","4.4270385387069"
"Year 1 May 08 6:00 AM","42.5815554016348"
"Year 1 May 08 7:00 AM","116.018864295591"
"Year 1 May 08 8:00 AM","226.496858170482"
"Year 1 May 08 9:00 AM","384.354267089439"
"Year 1 May 08 10:00 AM","515.436654838374"
"Year 1 May 08 11:00 AM","221.234154415092"
"Year 1 May 08 12:00 PM","207.314596875729"
"Year 1 May 08 1:00 PM","179.234492263071"
"Year 1 May 08 2:00 PM","150.537385152949"
"Year 1 May 08 3:00 PM","98.4646640399323"
"Year 1 May 08 4:00 PM","95.125502905241"
"Year 1 May 08 5:00 PM","77.8671794356075"
"Year 1 May 08 6:00 PM","48.4293421234613"
"Year 1 May 08 7:00 PM","11.617294720835"
"Year 1 May 08 8:00 PM","0"
"Year 1 May 08 9:00 PM","0"
"Year 1 May 08 10:00 PM","0"
"Year 1 May 08 11:00 PM","0"
"Year 1 May 09 12:00 AM","0"
"Year 1 May 09 1:00 AM","0"
"Year 1 May 09 2:00 AM","0"
"Year 1 May 09 3:00 AM","0"
"Year 1 May 09 4:00 AM","0"
"Year 1 May 09 5:00 AM","6.09015645405034"
"Year 1 May 09 6:00 AM","91.73054112403"
"Year 1 May 09 7:00 AM","261.873013051249"
"Year 1 May 09 8:00 AM","463.207258228116"
"Year 1 May 09 9:00 AM","606.513449421603"
"Year 1 May 09 10:00 AM","699.663371270273"
"Year 1 May 09 11:00 AM","518.092278121364"
"Year 1 May 09 12:00 PM","407.083049872673"
"Year 1 May 09 1:00 PM","104.376577245795"
"Year 1 May 09 2:00 PM","57.2800944470752"
"Year 1 May 09 3:00 PM","34.6416693152132"
"Year 1 May 09 4:00 PM","28.0938893450116"
"Year 1 May 09 5:00 PM","18.9699247182455"
"Year 1 May 09 6:00 PM","14.4988146006092"
"Year 1 May 09 7:00 PM","7.26842787593756"
"Year 1 May 09 8:00 PM","0"
"Year 1 May 09 9:00 PM","0"
"Year 1 May 09 10:00 PM","0"
"Year 1 May 09 11:00 PM","0"
"Year 1 May 10 12:00 AM","0"
"Year 1 May 10 1:00 AM","0"
"Year 1 May 10 2:00 AM","0"
"Year 1 May 10 3:00 AM","0"
"Year 1 May 10 4:00 AM","0"
"Year 1 May 10 5:00 AM","2.12054546507623"
"Year 1 May 10 6:00 AM","18.7990972079027"
"Year 1 May 10 7:00 AM","62.8803077552044"
"Year 1 May 10 8:00 AM","124.198036318681"
"Year 1 May 10 9:00 AM","202.185978193128"
"Year 1 May 10 10:00 AM","346.024649734055"
"Year 1 May 10 11:00 AM","348.080746020007"
"Year 1 May 10 12:00 PM","565.811974933334"
"Year 1 May 10 1:00 PM","101.391967186908"
"Year 1 May 10 2:00 PM","127.778633981921"
"Year 1 May 10 3:00 PM","118.09366056131"
"Year 1 May 10 4:00 PM","100.359369698425"
"Year 1 May 10 5:00 PM","65.4260195349889"
"Year 1 May 10 6:00 PM","24.8625974592947"
"Year 1 May 10 7:00 PM","6.45518987162911"
"Year 1 May 10 8:00 PM","0"
"Year 1 May 10 9:00 PM","0"
"Year 1 May 10 10:00 PM","0"
"Year 1 May 10 11:00 PM","0"
"Year 1 May 11 12:00 AM","0"
"Year 1 May 11 1:00 AM","0"
"Year 1 May 11 2:00 AM","0"
"Year 1 May 11 3:00 AM","0"
"Year 1 May 11 4:00 AM","0"
"Year 1 May 11 5:00 AM","6.23748074868117"
"Year 1 May 11 6:00 AM","82.5765036541656"
"Year 1 May 11 7:00 AM","251.506774502489"
"Year 1 May 11 8:00 AM","430.021351013943"
"Year 1 May 11 9:00 AM","513.688759937659"
"Year 1 May 11 10:00 AM","660.247941359516"
"Year 1 May 11 11:00 AM","584.207156590879"
"Year 1 May 11 12:00 PM","808.665210356387"
"Year 1 May 11 1:00 PM","95.0700958209742"
"Year 1 May 11 2:00 PM","56.5990917488095"
"Year 1 May 11 3:00 PM","99.3160711409062"
"Year 1 May 11 4:00 PM","61.0770201397472"
"Year 1 May 11 5:00 PM","43.0040091184553"
"Year 1 May 11 6:00 PM","29.9676487682286"
"Year 1 May 11 7:00 PM","8.46715148218532"
"Year 1 May 11 8:00 PM","0"
"Year 1 May 11 9:00 PM","0"
"Year 1 May 11 10:00 PM","0"
"Year 1 May 11 11:00 PM","0"
"Year 1 May 12 12:00 AM","0"
"Year 1 May 12 1:00 AM","0"
"Year 1 May 12 2:00 AM","0"
"Year 1 May 12 3:00 AM","0"
"Year 1 May 12 4:00 AM","0"
"Year 1 May 12 5:00 AM","3.26185227342486"
"Year 1 May 12 6:00 AM","25.6302715440535"
"Year 1 May 12 7:00 AM","76.2133319546801"
"Year 1 May 12 8:00 AM","123.342981014857"
"Year 1 May 12 9:00 AM","169.806375331798"
"Year 1 May 12 10:00 AM","230.607367598283"
"Year 1 May 12 11:00 AM","318.611283840676"
"Year 1 May 12 12:00 PM","756.338514043531"
"Year 1 May 12 1:00 PM","90.38252098564"
"Year 1 May 12 2:00 PM","59.7047167911052"
"Year 1 May 12 3:00 PM","89.5404615421716"
"Year 1 May 12 4:00 PM","79.934566893231"
"Year 1 May 12 5:00 PM","58.5456520806669"
"Year 1 May 12 6:00 PM","34.0311220428596"
"Year 1 May 12 7:00 PM","10.7560667093311"
"Year 1 May 12 8:00 PM","0"
"Year 1 May 12 9:00 PM","0"
"Year 1 May 12 10:00 PM","0"
"Year 1 May 12 11:00 PM","0"
"Year 1 May 13 12:00 AM","0"
"Year 1 May 13 1:00 AM","0"
"Year 1 May 13 2:00 AM","0"
"Year 1 May 13 3:00 AM","0"
"Year 1 May 13 4:00 AM","0"
"Year 1 May 13 5:00 AM","5.37169891505"
"Year 1 May 13 6:00 AM","31.3287613779706"
"Year 1 May 13 7:00 AM","78.7702579365335"
"Year 1 May 13 8:00 AM","103.849702550067"
"Year 1 May 13 9:00 AM","152.020177065821"
"Year 1 May 13 10:00 AM","219.87316122088"
"Year 1 May 13 11:00 AM","328.963665121114"
"Year 1 May 13 12:00 PM","204.484400192989"
"Year 1 May 13 1:00 PM","168.680979256837"
"Year 1 May 13 2:00 PM","129.50414300479"
"Year 1 May 13 3:00 PM","136.107676483635"
"Year 1 May 13 4:00 PM","121.574958867468"
"Year 1 May 13 5:00 PM","90.6965262445969"
"Year 1 May 13 6:00 PM","37.1307394551934"
"Year 1 May 13 7:00 PM","11.399123921057"
"Year 1 May 13 8:00 PM","0"
"Year 1 May 13 9:00 PM","0"
"Year 1 May 13 10:00 PM","0"
"Year 1 May 13 11:00 PM","0"
"Year 1 May 14 12:00 AM","0"
"Year 1 May 14 1:00 AM","0"
"Year 1 May 14 2:00 AM","0"
"Year 1 May 14 3:00 AM","0"
"Year 1 May 14 4:00 AM","0"
"Year 1 May 14 5:00 AM","8.65291762678426"
"Year 1 May 14 6:00 AM","94.7396304923697"
"Year 1 May 14 7:00 AM","278.474712048929"
"Year 1 May 14 8:00 AM","471.989861692955"
"Year 1 May 14 9:00 AM","612.2540864385"
"Year 1 May 14 10:00 AM","679.949871108312"
"Year 1 May 14 11:00 AM","704.101554039367"
"Year 1 May 14 12:00 PM","437.591678302192"
"Year 1 May 14 1:00 PM","123.012338753377"
"Year 1 May 14 2:00 PM","47.1412644998333"
"Year 1 May 14 3:00 PM","40.1226434747344"
"Year 1 May 14 4:00 PM","46.6584720664813"
"Year 1 May 14 5:00 PM","50.9530242409323"
"Year 1 May 14 6:00 PM","17.901377202425"
"Year 1 May 14 7:00 PM","7.55630191067374"
"Year 1 May 14 8:00 PM","0"
"Year 1 May 14 9:00 PM","0"
"Year 1 May 14 10:00 PM","0"
"Year 1 May 14 11:00 PM","0"
"Year 1 May 15 12:00 AM","0"
"Year 1 May 15 1:00 AM","0"
"Year 1 May 15 2:00 AM","0"
"Year 1 May 15 3:00 AM","0"
"Year 1 May 15 4:00 AM","0"
"Year 1 May 15 5:00 AM","4.33368728834745"
"Year 1 May 15 6:00 AM","34.2419965103884"
"Year 1 May 15 7:00 AM","147.891858287853"
"Year 1 May 15 8:00 AM","312.154048100198"
"Year 1 May 15 9:00 AM","619.318643490013"
"Year 1 May 15 10:00 AM","734.012166399191"
"Year 1 May 15 11:00 AM","824.216447558789"
"Year 1 May 15 12:00 PM","886.842347707987"
"Year 1 May 15 1:00 PM","88.5239197954428"
"Year 1 May 15 2:00 PM","29.0609186681991"
"Year 1 May 15 3:00 PM","28.3390118210078"
"Year 1 May 15 4:00 PM","25.6859692496606"
"Year 1 May 15 5:00 PM","18.4128253910245"
"Year 1 May 15 6:00 PM","14.7900946617468"
"Year 1 May 15 7:00 PM","7.47016566398356"
"Year 1 May 15 8:00 PM","0"
"Year 1 May 15 9:00 PM","0"
"Year 1 May 15 10:00 PM","0"
"Year 1 May 15 11:00 PM","0"
"Year 1 May 16 12:00 AM","0"
"Year 1 May 16 1:00 AM","0"
"Year 1 May 16 2:00 AM","0"
"Year 1 May 16 3:00 AM","0"
"Year 1 May 16 4:00 AM","0"
"Year 1 May 16 5:00 AM","9.2069577920466"
"Year 1 May 16 6:00 AM","73.4217339885678"
"Year 1 May 16 7:00 AM","217.050820846927"
"Year 1 May 16 8:00 AM","389.475105522408"
"Year 1 May 16 9:00 AM","482.345641239721"
"Year 1 May 16 10:00 AM","628.528875010526"
"Year 1 May 16 11:00 AM","558.559263788528"
"Year 1 May 16 12:00 PM","306.044309461675"
"Year 1 May 16 1:00 PM","206.154041133031"
"Year 1 May 16 2:00 PM","186.407687986965"
"Year 1 May 16 3:00 PM","137.988990508931"
"Year 1 May 16 4:00 PM","110.89186088806"
"Year 1 May 16 5:00 PM","56.6909734413319"
"Year 1 May 16 6:00 PM","27.2233659962383"
"Year 1 May 16 7:00 PM","9.75309322362885"
"Year 1 May 16 8:00 PM","0"
"Year 1 May 16 9:00 PM","0"
"Year 1 May 16 10:00 PM","0"
"Year 1 May 16 11:00 PM","0"
"Year 1 May 17 12:00 AM","0"
"Year 1 May 17 1:00 AM","0"
"Year 1 May 17 2:00 AM","0"
"Year 1 May 17 3:00 AM","0"
"Year 1 May 17 4:00 AM","0"
"Year 1 May 17 5:00 AM","6.95589145716962"
"Year 1 May 17 6:00 AM","37.3473130163124"
"Year 1 May 17 7:00 AM","86.9218037613563"
"Year 1 May 17 8:00 AM","157.795739682183"
"Year 1 May 17 9:00 AM","209.401150530227"
"Year 1 May 17 10:00 AM","225.928809128793"
"Year 1 May 17 11:00 AM","255.094864519675"
"Year 1 May 17 12:00 PM","273.98546720273"
"Year 1 May 17 1:00 PM","207.746821857993"
"Year 1 May 17 2:00 PM","186.248451859752"
"Year 1 May 17 3:00 PM","111.984830891703"
"Year 1 May 17 4:00 PM","81.8132161041832"
"Year 1 May 17 5:00 PM","56.9397129053588"
"Year 1 May 17 6:00 PM","29.7713940105183"
"Year 1 May 17 7:00 PM","9.71239071767743"
"Year 1 May 17 8:00 PM","0"
"Year 1 May 17 9:00 PM","0"
"Year 1 May 17 10:00 PM","0"
"Year 1 May 17 11:00 PM","0"
"Year 1 May 18 12:00 AM","0"
"Year 1 May 18 1:00 AM","0"
"Year 1 May 18 2:00 AM","0"
"Year 1 May 18 3:00 AM","0"
"Year 1 May 18 4:00 AM","0"
"Year 1 May 18 5:00 AM","5.41740133219861"
"Year 1 May 18 6:00 AM","28.9771803643131"
"Year 1 May 18 7:00 AM","80.4577292316303"
"Year 1 May 18 8:00 AM","139.588328074565"
"Year 1 May 18 9:00 AM","204.910493945501"
"Year 1 May 18 10:00 AM","232.724153787106"
"Year 1 May 18 11:00 AM","274.500880747181"
"Year 1 May 18 12:00 PM","278.463353221757"
"Year 1 May 18 1:00 PM","200.267383792168"
"Year 1 May 18 2:00 PM","186.239548944651"
"Year 1 May 18 3:00 PM","164.258646936057"
"Year 1 May 18 4:00 PM","133.360606631798"
"Year 1 May 18 5:00 PM","86.1257260726021"
"Year 1 May 18 6:00 PM","34.2145524814172"
"Year 1 May 18 7:00 PM","14.4788060772549"
"Year 1 May 18 8:00 PM","0"
"Year 1 May 18 9:00 PM","0"
"Year 1 May 18 10:00 PM","0"
"Year 1 May 18 11:00 PM","0"
"Year 1 May 19 12:00 AM","0"
"Year 1 May 19 1:00 AM","0"
"Year 1 May 19 2:00 AM","0"
"Year 1 May 19 3:00 AM","0"
"Year 1 May 19 4:00 AM","0"
"Year 1 May 19 5:00 AM","8.74898695868738"
"Year 1 May 19 6:00 AM","45.2892375971558"
"Year 1 May 19 7:00 AM","92.5929575411723"
"Year 1 May 19 8:00 AM","136.318228711067"
"Year 1 May 19 9:00 AM","187.774719812343"
"Year 1 May 19 10:00 AM","284.515856826954"
"Year 1 May 19 11:00 AM","497.198179123261"
"Year 1 May 19 12:00 PM","569.904304272762"
"Year 1 May 19 1:00 PM","115.862202680567"
"Year 1 May 19 2:00 PM","61.5668337688488"
"Year 1 May 19 3:00 PM","54.5413511268619"
"Year 1 May 19 4:00 PM","56.6309979461736"
"Year 1 May 19 5:00 PM","49.2054824453619"
"Year 1 May 19 6:00 PM","36.5222484300881"
"Year 1 May 19 7:00 PM","16.6552340038814"
"Year 1 May 19 8:00 PM","0"
"Year 1 May 19 9:00 PM","0"
"Year 1 May 19 10:00 PM","0"
"Year 1 May 19 11:00 PM","0"
"Year 1 May 20 12:00 AM","0"
"Year 1 May 20 1:00 AM","0"
"Year 1 May 20 2:00 AM","0"
"Year 1 May 20 3:00 AM","0"
"Year 1 May 20 4:00 AM","0"
"Year 1 May 20 5:00 AM","8.01549586965363"
"Year 1 May 20 6:00 AM","77.0295829766785"
"Year 1 May 20 7:00 AM","234.832381945491"
"Year 1 May 20 8:00 AM","418.625006771309"
"Year 1 May 20 9:00 AM","583.396639278489"
"Year 1 May 20 10:00 AM","679.510905432049"
"Year 1 May 20 11:00 AM","757.5010763133"
"Year 1 May 20 12:00 PM","816.097767697331"
"Year 1 May 20 1:00 PM","92.591814595602"
"Year 1 May 20 2:00 PM","52.4187744806802"
"Year 1 May 20 3:00 PM","48.8296062568758"
"Year 1 May 20 4:00 PM","52.7517539898618"
"Year 1 May 20 5:00 PM","46.5255456421162"
"Year 1 May 20 6:00 PM","37.3495286897287"
"Year 1 May 20 7:00 PM","15.3709842810084"
"Year 1 May 20 8:00 PM","0"
"Year 1 May 20 9:00 PM","0"
"Year 1 May 20 10:00 PM","0"
"Year 1 May 20 11:00 PM","0"
"Year 1 May 21 12:00 AM","0"
"Year 1 May 21 1:00 AM","0"
"Year 1 May 21 2:00 AM","0"
"Year 1 May 21 3:00 AM","0"
"Year 1 May 21 4:00 AM","0"
"Year 1 May 21 5:00 AM","12.7040574851237"
"Year 1 May 21 6:00 AM","86.2140668429628"
"Year 1 May 21 7:00 AM","210.834943099181"
"Year 1 May 21 8:00 AM","452.168439269643"
"Year 1 May 21 9:00 AM","656.267908064468"
"Year 1 May 21 10:00 AM","803.541735778341"
"Year 1 May 21 11:00 AM","896.223036122605"
"Year 1 May 21 12:00 PM","935.181127520567"
"Year 1 May 21 1:00 PM","122.767834077257"
"Year 1 May 21 2:00 PM","33.2316516037485"
"Year 1 May 21 3:00 PM","30.628877200564"
"Year 1 May 21 4:00 PM","30.1845036620317"
"Year 1 May 21 5:00 PM","34.9214227698835"
"Year 1 May 21 6:00 PM","27.199552027549"
"Year 1 May 21 7:00 PM","12.8237870908875"
"Year 1 May 21 8:00 PM","0"
"Year 1 May 21 9:00 PM","0"
"Year 1 May 21 10:00 PM","0"
"Year 1 May 21 11:00 PM","0"
"Year 1 May 22 12:00 AM","0"
"Year 1 May 22 1:00 AM","0"
"Year 1 May 22 2:00 AM","0"
"Year 1 May 22 3:00 AM","0"
"Year 1 May 22 4:00 AM","0"
"Year 1 May 22 5:00 AM","12.2263883854989"
"Year 1 May 22 6:00 AM","108.397516365059"
"Year 1 May 22 7:00 AM","286.380958542159"
"Year 1 May 22 8:00 AM","481.259260301694"
"Year 1 May 22 9:00 AM","656.584473002994"
"Year 1 May 22 10:00 AM","805.034824675924"
"Year 1 May 22 11:00 AM","899.317183296775"
"Year 1 May 22 12:00 PM","935.478073468149"
"Year 1 May 22 1:00 PM","119.943810206492"
"Year 1 May 22 2:00 PM","27.0565747423213"
"Year 1 May 22 3:00 PM","30.6678833055051"
"Year 1 May 22 4:00 PM","31.0748379837556"
"Year 1 May 22 5:00 PM","28.3535173463211"
"Year 1 May 22 6:00 PM","23.2636607440307"
"Year 1 May 22 7:00 PM","13.5721880651711"
"Year 1 May 22 8:00 PM","0"
"Year 1 May 22 9:00 PM","0"
"Year 1 May 22 10:00 PM","0"
"Year 1 May 22 11:00 PM","0"
"Year 1 May 23 12:00 AM","0"
"Year 1 May 23 1:00 AM","0"
"Year 1 May 23 2:00 AM","0"
"Year 1 May 23 3:00 AM","0"
"Year 1 May 23 4:00 AM","0"
"Year 1 May 23 5:00 AM","12.0634300156286"
"Year 1 May 23 6:00 AM","63.4633700993718"
"Year 1 May 23 7:00 AM","132.307977885886"
"Year 1 May 23 8:00 AM","268.910221974347"
"Year 1 May 23 9:00 AM","459.47260704272"
"Year 1 May 23 10:00 AM","486.169436342322"
"Year 1 May 23 11:00 AM","325.225509155302"
"Year 1 May 23 12:00 PM","340.890932840257"
"Year 1 May 23 1:00 PM","127.412432342161"
"Year 1 May 23 2:00 PM","165.525595133954"
"Year 1 May 23 3:00 PM","145.591931895459"
"Year 1 May 23 4:00 PM","119.953415854633"
"Year 1 May 23 5:00 PM","78.6502748054708"
"Year 1 May 23 6:00 PM","44.3581729463574"
"Year 1 May 23 7:00 PM","16.3199035980118"
"Year 1 May 23 8:00 PM","0"
"Year 1 May 23 9:00 PM","0"
"Year 1 May 23 10:00 PM","0"
"Year 1 May 23 11:00 PM","0"
"Year 1 May 24 12:00 AM","0"
"Year 1 May 24 1:00 AM","0"
"Year 1 May 24 2:00 AM","0"
"Year 1 May 24 3:00 AM","0"
"Year 1 May 24 4:00 AM","0"
"Year 1 May 24 5:00 AM","10.6470970866539"
"Year 1 May 24 6:00 AM","45.6342569893368"
"Year 1 May 24 7:00 AM","104.721344792757"
"Year 1 May 24 8:00 AM","168.386298331475"
"Year 1 May 24 9:00 AM","218.460482253928"
"Year 1 May 24 10:00 AM","344.789954265573"
"Year 1 May 24 11:00 AM","785.19904247997"
"Year 1 May 24 12:00 PM","813.438212695708"
"Year 1 May 24 1:00 PM","108.310313452752"
"Year 1 May 24 2:00 PM","35.6310626325368"
"Year 1 May 24 3:00 PM","64.2935773641494"
"Year 1 May 24 4:00 PM","60.7433951593383"
"Year 1 May 24 5:00 PM","50.3229258816227"
"Year 1 May 24 6:00 PM","45.0818145271343"
"Year 1 May 24 7:00 PM","20.1795769273758"
"Year 1 May 24 8:00 PM","0"
"Year 1 May 24 9:00 PM","0"
"Year 1 May 24 10:00 PM","0"
"Year 1 May 24 11:00 PM","0"
"Year 1 May 25 12:00 AM","0"
"Year 1 May 25 1:00 AM","0"
"Year 1 May 25 2:00 AM","0"
"Year 1 May 25 3:00 AM","0"
"Year 1 May 25 4:00 AM","0"
"Year 1 May 25 5:00 AM","6.11137981289091"
"Year 1 May 25 6:00 AM","46.6020495822785"
"Year 1 May 25 7:00 AM","226.278749346971"
"Year 1 May 25 8:00 AM","428.925044569909"
"Year 1 May 25 9:00 AM","605.82440132491"
"Year 1 May 25 10:00 AM","752.557777935444"
"Year 1 May 25 11:00 AM","868.212133553416"
"Year 1 May 25 12:00 PM","925.511144908309"
"Year 1 May 25 1:00 PM","119.943005098505"
"Year 1 May 25 2:00 PM","37.6711829834206"
"Year 1 May 25 3:00 PM","58.3783353723345"
"Year 1 May 25 4:00 PM","65.0313668664166"
"Year 1 May 25 5:00 PM","46.0509856883791"
"Year 1 May 25 6:00 PM","23.200797924624"
"Year 1 May 25 7:00 PM","12.945605505417"
"Year 1 May 25 8:00 PM","0"
"Year 1 May 25 9:00 PM","0"
"Year 1 May 25 10:00 PM","0"
"Year 1 May 25 11:00 PM","0"
"Year 1 May 26 12:00 AM","0"
"Year 1 May 26 1:00 AM","0"
"Year 1 May 26 2:00 AM","0"
"Year 1 May 26 3:00 AM","0"
"Year 1 May 26 4:00 AM","0"
"Year 1 May 26 5:00 AM","13.2888652133674"
"Year 1 May 26 6:00 AM","87.604140352941"
"Year 1 May 26 7:00 AM","245.266893693347"
"Year 1 May 26 8:00 AM","434.161813795972"
"Year 1 May 26 9:00 AM","620.311779823058"
"Year 1 May 26 10:00 AM","770.130800205341"
"Year 1 May 26 11:00 AM","874.91217308942"
"Year 1 May 26 12:00 PM","921.741354073711"
"Year 1 May 26 1:00 PM","122.12443316913"
"Year 1 May 26 2:00 PM","43.8284236079346"
"Year 1 May 26 3:00 PM","49.4333073416667"
"Year 1 May 26 4:00 PM","54.6218353984664"
"Year 1 May 26 5:00 PM","64.688882489846"
"Year 1 May 26 6:00 PM","48.4046872933958"
"Year 1 May 26 7:00 PM","22.3009994143298"
"Year 1 May 26 8:00 PM","0"
"Year 1 May 26 9:00 PM","0"
"Year 1 May 26 10:00 PM","0"
"Year 1 May 26 11:00 PM","0"
"Year 1 May 27 12:00 AM","0"
"Year 1 May 27 1:00 AM","0"
"Year 1 May 27 2:00 AM","0"
"Year 1 May 27 3:00 AM","0"
"Year 1 May 27 4:00 AM","0"
"Year 1 May 27 5:00 AM","13.9850505936564"
"Year 1 May 27 6:00 AM","100.228416079373"
"Year 1 May 27 7:00 AM","210.727703691435"
"Year 1 May 27 8:00 AM","332.140840494421"
"Year 1 May 27 9:00 AM","479.206022715426"
"Year 1 May 27 10:00 AM","692.787912070338"
"Year 1 May 27 11:00 AM","844.177507865577"
"Year 1 May 27 12:00 PM","888.391274608479"
"Year 1 May 27 1:00 PM","109.638124589222"
"Year 1 May 27 2:00 PM","36.0340893670229"
"Year 1 May 27 3:00 PM","56.241373570252"
"Year 1 May 27 4:00 PM","45.709434864672"
"Year 1 May 27 5:00 PM","33.5935564955965"
"Year 1 May 27 6:00 PM","28.6944722261291"
"Year 1 May 27 7:00 PM","14.7280817436374"
"Year 1 May 27 8:00 PM","0.93843563227785"
"Year 1 May 27 9:00 PM","0"
"Year 1 May 27 10:00 PM","0"
"Year 1 May 27 11:00 PM","0"
"Year 1 May 28 12:00 AM","0"
"Year 1 May 28 1:00 AM","0"
"Year 1 May 28 2:00 AM","0"
"Year 1 May 28 3:00 AM","0"
"Year 1 May 28 4:00 AM","0"
"Year 1 May 28 5:00 AM","15.9051240853669"
"Year 1 May 28 6:00 AM","103.77076006383"
"Year 1 May 28 7:00 AM","236.375215954743"
"Year 1 May 28 8:00 AM","439.503839857451"
"Year 1 May 28 9:00 AM","588.538233590088"
"Year 1 May 28 10:00 AM","680.782426406169"
"Year 1 May 28 11:00 AM","693.77607356829"
"Year 1 May 28 12:00 PM","300.437257534587"
"Year 1 May 28 1:00 PM","150.778638415484"
"Year 1 May 28 2:00 PM","118.858667438067"
"Year 1 May 28 3:00 PM","62.2798921168272"
"Year 1 May 28 4:00 PM","73.5513988817421"
"Year 1 May 28 5:00 PM","51.1925081670162"
"Year 1 May 28 6:00 PM","32.0096631487248"
"Year 1 May 28 7:00 PM","20.3052799756218"
"Year 1 May 28 8:00 PM","1.30000134084822"
"Year 1 May 28 9:00 PM","0"
"Year 1 May 28 10:00 PM","0"
"Year 1 May 28 11:00 PM","0"
"Year 1 May 29 12:00 AM","0"
"Year 1 May 29 1:00 AM","0"
"Year 1 May 29 2:00 AM","0"
"Year 1 May 29 3:00 AM","0"
"Year 1 May 29 4:00 AM","0"
"Year 1 May 29 5:00 AM","8.77484942106573"
"Year 1 May 29 6:00 AM","33.6472514628739"
"Year 1 May 29 7:00 AM","64.2134584837352"
"Year 1 May 29 8:00 AM","153.601885976162"
"Year 1 May 29 9:00 AM","248.851902116778"
"Year 1 May 29 10:00 AM","584.462883171316"
"Year 1 May 29 11:00 AM","825.51534427133"
"Year 1 May 29 12:00 PM","740.888789098379"
"Year 1 May 29 1:00 PM","170.496151295924"
"Year 1 May 29 2:00 PM","122.284400474148"
"Year 1 May 29 3:00 PM","81.7030491218871"
"Year 1 May 29 4:00 PM","101.179743968584"
"Year 1 May 29 5:00 PM","78.5482898646626"
"Year 1 May 29 6:00 PM","43.2689501884364"
"Year 1 May 29 7:00 PM","17.3390188924287"
"Year 1 May 29 8:00 PM","1.07271146991584"
"Year 1 May 29 9:00 PM","0"
"Year 1 May 29 10:00 PM","0"
"Year 1 May 29 11:00 PM","0"
"Year 1 May 30 12:00 AM","0"
"Year 1 May 30 1:00 AM","0"
"Year 1 May 30 2:00 AM","0"
"Year 1 May 30 3:00 AM","0"
"Year 1 May 30 4:00 AM","0"
"Year 1 May 30 5:00 AM","9.83771496491499"
"Year 1 May 30 6:00 AM","29.1626766422287"
"Year 1 May 30 7:00 AM","61.0237815806066"
"Year 1 May 30 8:00 AM","138.629076480974"
"Year 1 May 30 9:00 AM","258.217313362784"
"Year 1 May 30 10:00 AM","278.413434310624"
"Year 1 May 30 11:00 AM","433.079314630877"
"Year 1 May 30 12:00 PM","862.914596066665"
"Year 1 May 30 1:00 PM","124.59836050224"
"Year 1 May 30 2:00 PM","51.7856398592743"
"Year 1 May 30 3:00 PM","75.2180773112517"
"Year 1 May 30 4:00 PM","99.7612027333145"
"Year 1 May 30 5:00 PM","77.9150880093025"
"Year 1 May 30 6:00 PM","34.1657768035208"
"Year 1 May 30 7:00 PM","14.8368411173892"
"Year 1 May 30 8:00 PM","1.01388670207969"
"Year 1 May 30 9:00 PM","0"
"Year 1 May 30 10:00 PM","0"
"Year 1 May 30 11:00 PM","0"
"Year 1 May 31 12:00 AM","0"
"Year 1 May 31 1:00 AM","0"
"Year 1 May 31 2:00 AM","0"
"Year 1 May 31 3:00 AM","0"
"Year 1 May 31 4:00 AM","0"
"Year 1 May 31 5:00 AM","13.6267389086075"
"Year 1 May 31 6:00 AM","93.4811744292295"
"Year 1 May 31 7:00 AM","250.46566905394"
"Year 1 May 31 8:00 AM","437.346504130127"
"Year 1 May 31 9:00 AM","616.911273339039"
"Year 1 May 31 10:00 AM","767.475427262363"
"Year 1 May 31 11:00 AM","871.232995301216"
"Year 1 May 31 12:00 PM","912.760327791441"
"Year 1 May 31 1:00 PM","119.581022943075"
"Year 1 May 31 2:00 PM","52.9222396681971"
"Year 1 May 31 3:00 PM","63.1188346521395"
"Year 1 May 31 4:00 PM","79.7108768853578"
"Year 1 May 31 5:00 PM","71.343695467713"
"Year 1 May 31 6:00 PM","42.102520302282"
"Year 1 May 31 7:00 PM","21.2107800574595"
"Year 1 May 31 8:00 PM","1.34352420313467"
"Year 1 May 31 9:00 PM","0"
"Year 1 May 31 10:00 PM","0"
"Year 1 May 31 11:00 PM","0"
"Year 1 Jun 01 12:00 AM","0"
"Year 1 Jun 01 1:00 AM","0"
"Year 1 Jun 01 2:00 AM","0"
"Year 1 Jun 01 3:00 AM","0"
"Year 1 Jun 01 4:00 AM","0"
"Year 1 Jun 01 5:00 AM","7.62190033874332"
"Year 1 Jun 01 6:00 AM","30.6486799411302"
"Year 1 Jun 01 7:00 AM","87.8500479205337"
"Year 1 Jun 01 8:00 AM","301.396541907676"
"Year 1 Jun 01 9:00 AM","609.363092970641"
"Year 1 Jun 01 10:00 AM","779.204703079593"
"Year 1 Jun 01 11:00 AM","859.075498349878"
"Year 1 Jun 01 12:00 PM","850.709523887546"
"Year 1 Jun 01 1:00 PM","97.683663148472"
"Year 1 Jun 01 2:00 PM","35.880137009628"
"Year 1 Jun 01 3:00 PM","33.1160646587477"
"Year 1 Jun 01 4:00 PM","30.1843418658103"
"Year 1 Jun 01 5:00 PM","23.4255960188174"
"Year 1 Jun 01 6:00 PM","17.2604160891714"
"Year 1 Jun 01 7:00 PM","11.5966690458101"
"Year 1 Jun 01 8:00 PM","1.02810291284649"
"Year 1 Jun 01 9:00 PM","0"
"Year 1 Jun 01 10:00 PM","0"
"Year 1 Jun 01 11:00 PM","0"
"Year 1 Jun 02 12:00 AM","0"
"Year 1 Jun 02 1:00 AM","0"
"Year 1 Jun 02 2:00 AM","0"
"Year 1 Jun 02 3:00 AM","0"
"Year 1 Jun 02 4:00 AM","0"
"Year 1 Jun 02 5:00 AM","15.7016740024901"
"Year 1 Jun 02 6:00 AM","86.9240578648436"
"Year 1 Jun 02 7:00 AM","215.778754474611"
"Year 1 Jun 02 8:00 AM","435.214673804861"
"Year 1 Jun 02 9:00 AM","597.943903997842"
"Year 1 Jun 02 10:00 AM","738.113121093298"
"Year 1 Jun 02 11:00 AM","800.182820089445"
"Year 1 Jun 02 12:00 PM","796.791603048141"
"Year 1 Jun 02 1:00 PM","126.605152773341"
"Year 1 Jun 02 2:00 PM","80.9547240312383"
"Year 1 Jun 02 3:00 PM","141.288128342534"
"Year 1 Jun 02 4:00 PM","122.159347707397"
"Year 1 Jun 02 5:00 PM","81.6226559249051"
"Year 1 Jun 02 6:00 PM","42.3513661266924"
"Year 1 Jun 02 7:00 PM","18.4218173640645"
"Year 1 Jun 02 8:00 PM","1.2905783684021"
"Year 1 Jun 02 9:00 PM","0"
"Year 1 Jun 02 10:00 PM","0"
"Year 1 Jun 02 11:00 PM","0"
"Year 1 Jun 03 12:00 AM","0"
"Year 1 Jun 03 1:00 AM","0"
"Year 1 Jun 03 2:00 AM","0"
"Year 1 Jun 03 3:00 AM","0"
"Year 1 Jun 03 4:00 AM","0"
"Year 1 Jun 03 5:00 AM","17.6460683990923"
"Year 1 Jun 03 6:00 AM","126.650173371251"
"Year 1 Jun 03 7:00 AM","283.744814830002"
"Year 1 Jun 03 8:00 AM","478.84363419841"
"Year 1 Jun 03 9:00 AM","656.233547213677"
"Year 1 Jun 03 10:00 AM","809.061180135787"
"Year 1 Jun 03 11:00 AM","889.030160869123"
"Year 1 Jun 03 12:00 PM","853.162060038635"
"Year 1 Jun 03 1:00 PM","103.654927018725"
"Year 1 Jun 03 2:00 PM","37.4380667147602"
"Year 1 Jun 03 3:00 PM","69.8707567640727"
"Year 1 Jun 03 4:00 PM","38.9377347606043"
"Year 1 Jun 03 5:00 PM","30.5264679508326"
"Year 1 Jun 03 6:00 PM","27.3786391715985"
"Year 1 Jun 03 7:00 PM","15.3292945714342"
"Year 1 Jun 03 8:00 PM","1.15721097288531"
"Year 1 Jun 03 9:00 PM","0"
"Year 1 Jun 03 10:00 PM","0"
"Year 1 Jun 03 11:00 PM","0"
"Year 1 Jun 04 12:00 AM","0"
"Year 1 Jun 04 1:00 AM","0"
"Year 1 Jun 04 2:00 AM","0"
"Year 1 Jun 04 3:00 AM","0"
"Year 1 Jun 04 4:00 AM","0"
"Year 1 Jun 04 5:00 AM","13.9464686287527"
"Year 1 Jun 04 6:00 AM","92.4038511907508"
"Year 1 Jun 04 7:00 AM","248.728002844992"
"Year 1 Jun 04 8:00 AM","443.921452548891"
"Year 1 Jun 04 9:00 AM","617.527368569334"
"Year 1 Jun 04 10:00 AM","725.447873726721"
"Year 1 Jun 04 11:00 AM","793.884029495882"
"Year 1 Jun 04 12:00 PM","796.484549755147"
"Year 1 Jun 04 1:00 PM","148.48767940719"
"Year 1 Jun 04 2:00 PM","144.559816572976"
"Year 1 Jun 04 3:00 PM","130.441566696104"
"Year 1 Jun 04 4:00 PM","110.143934319892"
"Year 1 Jun 04 5:00 PM","81.6595741883893"
"Year 1 Jun 04 6:00 PM","50.4912459535308"
"Year 1 Jun 04 7:00 PM","25.1302964555297"
"Year 1 Jun 04 8:00 PM","1.56812529774328"
"Year 1 Jun 04 9:00 PM","0"
"Year 1 Jun 04 10:00 PM","0"
"Year 1 Jun 04 11:00 PM","0"
"Year 1 Jun 05 12:00 AM","0"
"Year 1 Jun 05 1:00 AM","0"
"Year 1 Jun 05 2:00 AM","0"
"Year 1 Jun 05 3:00 AM","0"
"Year 1 Jun 05 4:00 AM","0"
"Year 1 Jun 05 5:00 AM","16.0889500900141"
"Year 1 Jun 05 6:00 AM","120.081008859052"
"Year 1 Jun 05 7:00 AM","277.449922720562"
"Year 1 Jun 05 8:00 AM","370.861207145851"
"Year 1 Jun 05 9:00 AM","538.113931347313"
"Year 1 Jun 05 10:00 AM","644.421858110505"
"Year 1 Jun 05 11:00 AM","876.697878168564"
"Year 1 Jun 05 12:00 PM","833.376274772059"
"Year 1 Jun 05 1:00 PM","154.793616657442"
"Year 1 Jun 05 2:00 PM","65.6401023432817"
"Year 1 Jun 05 3:00 PM","28.0180458825491"
"Year 1 Jun 05 4:00 PM","26.7146887833834"
"Year 1 Jun 05 5:00 PM","19.4447748012637"
"Year 1 Jun 05 6:00 PM","16.3661409378646"
"Year 1 Jun 05 7:00 PM","10.8733648695899"
"Year 1 Jun 05 8:00 PM","1.07519568968129"
"Year 1 Jun 05 9:00 PM","0"
"Year 1 Jun 05 10:00 PM","0"
"Year 1 Jun 05 11:00 PM","0"
"Year 1 Jun 06 12:00 AM","0"
"Year 1 Jun 06 1:00 AM","0"
"Year 1 Jun 06 2:00 AM","0"
"Year 1 Jun 06 3:00 AM","0"
"Year 1 Jun 06 4:00 AM","0"
"Year 1 Jun 06 5:00 AM","17.0661840212187"
"Year 1 Jun 06 6:00 AM","127.084011269884"
"Year 1 Jun 06 7:00 AM","305.659146333699"
"Year 1 Jun 06 8:00 AM","462.300355338871"
"Year 1 Jun 06 9:00 AM","616.475488020479"
"Year 1 Jun 06 10:00 AM","756.242891885621"
"Year 1 Jun 06 11:00 AM","833.993445986791"
"Year 1 Jun 06 12:00 PM","850.233179169989"
"Year 1 Jun 06 1:00 PM","103.494031033058"
"Year 1 Jun 06 2:00 PM","28.2424729901534"
"Year 1 Jun 06 3:00 PM","30.5258363958939"
"Year 1 Jun 06 4:00 PM","36.0956347485303"
"Year 1 Jun 06 5:00 PM","31.1808785007682"
"Year 1 Jun 06 6:00 PM","31.7828672757528"
"Year 1 Jun 06 7:00 PM","15.083956742277"
"Year 1 Jun 06 8:00 PM","1.13717366447874"
"Year 1 Jun 06 9:00 PM","0"
"Year 1 Jun 06 10:00 PM","0"
"Year 1 Jun 06 11:00 PM","0"
"Year 1 Jun 07 12:00 AM","0"
"Year 1 Jun 07 1:00 AM","0"
"Year 1 Jun 07 2:00 AM","0"
"Year 1 Jun 07 3:00 AM","0"
"Year 1 Jun 07 4:00 AM","0"
"Year 1 Jun 07 5:00 AM","14.650685835665"
"Year 1 Jun 07 6:00 AM","67.3425720304261"
"Year 1 Jun 07 7:00 AM","84.4653802609469"
"Year 1 Jun 07 8:00 AM","97.5776447158791"
"Year 1 Jun 07 9:00 AM","122.492033036409"
"Year 1 Jun 07 10:00 AM","189.43096002272"
"Year 1 Jun 07 11:00 AM","134.927053833489"
"Year 1 Jun 07 12:00 PM","145.033300542294"
"Year 1 Jun 07 1:00 PM","170.871465782124"
"Year 1 Jun 07 2:00 PM","114.749793624648"
"Year 1 Jun 07 3:00 PM","91.3029372370656"
"Year 1 Jun 07 4:00 PM","109.733945432412"
"Year 1 Jun 07 5:00 PM","80.9917925910707"
"Year 1 Jun 07 6:00 PM","43.7742931908697"
"Year 1 Jun 07 7:00 PM","20.9321484105653"
"Year 1 Jun 07 8:00 PM","1.47558328423811"
"Year 1 Jun 07 9:00 PM","0"
"Year 1 Jun 07 10:00 PM","0"
"Year 1 Jun 07 11:00 PM","0"
"Year 1 Jun 08 12:00 AM","0"
"Year 1 Jun 08 1:00 AM","0"
"Year 1 Jun 08 2:00 AM","0"
"Year 1 Jun 08 3:00 AM","0"
"Year 1 Jun 08 4:00 AM","0"
"Year 1 Jun 08 5:00 AM","15.2834224530706"
"Year 1 Jun 08 6:00 AM","116.390212846439"
"Year 1 Jun 08 7:00 AM","278.86486736349"
"Year 1 Jun 08 8:00 AM","446.654763903939"
"Year 1 Jun 08 9:00 AM","578.21185972613"
"Year 1 Jun 08 10:00 AM","689.53283281517"
"Year 1 Jun 08 11:00 AM","607.768857578984"
"Year 1 Jun 08 12:00 PM","689.775049082628"
"Year 1 Jun 08 1:00 PM","145.822952916656"
"Year 1 Jun 08 2:00 PM","38.2185254846005"
"Year 1 Jun 08 3:00 PM","64.6655789036613"
"Year 1 Jun 08 4:00 PM","71.8847001833652"
"Year 1 Jun 08 5:00 PM","88.5157048386795"
"Year 1 Jun 08 6:00 PM","38.0998301178344"
"Year 1 Jun 08 7:00 PM","12.1619519320548"
"Year 1 Jun 08 8:00 PM","0.841981287603796"
"Year 1 Jun 08 9:00 PM","0"
"Year 1 Jun 08 10:00 PM","0"
"Year 1 Jun 08 11:00 PM","0"
"Year 1 Jun 09 12:00 AM","0"
"Year 1 Jun 09 1:00 AM","0"
"Year 1 Jun 09 2:00 AM","0"
"Year 1 Jun 09 3:00 AM","0"
"Year 1 Jun 09 4:00 AM","0"
"Year 1 Jun 09 5:00 AM","10.0468238937344"
"Year 1 Jun 09 6:00 AM","40.1831115827597"
"Year 1 Jun 09 7:00 AM","92.0636927008969"
"Year 1 Jun 09 8:00 AM","163.995213129738"
"Year 1 Jun 09 9:00 AM","213.964633385949"
"Year 1 Jun 09 10:00 AM","253.892481057123"
"Year 1 Jun 09 11:00 AM","214.960378922406"
"Year 1 Jun 09 12:00 PM","249.314882026592"
"Year 1 Jun 09 1:00 PM","184.251024528239"
"Year 1 Jun 09 2:00 PM","148.103038468079"
"Year 1 Jun 09 3:00 PM","87.611438141078"
"Year 1 Jun 09 4:00 PM","67.5818527560738"
"Year 1 Jun 09 5:00 PM","74.0975967547924"
"Year 1 Jun 09 6:00 PM","50.9016850358135"
"Year 1 Jun 09 7:00 PM","15.8380156799097"
"Year 1 Jun 09 8:00 PM","0.841981287603796"
"Year 1 Jun 09 9:00 PM","0"
"Year 1 Jun 09 10:00 PM","0"
"Year 1 Jun 09 11:00 PM","0"
"Year 1 Jun 10 12:00 AM","0"
"Year 1 Jun 10 1:00 AM","0"
"Year 1 Jun 10 2:00 AM","0"
"Year 1 Jun 10 3:00 AM","0"
"Year 1 Jun 10 4:00 AM","0"
"Year 1 Jun 10 5:00 AM","9.61847209786767"
"Year 1 Jun 10 6:00 AM","42.2159295040079"
"Year 1 Jun 10 7:00 AM","66.4453472655393"
"Year 1 Jun 10 8:00 AM","116.095530276039"
"Year 1 Jun 10 9:00 AM","164.255445470044"
"Year 1 Jun 10 10:00 AM","198.021154005786"
"Year 1 Jun 10 11:00 AM","225.289456076381"
"Year 1 Jun 10 12:00 PM","241.668124284266"
"Year 1 Jun 10 1:00 PM","200.68641876246"
"Year 1 Jun 10 2:00 PM","183.316325264343"
"Year 1 Jun 10 3:00 PM","172.719527381291"
"Year 1 Jun 10 4:00 PM","105.544471635224"
"Year 1 Jun 10 5:00 PM","106.258339729272"
"Year 1 Jun 10 6:00 PM","68.1949091494457"
"Year 1 Jun 10 7:00 PM","25.3738266606466"
"Year 1 Jun 10 8:00 PM","2.85681757484699"
"Year 1 Jun 10 9:00 PM","0"
"Year 1 Jun 10 10:00 PM","0"
"Year 1 Jun 10 11:00 PM","0"
"Year 1 Jun 11 12:00 AM","0"
"Year 1 Jun 11 1:00 AM","0"
"Year 1 Jun 11 2:00 AM","0"
"Year 1 Jun 11 3:00 AM","0"
"Year 1 Jun 11 4:00 AM","0"
"Year 1 Jun 11 5:00 AM","14.6779536200652"
"Year 1 Jun 11 6:00 AM","87.138008761958"
"Year 1 Jun 11 7:00 AM","236.358021558092"
"Year 1 Jun 11 8:00 AM","418.020086008791"
"Year 1 Jun 11 9:00 AM","593.585511115792"
"Year 1 Jun 11 10:00 AM","747.259317422529"
"Year 1 Jun 11 11:00 AM","852.062019463289"
"Year 1 Jun 11 12:00 PM","896.612375193507"
"Year 1 Jun 11 1:00 PM","198.197986021473"
"Year 1 Jun 11 2:00 PM","132.903315680406"
"Year 1 Jun 11 3:00 PM","139.283521606254"
"Year 1 Jun 11 4:00 PM","114.110051622499"
"Year 1 Jun 11 5:00 PM","80.717849148851"
"Year 1 Jun 11 6:00 PM","56.2543188843993"
"Year 1 Jun 11 7:00 PM","23.514066339088"
"Year 1 Jun 11 8:00 PM","2.45174369313538"
"Year 1 Jun 11 9:00 PM","0"
"Year 1 Jun 11 10:00 PM","0"
"Year 1 Jun 11 11:00 PM","0"
"Year 1 Jun 12 12:00 AM","0"
"Year 1 Jun 12 1:00 AM","0"
"Year 1 Jun 12 2:00 AM","0"
"Year 1 Jun 12 3:00 AM","0"
"Year 1 Jun 12 4:00 AM","0"
"Year 1 Jun 12 5:00 AM","17.9948059476825"
"Year 1 Jun 12 6:00 AM","123.550224177312"
"Year 1 Jun 12 7:00 AM","297.835421413618"
"Year 1 Jun 12 8:00 AM","484.542597659859"
"Year 1 Jun 12 9:00 AM","599.827220090726"
"Year 1 Jun 12 10:00 AM","603.833620407027"
"Year 1 Jun 12 11:00 AM","605.99747771869"
"Year 1 Jun 12 12:00 PM","472.192038678146"
"Year 1 Jun 12 1:00 PM","168.381508707076"
"Year 1 Jun 12 2:00 PM","80.3795358538201"
"Year 1 Jun 12 3:00 PM","71.5331052954705"
"Year 1 Jun 12 4:00 PM","68.1442486697498"
"Year 1 Jun 12 5:00 PM","73.1605505262009"
"Year 1 Jun 12 6:00 PM","58.4760148572636"
"Year 1 Jun 12 7:00 PM","26.1444391536227"
"Year 1 Jun 12 8:00 PM","2.76397136365307"
"Year 1 Jun 12 9:00 PM","0"
"Year 1 Jun 12 10:00 PM","0"
"Year 1 Jun 12 11:00 PM","0"
"Year 1 Jun 13 12:00 AM","0"
"Year 1 Jun 13 1:00 AM","0"
"Year 1 Jun 13 2:00 AM","0"
"Year 1 Jun 13 3:00 AM","0"
"Year 1 Jun 13 4:00 AM","0"
"Year 1 Jun 13 5:00 AM","11.4118963103018"
"Year 1 Jun 13 6:00 AM","73.5787080633768"
"Year 1 Jun 13 7:00 AM","185.304783739045"
"Year 1 Jun 13 8:00 AM","418.149270250836"
"Year 1 Jun 13 9:00 AM","526.128432177624"
"Year 1 Jun 13 10:00 AM","348.12334391587"
"Year 1 Jun 13 11:00 AM","429.205410097723"
"Year 1 Jun 13 12:00 PM","380.090296713126"
"Year 1 Jun 13 1:00 PM","186.476620160892"
"Year 1 Jun 13 2:00 PM","135.531834253533"
"Year 1 Jun 13 3:00 PM","96.0241052181027"
"Year 1 Jun 13 4:00 PM","110.069341422244"
"Year 1 Jun 13 5:00 PM","84.4168407394165"
"Year 1 Jun 13 6:00 PM","37.8567848030998"
"Year 1 Jun 13 7:00 PM","15.4762418218063"
"Year 1 Jun 13 8:00 PM","2.10277591542534"
"Year 1 Jun 13 9:00 PM","0"
"Year 1 Jun 13 10:00 PM","0"
"Year 1 Jun 13 11:00 PM","0"
"Year 1 Jun 14 12:00 AM","0"
"Year 1 Jun 14 1:00 AM","0"
"Year 1 Jun 14 2:00 AM","0"
"Year 1 Jun 14 3:00 AM","0"
"Year 1 Jun 14 4:00 AM","0"
"Year 1 Jun 14 5:00 AM","14.0147893569264"
"Year 1 Jun 14 6:00 AM","66.8919549938587"
"Year 1 Jun 14 7:00 AM","168.785287528953"
"Year 1 Jun 14 8:00 AM","320.675927451281"
"Year 1 Jun 14 9:00 AM","434.431781947374"
"Year 1 Jun 14 10:00 AM","351.524188856584"
"Year 1 Jun 14 11:00 AM","349.70459581519"
"Year 1 Jun 14 12:00 PM","567.043177571178"
"Year 1 Jun 14 1:00 PM","169.687344521463"
"Year 1 Jun 14 2:00 PM","83.9913419781767"
"Year 1 Jun 14 3:00 PM","81.3311528977051"
"Year 1 Jun 14 4:00 PM","91.2209705415012"
"Year 1 Jun 14 5:00 PM","73.4363534422434"
"Year 1 Jun 14 6:00 PM","51.6683545225869"
"Year 1 Jun 14 7:00 PM","23.2002959309364"
"Year 1 Jun 14 8:00 PM","2.62219284543025"
"Year 1 Jun 14 9:00 PM","0"
"Year 1 Jun 14 10:00 PM","0"
"Year 1 Jun 14 11:00 PM","0"
"Year 1 Jun 15 12:00 AM","0"
"Year 1 Jun 15 1:00 AM","0"
"Year 1 Jun 15 2:00 AM","0"
"Year 1 Jun 15 3:00 AM","0"
"Year 1 Jun 15 4:00 AM","0"
"Year 1 Jun 15 5:00 AM","16.0137414435367"
"Year 1 Jun 15 6:00 AM","104.953530360473"
"Year 1 Jun 15 7:00 AM","266.56629836492"
"Year 1 Jun 15 8:00 AM","453.673002437782"
"Year 1 Jun 15 9:00 AM","630.641486382277"
"Year 1 Jun 15 10:00 AM","776.930918442916"
"Year 1 Jun 15 11:00 AM","863.82677453769"
"Year 1 Jun 15 12:00 PM","847.666363891884"
"Year 1 Jun 15 1:00 PM","167.789863240307"
"Year 1 Jun 15 2:00 PM","30.8589754932192"
"Year 1 Jun 15 3:00 PM","36.3479739471082"
"Year 1 Jun 15 4:00 PM","40.9186753978415"
"Year 1 Jun 15 5:00 PM","45.8940107154136"
"Year 1 Jun 15 6:00 PM","33.2647933798387"
"Year 1 Jun 15 7:00 PM","22.2525105461772"
"Year 1 Jun 15 8:00 PM","2.83773319078174"
"Year 1 Jun 15 9:00 PM","0"
"Year 1 Jun 15 10:00 PM","0"
"Year 1 Jun 15 11:00 PM","0"
"Year 1 Jun 16 12:00 AM","0"
"Year 1 Jun 16 1:00 AM","0"
"Year 1 Jun 16 2:00 AM","0"
"Year 1 Jun 16 3:00 AM","0"
"Year 1 Jun 16 4:00 AM","0"
"Year 1 Jun 16 5:00 AM","15.5406809459798"
"Year 1 Jun 16 6:00 AM","94.2141293511309"
"Year 1 Jun 16 7:00 AM","250.437664285742"
"Year 1 Jun 16 8:00 AM","424.563545768186"
"Year 1 Jun 16 9:00 AM","554.558798552598"
"Year 1 Jun 16 10:00 AM","714.950242219354"
"Year 1 Jun 16 11:00 AM","811.98094145139"
"Year 1 Jun 16 12:00 PM","836.501309874015"
"Year 1 Jun 16 1:00 PM","187.739167451428"
"Year 1 Jun 16 2:00 PM","56.4507205319669"
"Year 1 Jun 16 3:00 PM","72.6584866607323"
"Year 1 Jun 16 4:00 PM","80.4857283022109"
"Year 1 Jun 16 5:00 PM","66.509326720806"
"Year 1 Jun 16 6:00 PM","52.6477493589995"
"Year 1 Jun 16 7:00 PM","24.1637952319841"
"Year 1 Jun 16 8:00 PM","2.81525543770845"
"Year 1 Jun 16 9:00 PM","0"
"Year 1 Jun 16 10:00 PM","0"
"Year 1 Jun 16 11:00 PM","0"
"Year 1 Jun 17 12:00 AM","0"
"Year 1 Jun 17 1:00 AM","0"
"Year 1 Jun 17 2:00 AM","0"
"Year 1 Jun 17 3:00 AM","0"
"Year 1 Jun 17 4:00 AM","0"
"Year 1 Jun 17 5:00 AM","12.2713506441946"
"Year 1 Jun 17 6:00 AM","44.91272958307"
"Year 1 Jun 17 7:00 AM","140.187542375021"
"Year 1 Jun 17 8:00 AM","386.825630033524"
"Year 1 Jun 17 9:00 AM","435.641091455215"
"Year 1 Jun 17 10:00 AM","412.187659571533"
"Year 1 Jun 17 11:00 AM","468.017623634978"
"Year 1 Jun 17 12:00 PM","426.103964648912"
"Year 1 Jun 17 1:00 PM","150.494855601129"
"Year 1 Jun 17 2:00 PM","75.3383077919561"
"Year 1 Jun 17 3:00 PM","70.7288110438067"
"Year 1 Jun 17 4:00 PM","95.2242165254003"
"Year 1 Jun 17 5:00 PM","49.6596490216072"
"Year 1 Jun 17 6:00 PM","34.0422926529108"
"Year 1 Jun 17 7:00 PM","20.9346727635639"
"Year 1 Jun 17 8:00 PM","2.53174261442013"
"Year 1 Jun 17 9:00 PM","0"
"Year 1 Jun 17 10:00 PM","0"
"Year 1 Jun 17 11:00 PM","0"
"Year 1 Jun 18 12:00 AM","0"
"Year 1 Jun 18 1:00 AM","0"
"Year 1 Jun 18 2:00 AM","0"
"Year 1 Jun 18 3:00 AM","0"
"Year 1 Jun 18 4:00 AM","0"
"Year 1 Jun 18 5:00 AM","9.97620158314694"
"Year 1 Jun 18 6:00 AM","49.2102028390237"
"Year 1 Jun 18 7:00 AM","132.626232656159"
"Year 1 Jun 18 8:00 AM","139.068687594508"
"Year 1 Jun 18 9:00 AM","123.586413172523"
"Year 1 Jun 18 10:00 AM","174.614363691824"
"Year 1 Jun 18 11:00 AM","137.59547467543"
"Year 1 Jun 18 12:00 PM","165.688730304222"
"Year 1 Jun 18 1:00 PM","182.836262605567"
"Year 1 Jun 18 2:00 PM","169.846935449132"
"Year 1 Jun 18 3:00 PM","118.332677564046"
"Year 1 Jun 18 4:00 PM","99.1574439004039"
"Year 1 Jun 18 5:00 PM","86.45839827271"
"Year 1 Jun 18 6:00 PM","53.334702614439"
"Year 1 Jun 18 7:00 PM","25.42551037902"
"Year 1 Jun 18 8:00 PM","3.09988105557716"
"Year 1 Jun 18 9:00 PM","0"
"Year 1 Jun 18 10:00 PM","0"
"Year 1 Jun 18 11:00 PM","0"
"Year 1 Jun 19 12:00 AM","0"
"Year 1 Jun 19 1:00 AM","0"
"Year 1 Jun 19 2:00 AM","0"
"Year 1 Jun 19 3:00 AM","0"
"Year 1 Jun 19 4:00 AM","0"
"Year 1 Jun 19 5:00 AM","10.4193347896492"
"Year 1 Jun 19 6:00 AM","48.7350748547227"
"Year 1 Jun 19 7:00 AM","137.242267929738"
"Year 1 Jun 19 8:00 AM","234.020729442137"
"Year 1 Jun 19 9:00 AM","528.695515063267"
"Year 1 Jun 19 10:00 AM","588.561537127968"
"Year 1 Jun 19 11:00 AM","654.941663673344"
"Year 1 Jun 19 12:00 PM","470.066601016259"
"Year 1 Jun 19 1:00 PM","203.247107794744"
"Year 1 Jun 19 2:00 PM","93.8594274982928"
"Year 1 Jun 19 3:00 PM","108.344514123527"
"Year 1 Jun 19 4:00 PM","102.553899018311"
"Year 1 Jun 19 5:00 PM","89.6598258388147"
"Year 1 Jun 19 6:00 PM","54.2488160240123"
"Year 1 Jun 19 7:00 PM","23.9305918011942"
"Year 1 Jun 19 8:00 PM","2.91098801769982"
"Year 1 Jun 19 9:00 PM","0"
"Year 1 Jun 19 10:00 PM","0"
"Year 1 Jun 19 11:00 PM","0"
"Year 1 Jun 20 12:00 AM","0"
"Year 1 Jun 20 1:00 AM","0"
"Year 1 Jun 20 2:00 AM","0"
"Year 1 Jun 20 3:00 AM","0"
"Year 1 Jun 20 4:00 AM","0"
"Year 1 Jun 20 5:00 AM","10.9529703490181"
"Year 1 Jun 20 6:00 AM","53.4936428288422"
"Year 1 Jun 20 7:00 AM","134.685605290928"
"Year 1 Jun 20 8:00 AM","246.855908535491"
"Year 1 Jun 20 9:00 AM","468.327566146538"
"Year 1 Jun 20 10:00 AM","518.499126705957"
"Year 1 Jun 20 11:00 AM","650.827756235509"
"Year 1 Jun 20 12:00 PM","789.855262059391"
"Year 1 Jun 20 1:00 PM","193.113400822871"
"Year 1 Jun 20 2:00 PM","75.5723893893491"
"Year 1 Jun 20 3:00 PM","74.9218188813879"
"Year 1 Jun 20 4:00 PM","114.914300704231"
"Year 1 Jun 20 5:00 PM","96.8243248101609"
"Year 1 Jun 20 6:00 PM","60.9179557744425"
"Year 1 Jun 20 7:00 PM","25.080695254514"
"Year 1 Jun 20 8:00 PM","3.00217860111932"
"Year 1 Jun 20 9:00 PM","0"
"Year 1 Jun 20 10:00 PM","0"
"Year 1 Jun 20 11:00 PM","0"
"Year 1 Jun 21 12:00 AM","0"
"Year 1 Jun 21 1:00 AM","0"
"Year 1 Jun 21 2:00 AM","0"
"Year 1 Jun 21 3:00 AM","0"
"Year 1 Jun 21 4:00 AM","0"
"Year 1 Jun 21 5:00 AM","15.5408683947365"
"Year 1 Jun 21 6:00 AM","103.005565765834"
"Year 1 Jun 21 7:00 AM","263.670402209389"
"Year 1 Jun 21 8:00 AM","451.502765467231"
"Year 1 Jun 21 9:00 AM","627.476097511487"
"Year 1 Jun 21 10:00 AM","770.539845078232"
"Year 1 Jun 21 11:00 AM","833.753775059942"
"Year 1 Jun 21 12:00 PM","860.131244277072"
"Year 1 Jun 21 1:00 PM","169.257983190076"
"Year 1 Jun 21 2:00 PM","37.4747523651295"
"Year 1 Jun 21 3:00 PM","50.143080326273"
"Year 1 Jun 21 4:00 PM","49.7270281262588"
"Year 1 Jun 21 5:00 PM","41.1176900957441"
"Year 1 Jun 21 6:00 PM","33.1711227863979"
"Year 1 Jun 21 7:00 PM","21.7767690351139"
"Year 1 Jun 21 8:00 PM","2.99224847525584"
"Year 1 Jun 21 9:00 PM","0"
"Year 1 Jun 21 10:00 PM","0"
"Year 1 Jun 21 11:00 PM","0"
"Year 1 Jun 22 12:00 AM","0"
"Year 1 Jun 22 1:00 AM","0"
"Year 1 Jun 22 2:00 AM","0"
"Year 1 Jun 22 3:00 AM","0"
"Year 1 Jun 22 4:00 AM","0"
"Year 1 Jun 22 5:00 AM","17.5811503970651"
"Year 1 Jun 22 6:00 AM","112.090016831876"
"Year 1 Jun 22 7:00 AM","260.280977828854"
"Year 1 Jun 22 8:00 AM","414.673268927288"
"Year 1 Jun 22 9:00 AM","431.690379204758"
"Year 1 Jun 22 10:00 AM","647.506177209784"
"Year 1 Jun 22 11:00 AM","822.283957877621"
"Year 1 Jun 22 12:00 PM","869.118919925353"
"Year 1 Jun 22 1:00 PM","167.96501919111"
"Year 1 Jun 22 2:00 PM","30.3804237045734"
"Year 1 Jun 22 3:00 PM","41.3343340506192"
"Year 1 Jun 22 4:00 PM","46.2054607061951"
"Year 1 Jun 22 5:00 PM","50.7383025487124"
"Year 1 Jun 22 6:00 PM","30.2121444287308"
"Year 1 Jun 22 7:00 PM","16.6265029326467"
"Year 1 Jun 22 8:00 PM","2.3830493429425"
"Year 1 Jun 22 9:00 PM","0"
"Year 1 Jun 22 10:00 PM","0"
"Year 1 Jun 22 11:00 PM","0"
"Year 1 Jun 23 12:00 AM","0"
"Year 1 Jun 23 1:00 AM","0"
"Year 1 Jun 23 2:00 AM","0"
"Year 1 Jun 23 3:00 AM","0"
"Year 1 Jun 23 4:00 AM","0"
"Year 1 Jun 23 5:00 AM","8.07587105545784"
"Year 1 Jun 23 6:00 AM","32.2754913091153"
"Year 1 Jun 23 7:00 AM","71.1421177899223"
"Year 1 Jun 23 8:00 AM","96.8334171493187"
"Year 1 Jun 23 9:00 AM","182.752895333374"
"Year 1 Jun 23 10:00 AM","448.128560271048"
"Year 1 Jun 23 11:00 AM","746.783061523115"
"Year 1 Jun 23 12:00 PM","868.274936831564"
"Year 1 Jun 23 1:00 PM","192.665586814474"
"Year 1 Jun 23 2:00 PM","96.6747711825178"
"Year 1 Jun 23 3:00 PM","109.953590294471"
"Year 1 Jun 23 4:00 PM","118.907359409741"
"Year 1 Jun 23 5:00 PM","82.9862641937469"
"Year 1 Jun 23 6:00 PM","58.7339318228332"
"Year 1 Jun 23 7:00 PM","27.0552960953054"
"Year 1 Jun 23 8:00 PM","3.01807899392862"
"Year 1 Jun 23 9:00 PM","0"
"Year 1 Jun 23 10:00 PM","0"
"Year 1 Jun 23 11:00 PM","0"
"Year 1 Jun 24 12:00 AM","0"
"Year 1 Jun 24 1:00 AM","0"
"Year 1 Jun 24 2:00 AM","0"
"Year 1 Jun 24 3:00 AM","0"
"Year 1 Jun 24 4:00 AM","0"
"Year 1 Jun 24 5:00 AM","16.9580468421581"
"Year 1 Jun 24 6:00 AM","121.782165152935"
"Year 1 Jun 24 7:00 AM","302.957354197701"
"Year 1 Jun 24 8:00 AM","493.80850041132"
"Year 1 Jun 24 9:00 AM","664.532788667989"
"Year 1 Jun 24 10:00 AM","767.959040731527"
"Year 1 Jun 24 11:00 AM","719.132636671581"
"Year 1 Jun 24 12:00 PM","740.144660831366"
"Year 1 Jun 24 1:00 PM","170.986982520362"
"Year 1 Jun 24 2:00 PM","33.4393218559309"
"Year 1 Jun 24 3:00 PM","32.8499626446663"
"Year 1 Jun 24 4:00 PM","24.8455477760913"
"Year 1 Jun 24 5:00 PM","24.0803476603906"
"Year 1 Jun 24 6:00 PM","18.694626292885"
"Year 1 Jun 24 7:00 PM","13.4670263038678"
"Year 1 Jun 24 8:00 PM","2.42015551524453"
"Year 1 Jun 24 9:00 PM","0"
"Year 1 Jun 24 10:00 PM","0"
"Year 1 Jun 24 11:00 PM","0"
"Year 1 Jun 25 12:00 AM","0"
"Year 1 Jun 25 1:00 AM","0"
"Year 1 Jun 25 2:00 AM","0"
"Year 1 Jun 25 3:00 AM","0"
"Year 1 Jun 25 4:00 AM","0"
"Year 1 Jun 25 5:00 AM","18.3716698633131"
"Year 1 Jun 25 6:00 AM","127.41297845145"
"Year 1 Jun 25 7:00 AM","303.646372699866"
"Year 1 Jun 25 8:00 AM","485.560858792365"
"Year 1 Jun 25 9:00 AM","644.647467331437"
"Year 1 Jun 25 10:00 AM","800.267203691959"
"Year 1 Jun 25 11:00 AM","888.988383175687"
"Year 1 Jun 25 12:00 PM","874.787208745193"
"Year 1 Jun 25 1:00 PM","173.617249003162"
"Year 1 Jun 25 2:00 PM","27.8274393692794"
"Year 1 Jun 25 3:00 PM","27.3708581461385"
"Year 1 Jun 25 4:00 PM","25.7418994240685"
"Year 1 Jun 25 5:00 PM","25.0672138040802"
"Year 1 Jun 25 6:00 PM","19.7930228734947"
"Year 1 Jun 25 7:00 PM","13.9901123642463"
"Year 1 Jun 25 8:00 PM","2.45901217259107"
"Year 1 Jun 25 9:00 PM","0"
"Year 1 Jun 25 10:00 PM","0"
"Year 1 Jun 25 11:00 PM","0"
"Year 1 Jun 26 12:00 AM","0"
"Year 1 Jun 26 1:00 AM","0"
"Year 1 Jun 26 2:00 AM","0"
"Year 1 Jun 26 3:00 AM","0"
"Year 1 Jun 26 4:00 AM","0"
"Year 1 Jun 26 5:00 AM","18.2589962510724"
"Year 1 Jun 26 6:00 AM","123.292247084864"
"Year 1 Jun 26 7:00 AM","271.151601721999"
"Year 1 Jun 26 8:00 AM","428.881795167962"
"Year 1 Jun 26 9:00 AM","616.853479030714"
"Year 1 Jun 26 10:00 AM","751.607770753126"
"Year 1 Jun 26 11:00 AM","855.1459428429"
"Year 1 Jun 26 12:00 PM","831.741312075984"
"Year 1 Jun 26 1:00 PM","150.373340428498"
"Year 1 Jun 26 2:00 PM","28.759597084915"
"Year 1 Jun 26 3:00 PM","28.0110424616303"
"Year 1 Jun 26 4:00 PM","30.2046437692904"
"Year 1 Jun 26 5:00 PM","38.7055274479034"
"Year 1 Jun 26 6:00 PM","30.8609303110852"
"Year 1 Jun 26 7:00 PM","19.3030355605994"
"Year 1 Jun 26 8:00 PM","2.81256661695592"
"Year 1 Jun 26 9:00 PM","0"
"Year 1 Jun 26 10:00 PM","0"
"Year 1 Jun 26 11:00 PM","0"
"Year 1 Jun 27 12:00 AM","0"
"Year 1 Jun 27 1:00 AM","0"
"Year 1 Jun 27 2:00 AM","0"
"Year 1 Jun 27 3:00 AM","0"
"Year 1 Jun 27 4:00 AM","0"
"Year 1 Jun 27 5:00 AM","10.5914178925917"
"Year 1 Jun 27 6:00 AM","65.1633268913514"
"Year 1 Jun 27 7:00 AM","187.403822606341"
"Year 1 Jun 27 8:00 AM","169.794818458936"
"Year 1 Jun 27 9:00 AM","237.379994296146"
"Year 1 Jun 27 10:00 AM","237.972837639263"
"Year 1 Jun 27 11:00 AM","387.049258204984"
"Year 1 Jun 27 12:00 PM","364.969309130897"
"Year 1 Jun 27 1:00 PM","156.78408647574"
"Year 1 Jun 27 2:00 PM","108.450945002471"
"Year 1 Jun 27 3:00 PM","107.965136143564"
"Year 1 Jun 27 4:00 PM","105.054371533887"
"Year 1 Jun 27 5:00 PM","91.7776073287095"
"Year 1 Jun 27 6:00 PM","48.4600396578067"
"Year 1 Jun 27 7:00 PM","24.7194416878976"
"Year 1 Jun 27 8:00 PM","3.1396102670768"
"Year 1 Jun 27 9:00 PM","0"
"Year 1 Jun 27 10:00 PM","0"
"Year 1 Jun 27 11:00 PM","0"
"Year 1 Jun 28 12:00 AM","0"
"Year 1 Jun 28 1:00 AM","0"
"Year 1 Jun 28 2:00 AM","0"
"Year 1 Jun 28 3:00 AM","0"
"Year 1 Jun 28 4:00 AM","0"
"Year 1 Jun 28 5:00 AM","15.6940047439497"
"Year 1 Jun 28 6:00 AM","128.518831132083"
"Year 1 Jun 28 7:00 AM","300.784852181853"
"Year 1 Jun 28 8:00 AM","469.10614008777"
"Year 1 Jun 28 9:00 AM","637.86130667458"
"Year 1 Jun 28 10:00 AM","701.643883369252"
"Year 1 Jun 28 11:00 AM","810.778672322921"
"Year 1 Jun 28 12:00 PM","816.443449367091"
"Year 1 Jun 28 1:00 PM","175.156181064785"
"Year 1 Jun 28 2:00 PM","60.6253783803009"
"Year 1 Jun 28 3:00 PM","87.3729222605573"
"Year 1 Jun 28 4:00 PM","49.5636307001426"
"Year 1 Jun 28 5:00 PM","51.6554651452854"
"Year 1 Jun 28 6:00 PM","40.8216492094934"
"Year 1 Jun 28 7:00 PM","21.9247148302253"
"Year 1 Jun 28 8:00 PM","2.25985049701954"
"Year 1 Jun 28 9:00 PM","0"
"Year 1 Jun 28 10:00 PM","0"
"Year 1 Jun 28 11:00 PM","0"
"Year 1 Jun 29 12:00 AM","0"
"Year 1 Jun 29 1:00 AM","0"
"Year 1 Jun 29 2:00 AM","0"
"Year 1 Jun 29 3:00 AM","0"
"Year 1 Jun 29 4:00 AM","0"
"Year 1 Jun 29 5:00 AM","4.69266274274207"
"Year 1 Jun 29 6:00 AM","21.39067637935"
"Year 1 Jun 29 7:00 AM","74.08991073663"
"Year 1 Jun 29 8:00 AM","130.765324854712"
"Year 1 Jun 29 9:00 AM","185.210174153868"
"Year 1 Jun 29 10:00 AM","301.290266218377"
"Year 1 Jun 29 11:00 AM","415.207113720047"
"Year 1 Jun 29 12:00 PM","163.473013404192"
"Year 1 Jun 29 1:00 PM","99.9062096150512"
"Year 1 Jun 29 2:00 PM","110.239357956834"
"Year 1 Jun 29 3:00 PM","110.187609708003"
"Year 1 Jun 29 4:00 PM","122.553529251999"
"Year 1 Jun 29 5:00 PM","95.9358420947493"
"Year 1 Jun 29 6:00 PM","54.5884737759931"
"Year 1 Jun 29 7:00 PM","23.3013166660969"
"Year 1 Jun 29 8:00 PM","3.10161757317414"
"Year 1 Jun 29 9:00 PM","0"
"Year 1 Jun 29 10:00 PM","0"
"Year 1 Jun 29 11:00 PM","0"
"Year 1 Jun 30 12:00 AM","0"
"Year 1 Jun 30 1:00 AM","0"
"Year 1 Jun 30 2:00 AM","0"
"Year 1 Jun 30 3:00 AM","0"
"Year 1 Jun 30 4:00 AM","0"
"Year 1 Jun 30 5:00 AM","13.3724242929013"
"Year 1 Jun 30 6:00 AM","97.9577932825265"
"Year 1 Jun 30 7:00 AM","254.157709155279"
"Year 1 Jun 30 8:00 AM","425.791697565038"
"Year 1 Jun 30 9:00 AM","617.49165309843"
"Year 1 Jun 30 10:00 AM","713.724016035177"
"Year 1 Jun 30 11:00 AM","778.080738039073"
"Year 1 Jun 30 12:00 PM","793.927233198479"
"Year 1 Jun 30 1:00 PM","207.109559834404"
"Year 1 Jun 30 2:00 PM","96.5561221344174"
"Year 1 Jun 30 3:00 PM","96.2730949717216"
"Year 1 Jun 30 4:00 PM","50.7687408024937"
"Year 1 Jun 30 5:00 PM","72.2394696637362"
"Year 1 Jun 30 6:00 PM","39.0631132108674"
"Year 1 Jun 30 7:00 PM","20.5294753625652"
"Year 1 Jun 30 8:00 PM","2.76057095847139"
"Year 1 Jun 30 9:00 PM","0"
"Year 1 Jun 30 10:00 PM","0"
"Year 1 Jun 30 11:00 PM","0"
"Year 1 Jul 01 12:00 AM","0"
"Year 1 Jul 01 1:00 AM","0"
"Year 1 Jul 01 2:00 AM","0"
"Year 1 Jul 01 3:00 AM","0"
"Year 1 Jul 01 4:00 AM","0"
"Year 1 Jul 01 5:00 AM","7.48595836662307"
"Year 1 Jul 01 6:00 AM","35.4808207331675"
"Year 1 Jul 01 7:00 AM","95.2732577024412"
"Year 1 Jul 01 8:00 AM","140.325825974838"
"Year 1 Jul 01 9:00 AM","188.488149297925"
"Year 1 Jul 01 10:00 AM","230.269850036893"
"Year 1 Jul 01 11:00 AM","271.650892936614"
"Year 1 Jul 01 12:00 PM","279.778386510506"
"Year 1 Jul 01 1:00 PM","228.999068089753"
"Year 1 Jul 01 2:00 PM","195.703440634885"
"Year 1 Jul 01 3:00 PM","171.538956347438"
"Year 1 Jul 01 4:00 PM","97.1170079416638"
"Year 1 Jul 01 5:00 PM","74.2693687140261"
"Year 1 Jul 01 6:00 PM","58.9289251014026"
"Year 1 Jul 01 7:00 PM","29.1840192026669"
"Year 1 Jul 01 8:00 PM","3.73197733108535"
"Year 1 Jul 01 9:00 PM","0"
"Year 1 Jul 01 10:00 PM","0"
"Year 1 Jul 01 11:00 PM","0"
"Year 1 Jul 02 12:00 AM","0"
"Year 1 Jul 02 1:00 AM","0"
"Year 1 Jul 02 2:00 AM","0"
"Year 1 Jul 02 3:00 AM","0"
"Year 1 Jul 02 4:00 AM","0"
"Year 1 Jul 02 5:00 AM","11.4813494699771"
"Year 1 Jul 02 6:00 AM","49.053861031038"
"Year 1 Jul 02 7:00 AM","98.3053654860575"
"Year 1 Jul 02 8:00 AM","153.048508914358"
"Year 1 Jul 02 9:00 AM","204.475466485166"
"Year 1 Jul 02 10:00 AM","241.272232797932"
"Year 1 Jul 02 11:00 AM","338.927790394647"
"Year 1 Jul 02 12:00 PM","567.914961345195"
"Year 1 Jul 02 1:00 PM","195.847280065154"
"Year 1 Jul 02 2:00 PM","60.7998942706624"
"Year 1 Jul 02 3:00 PM","96.0050400393978"
"Year 1 Jul 02 4:00 PM","74.6100927791777"
"Year 1 Jul 02 5:00 PM","60.5814422863859"
"Year 1 Jul 02 6:00 PM","46.1766144403504"
"Year 1 Jul 02 7:00 PM","21.0438152653477"
"Year 1 Jul 02 8:00 PM","2.91912300564555"
"Year 1 Jul 02 9:00 PM","0"
"Year 1 Jul 02 10:00 PM","0"
"Year 1 Jul 02 11:00 PM","0"
"Year 1 Jul 03 12:00 AM","0"
"Year 1 Jul 03 1:00 AM","0"
"Year 1 Jul 03 2:00 AM","0"
"Year 1 Jul 03 3:00 AM","0"
"Year 1 Jul 03 4:00 AM","0"
"Year 1 Jul 03 5:00 AM","13.4438954712273"
"Year 1 Jul 03 6:00 AM","88.6487753580222"
"Year 1 Jul 03 7:00 AM","241.762732687769"
"Year 1 Jul 03 8:00 AM","426.325690804126"
"Year 1 Jul 03 9:00 AM","606.372684957127"
"Year 1 Jul 03 10:00 AM","759.217973611736"
"Year 1 Jul 03 11:00 AM","870.601869742947"
"Year 1 Jul 03 12:00 PM","914.728367985768"
"Year 1 Jul 03 1:00 PM","236.844395698514"
"Year 1 Jul 03 2:00 PM","61.0276574033968"
"Year 1 Jul 03 3:00 PM","47.2962439262486"
"Year 1 Jul 03 4:00 PM","59.1722593988755"
"Year 1 Jul 03 5:00 PM","50.0930924153716"
"Year 1 Jul 03 6:00 PM","34.8388873257145"
"Year 1 Jul 03 7:00 PM","22.2739383278747"
"Year 1 Jul 03 8:00 PM","3.22043026765183"
"Year 1 Jul 03 9:00 PM","0"
"Year 1 Jul 03 10:00 PM","0"
"Year 1 Jul 03 11:00 PM","0"
"Year 1 Jul 04 12:00 AM","0"
"Year 1 Jul 04 1:00 AM","0"
"Year 1 Jul 04 2:00 AM","0"
"Year 1 Jul 04 3:00 AM","0"
"Year 1 Jul 04 4:00 AM","0"
"Year 1 Jul 04 5:00 AM","14.0531913407073"
"Year 1 Jul 04 6:00 AM","95.1234419435464"
"Year 1 Jul 04 7:00 AM","218.839386050419"
"Year 1 Jul 04 8:00 AM","299.360822794488"
"Year 1 Jul 04 9:00 AM","469.989692456375"
"Year 1 Jul 04 10:00 AM","621.872750563246"
"Year 1 Jul 04 11:00 AM","493.600309369534"
"Year 1 Jul 04 12:00 PM","884.62677392486"
"Year 1 Jul 04 1:00 PM","233.377919046688"
"Year 1 Jul 04 2:00 PM","47.6605477812095"
"Year 1 Jul 04 3:00 PM","50.1770202971576"
"Year 1 Jul 04 4:00 PM","46.7738821365604"
"Year 1 Jul 04 5:00 PM","47.6585866129316"
"Year 1 Jul 04 6:00 PM","42.9853685131633"
"Year 1 Jul 04 7:00 PM","24.5702245712793"
"Year 1 Jul 04 8:00 PM","2.98093683090809"
"Year 1 Jul 04 9:00 PM","0"
"Year 1 Jul 04 10:00 PM","0"
"Year 1 Jul 04 11:00 PM","0"
"Year 1 Jul 05 12:00 AM","0"
"Year 1 Jul 05 1:00 AM","0"
"Year 1 Jul 05 2:00 AM","0"
"Year 1 Jul 05 3:00 AM","0"
"Year 1 Jul 05 4:00 AM","0"
"Year 1 Jul 05 5:00 AM","12.9002779804407"
"Year 1 Jul 05 6:00 AM","95.606279011782"
"Year 1 Jul 05 7:00 AM","271.372464431805"
"Year 1 Jul 05 8:00 AM","459.452680932311"
"Year 1 Jul 05 9:00 AM","629.902660729087"
"Year 1 Jul 05 10:00 AM","772.994412602946"
"Year 1 Jul 05 11:00 AM","859.112435650506"
"Year 1 Jul 05 12:00 PM","855.2602696982"
"Year 1 Jul 05 1:00 PM","225.64322069758"
"Year 1 Jul 05 2:00 PM","30.8193254716217"
"Year 1 Jul 05 3:00 PM","43.1421415110264"
"Year 1 Jul 05 4:00 PM","48.9393519138608"
"Year 1 Jul 05 5:00 PM","44.2529925250589"
"Year 1 Jul 05 6:00 PM","23.8747664477208"
"Year 1 Jul 05 7:00 PM","15.525815596298"
"Year 1 Jul 05 8:00 PM","2.63152629507795"
"Year 1 Jul 05 9:00 PM","0"
"Year 1 Jul 05 10:00 PM","0"
"Year 1 Jul 05 11:00 PM","0"
"Year 1 Jul 06 12:00 AM","0"
"Year 1 Jul 06 1:00 AM","0"
"Year 1 Jul 06 2:00 AM","0"
"Year 1 Jul 06 3:00 AM","0"
"Year 1 Jul 06 4:00 AM","0"
"Year 1 Jul 06 5:00 AM","13.937171399552"
"Year 1 Jul 06 6:00 AM","107.324326640729"
"Year 1 Jul 06 7:00 AM","273.449976121209"
"Year 1 Jul 06 8:00 AM","460.230724249769"
"Year 1 Jul 06 9:00 AM","635.258990831486"
"Year 1 Jul 06 10:00 AM","775.138575384366"
"Year 1 Jul 06 11:00 AM","856.412023474915"
"Year 1 Jul 06 12:00 PM","857.047924097778"
"Year 1 Jul 06 1:00 PM","222.031344077829"
"Year 1 Jul 06 2:00 PM","46.8000892507604"
"Year 1 Jul 06 3:00 PM","62.3006310580111"
"Year 1 Jul 06 4:00 PM","62.3919834382478"
"Year 1 Jul 06 5:00 PM","36.8629003675753"
"Year 1 Jul 06 6:00 PM","25.5588881286978"
"Year 1 Jul 06 7:00 PM","12.3666293831797"
"Year 1 Jul 06 8:00 PM","1.68396257520759"
"Year 1 Jul 06 9:00 PM","0"
"Year 1 Jul 06 10:00 PM","0"
"Year 1 Jul 06 11:00 PM","0"
"Year 1 Jul 07 12:00 AM","0"
"Year 1 Jul 07 1:00 AM","0"
"Year 1 Jul 07 2:00 AM","0"
"Year 1 Jul 07 3:00 AM","0"
"Year 1 Jul 07 4:00 AM","0"
"Year 1 Jul 07 5:00 AM","8.04997631606486"
"Year 1 Jul 07 6:00 AM","45.3816834970562"
"Year 1 Jul 07 7:00 AM","81.5402878346038"
"Year 1 Jul 07 8:00 AM","164.15235669879"
"Year 1 Jul 07 9:00 AM","405.250153097606"
"Year 1 Jul 07 10:00 AM","490.773261395609"
"Year 1 Jul 07 11:00 AM","697.005227594648"
"Year 1 Jul 07 12:00 PM","724.441560101938"
"Year 1 Jul 07 1:00 PM","235.250807014268"
"Year 1 Jul 07 2:00 PM","149.755252244412"
"Year 1 Jul 07 3:00 PM","124.693624651168"
"Year 1 Jul 07 4:00 PM","97.4777418691415"
"Year 1 Jul 07 5:00 PM","59.3320038024879"
"Year 1 Jul 07 6:00 PM","47.2335889654375"
"Year 1 Jul 07 7:00 PM","24.2472355903902"
"Year 1 Jul 07 8:00 PM","3.21730385732398"
"Year 1 Jul 07 9:00 PM","0"
"Year 1 Jul 07 10:00 PM","0"
"Year 1 Jul 07 11:00 PM","0"
"Year 1 Jul 08 12:00 AM","0"
"Year 1 Jul 08 1:00 AM","0"
"Year 1 Jul 08 2:00 AM","0"
"Year 1 Jul 08 3:00 AM","0"
"Year 1 Jul 08 4:00 AM","0"
"Year 1 Jul 08 5:00 AM","5.73327452786787"
"Year 1 Jul 08 6:00 AM","24.5865798572775"
"Year 1 Jul 08 7:00 AM","65.9145308259246"
"Year 1 Jul 08 8:00 AM","178.204373069284"
"Year 1 Jul 08 9:00 AM","325.826224866824"
"Year 1 Jul 08 10:00 AM","536.348117608827"
"Year 1 Jul 08 11:00 AM","556.419662235381"
"Year 1 Jul 08 12:00 PM","478.849084370017"
"Year 1 Jul 08 1:00 PM","121.589650923653"
"Year 1 Jul 08 2:00 PM","95.0185501930885"
"Year 1 Jul 08 3:00 PM","129.283450183341"
"Year 1 Jul 08 4:00 PM","78.2868605998853"
"Year 1 Jul 08 5:00 PM","63.0248667306163"
"Year 1 Jul 08 6:00 PM","59.0319117523479"
"Year 1 Jul 08 7:00 PM","22.7756598555342"
"Year 1 Jul 08 8:00 PM","2.26286816305975"
"Year 1 Jul 08 9:00 PM","0"
"Year 1 Jul 08 10:00 PM","0"
"Year 1 Jul 08 11:00 PM","0"
"Year 1 Jul 09 12:00 AM","0"
"Year 1 Jul 09 1:00 AM","0"
"Year 1 Jul 09 2:00 AM","0"
"Year 1 Jul 09 3:00 AM","0"
"Year 1 Jul 09 4:00 AM","0"
"Year 1 Jul 09 5:00 AM","8.56979168179298"
"Year 1 Jul 09 6:00 AM","32.4706934735595"
"Year 1 Jul 09 7:00 AM","63.404528048918"
"Year 1 Jul 09 8:00 AM","112.179077735153"
"Year 1 Jul 09 9:00 AM","173.839042330884"
"Year 1 Jul 09 10:00 AM","254.011733761189"
"Year 1 Jul 09 11:00 AM","295.871105385407"
"Year 1 Jul 09 12:00 PM","493.746822595562"
"Year 1 Jul 09 1:00 PM","226.23993744085"
"Year 1 Jul 09 2:00 PM","70.2687610464906"
"Year 1 Jul 09 3:00 PM","72.847755335848"
"Year 1 Jul 09 4:00 PM","92.785265946218"
"Year 1 Jul 09 5:00 PM","53.2964921519243"
"Year 1 Jul 09 6:00 PM","37.4915382552639"
"Year 1 Jul 09 7:00 PM","22.6803579458847"
"Year 1 Jul 09 8:00 PM","2.7488880975793"
"Year 1 Jul 09 9:00 PM","0"
"Year 1 Jul 09 10:00 PM","0"
"Year 1 Jul 09 11:00 PM","0"
"Year 1 Jul 10 12:00 AM","0"
"Year 1 Jul 10 1:00 AM","0"
"Year 1 Jul 10 2:00 AM","0"
"Year 1 Jul 10 3:00 AM","0"
"Year 1 Jul 10 4:00 AM","0"
"Year 1 Jul 10 5:00 AM","7.14802280586348"
"Year 1 Jul 10 6:00 AM","31.3312823939698"
"Year 1 Jul 10 7:00 AM","77.3009055253993"
"Year 1 Jul 10 8:00 AM","153.713116133634"
"Year 1 Jul 10 9:00 AM","181.162565209145"
"Year 1 Jul 10 10:00 AM","226.557208579634"
"Year 1 Jul 10 11:00 AM","215.52705175789"
"Year 1 Jul 10 12:00 PM","185.767008351436"
"Year 1 Jul 10 1:00 PM","197.179511152671"
"Year 1 Jul 10 2:00 PM","185.166318348462"
"Year 1 Jul 10 3:00 PM","126.224574197565"
"Year 1 Jul 10 4:00 PM","105.080805173115"
"Year 1 Jul 10 5:00 PM","102.795190951165"
"Year 1 Jul 10 6:00 PM","65.5971989141326"
"Year 1 Jul 10 7:00 PM","27.7139664571282"
"Year 1 Jul 10 8:00 PM","3.29285447195661"
"Year 1 Jul 10 9:00 PM","0"
"Year 1 Jul 10 10:00 PM","0"
"Year 1 Jul 10 11:00 PM","0"
"Year 1 Jul 11 12:00 AM","0"
"Year 1 Jul 11 1:00 AM","0"
"Year 1 Jul 11 2:00 AM","0"
"Year 1 Jul 11 3:00 AM","0"
"Year 1 Jul 11 4:00 AM","0"
"Year 1 Jul 11 5:00 AM","8.63970994955424"
"Year 1 Jul 11 6:00 AM","40.1390181724392"
"Year 1 Jul 11 7:00 AM","82.4464933257533"
"Year 1 Jul 11 8:00 AM","121.901070020695"
"Year 1 Jul 11 9:00 AM","108.912740001037"
"Year 1 Jul 11 10:00 AM","130.384346282608"
"Year 1 Jul 11 11:00 AM","180.288839097831"
"Year 1 Jul 11 12:00 PM","273.608053878484"
"Year 1 Jul 11 1:00 PM","214.672941857864"
"Year 1 Jul 11 2:00 PM","183.17653341377"
"Year 1 Jul 11 3:00 PM","132.061280124809"
"Year 1 Jul 11 4:00 PM","89.7891384805714"
"Year 1 Jul 11 5:00 PM","73.6587369943029"
"Year 1 Jul 11 6:00 PM","55.6431319163366"
"Year 1 Jul 11 7:00 PM","26.1030872302364"
"Year 1 Jul 11 8:00 PM","3.10961361475951"
"Year 1 Jul 11 9:00 PM","0"
"Year 1 Jul 11 10:00 PM","0"
"Year 1 Jul 11 11:00 PM","0"
"Year 1 Jul 12 12:00 AM","0"
"Year 1 Jul 12 1:00 AM","0"
"Year 1 Jul 12 2:00 AM","0"
"Year 1 Jul 12 3:00 AM","0"
"Year 1 Jul 12 4:00 AM","0"
"Year 1 Jul 12 5:00 AM","9.5859143950922"
"Year 1 Jul 12 6:00 AM","45.4409115203527"
"Year 1 Jul 12 7:00 AM","65.8565966597102"
"Year 1 Jul 12 8:00 AM","125.437585586737"
"Year 1 Jul 12 9:00 AM","120.775414826702"
"Year 1 Jul 12 10:00 AM","247.824186267688"
"Year 1 Jul 12 11:00 AM","260.227937499245"
"Year 1 Jul 12 12:00 PM","314.527548843215"
"Year 1 Jul 12 1:00 PM","223.0287379155"
"Year 1 Jul 12 2:00 PM","112.589799026918"
"Year 1 Jul 12 3:00 PM","103.603227582488"
"Year 1 Jul 12 4:00 PM","77.9118140231724"
"Year 1 Jul 12 5:00 PM","80.0290323541803"
"Year 1 Jul 12 6:00 PM","57.8956985640387"
"Year 1 Jul 12 7:00 PM","32.7322227137041"
"Year 1 Jul 12 8:00 PM","3.42854632119563"
"Year 1 Jul 12 9:00 PM","0"
"Year 1 Jul 12 10:00 PM","0"
"Year 1 Jul 12 11:00 PM","0"
"Year 1 Jul 13 12:00 AM","0"
"Year 1 Jul 13 1:00 AM","0"
"Year 1 Jul 13 2:00 AM","0"
"Year 1 Jul 13 3:00 AM","0"
"Year 1 Jul 13 4:00 AM","0"
"Year 1 Jul 13 5:00 AM","8.51990540715198"
"Year 1 Jul 13 6:00 AM","67.6956038310032"
"Year 1 Jul 13 7:00 AM","238.601741414971"
"Year 1 Jul 13 8:00 AM","430.516231180186"
"Year 1 Jul 13 9:00 AM","601.320746268672"
"Year 1 Jul 13 10:00 AM","712.227189642197"
"Year 1 Jul 13 11:00 AM","800.502704635045"
"Year 1 Jul 13 12:00 PM","854.789847530017"
"Year 1 Jul 13 1:00 PM","225.431745115392"
"Year 1 Jul 13 2:00 PM","42.5272520561221"
"Year 1 Jul 13 3:00 PM","42.4091195793744"
"Year 1 Jul 13 4:00 PM","41.6470781807654"
"Year 1 Jul 13 5:00 PM","38.3765602794683"
"Year 1 Jul 13 6:00 PM","31.6926839998817"
"Year 1 Jul 13 7:00 PM","19.6709766730405"
"Year 1 Jul 13 8:00 PM","2.8492739287444"
"Year 1 Jul 13 9:00 PM","0"
"Year 1 Jul 13 10:00 PM","0"
"Year 1 Jul 13 11:00 PM","0"
"Year 1 Jul 14 12:00 AM","0"
"Year 1 Jul 14 1:00 AM","0"
"Year 1 Jul 14 2:00 AM","0"
"Year 1 Jul 14 3:00 AM","0"
"Year 1 Jul 14 4:00 AM","0"
"Year 1 Jul 14 5:00 AM","8.11408666117963"
"Year 1 Jul 14 6:00 AM","59.4740816044301"
"Year 1 Jul 14 7:00 AM","139.816379559411"
"Year 1 Jul 14 8:00 AM","274.023703167306"
"Year 1 Jul 14 9:00 AM","373.251663708245"
"Year 1 Jul 14 10:00 AM","560.386359256882"
"Year 1 Jul 14 11:00 AM","666.623671071668"
"Year 1 Jul 14 12:00 PM","626.171932838755"
"Year 1 Jul 14 1:00 PM","179.848898444509"
"Year 1 Jul 14 2:00 PM","28.6249996089869"
"Year 1 Jul 14 3:00 PM","42.6229079803306"
"Year 1 Jul 14 4:00 PM","51.1842257561399"
"Year 1 Jul 14 5:00 PM","64.3887715614074"
"Year 1 Jul 14 6:00 PM","37.022135961343"
"Year 1 Jul 14 7:00 PM","17.4721209042899"
"Year 1 Jul 14 8:00 PM","2.2397177551104"
"Year 1 Jul 14 9:00 PM","0"
"Year 1 Jul 14 10:00 PM","0"
"Year 1 Jul 14 11:00 PM","0"
"Year 1 Jul 15 12:00 AM","0"
"Year 1 Jul 15 1:00 AM","0"
"Year 1 Jul 15 2:00 AM","0"
"Year 1 Jul 15 3:00 AM","0"
"Year 1 Jul 15 4:00 AM","0"
"Year 1 Jul 15 5:00 AM","9.93044002663391"
"Year 1 Jul 15 6:00 AM","81.9630357909532"
"Year 1 Jul 15 7:00 AM","210.922813699685"
"Year 1 Jul 15 8:00 AM","240.628012307928"
"Year 1 Jul 15 9:00 AM","362.981245104588"
"Year 1 Jul 15 10:00 AM","571.358216352175"
"Year 1 Jul 15 11:00 AM","708.876582224756"
"Year 1 Jul 15 12:00 PM","816.962027519118"
"Year 1 Jul 15 1:00 PM","236.334211823093"
"Year 1 Jul 15 2:00 PM","79.3449273904308"
"Year 1 Jul 15 3:00 PM","80.6143953793507"
"Year 1 Jul 15 4:00 PM","68.4563186156897"
"Year 1 Jul 15 5:00 PM","71.6250853899939"
"Year 1 Jul 15 6:00 PM","40.3357333500522"
"Year 1 Jul 15 7:00 PM","18.9329363874326"
"Year 1 Jul 15 8:00 PM","1.85824145528896"
"Year 1 Jul 15 9:00 PM","0"
"Year 1 Jul 15 10:00 PM","0"
"Year 1 Jul 15 11:00 PM","0"
"Year 1 Jul 16 12:00 AM","0"
"Year 1 Jul 16 1:00 AM","0"
"Year 1 Jul 16 2:00 AM","0"
"Year 1 Jul 16 3:00 AM","0"
"Year 1 Jul 16 4:00 AM","0"
"Year 1 Jul 16 5:00 AM","10.3550224117215"
"Year 1 Jul 16 6:00 AM","91.5021158473526"
"Year 1 Jul 16 7:00 AM","253.172604461142"
"Year 1 Jul 16 8:00 AM","443.288851945126"
"Year 1 Jul 16 9:00 AM","619.155449838684"
"Year 1 Jul 16 10:00 AM","759.819044840038"
"Year 1 Jul 16 11:00 AM","862.61242264578"
"Year 1 Jul 16 12:00 PM","900.916848976663"
"Year 1 Jul 16 1:00 PM","235.006132999658"
"Year 1 Jul 16 2:00 PM","52.3283674925301"
"Year 1 Jul 16 3:00 PM","56.9061200419321"
"Year 1 Jul 16 4:00 PM","36.4715716015217"
"Year 1 Jul 16 5:00 PM","30.6907794175499"
"Year 1 Jul 16 6:00 PM","26.4616712619596"
"Year 1 Jul 16 7:00 PM","16.7039876364555"
"Year 1 Jul 16 8:00 PM","2.59819260185222"
"Year 1 Jul 16 9:00 PM","0"
"Year 1 Jul 16 10:00 PM","0"
"Year 1 Jul 16 11:00 PM","0"
"Year 1 Jul 17 12:00 AM","0"
"Year 1 Jul 17 1:00 AM","0"
"Year 1 Jul 17 2:00 AM","0"
"Year 1 Jul 17 3:00 AM","0"
"Year 1 Jul 17 4:00 AM","0"
"Year 1 Jul 17 5:00 AM","8.77588989027888"
"Year 1 Jul 17 6:00 AM","61.0769418550109"
"Year 1 Jul 17 7:00 AM","188.53808995008"
"Year 1 Jul 17 8:00 AM","364.072387286266"
"Year 1 Jul 17 9:00 AM","541.104856042577"
"Year 1 Jul 17 10:00 AM","683.260755822549"
"Year 1 Jul 17 11:00 AM","752.746204184017"
"Year 1 Jul 17 12:00 PM","765.809321212474"
"Year 1 Jul 17 1:00 PM","252.066274302456"
"Year 1 Jul 17 2:00 PM","82.5350610558356"
"Year 1 Jul 17 3:00 PM","87.1693585558638"
"Year 1 Jul 17 4:00 PM","81.2284361479525"
"Year 1 Jul 17 5:00 PM","74.4420793707398"
"Year 1 Jul 17 6:00 PM","45.3042471575176"
"Year 1 Jul 17 7:00 PM","21.851217585918"
"Year 1 Jul 17 8:00 PM","1.57517136341554"
"Year 1 Jul 17 9:00 PM","0"
"Year 1 Jul 17 10:00 PM","0"
"Year 1 Jul 17 11:00 PM","0"
"Year 1 Jul 18 12:00 AM","0"
"Year 1 Jul 18 1:00 AM","0"
"Year 1 Jul 18 2:00 AM","0"
"Year 1 Jul 18 3:00 AM","0"
"Year 1 Jul 18 4:00 AM","0"
"Year 1 Jul 18 5:00 AM","8.11014636151138"
"Year 1 Jul 18 6:00 AM","60.6583859171257"
"Year 1 Jul 18 7:00 AM","196.065310437274"
"Year 1 Jul 18 8:00 AM","387.490992932335"
"Year 1 Jul 18 9:00 AM","567.498616588016"
"Year 1 Jul 18 10:00 AM","717.098852879587"
"Year 1 Jul 18 11:00 AM","818.860855719356"
"Year 1 Jul 18 12:00 PM","875.701306398339"
"Year 1 Jul 18 1:00 PM","236.585163270039"
"Year 1 Jul 18 2:00 PM","45.7664394813367"
"Year 1 Jul 18 3:00 PM","51.6695888963257"
"Year 1 Jul 18 4:00 PM","56.3205738283222"
"Year 1 Jul 18 5:00 PM","51.4524998859611"
"Year 1 Jul 18 6:00 PM","40.3573198152806"
"Year 1 Jul 18 7:00 PM","22.3732457249344"
"Year 1 Jul 18 8:00 PM","1.57413397153679"
"Year 1 Jul 18 9:00 PM","0"
"Year 1 Jul 18 10:00 PM","0"
"Year 1 Jul 18 11:00 PM","0"
"Year 1 Jul 19 12:00 AM","0"
"Year 1 Jul 19 1:00 AM","0"
"Year 1 Jul 19 2:00 AM","0"
"Year 1 Jul 19 3:00 AM","0"
"Year 1 Jul 19 4:00 AM","0"
"Year 1 Jul 19 5:00 AM","9.42298473751135"
"Year 1 Jul 19 6:00 AM","72.9133112431116"
"Year 1 Jul 19 7:00 AM","214.589709571923"
"Year 1 Jul 19 8:00 AM","314.114451490995"
"Year 1 Jul 19 9:00 AM","371.953088199295"
"Year 1 Jul 19 10:00 AM","437.090035377913"
"Year 1 Jul 19 11:00 AM","498.19718595005"
"Year 1 Jul 19 12:00 PM","494.949208694246"
"Year 1 Jul 19 1:00 PM","216.953996096676"
"Year 1 Jul 19 2:00 PM","75.3307103924188"
"Year 1 Jul 19 3:00 PM","71.2192810324241"
"Year 1 Jul 19 4:00 PM","64.3703257529584"
"Year 1 Jul 19 5:00 PM","72.8445865846425"
"Year 1 Jul 19 6:00 PM","56.4176706561333"
"Year 1 Jul 19 7:00 PM","10.5833988567916"
"Year 1 Jul 19 8:00 PM","0.561320858402531"
"Year 1 Jul 19 9:00 PM","0"
"Year 1 Jul 19 10:00 PM","0"
"Year 1 Jul 19 11:00 PM","0"
"Year 1 Jul 20 12:00 AM","0"
"Year 1 Jul 20 1:00 AM","0"
"Year 1 Jul 20 2:00 AM","0"
"Year 1 Jul 20 3:00 AM","0"
"Year 1 Jul 20 4:00 AM","0"
"Year 1 Jul 20 5:00 AM","7.17162767741558"
"Year 1 Jul 20 6:00 AM","58.8261019750065"
"Year 1 Jul 20 7:00 AM","186.237452839409"
"Year 1 Jul 20 8:00 AM","357.99095372955"
"Year 1 Jul 20 9:00 AM","526.189448552302"
"Year 1 Jul 20 10:00 AM","640.188513100684"
"Year 1 Jul 20 11:00 AM","715.571047241529"
"Year 1 Jul 20 12:00 PM","756.803493747392"
"Year 1 Jul 20 1:00 PM","233.412952661803"
"Year 1 Jul 20 2:00 PM","60.198612162486"
"Year 1 Jul 20 3:00 PM","64.9256387832131"
"Year 1 Jul 20 4:00 PM","68.0285608693516"
"Year 1 Jul 20 5:00 PM","65.0491587609346"
"Year 1 Jul 20 6:00 PM","47.7429344091112"
"Year 1 Jul 20 7:00 PM","23.7443402701543"
"Year 1 Jul 20 8:00 PM","1.63966676820481"
"Year 1 Jul 20 9:00 PM","0"
"Year 1 Jul 20 10:00 PM","0"
"Year 1 Jul 20 11:00 PM","0"
"Year 1 Jul 21 12:00 AM","0"
"Year 1 Jul 21 1:00 AM","0"
"Year 1 Jul 21 2:00 AM","0"
"Year 1 Jul 21 3:00 AM","0"
"Year 1 Jul 21 4:00 AM","0"
"Year 1 Jul 21 5:00 AM","6.74808663322575"
"Year 1 Jul 21 6:00 AM","83.9754310253336"
"Year 1 Jul 21 7:00 AM","247.898503540036"
"Year 1 Jul 21 8:00 AM","416.370555223308"
"Year 1 Jul 21 9:00 AM","586.276469913906"
"Year 1 Jul 21 10:00 AM","682.708513269035"
"Year 1 Jul 21 11:00 AM","783.203043331426"
"Year 1 Jul 21 12:00 PM","779.563393668634"
"Year 1 Jul 21 1:00 PM","216.322295572506"
"Year 1 Jul 21 2:00 PM","29.1736535325341"
"Year 1 Jul 21 3:00 PM","92.0164235538326"
"Year 1 Jul 21 4:00 PM","121.173508276043"
"Year 1 Jul 21 5:00 PM","60.8098301624073"
"Year 1 Jul 21 6:00 PM","35.0857133798703"
"Year 1 Jul 21 7:00 PM","15.8493303983664"
"Year 1 Jul 21 8:00 PM","1.22548035872775"
"Year 1 Jul 21 9:00 PM","0"
"Year 1 Jul 21 10:00 PM","0"
"Year 1 Jul 21 11:00 PM","0"
"Year 1 Jul 22 12:00 AM","0"
"Year 1 Jul 22 1:00 AM","0"
"Year 1 Jul 22 2:00 AM","0"
"Year 1 Jul 22 3:00 AM","0"
"Year 1 Jul 22 4:00 AM","0"
"Year 1 Jul 22 5:00 AM","7.00521243127844"
"Year 1 Jul 22 6:00 AM","66.189073406446"
"Year 1 Jul 22 7:00 AM","211.025934167641"
"Year 1 Jul 22 8:00 AM","396.406159501105"
"Year 1 Jul 22 9:00 AM","571.871468993409"
"Year 1 Jul 22 10:00 AM","636.689242954413"
"Year 1 Jul 22 11:00 AM","412.281364306051"
"Year 1 Jul 22 12:00 PM","581.018319801699"
"Year 1 Jul 22 1:00 PM","210.442548213904"
"Year 1 Jul 22 2:00 PM","99.9933350058137"
"Year 1 Jul 22 3:00 PM","75.8200110201313"
"Year 1 Jul 22 4:00 PM","82.3151005249052"
"Year 1 Jul 22 5:00 PM","74.2516071896582"
"Year 1 Jul 22 6:00 PM","50.4217962039781"
"Year 1 Jul 22 7:00 PM","18.5922121941505"
"Year 1 Jul 22 8:00 PM","1.3193193448091"
"Year 1 Jul 22 9:00 PM","0"
"Year 1 Jul 22 10:00 PM","0"
"Year 1 Jul 22 11:00 PM","0"
"Year 1 Jul 23 12:00 AM","0"
"Year 1 Jul 23 1:00 AM","0"
"Year 1 Jul 23 2:00 AM","0"
"Year 1 Jul 23 3:00 AM","0"
"Year 1 Jul 23 4:00 AM","0"
"Year 1 Jul 23 5:00 AM","5.65369386675586"
"Year 1 Jul 23 6:00 AM","55.8299379755699"
"Year 1 Jul 23 7:00 AM","179.144425451307"
"Year 1 Jul 23 8:00 AM","366.20495951415"
"Year 1 Jul 23 9:00 AM","524.832209708247"
"Year 1 Jul 23 10:00 AM","611.717070200388"
"Year 1 Jul 23 11:00 AM","685.615355569783"
"Year 1 Jul 23 12:00 PM","819.228100434458"
"Year 1 Jul 23 1:00 PM","239.347671019296"
"Year 1 Jul 23 2:00 PM","73.300702566093"
"Year 1 Jul 23 3:00 PM","89.7858018747638"
"Year 1 Jul 23 4:00 PM","70.3245712493664"
"Year 1 Jul 23 5:00 PM","60.1604497557487"
"Year 1 Jul 23 6:00 PM","50.2471577876609"
"Year 1 Jul 23 7:00 PM","20.562647244323"
"Year 1 Jul 23 8:00 PM","1.24364162891814"
"Year 1 Jul 23 9:00 PM","0"
"Year 1 Jul 23 10:00 PM","0"
"Year 1 Jul 23 11:00 PM","0"
"Year 1 Jul 24 12:00 AM","0"
"Year 1 Jul 24 1:00 AM","0"
"Year 1 Jul 24 2:00 AM","0"
"Year 1 Jul 24 3:00 AM","0"
"Year 1 Jul 24 4:00 AM","0"
"Year 1 Jul 24 5:00 AM","4.81232986687091"
"Year 1 Jul 24 6:00 AM","48.4100460908924"
"Year 1 Jul 24 7:00 AM","185.525069851158"
"Year 1 Jul 24 8:00 AM","356.420852477605"
"Year 1 Jul 24 9:00 AM","450.587355023632"
"Year 1 Jul 24 10:00 AM","428.45203311042"
"Year 1 Jul 24 11:00 AM","539.378828593427"
"Year 1 Jul 24 12:00 PM","706.496753699302"
"Year 1 Jul 24 1:00 PM","230.955481331382"
"Year 1 Jul 24 2:00 PM","96.1802379619194"
"Year 1 Jul 24 3:00 PM","67.3949944356715"
"Year 1 Jul 24 4:00 PM","59.7316175763228"
"Year 1 Jul 24 5:00 PM","53.5871178040719"
"Year 1 Jul 24 6:00 PM","36.1701083214364"
"Year 1 Jul 24 7:00 PM","18.7176867124631"
"Year 1 Jul 24 8:00 PM","1.25658247005259"
"Year 1 Jul 24 9:00 PM","0"
"Year 1 Jul 24 10:00 PM","0"
"Year 1 Jul 24 11:00 PM","0"
"Year 1 Jul 25 12:00 AM","0"
"Year 1 Jul 25 1:00 AM","0"
"Year 1 Jul 25 2:00 AM","0"
"Year 1 Jul 25 3:00 AM","0"
"Year 1 Jul 25 4:00 AM","0"
"Year 1 Jul 25 5:00 AM","2.06935622805991"
"Year 1 Jul 25 6:00 AM","16.7927660099178"
"Year 1 Jul 25 7:00 AM","46.6508039449907"
"Year 1 Jul 25 8:00 AM","140.516722876939"
"Year 1 Jul 25 9:00 AM","291.25874863763"
"Year 1 Jul 25 10:00 AM","231.670884677614"
"Year 1 Jul 25 11:00 AM","250.52955551676"
"Year 1 Jul 25 12:00 PM","290.575073170438"
"Year 1 Jul 25 1:00 PM","163.533107093277"
"Year 1 Jul 25 2:00 PM","49.1314204603611"
"Year 1 Jul 25 3:00 PM","91.1201716422084"
"Year 1 Jul 25 4:00 PM","34.2251203673435"
"Year 1 Jul 25 5:00 PM","27.975108746677"
"Year 1 Jul 25 6:00 PM","24.521857263288"
"Year 1 Jul 25 7:00 PM","18.799467508164"
"Year 1 Jul 25 8:00 PM","1.35027104271669"
"Year 1 Jul 25 9:00 PM","0"
"Year 1 Jul 25 10:00 PM","0"
"Year 1 Jul 25 11:00 PM","0"
"Year 1 Jul 26 12:00 AM","0"
"Year 1 Jul 26 1:00 AM","0"
"Year 1 Jul 26 2:00 AM","0"
"Year 1 Jul 26 3:00 AM","0"
"Year 1 Jul 26 4:00 AM","0"
"Year 1 Jul 26 5:00 AM","5.0921843251405"
"Year 1 Jul 26 6:00 AM","71.563651188735"
"Year 1 Jul 26 7:00 AM","179.715664802899"
"Year 1 Jul 26 8:00 AM","220.055716446728"
"Year 1 Jul 26 9:00 AM","455.856857726066"
"Year 1 Jul 26 10:00 AM","705.128072519961"
"Year 1 Jul 26 11:00 AM","714.693182314479"
"Year 1 Jul 26 12:00 PM","693.236195769774"
"Year 1 Jul 26 1:00 PM","215.573801293529"
"Year 1 Jul 26 2:00 PM","51.1299406231562"
"Year 1 Jul 26 3:00 PM","68.327975911682"
"Year 1 Jul 26 4:00 PM","106.976893620839"
"Year 1 Jul 26 5:00 PM","73.0770529898079"
"Year 1 Jul 26 6:00 PM","36.4424579541867"
"Year 1 Jul 26 7:00 PM","19.0362930685758"
"Year 1 Jul 26 8:00 PM","1.32823174261322"
"Year 1 Jul 26 9:00 PM","0"
"Year 1 Jul 26 10:00 PM","0"
"Year 1 Jul 26 11:00 PM","0"
"Year 1 Jul 27 12:00 AM","0"
"Year 1 Jul 27 1:00 AM","0"
"Year 1 Jul 27 2:00 AM","0"
"Year 1 Jul 27 3:00 AM","0"
"Year 1 Jul 27 4:00 AM","0"
"Year 1 Jul 27 5:00 AM","5.15977266044892"
"Year 1 Jul 27 6:00 AM","67.5501433195661"
"Year 1 Jul 27 7:00 AM","218.463878335721"
"Year 1 Jul 27 8:00 AM","406.703287881797"
"Year 1 Jul 27 9:00 AM","588.25967946613"
"Year 1 Jul 27 10:00 AM","736.088258344241"
"Year 1 Jul 27 11:00 AM","845.373978165035"
"Year 1 Jul 27 12:00 PM","895.339344073307"
"Year 1 Jul 27 1:00 PM","238.487900555948"
"Year 1 Jul 27 2:00 PM","38.957243916335"
"Year 1 Jul 27 3:00 PM","42.2354773238787"
"Year 1 Jul 27 4:00 PM","64.3086870123829"
"Year 1 Jul 27 5:00 PM","69.6216758860279"
"Year 1 Jul 27 6:00 PM","35.7049771659875"
"Year 1 Jul 27 7:00 PM","17.7445850408952"
"Year 1 Jul 27 8:00 PM","1.13888940473815"
"Year 1 Jul 27 9:00 PM","0"
"Year 1 Jul 27 10:00 PM","0"
"Year 1 Jul 27 11:00 PM","0"
"Year 1 Jul 28 12:00 AM","0"
"Year 1 Jul 28 1:00 AM","0"
"Year 1 Jul 28 2:00 AM","0"
"Year 1 Jul 28 3:00 AM","0"
"Year 1 Jul 28 4:00 AM","0"
"Year 1 Jul 28 5:00 AM","2.16330609829034"
"Year 1 Jul 28 6:00 AM","36.2359357175027"
"Year 1 Jul 28 7:00 AM","184.095913875226"
"Year 1 Jul 28 8:00 AM","214.011124989031"
"Year 1 Jul 28 9:00 AM","191.127670382604"
"Year 1 Jul 28 10:00 AM","297.549617696738"
"Year 1 Jul 28 11:00 AM","466.913339783085"
"Year 1 Jul 28 12:00 PM","633.712505999059"
"Year 1 Jul 28 1:00 PM","231.385244917445"
"Year 1 Jul 28 2:00 PM","125.642064615272"
"Year 1 Jul 28 3:00 PM","100.804884882127"
"Year 1 Jul 28 4:00 PM","81.6071677175584"
"Year 1 Jul 28 5:00 PM","51.8194604488562"
"Year 1 Jul 28 6:00 PM","31.8601230989039"
"Year 1 Jul 28 7:00 PM","17.4365089723306"
"Year 1 Jul 28 8:00 PM","1.10861599664415"
"Year 1 Jul 28 9:00 PM","0"
"Year 1 Jul 28 10:00 PM","0"
"Year 1 Jul 28 11:00 PM","0"
"Year 1 Jul 29 12:00 AM","0"
"Year 1 Jul 29 1:00 AM","0"
"Year 1 Jul 29 2:00 AM","0"
"Year 1 Jul 29 3:00 AM","0"
"Year 1 Jul 29 4:00 AM","0"
"Year 1 Jul 29 5:00 AM","4.3819011210972"
"Year 1 Jul 29 6:00 AM","64.1431258818188"
"Year 1 Jul 29 7:00 AM","223.752511355504"
"Year 1 Jul 29 8:00 AM","414.74411097427"
"Year 1 Jul 29 9:00 AM","562.092740113612"
"Year 1 Jul 29 10:00 AM","557.455624492267"
"Year 1 Jul 29 11:00 AM","784.465825979008"
"Year 1 Jul 29 12:00 PM","897.96702566519"
"Year 1 Jul 29 1:00 PM","234.99014269319"
"Year 1 Jul 29 2:00 PM","27.9270212879899"
"Year 1 Jul 29 3:00 PM","30.9014458356898"
"Year 1 Jul 29 4:00 PM","30.6356653940505"
"Year 1 Jul 29 5:00 PM","26.4875766478197"
"Year 1 Jul 29 6:00 PM","22.2494836147772"
"Year 1 Jul 29 7:00 PM","13.7804443466526"
"Year 1 Jul 29 8:00 PM","0"
"Year 1 Jul 29 9:00 PM","0"
"Year 1 Jul 29 10:00 PM","0"
"Year 1 Jul 29 11:00 PM","0"
"Year 1 Jul 30 12:00 AM","0"
"Year 1 Jul 30 1:00 AM","0"
"Year 1 Jul 30 2:00 AM","0"
"Year 1 Jul 30 3:00 AM","0"
"Year 1 Jul 30 4:00 AM","0"
"Year 1 Jul 30 5:00 AM","2.6904476220236"
"Year 1 Jul 30 6:00 AM","28.7226591463906"
"Year 1 Jul 30 7:00 AM","104.276768971026"
"Year 1 Jul 30 8:00 AM","194.938609218919"
"Year 1 Jul 30 9:00 AM","300.766188551473"
"Year 1 Jul 30 10:00 AM","532.022677597262"
"Year 1 Jul 30 11:00 AM","711.684984234438"
"Year 1 Jul 30 12:00 PM","753.30516981282"
"Year 1 Jul 30 1:00 PM","220.980130134743"
"Year 1 Jul 30 2:00 PM","114.398886250547"
"Year 1 Jul 30 3:00 PM","68.0339026273427"
"Year 1 Jul 30 4:00 PM","85.8201990628489"
"Year 1 Jul 30 5:00 PM","63.9271364799332"
"Year 1 Jul 30 6:00 PM","43.4858761164399"
"Year 1 Jul 30 7:00 PM","16.8066694051785"
"Year 1 Jul 30 8:00 PM","0"
"Year 1 Jul 30 9:00 PM","0"
"Year 1 Jul 30 10:00 PM","0"
"Year 1 Jul 30 11:00 PM","0"
"Year 1 Jul 31 12:00 AM","0"
"Year 1 Jul 31 1:00 AM","0"
"Year 1 Jul 31 2:00 AM","0"
"Year 1 Jul 31 3:00 AM","0"
"Year 1 Jul 31 4:00 AM","0"
"Year 1 Jul 31 5:00 AM","2.55126827886623"
"Year 1 Jul 31 6:00 AM","31.5737049017303"
"Year 1 Jul 31 7:00 AM","151.938253563245"
"Year 1 Jul 31 8:00 AM","335.455732519781"
"Year 1 Jul 31 9:00 AM","516.304982187428"
"Year 1 Jul 31 10:00 AM","671.030229307474"
"Year 1 Jul 31 11:00 AM","783.010866041324"
"Year 1 Jul 31 12:00 PM","833.030011164968"
"Year 1 Jul 31 1:00 PM","252.913935408651"
"Year 1 Jul 31 2:00 PM","127.637696266166"
"Year 1 Jul 31 3:00 PM","147.537937923209"
"Year 1 Jul 31 4:00 PM","128.765869988785"
"Year 1 Jul 31 5:00 PM","100.691039121133"
"Year 1 Jul 31 6:00 PM","56.2872203964331"
"Year 1 Jul 31 7:00 PM","16.0174542962785"
"Year 1 Jul 31 8:00 PM","0"
"Year 1 Jul 31 9:00 PM","0"
"Year 1 Jul 31 10:00 PM","0"
"Year 1 Jul 31 11:00 PM","0"
"Year 1 Aug 01 12:00 AM","0"
"Year 1 Aug 01 1:00 AM","0"
"Year 1 Aug 01 2:00 AM","0"
"Year 1 Aug 01 3:00 AM","0"
"Year 1 Aug 01 4:00 AM","0"
"Year 1 Aug 01 5:00 AM","2.33778752330644"
"Year 1 Aug 01 6:00 AM","35.9693115077209"
"Year 1 Aug 01 7:00 AM","154.466601519065"
"Year 1 Aug 01 8:00 AM","235.111038885886"
"Year 1 Aug 01 9:00 AM","368.228414034806"
"Year 1 Aug 01 10:00 AM","703.455062701599"
"Year 1 Aug 01 11:00 AM","842.122627165652"
"Year 1 Aug 01 12:00 PM","888.045566579781"
"Year 1 Aug 01 1:00 PM","227.682232099936"
"Year 1 Aug 01 2:00 PM","39.5485249338088"
"Year 1 Aug 01 3:00 PM","28.6648651879029"
"Year 1 Aug 01 4:00 PM","29.0931451329854"
"Year 1 Aug 01 5:00 PM","24.1588225341961"
"Year 1 Aug 01 6:00 PM","19.8144127327129"
"Year 1 Aug 01 7:00 PM","12.3260326958313"
"Year 1 Aug 01 8:00 PM","0"
"Year 1 Aug 01 9:00 PM","0"
"Year 1 Aug 01 10:00 PM","0"
"Year 1 Aug 01 11:00 PM","0"
"Year 1 Aug 02 12:00 AM","0"
"Year 1 Aug 02 1:00 AM","0"
"Year 1 Aug 02 2:00 AM","0"
"Year 1 Aug 02 3:00 AM","0"
"Year 1 Aug 02 4:00 AM","0"
"Year 1 Aug 02 5:00 AM","2.74967577462458"
"Year 1 Aug 02 6:00 AM","64.5946020436433"
"Year 1 Aug 02 7:00 AM","221.528000040912"
"Year 1 Aug 02 8:00 AM","413.352395450852"
"Year 1 Aug 02 9:00 AM","592.333003120962"
"Year 1 Aug 02 10:00 AM","739.86522474055"
"Year 1 Aug 02 11:00 AM","843.52682665206"
"Year 1 Aug 02 12:00 PM","897.433857003501"
"Year 1 Aug 02 1:00 PM","235.050960298595"
"Year 1 Aug 02 2:00 PM","28.826461028573"
"Year 1 Aug 02 3:00 PM","31.7000222626326"
"Year 1 Aug 02 4:00 PM","30.3194554435007"
"Year 1 Aug 02 5:00 PM","26.8748716947499"
"Year 1 Aug 02 6:00 PM","22.2627286960803"
"Year 1 Aug 02 7:00 PM","13.4650179948523"
"Year 1 Aug 02 8:00 PM","0"
"Year 1 Aug 02 9:00 PM","0"
"Year 1 Aug 02 10:00 PM","0"
"Year 1 Aug 02 11:00 PM","0"
"Year 1 Aug 03 12:00 AM","0"
"Year 1 Aug 03 1:00 AM","0"
"Year 1 Aug 03 2:00 AM","0"
"Year 1 Aug 03 3:00 AM","0"
"Year 1 Aug 03 4:00 AM","0"
"Year 1 Aug 03 5:00 AM","2.69809580890993"
"Year 1 Aug 03 6:00 AM","53.2241615560673"
"Year 1 Aug 03 7:00 AM","178.644949436691"
"Year 1 Aug 03 8:00 AM","361.744909753459"
"Year 1 Aug 03 9:00 AM","486.15177429023"
"Year 1 Aug 03 10:00 AM","618.879999437304"
"Year 1 Aug 03 11:00 AM","697.060002847449"
"Year 1 Aug 03 12:00 PM","727.779252183926"
"Year 1 Aug 03 1:00 PM","237.5920120231"
"Year 1 Aug 03 2:00 PM","68.1965767441274"
"Year 1 Aug 03 3:00 PM","70.3350763672189"
"Year 1 Aug 03 4:00 PM","67.2270864887256"
"Year 1 Aug 03 5:00 PM","67.2350535213072"
"Year 1 Aug 03 6:00 PM","42.4741896463473"
"Year 1 Aug 03 7:00 PM","17.0156709163454"
"Year 1 Aug 03 8:00 PM","0"
"Year 1 Aug 03 9:00 PM","0"
"Year 1 Aug 03 10:00 PM","0"
"Year 1 Aug 03 11:00 PM","0"
"Year 1 Aug 04 12:00 AM","0"
"Year 1 Aug 04 1:00 AM","0"
"Year 1 Aug 04 2:00 AM","0"
"Year 1 Aug 04 3:00 AM","0"
"Year 1 Aug 04 4:00 AM","0"
"Year 1 Aug 04 5:00 AM","1.46081440902787"
"Year 1 Aug 04 6:00 AM","22.3081847958962"
"Year 1 Aug 04 7:00 AM","52.4705275819742"
"Year 1 Aug 04 8:00 AM","66.0609916204397"
"Year 1 Aug 04 9:00 AM","133.807633287395"
"Year 1 Aug 04 10:00 AM","187.304718463877"
"Year 1 Aug 04 11:00 AM","226.032938376104"
"Year 1 Aug 04 12:00 PM","360.180920869083"
"Year 1 Aug 04 1:00 PM","207.475132060197"
"Year 1 Aug 04 2:00 PM","53.5935828351633"
"Year 1 Aug 04 3:00 PM","60.0620439387078"
"Year 1 Aug 04 4:00 PM","59.432219594905"
"Year 1 Aug 04 5:00 PM","55.4487282801765"
"Year 1 Aug 04 6:00 PM","39.6954070971359"
"Year 1 Aug 04 7:00 PM","14.8115999484011"
"Year 1 Aug 04 8:00 PM","0"
"Year 1 Aug 04 9:00 PM","0"
"Year 1 Aug 04 10:00 PM","0"
"Year 1 Aug 04 11:00 PM","0"
"Year 1 Aug 05 12:00 AM","0"
"Year 1 Aug 05 1:00 AM","0"
"Year 1 Aug 05 2:00 AM","0"
"Year 1 Aug 05 3:00 AM","0"
"Year 1 Aug 05 4:00 AM","0"
"Year 1 Aug 05 5:00 AM","1.52108625366762"
"Year 1 Aug 05 6:00 AM","24.1066166099955"
"Year 1 Aug 05 7:00 AM","74.9016811382971"
"Year 1 Aug 05 8:00 AM","155.43238632072"
"Year 1 Aug 05 9:00 AM","272.462533161909"
"Year 1 Aug 05 10:00 AM","677.911563608322"
"Year 1 Aug 05 11:00 AM","671.564801788442"
"Year 1 Aug 05 12:00 PM","798.525073607378"
"Year 1 Aug 05 1:00 PM","206.311205591063"
"Year 1 Aug 05 2:00 PM","108.913005709384"
"Year 1 Aug 05 3:00 PM","55.1463405521072"
"Year 1 Aug 05 4:00 PM","40.1814074231077"
"Year 1 Aug 05 5:00 PM","20.8777886499191"
"Year 1 Aug 05 6:00 PM","15.378915868185"
"Year 1 Aug 05 7:00 PM","9.4699776625243"
"Year 1 Aug 05 8:00 PM","0"
"Year 1 Aug 05 9:00 PM","0"
"Year 1 Aug 05 10:00 PM","0"
"Year 1 Aug 05 11:00 PM","0"
"Year 1 Aug 06 12:00 AM","0"
"Year 1 Aug 06 1:00 AM","0"
"Year 1 Aug 06 2:00 AM","0"
"Year 1 Aug 06 3:00 AM","0"
"Year 1 Aug 06 4:00 AM","0"
"Year 1 Aug 06 5:00 AM","2.55025206866153"
"Year 1 Aug 06 6:00 AM","67.2521587323977"
"Year 1 Aug 06 7:00 AM","230.874689102102"
"Year 1 Aug 06 8:00 AM","379.9580377339"
"Year 1 Aug 06 9:00 AM","271.487422388941"
"Year 1 Aug 06 10:00 AM","180.093551620636"
"Year 1 Aug 06 11:00 AM","129.818072374647"
"Year 1 Aug 06 12:00 PM","160.744954840067"
"Year 1 Aug 06 1:00 PM","171.97864416791"
"Year 1 Aug 06 2:00 PM","122.615104154786"
"Year 1 Aug 06 3:00 PM","110.27257847887"
"Year 1 Aug 06 4:00 PM","120.449818495123"
"Year 1 Aug 06 5:00 PM","76.0909147366715"
"Year 1 Aug 06 6:00 PM","42.6633943375765"
"Year 1 Aug 06 7:00 PM","14.0317525884023"
"Year 1 Aug 06 8:00 PM","0"
"Year 1 Aug 06 9:00 PM","0"
"Year 1 Aug 06 10:00 PM","0"
"Year 1 Aug 06 11:00 PM","0"
"Year 1 Aug 07 12:00 AM","0"
"Year 1 Aug 07 1:00 AM","0"
"Year 1 Aug 07 2:00 AM","0"
"Year 1 Aug 07 3:00 AM","0"
"Year 1 Aug 07 4:00 AM","0"
"Year 1 Aug 07 5:00 AM","2.4780763641793"
"Year 1 Aug 07 6:00 AM","69.3260935035654"
"Year 1 Aug 07 7:00 AM","240.693008809631"
"Year 1 Aug 07 8:00 AM","416.14758327308"
"Year 1 Aug 07 9:00 AM","583.436337484263"
"Year 1 Aug 07 10:00 AM","712.409881377521"
"Year 1 Aug 07 11:00 AM","751.409798280284"
"Year 1 Aug 07 12:00 PM","582.185605406734"
"Year 1 Aug 07 1:00 PM","162.267332353463"
"Year 1 Aug 07 2:00 PM","45.9735085361171"
"Year 1 Aug 07 3:00 PM","35.3290070050801"
"Year 1 Aug 07 4:00 PM","40.1392943571726"
"Year 1 Aug 07 5:00 PM","55.0193943805635"
"Year 1 Aug 07 6:00 PM","24.1957546530793"
"Year 1 Aug 07 7:00 PM","9.25148256262007"
"Year 1 Aug 07 8:00 PM","0"
"Year 1 Aug 07 9:00 PM","0"
"Year 1 Aug 07 10:00 PM","0"
"Year 1 Aug 07 11:00 PM","0"
"Year 1 Aug 08 12:00 AM","0"
"Year 1 Aug 08 1:00 AM","0"
"Year 1 Aug 08 2:00 AM","0"
"Year 1 Aug 08 3:00 AM","0"
"Year 1 Aug 08 4:00 AM","0"
"Year 1 Aug 08 5:00 AM","2.32638552530768"
"Year 1 Aug 08 6:00 AM","58.1239958621978"
"Year 1 Aug 08 7:00 AM","216.598504553268"
"Year 1 Aug 08 8:00 AM","413.089348660599"
"Year 1 Aug 08 9:00 AM","592.866583616582"
"Year 1 Aug 08 10:00 AM","673.337330978084"
"Year 1 Aug 08 11:00 AM","630.041893232954"
"Year 1 Aug 08 12:00 PM","770.349128228948"
"Year 1 Aug 08 1:00 PM","231.573866198085"
"Year 1 Aug 08 2:00 PM","100.443329029899"
"Year 1 Aug 08 3:00 PM","130.787882591526"
"Year 1 Aug 08 4:00 PM","99.823162477066"
"Year 1 Aug 08 5:00 PM","80.8392543234307"
"Year 1 Aug 08 6:00 PM","52.6028124666055"
"Year 1 Aug 08 7:00 PM","9.5232470932564"
"Year 1 Aug 08 8:00 PM","0"
"Year 1 Aug 08 9:00 PM","0"
"Year 1 Aug 08 10:00 PM","0"
"Year 1 Aug 08 11:00 PM","0"
"Year 1 Aug 09 12:00 AM","0"
"Year 1 Aug 09 1:00 AM","0"
"Year 1 Aug 09 2:00 AM","0"
"Year 1 Aug 09 3:00 AM","0"
"Year 1 Aug 09 4:00 AM","0"
"Year 1 Aug 09 5:00 AM","1.44396656477499"
"Year 1 Aug 09 6:00 AM","44.8369367944851"
"Year 1 Aug 09 7:00 AM","182.981299394017"
"Year 1 Aug 09 8:00 AM","334.832841136892"
"Year 1 Aug 09 9:00 AM","562.535591784281"
"Year 1 Aug 09 10:00 AM","712.409844859964"
"Year 1 Aug 09 11:00 AM","770.924295586396"
"Year 1 Aug 09 12:00 PM","739.70264527031"
"Year 1 Aug 09 1:00 PM","183.649388252352"
"Year 1 Aug 09 2:00 PM","132.594664973603"
"Year 1 Aug 09 3:00 PM","137.1908197055"
"Year 1 Aug 09 4:00 PM","76.2264059419469"
"Year 1 Aug 09 5:00 PM","73.1947679084395"
"Year 1 Aug 09 6:00 PM","38.5589638459282"
"Year 1 Aug 09 7:00 PM","10.5474618030423"
"Year 1 Aug 09 8:00 PM","0"
"Year 1 Aug 09 9:00 PM","0"
"Year 1 Aug 09 10:00 PM","0"
"Year 1 Aug 09 11:00 PM","0"
"Year 1 Aug 10 12:00 AM","0"
"Year 1 Aug 10 1:00 AM","0"
"Year 1 Aug 10 2:00 AM","0"
"Year 1 Aug 10 3:00 AM","0"
"Year 1 Aug 10 4:00 AM","0"
"Year 1 Aug 10 5:00 AM","1.39191461838984"
"Year 1 Aug 10 6:00 AM","36.2870719551474"
"Year 1 Aug 10 7:00 AM","150.525517879882"
"Year 1 Aug 10 8:00 AM","325.685918007792"
"Year 1 Aug 10 9:00 AM","499.36383848613"
"Year 1 Aug 10 10:00 AM","609.914727119518"
"Year 1 Aug 10 11:00 AM","713.026350394346"
"Year 1 Aug 10 12:00 PM","748.234008540571"
"Year 1 Aug 10 1:00 PM","199.133380083338"
"Year 1 Aug 10 2:00 PM","93.652898997734"
"Year 1 Aug 10 3:00 PM","110.322688307553"
"Year 1 Aug 10 4:00 PM","66.937778525532"
"Year 1 Aug 10 5:00 PM","47.8606493324456"
"Year 1 Aug 10 6:00 PM","22.1253971686998"
"Year 1 Aug 10 7:00 PM","11.7630908998702"
"Year 1 Aug 10 8:00 PM","0"
"Year 1 Aug 10 9:00 PM","0"
"Year 1 Aug 10 10:00 PM","0"
"Year 1 Aug 10 11:00 PM","0"
"Year 1 Aug 11 12:00 AM","0"
"Year 1 Aug 11 1:00 AM","0"
"Year 1 Aug 11 2:00 AM","0"
"Year 1 Aug 11 3:00 AM","0"
"Year 1 Aug 11 4:00 AM","0"
"Year 1 Aug 11 5:00 AM","1.11991602653496"
"Year 1 Aug 11 6:00 AM","41.9465493925978"
"Year 1 Aug 11 7:00 AM","188.044301038009"
"Year 1 Aug 11 8:00 AM","379.412137888443"
"Year 1 Aug 11 9:00 AM","511.491456447675"
"Year 1 Aug 11 10:00 AM","663.597778639212"
"Year 1 Aug 11 11:00 AM","651.196924196408"
"Year 1 Aug 11 12:00 PM","486.298780334971"
"Year 1 Aug 11 1:00 PM","107.71620394702"
"Year 1 Aug 11 2:00 PM","103.698941316038"
"Year 1 Aug 11 3:00 PM","77.9793429373955"
"Year 1 Aug 11 4:00 PM","43.5482434012264"
"Year 1 Aug 11 5:00 PM","23.2406313076768"
"Year 1 Aug 11 6:00 PM","18.9722690189359"
"Year 1 Aug 11 7:00 PM","8.80695757568198"
"Year 1 Aug 11 8:00 PM","0"
"Year 1 Aug 11 9:00 PM","0"
"Year 1 Aug 11 10:00 PM","0"
"Year 1 Aug 11 11:00 PM","0"
"Year 1 Aug 12 12:00 AM","0"
"Year 1 Aug 12 1:00 AM","0"
"Year 1 Aug 12 2:00 AM","0"
"Year 1 Aug 12 3:00 AM","0"
"Year 1 Aug 12 4:00 AM","0"
"Year 1 Aug 12 5:00 AM","0"
"Year 1 Aug 12 6:00 AM","28.7351067552811"
"Year 1 Aug 12 7:00 AM","133.486916759619"
"Year 1 Aug 12 8:00 AM","297.431616013264"
"Year 1 Aug 12 9:00 AM","475.332862000681"
"Year 1 Aug 12 10:00 AM","623.483865998358"
"Year 1 Aug 12 11:00 AM","697.89671619946"
"Year 1 Aug 12 12:00 PM","704.119010010126"
"Year 1 Aug 12 1:00 PM","217.864835196056"
"Year 1 Aug 12 2:00 PM","146.720816639983"
"Year 1 Aug 12 3:00 PM","110.680977271041"
"Year 1 Aug 12 4:00 PM","103.602920731241"
"Year 1 Aug 12 5:00 PM","86.5837790191671"
"Year 1 Aug 12 6:00 PM","42.3570983502038"
"Year 1 Aug 12 7:00 PM","13.5780903173802"
"Year 1 Aug 12 8:00 PM","0"
"Year 1 Aug 12 9:00 PM","0"
"Year 1 Aug 12 10:00 PM","0"
"Year 1 Aug 12 11:00 PM","0"
"Year 1 Aug 13 12:00 AM","0"
"Year 1 Aug 13 1:00 AM","0"
"Year 1 Aug 13 2:00 AM","0"
"Year 1 Aug 13 3:00 AM","0"
"Year 1 Aug 13 4:00 AM","0"
"Year 1 Aug 13 5:00 AM","0"
"Year 1 Aug 13 6:00 AM","37.5708610994801"
"Year 1 Aug 13 7:00 AM","169.038768685441"
"Year 1 Aug 13 8:00 AM","352.692095383254"
"Year 1 Aug 13 9:00 AM","534.770449888841"
"Year 1 Aug 13 10:00 AM","691.17977488488"
"Year 1 Aug 13 11:00 AM","794.161821549007"
"Year 1 Aug 13 12:00 PM","820.402092989584"
"Year 1 Aug 13 1:00 PM","194.089813189893"
"Year 1 Aug 13 2:00 PM","68.2680402553257"
"Year 1 Aug 13 3:00 PM","70.653628679681"
"Year 1 Aug 13 4:00 PM","72.5200542260755"
"Year 1 Aug 13 5:00 PM","75.1094983617245"
"Year 1 Aug 13 6:00 PM","30.3679693130233"
"Year 1 Aug 13 7:00 PM","7.96750933425177"
"Year 1 Aug 13 8:00 PM","0"
"Year 1 Aug 13 9:00 PM","0"
"Year 1 Aug 13 10:00 PM","0"
"Year 1 Aug 13 11:00 PM","0"
"Year 1 Aug 14 12:00 AM","0"
"Year 1 Aug 14 1:00 AM","0"
"Year 1 Aug 14 2:00 AM","0"
"Year 1 Aug 14 3:00 AM","0"
"Year 1 Aug 14 4:00 AM","0"
"Year 1 Aug 14 5:00 AM","0"
"Year 1 Aug 14 6:00 AM","18.6626635182972"
"Year 1 Aug 14 7:00 AM","54.3757229781817"
"Year 1 Aug 14 8:00 AM","106.797761318939"
"Year 1 Aug 14 9:00 AM","156.661079532193"
"Year 1 Aug 14 10:00 AM","262.629036334182"
"Year 1 Aug 14 11:00 AM","329.655096864977"
"Year 1 Aug 14 12:00 PM","262.780494071738"
"Year 1 Aug 14 1:00 PM","174.26646840295"
"Year 1 Aug 14 2:00 PM","139.185183507276"
"Year 1 Aug 14 3:00 PM","96.111150529552"
"Year 1 Aug 14 4:00 PM","111.14840357632"
"Year 1 Aug 14 5:00 PM","73.9304576351851"
"Year 1 Aug 14 6:00 PM","25.8383790541097"
"Year 1 Aug 14 7:00 PM","6.80939998901888"
"Year 1 Aug 14 8:00 PM","0"
"Year 1 Aug 14 9:00 PM","0"
"Year 1 Aug 14 10:00 PM","0"
"Year 1 Aug 14 11:00 PM","0"
"Year 1 Aug 15 12:00 AM","0"
"Year 1 Aug 15 1:00 AM","0"
"Year 1 Aug 15 2:00 AM","0"
"Year 1 Aug 15 3:00 AM","0"
"Year 1 Aug 15 4:00 AM","0"
"Year 1 Aug 15 5:00 AM","0"
"Year 1 Aug 15 6:00 AM","16.1790249326457"
"Year 1 Aug 15 7:00 AM","54.2041599995037"
"Year 1 Aug 15 8:00 AM","158.167362583062"
"Year 1 Aug 15 9:00 AM","307.522743566192"
"Year 1 Aug 15 10:00 AM","321.70194148001"
"Year 1 Aug 15 11:00 AM","440.158165875331"
"Year 1 Aug 15 12:00 PM","342.492745069796"
"Year 1 Aug 15 1:00 PM","139.519831858936"
"Year 1 Aug 15 2:00 PM","106.274318660804"
"Year 1 Aug 15 3:00 PM","141.616712258633"
"Year 1 Aug 15 4:00 PM","98.0757162464952"
"Year 1 Aug 15 5:00 PM","83.0346434972394"
"Year 1 Aug 15 6:00 PM","43.6230068838316"
"Year 1 Aug 15 7:00 PM","6.34177304140841"
"Year 1 Aug 15 8:00 PM","0"
"Year 1 Aug 15 9:00 PM","0"
"Year 1 Aug 15 10:00 PM","0"
"Year 1 Aug 15 11:00 PM","0"
"Year 1 Aug 16 12:00 AM","0"
"Year 1 Aug 16 1:00 AM","0"
"Year 1 Aug 16 2:00 AM","0"
"Year 1 Aug 16 3:00 AM","0"
"Year 1 Aug 16 4:00 AM","0"
"Year 1 Aug 16 5:00 AM","0"
"Year 1 Aug 16 6:00 AM","21.8042129284134"
"Year 1 Aug 16 7:00 AM","61.2711733743941"
"Year 1 Aug 16 8:00 AM","134.432319989291"
"Year 1 Aug 16 9:00 AM","244.755470677029"
"Year 1 Aug 16 10:00 AM","467.650270481928"
"Year 1 Aug 16 11:00 AM","598.670710661443"
"Year 1 Aug 16 12:00 PM","648.316409162368"
"Year 1 Aug 16 1:00 PM","185.451373291033"
"Year 1 Aug 16 2:00 PM","52.9118562241495"
"Year 1 Aug 16 3:00 PM","36.1476119210156"
"Year 1 Aug 16 4:00 PM","30.8908853711539"
"Year 1 Aug 16 5:00 PM","28.7592156222706"
"Year 1 Aug 16 6:00 PM","20.2309769483525"
"Year 1 Aug 16 7:00 PM","7.27622657947695"
"Year 1 Aug 16 8:00 PM","0"
"Year 1 Aug 16 9:00 PM","0"
"Year 1 Aug 16 10:00 PM","0"
"Year 1 Aug 16 11:00 PM","0"
"Year 1 Aug 17 12:00 AM","0"
"Year 1 Aug 17 1:00 AM","0"
"Year 1 Aug 17 2:00 AM","0"
"Year 1 Aug 17 3:00 AM","0"
"Year 1 Aug 17 4:00 AM","0"
"Year 1 Aug 17 5:00 AM","0"
"Year 1 Aug 17 6:00 AM","23.7885400971137"
"Year 1 Aug 17 7:00 AM","93.808225714574"
"Year 1 Aug 17 8:00 AM","280.512557664737"
"Year 1 Aug 17 9:00 AM","417.693287284471"
"Year 1 Aug 17 10:00 AM","593.996951217696"
"Year 1 Aug 17 11:00 AM","680.750463613725"
"Year 1 Aug 17 12:00 PM","757.265327683634"
"Year 1 Aug 17 1:00 PM","204.262065881152"
"Year 1 Aug 17 2:00 PM","82.1675947244012"
"Year 1 Aug 17 3:00 PM","69.4357843250736"
"Year 1 Aug 17 4:00 PM","64.2222362194286"
"Year 1 Aug 17 5:00 PM","56.428062562048"
"Year 1 Aug 17 6:00 PM","37.1148006111765"
"Year 1 Aug 17 7:00 PM","10.6111664307315"
"Year 1 Aug 17 8:00 PM","0"
"Year 1 Aug 17 9:00 PM","0"
"Year 1 Aug 17 10:00 PM","0"
"Year 1 Aug 17 11:00 PM","0"
"Year 1 Aug 18 12:00 AM","0"
"Year 1 Aug 18 1:00 AM","0"
"Year 1 Aug 18 2:00 AM","0"
"Year 1 Aug 18 3:00 AM","0"
"Year 1 Aug 18 4:00 AM","0"
"Year 1 Aug 18 5:00 AM","0"
"Year 1 Aug 18 6:00 AM","44.1664326579332"
"Year 1 Aug 18 7:00 AM","198.125334288644"
"Year 1 Aug 18 8:00 AM","386.053287351648"
"Year 1 Aug 18 9:00 AM","533.855230213331"
"Year 1 Aug 18 10:00 AM","669.242164267632"
"Year 1 Aug 18 11:00 AM","785.260797473034"
"Year 1 Aug 18 12:00 PM","828.018630582162"
"Year 1 Aug 18 1:00 PM","181.188521634925"
"Year 1 Aug 18 2:00 PM","28.4389696799989"
"Year 1 Aug 18 3:00 PM","29.2866628213183"
"Year 1 Aug 18 4:00 PM","22.1093364084682"
"Year 1 Aug 18 5:00 PM","19.2904433972508"
"Year 1 Aug 18 6:00 PM","14.6246196456577"
"Year 1 Aug 18 7:00 PM","6.18327914153943"
"Year 1 Aug 18 8:00 PM","0"
"Year 1 Aug 18 9:00 PM","0"
"Year 1 Aug 18 10:00 PM","0"
"Year 1 Aug 18 11:00 PM","0"
"Year 1 Aug 19 12:00 AM","0"
"Year 1 Aug 19 1:00 AM","0"
"Year 1 Aug 19 2:00 AM","0"
"Year 1 Aug 19 3:00 AM","0"
"Year 1 Aug 19 4:00 AM","0"
"Year 1 Aug 19 5:00 AM","0"
"Year 1 Aug 19 6:00 AM","33.6501971636454"
"Year 1 Aug 19 7:00 AM","162.516689494906"
"Year 1 Aug 19 8:00 AM","349.85304888098"
"Year 1 Aug 19 9:00 AM","526.092132091361"
"Year 1 Aug 19 10:00 AM","631.562536548368"
"Year 1 Aug 19 11:00 AM","700.643308272746"
"Year 1 Aug 19 12:00 PM","729.025110961561"
"Year 1 Aug 19 1:00 PM","203.057114823919"
"Year 1 Aug 19 2:00 PM","96.2480117325611"
"Year 1 Aug 19 3:00 PM","102.000236942556"
"Year 1 Aug 19 4:00 PM","98.4612394309779"
"Year 1 Aug 19 5:00 PM","75.4031910088768"
"Year 1 Aug 19 6:00 PM","38.0755697120507"
"Year 1 Aug 19 7:00 PM","8.85285460358519"
"Year 1 Aug 19 8:00 PM","0"
"Year 1 Aug 19 9:00 PM","0"
"Year 1 Aug 19 10:00 PM","0"
"Year 1 Aug 19 11:00 PM","0"
"Year 1 Aug 20 12:00 AM","0"
"Year 1 Aug 20 1:00 AM","0"
"Year 1 Aug 20 2:00 AM","0"
"Year 1 Aug 20 3:00 AM","0"
"Year 1 Aug 20 4:00 AM","0"
"Year 1 Aug 20 5:00 AM","0"
"Year 1 Aug 20 6:00 AM","20.6312706528993"
"Year 1 Aug 20 7:00 AM","71.5675124214788"
"Year 1 Aug 20 8:00 AM","115.51068474639"
"Year 1 Aug 20 9:00 AM","243.504774546257"
"Year 1 Aug 20 10:00 AM","362.244548842272"
"Year 1 Aug 20 11:00 AM","608.35362738511"
"Year 1 Aug 20 12:00 PM","547.783796944231"
"Year 1 Aug 20 1:00 PM","198.488854972456"
"Year 1 Aug 20 2:00 PM","134.74056475134"
"Year 1 Aug 20 3:00 PM","105.455234645245"
"Year 1 Aug 20 4:00 PM","98.6120931769651"
"Year 1 Aug 20 5:00 PM","71.1259589481759"
"Year 1 Aug 20 6:00 PM","37.5505013234719"
"Year 1 Aug 20 7:00 PM","8.35956481035712"
"Year 1 Aug 20 8:00 PM","0"
"Year 1 Aug 20 9:00 PM","0"
"Year 1 Aug 20 10:00 PM","0"
"Year 1 Aug 20 11:00 PM","0"
"Year 1 Aug 21 12:00 AM","0"
"Year 1 Aug 21 1:00 AM","0"
"Year 1 Aug 21 2:00 AM","0"
"Year 1 Aug 21 3:00 AM","0"
"Year 1 Aug 21 4:00 AM","0"
"Year 1 Aug 21 5:00 AM","0"
"Year 1 Aug 21 6:00 AM","28.8138711607356"
"Year 1 Aug 21 7:00 AM","143.227229375758"
"Year 1 Aug 21 8:00 AM","312.340735404162"
"Year 1 Aug 21 9:00 AM","480.278093648432"
"Year 1 Aug 21 10:00 AM","628.323532427554"
"Year 1 Aug 21 11:00 AM","747.405915297451"
"Year 1 Aug 21 12:00 PM","812.552853116873"
"Year 1 Aug 21 1:00 PM","191.736096525352"
"Year 1 Aug 21 2:00 PM","78.7377179787467"
"Year 1 Aug 21 3:00 PM","81.043095603861"
"Year 1 Aug 21 4:00 PM","61.7178539619244"
"Year 1 Aug 21 5:00 PM","59.4404788700388"
"Year 1 Aug 21 6:00 PM","34.1485810504274"
"Year 1 Aug 21 7:00 PM","7.16969922300863"
"Year 1 Aug 21 8:00 PM","0"
"Year 1 Aug 21 9:00 PM","0"
"Year 1 Aug 21 10:00 PM","0"
"Year 1 Aug 21 11:00 PM","0"
"Year 1 Aug 22 12:00 AM","0"
"Year 1 Aug 22 1:00 AM","0"
"Year 1 Aug 22 2:00 AM","0"
"Year 1 Aug 22 3:00 AM","0"
"Year 1 Aug 22 4:00 AM","0"
"Year 1 Aug 22 5:00 AM","0"
"Year 1 Aug 22 6:00 AM","6.22200996595787"
"Year 1 Aug 22 7:00 AM","32.0334488041162"
"Year 1 Aug 22 8:00 AM","65.5442998392446"
"Year 1 Aug 22 9:00 AM","135.190887718469"
"Year 1 Aug 22 10:00 AM","194.87529295366"
"Year 1 Aug 22 11:00 AM","208.388844305627"
"Year 1 Aug 22 12:00 PM","261.211975436052"
"Year 1 Aug 22 1:00 PM","178.427917401993"
"Year 1 Aug 22 2:00 PM","107.529357669327"
"Year 1 Aug 22 3:00 PM","66.2851718416488"
"Year 1 Aug 22 4:00 PM","52.4823603627044"
"Year 1 Aug 22 5:00 PM","36.1847388073779"
"Year 1 Aug 22 6:00 PM","25.7741990031527"
"Year 1 Aug 22 7:00 PM","6.10172778381377"
"Year 1 Aug 22 8:00 PM","0"
"Year 1 Aug 22 9:00 PM","0"
"Year 1 Aug 22 10:00 PM","0"
"Year 1 Aug 22 11:00 PM","0"
"Year 1 Aug 23 12:00 AM","0"
"Year 1 Aug 23 1:00 AM","0"
"Year 1 Aug 23 2:00 AM","0"
"Year 1 Aug 23 3:00 AM","0"
"Year 1 Aug 23 4:00 AM","0"
"Year 1 Aug 23 5:00 AM","0"
"Year 1 Aug 23 6:00 AM","11.5639299890752"
"Year 1 Aug 23 7:00 AM","37.7714594966738"
"Year 1 Aug 23 8:00 AM","94.0124449670482"
"Year 1 Aug 23 9:00 AM","119.254187388896"
"Year 1 Aug 23 10:00 AM","103.802297337177"
"Year 1 Aug 23 11:00 AM","138.198781294218"
"Year 1 Aug 23 12:00 PM","146.672218767902"
"Year 1 Aug 23 1:00 PM","182.573544841952"
"Year 1 Aug 23 2:00 PM","166.229097358234"
"Year 1 Aug 23 3:00 PM","138.082534397549"
"Year 1 Aug 23 4:00 PM","81.027788894079"
"Year 1 Aug 23 5:00 PM","65.4809195407031"
"Year 1 Aug 23 6:00 PM","37.8025411190447"
"Year 1 Aug 23 7:00 PM","6.90188438994685"
"Year 1 Aug 23 8:00 PM","0"
"Year 1 Aug 23 9:00 PM","0"
"Year 1 Aug 23 10:00 PM","0"
"Year 1 Aug 23 11:00 PM","0"
"Year 1 Aug 24 12:00 AM","0"
"Year 1 Aug 24 1:00 AM","0"
"Year 1 Aug 24 2:00 AM","0"
"Year 1 Aug 24 3:00 AM","0"
"Year 1 Aug 24 4:00 AM","0"
"Year 1 Aug 24 5:00 AM","0"
"Year 1 Aug 24 6:00 AM","11.8690380806915"
"Year 1 Aug 24 7:00 AM","46.8142829338512"
"Year 1 Aug 24 8:00 AM","98.5895399719715"
"Year 1 Aug 24 9:00 AM","167.084454196885"
"Year 1 Aug 24 10:00 AM","227.814465905624"
"Year 1 Aug 24 11:00 AM","409.559959763819"
"Year 1 Aug 24 12:00 PM","484.802783429266"
"Year 1 Aug 24 1:00 PM","186.905890419754"
"Year 1 Aug 24 2:00 PM","111.843870205737"
"Year 1 Aug 24 3:00 PM","96.9280043242418"
"Year 1 Aug 24 4:00 PM","57.5311729126754"
"Year 1 Aug 24 5:00 PM","31.4507794708807"
"Year 1 Aug 24 6:00 PM","21.6526671477562"
"Year 1 Aug 24 7:00 PM","5.79565735757087"
"Year 1 Aug 24 8:00 PM","0"
"Year 1 Aug 24 9:00 PM","0"
"Year 1 Aug 24 10:00 PM","0"
"Year 1 Aug 24 11:00 PM","0"
"Year 1 Aug 25 12:00 AM","0"
"Year 1 Aug 25 1:00 AM","0"
"Year 1 Aug 25 2:00 AM","0"
"Year 1 Aug 25 3:00 AM","0"
"Year 1 Aug 25 4:00 AM","0"
"Year 1 Aug 25 5:00 AM","0"
"Year 1 Aug 25 6:00 AM","27.8072008230509"
"Year 1 Aug 25 7:00 AM","126.435003938327"
"Year 1 Aug 25 8:00 AM","228.517577278017"
"Year 1 Aug 25 9:00 AM","428.913449000433"
"Year 1 Aug 25 10:00 AM","639.546158223619"
"Year 1 Aug 25 11:00 AM","729.776825080373"
"Year 1 Aug 25 12:00 PM","793.835251657645"
"Year 1 Aug 25 1:00 PM","181.862285735307"
"Year 1 Aug 25 2:00 PM","32.4068956177954"
"Year 1 Aug 25 3:00 PM","31.6831625488061"
"Year 1 Aug 25 4:00 PM","29.5151542041992"
"Year 1 Aug 25 5:00 PM","31.829120926273"
"Year 1 Aug 25 6:00 PM","21.3740369214039"
"Year 1 Aug 25 7:00 PM","5.03017586988847"
"Year 1 Aug 25 8:00 PM","0"
"Year 1 Aug 25 9:00 PM","0"
"Year 1 Aug 25 10:00 PM","0"
"Year 1 Aug 25 11:00 PM","0"
"Year 1 Aug 26 12:00 AM","0"
"Year 1 Aug 26 1:00 AM","0"
"Year 1 Aug 26 2:00 AM","0"
"Year 1 Aug 26 3:00 AM","0"
"Year 1 Aug 26 4:00 AM","0"
"Year 1 Aug 26 5:00 AM","0"
"Year 1 Aug 26 6:00 AM","14.1341042516376"
"Year 1 Aug 26 7:00 AM","56.3734481825614"
"Year 1 Aug 26 8:00 AM","108.121035040341"
"Year 1 Aug 26 9:00 AM","134.251100460926"
"Year 1 Aug 26 10:00 AM","193.873657463655"
"Year 1 Aug 26 11:00 AM","217.964391139"
"Year 1 Aug 26 12:00 PM","205.007268504796"
"Year 1 Aug 26 1:00 PM","170.004824339665"
"Year 1 Aug 26 2:00 PM","160.854207590827"
"Year 1 Aug 26 3:00 PM","125.273165241714"
"Year 1 Aug 26 4:00 PM","99.0528743400378"
"Year 1 Aug 26 5:00 PM","39.6305050734369"
"Year 1 Aug 26 6:00 PM","27.4843484386456"
"Year 1 Aug 26 7:00 PM","4.83120470702282"
"Year 1 Aug 26 8:00 PM","0"
"Year 1 Aug 26 9:00 PM","0"
"Year 1 Aug 26 10:00 PM","0"
"Year 1 Aug 26 11:00 PM","0"
"Year 1 Aug 27 12:00 AM","0"
"Year 1 Aug 27 1:00 AM","0"
"Year 1 Aug 27 2:00 AM","0"
"Year 1 Aug 27 3:00 AM","0"
"Year 1 Aug 27 4:00 AM","0"
"Year 1 Aug 27 5:00 AM","0"
"Year 1 Aug 27 6:00 AM","19.1354819182719"
"Year 1 Aug 27 7:00 AM","103.882105490923"
"Year 1 Aug 27 8:00 AM","265.064417401832"
"Year 1 Aug 27 9:00 AM","408.430501558918"
"Year 1 Aug 27 10:00 AM","374.539391840075"
"Year 1 Aug 27 11:00 AM","483.563506181364"
"Year 1 Aug 27 12:00 PM","593.947753488866"
"Year 1 Aug 27 1:00 PM","190.095879262429"
"Year 1 Aug 27 2:00 PM","67.3687073842473"
"Year 1 Aug 27 3:00 PM","84.550665854697"
"Year 1 Aug 27 4:00 PM","86.203386026718"
"Year 1 Aug 27 5:00 PM","60.9810743206385"
"Year 1 Aug 27 6:00 PM","36.5521904413594"
"Year 1 Aug 27 7:00 PM","5.9626106687628"
"Year 1 Aug 27 8:00 PM","0"
"Year 1 Aug 27 9:00 PM","0"
"Year 1 Aug 27 10:00 PM","0"
"Year 1 Aug 27 11:00 PM","0"
"Year 1 Aug 28 12:00 AM","0"
"Year 1 Aug 28 1:00 AM","0"
"Year 1 Aug 28 2:00 AM","0"
"Year 1 Aug 28 3:00 AM","0"
"Year 1 Aug 28 4:00 AM","0"
"Year 1 Aug 28 5:00 AM","0"
"Year 1 Aug 28 6:00 AM","7.85269075708537"
"Year 1 Aug 28 7:00 AM","25.0856217930538"
"Year 1 Aug 28 8:00 AM","57.7920121490466"
"Year 1 Aug 28 9:00 AM","149.818048106137"
"Year 1 Aug 28 10:00 AM","182.452177441507"
"Year 1 Aug 28 11:00 AM","149.876853264929"
"Year 1 Aug 28 12:00 PM","242.804979018196"
"Year 1 Aug 28 1:00 PM","141.632326965482"
"Year 1 Aug 28 2:00 PM","125.879130684222"
"Year 1 Aug 28 3:00 PM","133.559610283193"
"Year 1 Aug 28 4:00 PM","103.777117007842"
"Year 1 Aug 28 5:00 PM","55.4627321713028"
"Year 1 Aug 28 6:00 PM","23.7705468623199"
"Year 1 Aug 28 7:00 PM","3.43358524681827"
"Year 1 Aug 28 8:00 PM","0"
"Year 1 Aug 28 9:00 PM","0"
"Year 1 Aug 28 10:00 PM","0"
"Year 1 Aug 28 11:00 PM","0"
"Year 1 Aug 29 12:00 AM","0"
"Year 1 Aug 29 1:00 AM","0"
"Year 1 Aug 29 2:00 AM","0"
"Year 1 Aug 29 3:00 AM","0"
"Year 1 Aug 29 4:00 AM","0"
"Year 1 Aug 29 5:00 AM","0"
"Year 1 Aug 29 6:00 AM","13.8600574559461"
"Year 1 Aug 29 7:00 AM","40.5200509638718"
"Year 1 Aug 29 8:00 AM","48.7987626015781"
"Year 1 Aug 29 9:00 AM","103.423009990892"
"Year 1 Aug 29 10:00 AM","291.478426287355"
"Year 1 Aug 29 11:00 AM","390.585843857615"
"Year 1 Aug 29 12:00 PM","675.434258496712"
"Year 1 Aug 29 1:00 PM","168.906758741963"
"Year 1 Aug 29 2:00 PM","78.1825782412263"
"Year 1 Aug 29 3:00 PM","80.9326628074123"
"Year 1 Aug 29 4:00 PM","78.6911567582076"
"Year 1 Aug 29 5:00 PM","66.4539714648648"
"Year 1 Aug 29 6:00 PM","25.4001849838824"
"Year 1 Aug 29 7:00 PM","3.50622601021598"
"Year 1 Aug 29 8:00 PM","0"
"Year 1 Aug 29 9:00 PM","0"
"Year 1 Aug 29 10:00 PM","0"
"Year 1 Aug 29 11:00 PM","0"
"Year 1 Aug 30 12:00 AM","0"
"Year 1 Aug 30 1:00 AM","0"
"Year 1 Aug 30 2:00 AM","0"
"Year 1 Aug 30 3:00 AM","0"
"Year 1 Aug 30 4:00 AM","0"
"Year 1 Aug 30 5:00 AM","0"
"Year 1 Aug 30 6:00 AM","20.9625253425176"
"Year 1 Aug 30 7:00 AM","119.732547708381"
"Year 1 Aug 30 8:00 AM","289.95802995571"
"Year 1 Aug 30 9:00 AM","462.302698390212"
"Year 1 Aug 30 10:00 AM","611.257911480625"
"Year 1 Aug 30 11:00 AM","669.41842363461"
"Year 1 Aug 30 12:00 PM","601.09297101642"
"Year 1 Aug 30 1:00 PM","130.218703531678"
"Year 1 Aug 30 2:00 PM","33.2747512828598"
"Year 1 Aug 30 3:00 PM","33.9931239113765"
"Year 1 Aug 30 4:00 PM","33.7345117961502"
"Year 1 Aug 30 5:00 PM","28.7543205498076"
"Year 1 Aug 30 6:00 PM","19.6514901982285"
"Year 1 Aug 30 7:00 PM","3.33117074109215"
"Year 1 Aug 30 8:00 PM","0"
"Year 1 Aug 30 9:00 PM","0"
"Year 1 Aug 30 10:00 PM","0"
"Year 1 Aug 30 11:00 PM","0"
"Year 1 Aug 31 12:00 AM","0"
"Year 1 Aug 31 1:00 AM","0"
"Year 1 Aug 31 2:00 AM","0"
"Year 1 Aug 31 3:00 AM","0"
"Year 1 Aug 31 4:00 AM","0"
"Year 1 Aug 31 5:00 AM","0"
"Year 1 Aug 31 6:00 AM","20.6430473400847"
"Year 1 Aug 31 7:00 AM","127.473629346471"
"Year 1 Aug 31 8:00 AM","297.332940420558"
"Year 1 Aug 31 9:00 AM","443.781299463439"
"Year 1 Aug 31 10:00 AM","489.203312962982"
"Year 1 Aug 31 11:00 AM","203.352355558169"
"Year 1 Aug 31 12:00 PM","176.600605691685"
"Year 1 Aug 31 1:00 PM","132.819014860372"
"Year 1 Aug 31 2:00 PM","99.5383762884393"
"Year 1 Aug 31 3:00 PM","112.652283126829"
"Year 1 Aug 31 4:00 PM","79.0738597084842"
"Year 1 Aug 31 5:00 PM","34.7577195259759"
"Year 1 Aug 31 6:00 PM","13.6588075544616"
"Year 1 Aug 31 7:00 PM","1.7307393134078"
"Year 1 Aug 31 8:00 PM","0"
"Year 1 Aug 31 9:00 PM","0"
"Year 1 Aug 31 10:00 PM","0"
"Year 1 Aug 31 11:00 PM","0"
"Year 1 Sep 01 12:00 AM","0"
"Year 1 Sep 01 1:00 AM","0"
"Year 1 Sep 01 2:00 AM","0"
"Year 1 Sep 01 3:00 AM","0"
"Year 1 Sep 01 4:00 AM","0"
"Year 1 Sep 01 5:00 AM","0"
"Year 1 Sep 01 6:00 AM","17.7774947866247"
"Year 1 Sep 01 7:00 AM","137.340655418985"
"Year 1 Sep 01 8:00 AM","332.085576191359"
"Year 1 Sep 01 9:00 AM","510.360077770997"
"Year 1 Sep 01 10:00 AM","612.720913468148"
"Year 1 Sep 01 11:00 AM","685.967606989478"
"Year 1 Sep 01 12:00 PM","731.452851551731"
"Year 1 Sep 01 1:00 PM","137.592893352285"
"Year 1 Sep 01 2:00 PM","35.9192433829594"
"Year 1 Sep 01 3:00 PM","50.3290162027108"
"Year 1 Sep 01 4:00 PM","34.2635560669624"
"Year 1 Sep 01 5:00 PM","20.9101753529083"
"Year 1 Sep 01 6:00 PM","14.1340441604869"
"Year 1 Sep 01 7:00 PM","2.65529785263506"
"Year 1 Sep 01 8:00 PM","0"
"Year 1 Sep 01 9:00 PM","0"
"Year 1 Sep 01 10:00 PM","0"
"Year 1 Sep 01 11:00 PM","0"
"Year 1 Sep 02 12:00 AM","0"
"Year 1 Sep 02 1:00 AM","0"
"Year 1 Sep 02 2:00 AM","0"
"Year 1 Sep 02 3:00 AM","0"
"Year 1 Sep 02 4:00 AM","0"
"Year 1 Sep 02 5:00 AM","0"
"Year 1 Sep 02 6:00 AM","14.8731187723569"
"Year 1 Sep 02 7:00 AM","76.9469025522095"
"Year 1 Sep 02 8:00 AM","178.604025460711"
"Year 1 Sep 02 9:00 AM","270.436401830697"
"Year 1 Sep 02 10:00 AM","329.021075725336"
"Year 1 Sep 02 11:00 AM","352.107005528291"
"Year 1 Sep 02 12:00 PM","422.544184549995"
"Year 1 Sep 02 1:00 PM","134.296575303252"
"Year 1 Sep 02 2:00 PM","102.875466677672"
"Year 1 Sep 02 3:00 PM","40.1929588447066"
"Year 1 Sep 02 4:00 PM","27.2454629578117"
"Year 1 Sep 02 5:00 PM","20.0903564929637"
"Year 1 Sep 02 6:00 PM","13.8295464677916"
"Year 1 Sep 02 7:00 PM","2.52228006989302"
"Year 1 Sep 02 8:00 PM","0"
"Year 1 Sep 02 9:00 PM","0"
"Year 1 Sep 02 10:00 PM","0"
"Year 1 Sep 02 11:00 PM","0"
"Year 1 Sep 03 12:00 AM","0"
"Year 1 Sep 03 1:00 AM","0"
"Year 1 Sep 03 2:00 AM","0"
"Year 1 Sep 03 3:00 AM","0"
"Year 1 Sep 03 4:00 AM","0"
"Year 1 Sep 03 5:00 AM","0"
"Year 1 Sep 03 6:00 AM","17.7028895392973"
"Year 1 Sep 03 7:00 AM","115.077316983382"
"Year 1 Sep 03 8:00 AM","285.576722491873"
"Year 1 Sep 03 9:00 AM","470.703037391234"
"Year 1 Sep 03 10:00 AM","627.529706232913"
"Year 1 Sep 03 11:00 AM","735.982295876388"
"Year 1 Sep 03 12:00 PM","784.497712932369"
"Year 1 Sep 03 1:00 PM","146.684222816845"
"Year 1 Sep 03 2:00 PM","40.091177709509"
"Year 1 Sep 03 3:00 PM","42.213822813915"
"Year 1 Sep 03 4:00 PM","41.3450170169156"
"Year 1 Sep 03 5:00 PM","35.0187742276672"
"Year 1 Sep 03 6:00 PM","22.0449186686964"
"Year 1 Sep 03 7:00 PM","1.79067151148683"
"Year 1 Sep 03 8:00 PM","0"
"Year 1 Sep 03 9:00 PM","0"
"Year 1 Sep 03 10:00 PM","0"
"Year 1 Sep 03 11:00 PM","0"
"Year 1 Sep 04 12:00 AM","0"
"Year 1 Sep 04 1:00 AM","0"
"Year 1 Sep 04 2:00 AM","0"
"Year 1 Sep 04 3:00 AM","0"
"Year 1 Sep 04 4:00 AM","0"
"Year 1 Sep 04 5:00 AM","0"
"Year 1 Sep 04 6:00 AM","18.1048656370271"
"Year 1 Sep 04 7:00 AM","128.347707655648"
"Year 1 Sep 04 8:00 AM","309.811257132343"
"Year 1 Sep 04 9:00 AM","493.496087441936"
"Year 1 Sep 04 10:00 AM","643.182587214019"
"Year 1 Sep 04 11:00 AM","744.208010213549"
"Year 1 Sep 04 12:00 PM","790.062588550053"
"Year 1 Sep 04 1:00 PM","144.074536916456"
"Year 1 Sep 04 2:00 PM","35.0690017491827"
"Year 1 Sep 04 3:00 PM","31.2715188493543"
"Year 1 Sep 04 4:00 PM","29.8089165983281"
"Year 1 Sep 04 5:00 PM","25.6239568742894"
"Year 1 Sep 04 6:00 PM","17.2298447098886"
"Year 1 Sep 04 7:00 PM","1.54553572646239"
"Year 1 Sep 04 8:00 PM","0"
"Year 1 Sep 04 9:00 PM","0"
"Year 1 Sep 04 10:00 PM","0"
"Year 1 Sep 04 11:00 PM","0"
"Year 1 Sep 05 12:00 AM","0"
"Year 1 Sep 05 1:00 AM","0"
"Year 1 Sep 05 2:00 AM","0"
"Year 1 Sep 05 3:00 AM","0"
"Year 1 Sep 05 4:00 AM","0"
"Year 1 Sep 05 5:00 AM","0"
"Year 1 Sep 05 6:00 AM","16.8723963384926"
"Year 1 Sep 05 7:00 AM","114.351321227518"
"Year 1 Sep 05 8:00 AM","285.83570649626"
"Year 1 Sep 05 9:00 AM","468.223722353538"
"Year 1 Sep 05 10:00 AM","620.880245955252"
"Year 1 Sep 05 11:00 AM","727.396570206224"
"Year 1 Sep 05 12:00 PM","762.025519884378"
"Year 1 Sep 05 1:00 PM","148.963292566637"
"Year 1 Sep 05 2:00 PM","59.3848582885978"
"Year 1 Sep 05 3:00 PM","58.2720241056855"
"Year 1 Sep 05 4:00 PM","41.1300747729759"
"Year 1 Sep 05 5:00 PM","33.7031626058956"
"Year 1 Sep 05 6:00 PM","20.6087553581526"
"Year 1 Sep 05 7:00 PM","1.46620007036941"
"Year 1 Sep 05 8:00 PM","0"
"Year 1 Sep 05 9:00 PM","0"
"Year 1 Sep 05 10:00 PM","0"
"Year 1 Sep 05 11:00 PM","0"
"Year 1 Sep 06 12:00 AM","0"
"Year 1 Sep 06 1:00 AM","0"
"Year 1 Sep 06 2:00 AM","0"
"Year 1 Sep 06 3:00 AM","0"
"Year 1 Sep 06 4:00 AM","0"
"Year 1 Sep 06 5:00 AM","0"
"Year 1 Sep 06 6:00 AM","17.811171893212"
"Year 1 Sep 06 7:00 AM","130.158089810565"
"Year 1 Sep 06 8:00 AM","305.112594361934"
"Year 1 Sep 06 9:00 AM","486.106238241234"
"Year 1 Sep 06 10:00 AM","611.525941792118"
"Year 1 Sep 06 11:00 AM","717.091161619426"
"Year 1 Sep 06 12:00 PM","658.758347719596"
"Year 1 Sep 06 1:00 PM","142.472762416915"
"Year 1 Sep 06 2:00 PM","116.621374278724"
"Year 1 Sep 06 3:00 PM","113.859375604688"
"Year 1 Sep 06 4:00 PM","92.4760651493345"
"Year 1 Sep 06 5:00 PM","52.0546619675152"
"Year 1 Sep 06 6:00 PM","25.0806921489435"
"Year 1 Sep 06 7:00 PM","1.50375772347035"
"Year 1 Sep 06 8:00 PM","0"
"Year 1 Sep 06 9:00 PM","0"
"Year 1 Sep 06 10:00 PM","0"
"Year 1 Sep 06 11:00 PM","0"
"Year 1 Sep 07 12:00 AM","0"
"Year 1 Sep 07 1:00 AM","0"
"Year 1 Sep 07 2:00 AM","0"
"Year 1 Sep 07 3:00 AM","0"
"Year 1 Sep 07 4:00 AM","0"
"Year 1 Sep 07 5:00 AM","0"
"Year 1 Sep 07 6:00 AM","9.35280840195406"
"Year 1 Sep 07 7:00 AM","41.6831071968828"
"Year 1 Sep 07 8:00 AM","79.7155721265724"
"Year 1 Sep 07 9:00 AM","133.681034867886"
"Year 1 Sep 07 10:00 AM","166.189940287046"
"Year 1 Sep 07 11:00 AM","201.586290799325"
"Year 1 Sep 07 12:00 PM","244.383865114461"
"Year 1 Sep 07 1:00 PM","198.155719219456"
"Year 1 Sep 07 2:00 PM","174.177207403027"
"Year 1 Sep 07 3:00 PM","144.713606331791"
"Year 1 Sep 07 4:00 PM","105.377490229311"
"Year 1 Sep 07 5:00 PM","63.4685041018011"
"Year 1 Sep 07 6:00 PM","25.7106637050464"
"Year 1 Sep 07 7:00 PM","1.5427604371439"
"Year 1 Sep 07 8:00 PM","0"
"Year 1 Sep 07 9:00 PM","0"
"Year 1 Sep 07 10:00 PM","0"
"Year 1 Sep 07 11:00 PM","0"
"Year 1 Sep 08 12:00 AM","0"
"Year 1 Sep 08 1:00 AM","0"
"Year 1 Sep 08 2:00 AM","0"
"Year 1 Sep 08 3:00 AM","0"
"Year 1 Sep 08 4:00 AM","0"
"Year 1 Sep 08 5:00 AM","0"
"Year 1 Sep 08 6:00 AM","11.9669560900223"
"Year 1 Sep 08 7:00 AM","52.5022578438549"
"Year 1 Sep 08 8:00 AM","113.043667539623"
"Year 1 Sep 08 9:00 AM","159.328509222041"
"Year 1 Sep 08 10:00 AM","237.202099911598"
"Year 1 Sep 08 11:00 AM","397.669986050419"
"Year 1 Sep 08 12:00 PM","340.907638980254"
"Year 1 Sep 08 1:00 PM","125.739871001519"
"Year 1 Sep 08 2:00 PM","48.1926462025807"
"Year 1 Sep 08 3:00 PM","67.7355609616429"
"Year 1 Sep 08 4:00 PM","47.0578197491091"
"Year 1 Sep 08 5:00 PM","34.614669665048"
"Year 1 Sep 08 6:00 PM","20.6073137478538"
"Year 1 Sep 08 7:00 PM","1.27179625670927"
"Year 1 Sep 08 8:00 PM","0"
"Year 1 Sep 08 9:00 PM","0"
"Year 1 Sep 08 10:00 PM","0"
"Year 1 Sep 08 11:00 PM","0"
"Year 1 Sep 09 12:00 AM","0"
"Year 1 Sep 09 1:00 AM","0"
"Year 1 Sep 09 2:00 AM","0"
"Year 1 Sep 09 3:00 AM","0"
"Year 1 Sep 09 4:00 AM","0"
"Year 1 Sep 09 5:00 AM","0"
"Year 1 Sep 09 6:00 AM","17.3892715382646"
"Year 1 Sep 09 7:00 AM","122.011780005805"
"Year 1 Sep 09 8:00 AM","216.106145370766"
"Year 1 Sep 09 9:00 AM","441.388998547753"
"Year 1 Sep 09 10:00 AM","570.660605370789"
"Year 1 Sep 09 11:00 AM","468.691718190736"
"Year 1 Sep 09 12:00 PM","531.128825427887"
"Year 1 Sep 09 1:00 PM","135.140498277714"
"Year 1 Sep 09 2:00 PM","71.7888870512529"
"Year 1 Sep 09 3:00 PM","96.4372637738572"
"Year 1 Sep 09 4:00 PM","42.6436327022469"
"Year 1 Sep 09 5:00 PM","27.6213793768137"
"Year 1 Sep 09 6:00 PM","18.7166696035331"
"Year 1 Sep 09 7:00 PM","0"
"Year 1 Sep 09 8:00 PM","0"
"Year 1 Sep 09 9:00 PM","0"
"Year 1 Sep 09 10:00 PM","0"
"Year 1 Sep 09 11:00 PM","0"
"Year 1 Sep 10 12:00 AM","0"
"Year 1 Sep 10 1:00 AM","0"
"Year 1 Sep 10 2:00 AM","0"
"Year 1 Sep 10 3:00 AM","0"
"Year 1 Sep 10 4:00 AM","0"
"Year 1 Sep 10 5:00 AM","0"
"Year 1 Sep 10 6:00 AM","14.5346098816812"
"Year 1 Sep 10 7:00 AM","112.649672069744"
"Year 1 Sep 10 8:00 AM","253.825671361179"
"Year 1 Sep 10 9:00 AM","423.032974174103"
"Year 1 Sep 10 10:00 AM","549.607514011491"
"Year 1 Sep 10 11:00 AM","602.948814642539"
"Year 1 Sep 10 12:00 PM","726.641512104609"
"Year 1 Sep 10 1:00 PM","165.6912647866"
"Year 1 Sep 10 2:00 PM","105.778258334478"
"Year 1 Sep 10 3:00 PM","103.14019570568"
"Year 1 Sep 10 4:00 PM","82.4049299586335"
"Year 1 Sep 10 5:00 PM","42.3904208850156"
"Year 1 Sep 10 6:00 PM","15.7340273632808"
"Year 1 Sep 10 7:00 PM","0"
"Year 1 Sep 10 8:00 PM","0"
"Year 1 Sep 10 9:00 PM","0"
"Year 1 Sep 10 10:00 PM","0"
"Year 1 Sep 10 11:00 PM","0"
"Year 1 Sep 11 12:00 AM","0"
"Year 1 Sep 11 1:00 AM","0"
"Year 1 Sep 11 2:00 AM","0"
"Year 1 Sep 11 3:00 AM","0"
"Year 1 Sep 11 4:00 AM","0"
"Year 1 Sep 11 5:00 AM","0"
"Year 1 Sep 11 6:00 AM","14.2799192821146"
"Year 1 Sep 11 7:00 AM","102.932110923527"
"Year 1 Sep 11 8:00 AM","267.83313137416"
"Year 1 Sep 11 9:00 AM","382.116682255884"
"Year 1 Sep 11 10:00 AM","537.645642122396"
"Year 1 Sep 11 11:00 AM","614.589653932125"
"Year 1 Sep 11 12:00 PM","632.556037617023"
"Year 1 Sep 11 1:00 PM","134.049404027347"
"Year 1 Sep 11 2:00 PM","27.1546128823059"
"Year 1 Sep 11 3:00 PM","27.4804048895824"
"Year 1 Sep 11 4:00 PM","40.6658030325235"
"Year 1 Sep 11 5:00 PM","30.3122633036522"
"Year 1 Sep 11 6:00 PM","17.7878107410871"
"Year 1 Sep 11 7:00 PM","0"
"Year 1 Sep 11 8:00 PM","0"
"Year 1 Sep 11 9:00 PM","0"
"Year 1 Sep 11 10:00 PM","0"
"Year 1 Sep 11 11:00 PM","0"
"Year 1 Sep 12 12:00 AM","0"
"Year 1 Sep 12 1:00 AM","0"
"Year 1 Sep 12 2:00 AM","0"
"Year 1 Sep 12 3:00 AM","0"
"Year 1 Sep 12 4:00 AM","0"
"Year 1 Sep 12 5:00 AM","0"
"Year 1 Sep 12 6:00 AM","5.10140773745422"
"Year 1 Sep 12 7:00 AM","34.664671773915"
"Year 1 Sep 12 8:00 AM","164.074106113748"
"Year 1 Sep 12 9:00 AM","415.335653665938"
"Year 1 Sep 12 10:00 AM","551.143138035239"
"Year 1 Sep 12 11:00 AM","674.539134793067"
"Year 1 Sep 12 12:00 PM","671.444455254308"
"Year 1 Sep 12 1:00 PM","143.519838180515"
"Year 1 Sep 12 2:00 PM","53.5746406092642"
"Year 1 Sep 12 3:00 PM","44.723200235731"
"Year 1 Sep 12 4:00 PM","28.9236547472774"
"Year 1 Sep 12 5:00 PM","36.0703907375553"
"Year 1 Sep 12 6:00 PM","17.4882733333759"
"Year 1 Sep 12 7:00 PM","0"
"Year 1 Sep 12 8:00 PM","0"
"Year 1 Sep 12 9:00 PM","0"
"Year 1 Sep 12 10:00 PM","0"
"Year 1 Sep 12 11:00 PM","0"
"Year 1 Sep 13 12:00 AM","0"
"Year 1 Sep 13 1:00 AM","0"
"Year 1 Sep 13 2:00 AM","0"
"Year 1 Sep 13 3:00 AM","0"
"Year 1 Sep 13 4:00 AM","0"
"Year 1 Sep 13 5:00 AM","0"
"Year 1 Sep 13 6:00 AM","12.5690839375211"
"Year 1 Sep 13 7:00 AM","83.5205980577705"
"Year 1 Sep 13 8:00 AM","129.753300672258"
"Year 1 Sep 13 9:00 AM","261.716863576886"
"Year 1 Sep 13 10:00 AM","177.014545396544"
"Year 1 Sep 13 11:00 AM","103.617862848655"
"Year 1 Sep 13 12:00 PM","115.370742661654"
"Year 1 Sep 13 1:00 PM","109.576396100363"
"Year 1 Sep 13 2:00 PM","35.1074679932801"
"Year 1 Sep 13 3:00 PM","47.268977808972"
"Year 1 Sep 13 4:00 PM","73.9107727421448"
"Year 1 Sep 13 5:00 PM","41.4574798594666"
"Year 1 Sep 13 6:00 PM","19.3942399717726"
"Year 1 Sep 13 7:00 PM","0"
"Year 1 Sep 13 8:00 PM","0"
"Year 1 Sep 13 9:00 PM","0"
"Year 1 Sep 13 10:00 PM","0"
"Year 1 Sep 13 11:00 PM","0"
"Year 1 Sep 14 12:00 AM","0"
"Year 1 Sep 14 1:00 AM","0"
"Year 1 Sep 14 2:00 AM","0"
"Year 1 Sep 14 3:00 AM","0"
"Year 1 Sep 14 4:00 AM","0"
"Year 1 Sep 14 5:00 AM","0"
"Year 1 Sep 14 6:00 AM","14.3936186423129"
"Year 1 Sep 14 7:00 AM","134.285588208977"
"Year 1 Sep 14 8:00 AM","317.69425359986"
"Year 1 Sep 14 9:00 AM","480.193311088542"
"Year 1 Sep 14 10:00 AM","650.940263872136"
"Year 1 Sep 14 11:00 AM","741.544568581564"
"Year 1 Sep 14 12:00 PM","751.594454220907"
"Year 1 Sep 14 1:00 PM","136.282915611454"
"Year 1 Sep 14 2:00 PM","28.8852509754975"
"Year 1 Sep 14 3:00 PM","26.0496664350227"
"Year 1 Sep 14 4:00 PM","36.1299186111127"
"Year 1 Sep 14 5:00 PM","47.2497112295561"
"Year 1 Sep 14 6:00 PM","15.2600254081094"
"Year 1 Sep 14 7:00 PM","0"
"Year 1 Sep 14 8:00 PM","0"
"Year 1 Sep 14 9:00 PM","0"
"Year 1 Sep 14 10:00 PM","0"
"Year 1 Sep 14 11:00 PM","0"
"Year 1 Sep 15 12:00 AM","0"
"Year 1 Sep 15 1:00 AM","0"
"Year 1 Sep 15 2:00 AM","0"
"Year 1 Sep 15 3:00 AM","0"
"Year 1 Sep 15 4:00 AM","0"
"Year 1 Sep 15 5:00 AM","0"
"Year 1 Sep 15 6:00 AM","7.58274025832746"
"Year 1 Sep 15 7:00 AM","43.2770169337997"
"Year 1 Sep 15 8:00 AM","150.621064984604"
"Year 1 Sep 15 9:00 AM","307.356415483614"
"Year 1 Sep 15 10:00 AM","429.479650072712"
"Year 1 Sep 15 11:00 AM","570.712342611747"
"Year 1 Sep 15 12:00 PM","480.917323296901"
"Year 1 Sep 15 1:00 PM","150.338072595581"
"Year 1 Sep 15 2:00 PM","119.866740591164"
"Year 1 Sep 15 3:00 PM","112.910513436294"
"Year 1 Sep 15 4:00 PM","93.9834415746491"
"Year 1 Sep 15 5:00 PM","54.0689142712872"
"Year 1 Sep 15 6:00 PM","15.3270485252368"
"Year 1 Sep 15 7:00 PM","0"
"Year 1 Sep 15 8:00 PM","0"
"Year 1 Sep 15 9:00 PM","0"
"Year 1 Sep 15 10:00 PM","0"
"Year 1 Sep 15 11:00 PM","0"
"Year 1 Sep 16 12:00 AM","0"
"Year 1 Sep 16 1:00 AM","0"
"Year 1 Sep 16 2:00 AM","0"
"Year 1 Sep 16 3:00 AM","0"
"Year 1 Sep 16 4:00 AM","0"
"Year 1 Sep 16 5:00 AM","0"
"Year 1 Sep 16 6:00 AM","6.09294279228125"
"Year 1 Sep 16 7:00 AM","35.878718645334"
"Year 1 Sep 16 8:00 AM","78.6210578251235"
"Year 1 Sep 16 9:00 AM","95.4868401146187"
"Year 1 Sep 16 10:00 AM","111.197674777563"
"Year 1 Sep 16 11:00 AM","111.356346708845"
"Year 1 Sep 16 12:00 PM","116.873967412752"
"Year 1 Sep 16 1:00 PM","122.991701944449"
"Year 1 Sep 16 2:00 PM","146.000126854727"
"Year 1 Sep 16 3:00 PM","106.888011063167"
"Year 1 Sep 16 4:00 PM","70.7652357533354"
"Year 1 Sep 16 5:00 PM","57.0529805283617"
"Year 1 Sep 16 6:00 PM","15.9351233363367"
"Year 1 Sep 16 7:00 PM","0"
"Year 1 Sep 16 8:00 PM","0"
"Year 1 Sep 16 9:00 PM","0"
"Year 1 Sep 16 10:00 PM","0"
"Year 1 Sep 16 11:00 PM","0"
"Year 1 Sep 17 12:00 AM","0"
"Year 1 Sep 17 1:00 AM","0"
"Year 1 Sep 17 2:00 AM","0"
"Year 1 Sep 17 3:00 AM","0"
"Year 1 Sep 17 4:00 AM","0"
"Year 1 Sep 17 5:00 AM","0"
"Year 1 Sep 17 6:00 AM","4.32414609265081"
"Year 1 Sep 17 7:00 AM","21.4343684150507"
"Year 1 Sep 17 8:00 AM","36.3376877724495"
"Year 1 Sep 17 9:00 AM","58.4903077014131"
"Year 1 Sep 17 10:00 AM","88.3347619114544"
"Year 1 Sep 17 11:00 AM","171.249176302599"
"Year 1 Sep 17 12:00 PM","199.562773668399"
"Year 1 Sep 17 1:00 PM","155.710686700512"
"Year 1 Sep 17 2:00 PM","140.32940691566"
"Year 1 Sep 17 3:00 PM","90.814486068714"
"Year 1 Sep 17 4:00 PM","88.7439635369519"
"Year 1 Sep 17 5:00 PM","41.668414472282"
"Year 1 Sep 17 6:00 PM","11.726156149487"
"Year 1 Sep 17 7:00 PM","0"
"Year 1 Sep 17 8:00 PM","0"
"Year 1 Sep 17 9:00 PM","0"
"Year 1 Sep 17 10:00 PM","0"
"Year 1 Sep 17 11:00 PM","0"
"Year 1 Sep 18 12:00 AM","0"
"Year 1 Sep 18 1:00 AM","0"
"Year 1 Sep 18 2:00 AM","0"
"Year 1 Sep 18 3:00 AM","0"
"Year 1 Sep 18 4:00 AM","0"
"Year 1 Sep 18 5:00 AM","0"
"Year 1 Sep 18 6:00 AM","5.09109895403568"
"Year 1 Sep 18 7:00 AM","27.6358829258013"
"Year 1 Sep 18 8:00 AM","60.4221392648831"
"Year 1 Sep 18 9:00 AM","113.405099792986"
"Year 1 Sep 18 10:00 AM","142.663949065163"
"Year 1 Sep 18 11:00 AM","181.901566002206"
"Year 1 Sep 18 12:00 PM","193.209654338877"
"Year 1 Sep 18 1:00 PM","146.27219622326"
"Year 1 Sep 18 2:00 PM","96.1948736608337"
"Year 1 Sep 18 3:00 PM","84.2407592530124"
"Year 1 Sep 18 4:00 PM","55.2643706295237"
"Year 1 Sep 18 5:00 PM","31.9144728198717"
"Year 1 Sep 18 6:00 PM","9.53515489937827"
"Year 1 Sep 18 7:00 PM","0"
"Year 1 Sep 18 8:00 PM","0"
"Year 1 Sep 18 9:00 PM","0"
"Year 1 Sep 18 10:00 PM","0"
"Year 1 Sep 18 11:00 PM","0"
"Year 1 Sep 19 12:00 AM","0"
"Year 1 Sep 19 1:00 AM","0"
"Year 1 Sep 19 2:00 AM","0"
"Year 1 Sep 19 3:00 AM","0"
"Year 1 Sep 19 4:00 AM","0"
"Year 1 Sep 19 5:00 AM","0"
"Year 1 Sep 19 6:00 AM","7.84133001224018"
"Year 1 Sep 19 7:00 AM","86.852524431189"
"Year 1 Sep 19 8:00 AM","250.662400193886"
"Year 1 Sep 19 9:00 AM","426.791315851361"
"Year 1 Sep 19 10:00 AM","554.39934562161"
"Year 1 Sep 19 11:00 AM","523.971166375604"
"Year 1 Sep 19 12:00 PM","473.256986233808"
"Year 1 Sep 19 1:00 PM","150.005855065611"
"Year 1 Sep 19 2:00 PM","108.776453210826"
"Year 1 Sep 19 3:00 PM","97.8075525120033"
"Year 1 Sep 19 4:00 PM","71.0223721756878"
"Year 1 Sep 19 5:00 PM","27.9416879277113"
"Year 1 Sep 19 6:00 PM","8.49796099283227"
"Year 1 Sep 19 7:00 PM","0"
"Year 1 Sep 19 8:00 PM","0"
"Year 1 Sep 19 9:00 PM","0"
"Year 1 Sep 19 10:00 PM","0"
"Year 1 Sep 19 11:00 PM","0"
"Year 1 Sep 20 12:00 AM","0"
"Year 1 Sep 20 1:00 AM","0"
"Year 1 Sep 20 2:00 AM","0"
"Year 1 Sep 20 3:00 AM","0"
"Year 1 Sep 20 4:00 AM","0"
"Year 1 Sep 20 5:00 AM","0"
"Year 1 Sep 20 6:00 AM","4.4982425879118"
"Year 1 Sep 20 7:00 AM","36.6958469324867"
"Year 1 Sep 20 8:00 AM","75.9937721528384"
"Year 1 Sep 20 9:00 AM","138.845258890428"
"Year 1 Sep 20 10:00 AM","261.709005567229"
"Year 1 Sep 20 11:00 AM","173.748164836922"
"Year 1 Sep 20 12:00 PM","315.866244796273"
"Year 1 Sep 20 1:00 PM","152.652858271255"
"Year 1 Sep 20 2:00 PM","123.011749413119"
"Year 1 Sep 20 3:00 PM","98.683376009779"
"Year 1 Sep 20 4:00 PM","55.9702610738998"
"Year 1 Sep 20 5:00 PM","34.5103800105802"
"Year 1 Sep 20 6:00 PM","8.34294427866535"
"Year 1 Sep 20 7:00 PM","0"
"Year 1 Sep 20 8:00 PM","0"
"Year 1 Sep 20 9:00 PM","0"
"Year 1 Sep 20 10:00 PM","0"
"Year 1 Sep 20 11:00 PM","0"
"Year 1 Sep 21 12:00 AM","0"
"Year 1 Sep 21 1:00 AM","0"
"Year 1 Sep 21 2:00 AM","0"
"Year 1 Sep 21 3:00 AM","0"
"Year 1 Sep 21 4:00 AM","0"
"Year 1 Sep 21 5:00 AM","0"
"Year 1 Sep 21 6:00 AM","5.9356414314313"
"Year 1 Sep 21 7:00 AM","37.0232874530559"
"Year 1 Sep 21 8:00 AM","59.1008703294583"
"Year 1 Sep 21 9:00 AM","106.693645566456"
"Year 1 Sep 21 10:00 AM","146.775870021849"
"Year 1 Sep 21 11:00 AM","111.979902871677"
"Year 1 Sep 21 12:00 PM","132.507238978501"
"Year 1 Sep 21 1:00 PM","143.345451460373"
"Year 1 Sep 21 2:00 PM","103.582213559035"
"Year 1 Sep 21 3:00 PM","83.635735509735"
"Year 1 Sep 21 4:00 PM","58.4980043628279"
"Year 1 Sep 21 5:00 PM","31.5653532533198"
"Year 1 Sep 21 6:00 PM","6.283675164895"
"Year 1 Sep 21 7:00 PM","0"
"Year 1 Sep 21 8:00 PM","0"
"Year 1 Sep 21 9:00 PM","0"
"Year 1 Sep 21 10:00 PM","0"
"Year 1 Sep 21 11:00 PM","0"
"Year 1 Sep 22 12:00 AM","0"
"Year 1 Sep 22 1:00 AM","0"
"Year 1 Sep 22 2:00 AM","0"
"Year 1 Sep 22 3:00 AM","0"
"Year 1 Sep 22 4:00 AM","0"
"Year 1 Sep 22 5:00 AM","0"
"Year 1 Sep 22 6:00 AM","6.37285868512172"
"Year 1 Sep 22 7:00 AM","44.529198205783"
"Year 1 Sep 22 8:00 AM","93.9303243259914"
"Year 1 Sep 22 9:00 AM","275.398466518281"
"Year 1 Sep 22 10:00 AM","221.544003453179"
"Year 1 Sep 22 11:00 AM","179.917889246902"
"Year 1 Sep 22 12:00 PM","170.691465545335"
"Year 1 Sep 22 1:00 PM","135.226341621767"
"Year 1 Sep 22 2:00 PM","92.6648668435974"
"Year 1 Sep 22 3:00 PM","65.1168626576807"
"Year 1 Sep 22 4:00 PM","62.1389451846791"
"Year 1 Sep 22 5:00 PM","39.8326241986785"
"Year 1 Sep 22 6:00 PM","9.97270090522732"
"Year 1 Sep 22 7:00 PM","0"
"Year 1 Sep 22 8:00 PM","0"
"Year 1 Sep 22 9:00 PM","0"
"Year 1 Sep 22 10:00 PM","0"
"Year 1 Sep 22 11:00 PM","0"
"Year 1 Sep 23 12:00 AM","0"
"Year 1 Sep 23 1:00 AM","0"
"Year 1 Sep 23 2:00 AM","0"
"Year 1 Sep 23 3:00 AM","0"
"Year 1 Sep 23 4:00 AM","0"
"Year 1 Sep 23 5:00 AM","0"
"Year 1 Sep 23 6:00 AM","5.82422470262335"
"Year 1 Sep 23 7:00 AM","86.1091001401015"
"Year 1 Sep 23 8:00 AM","255.136770965083"
"Year 1 Sep 23 9:00 AM","432.092137871664"
"Year 1 Sep 23 10:00 AM","572.405578903951"
"Year 1 Sep 23 11:00 AM","627.338138649265"
"Year 1 Sep 23 12:00 PM","589.936190796327"
"Year 1 Sep 23 1:00 PM","101.012826520068"
"Year 1 Sep 23 2:00 PM","47.4918529711471"
"Year 1 Sep 23 3:00 PM","28.5160294330632"
"Year 1 Sep 23 4:00 PM","22.9596475098551"
"Year 1 Sep 23 5:00 PM","17.7476086872845"
"Year 1 Sep 23 6:00 PM","7.41924579812121"
"Year 1 Sep 23 7:00 PM","0"
"Year 1 Sep 23 8:00 PM","0"
"Year 1 Sep 23 9:00 PM","0"
"Year 1 Sep 23 10:00 PM","0"
"Year 1 Sep 23 11:00 PM","0"
"Year 1 Sep 24 12:00 AM","0"
"Year 1 Sep 24 1:00 AM","0"
"Year 1 Sep 24 2:00 AM","0"
"Year 1 Sep 24 3:00 AM","0"
"Year 1 Sep 24 4:00 AM","0"
"Year 1 Sep 24 5:00 AM","0"
"Year 1 Sep 24 6:00 AM","4.98274116918744"
"Year 1 Sep 24 7:00 AM","77.1617202271819"
"Year 1 Sep 24 8:00 AM","198.551765883084"
"Year 1 Sep 24 9:00 AM","204.810981416621"
"Year 1 Sep 24 10:00 AM","503.596187107176"
"Year 1 Sep 24 11:00 AM","610.155657116955"
"Year 1 Sep 24 12:00 PM","657.098288065311"
"Year 1 Sep 24 1:00 PM","99.4967393344021"
"Year 1 Sep 24 2:00 PM","54.6377599541804"
"Year 1 Sep 24 3:00 PM","48.5031871663318"
"Year 1 Sep 24 4:00 PM","36.4272459829149"
"Year 1 Sep 24 5:00 PM","28.7930639770288"
"Year 1 Sep 24 6:00 PM","6.35797309345337"
"Year 1 Sep 24 7:00 PM","0"
"Year 1 Sep 24 8:00 PM","0"
"Year 1 Sep 24 9:00 PM","0"
"Year 1 Sep 24 10:00 PM","0"
"Year 1 Sep 24 11:00 PM","0"
"Year 1 Sep 25 12:00 AM","0"
"Year 1 Sep 25 1:00 AM","0"
"Year 1 Sep 25 2:00 AM","0"
"Year 1 Sep 25 3:00 AM","0"
"Year 1 Sep 25 4:00 AM","0"
"Year 1 Sep 25 5:00 AM","0"
"Year 1 Sep 25 6:00 AM","4.87304533389712"
"Year 1 Sep 25 7:00 AM","63.6001591832416"
"Year 1 Sep 25 8:00 AM","191.620426249381"
"Year 1 Sep 25 9:00 AM","382.220901299379"
"Year 1 Sep 25 10:00 AM","514.90413719063"
"Year 1 Sep 25 11:00 AM","636.069493951055"
"Year 1 Sep 25 12:00 PM","615.379665770054"
"Year 1 Sep 25 1:00 PM","95.6159612709155"
"Year 1 Sep 25 2:00 PM","33.1049514564864"
"Year 1 Sep 25 3:00 PM","28.7199571731206"
"Year 1 Sep 25 4:00 PM","26.3961786621799"
"Year 1 Sep 25 5:00 PM","20.3976871709693"
"Year 1 Sep 25 6:00 PM","7.51632037161781"
"Year 1 Sep 25 7:00 PM","0"
"Year 1 Sep 25 8:00 PM","0"
"Year 1 Sep 25 9:00 PM","0"
"Year 1 Sep 25 10:00 PM","0"
"Year 1 Sep 25 11:00 PM","0"
"Year 1 Sep 26 12:00 AM","0"
"Year 1 Sep 26 1:00 AM","0"
"Year 1 Sep 26 2:00 AM","0"
"Year 1 Sep 26 3:00 AM","0"
"Year 1 Sep 26 4:00 AM","0"
"Year 1 Sep 26 5:00 AM","0"
"Year 1 Sep 26 6:00 AM","5.67374576757768"
"Year 1 Sep 26 7:00 AM","76.208604622233"
"Year 1 Sep 26 8:00 AM","237.44726359702"
"Year 1 Sep 26 9:00 AM","415.698883011231"
"Year 1 Sep 26 10:00 AM","562.836847133725"
"Year 1 Sep 26 11:00 AM","659.800764186873"
"Year 1 Sep 26 12:00 PM","697.021228161062"
"Year 1 Sep 26 1:00 PM","103.736081453505"
"Year 1 Sep 26 2:00 PM","31.6167759795173"
"Year 1 Sep 26 3:00 PM","33.655649269891"
"Year 1 Sep 26 4:00 PM","43.1314376261445"
"Year 1 Sep 26 5:00 PM","37.4645077873522"
"Year 1 Sep 26 6:00 PM","7.13251187531618"
"Year 1 Sep 26 7:00 PM","0"
"Year 1 Sep 26 8:00 PM","0"
"Year 1 Sep 26 9:00 PM","0"
"Year 1 Sep 26 10:00 PM","0"
"Year 1 Sep 26 11:00 PM","0"
"Year 1 Sep 27 12:00 AM","0"
"Year 1 Sep 27 1:00 AM","0"
"Year 1 Sep 27 2:00 AM","0"
"Year 1 Sep 27 3:00 AM","0"
"Year 1 Sep 27 4:00 AM","0"
"Year 1 Sep 27 5:00 AM","0"
"Year 1 Sep 27 6:00 AM","4.67481016466875"
"Year 1 Sep 27 7:00 AM","68.3719744816061"
"Year 1 Sep 27 8:00 AM","233.3111630085"
"Year 1 Sep 27 9:00 AM","393.075768895028"
"Year 1 Sep 27 10:00 AM","453.247652154255"
"Year 1 Sep 27 11:00 AM","482.366297390618"
"Year 1 Sep 27 12:00 PM","418.004118815889"
"Year 1 Sep 27 1:00 PM","102.09196812692"
"Year 1 Sep 27 2:00 PM","30.6739461471751"
"Year 1 Sep 27 3:00 PM","27.2276275411074"
"Year 1 Sep 27 4:00 PM","23.2108476944887"
"Year 1 Sep 27 5:00 PM","22.9782988520525"
"Year 1 Sep 27 6:00 PM","6.07179663721712"
"Year 1 Sep 27 7:00 PM","0"
"Year 1 Sep 27 8:00 PM","0"
"Year 1 Sep 27 9:00 PM","0"
"Year 1 Sep 27 10:00 PM","0"
"Year 1 Sep 27 11:00 PM","0"
"Year 1 Sep 28 12:00 AM","0"
"Year 1 Sep 28 1:00 AM","0"
"Year 1 Sep 28 2:00 AM","0"
"Year 1 Sep 28 3:00 AM","0"
"Year 1 Sep 28 4:00 AM","0"
"Year 1 Sep 28 5:00 AM","0"
"Year 1 Sep 28 6:00 AM","5.77618145713187"
"Year 1 Sep 28 7:00 AM","74.7776517880016"
"Year 1 Sep 28 8:00 AM","242.208346991988"
"Year 1 Sep 28 9:00 AM","392.408615806363"
"Year 1 Sep 28 10:00 AM","404.072191118215"
"Year 1 Sep 28 11:00 AM","603.970299467032"
"Year 1 Sep 28 12:00 PM","581.509491128805"
"Year 1 Sep 28 1:00 PM","112.632453204411"
"Year 1 Sep 28 2:00 PM","98.8365469980026"
"Year 1 Sep 28 3:00 PM","88.6837369460272"
"Year 1 Sep 28 4:00 PM","74.2611732690618"
"Year 1 Sep 28 5:00 PM","38.277678445073"
"Year 1 Sep 28 6:00 PM","6.43422838173402"
"Year 1 Sep 28 7:00 PM","0"
"Year 1 Sep 28 8:00 PM","0"
"Year 1 Sep 28 9:00 PM","0"
"Year 1 Sep 28 10:00 PM","0"
"Year 1 Sep 28 11:00 PM","0"
"Year 1 Sep 29 12:00 AM","0"
"Year 1 Sep 29 1:00 AM","0"
"Year 1 Sep 29 2:00 AM","0"
"Year 1 Sep 29 3:00 AM","0"
"Year 1 Sep 29 4:00 AM","0"
"Year 1 Sep 29 5:00 AM","0"
"Year 1 Sep 29 6:00 AM","4.50225819280871"
"Year 1 Sep 29 7:00 AM","78.5774053600557"
"Year 1 Sep 29 8:00 AM","245.010844257614"
"Year 1 Sep 29 9:00 AM","416.970861386859"
"Year 1 Sep 29 10:00 AM","485.065218533859"
"Year 1 Sep 29 11:00 AM","272.744662576301"
"Year 1 Sep 29 12:00 PM","249.16128497573"
"Year 1 Sep 29 1:00 PM","128.178920078769"
"Year 1 Sep 29 2:00 PM","97.9851028372199"
"Year 1 Sep 29 3:00 PM","70.0286989964335"
"Year 1 Sep 29 4:00 PM","53.5211329195271"
"Year 1 Sep 29 5:00 PM","23.940471797393"
"Year 1 Sep 29 6:00 PM","5.5318263423164"
"Year 1 Sep 29 7:00 PM","0"
"Year 1 Sep 29 8:00 PM","0"
"Year 1 Sep 29 9:00 PM","0"
"Year 1 Sep 29 10:00 PM","0"
"Year 1 Sep 29 11:00 PM","0"
"Year 1 Sep 30 12:00 AM","0"
"Year 1 Sep 30 1:00 AM","0"
"Year 1 Sep 30 2:00 AM","0"
"Year 1 Sep 30 3:00 AM","0"
"Year 1 Sep 30 4:00 AM","0"
"Year 1 Sep 30 5:00 AM","0"
"Year 1 Sep 30 6:00 AM","2.76128338920273"
"Year 1 Sep 30 7:00 AM","48.7738101168808"
"Year 1 Sep 30 8:00 AM","127.906146049284"
"Year 1 Sep 30 9:00 AM","172.617738390445"
"Year 1 Sep 30 10:00 AM","390.570502574267"
"Year 1 Sep 30 11:00 AM","550.412393183877"
"Year 1 Sep 30 12:00 PM","564.205123636504"
"Year 1 Sep 30 1:00 PM","112.782605060837"
"Year 1 Sep 30 2:00 PM","71.1438106522879"
"Year 1 Sep 30 3:00 PM","64.785617348009"
"Year 1 Sep 30 4:00 PM","57.8928671083028"
"Year 1 Sep 30 5:00 PM","34.5047397114027"
"Year 1 Sep 30 6:00 PM","5.74347202553126"
"Year 1 Sep 30 7:00 PM","0"
"Year 1 Sep 30 8:00 PM","0"
"Year 1 Sep 30 9:00 PM","0"
"Year 1 Sep 30 10:00 PM","0"
"Year 1 Sep 30 11:00 PM","0"
"Year 1 Oct 01 12:00 AM","0"
"Year 1 Oct 01 1:00 AM","0"
"Year 1 Oct 01 2:00 AM","0"
"Year 1 Oct 01 3:00 AM","0"
"Year 1 Oct 01 4:00 AM","0"
"Year 1 Oct 01 5:00 AM","0"
"Year 1 Oct 01 6:00 AM","2.91475942244861"
"Year 1 Oct 01 7:00 AM","62.704763088376"
"Year 1 Oct 01 8:00 AM","212.121123960241"
"Year 1 Oct 01 9:00 AM","386.964568611161"
"Year 1 Oct 01 10:00 AM","531.811595702877"
"Year 1 Oct 01 11:00 AM","608.319214160946"
"Year 1 Oct 01 12:00 PM","645.417313643098"
"Year 1 Oct 01 1:00 PM","119.623662923572"
"Year 1 Oct 01 2:00 PM","61.1371564876395"
"Year 1 Oct 01 3:00 PM","51.1203500827436"
"Year 1 Oct 01 4:00 PM","38.3176959112076"
"Year 1 Oct 01 5:00 PM","25.424183487759"
"Year 1 Oct 01 6:00 PM","5.61105510692948"
"Year 1 Oct 01 7:00 PM","0"
"Year 1 Oct 01 8:00 PM","0"
"Year 1 Oct 01 9:00 PM","0"
"Year 1 Oct 01 10:00 PM","0"
"Year 1 Oct 01 11:00 PM","0"
"Year 1 Oct 02 12:00 AM","0"
"Year 1 Oct 02 1:00 AM","0"
"Year 1 Oct 02 2:00 AM","0"
"Year 1 Oct 02 3:00 AM","0"
"Year 1 Oct 02 4:00 AM","0"
"Year 1 Oct 02 5:00 AM","0"
"Year 1 Oct 02 6:00 AM","2.62367288653128"
"Year 1 Oct 02 7:00 AM","74.3515869459803"
"Year 1 Oct 02 8:00 AM","234.028104781227"
"Year 1 Oct 02 9:00 AM","336.497350542856"
"Year 1 Oct 02 10:00 AM","434.089072342081"
"Year 1 Oct 02 11:00 AM","593.998701664332"
"Year 1 Oct 02 12:00 PM","563.607994931143"
"Year 1 Oct 02 1:00 PM","86.0678854882956"
"Year 1 Oct 02 2:00 PM","35.2339996065016"
"Year 1 Oct 02 3:00 PM","63.4645409281617"
"Year 1 Oct 02 4:00 PM","56.0964484426203"
"Year 1 Oct 02 5:00 PM","26.1062084583994"
"Year 1 Oct 02 6:00 PM","3.09032259676464"
"Year 1 Oct 02 7:00 PM","0"
"Year 1 Oct 02 8:00 PM","0"
"Year 1 Oct 02 9:00 PM","0"
"Year 1 Oct 02 10:00 PM","0"
"Year 1 Oct 02 11:00 PM","0"
"Year 1 Oct 03 12:00 AM","0"
"Year 1 Oct 03 1:00 AM","0"
"Year 1 Oct 03 2:00 AM","0"
"Year 1 Oct 03 3:00 AM","0"
"Year 1 Oct 03 4:00 AM","0"
"Year 1 Oct 03 5:00 AM","0"
"Year 1 Oct 03 6:00 AM","1.42095326036775"
"Year 1 Oct 03 7:00 AM","22.9416698831137"
"Year 1 Oct 03 8:00 AM","68.9892068079346"
"Year 1 Oct 03 9:00 AM","122.318948914499"
"Year 1 Oct 03 10:00 AM","158.435796856222"
"Year 1 Oct 03 11:00 AM","206.332116692405"
"Year 1 Oct 03 12:00 PM","333.913080876068"
"Year 1 Oct 03 1:00 PM","126.330804178286"
"Year 1 Oct 03 2:00 PM","84.9356022336053"
"Year 1 Oct 03 3:00 PM","70.0576107474684"
"Year 1 Oct 03 4:00 PM","53.3466481770459"
"Year 1 Oct 03 5:00 PM","31.8840837307558"
"Year 1 Oct 03 6:00 PM","4.45345551215663"
"Year 1 Oct 03 7:00 PM","0"
"Year 1 Oct 03 8:00 PM","0"
"Year 1 Oct 03 9:00 PM","0"
"Year 1 Oct 03 10:00 PM","0"
"Year 1 Oct 03 11:00 PM","0"
"Year 1 Oct 04 12:00 AM","0"
"Year 1 Oct 04 1:00 AM","0"
"Year 1 Oct 04 2:00 AM","0"
"Year 1 Oct 04 3:00 AM","0"
"Year 1 Oct 04 4:00 AM","0"
"Year 1 Oct 04 5:00 AM","0"
"Year 1 Oct 04 6:00 AM","2.5166384648904"
"Year 1 Oct 04 7:00 AM","41.0005560940525"
"Year 1 Oct 04 8:00 AM","86.6021671293954"
"Year 1 Oct 04 9:00 AM","140.337631430003"
"Year 1 Oct 04 10:00 AM","270.861436744269"
"Year 1 Oct 04 11:00 AM","133.024940121483"
"Year 1 Oct 04 12:00 PM","128.406671062517"
"Year 1 Oct 04 1:00 PM","109.08936561206"
"Year 1 Oct 04 2:00 PM","90.5458565426302"
"Year 1 Oct 04 3:00 PM","84.1738639729099"
"Year 1 Oct 04 4:00 PM","51.4355876309293"
"Year 1 Oct 04 5:00 PM","32.2276137015363"
"Year 1 Oct 04 6:00 PM","4.6024321190006"
"Year 1 Oct 04 7:00 PM","0"
"Year 1 Oct 04 8:00 PM","0"
"Year 1 Oct 04 9:00 PM","0"
"Year 1 Oct 04 10:00 PM","0"
"Year 1 Oct 04 11:00 PM","0"
"Year 1 Oct 05 12:00 AM","0"
"Year 1 Oct 05 1:00 AM","0"
"Year 1 Oct 05 2:00 AM","0"
"Year 1 Oct 05 3:00 AM","0"
"Year 1 Oct 05 4:00 AM","0"
"Year 1 Oct 05 5:00 AM","0"
"Year 1 Oct 05 6:00 AM","2.66157227972628"
"Year 1 Oct 05 7:00 AM","39.7849232202231"
"Year 1 Oct 05 8:00 AM","148.750162162198"
"Year 1 Oct 05 9:00 AM","381.634620937752"
"Year 1 Oct 05 10:00 AM","515.576431414665"
"Year 1 Oct 05 11:00 AM","519.873848288296"
"Year 1 Oct 05 12:00 PM","259.044377218753"
"Year 1 Oct 05 1:00 PM","109.433951969137"
"Year 1 Oct 05 2:00 PM","74.5328237731418"
"Year 1 Oct 05 3:00 PM","53.4931617334501"
"Year 1 Oct 05 4:00 PM","43.7891004216482"
"Year 1 Oct 05 5:00 PM","15.5766538206702"
"Year 1 Oct 05 6:00 PM","2.39399449429982"
"Year 1 Oct 05 7:00 PM","0"
"Year 1 Oct 05 8:00 PM","0"
"Year 1 Oct 05 9:00 PM","0"
"Year 1 Oct 05 10:00 PM","0"
"Year 1 Oct 05 11:00 PM","0"
"Year 1 Oct 06 12:00 AM","0"
"Year 1 Oct 06 1:00 AM","0"
"Year 1 Oct 06 2:00 AM","0"
"Year 1 Oct 06 3:00 AM","0"
"Year 1 Oct 06 4:00 AM","0"
"Year 1 Oct 06 5:00 AM","0"
"Year 1 Oct 06 6:00 AM","1.92244892456491"
"Year 1 Oct 06 7:00 AM","31.1211418796128"
"Year 1 Oct 06 8:00 AM","129.680397433201"
"Year 1 Oct 06 9:00 AM","367.076048187562"
"Year 1 Oct 06 10:00 AM","332.853526427235"
"Year 1 Oct 06 11:00 AM","179.794687981142"
"Year 1 Oct 06 12:00 PM","164.213126053768"
"Year 1 Oct 06 1:00 PM","131.67311410217"
"Year 1 Oct 06 2:00 PM","107.912201989515"
"Year 1 Oct 06 3:00 PM","87.178354138905"
"Year 1 Oct 06 4:00 PM","64.6983216918133"
"Year 1 Oct 06 5:00 PM","28.0449580068154"
"Year 1 Oct 06 6:00 PM","3.29841465303113"
"Year 1 Oct 06 7:00 PM","0"
"Year 1 Oct 06 8:00 PM","0"
"Year 1 Oct 06 9:00 PM","0"
"Year 1 Oct 06 10:00 PM","0"
"Year 1 Oct 06 11:00 PM","0"
"Year 1 Oct 07 12:00 AM","0"
"Year 1 Oct 07 1:00 AM","0"
"Year 1 Oct 07 2:00 AM","0"
"Year 1 Oct 07 3:00 AM","0"
"Year 1 Oct 07 4:00 AM","0"
"Year 1 Oct 07 5:00 AM","0"
"Year 1 Oct 07 6:00 AM","2.28364822989379"
"Year 1 Oct 07 7:00 AM","59.9499142322745"
"Year 1 Oct 07 8:00 AM","193.291808432338"
"Year 1 Oct 07 9:00 AM","257.715353831014"
"Year 1 Oct 07 10:00 AM","214.140896427044"
"Year 1 Oct 07 11:00 AM","230.775458568348"
"Year 1 Oct 07 12:00 PM","219.621857772193"
"Year 1 Oct 07 1:00 PM","136.972165644079"
"Year 1 Oct 07 2:00 PM","113.846193059168"
"Year 1 Oct 07 3:00 PM","75.6838635879306"
"Year 1 Oct 07 4:00 PM","56.8094614550234"
"Year 1 Oct 07 5:00 PM","21.9602369819371"
"Year 1 Oct 07 6:00 PM","2.42618232863585"
"Year 1 Oct 07 7:00 PM","0"
"Year 1 Oct 07 8:00 PM","0"
"Year 1 Oct 07 9:00 PM","0"
"Year 1 Oct 07 10:00 PM","0"
"Year 1 Oct 07 11:00 PM","0"
"Year 1 Oct 08 12:00 AM","0"
"Year 1 Oct 08 1:00 AM","0"
"Year 1 Oct 08 2:00 AM","0"
"Year 1 Oct 08 3:00 AM","0"
"Year 1 Oct 08 4:00 AM","0"
"Year 1 Oct 08 5:00 AM","0"
"Year 1 Oct 08 6:00 AM","1.26711275236325"
"Year 1 Oct 08 7:00 AM","49.2829903184933"
"Year 1 Oct 08 8:00 AM","200.553066546954"
"Year 1 Oct 08 9:00 AM","365.819072320744"
"Year 1 Oct 08 10:00 AM","482.024658363324"
"Year 1 Oct 08 11:00 AM","577.152555293181"
"Year 1 Oct 08 12:00 PM","621.653117114923"
"Year 1 Oct 08 1:00 PM","79.7124684168073"
"Year 1 Oct 08 2:00 PM","34.7924953391335"
"Year 1 Oct 08 3:00 PM","44.7262617985536"
"Year 1 Oct 08 4:00 PM","34.6397570364048"
"Year 1 Oct 08 5:00 PM","20.9010613604255"
"Year 1 Oct 08 6:00 PM","1.81146771099896"
"Year 1 Oct 08 7:00 PM","0"
"Year 1 Oct 08 8:00 PM","0"
"Year 1 Oct 08 9:00 PM","0"
"Year 1 Oct 08 10:00 PM","0"
"Year 1 Oct 08 11:00 PM","0"
"Year 1 Oct 09 12:00 AM","0"
"Year 1 Oct 09 1:00 AM","0"
"Year 1 Oct 09 2:00 AM","0"
"Year 1 Oct 09 3:00 AM","0"
"Year 1 Oct 09 4:00 AM","0"
"Year 1 Oct 09 5:00 AM","0"
"Year 1 Oct 09 6:00 AM","0"
"Year 1 Oct 09 7:00 AM","40.1889239511245"
"Year 1 Oct 09 8:00 AM","115.045340054157"
"Year 1 Oct 09 9:00 AM","281.971749535181"
"Year 1 Oct 09 10:00 AM","470.454463599424"
"Year 1 Oct 09 11:00 AM","512.709202901414"
"Year 1 Oct 09 12:00 PM","423.987414661228"
"Year 1 Oct 09 1:00 PM","79.3716761496829"
"Year 1 Oct 09 2:00 PM","50.8647747979303"
"Year 1 Oct 09 3:00 PM","54.6697441399482"
"Year 1 Oct 09 4:00 PM","45.4019912736458"
"Year 1 Oct 09 5:00 PM","22.1633364777231"
"Year 1 Oct 09 6:00 PM","1.7542391971696"
"Year 1 Oct 09 7:00 PM","0"
"Year 1 Oct 09 8:00 PM","0"
"Year 1 Oct 09 9:00 PM","0"
"Year 1 Oct 09 10:00 PM","0"
"Year 1 Oct 09 11:00 PM","0"
"Year 1 Oct 10 12:00 AM","0"
"Year 1 Oct 10 1:00 AM","0"
"Year 1 Oct 10 2:00 AM","0"
"Year 1 Oct 10 3:00 AM","0"
"Year 1 Oct 10 4:00 AM","0"
"Year 1 Oct 10 5:00 AM","0"
"Year 1 Oct 10 6:00 AM","0"
"Year 1 Oct 10 7:00 AM","17.7753496729537"
"Year 1 Oct 10 8:00 AM","57.0532050228585"
"Year 1 Oct 10 9:00 AM","85.5157403628401"
"Year 1 Oct 10 10:00 AM","124.743896707132"
"Year 1 Oct 10 11:00 AM","149.397885831888"
"Year 1 Oct 10 12:00 PM","165.880114550092"
"Year 1 Oct 10 1:00 PM","132.030226007343"
"Year 1 Oct 10 2:00 PM","126.242978744497"
"Year 1 Oct 10 3:00 PM","88.5686945835316"
"Year 1 Oct 10 4:00 PM","46.6143970422536"
"Year 1 Oct 10 5:00 PM","17.718935692754"
"Year 1 Oct 10 6:00 PM","1.09400205903934"
"Year 1 Oct 10 7:00 PM","0"
"Year 1 Oct 10 8:00 PM","0"
"Year 1 Oct 10 9:00 PM","0"
"Year 1 Oct 10 10:00 PM","0"
"Year 1 Oct 10 11:00 PM","0"
"Year 1 Oct 11 12:00 AM","0"
"Year 1 Oct 11 1:00 AM","0"
"Year 1 Oct 11 2:00 AM","0"
"Year 1 Oct 11 3:00 AM","0"
"Year 1 Oct 11 4:00 AM","0"
"Year 1 Oct 11 5:00 AM","0"
"Year 1 Oct 11 6:00 AM","0"
"Year 1 Oct 11 7:00 AM","21.7534405940787"
"Year 1 Oct 11 8:00 AM","73.8745909175592"
"Year 1 Oct 11 9:00 AM","264.762580524888"
"Year 1 Oct 11 10:00 AM","361.807946014855"
"Year 1 Oct 11 11:00 AM","167.858307525943"
"Year 1 Oct 11 12:00 PM","152.452425128293"
"Year 1 Oct 11 1:00 PM","128.979712748638"
"Year 1 Oct 11 2:00 PM","107.670983108868"
"Year 1 Oct 11 3:00 PM","87.1664419878847"
"Year 1 Oct 11 4:00 PM","53.5699012734222"
"Year 1 Oct 11 5:00 PM","24.8081210256877"
"Year 1 Oct 11 6:00 PM","1.57699796953845"
"Year 1 Oct 11 7:00 PM","0"
"Year 1 Oct 11 8:00 PM","0"
"Year 1 Oct 11 9:00 PM","0"
"Year 1 Oct 11 10:00 PM","0"
"Year 1 Oct 11 11:00 PM","0"
"Year 1 Oct 12 12:00 AM","0"
"Year 1 Oct 12 1:00 AM","0"
"Year 1 Oct 12 2:00 AM","0"
"Year 1 Oct 12 3:00 AM","0"
"Year 1 Oct 12 4:00 AM","0"
"Year 1 Oct 12 5:00 AM","0"
"Year 1 Oct 12 6:00 AM","0"
"Year 1 Oct 12 7:00 AM","30.4163921553278"
"Year 1 Oct 12 8:00 AM","107.636473165064"
"Year 1 Oct 12 9:00 AM","182.884823346993"
"Year 1 Oct 12 10:00 AM","216.584322801039"
"Year 1 Oct 12 11:00 AM","344.590041295331"
"Year 1 Oct 12 12:00 PM","335.513126179829"
"Year 1 Oct 12 1:00 PM","135.055944511603"
"Year 1 Oct 12 2:00 PM","68.7152231057476"
"Year 1 Oct 12 3:00 PM","63.8650699871933"
"Year 1 Oct 12 4:00 PM","31.9565593652523"
"Year 1 Oct 12 5:00 PM","11.3667473826513"
"Year 1 Oct 12 6:00 PM","0.80222158281469"
"Year 1 Oct 12 7:00 PM","0"
"Year 1 Oct 12 8:00 PM","0"
"Year 1 Oct 12 9:00 PM","0"
"Year 1 Oct 12 10:00 PM","0"
"Year 1 Oct 12 11:00 PM","0"
"Year 1 Oct 13 12:00 AM","0"
"Year 1 Oct 13 1:00 AM","0"
"Year 1 Oct 13 2:00 AM","0"
"Year 1 Oct 13 3:00 AM","0"
"Year 1 Oct 13 4:00 AM","0"
"Year 1 Oct 13 5:00 AM","0"
"Year 1 Oct 13 6:00 AM","0"
"Year 1 Oct 13 7:00 AM","44.2665433999589"
"Year 1 Oct 13 8:00 AM","192.843953645406"
"Year 1 Oct 13 9:00 AM","356.735362848685"
"Year 1 Oct 13 10:00 AM","471.489302775744"
"Year 1 Oct 13 11:00 AM","519.645521287417"
"Year 1 Oct 13 12:00 PM","506.78313452825"
"Year 1 Oct 13 1:00 PM","91.4185973955347"
"Year 1 Oct 13 2:00 PM","65.8539103224803"
"Year 1 Oct 13 3:00 PM","47.8444738748314"
"Year 1 Oct 13 4:00 PM","31.5153738545785"
"Year 1 Oct 13 5:00 PM","20.0009045406857"
"Year 1 Oct 13 6:00 PM","1.32340510631431"
"Year 1 Oct 13 7:00 PM","0"
"Year 1 Oct 13 8:00 PM","0"
"Year 1 Oct 13 9:00 PM","0"
"Year 1 Oct 13 10:00 PM","0"
"Year 1 Oct 13 11:00 PM","0"
"Year 1 Oct 14 12:00 AM","0"
"Year 1 Oct 14 1:00 AM","0"
"Year 1 Oct 14 2:00 AM","0"
"Year 1 Oct 14 3:00 AM","0"
"Year 1 Oct 14 4:00 AM","0"
"Year 1 Oct 14 5:00 AM","0"
"Year 1 Oct 14 6:00 AM","0"
"Year 1 Oct 14 7:00 AM","40.0307434687391"
"Year 1 Oct 14 8:00 AM","148.401017137047"
"Year 1 Oct 14 9:00 AM","191.612183085929"
"Year 1 Oct 14 10:00 AM","234.114725819509"
"Year 1 Oct 14 11:00 AM","352.020188202956"
"Year 1 Oct 14 12:00 PM","390.505853661839"
"Year 1 Oct 14 1:00 PM","126.249709227126"
"Year 1 Oct 14 2:00 PM","72.5486646206765"
"Year 1 Oct 14 3:00 PM","66.9663644542143"
"Year 1 Oct 14 4:00 PM","45.1415907905641"
"Year 1 Oct 14 5:00 PM","22.290216260485"
"Year 1 Oct 14 6:00 PM","0"
"Year 1 Oct 14 7:00 PM","0"
"Year 1 Oct 14 8:00 PM","0"
"Year 1 Oct 14 9:00 PM","0"
"Year 1 Oct 14 10:00 PM","0"
"Year 1 Oct 14 11:00 PM","0"
"Year 1 Oct 15 12:00 AM","0"
"Year 1 Oct 15 1:00 AM","0"
"Year 1 Oct 15 2:00 AM","0"
"Year 1 Oct 15 3:00 AM","0"
"Year 1 Oct 15 4:00 AM","0"
"Year 1 Oct 15 5:00 AM","0"
"Year 1 Oct 15 6:00 AM","0"
"Year 1 Oct 15 7:00 AM","14.6458039138217"
"Year 1 Oct 15 8:00 AM","46.4707565325174"
"Year 1 Oct 15 9:00 AM","58.8511309069686"
"Year 1 Oct 15 10:00 AM","77.7527027495133"
"Year 1 Oct 15 11:00 AM","101.279295461614"
"Year 1 Oct 15 12:00 PM","150.666254348003"
"Year 1 Oct 15 1:00 PM","92.4877550036136"
"Year 1 Oct 15 2:00 PM","108.28015300846"
"Year 1 Oct 15 3:00 PM","94.8209626213414"
"Year 1 Oct 15 4:00 PM","58.8167317813753"
"Year 1 Oct 15 5:00 PM","19.0510929608463"
"Year 1 Oct 15 6:00 PM","0"
"Year 1 Oct 15 7:00 PM","0"
"Year 1 Oct 15 8:00 PM","0"
"Year 1 Oct 15 9:00 PM","0"
"Year 1 Oct 15 10:00 PM","0"
"Year 1 Oct 15 11:00 PM","0"
"Year 1 Oct 16 12:00 AM","0"
"Year 1 Oct 16 1:00 AM","0"
"Year 1 Oct 16 2:00 AM","0"
"Year 1 Oct 16 3:00 AM","0"
"Year 1 Oct 16 4:00 AM","0"
"Year 1 Oct 16 5:00 AM","0"
"Year 1 Oct 16 6:00 AM","0"
"Year 1 Oct 16 7:00 AM","12.8520500434152"
"Year 1 Oct 16 8:00 AM","38.2614529171844"
"Year 1 Oct 16 9:00 AM","75.0632352227541"
"Year 1 Oct 16 10:00 AM","232.535803055291"
"Year 1 Oct 16 11:00 AM","204.931819926549"
"Year 1 Oct 16 12:00 PM","280.308823376281"
"Year 1 Oct 16 1:00 PM","113.548844709969"
"Year 1 Oct 16 2:00 PM","56.942176109178"
"Year 1 Oct 16 3:00 PM","54.9270728955779"
"Year 1 Oct 16 4:00 PM","50.2174110690914"
"Year 1 Oct 16 5:00 PM","16.5670689205956"
"Year 1 Oct 16 6:00 PM","0"
"Year 1 Oct 16 7:00 PM","0"
"Year 1 Oct 16 8:00 PM","0"
"Year 1 Oct 16 9:00 PM","0"
"Year 1 Oct 16 10:00 PM","0"
"Year 1 Oct 16 11:00 PM","0"
"Year 1 Oct 17 12:00 AM","0"
"Year 1 Oct 17 1:00 AM","0"
"Year 1 Oct 17 2:00 AM","0"
"Year 1 Oct 17 3:00 AM","0"
"Year 1 Oct 17 4:00 AM","0"
"Year 1 Oct 17 5:00 AM","0"
"Year 1 Oct 17 6:00 AM","0"
"Year 1 Oct 17 7:00 AM","33.9817723405014"
"Year 1 Oct 17 8:00 AM","155.708033009249"
"Year 1 Oct 17 9:00 AM","312.604751069321"
"Year 1 Oct 17 10:00 AM","426.286215087148"
"Year 1 Oct 17 11:00 AM","492.326025732091"
"Year 1 Oct 17 12:00 PM","468.870739597087"
"Year 1 Oct 17 1:00 PM","106.844854959876"
"Year 1 Oct 17 2:00 PM","66.3629255871881"
"Year 1 Oct 17 3:00 PM","45.4366029150746"
"Year 1 Oct 17 4:00 PM","34.1928123664443"
"Year 1 Oct 17 5:00 PM","17.9016784642822"
"Year 1 Oct 17 6:00 PM","0"
"Year 1 Oct 17 7:00 PM","0"
"Year 1 Oct 17 8:00 PM","0"
"Year 1 Oct 17 9:00 PM","0"
"Year 1 Oct 17 10:00 PM","0"
"Year 1 Oct 17 11:00 PM","0"
"Year 1 Oct 18 12:00 AM","0"
"Year 1 Oct 18 1:00 AM","0"
"Year 1 Oct 18 2:00 AM","0"
"Year 1 Oct 18 3:00 AM","0"
"Year 1 Oct 18 4:00 AM","0"
"Year 1 Oct 18 5:00 AM","0"
"Year 1 Oct 18 6:00 AM","0"
"Year 1 Oct 18 7:00 AM","22.8591162718247"
"Year 1 Oct 18 8:00 AM","101.067393788274"
"Year 1 Oct 18 9:00 AM","256.617419422093"
"Year 1 Oct 18 10:00 AM","386.407295976662"
"Year 1 Oct 18 11:00 AM","267.453501127827"
"Year 1 Oct 18 12:00 PM","143.397251420724"
"Year 1 Oct 18 1:00 PM","115.259272428067"
"Year 1 Oct 18 2:00 PM","94.4553578566812"
"Year 1 Oct 18 3:00 PM","84.2233746628908"
"Year 1 Oct 18 4:00 PM","35.6568917999949"
"Year 1 Oct 18 5:00 PM","14.0576440104996"
"Year 1 Oct 18 6:00 PM","0"
"Year 1 Oct 18 7:00 PM","0"
"Year 1 Oct 18 8:00 PM","0"
"Year 1 Oct 18 9:00 PM","0"
"Year 1 Oct 18 10:00 PM","0"
"Year 1 Oct 18 11:00 PM","0"
"Year 1 Oct 19 12:00 AM","0"
"Year 1 Oct 19 1:00 AM","0"
"Year 1 Oct 19 2:00 AM","0"
"Year 1 Oct 19 3:00 AM","0"
"Year 1 Oct 19 4:00 AM","0"
"Year 1 Oct 19 5:00 AM","0"
"Year 1 Oct 19 6:00 AM","0"
"Year 1 Oct 19 7:00 AM","22.3978109860943"
"Year 1 Oct 19 8:00 AM","111.83754431957"
"Year 1 Oct 19 9:00 AM","252.616112199686"
"Year 1 Oct 19 10:00 AM","393.345779324691"
"Year 1 Oct 19 11:00 AM","468.863730475853"
"Year 1 Oct 19 12:00 PM","504.754836566908"
"Year 1 Oct 19 1:00 PM","97.5402193876936"
"Year 1 Oct 19 2:00 PM","61.8988581745589"
"Year 1 Oct 19 3:00 PM","67.1944074591858"
"Year 1 Oct 19 4:00 PM","39.9768083586831"
"Year 1 Oct 19 5:00 PM","14.7495086300235"
"Year 1 Oct 19 6:00 PM","0"
"Year 1 Oct 19 7:00 PM","0"
"Year 1 Oct 19 8:00 PM","0"
"Year 1 Oct 19 9:00 PM","0"
"Year 1 Oct 19 10:00 PM","0"
"Year 1 Oct 19 11:00 PM","0"
"Year 1 Oct 20 12:00 AM","0"
"Year 1 Oct 20 1:00 AM","0"
"Year 1 Oct 20 2:00 AM","0"
"Year 1 Oct 20 3:00 AM","0"
"Year 1 Oct 20 4:00 AM","0"
"Year 1 Oct 20 5:00 AM","0"
"Year 1 Oct 20 6:00 AM","0"
"Year 1 Oct 20 7:00 AM","32.4699291531136"
"Year 1 Oct 20 8:00 AM","163.842929910801"
"Year 1 Oct 20 9:00 AM","328.872838024183"
"Year 1 Oct 20 10:00 AM","465.894006308817"
"Year 1 Oct 20 11:00 AM","557.646901084589"
"Year 1 Oct 20 12:00 PM","584.991147377131"
"Year 1 Oct 20 1:00 PM","79.3944902215508"
"Year 1 Oct 20 2:00 PM","27.6815354164951"
"Year 1 Oct 20 3:00 PM","25.1476461286893"
"Year 1 Oct 20 4:00 PM","20.6443934531384"
"Year 1 Oct 20 5:00 PM","10.851876610912"
"Year 1 Oct 20 6:00 PM","0"
"Year 1 Oct 20 7:00 PM","0"
"Year 1 Oct 20 8:00 PM","0"
"Year 1 Oct 20 9:00 PM","0"
"Year 1 Oct 20 10:00 PM","0"
"Year 1 Oct 20 11:00 PM","0"
"Year 1 Oct 21 12:00 AM","0"
"Year 1 Oct 21 1:00 AM","0"
"Year 1 Oct 21 2:00 AM","0"
"Year 1 Oct 21 3:00 AM","0"
"Year 1 Oct 21 4:00 AM","0"
"Year 1 Oct 21 5:00 AM","0"
"Year 1 Oct 21 6:00 AM","0"
"Year 1 Oct 21 7:00 AM","27.4785990422049"
"Year 1 Oct 21 8:00 AM","135.917001747398"
"Year 1 Oct 21 9:00 AM","289.079024747667"
"Year 1 Oct 21 10:00 AM","419.357690155841"
"Year 1 Oct 21 11:00 AM","480.257559993407"
"Year 1 Oct 21 12:00 PM","487.52724489515"
"Year 1 Oct 21 1:00 PM","105.937213586779"
"Year 1 Oct 21 2:00 PM","85.3121312155981"
"Year 1 Oct 21 3:00 PM","58.8303647474016"
"Year 1 Oct 21 4:00 PM","44.7209314686747"
"Year 1 Oct 21 5:00 PM","13.6128014355156"
"Year 1 Oct 21 6:00 PM","0"
"Year 1 Oct 21 7:00 PM","0"
"Year 1 Oct 21 8:00 PM","0"
"Year 1 Oct 21 9:00 PM","0"
"Year 1 Oct 21 10:00 PM","0"
"Year 1 Oct 21 11:00 PM","0"
"Year 1 Oct 22 12:00 AM","0"
"Year 1 Oct 22 1:00 AM","0"
"Year 1 Oct 22 2:00 AM","0"
"Year 1 Oct 22 3:00 AM","0"
"Year 1 Oct 22 4:00 AM","0"
"Year 1 Oct 22 5:00 AM","0"
"Year 1 Oct 22 6:00 AM","0"
"Year 1 Oct 22 7:00 AM","13.1051127267506"
"Year 1 Oct 22 8:00 AM","39.5728612978939"
"Year 1 Oct 22 9:00 AM","64.3670514288468"
"Year 1 Oct 22 10:00 AM","123.592099971305"
"Year 1 Oct 22 11:00 AM","226.787888860281"
"Year 1 Oct 22 12:00 PM","186.362302855418"
"Year 1 Oct 22 1:00 PM","110.877700741235"
"Year 1 Oct 22 2:00 PM","73.3155978616963"
"Year 1 Oct 22 3:00 PM","62.0882593655674"
"Year 1 Oct 22 4:00 PM","35.7277682737332"
"Year 1 Oct 22 5:00 PM","11.6549158156805"
"Year 1 Oct 22 6:00 PM","0"
"Year 1 Oct 22 7:00 PM","0"
"Year 1 Oct 22 8:00 PM","0"
"Year 1 Oct 22 9:00 PM","0"
"Year 1 Oct 22 10:00 PM","0"
"Year 1 Oct 22 11:00 PM","0"
"Year 1 Oct 23 12:00 AM","0"
"Year 1 Oct 23 1:00 AM","0"
"Year 1 Oct 23 2:00 AM","0"
"Year 1 Oct 23 3:00 AM","0"
"Year 1 Oct 23 4:00 AM","0"
"Year 1 Oct 23 5:00 AM","0"
"Year 1 Oct 23 6:00 AM","0"
"Year 1 Oct 23 7:00 AM","20.2585361947515"
"Year 1 Oct 23 8:00 AM","110.369854151834"
"Year 1 Oct 23 9:00 AM","238.770822333824"
"Year 1 Oct 23 10:00 AM","262.026474923195"
"Year 1 Oct 23 11:00 AM","298.7576321759"
"Year 1 Oct 23 12:00 PM","286.661037301925"
"Year 1 Oct 23 1:00 PM","114.393626903603"
"Year 1 Oct 23 2:00 PM","61.5817515971331"
"Year 1 Oct 23 3:00 PM","58.6287187318001"
"Year 1 Oct 23 4:00 PM","32.0121623282254"
"Year 1 Oct 23 5:00 PM","10.0741664840964"
"Year 1 Oct 23 6:00 PM","0"
"Year 1 Oct 23 7:00 PM","0"
"Year 1 Oct 23 8:00 PM","0"
"Year 1 Oct 23 9:00 PM","0"
"Year 1 Oct 23 10:00 PM","0"
"Year 1 Oct 23 11:00 PM","0"
"Year 1 Oct 24 12:00 AM","0"
"Year 1 Oct 24 1:00 AM","0"
"Year 1 Oct 24 2:00 AM","0"
"Year 1 Oct 24 3:00 AM","0"
"Year 1 Oct 24 4:00 AM","0"
"Year 1 Oct 24 5:00 AM","0"
"Year 1 Oct 24 6:00 AM","0"
"Year 1 Oct 24 7:00 AM","33.6269610260641"
"Year 1 Oct 24 8:00 AM","174.397086248077"
"Year 1 Oct 24 9:00 AM","339.616633197042"
"Year 1 Oct 24 10:00 AM","451.91747352284"
"Year 1 Oct 24 11:00 AM","536.701592387236"
"Year 1 Oct 24 12:00 PM","561.531321844687"
"Year 1 Oct 24 1:00 PM","75.4735927672269"
"Year 1 Oct 24 2:00 PM","21.5682364691462"
"Year 1 Oct 24 3:00 PM","18.5696203809882"
"Year 1 Oct 24 4:00 PM","15.1412736029653"
"Year 1 Oct 24 5:00 PM","8.27743088520576"
"Year 1 Oct 24 6:00 PM","0"
"Year 1 Oct 24 7:00 PM","0"
"Year 1 Oct 24 8:00 PM","0"
"Year 1 Oct 24 9:00 PM","0"
"Year 1 Oct 24 10:00 PM","0"
"Year 1 Oct 24 11:00 PM","0"
"Year 1 Oct 25 12:00 AM","0"
"Year 1 Oct 25 1:00 AM","0"
"Year 1 Oct 25 2:00 AM","0"
"Year 1 Oct 25 3:00 AM","0"
"Year 1 Oct 25 4:00 AM","0"
"Year 1 Oct 25 5:00 AM","0"
"Year 1 Oct 25 6:00 AM","0"
"Year 1 Oct 25 7:00 AM","7.54170970903679"
"Year 1 Oct 25 8:00 AM","27.3369606388354"
"Year 1 Oct 25 9:00 AM","48.596338679971"
"Year 1 Oct 25 10:00 AM","63.5587265675378"
"Year 1 Oct 25 11:00 AM","80.9715344981469"
"Year 1 Oct 25 12:00 PM","103.517649462253"
"Year 1 Oct 25 1:00 PM","111.449689853511"
"Year 1 Oct 25 2:00 PM","111.263278332817"
"Year 1 Oct 25 3:00 PM","75.0378683131504"
"Year 1 Oct 25 4:00 PM","43.1481931316667"
"Year 1 Oct 25 5:00 PM","12.7229264326823"
"Year 1 Oct 25 6:00 PM","0"
"Year 1 Oct 25 7:00 PM","0"
"Year 1 Oct 25 8:00 PM","0"
"Year 1 Oct 25 9:00 PM","0"
"Year 1 Oct 25 10:00 PM","0"
"Year 1 Oct 25 11:00 PM","0"
"Year 1 Oct 26 12:00 AM","0"
"Year 1 Oct 26 1:00 AM","0"
"Year 1 Oct 26 2:00 AM","0"
"Year 1 Oct 26 3:00 AM","0"
"Year 1 Oct 26 4:00 AM","0"
"Year 1 Oct 26 5:00 AM","0"
"Year 1 Oct 26 6:00 AM","0"
"Year 1 Oct 26 7:00 AM","10.8307276559348"
"Year 1 Oct 26 8:00 AM","57.6616217786522"
"Year 1 Oct 26 9:00 AM","175.460107188416"
"Year 1 Oct 26 10:00 AM","384.152223483821"
"Year 1 Oct 26 11:00 AM","518.200770531425"
"Year 1 Oct 26 12:00 PM","522.770932924565"
"Year 1 Oct 26 1:00 PM","89.5021988660112"
"Year 1 Oct 26 2:00 PM","53.8566283187023"
"Year 1 Oct 26 3:00 PM","50.250483924802"
"Year 1 Oct 26 4:00 PM","37.6979223430838"
"Year 1 Oct 26 5:00 PM","13.5511106308341"
"Year 1 Oct 26 6:00 PM","0"
"Year 1 Oct 26 7:00 PM","0"
"Year 1 Oct 26 8:00 PM","0"
"Year 1 Oct 26 9:00 PM","0"
"Year 1 Oct 26 10:00 PM","0"
"Year 1 Oct 26 11:00 PM","0"
"Year 1 Oct 27 12:00 AM","0"
"Year 1 Oct 27 1:00 AM","0"
"Year 1 Oct 27 2:00 AM","0"
"Year 1 Oct 27 3:00 AM","0"
"Year 1 Oct 27 4:00 AM","0"
"Year 1 Oct 27 5:00 AM","0"
"Year 1 Oct 27 6:00 AM","0"
"Year 1 Oct 27 7:00 AM","31.7358160988124"
"Year 1 Oct 27 8:00 AM","182.6904279204"
"Year 1 Oct 27 9:00 AM","351.642632673584"
"Year 1 Oct 27 10:00 AM","490.823340905181"
"Year 1 Oct 27 11:00 AM","580.027745974853"
"Year 1 Oct 27 12:00 PM","606.506912164248"
"Year 1 Oct 27 1:00 PM","73.2649957758041"
"Year 1 Oct 27 2:00 PM","20.4992555059404"
"Year 1 Oct 27 3:00 PM","17.7408102182315"
"Year 1 Oct 27 4:00 PM","12.7386220294146"
"Year 1 Oct 27 5:00 PM","5.542555060779"
"Year 1 Oct 27 6:00 PM","0"
"Year 1 Oct 27 7:00 PM","0"
"Year 1 Oct 27 8:00 PM","0"
"Year 1 Oct 27 9:00 PM","0"
"Year 1 Oct 27 10:00 PM","0"
"Year 1 Oct 27 11:00 PM","0"
"Year 1 Oct 28 12:00 AM","0"
"Year 1 Oct 28 1:00 AM","0"
"Year 1 Oct 28 2:00 AM","0"
"Year 1 Oct 28 3:00 AM","0"
"Year 1 Oct 28 4:00 AM","0"
"Year 1 Oct 28 5:00 AM","0"
"Year 1 Oct 28 6:00 AM","0"
"Year 1 Oct 28 7:00 AM","15.6715774393929"
"Year 1 Oct 28 8:00 AM","91.9458474358991"
"Year 1 Oct 28 9:00 AM","252.896903751868"
"Year 1 Oct 28 10:00 AM","348.10825108735"
"Year 1 Oct 28 11:00 AM","459.673709609509"
"Year 1 Oct 28 12:00 PM","450.15683913773"
"Year 1 Oct 28 1:00 PM","82.3583996106565"
"Year 1 Oct 28 2:00 PM","28.8881931943952"
"Year 1 Oct 28 3:00 PM","19.8287874324198"
"Year 1 Oct 28 4:00 PM","14.0285365984835"
"Year 1 Oct 28 5:00 PM","5.3703331259861"
"Year 1 Oct 28 6:00 PM","0"
"Year 1 Oct 28 7:00 PM","0"
"Year 1 Oct 28 8:00 PM","0"
"Year 1 Oct 28 9:00 PM","0"
"Year 1 Oct 28 10:00 PM","0"
"Year 1 Oct 28 11:00 PM","0"
"Year 1 Oct 29 12:00 AM","0"
"Year 1 Oct 29 1:00 AM","0"
"Year 1 Oct 29 2:00 AM","0"
"Year 1 Oct 29 3:00 AM","0"
"Year 1 Oct 29 4:00 AM","0"
"Year 1 Oct 29 5:00 AM","0"
"Year 1 Oct 29 6:00 AM","0"
"Year 1 Oct 29 7:00 AM","11.5460017294856"
"Year 1 Oct 29 8:00 AM","49.0896320600951"
"Year 1 Oct 29 9:00 AM","64.3635417527949"
"Year 1 Oct 29 10:00 AM","175.797669786515"
"Year 1 Oct 29 11:00 AM","389.814182033558"
"Year 1 Oct 29 12:00 PM","399.699573293766"
"Year 1 Oct 29 1:00 PM","93.1949139507451"
"Year 1 Oct 29 2:00 PM","30.6168525643216"
"Year 1 Oct 29 3:00 PM","25.6488826533627"
"Year 1 Oct 29 4:00 PM","20.4750689826831"
"Year 1 Oct 29 5:00 PM","7.98565931560746"
"Year 1 Oct 29 6:00 PM","0"
"Year 1 Oct 29 7:00 PM","0"
"Year 1 Oct 29 8:00 PM","0"
"Year 1 Oct 29 9:00 PM","0"
"Year 1 Oct 29 10:00 PM","0"
"Year 1 Oct 29 11:00 PM","0"
"Year 1 Oct 30 12:00 AM","0"
"Year 1 Oct 30 1:00 AM","0"
"Year 1 Oct 30 2:00 AM","0"
"Year 1 Oct 30 3:00 AM","0"
"Year 1 Oct 30 4:00 AM","0"
"Year 1 Oct 30 5:00 AM","0"
"Year 1 Oct 30 6:00 AM","0"
"Year 1 Oct 30 7:00 AM","15.6384777086915"
"Year 1 Oct 30 8:00 AM","118.501018565229"
"Year 1 Oct 30 9:00 AM","266.517129766843"
"Year 1 Oct 30 10:00 AM","396.668256269924"
"Year 1 Oct 30 11:00 AM","483.067411224135"
"Year 1 Oct 30 12:00 PM","510.508906368468"
"Year 1 Oct 30 1:00 PM","82.962306101381"
"Year 1 Oct 30 2:00 PM","24.5163023383671"
"Year 1 Oct 30 3:00 PM","21.2164468668078"
"Year 1 Oct 30 4:00 PM","16.186626261973"
"Year 1 Oct 30 5:00 PM","6.95784539007479"
"Year 1 Oct 30 6:00 PM","0"
"Year 1 Oct 30 7:00 PM","0"
"Year 1 Oct 30 8:00 PM","0"
"Year 1 Oct 30 9:00 PM","0"
"Year 1 Oct 30 10:00 PM","0"
"Year 1 Oct 30 11:00 PM","0"
"Year 1 Oct 31 12:00 AM","0"
"Year 1 Oct 31 1:00 AM","0"
"Year 1 Oct 31 2:00 AM","0"
"Year 1 Oct 31 3:00 AM","0"
"Year 1 Oct 31 4:00 AM","0"
"Year 1 Oct 31 5:00 AM","0"
"Year 1 Oct 31 6:00 AM","0"
"Year 1 Oct 31 7:00 AM","14.2920649193552"
"Year 1 Oct 31 8:00 AM","86.4500577038546"
"Year 1 Oct 31 9:00 AM","181.96203324118"
"Year 1 Oct 31 10:00 AM","200.772015242654"
"Year 1 Oct 31 11:00 AM","120.58172120326"
"Year 1 Oct 31 12:00 PM","180.928125782078"
"Year 1 Oct 31 1:00 PM","88.6355158851055"
"Year 1 Oct 31 2:00 PM","47.2285100005051"
"Year 1 Oct 31 3:00 PM","47.8961074286892"
"Year 1 Oct 31 4:00 PM","34.5455888055599"
"Year 1 Oct 31 5:00 PM","8.4245818611323"
"Year 1 Oct 31 6:00 PM","0"
"Year 1 Oct 31 7:00 PM","0"
"Year 1 Oct 31 8:00 PM","0"
"Year 1 Oct 31 9:00 PM","0"
"Year 1 Oct 31 10:00 PM","0"
"Year 1 Oct 31 11:00 PM","0"
"Year 1 Nov 01 12:00 AM","0"
"Year 1 Nov 01 1:00 AM","0"
"Year 1 Nov 01 2:00 AM","0"
"Year 1 Nov 01 3:00 AM","0"
"Year 1 Nov 01 4:00 AM","0"
"Year 1 Nov 01 5:00 AM","0"
"Year 1 Nov 01 6:00 AM","0"
"Year 1 Nov 01 7:00 AM","6.86646627860791"
"Year 1 Nov 01 8:00 AM","27.879344622469"
"Year 1 Nov 01 9:00 AM","55.4841996747097"
"Year 1 Nov 01 10:00 AM","73.4543900945274"
"Year 1 Nov 01 11:00 AM","85.4790669122095"
"Year 1 Nov 01 12:00 PM","90.347073409552"
"Year 1 Nov 01 1:00 PM","80.0346061617294"
"Year 1 Nov 01 2:00 PM","71.4356151190202"
"Year 1 Nov 01 3:00 PM","52.4399994355476"
"Year 1 Nov 01 4:00 PM","27.9002004566252"
"Year 1 Nov 01 5:00 PM","6.47587751704593"
"Year 1 Nov 01 6:00 PM","0"
"Year 1 Nov 01 7:00 PM","0"
"Year 1 Nov 01 8:00 PM","0"
"Year 1 Nov 01 9:00 PM","0"
"Year 1 Nov 01 10:00 PM","0"
"Year 1 Nov 01 11:00 PM","0"
"Year 1 Nov 02 12:00 AM","0"
"Year 1 Nov 02 1:00 AM","0"
"Year 1 Nov 02 2:00 AM","0"
"Year 1 Nov 02 3:00 AM","0"
"Year 1 Nov 02 4:00 AM","0"
"Year 1 Nov 02 5:00 AM","0"
"Year 1 Nov 02 6:00 AM","0"
"Year 1 Nov 02 7:00 AM","13.7257692223865"
"Year 1 Nov 02 8:00 AM","78.8864671925655"
"Year 1 Nov 02 9:00 AM","227.018849045211"
"Year 1 Nov 02 10:00 AM","303.116471036608"
"Year 1 Nov 02 11:00 AM","403.602488223994"
"Year 1 Nov 02 12:00 PM","418.900241155304"
"Year 1 Nov 02 1:00 PM","91.8909009441169"
"Year 1 Nov 02 2:00 PM","75.9130412712179"
"Year 1 Nov 02 3:00 PM","53.4113682416877"
"Year 1 Nov 02 4:00 PM","41.0239563190614"
"Year 1 Nov 02 5:00 PM","9.98153837093879"
"Year 1 Nov 02 6:00 PM","0"
"Year 1 Nov 02 7:00 PM","0"
"Year 1 Nov 02 8:00 PM","0"
"Year 1 Nov 02 9:00 PM","0"
"Year 1 Nov 02 10:00 PM","0"
"Year 1 Nov 02 11:00 PM","0"
"Year 1 Nov 03 12:00 AM","0"
"Year 1 Nov 03 1:00 AM","0"
"Year 1 Nov 03 2:00 AM","0"
"Year 1 Nov 03 3:00 AM","0"
"Year 1 Nov 03 4:00 AM","0"
"Year 1 Nov 03 5:00 AM","0"
"Year 1 Nov 03 6:00 AM","0"
"Year 1 Nov 03 7:00 AM","5.16108603599536"
"Year 1 Nov 03 8:00 AM","33.0653807106849"
"Year 1 Nov 03 9:00 AM","71.6760271295738"
"Year 1 Nov 03 10:00 AM","98.1164095495786"
"Year 1 Nov 03 11:00 AM","142.61951126117"
"Year 1 Nov 03 12:00 PM","204.733654714311"
"Year 1 Nov 03 1:00 PM","94.0000707738367"
"Year 1 Nov 03 2:00 PM","94.8316575314882"
"Year 1 Nov 03 3:00 PM","65.0689327259497"
"Year 1 Nov 03 4:00 PM","31.9381997180996"
"Year 1 Nov 03 5:00 PM","7.24000750751032"
"Year 1 Nov 03 6:00 PM","0"
"Year 1 Nov 03 7:00 PM","0"
"Year 1 Nov 03 8:00 PM","0"
"Year 1 Nov 03 9:00 PM","0"
"Year 1 Nov 03 10:00 PM","0"
"Year 1 Nov 03 11:00 PM","0"
"Year 1 Nov 04 12:00 AM","0"
"Year 1 Nov 04 1:00 AM","0"
"Year 1 Nov 04 2:00 AM","0"
"Year 1 Nov 04 3:00 AM","0"
"Year 1 Nov 04 4:00 AM","0"
"Year 1 Nov 04 5:00 AM","0"
"Year 1 Nov 04 6:00 AM","0"
"Year 1 Nov 04 7:00 AM","11.7024494030979"
"Year 1 Nov 04 8:00 AM","106.65688817857"
"Year 1 Nov 04 9:00 AM","240.24563488399"
"Year 1 Nov 04 10:00 AM","351.514021528056"
"Year 1 Nov 04 11:00 AM","408.023188755367"
"Year 1 Nov 04 12:00 PM","457.013844479376"
"Year 1 Nov 04 1:00 PM","78.9880944312839"
"Year 1 Nov 04 2:00 PM","25.0901797173557"
"Year 1 Nov 04 3:00 PM","20.7871596260309"
"Year 1 Nov 04 4:00 PM","15.9116661373709"
"Year 1 Nov 04 5:00 PM","5.12003000992851"
"Year 1 Nov 04 6:00 PM","0"
"Year 1 Nov 04 7:00 PM","0"
"Year 1 Nov 04 8:00 PM","0"
"Year 1 Nov 04 9:00 PM","0"
"Year 1 Nov 04 10:00 PM","0"
"Year 1 Nov 04 11:00 PM","0"
"Year 1 Nov 05 12:00 AM","0"
"Year 1 Nov 05 1:00 AM","0"
"Year 1 Nov 05 2:00 AM","0"
"Year 1 Nov 05 3:00 AM","0"
"Year 1 Nov 05 4:00 AM","0"
"Year 1 Nov 05 5:00 AM","0"
"Year 1 Nov 05 6:00 AM","0"
"Year 1 Nov 05 7:00 AM","4.36876832867282"
"Year 1 Nov 05 8:00 AM","25.1032972274948"
"Year 1 Nov 05 9:00 AM","63.908451759722"
"Year 1 Nov 05 10:00 AM","102.82710038043"
"Year 1 Nov 05 11:00 AM","135.633182558788"
"Year 1 Nov 05 12:00 PM","152.749225238946"
"Year 1 Nov 05 1:00 PM","95.7607566312505"
"Year 1 Nov 05 2:00 PM","61.8839843939018"
"Year 1 Nov 05 3:00 PM","56.3644651261378"
"Year 1 Nov 05 4:00 PM","35.8160594862448"
"Year 1 Nov 05 5:00 PM","6.29279656293486"
"Year 1 Nov 05 6:00 PM","0"
"Year 1 Nov 05 7:00 PM","0"
"Year 1 Nov 05 8:00 PM","0"
"Year 1 Nov 05 9:00 PM","0"
"Year 1 Nov 05 10:00 PM","0"
"Year 1 Nov 05 11:00 PM","0"
"Year 1 Nov 06 12:00 AM","0"
"Year 1 Nov 06 1:00 AM","0"
"Year 1 Nov 06 2:00 AM","0"
"Year 1 Nov 06 3:00 AM","0"
"Year 1 Nov 06 4:00 AM","0"
"Year 1 Nov 06 5:00 AM","0"
"Year 1 Nov 06 6:00 AM","0"
"Year 1 Nov 06 7:00 AM","4.83600209564744"
"Year 1 Nov 06 8:00 AM","26.142446116496"
"Year 1 Nov 06 9:00 AM","61.8724687752428"
"Year 1 Nov 06 10:00 AM","85.1368184336265"
"Year 1 Nov 06 11:00 AM","109.157243005791"
"Year 1 Nov 06 12:00 PM","150.785936335783"
"Year 1 Nov 06 1:00 PM","105.419860365596"
"Year 1 Nov 06 2:00 PM","85.0160825980729"
"Year 1 Nov 06 3:00 PM","66.9136864247228"
"Year 1 Nov 06 4:00 PM","24.3577905504115"
"Year 1 Nov 06 5:00 PM","4.42337976025114"
"Year 1 Nov 06 6:00 PM","0"
"Year 1 Nov 06 7:00 PM","0"
"Year 1 Nov 06 8:00 PM","0"
"Year 1 Nov 06 9:00 PM","0"
"Year 1 Nov 06 10:00 PM","0"
"Year 1 Nov 06 11:00 PM","0"
"Year 1 Nov 07 12:00 AM","0"
"Year 1 Nov 07 1:00 AM","0"
"Year 1 Nov 07 2:00 AM","0"
"Year 1 Nov 07 3:00 AM","0"
"Year 1 Nov 07 4:00 AM","0"
"Year 1 Nov 07 5:00 AM","0"
"Year 1 Nov 07 6:00 AM","0"
"Year 1 Nov 07 7:00 AM","5.59848338110471"
"Year 1 Nov 07 8:00 AM","24.317012923199"
"Year 1 Nov 07 9:00 AM","53.3638951410583"
"Year 1 Nov 07 10:00 AM","74.7849575541095"
"Year 1 Nov 07 11:00 AM","95.7157008326179"
"Year 1 Nov 07 12:00 PM","150.86575267321"
"Year 1 Nov 07 1:00 PM","125.158575364787"
"Year 1 Nov 07 2:00 PM","100.421901746304"
"Year 1 Nov 07 3:00 PM","68.6998640256056"
"Year 1 Nov 07 4:00 PM","35.4936872577002"
"Year 1 Nov 07 5:00 PM","6.71749840605761"
"Year 1 Nov 07 6:00 PM","0"
"Year 1 Nov 07 7:00 PM","0"
"Year 1 Nov 07 8:00 PM","0"
"Year 1 Nov 07 9:00 PM","0"
"Year 1 Nov 07 10:00 PM","0"
"Year 1 Nov 07 11:00 PM","0"
"Year 1 Nov 08 12:00 AM","0"
"Year 1 Nov 08 1:00 AM","0"
"Year 1 Nov 08 2:00 AM","0"
"Year 1 Nov 08 3:00 AM","0"
"Year 1 Nov 08 4:00 AM","0"
"Year 1 Nov 08 5:00 AM","0"
"Year 1 Nov 08 6:00 AM","0"
"Year 1 Nov 08 7:00 AM","9.86999073751198"
"Year 1 Nov 08 8:00 AM","47.2493506982893"
"Year 1 Nov 08 9:00 AM","90.5637044410337"
"Year 1 Nov 08 10:00 AM","130.015358630735"
"Year 1 Nov 08 11:00 AM","147.165733914748"
"Year 1 Nov 08 12:00 PM","158.367619201447"
"Year 1 Nov 08 1:00 PM","125.057139622141"
"Year 1 Nov 08 2:00 PM","97.0513442306156"
"Year 1 Nov 08 3:00 PM","69.8730938260061"
"Year 1 Nov 08 4:00 PM","39.4247463136338"
"Year 1 Nov 08 5:00 PM","7.52129596036229"
"Year 1 Nov 08 6:00 PM","0"
"Year 1 Nov 08 7:00 PM","0"
"Year 1 Nov 08 8:00 PM","0"
"Year 1 Nov 08 9:00 PM","0"
"Year 1 Nov 08 10:00 PM","0"
"Year 1 Nov 08 11:00 PM","0"
"Year 1 Nov 09 12:00 AM","0"
"Year 1 Nov 09 1:00 AM","0"
"Year 1 Nov 09 2:00 AM","0"
"Year 1 Nov 09 3:00 AM","0"
"Year 1 Nov 09 4:00 AM","0"
"Year 1 Nov 09 5:00 AM","0"
"Year 1 Nov 09 6:00 AM","0"
"Year 1 Nov 09 7:00 AM","7.22730333512138"
"Year 1 Nov 09 8:00 AM","35.1376992942899"
"Year 1 Nov 09 9:00 AM","70.8008503948942"
"Year 1 Nov 09 10:00 AM","102.360017303976"
"Year 1 Nov 09 11:00 AM","281.068255967098"
"Year 1 Nov 09 12:00 PM","275.172590472094"
"Year 1 Nov 09 1:00 PM","83.5298880142283"
"Year 1 Nov 09 2:00 PM","48.7696252028282"
"Year 1 Nov 09 3:00 PM","49.2096733099739"
"Year 1 Nov 09 4:00 PM","29.8356751860106"
"Year 1 Nov 09 5:00 PM","5.93476340598184"
"Year 1 Nov 09 6:00 PM","0"
"Year 1 Nov 09 7:00 PM","0"
"Year 1 Nov 09 8:00 PM","0"
"Year 1 Nov 09 9:00 PM","0"
"Year 1 Nov 09 10:00 PM","0"
"Year 1 Nov 09 11:00 PM","0"
"Year 1 Nov 10 12:00 AM","0"
"Year 1 Nov 10 1:00 AM","0"
"Year 1 Nov 10 2:00 AM","0"
"Year 1 Nov 10 3:00 AM","0"
"Year 1 Nov 10 4:00 AM","0"
"Year 1 Nov 10 5:00 AM","0"
"Year 1 Nov 10 6:00 AM","0"
"Year 1 Nov 10 7:00 AM","7.62647922235004"
"Year 1 Nov 10 8:00 AM","40.8193828183112"
"Year 1 Nov 10 9:00 AM","62.6020612602088"
"Year 1 Nov 10 10:00 AM","92.9508139823172"
"Year 1 Nov 10 11:00 AM","113.961584494905"
"Year 1 Nov 10 12:00 PM","153.882838998488"
"Year 1 Nov 10 1:00 PM","123.654073204351"
"Year 1 Nov 10 2:00 PM","96.7732893202029"
"Year 1 Nov 10 3:00 PM","71.406985484523"
"Year 1 Nov 10 4:00 PM","38.3135042165194"
"Year 1 Nov 10 5:00 PM","6.95236805757112"
"Year 1 Nov 10 6:00 PM","0"
"Year 1 Nov 10 7:00 PM","0"
"Year 1 Nov 10 8:00 PM","0"
"Year 1 Nov 10 9:00 PM","0"
"Year 1 Nov 10 10:00 PM","0"
"Year 1 Nov 10 11:00 PM","0"
"Year 1 Nov 11 12:00 AM","0"
"Year 1 Nov 11 1:00 AM","0"
"Year 1 Nov 11 2:00 AM","0"
"Year 1 Nov 11 3:00 AM","0"
"Year 1 Nov 11 4:00 AM","0"
"Year 1 Nov 11 5:00 AM","0"
"Year 1 Nov 11 6:00 AM","0"
"Year 1 Nov 11 7:00 AM","5.27931610552552"
"Year 1 Nov 11 8:00 AM","47.6530250641725"
"Year 1 Nov 11 9:00 AM","197.093942616687"
"Year 1 Nov 11 10:00 AM","328.905165908814"
"Year 1 Nov 11 11:00 AM","243.135569849594"
"Year 1 Nov 11 12:00 PM","348.684801285897"
"Year 1 Nov 11 1:00 PM","94.8935718105708"
"Year 1 Nov 11 2:00 PM","47.1170759387453"
"Year 1 Nov 11 3:00 PM","45.1639129129247"
"Year 1 Nov 11 4:00 PM","27.2136307352542"
"Year 1 Nov 11 5:00 PM","5.20209345474551"
"Year 1 Nov 11 6:00 PM","0"
"Year 1 Nov 11 7:00 PM","0"
"Year 1 Nov 11 8:00 PM","0"
"Year 1 Nov 11 9:00 PM","0"
"Year 1 Nov 11 10:00 PM","0"
"Year 1 Nov 11 11:00 PM","0"
"Year 1 Nov 12 12:00 AM","0"
"Year 1 Nov 12 1:00 AM","0"
"Year 1 Nov 12 2:00 AM","0"
"Year 1 Nov 12 3:00 AM","0"
"Year 1 Nov 12 4:00 AM","0"
"Year 1 Nov 12 5:00 AM","0"
"Year 1 Nov 12 6:00 AM","0"
"Year 1 Nov 12 7:00 AM","7.12866883119487"
"Year 1 Nov 12 8:00 AM","88.4447186117269"
"Year 1 Nov 12 9:00 AM","232.107552895591"
"Year 1 Nov 12 10:00 AM","365.823871837184"
"Year 1 Nov 12 11:00 AM","456.347824237584"
"Year 1 Nov 12 12:00 PM","488.661280681316"
"Year 1 Nov 12 1:00 PM","82.0021569246781"
"Year 1 Nov 12 2:00 PM","28.9063942516462"
"Year 1 Nov 12 3:00 PM","35.1832107089845"
"Year 1 Nov 12 4:00 PM","20.92928938953"
"Year 1 Nov 12 5:00 PM","3.31024141765452"
"Year 1 Nov 12 6:00 PM","0"
"Year 1 Nov 12 7:00 PM","0"
"Year 1 Nov 12 8:00 PM","0"
"Year 1 Nov 12 9:00 PM","0"
"Year 1 Nov 12 10:00 PM","0"
"Year 1 Nov 12 11:00 PM","0"
"Year 1 Nov 13 12:00 AM","0"
"Year 1 Nov 13 1:00 AM","0"
"Year 1 Nov 13 2:00 AM","0"
"Year 1 Nov 13 3:00 AM","0"
"Year 1 Nov 13 4:00 AM","0"
"Year 1 Nov 13 5:00 AM","0"
"Year 1 Nov 13 6:00 AM","0"
"Year 1 Nov 13 7:00 AM","6.05526841322971"
"Year 1 Nov 13 8:00 AM","54.308413701656"
"Year 1 Nov 13 9:00 AM","149.324742503025"
"Year 1 Nov 13 10:00 AM","158.284557845827"
"Year 1 Nov 13 11:00 AM","182.190770862278"
"Year 1 Nov 13 12:00 PM","244.088691795162"
"Year 1 Nov 13 1:00 PM","96.5853923885551"
"Year 1 Nov 13 2:00 PM","70.30036474292"
"Year 1 Nov 13 3:00 PM","48.8021623216601"
"Year 1 Nov 13 4:00 PM","15.5222167885692"
"Year 1 Nov 13 5:00 PM","2.24528343361012"
"Year 1 Nov 13 6:00 PM","0"
"Year 1 Nov 13 7:00 PM","0"
"Year 1 Nov 13 8:00 PM","0"
"Year 1 Nov 13 9:00 PM","0"
"Year 1 Nov 13 10:00 PM","0"
"Year 1 Nov 13 11:00 PM","0"
"Year 1 Nov 14 12:00 AM","0"
"Year 1 Nov 14 1:00 AM","0"
"Year 1 Nov 14 2:00 AM","0"
"Year 1 Nov 14 3:00 AM","0"
"Year 1 Nov 14 4:00 AM","0"
"Year 1 Nov 14 5:00 AM","0"
"Year 1 Nov 14 6:00 AM","0"
"Year 1 Nov 14 7:00 AM","6.9185554855321"
"Year 1 Nov 14 8:00 AM","97.7078592273209"
"Year 1 Nov 14 9:00 AM","247.897550303025"
"Year 1 Nov 14 10:00 AM","379.607944471273"
"Year 1 Nov 14 11:00 AM","464.986257806789"
"Year 1 Nov 14 12:00 PM","496.299969953427"
"Year 1 Nov 14 1:00 PM","80.0767083768578"
"Year 1 Nov 14 2:00 PM","27.1756969781602"
"Year 1 Nov 14 3:00 PM","32.7493447693824"
"Year 1 Nov 14 4:00 PM","19.3873559953337"
"Year 1 Nov 14 5:00 PM","3.3447357183386"
"Year 1 Nov 14 6:00 PM","0"
"Year 1 Nov 14 7:00 PM","0"
"Year 1 Nov 14 8:00 PM","0"
"Year 1 Nov 14 9:00 PM","0"
"Year 1 Nov 14 10:00 PM","0"
"Year 1 Nov 14 11:00 PM","0"
"Year 1 Nov 15 12:00 AM","0"
"Year 1 Nov 15 1:00 AM","0"
"Year 1 Nov 15 2:00 AM","0"
"Year 1 Nov 15 3:00 AM","0"
"Year 1 Nov 15 4:00 AM","0"
"Year 1 Nov 15 5:00 AM","0"
"Year 1 Nov 15 6:00 AM","0"
"Year 1 Nov 15 7:00 AM","5.48828311949954"
"Year 1 Nov 15 8:00 AM","44.772951878753"
"Year 1 Nov 15 9:00 AM","111.069603400256"
"Year 1 Nov 15 10:00 AM","192.905561057799"
"Year 1 Nov 15 11:00 AM","258.68239355787"
"Year 1 Nov 15 12:00 PM","351.431820521112"
"Year 1 Nov 15 1:00 PM","99.900595738159"
"Year 1 Nov 15 2:00 PM","61.9551785630937"
"Year 1 Nov 15 3:00 PM","51.8096215877504"
"Year 1 Nov 15 4:00 PM","21.8209791723317"
"Year 1 Nov 15 5:00 PM","3.16201611858647"
"Year 1 Nov 15 6:00 PM","0"
"Year 1 Nov 15 7:00 PM","0"
"Year 1 Nov 15 8:00 PM","0"
"Year 1 Nov 15 9:00 PM","0"
"Year 1 Nov 15 10:00 PM","0"
"Year 1 Nov 15 11:00 PM","0"
"Year 1 Nov 16 12:00 AM","0"
"Year 1 Nov 16 1:00 AM","0"
"Year 1 Nov 16 2:00 AM","0"
"Year 1 Nov 16 3:00 AM","0"
"Year 1 Nov 16 4:00 AM","0"
"Year 1 Nov 16 5:00 AM","0"
"Year 1 Nov 16 6:00 AM","0"
"Year 1 Nov 16 7:00 AM","6.59631691142766"
"Year 1 Nov 16 8:00 AM","87.2583791755875"
"Year 1 Nov 16 9:00 AM","208.491575907508"
"Year 1 Nov 16 10:00 AM","301.576692086496"
"Year 1 Nov 16 11:00 AM","229.635442075951"
"Year 1 Nov 16 12:00 PM","267.921834755441"
"Year 1 Nov 16 1:00 PM","84.4622055358591"
"Year 1 Nov 16 2:00 PM","39.3271210239295"
"Year 1 Nov 16 3:00 PM","36.5295041080921"
"Year 1 Nov 16 4:00 PM","22.3672325329844"
"Year 1 Nov 16 5:00 PM","3.2663535895304"
"Year 1 Nov 16 6:00 PM","0"
"Year 1 Nov 16 7:00 PM","0"
"Year 1 Nov 16 8:00 PM","0"
"Year 1 Nov 16 9:00 PM","0"
"Year 1 Nov 16 10:00 PM","0"
"Year 1 Nov 16 11:00 PM","0"
"Year 1 Nov 17 12:00 AM","0"
"Year 1 Nov 17 1:00 AM","0"
"Year 1 Nov 17 2:00 AM","0"
"Year 1 Nov 17 3:00 AM","0"
"Year 1 Nov 17 4:00 AM","0"
"Year 1 Nov 17 5:00 AM","0"
"Year 1 Nov 17 6:00 AM","0"
"Year 1 Nov 17 7:00 AM","3.52406211654384"
"Year 1 Nov 17 8:00 AM","43.129460160564"
"Year 1 Nov 17 9:00 AM","167.107109838429"
"Year 1 Nov 17 10:00 AM","216.22117419224"
"Year 1 Nov 17 11:00 AM","288.821039948926"
"Year 1 Nov 17 12:00 PM","164.778838618733"
"Year 1 Nov 17 1:00 PM","113.522789829336"
"Year 1 Nov 17 2:00 PM","71.3566960359461"
"Year 1 Nov 17 3:00 PM","42.3024187671731"
"Year 1 Nov 17 4:00 PM","18.1531510175018"
"Year 1 Nov 17 5:00 PM","3.16929140119267"
"Year 1 Nov 17 6:00 PM","0"
"Year 1 Nov 17 7:00 PM","0"
"Year 1 Nov 17 8:00 PM","0"
"Year 1 Nov 17 9:00 PM","0"
"Year 1 Nov 17 10:00 PM","0"
"Year 1 Nov 17 11:00 PM","0"
"Year 1 Nov 18 12:00 AM","0"
"Year 1 Nov 18 1:00 AM","0"
"Year 1 Nov 18 2:00 AM","0"
"Year 1 Nov 18 3:00 AM","0"
"Year 1 Nov 18 4:00 AM","0"
"Year 1 Nov 18 5:00 AM","0"
"Year 1 Nov 18 6:00 AM","0"
"Year 1 Nov 18 7:00 AM","2.12357299171171"
"Year 1 Nov 18 8:00 AM","23.4522753356279"
"Year 1 Nov 18 9:00 AM","70.5647573081658"
"Year 1 Nov 18 10:00 AM","134.545812733949"
"Year 1 Nov 18 11:00 AM","361.554836179416"
"Year 1 Nov 18 12:00 PM","372.521557442911"
"Year 1 Nov 18 1:00 PM","109.163463790213"
"Year 1 Nov 18 2:00 PM","24.8126430732444"
"Year 1 Nov 18 3:00 PM","17.3587813732887"
"Year 1 Nov 18 4:00 PM","12.0493642950455"
"Year 1 Nov 18 5:00 PM","2.51059931996944"
"Year 1 Nov 18 6:00 PM","0"
"Year 1 Nov 18 7:00 PM","0"
"Year 1 Nov 18 8:00 PM","0"
"Year 1 Nov 18 9:00 PM","0"
"Year 1 Nov 18 10:00 PM","0"
"Year 1 Nov 18 11:00 PM","0"
"Year 1 Nov 19 12:00 AM","0"
"Year 1 Nov 19 1:00 AM","0"
"Year 1 Nov 19 2:00 AM","0"
"Year 1 Nov 19 3:00 AM","0"
"Year 1 Nov 19 4:00 AM","0"
"Year 1 Nov 19 5:00 AM","0"
"Year 1 Nov 19 6:00 AM","0"
"Year 1 Nov 19 7:00 AM","2.22230325272588"
"Year 1 Nov 19 8:00 AM","27.8950707968112"
"Year 1 Nov 19 9:00 AM","55.1555550830287"
"Year 1 Nov 19 10:00 AM","90.9733157445462"
"Year 1 Nov 19 11:00 AM","110.433127028648"
"Year 1 Nov 19 12:00 PM","111.964981240338"
"Year 1 Nov 19 1:00 PM","96.9453852451477"
"Year 1 Nov 19 2:00 PM","80.6657136027585"
"Year 1 Nov 19 3:00 PM","56.9737686560476"
"Year 1 Nov 19 4:00 PM","29.707243979712"
"Year 1 Nov 19 5:00 PM","3.50365967204885"
"Year 1 Nov 19 6:00 PM","0"
"Year 1 Nov 19 7:00 PM","0"
"Year 1 Nov 19 8:00 PM","0"
"Year 1 Nov 19 9:00 PM","0"
"Year 1 Nov 19 10:00 PM","0"
"Year 1 Nov 19 11:00 PM","0"
"Year 1 Nov 20 12:00 AM","0"
"Year 1 Nov 20 1:00 AM","0"
"Year 1 Nov 20 2:00 AM","0"
"Year 1 Nov 20 3:00 AM","0"
"Year 1 Nov 20 4:00 AM","0"
"Year 1 Nov 20 5:00 AM","0"
"Year 1 Nov 20 6:00 AM","0"
"Year 1 Nov 20 7:00 AM","2.301744492488"
"Year 1 Nov 20 8:00 AM","30.6177079937237"
"Year 1 Nov 20 9:00 AM","65.2028404511956"
"Year 1 Nov 20 10:00 AM","61.2962996446927"
"Year 1 Nov 20 11:00 AM","85.2127985893846"
"Year 1 Nov 20 12:00 PM","138.924150423709"
"Year 1 Nov 20 1:00 PM","109.849869430746"
"Year 1 Nov 20 2:00 PM","87.4206099297449"
"Year 1 Nov 20 3:00 PM","64.857502574563"
"Year 1 Nov 20 4:00 PM","28.8709962324769"
"Year 1 Nov 20 5:00 PM","3.20957893022138"
"Year 1 Nov 20 6:00 PM","0"
"Year 1 Nov 20 7:00 PM","0"
"Year 1 Nov 20 8:00 PM","0"
"Year 1 Nov 20 9:00 PM","0"
"Year 1 Nov 20 10:00 PM","0"
"Year 1 Nov 20 11:00 PM","0"
"Year 1 Nov 21 12:00 AM","0"
"Year 1 Nov 21 1:00 AM","0"
"Year 1 Nov 21 2:00 AM","0"
"Year 1 Nov 21 3:00 AM","0"
"Year 1 Nov 21 4:00 AM","0"
"Year 1 Nov 21 5:00 AM","0"
"Year 1 Nov 21 6:00 AM","0"
"Year 1 Nov 21 7:00 AM","2.03002854697746"
"Year 1 Nov 21 8:00 AM","54.0091122396918"
"Year 1 Nov 21 9:00 AM","170.191100956024"
"Year 1 Nov 21 10:00 AM","268.044018754677"
"Year 1 Nov 21 11:00 AM","380.436223598082"
"Year 1 Nov 21 12:00 PM","414.378530893509"
"Year 1 Nov 21 1:00 PM","107.72756143171"
"Year 1 Nov 21 2:00 PM","33.5056015593333"
"Year 1 Nov 21 3:00 PM","40.4089395369458"
"Year 1 Nov 21 4:00 PM","22.2032142714417"
"Year 1 Nov 21 5:00 PM","2.82547015139333"
"Year 1 Nov 21 6:00 PM","0"
"Year 1 Nov 21 7:00 PM","0"
"Year 1 Nov 21 8:00 PM","0"
"Year 1 Nov 21 9:00 PM","0"
"Year 1 Nov 21 10:00 PM","0"
"Year 1 Nov 21 11:00 PM","0"
"Year 1 Nov 22 12:00 AM","0"
"Year 1 Nov 22 1:00 AM","0"
"Year 1 Nov 22 2:00 AM","0"
"Year 1 Nov 22 3:00 AM","0"
"Year 1 Nov 22 4:00 AM","0"
"Year 1 Nov 22 5:00 AM","0"
"Year 1 Nov 22 6:00 AM","0"
"Year 1 Nov 22 7:00 AM","1.39193980759977"
"Year 1 Nov 22 8:00 AM","20.9026322674623"
"Year 1 Nov 22 9:00 AM","51.6168820816056"
"Year 1 Nov 22 10:00 AM","70.5321656651967"
"Year 1 Nov 22 11:00 AM","97.6835847972898"
"Year 1 Nov 22 12:00 PM","103.856297980787"
"Year 1 Nov 22 1:00 PM","85.2306745950246"
"Year 1 Nov 22 2:00 PM","72.1556651385422"
"Year 1 Nov 22 3:00 PM","53.207160557311"
"Year 1 Nov 22 4:00 PM","27.4551751089476"
"Year 1 Nov 22 5:00 PM","3.34945077224213"
"Year 1 Nov 22 6:00 PM","0"
"Year 1 Nov 22 7:00 PM","0"
"Year 1 Nov 22 8:00 PM","0"
"Year 1 Nov 22 9:00 PM","0"
"Year 1 Nov 22 10:00 PM","0"
"Year 1 Nov 22 11:00 PM","0"
"Year 1 Nov 23 12:00 AM","0"
"Year 1 Nov 23 1:00 AM","0"
"Year 1 Nov 23 2:00 AM","0"
"Year 1 Nov 23 3:00 AM","0"
"Year 1 Nov 23 4:00 AM","0"
"Year 1 Nov 23 5:00 AM","0"
"Year 1 Nov 23 6:00 AM","0"
"Year 1 Nov 23 7:00 AM","0.947506408982967"
"Year 1 Nov 23 8:00 AM","12.8209444234425"
"Year 1 Nov 23 9:00 AM","28.444308737363"
"Year 1 Nov 23 10:00 AM","58.5799216657765"
"Year 1 Nov 23 11:00 AM","102.731219039224"
"Year 1 Nov 23 12:00 PM","103.585797454231"
"Year 1 Nov 23 1:00 PM","99.7402312820313"
"Year 1 Nov 23 2:00 PM","75.3844686948814"
"Year 1 Nov 23 3:00 PM","53.6073666695056"
"Year 1 Nov 23 4:00 PM","26.8212748554261"
"Year 1 Nov 23 5:00 PM","3.40704148258462"
"Year 1 Nov 23 6:00 PM","0"
"Year 1 Nov 23 7:00 PM","0"
"Year 1 Nov 23 8:00 PM","0"
"Year 1 Nov 23 9:00 PM","0"
"Year 1 Nov 23 10:00 PM","0"
"Year 1 Nov 23 11:00 PM","0"
"Year 1 Nov 24 12:00 AM","0"
"Year 1 Nov 24 1:00 AM","0"
"Year 1 Nov 24 2:00 AM","0"
"Year 1 Nov 24 3:00 AM","0"
"Year 1 Nov 24 4:00 AM","0"
"Year 1 Nov 24 5:00 AM","0"
"Year 1 Nov 24 6:00 AM","0"
"Year 1 Nov 24 7:00 AM","1.73108587417725"
"Year 1 Nov 24 8:00 AM","25.9270947065822"
"Year 1 Nov 24 9:00 AM","79.2288517624798"
"Year 1 Nov 24 10:00 AM","169.616246204315"
"Year 1 Nov 24 11:00 AM","334.150721083155"
"Year 1 Nov 24 12:00 PM","333.09884816758"
"Year 1 Nov 24 1:00 PM","98.7034766618264"
"Year 1 Nov 24 2:00 PM","20.2135739975648"
"Year 1 Nov 24 3:00 PM","20.9225269384302"
"Year 1 Nov 24 4:00 PM","19.1332599645204"
"Year 1 Nov 24 5:00 PM","2.73803174201834"
"Year 1 Nov 24 6:00 PM","0"
"Year 1 Nov 24 7:00 PM","0"
"Year 1 Nov 24 8:00 PM","0"
"Year 1 Nov 24 9:00 PM","0"
"Year 1 Nov 24 10:00 PM","0"
"Year 1 Nov 24 11:00 PM","0"
"Year 1 Nov 25 12:00 AM","0"
"Year 1 Nov 25 1:00 AM","0"
"Year 1 Nov 25 2:00 AM","0"
"Year 1 Nov 25 3:00 AM","0"
"Year 1 Nov 25 4:00 AM","0"
"Year 1 Nov 25 5:00 AM","0"
"Year 1 Nov 25 6:00 AM","0"
"Year 1 Nov 25 7:00 AM","1.3422313106043"
"Year 1 Nov 25 8:00 AM","23.2533081009353"
"Year 1 Nov 25 9:00 AM","77.6615357788285"
"Year 1 Nov 25 10:00 AM","147.338328862094"
"Year 1 Nov 25 11:00 AM","175.590501101667"
"Year 1 Nov 25 12:00 PM","269.77291758691"
"Year 1 Nov 25 1:00 PM","119.835026420896"
"Year 1 Nov 25 2:00 PM","56.1722326145205"
"Year 1 Nov 25 3:00 PM","52.3909689186787"
"Year 1 Nov 25 4:00 PM","18.4777216919645"
"Year 1 Nov 25 5:00 PM","1.19294769369771"
"Year 1 Nov 25 6:00 PM","0"
"Year 1 Nov 25 7:00 PM","0"
"Year 1 Nov 25 8:00 PM","0"
"Year 1 Nov 25 9:00 PM","0"
"Year 1 Nov 25 10:00 PM","0"
"Year 1 Nov 25 11:00 PM","0"
"Year 1 Nov 26 12:00 AM","0"
"Year 1 Nov 26 1:00 AM","0"
"Year 1 Nov 26 2:00 AM","0"
"Year 1 Nov 26 3:00 AM","0"
"Year 1 Nov 26 4:00 AM","0"
"Year 1 Nov 26 5:00 AM","0"
"Year 1 Nov 26 6:00 AM","0"
"Year 1 Nov 26 7:00 AM","1.58516845205036"
"Year 1 Nov 26 8:00 AM","51.132256775368"
"Year 1 Nov 26 9:00 AM","179.638749979089"
"Year 1 Nov 26 10:00 AM","309.143857004272"
"Year 1 Nov 26 11:00 AM","395.199758725869"
"Year 1 Nov 26 12:00 PM","424.655618617401"
"Year 1 Nov 26 1:00 PM","112.921499357176"
"Year 1 Nov 26 2:00 PM","40.9068941844023"
"Year 1 Nov 26 3:00 PM","38.7265992812414"
"Year 1 Nov 26 4:00 PM","22.3949514104109"
"Year 1 Nov 26 5:00 PM","1.79427007833223"
"Year 1 Nov 26 6:00 PM","0"
"Year 1 Nov 26 7:00 PM","0"
"Year 1 Nov 26 8:00 PM","0"
"Year 1 Nov 26 9:00 PM","0"
"Year 1 Nov 26 10:00 PM","0"
"Year 1 Nov 26 11:00 PM","0"
"Year 1 Nov 27 12:00 AM","0"
"Year 1 Nov 27 1:00 AM","0"
"Year 1 Nov 27 2:00 AM","0"
"Year 1 Nov 27 3:00 AM","0"
"Year 1 Nov 27 4:00 AM","0"
"Year 1 Nov 27 5:00 AM","0"
"Year 1 Nov 27 6:00 AM","0"
"Year 1 Nov 27 7:00 AM","1.72496876925983"
"Year 1 Nov 27 8:00 AM","21.0188234598361"
"Year 1 Nov 27 9:00 AM","42.503045624493"
"Year 1 Nov 27 10:00 AM","74.0375679174947"
"Year 1 Nov 27 11:00 AM","111.909289656217"
"Year 1 Nov 27 12:00 PM","111.287287431665"
"Year 1 Nov 27 1:00 PM","95.3533454482829"
"Year 1 Nov 27 2:00 PM","72.435670801466"
"Year 1 Nov 27 3:00 PM","51.543465253756"
"Year 1 Nov 27 4:00 PM","25.0637875865468"
"Year 1 Nov 27 5:00 PM","1.85796938900772"
"Year 1 Nov 27 6:00 PM","0"
"Year 1 Nov 27 7:00 PM","0"
"Year 1 Nov 27 8:00 PM","0"
"Year 1 Nov 27 9:00 PM","0"
"Year 1 Nov 27 10:00 PM","0"
"Year 1 Nov 27 11:00 PM","0"
"Year 1 Nov 28 12:00 AM","0"
"Year 1 Nov 28 1:00 AM","0"
"Year 1 Nov 28 2:00 AM","0"
"Year 1 Nov 28 3:00 AM","0"
"Year 1 Nov 28 4:00 AM","0"
"Year 1 Nov 28 5:00 AM","0"
"Year 1 Nov 28 6:00 AM","0"
"Year 1 Nov 28 7:00 AM","0"
"Year 1 Nov 28 8:00 AM","48.5251195034655"
"Year 1 Nov 28 9:00 AM","176.445539415917"
"Year 1 Nov 28 10:00 AM","302.408022413318"
"Year 1 Nov 28 11:00 AM","364.089349786034"
"Year 1 Nov 28 12:00 PM","341.450931883353"
"Year 1 Nov 28 1:00 PM","119.542479098904"
"Year 1 Nov 28 2:00 PM","52.5621982930488"
"Year 1 Nov 28 3:00 PM","53.3999902155607"
"Year 1 Nov 28 4:00 PM","28.2988332109252"
"Year 1 Nov 28 5:00 PM","1.83363590508602"
"Year 1 Nov 28 6:00 PM","0"
"Year 1 Nov 28 7:00 PM","0"
"Year 1 Nov 28 8:00 PM","0"
"Year 1 Nov 28 9:00 PM","0"
"Year 1 Nov 28 10:00 PM","0"
"Year 1 Nov 28 11:00 PM","0"
"Year 1 Nov 29 12:00 AM","0"
"Year 1 Nov 29 1:00 AM","0"
"Year 1 Nov 29 2:00 AM","0"
"Year 1 Nov 29 3:00 AM","0"
"Year 1 Nov 29 4:00 AM","0"
"Year 1 Nov 29 5:00 AM","0"
"Year 1 Nov 29 6:00 AM","0"
"Year 1 Nov 29 7:00 AM","0"
"Year 1 Nov 29 8:00 AM","37.559207546164"
"Year 1 Nov 29 9:00 AM","146.806231296434"
"Year 1 Nov 29 10:00 AM","226.296797417353"
"Year 1 Nov 29 11:00 AM","280.696028828881"
"Year 1 Nov 29 12:00 PM","261.955628049057"
"Year 1 Nov 29 1:00 PM","125.478430623688"
"Year 1 Nov 29 2:00 PM","55.1591310568363"
"Year 1 Nov 29 3:00 PM","47.5709626288121"
"Year 1 Nov 29 4:00 PM","25.7342370747492"
"Year 1 Nov 29 5:00 PM","1.78387607631056"
"Year 1 Nov 29 6:00 PM","0"
"Year 1 Nov 29 7:00 PM","0"
"Year 1 Nov 29 8:00 PM","0"
"Year 1 Nov 29 9:00 PM","0"
"Year 1 Nov 29 10:00 PM","0"
"Year 1 Nov 29 11:00 PM","0"
"Year 1 Nov 30 12:00 AM","0"
"Year 1 Nov 30 1:00 AM","0"
"Year 1 Nov 30 2:00 AM","0"
"Year 1 Nov 30 3:00 AM","0"
"Year 1 Nov 30 4:00 AM","0"
"Year 1 Nov 30 5:00 AM","0"
"Year 1 Nov 30 6:00 AM","0"
"Year 1 Nov 30 7:00 AM","0"
"Year 1 Nov 30 8:00 AM","14.7780228095235"
"Year 1 Nov 30 9:00 AM","52.3601612507555"
"Year 1 Nov 30 10:00 AM","83.7158468311836"
"Year 1 Nov 30 11:00 AM","119.686930738958"
"Year 1 Nov 30 12:00 PM","118.068965291839"
"Year 1 Nov 30 1:00 PM","101.216305204085"
"Year 1 Nov 30 2:00 PM","85.5070672672063"
"Year 1 Nov 30 3:00 PM","52.0402419673275"
"Year 1 Nov 30 4:00 PM","23.800163787334"
"Year 1 Nov 30 5:00 PM","1.72408063589765"
"Year 1 Nov 30 6:00 PM","0"
"Year 1 Nov 30 7:00 PM","0"
"Year 1 Nov 30 8:00 PM","0"
"Year 1 Nov 30 9:00 PM","0"
"Year 1 Nov 30 10:00 PM","0"
"Year 1 Nov 30 11:00 PM","0"
"Year 1 Dec 01 12:00 AM","0"
"Year 1 Dec 01 1:00 AM","0"
"Year 1 Dec 01 2:00 AM","0"
"Year 1 Dec 01 3:00 AM","0"
"Year 1 Dec 01 4:00 AM","0"
"Year 1 Dec 01 5:00 AM","0"
"Year 1 Dec 01 6:00 AM","0"
"Year 1 Dec 01 7:00 AM","0"
"Year 1 Dec 01 8:00 AM","10.7851630499694"
"Year 1 Dec 01 9:00 AM","32.0715026094036"
"Year 1 Dec 01 10:00 AM","56.5962107623634"
"Year 1 Dec 01 11:00 AM","72.0555476624167"
"Year 1 Dec 01 12:00 PM","70.9889782692036"
"Year 1 Dec 01 1:00 PM","61.7150546895683"
"Year 1 Dec 01 2:00 PM","50.9907083216447"
"Year 1 Dec 01 3:00 PM","33.4274749725374"
"Year 1 Dec 01 4:00 PM","15.583742422508"
"Year 1 Dec 01 5:00 PM","1.1690707875308"
"Year 1 Dec 01 6:00 PM","0"
"Year 1 Dec 01 7:00 PM","0"
"Year 1 Dec 01 8:00 PM","0"
"Year 1 Dec 01 9:00 PM","0"
"Year 1 Dec 01 10:00 PM","0"
"Year 1 Dec 01 11:00 PM","0"
"Year 1 Dec 02 12:00 AM","0"
"Year 1 Dec 02 1:00 AM","0"
"Year 1 Dec 02 2:00 AM","0"
"Year 1 Dec 02 3:00 AM","0"
"Year 1 Dec 02 4:00 AM","0"
"Year 1 Dec 02 5:00 AM","0"
"Year 1 Dec 02 6:00 AM","0"
"Year 1 Dec 02 7:00 AM","0"
"Year 1 Dec 02 8:00 AM","20.7120015807993"
"Year 1 Dec 02 9:00 AM","61.7168402562988"
"Year 1 Dec 02 10:00 AM","97.3407794595354"
"Year 1 Dec 02 11:00 AM","118.276988547828"
"Year 1 Dec 02 12:00 PM","120.328354358394"
"Year 1 Dec 02 1:00 PM","102.488978289283"
"Year 1 Dec 02 2:00 PM","77.0090997219806"
"Year 1 Dec 02 3:00 PM","52.5545606009534"
"Year 1 Dec 02 4:00 PM","22.6000272667883"
"Year 1 Dec 02 5:00 PM","1.43054936788639"
"Year 1 Dec 02 6:00 PM","0"
"Year 1 Dec 02 7:00 PM","0"
"Year 1 Dec 02 8:00 PM","0"
"Year 1 Dec 02 9:00 PM","0"
"Year 1 Dec 02 10:00 PM","0"
"Year 1 Dec 02 11:00 PM","0"
"Year 1 Dec 03 12:00 AM","0"
"Year 1 Dec 03 1:00 AM","0"
"Year 1 Dec 03 2:00 AM","0"
"Year 1 Dec 03 3:00 AM","0"
"Year 1 Dec 03 4:00 AM","0"
"Year 1 Dec 03 5:00 AM","0"
"Year 1 Dec 03 6:00 AM","0"
"Year 1 Dec 03 7:00 AM","0"
"Year 1 Dec 03 8:00 AM","32.9560835311484"
"Year 1 Dec 03 9:00 AM","99.9727618682209"
"Year 1 Dec 03 10:00 AM","68.9167506477738"
"Year 1 Dec 03 11:00 AM","80.3442181319095"
"Year 1 Dec 03 12:00 PM","108.701501984851"
"Year 1 Dec 03 1:00 PM","89.7789407417663"
"Year 1 Dec 03 2:00 PM","71.3864958666026"
"Year 1 Dec 03 3:00 PM","44.5394897880622"
"Year 1 Dec 03 4:00 PM","14.8402385300399"
"Year 1 Dec 03 5:00 PM","0.899274008490961"
"Year 1 Dec 03 6:00 PM","0"
"Year 1 Dec 03 7:00 PM","0"
"Year 1 Dec 03 8:00 PM","0"
"Year 1 Dec 03 9:00 PM","0"
"Year 1 Dec 03 10:00 PM","0"
"Year 1 Dec 03 11:00 PM","0"
"Year 1 Dec 04 12:00 AM","0"
"Year 1 Dec 04 1:00 AM","0"
"Year 1 Dec 04 2:00 AM","0"
"Year 1 Dec 04 3:00 AM","0"
"Year 1 Dec 04 4:00 AM","0"
"Year 1 Dec 04 5:00 AM","0"
"Year 1 Dec 04 6:00 AM","0"
"Year 1 Dec 04 7:00 AM","0"
"Year 1 Dec 04 8:00 AM","23.9192106781458"
"Year 1 Dec 04 9:00 AM","71.4468201326874"
"Year 1 Dec 04 10:00 AM","144.149497096874"
"Year 1 Dec 04 11:00 AM","226.012984614975"
"Year 1 Dec 04 12:00 PM","317.376892472729"
"Year 1 Dec 04 1:00 PM","102.413982996634"
"Year 1 Dec 04 2:00 PM","34.6739006589314"
"Year 1 Dec 04 3:00 PM","27.34367529077"
"Year 1 Dec 04 4:00 PM","14.2110276197093"
"Year 1 Dec 04 5:00 PM","1.1877225837175"
"Year 1 Dec 04 6:00 PM","0"
"Year 1 Dec 04 7:00 PM","0"
"Year 1 Dec 04 8:00 PM","0"
"Year 1 Dec 04 9:00 PM","0"
"Year 1 Dec 04 10:00 PM","0"
"Year 1 Dec 04 11:00 PM","0"
"Year 1 Dec 05 12:00 AM","0"
"Year 1 Dec 05 1:00 AM","0"
"Year 1 Dec 05 2:00 AM","0"
"Year 1 Dec 05 3:00 AM","0"
"Year 1 Dec 05 4:00 AM","0"
"Year 1 Dec 05 5:00 AM","0"
"Year 1 Dec 05 6:00 AM","0"
"Year 1 Dec 05 7:00 AM","0"
"Year 1 Dec 05 8:00 AM","51.8229491536855"
"Year 1 Dec 05 9:00 AM","187.097164865808"
"Year 1 Dec 05 10:00 AM","316.474453910089"
"Year 1 Dec 05 11:00 AM","404.655545328787"
"Year 1 Dec 05 12:00 PM","437.594674656191"
"Year 1 Dec 05 1:00 PM","107.373233672213"
"Year 1 Dec 05 2:00 PM","15.8985876229244"
"Year 1 Dec 05 3:00 PM","13.6450100033328"
"Year 1 Dec 05 4:00 PM","8.63225874996222"
"Year 1 Dec 05 5:00 PM","0.911857051764323"
"Year 1 Dec 05 6:00 PM","0"
"Year 1 Dec 05 7:00 PM","0"
"Year 1 Dec 05 8:00 PM","0"
"Year 1 Dec 05 9:00 PM","0"
"Year 1 Dec 05 10:00 PM","0"
"Year 1 Dec 05 11:00 PM","0"
"Year 1 Dec 06 12:00 AM","0"
"Year 1 Dec 06 1:00 AM","0"
"Year 1 Dec 06 2:00 AM","0"
"Year 1 Dec 06 3:00 AM","0"
"Year 1 Dec 06 4:00 AM","0"
"Year 1 Dec 06 5:00 AM","0"
"Year 1 Dec 06 6:00 AM","0"
"Year 1 Dec 06 7:00 AM","0"
"Year 1 Dec 06 8:00 AM","22.5117451065139"
"Year 1 Dec 06 9:00 AM","93.8032749942956"
"Year 1 Dec 06 10:00 AM","130.906178735263"
"Year 1 Dec 06 11:00 AM","260.431933878936"
"Year 1 Dec 06 12:00 PM","201.327045439881"
"Year 1 Dec 06 1:00 PM","105.971954629599"
"Year 1 Dec 06 2:00 PM","62.0845836137329"
"Year 1 Dec 06 3:00 PM","43.1665951921831"
"Year 1 Dec 06 4:00 PM","23.065368541047"
"Year 1 Dec 06 5:00 PM","1.58786176985105"
"Year 1 Dec 06 6:00 PM","0"
"Year 1 Dec 06 7:00 PM","0"
"Year 1 Dec 06 8:00 PM","0"
"Year 1 Dec 06 9:00 PM","0"
"Year 1 Dec 06 10:00 PM","0"
"Year 1 Dec 06 11:00 PM","0"
"Year 1 Dec 07 12:00 AM","0"
"Year 1 Dec 07 1:00 AM","0"
"Year 1 Dec 07 2:00 AM","0"
"Year 1 Dec 07 3:00 AM","0"
"Year 1 Dec 07 4:00 AM","0"
"Year 1 Dec 07 5:00 AM","0"
"Year 1 Dec 07 6:00 AM","0"
"Year 1 Dec 07 7:00 AM","0"
"Year 1 Dec 07 8:00 AM","13.9813024447741"
"Year 1 Dec 07 9:00 AM","43.9257356019432"
"Year 1 Dec 07 10:00 AM","83.946732312373"
"Year 1 Dec 07 11:00 AM","139.42546828382"
"Year 1 Dec 07 12:00 PM","268.165862946015"
"Year 1 Dec 07 1:00 PM","101.27976135047"
"Year 1 Dec 07 2:00 PM","56.8193649376009"
"Year 1 Dec 07 3:00 PM","37.2736409448878"
"Year 1 Dec 07 4:00 PM","19.228004592176"
"Year 1 Dec 07 5:00 PM","1.30322067278085"
"Year 1 Dec 07 6:00 PM","0"
"Year 1 Dec 07 7:00 PM","0"
"Year 1 Dec 07 8:00 PM","0"
"Year 1 Dec 07 9:00 PM","0"
"Year 1 Dec 07 10:00 PM","0"
"Year 1 Dec 07 11:00 PM","0"
"Year 1 Dec 08 12:00 AM","0"
"Year 1 Dec 08 1:00 AM","0"
"Year 1 Dec 08 2:00 AM","0"
"Year 1 Dec 08 3:00 AM","0"
"Year 1 Dec 08 4:00 AM","0"
"Year 1 Dec 08 5:00 AM","0"
"Year 1 Dec 08 6:00 AM","0"
"Year 1 Dec 08 7:00 AM","0"
"Year 1 Dec 08 8:00 AM","14.3923820178725"
"Year 1 Dec 08 9:00 AM","46.3396422477054"
"Year 1 Dec 08 10:00 AM","64.6892736078416"
"Year 1 Dec 08 11:00 AM","106.557597450013"
"Year 1 Dec 08 12:00 PM","104.472456320165"
"Year 1 Dec 08 1:00 PM","96.9803295666192"
"Year 1 Dec 08 2:00 PM","72.0303776152729"
"Year 1 Dec 08 3:00 PM","49.3365322217109"
"Year 1 Dec 08 4:00 PM","23.3269463351247"
"Year 1 Dec 08 5:00 PM","1.59816707663508"
"Year 1 Dec 08 6:00 PM","0"
"Year 1 Dec 08 7:00 PM","0"
"Year 1 Dec 08 8:00 PM","0"
"Year 1 Dec 08 9:00 PM","0"
"Year 1 Dec 08 10:00 PM","0"
"Year 1 Dec 08 11:00 PM","0"
"Year 1 Dec 09 12:00 AM","0"
"Year 1 Dec 09 1:00 AM","0"
"Year 1 Dec 09 2:00 AM","0"
"Year 1 Dec 09 3:00 AM","0"
"Year 1 Dec 09 4:00 AM","0"
"Year 1 Dec 09 5:00 AM","0"
"Year 1 Dec 09 6:00 AM","0"
"Year 1 Dec 09 7:00 AM","0"
"Year 1 Dec 09 8:00 AM","24.5449603181452"
"Year 1 Dec 09 9:00 AM","115.860313060407"
"Year 1 Dec 09 10:00 AM","176.07271193387"
"Year 1 Dec 09 11:00 AM","188.252153567279"
"Year 1 Dec 09 12:00 PM","87.8898819521394"
"Year 1 Dec 09 1:00 PM","77.8125648502755"
"Year 1 Dec 09 2:00 PM","56.560127713125"
"Year 1 Dec 09 3:00 PM","45.259893437435"
"Year 1 Dec 09 4:00 PM","19.6649587767688"
"Year 1 Dec 09 5:00 PM","1.14629828829555"
"Year 1 Dec 09 6:00 PM","0"
"Year 1 Dec 09 7:00 PM","0"
"Year 1 Dec 09 8:00 PM","0"
"Year 1 Dec 09 9:00 PM","0"
"Year 1 Dec 09 10:00 PM","0"
"Year 1 Dec 09 11:00 PM","0"
"Year 1 Dec 10 12:00 AM","0"
"Year 1 Dec 10 1:00 AM","0"
"Year 1 Dec 10 2:00 AM","0"
"Year 1 Dec 10 3:00 AM","0"
"Year 1 Dec 10 4:00 AM","0"
"Year 1 Dec 10 5:00 AM","0"
"Year 1 Dec 10 6:00 AM","0"
"Year 1 Dec 10 7:00 AM","0"
"Year 1 Dec 10 8:00 AM","29.1391578699236"
"Year 1 Dec 10 9:00 AM","143.629542473701"
"Year 1 Dec 10 10:00 AM","250.111460510257"
"Year 1 Dec 10 11:00 AM","333.548151153344"
"Year 1 Dec 10 12:00 PM","366.276355496068"
"Year 1 Dec 10 1:00 PM","147.297840103535"
"Year 1 Dec 10 2:00 PM","19.921691996321"
"Year 1 Dec 10 3:00 PM","24.0626779139974"
"Year 1 Dec 10 4:00 PM","15.1162125176121"
"Year 1 Dec 10 5:00 PM","1.31553689579171"
"Year 1 Dec 10 6:00 PM","0"
"Year 1 Dec 10 7:00 PM","0"
"Year 1 Dec 10 8:00 PM","0"
"Year 1 Dec 10 9:00 PM","0"
"Year 1 Dec 10 10:00 PM","0"
"Year 1 Dec 10 11:00 PM","0"
"Year 1 Dec 11 12:00 AM","0"
"Year 1 Dec 11 1:00 AM","0"
"Year 1 Dec 11 2:00 AM","0"
"Year 1 Dec 11 3:00 AM","0"
"Year 1 Dec 11 4:00 AM","0"
"Year 1 Dec 11 5:00 AM","0"
"Year 1 Dec 11 6:00 AM","0"
"Year 1 Dec 11 7:00 AM","0"
"Year 1 Dec 11 8:00 AM","19.4421685987212"
"Year 1 Dec 11 9:00 AM","113.220252345889"
"Year 1 Dec 11 10:00 AM","206.643633306963"
"Year 1 Dec 11 11:00 AM","209.060382796597"
"Year 1 Dec 11 12:00 PM","152.033029724646"
"Year 1 Dec 11 1:00 PM","111.978006097058"
"Year 1 Dec 11 2:00 PM","22.2332652327271"
"Year 1 Dec 11 3:00 PM","15.4009537594537"
"Year 1 Dec 11 4:00 PM","10.6600017613073"
"Year 1 Dec 11 5:00 PM","1.13256127569395"
"Year 1 Dec 11 6:00 PM","0"
"Year 1 Dec 11 7:00 PM","0"
"Year 1 Dec 11 8:00 PM","0"
"Year 1 Dec 11 9:00 PM","0"
"Year 1 Dec 11 10:00 PM","0"
"Year 1 Dec 11 11:00 PM","0"
"Year 1 Dec 12 12:00 AM","0"
"Year 1 Dec 12 1:00 AM","0"
"Year 1 Dec 12 2:00 AM","0"
"Year 1 Dec 12 3:00 AM","0"
"Year 1 Dec 12 4:00 AM","0"
"Year 1 Dec 12 5:00 AM","0"
"Year 1 Dec 12 6:00 AM","0"
"Year 1 Dec 12 7:00 AM","0"
"Year 1 Dec 12 8:00 AM","20.3514834577821"
"Year 1 Dec 12 9:00 AM","101.388842795557"
"Year 1 Dec 12 10:00 AM","201.258047728156"
"Year 1 Dec 12 11:00 AM","249.16496236097"
"Year 1 Dec 12 12:00 PM","214.700904573281"
"Year 1 Dec 12 1:00 PM","126.052828574015"
"Year 1 Dec 12 2:00 PM","66.8706459020046"
"Year 1 Dec 12 3:00 PM","40.5249985554433"
"Year 1 Dec 12 4:00 PM","19.1655676786482"
"Year 1 Dec 12 5:00 PM","1.27353805334615"
"Year 1 Dec 12 6:00 PM","0"
"Year 1 Dec 12 7:00 PM","0"
"Year 1 Dec 12 8:00 PM","0"
"Year 1 Dec 12 9:00 PM","0"
"Year 1 Dec 12 10:00 PM","0"
"Year 1 Dec 12 11:00 PM","0"
"Year 1 Dec 13 12:00 AM","0"
"Year 1 Dec 13 1:00 AM","0"
"Year 1 Dec 13 2:00 AM","0"
"Year 1 Dec 13 3:00 AM","0"
"Year 1 Dec 13 4:00 AM","0"
"Year 1 Dec 13 5:00 AM","0"
"Year 1 Dec 13 6:00 AM","0"
"Year 1 Dec 13 7:00 AM","0"
"Year 1 Dec 13 8:00 AM","11.4876758017377"
"Year 1 Dec 13 9:00 AM","31.0772324206267"
"Year 1 Dec 13 10:00 AM","64.4742404760369"
"Year 1 Dec 13 11:00 AM","92.7721664606007"
"Year 1 Dec 13 12:00 PM","101.366472476288"
"Year 1 Dec 13 1:00 PM","88.1146562042595"
"Year 1 Dec 13 2:00 PM","75.8018097316006"
"Year 1 Dec 13 3:00 PM","49.5721843465249"
"Year 1 Dec 13 4:00 PM","23.4518572472467"
"Year 1 Dec 13 5:00 PM","1.53836352779824"
"Year 1 Dec 13 6:00 PM","0"
"Year 1 Dec 13 7:00 PM","0"
"Year 1 Dec 13 8:00 PM","0"
"Year 1 Dec 13 9:00 PM","0"
"Year 1 Dec 13 10:00 PM","0"
"Year 1 Dec 13 11:00 PM","0"
"Year 1 Dec 14 12:00 AM","0"
"Year 1 Dec 14 1:00 AM","0"
"Year 1 Dec 14 2:00 AM","0"
"Year 1 Dec 14 3:00 AM","0"
"Year 1 Dec 14 4:00 AM","0"
"Year 1 Dec 14 5:00 AM","0"
"Year 1 Dec 14 6:00 AM","0"
"Year 1 Dec 14 7:00 AM","0"
"Year 1 Dec 14 8:00 AM","17.5251087959539"
"Year 1 Dec 14 9:00 AM","56.3714600743161"
"Year 1 Dec 14 10:00 AM","95.7659611950601"
"Year 1 Dec 14 11:00 AM","112.051682247733"
"Year 1 Dec 14 12:00 PM","126.031483174021"
"Year 1 Dec 14 1:00 PM","101.818249765375"
"Year 1 Dec 14 2:00 PM","67.9101950584569"
"Year 1 Dec 14 3:00 PM","42.2987829187741"
"Year 1 Dec 14 4:00 PM","18.34692555858"
"Year 1 Dec 14 5:00 PM","1.21646811194333"
"Year 1 Dec 14 6:00 PM","0"
"Year 1 Dec 14 7:00 PM","0"
"Year 1 Dec 14 8:00 PM","0"
"Year 1 Dec 14 9:00 PM","0"
"Year 1 Dec 14 10:00 PM","0"
"Year 1 Dec 14 11:00 PM","0"
"Year 1 Dec 15 12:00 AM","0"
"Year 1 Dec 15 1:00 AM","0"
"Year 1 Dec 15 2:00 AM","0"
"Year 1 Dec 15 3:00 AM","0"
"Year 1 Dec 15 4:00 AM","0"
"Year 1 Dec 15 5:00 AM","0"
"Year 1 Dec 15 6:00 AM","0"
"Year 1 Dec 15 7:00 AM","0"
"Year 1 Dec 15 8:00 AM","17.2977673830679"
"Year 1 Dec 15 9:00 AM","98.9922288818318"
"Year 1 Dec 15 10:00 AM","184.393917340651"
"Year 1 Dec 15 11:00 AM","254.45507386837"
"Year 1 Dec 15 12:00 PM","315.194380656025"
"Year 1 Dec 15 1:00 PM","141.103056440423"
"Year 1 Dec 15 2:00 PM","38.1962613449748"
"Year 1 Dec 15 3:00 PM","32.2234913820893"
"Year 1 Dec 15 4:00 PM","15.3390264066473"
"Year 1 Dec 15 5:00 PM","1.22126750582999"
"Year 1 Dec 15 6:00 PM","0"
"Year 1 Dec 15 7:00 PM","0"
"Year 1 Dec 15 8:00 PM","0"
"Year 1 Dec 15 9:00 PM","0"
"Year 1 Dec 15 10:00 PM","0"
"Year 1 Dec 15 11:00 PM","0"
"Year 1 Dec 16 12:00 AM","0"
"Year 1 Dec 16 1:00 AM","0"
"Year 1 Dec 16 2:00 AM","0"
"Year 1 Dec 16 3:00 AM","0"
"Year 1 Dec 16 4:00 AM","0"
"Year 1 Dec 16 5:00 AM","0"
"Year 1 Dec 16 6:00 AM","0"
"Year 1 Dec 16 7:00 AM","0"
"Year 1 Dec 16 8:00 AM","25.2392440819536"
"Year 1 Dec 16 9:00 AM","134.054711378252"
"Year 1 Dec 16 10:00 AM","255.557564129083"
"Year 1 Dec 16 11:00 AM","288.518213615868"
"Year 1 Dec 16 12:00 PM","160.927391856702"
"Year 1 Dec 16 1:00 PM","118.442305039157"
"Year 1 Dec 16 2:00 PM","63.4866834695812"
"Year 1 Dec 16 3:00 PM","47.9615810786506"
"Year 1 Dec 16 4:00 PM","17.8998266914815"
"Year 1 Dec 16 5:00 PM","1.03085064197834"
"Year 1 Dec 16 6:00 PM","0"
"Year 1 Dec 16 7:00 PM","0"
"Year 1 Dec 16 8:00 PM","0"
"Year 1 Dec 16 9:00 PM","0"
"Year 1 Dec 16 10:00 PM","0"
"Year 1 Dec 16 11:00 PM","0"
"Year 1 Dec 17 12:00 AM","0"
"Year 1 Dec 17 1:00 AM","0"
"Year 1 Dec 17 2:00 AM","0"
"Year 1 Dec 17 3:00 AM","0"
"Year 1 Dec 17 4:00 AM","0"
"Year 1 Dec 17 5:00 AM","0"
"Year 1 Dec 17 6:00 AM","0"
"Year 1 Dec 17 7:00 AM","0"
"Year 1 Dec 17 8:00 AM","6.62990338907312"
"Year 1 Dec 17 9:00 AM","35.1582721308666"
"Year 1 Dec 17 10:00 AM","87.0414433335856"
"Year 1 Dec 17 11:00 AM","75.3715111145462"
"Year 1 Dec 17 12:00 PM","78.5531368497245"
"Year 1 Dec 17 1:00 PM","77.7288162997441"
"Year 1 Dec 17 2:00 PM","60.5009446604256"
"Year 1 Dec 17 3:00 PM","44.0573877959262"
"Year 1 Dec 17 4:00 PM","22.5396186653665"
"Year 1 Dec 17 5:00 PM","1.5660914175928"
"Year 1 Dec 17 6:00 PM","0"
"Year 1 Dec 17 7:00 PM","0"
"Year 1 Dec 17 8:00 PM","0"
"Year 1 Dec 17 9:00 PM","0"
"Year 1 Dec 17 10:00 PM","0"
"Year 1 Dec 17 11:00 PM","0"
"Year 1 Dec 18 12:00 AM","0"
"Year 1 Dec 18 1:00 AM","0"
"Year 1 Dec 18 2:00 AM","0"
"Year 1 Dec 18 3:00 AM","0"
"Year 1 Dec 18 4:00 AM","0"
"Year 1 Dec 18 5:00 AM","0"
"Year 1 Dec 18 6:00 AM","0"
"Year 1 Dec 18 7:00 AM","0"
"Year 1 Dec 18 8:00 AM","22.360188909326"
"Year 1 Dec 18 9:00 AM","123.693179914049"
"Year 1 Dec 18 10:00 AM","241.449437485735"
"Year 1 Dec 18 11:00 AM","338.145880870375"
"Year 1 Dec 18 12:00 PM","380.507825230822"
"Year 1 Dec 18 1:00 PM","156.781865608928"
"Year 1 Dec 18 2:00 PM","23.8687646410051"
"Year 1 Dec 18 3:00 PM","20.6708768357487"
"Year 1 Dec 18 4:00 PM","14.5121666602577"
"Year 1 Dec 18 5:00 PM","1.30119927043255"
"Year 1 Dec 18 6:00 PM","0"
"Year 1 Dec 18 7:00 PM","0"
"Year 1 Dec 18 8:00 PM","0"
"Year 1 Dec 18 9:00 PM","0"
"Year 1 Dec 18 10:00 PM","0"
"Year 1 Dec 18 11:00 PM","0"
"Year 1 Dec 19 12:00 AM","0"
"Year 1 Dec 19 1:00 AM","0"
"Year 1 Dec 19 2:00 AM","0"
"Year 1 Dec 19 3:00 AM","0"
"Year 1 Dec 19 4:00 AM","0"
"Year 1 Dec 19 5:00 AM","0"
"Year 1 Dec 19 6:00 AM","0"
"Year 1 Dec 19 7:00 AM","0"
"Year 1 Dec 19 8:00 AM","24.6757257796082"
"Year 1 Dec 19 9:00 AM","142.312227307281"
"Year 1 Dec 19 10:00 AM","271.091778844459"
"Year 1 Dec 19 11:00 AM","363.186636720145"
"Year 1 Dec 19 12:00 PM","391.891126923489"
"Year 1 Dec 19 1:00 PM","152.520581958121"
"Year 1 Dec 19 2:00 PM","24.6782968392187"
"Year 1 Dec 19 3:00 PM","16.7942109055395"
"Year 1 Dec 19 4:00 PM","9.73221037480134"
"Year 1 Dec 19 5:00 PM","0.95494874010167"
"Year 1 Dec 19 6:00 PM","0"
"Year 1 Dec 19 7:00 PM","0"
"Year 1 Dec 19 8:00 PM","0"
"Year 1 Dec 19 9:00 PM","0"
"Year 1 Dec 19 10:00 PM","0"
"Year 1 Dec 19 11:00 PM","0"
"Year 1 Dec 20 12:00 AM","0"
"Year 1 Dec 20 1:00 AM","0"
"Year 1 Dec 20 2:00 AM","0"
"Year 1 Dec 20 3:00 AM","0"
"Year 1 Dec 20 4:00 AM","0"
"Year 1 Dec 20 5:00 AM","0"
"Year 1 Dec 20 6:00 AM","0"
"Year 1 Dec 20 7:00 AM","0"
"Year 1 Dec 20 8:00 AM","21.2724118943457"
"Year 1 Dec 20 9:00 AM","105.756144916288"
"Year 1 Dec 20 10:00 AM","221.72052245123"
"Year 1 Dec 20 11:00 AM","325.521839816193"
"Year 1 Dec 20 12:00 PM","341.930080319361"
"Year 1 Dec 20 1:00 PM","143.803127007926"
"Year 1 Dec 20 2:00 PM","29.4705836853699"
"Year 1 Dec 20 3:00 PM","32.1691519090693"
"Year 1 Dec 20 4:00 PM","19.7282089425015"
"Year 1 Dec 20 5:00 PM","1.64966604388091"
"Year 1 Dec 20 6:00 PM","0"
"Year 1 Dec 20 7:00 PM","0"
"Year 1 Dec 20 8:00 PM","0"
"Year 1 Dec 20 9:00 PM","0"
"Year 1 Dec 20 10:00 PM","0"
"Year 1 Dec 20 11:00 PM","0"
"Year 1 Dec 21 12:00 AM","0"
"Year 1 Dec 21 1:00 AM","0"
"Year 1 Dec 21 2:00 AM","0"
"Year 1 Dec 21 3:00 AM","0"
"Year 1 Dec 21 4:00 AM","0"
"Year 1 Dec 21 5:00 AM","0"
"Year 1 Dec 21 6:00 AM","0"
"Year 1 Dec 21 7:00 AM","0"
"Year 1 Dec 21 8:00 AM","8.69653288218199"
"Year 1 Dec 21 9:00 AM","37.6167675460887"
"Year 1 Dec 21 10:00 AM","76.9460008780204"
"Year 1 Dec 21 11:00 AM","115.94926315772"
"Year 1 Dec 21 12:00 PM","93.064757459113"
"Year 1 Dec 21 1:00 PM","89.8792676991405"
"Year 1 Dec 21 2:00 PM","71.1211785639194"
"Year 1 Dec 21 3:00 PM","48.2218069264659"
"Year 1 Dec 21 4:00 PM","22.6869228689387"
"Year 1 Dec 21 5:00 PM","1.59890480732084"
"Year 1 Dec 21 6:00 PM","0"
"Year 1 Dec 21 7:00 PM","0"
"Year 1 Dec 21 8:00 PM","0"
"Year 1 Dec 21 9:00 PM","0"
"Year 1 Dec 21 10:00 PM","0"
"Year 1 Dec 21 11:00 PM","0"
"Year 1 Dec 22 12:00 AM","0"
"Year 1 Dec 22 1:00 AM","0"
"Year 1 Dec 22 2:00 AM","0"
"Year 1 Dec 22 3:00 AM","0"
"Year 1 Dec 22 4:00 AM","0"
"Year 1 Dec 22 5:00 AM","0"
"Year 1 Dec 22 6:00 AM","0"
"Year 1 Dec 22 7:00 AM","0"
"Year 1 Dec 22 8:00 AM","10.2547899902571"
"Year 1 Dec 22 9:00 AM","31.9534790895829"
"Year 1 Dec 22 10:00 AM","85.489062850386"
"Year 1 Dec 22 11:00 AM","102.675395508354"
"Year 1 Dec 22 12:00 PM","117.683319761008"
"Year 1 Dec 22 1:00 PM","106.790068300918"
"Year 1 Dec 22 2:00 PM","83.563178281104"
"Year 1 Dec 22 3:00 PM","56.3882065290451"
"Year 1 Dec 22 4:00 PM","27.0573248990164"
"Year 1 Dec 22 5:00 PM","1.91066007042949"
"Year 1 Dec 22 6:00 PM","0"
"Year 1 Dec 22 7:00 PM","0"
"Year 1 Dec 22 8:00 PM","0"
"Year 1 Dec 22 9:00 PM","0"
"Year 1 Dec 22 10:00 PM","0"
"Year 1 Dec 22 11:00 PM","0"
"Year 1 Dec 23 12:00 AM","0"
"Year 1 Dec 23 1:00 AM","0"
"Year 1 Dec 23 2:00 AM","0"
"Year 1 Dec 23 3:00 AM","0"
"Year 1 Dec 23 4:00 AM","0"
"Year 1 Dec 23 5:00 AM","0"
"Year 1 Dec 23 6:00 AM","0"
"Year 1 Dec 23 7:00 AM","0"
"Year 1 Dec 23 8:00 AM","21.5893579945348"
"Year 1 Dec 23 9:00 AM","112.112156580819"
"Year 1 Dec 23 10:00 AM","236.965883813232"
"Year 1 Dec 23 11:00 AM","337.921533372045"
"Year 1 Dec 23 12:00 PM","400.910088540168"
"Year 1 Dec 23 1:00 PM","159.779194450375"
"Year 1 Dec 23 2:00 PM","15.7989284824213"
"Year 1 Dec 23 3:00 PM","13.0481820227564"
"Year 1 Dec 23 4:00 PM","8.84585929907385"
"Year 1 Dec 23 5:00 PM","0.935128223849657"
"Year 1 Dec 23 6:00 PM","0"
"Year 1 Dec 23 7:00 PM","0"
"Year 1 Dec 23 8:00 PM","0"
"Year 1 Dec 23 9:00 PM","0"
"Year 1 Dec 23 10:00 PM","0"
"Year 1 Dec 23 11:00 PM","0"
"Year 1 Dec 24 12:00 AM","0"
"Year 1 Dec 24 1:00 AM","0"
"Year 1 Dec 24 2:00 AM","0"
"Year 1 Dec 24 3:00 AM","0"
"Year 1 Dec 24 4:00 AM","0"
"Year 1 Dec 24 5:00 AM","0"
"Year 1 Dec 24 6:00 AM","0"
"Year 1 Dec 24 7:00 AM","0"
"Year 1 Dec 24 8:00 AM","18.4802188178978"
"Year 1 Dec 24 9:00 AM","125.829707747411"
"Year 1 Dec 24 10:00 AM","250.413033538153"
"Year 1 Dec 24 11:00 AM","345.336986777635"
"Year 1 Dec 24 12:00 PM","386.072654716754"
"Year 1 Dec 24 1:00 PM","156.674486007411"
"Year 1 Dec 24 2:00 PM","19.7275938341773"
"Year 1 Dec 24 3:00 PM","17.0358214981403"
"Year 1 Dec 24 4:00 PM","11.6293639268213"
"Year 1 Dec 24 5:00 PM","1.22644866971689"
"Year 1 Dec 24 6:00 PM","0"
"Year 1 Dec 24 7:00 PM","0"
"Year 1 Dec 24 8:00 PM","0"
"Year 1 Dec 24 9:00 PM","0"
"Year 1 Dec 24 10:00 PM","0"
"Year 1 Dec 24 11:00 PM","0"
"Year 1 Dec 25 12:00 AM","0"
"Year 1 Dec 25 1:00 AM","0"
"Year 1 Dec 25 2:00 AM","0"
"Year 1 Dec 25 3:00 AM","0"
"Year 1 Dec 25 4:00 AM","0"
"Year 1 Dec 25 5:00 AM","0"
"Year 1 Dec 25 6:00 AM","0"
"Year 1 Dec 25 7:00 AM","0"
"Year 1 Dec 25 8:00 AM","19.706760605502"
"Year 1 Dec 25 9:00 AM","112.330577408612"
"Year 1 Dec 25 10:00 AM","234.993618249509"
"Year 1 Dec 25 11:00 AM","332.326415577555"
"Year 1 Dec 25 12:00 PM","375.348412569734"
"Year 1 Dec 25 1:00 PM","158.110414157755"
"Year 1 Dec 25 2:00 PM","47.5128648976886"
"Year 1 Dec 25 3:00 PM","26.5500221776519"
"Year 1 Dec 25 4:00 PM","18.5280583247892"
"Year 1 Dec 25 5:00 PM","1.49668917905362"
"Year 1 Dec 25 6:00 PM","0"
"Year 1 Dec 25 7:00 PM","0"
"Year 1 Dec 25 8:00 PM","0"
"Year 1 Dec 25 9:00 PM","0"
"Year 1 Dec 25 10:00 PM","0"
"Year 1 Dec 25 11:00 PM","0"
"Year 1 Dec 26 12:00 AM","0"
"Year 1 Dec 26 1:00 AM","0"
"Year 1 Dec 26 2:00 AM","0"
"Year 1 Dec 26 3:00 AM","0"
"Year 1 Dec 26 4:00 AM","0"
"Year 1 Dec 26 5:00 AM","0"
"Year 1 Dec 26 6:00 AM","0"
"Year 1 Dec 26 7:00 AM","0"
"Year 1 Dec 26 8:00 AM","12.1984730726647"
"Year 1 Dec 26 9:00 AM","37.4370036678115"
"Year 1 Dec 26 10:00 AM","71.2548945767787"
"Year 1 Dec 26 11:00 AM","90.5958635701285"
"Year 1 Dec 26 12:00 PM","113.948741283868"
"Year 1 Dec 26 1:00 PM","91.4894525350051"
"Year 1 Dec 26 2:00 PM","71.3533743575597"
"Year 1 Dec 26 3:00 PM","52.2658252339253"
"Year 1 Dec 26 4:00 PM","23.4781628288625"
"Year 1 Dec 26 5:00 PM","1.71084809344395"
"Year 1 Dec 26 6:00 PM","0"
"Year 1 Dec 26 7:00 PM","0"
"Year 1 Dec 26 8:00 PM","0"
"Year 1 Dec 26 9:00 PM","0"
"Year 1 Dec 26 10:00 PM","0"
"Year 1 Dec 26 11:00 PM","0"
"Year 1 Dec 27 12:00 AM","0"
"Year 1 Dec 27 1:00 AM","0"
"Year 1 Dec 27 2:00 AM","0"
"Year 1 Dec 27 3:00 AM","0"
"Year 1 Dec 27 4:00 AM","0"
"Year 1 Dec 27 5:00 AM","0"
"Year 1 Dec 27 6:00 AM","0"
"Year 1 Dec 27 7:00 AM","0"
"Year 1 Dec 27 8:00 AM","6.36070584408321"
"Year 1 Dec 27 9:00 AM","30.6471584625536"
"Year 1 Dec 27 10:00 AM","75.5753170424748"
"Year 1 Dec 27 11:00 AM","96.530266547463"
"Year 1 Dec 27 12:00 PM","109.024115388567"
"Year 1 Dec 27 1:00 PM","121.377985157154"
"Year 1 Dec 27 2:00 PM","67.7532691120337"
"Year 1 Dec 27 3:00 PM","39.4274510891262"
"Year 1 Dec 27 4:00 PM","21.1811568330667"
"Year 1 Dec 27 5:00 PM","2.56816365011281"
"Year 1 Dec 27 6:00 PM","0"
"Year 1 Dec 27 7:00 PM","0"
"Year 1 Dec 27 8:00 PM","0"
"Year 1 Dec 27 9:00 PM","0"
"Year 1 Dec 27 10:00 PM","0"
"Year 1 Dec 27 11:00 PM","0"
"Year 1 Dec 28 12:00 AM","0"
"Year 1 Dec 28 1:00 AM","0"
"Year 1 Dec 28 2:00 AM","0"
"Year 1 Dec 28 3:00 AM","0"
"Year 1 Dec 28 4:00 AM","0"
"Year 1 Dec 28 5:00 AM","0"
"Year 1 Dec 28 6:00 AM","0"
"Year 1 Dec 28 7:00 AM","0"
"Year 1 Dec 28 8:00 AM","7.72750671043896"
"Year 1 Dec 28 9:00 AM","32.231710892057"
"Year 1 Dec 28 10:00 AM","58.8739659560869"
"Year 1 Dec 28 11:00 AM","107.789046761646"
"Year 1 Dec 28 12:00 PM","121.718630523251"
"Year 1 Dec 28 1:00 PM","105.999521931895"
"Year 1 Dec 28 2:00 PM","73.6332882873374"
"Year 1 Dec 28 3:00 PM","45.0591590386762"
"Year 1 Dec 28 4:00 PM","25.1026008576032"
"Year 1 Dec 28 5:00 PM","2.91010370884636"
"Year 1 Dec 28 6:00 PM","0"
"Year 1 Dec 28 7:00 PM","0"
"Year 1 Dec 28 8:00 PM","0"
"Year 1 Dec 28 9:00 PM","0"
"Year 1 Dec 28 10:00 PM","0"
"Year 1 Dec 28 11:00 PM","0"
"Year 1 Dec 29 12:00 AM","0"
"Year 1 Dec 29 1:00 AM","0"
"Year 1 Dec 29 2:00 AM","0"
"Year 1 Dec 29 3:00 AM","0"
"Year 1 Dec 29 4:00 AM","0"
"Year 1 Dec 29 5:00 AM","0"
"Year 1 Dec 29 6:00 AM","0"
"Year 1 Dec 29 7:00 AM","0"
"Year 1 Dec 29 8:00 AM","19.8361441242998"
"Year 1 Dec 29 9:00 AM","129.645879963066"
"Year 1 Dec 29 10:00 AM","257.555375050652"
"Year 1 Dec 29 11:00 AM","354.227316003365"
"Year 1 Dec 29 12:00 PM","399.605498261346"
"Year 1 Dec 29 1:00 PM","203.680371329054"
"Year 1 Dec 29 2:00 PM","18.645713676205"
"Year 1 Dec 29 3:00 PM","16.4559000048698"
"Year 1 Dec 29 4:00 PM","16.0246831446178"
"Year 1 Dec 29 5:00 PM","2.8920436510764"
"Year 1 Dec 29 6:00 PM","0"
"Year 1 Dec 29 7:00 PM","0"
"Year 1 Dec 29 8:00 PM","0"
"Year 1 Dec 29 9:00 PM","0"
"Year 1 Dec 29 10:00 PM","0"
"Year 1 Dec 29 11:00 PM","0"
"Year 1 Dec 30 12:00 AM","0"
"Year 1 Dec 30 1:00 AM","0"
"Year 1 Dec 30 2:00 AM","0"
"Year 1 Dec 30 3:00 AM","0"
"Year 1 Dec 30 4:00 AM","0"
"Year 1 Dec 30 5:00 AM","0"
"Year 1 Dec 30 6:00 AM","0"
"Year 1 Dec 30 7:00 AM","0"
"Year 1 Dec 30 8:00 AM","13.0920504536461"
"Year 1 Dec 30 9:00 AM","58.8262817571855"
"Year 1 Dec 30 10:00 AM","105.311493357476"
"Year 1 Dec 30 11:00 AM","181.492050759993"
"Year 1 Dec 30 12:00 PM","190.375235411862"
"Year 1 Dec 30 1:00 PM","99.3038472918501"
"Year 1 Dec 30 2:00 PM","65.122260516958"
"Year 1 Dec 30 3:00 PM","50.1672403396576"
"Year 1 Dec 30 4:00 PM","25.6334297216177"
"Year 1 Dec 30 5:00 PM","3.19057623318414"
"Year 1 Dec 30 6:00 PM","0"
"Year 1 Dec 30 7:00 PM","0"
"Year 1 Dec 30 8:00 PM","0"
"Year 1 Dec 30 9:00 PM","0"
"Year 1 Dec 30 10:00 PM","0"
"Year 1 Dec 30 11:00 PM","0"
"Year 1 Dec 31 12:00 AM","0"
"Year 1 Dec 31 1:00 AM","0"
"Year 1 Dec 31 2:00 AM","0"
"Year 1 Dec 31 3:00 AM","0"
"Year 1 Dec 31 4:00 AM","0"
"Year 1 Dec 31 5:00 AM","0"
"Year 1 Dec 31 6:00 AM","0"
"Year 1 Dec 31 7:00 AM","0"
"Year 1 Dec 31 8:00 AM","8.28852976425882"
"Year 1 Dec 31 9:00 AM","34.2272153099777"
"Year 1 Dec 31 10:00 AM","67.1325269925415"
"Year 1 Dec 31 11:00 AM","90.1774967475065"
"Year 1 Dec 31 12:00 PM","72.6410252812197"
"Year 1 Dec 31 1:00 PM","56.7204347944803"
"Year 1 Dec 31 2:00 PM","48.1795594882993"
"Year 1 Dec 31 3:00 PM","35.8651406653462"
"Year 1 Dec 31 4:00 PM","27.3634522653343"
"Year 1 Dec 31 5:00 PM","3.71750527570677"
"Year 1 Dec 31 6:00 PM","0"
"Year 1 Dec 31 7:00 PM","0"
"Year 1 Dec 31 8:00 PM","0"
"Year 1 Dec 31 9:00 PM","0"
"Year 1 Dec 31 10:00 PM","0"
"Year 1 Dec 31 11:00 PM","0"
"Year 2 Jan 01 12:00 AM","0"