1,"eplusout.eso"

"Date/Time","[1] Surface Outside Face Incident Solar Radiation Rate per Area  (W/m2)"
,"ZONE_0:F5"
"Year 1 Jan 01 1:00 AM","0"
"Year 1 Jan 01 2:00 AM","0"
"Year 1 Jan 01 3:00 AM","0"
"Year 1 Jan 01 4:00 AM","0"
"Year 1 Jan 01 5:00 AM","0"
"Year 1 Jan 01 6:00 AM","0"
"Year 1 Jan 01 7:00 AM","0"
"Year 1 Jan 01 8:00 AM","14.3653411770046"
"Year 1 Jan 01 9:00 AM","109.580327215632"
"Year 1 Jan 01 10:00 AM","233.58712333818"
"Year 1 Jan 01 11:00 AM","323.174359974738"
"Year 1 Jan 01 12:00 PM","307.439861832063"
"Year 1 Jan 01 1:00 PM","181.608880561015"
"Year 1 Jan 01 2:00 PM","120.716477474338"
"Year 1 Jan 01 3:00 PM","79.8066388040153"
"Year 1 Jan 01 4:00 PM","30.1882093042404"
"Year 1 Jan 01 5:00 PM","3.00276738706908"
"Year 1 Jan 01 6:00 PM","0"
"Year 1 Jan 01 7:00 PM","0"
"Year 1 Jan 01 8:00 PM","0"
"Year 1 Jan 01 9:00 PM","0"
"Year 1 Jan 01 10:00 PM","0"
"Year 1 Jan 01 11:00 PM","0"
"Year 1 Jan 02 12:00 AM","0"
"Year 1 Jan 02 1:00 AM","0"
"Year 1 Jan 02 2:00 AM","0"
"Year 1 Jan 02 3:00 AM","0"
"Year 1 Jan 02 4:00 AM","0"
"Year 1 Jan 02 5:00 AM","0"
"Year 1 Jan 02 6:00 AM","0"
"Year 1 Jan 02 7:00 AM","0"
"Year 1 Jan 02 8:00 AM","6.56362532408362"
"Year 1 Jan 02 9:00 AM","32.3133607505655"
"Year 1 Jan 02 10:00 AM","70.5003667655949"
"Year 1 Jan 02 11:00 AM","83.1960533298728"
"Year 1 Jan 02 12:00 PM","106.018448799964"
"Year 1 Jan 02 1:00 PM","111.279929481531"
"Year 1 Jan 02 2:00 PM","97.6279473771521"
"Year 1 Jan 02 3:00 PM","68.9593278869628"
"Year 1 Jan 02 4:00 PM","30.8432253032327"
"Year 1 Jan 02 5:00 PM","4.19619521663398"
"Year 1 Jan 02 6:00 PM","0"
"Year 1 Jan 02 7:00 PM","0"
"Year 1 Jan 02 8:00 PM","0"
"Year 1 Jan 02 9:00 PM","0"
"Year 1 Jan 02 10:00 PM","0"
"Year 1 Jan 02 11:00 PM","0"
"Year 1 Jan 03 12:00 AM","0"
"Year 1 Jan 03 1:00 AM","0"
"Year 1 Jan 03 2:00 AM","0"
"Year 1 Jan 03 3:00 AM","0"
"Year 1 Jan 03 4:00 AM","0"
"Year 1 Jan 03 5:00 AM","0"
"Year 1 Jan 03 6:00 AM","0"
"Year 1 Jan 03 7:00 AM","0"
"Year 1 Jan 03 8:00 AM","14.4576563760347"
"Year 1 Jan 03 9:00 AM","55.3195600162621"
"Year 1 Jan 03 10:00 AM","104.95202567886"
"Year 1 Jan 03 11:00 AM","133.14283442942"
"Year 1 Jan 03 12:00 PM","135.837189630792"
"Year 1 Jan 03 1:00 PM","133.775777615924"
"Year 1 Jan 03 2:00 PM","124.56455244591"
"Year 1 Jan 03 3:00 PM","87.9294714078368"
"Year 1 Jan 03 4:00 PM","44.6643704664541"
"Year 1 Jan 03 5:00 PM","6.25094481924587"
"Year 1 Jan 03 6:00 PM","0"
"Year 1 Jan 03 7:00 PM","0"
"Year 1 Jan 03 8:00 PM","0"
"Year 1 Jan 03 9:00 PM","0"
"Year 1 Jan 03 10:00 PM","0"
"Year 1 Jan 03 11:00 PM","0"
"Year 1 Jan 04 12:00 AM","0"
"Year 1 Jan 04 1:00 AM","0"
"Year 1 Jan 04 2:00 AM","0"
"Year 1 Jan 04 3:00 AM","0"
"Year 1 Jan 04 4:00 AM","0"
"Year 1 Jan 04 5:00 AM","0"
"Year 1 Jan 04 6:00 AM","0"
"Year 1 Jan 04 7:00 AM","0"
"Year 1 Jan 04 8:00 AM","13.6166626301615"
"Year 1 Jan 04 9:00 AM","48.6513074941464"
"Year 1 Jan 04 10:00 AM","80.8882282183855"
"Year 1 Jan 04 11:00 AM","110.813754340993"
"Year 1 Jan 04 12:00 PM","117.560397999828"
"Year 1 Jan 04 1:00 PM","114.689036515295"
"Year 1 Jan 04 2:00 PM","93.9574959673504"
"Year 1 Jan 04 3:00 PM","73.1842505497579"
"Year 1 Jan 04 4:00 PM","35.1039228479763"
"Year 1 Jan 04 5:00 PM","5.24458725062763"
"Year 1 Jan 04 6:00 PM","0"
"Year 1 Jan 04 7:00 PM","0"
"Year 1 Jan 04 8:00 PM","0"
"Year 1 Jan 04 9:00 PM","0"
"Year 1 Jan 04 10:00 PM","0"
"Year 1 Jan 04 11:00 PM","0"
"Year 1 Jan 05 12:00 AM","0"
"Year 1 Jan 05 1:00 AM","0"
"Year 1 Jan 05 2:00 AM","0"
"Year 1 Jan 05 3:00 AM","0"
"Year 1 Jan 05 4:00 AM","0"
"Year 1 Jan 05 5:00 AM","0"
"Year 1 Jan 05 6:00 AM","0"
"Year 1 Jan 05 7:00 AM","0"
"Year 1 Jan 05 8:00 AM","19.1874659940585"
"Year 1 Jan 05 9:00 AM","117.625782882592"
"Year 1 Jan 05 10:00 AM","261.187879980952"
"Year 1 Jan 05 11:00 AM","373.262191670953"
"Year 1 Jan 05 12:00 PM","424.859344715926"
"Year 1 Jan 05 1:00 PM","413.151048856607"
"Year 1 Jan 05 2:00 PM","327.189824626693"
"Year 1 Jan 05 3:00 PM","205.634891665692"
"Year 1 Jan 05 4:00 PM","66.0324511096173"
"Year 1 Jan 05 5:00 PM","6.47894400016759"
"Year 1 Jan 05 6:00 PM","0"
"Year 1 Jan 05 7:00 PM","0"
"Year 1 Jan 05 8:00 PM","0"
"Year 1 Jan 05 9:00 PM","0"
"Year 1 Jan 05 10:00 PM","0"
"Year 1 Jan 05 11:00 PM","0"
"Year 1 Jan 06 12:00 AM","0"
"Year 1 Jan 06 1:00 AM","0"
"Year 1 Jan 06 2:00 AM","0"
"Year 1 Jan 06 3:00 AM","0"
"Year 1 Jan 06 4:00 AM","0"
"Year 1 Jan 06 5:00 AM","0"
"Year 1 Jan 06 6:00 AM","0"
"Year 1 Jan 06 7:00 AM","0"
"Year 1 Jan 06 8:00 AM","18.3373761920863"
"Year 1 Jan 06 9:00 AM","117.769030489803"
"Year 1 Jan 06 10:00 AM","238.662683616957"
"Year 1 Jan 06 11:00 AM","272.434796670373"
"Year 1 Jan 06 12:00 PM","162.823860461808"
"Year 1 Jan 06 1:00 PM","149.753602908292"
"Year 1 Jan 06 2:00 PM","92.4982328931413"
"Year 1 Jan 06 3:00 PM","99.2275388075935"
"Year 1 Jan 06 4:00 PM","58.6993101366246"
"Year 1 Jan 06 5:00 PM","7.48428556065402"
"Year 1 Jan 06 6:00 PM","0"
"Year 1 Jan 06 7:00 PM","0"
"Year 1 Jan 06 8:00 PM","0"
"Year 1 Jan 06 9:00 PM","0"
"Year 1 Jan 06 10:00 PM","0"
"Year 1 Jan 06 11:00 PM","0"
"Year 1 Jan 07 12:00 AM","0"
"Year 1 Jan 07 1:00 AM","0"
"Year 1 Jan 07 2:00 AM","0"
"Year 1 Jan 07 3:00 AM","0"
"Year 1 Jan 07 4:00 AM","0"
"Year 1 Jan 07 5:00 AM","0"
"Year 1 Jan 07 6:00 AM","0"
"Year 1 Jan 07 7:00 AM","0"
"Year 1 Jan 07 8:00 AM","20.8314426325029"
"Year 1 Jan 07 9:00 AM","138.163640963896"
"Year 1 Jan 07 10:00 AM","277.453374366599"
"Year 1 Jan 07 11:00 AM","382.205688511306"
"Year 1 Jan 07 12:00 PM","431.683520695815"
"Year 1 Jan 07 1:00 PM","425.360948809293"
"Year 1 Jan 07 2:00 PM","361.878962788254"
"Year 1 Jan 07 3:00 PM","247.694126996119"
"Year 1 Jan 07 4:00 PM","107.073315641177"
"Year 1 Jan 07 5:00 PM","9.61242113406257"
"Year 1 Jan 07 6:00 PM","0"
"Year 1 Jan 07 7:00 PM","0"
"Year 1 Jan 07 8:00 PM","0"
"Year 1 Jan 07 9:00 PM","0"
"Year 1 Jan 07 10:00 PM","0"
"Year 1 Jan 07 11:00 PM","0"
"Year 1 Jan 08 12:00 AM","0"
"Year 1 Jan 08 1:00 AM","0"
"Year 1 Jan 08 2:00 AM","0"
"Year 1 Jan 08 3:00 AM","0"
"Year 1 Jan 08 4:00 AM","0"
"Year 1 Jan 08 5:00 AM","0"
"Year 1 Jan 08 6:00 AM","0"
"Year 1 Jan 08 7:00 AM","0"
"Year 1 Jan 08 8:00 AM","21.0320777233032"
"Year 1 Jan 08 9:00 AM","135.058558991752"
"Year 1 Jan 08 10:00 AM","248.791981835625"
"Year 1 Jan 08 11:00 AM","342.386678131654"
"Year 1 Jan 08 12:00 PM","382.965195901996"
"Year 1 Jan 08 1:00 PM","383.97482577762"
"Year 1 Jan 08 2:00 PM","333.83331143265"
"Year 1 Jan 08 3:00 PM","237.427308609279"
"Year 1 Jan 08 4:00 PM","103.065703716722"
"Year 1 Jan 08 5:00 PM","9.73151731182481"
"Year 1 Jan 08 6:00 PM","0"
"Year 1 Jan 08 7:00 PM","0"
"Year 1 Jan 08 8:00 PM","0"
"Year 1 Jan 08 9:00 PM","0"
"Year 1 Jan 08 10:00 PM","0"
"Year 1 Jan 08 11:00 PM","0"
"Year 1 Jan 09 12:00 AM","0"
"Year 1 Jan 09 1:00 AM","0"
"Year 1 Jan 09 2:00 AM","0"
"Year 1 Jan 09 3:00 AM","0"
"Year 1 Jan 09 4:00 AM","0"
"Year 1 Jan 09 5:00 AM","0"
"Year 1 Jan 09 6:00 AM","0"
"Year 1 Jan 09 7:00 AM","0"
"Year 1 Jan 09 8:00 AM","14.2821501305869"
"Year 1 Jan 09 9:00 AM","76.2963306892536"
"Year 1 Jan 09 10:00 AM","162.326096967287"
"Year 1 Jan 09 11:00 AM","215.282460941058"
"Year 1 Jan 09 12:00 PM","268.048682533129"
"Year 1 Jan 09 1:00 PM","282.276388818644"
"Year 1 Jan 09 2:00 PM","224.184993891291"
"Year 1 Jan 09 3:00 PM","167.296880185872"
"Year 1 Jan 09 4:00 PM","65.6751511544785"
"Year 1 Jan 09 5:00 PM","7.39622138255286"
"Year 1 Jan 09 6:00 PM","0"
"Year 1 Jan 09 7:00 PM","0"
"Year 1 Jan 09 8:00 PM","0"
"Year 1 Jan 09 9:00 PM","0"
"Year 1 Jan 09 10:00 PM","0"
"Year 1 Jan 09 11:00 PM","0"
"Year 1 Jan 10 12:00 AM","0"
"Year 1 Jan 10 1:00 AM","0"
"Year 1 Jan 10 2:00 AM","0"
"Year 1 Jan 10 3:00 AM","0"
"Year 1 Jan 10 4:00 AM","0"
"Year 1 Jan 10 5:00 AM","0"
"Year 1 Jan 10 6:00 AM","0"
"Year 1 Jan 10 7:00 AM","0"
"Year 1 Jan 10 8:00 AM","17.9278489231289"
"Year 1 Jan 10 9:00 AM","115.772610914324"
"Year 1 Jan 10 10:00 AM","244.49126323831"
"Year 1 Jan 10 11:00 AM","346.691048148459"
"Year 1 Jan 10 12:00 PM","394.447875309627"
"Year 1 Jan 10 1:00 PM","389.511487872922"
"Year 1 Jan 10 2:00 PM","329.883201912279"
"Year 1 Jan 10 3:00 PM","219.288961632009"
"Year 1 Jan 10 4:00 PM","90.0387290554873"
"Year 1 Jan 10 5:00 PM","9.54108679624917"
"Year 1 Jan 10 6:00 PM","0"
"Year 1 Jan 10 7:00 PM","0"
"Year 1 Jan 10 8:00 PM","0"
"Year 1 Jan 10 9:00 PM","0"
"Year 1 Jan 10 10:00 PM","0"
"Year 1 Jan 10 11:00 PM","0"
"Year 1 Jan 11 12:00 AM","0"
"Year 1 Jan 11 1:00 AM","0"
"Year 1 Jan 11 2:00 AM","0"
"Year 1 Jan 11 3:00 AM","0"
"Year 1 Jan 11 4:00 AM","0"
"Year 1 Jan 11 5:00 AM","0"
"Year 1 Jan 11 6:00 AM","0"
"Year 1 Jan 11 7:00 AM","0"
"Year 1 Jan 11 8:00 AM","8.67158557138503"
"Year 1 Jan 11 9:00 AM","42.8771974977476"
"Year 1 Jan 11 10:00 AM","109.447898091764"
"Year 1 Jan 11 11:00 AM","180.056550912288"
"Year 1 Jan 11 12:00 PM","303.82999094781"
"Year 1 Jan 11 1:00 PM","326.582360073316"
"Year 1 Jan 11 2:00 PM","295.876815103182"
"Year 1 Jan 11 3:00 PM","216.164935197866"
"Year 1 Jan 11 4:00 PM","96.6481834109628"
"Year 1 Jan 11 5:00 PM","9.92443378726589"
"Year 1 Jan 11 6:00 PM","0"
"Year 1 Jan 11 7:00 PM","0"
"Year 1 Jan 11 8:00 PM","0"
"Year 1 Jan 11 9:00 PM","0"
"Year 1 Jan 11 10:00 PM","0"
"Year 1 Jan 11 11:00 PM","0"
"Year 1 Jan 12 12:00 AM","0"
"Year 1 Jan 12 1:00 AM","0"
"Year 1 Jan 12 2:00 AM","0"
"Year 1 Jan 12 3:00 AM","0"
"Year 1 Jan 12 4:00 AM","0"
"Year 1 Jan 12 5:00 AM","0"
"Year 1 Jan 12 6:00 AM","0"
"Year 1 Jan 12 7:00 AM","0"
"Year 1 Jan 12 8:00 AM","16.3193975486939"
"Year 1 Jan 12 9:00 AM","59.7868660042413"
"Year 1 Jan 12 10:00 AM","50.3334285603975"
"Year 1 Jan 12 11:00 AM","72.4366508913945"
"Year 1 Jan 12 12:00 PM","92.7516282053555"
"Year 1 Jan 12 1:00 PM","101.615692377247"
"Year 1 Jan 12 2:00 PM","97.0227563031113"
"Year 1 Jan 12 3:00 PM","66.0657450175938"
"Year 1 Jan 12 4:00 PM","32.4500462209077"
"Year 1 Jan 12 5:00 PM","5.70843515014568"
"Year 1 Jan 12 6:00 PM","0"
"Year 1 Jan 12 7:00 PM","0"
"Year 1 Jan 12 8:00 PM","0"
"Year 1 Jan 12 9:00 PM","0"
"Year 1 Jan 12 10:00 PM","0"
"Year 1 Jan 12 11:00 PM","0"
"Year 1 Jan 13 12:00 AM","0"
"Year 1 Jan 13 1:00 AM","0"
"Year 1 Jan 13 2:00 AM","0"
"Year 1 Jan 13 3:00 AM","0"
"Year 1 Jan 13 4:00 AM","0"
"Year 1 Jan 13 5:00 AM","0"
"Year 1 Jan 13 6:00 AM","0"
"Year 1 Jan 13 7:00 AM","0"
"Year 1 Jan 13 8:00 AM","17.9468274671748"
"Year 1 Jan 13 9:00 AM","108.672573417926"
"Year 1 Jan 13 10:00 AM","234.424411763619"
"Year 1 Jan 13 11:00 AM","334.916299527813"
"Year 1 Jan 13 12:00 PM","381.870665736409"
"Year 1 Jan 13 1:00 PM","332.424214097254"
"Year 1 Jan 13 2:00 PM","201.144384746332"
"Year 1 Jan 13 3:00 PM","146.779130811687"
"Year 1 Jan 13 4:00 PM","24.3905465531897"
"Year 1 Jan 13 5:00 PM","3.35042342201138"
"Year 1 Jan 13 6:00 PM","0"
"Year 1 Jan 13 7:00 PM","0"
"Year 1 Jan 13 8:00 PM","0"
"Year 1 Jan 13 9:00 PM","0"
"Year 1 Jan 13 10:00 PM","0"
"Year 1 Jan 13 11:00 PM","0"
"Year 1 Jan 14 12:00 AM","0"
"Year 1 Jan 14 1:00 AM","0"
"Year 1 Jan 14 2:00 AM","0"
"Year 1 Jan 14 3:00 AM","0"
"Year 1 Jan 14 4:00 AM","0"
"Year 1 Jan 14 5:00 AM","0"
"Year 1 Jan 14 6:00 AM","0"
"Year 1 Jan 14 7:00 AM","0"
"Year 1 Jan 14 8:00 AM","12.5987581244841"
"Year 1 Jan 14 9:00 AM","49.4193643905391"
"Year 1 Jan 14 10:00 AM","79.0147766541497"
"Year 1 Jan 14 11:00 AM","95.5184759664394"
"Year 1 Jan 14 12:00 PM","113.570183213804"
"Year 1 Jan 14 1:00 PM","166.922117584285"
"Year 1 Jan 14 2:00 PM","328.904038931205"
"Year 1 Jan 14 3:00 PM","220.59189865264"
"Year 1 Jan 14 4:00 PM","86.9696447372169"
"Year 1 Jan 14 5:00 PM","10.3898432053726"
"Year 1 Jan 14 6:00 PM","0"
"Year 1 Jan 14 7:00 PM","0"
"Year 1 Jan 14 8:00 PM","0"
"Year 1 Jan 14 9:00 PM","0"
"Year 1 Jan 14 10:00 PM","0"
"Year 1 Jan 14 11:00 PM","0"
"Year 1 Jan 15 12:00 AM","0"
"Year 1 Jan 15 1:00 AM","0"
"Year 1 Jan 15 2:00 AM","0"
"Year 1 Jan 15 3:00 AM","0"
"Year 1 Jan 15 4:00 AM","0"
"Year 1 Jan 15 5:00 AM","0"
"Year 1 Jan 15 6:00 AM","0"
"Year 1 Jan 15 7:00 AM","0"
"Year 1 Jan 15 8:00 AM","15.8500171526495"
"Year 1 Jan 15 9:00 AM","80.8224608525521"
"Year 1 Jan 15 10:00 AM","221.709001625258"
"Year 1 Jan 15 11:00 AM","344.304446639327"
"Year 1 Jan 15 12:00 PM","392.26137836271"
"Year 1 Jan 15 1:00 PM","382.51447141469"
"Year 1 Jan 15 2:00 PM","302.730412102446"
"Year 1 Jan 15 3:00 PM","153.487758543578"
"Year 1 Jan 15 4:00 PM","74.7807129460763"
"Year 1 Jan 15 5:00 PM","10.2570801659265"
"Year 1 Jan 15 6:00 PM","0"
"Year 1 Jan 15 7:00 PM","0"
"Year 1 Jan 15 8:00 PM","0"
"Year 1 Jan 15 9:00 PM","0"
"Year 1 Jan 15 10:00 PM","0"
"Year 1 Jan 15 11:00 PM","0"
"Year 1 Jan 16 12:00 AM","0"
"Year 1 Jan 16 1:00 AM","0"
"Year 1 Jan 16 2:00 AM","0"
"Year 1 Jan 16 3:00 AM","0"
"Year 1 Jan 16 4:00 AM","0"
"Year 1 Jan 16 5:00 AM","0"
"Year 1 Jan 16 6:00 AM","0"
"Year 1 Jan 16 7:00 AM","0"
"Year 1 Jan 16 8:00 AM","15.5439107053738"
"Year 1 Jan 16 9:00 AM","80.2592554467657"
"Year 1 Jan 16 10:00 AM","138.046687292854"
"Year 1 Jan 16 11:00 AM","104.251156412652"
"Year 1 Jan 16 12:00 PM","198.496478323291"
"Year 1 Jan 16 1:00 PM","326.884854335922"
"Year 1 Jan 16 2:00 PM","270.657362547884"
"Year 1 Jan 16 3:00 PM","132.116551955902"
"Year 1 Jan 16 4:00 PM","59.2889907278356"
"Year 1 Jan 16 5:00 PM","9.94623725678378"
"Year 1 Jan 16 6:00 PM","0"
"Year 1 Jan 16 7:00 PM","0"
"Year 1 Jan 16 8:00 PM","0"
"Year 1 Jan 16 9:00 PM","0"
"Year 1 Jan 16 10:00 PM","0"
"Year 1 Jan 16 11:00 PM","0"
"Year 1 Jan 17 12:00 AM","0"
"Year 1 Jan 17 1:00 AM","0"
"Year 1 Jan 17 2:00 AM","0"
"Year 1 Jan 17 3:00 AM","0"
"Year 1 Jan 17 4:00 AM","0"
"Year 1 Jan 17 5:00 AM","0"
"Year 1 Jan 17 6:00 AM","0"
"Year 1 Jan 17 7:00 AM","0"
"Year 1 Jan 17 8:00 AM","20.0235689216479"
"Year 1 Jan 17 9:00 AM","126.427047826024"
"Year 1 Jan 17 10:00 AM","257.956034111626"
"Year 1 Jan 17 11:00 AM","337.820431180305"
"Year 1 Jan 17 12:00 PM","395.823293293518"
"Year 1 Jan 17 1:00 PM","347.295636892515"
"Year 1 Jan 17 2:00 PM","239.226113194352"
"Year 1 Jan 17 3:00 PM","83.2850674089813"
"Year 1 Jan 17 4:00 PM","43.4348620610898"
"Year 1 Jan 17 5:00 PM","9.96011383552336"
"Year 1 Jan 17 6:00 PM","0"
"Year 1 Jan 17 7:00 PM","0"
"Year 1 Jan 17 8:00 PM","0"
"Year 1 Jan 17 9:00 PM","0"
"Year 1 Jan 17 10:00 PM","0"
"Year 1 Jan 17 11:00 PM","0"
"Year 1 Jan 18 12:00 AM","0"
"Year 1 Jan 18 1:00 AM","0"
"Year 1 Jan 18 2:00 AM","0"
"Year 1 Jan 18 3:00 AM","0"
"Year 1 Jan 18 4:00 AM","0"
"Year 1 Jan 18 5:00 AM","0"
"Year 1 Jan 18 6:00 AM","0"
"Year 1 Jan 18 7:00 AM","0"
"Year 1 Jan 18 8:00 AM","7.37011539029394"
"Year 1 Jan 18 9:00 AM","39.3439815021463"
"Year 1 Jan 18 10:00 AM","129.770590307027"
"Year 1 Jan 18 11:00 AM","206.058993289881"
"Year 1 Jan 18 12:00 PM","219.070670722815"
"Year 1 Jan 18 1:00 PM","106.77592283304"
"Year 1 Jan 18 2:00 PM","81.157311503439"
"Year 1 Jan 18 3:00 PM","59.7166888318916"
"Year 1 Jan 18 4:00 PM","26.2218693877263"
"Year 1 Jan 18 5:00 PM","5.87853228183661"
"Year 1 Jan 18 6:00 PM","0"
"Year 1 Jan 18 7:00 PM","0"
"Year 1 Jan 18 8:00 PM","0"
"Year 1 Jan 18 9:00 PM","0"
"Year 1 Jan 18 10:00 PM","0"
"Year 1 Jan 18 11:00 PM","0"
"Year 1 Jan 19 12:00 AM","0"
"Year 1 Jan 19 1:00 AM","0"
"Year 1 Jan 19 2:00 AM","0"
"Year 1 Jan 19 3:00 AM","0"
"Year 1 Jan 19 4:00 AM","0"
"Year 1 Jan 19 5:00 AM","0"
"Year 1 Jan 19 6:00 AM","0"
"Year 1 Jan 19 7:00 AM","0"
"Year 1 Jan 19 8:00 AM","12.1310515806629"
"Year 1 Jan 19 9:00 AM","52.1242931968126"
"Year 1 Jan 19 10:00 AM","83.3175844469719"
"Year 1 Jan 19 11:00 AM","112.440346336177"
"Year 1 Jan 19 12:00 PM","136.341258335521"
"Year 1 Jan 19 1:00 PM","134.517421034109"
"Year 1 Jan 19 2:00 PM","126.337625374135"
"Year 1 Jan 19 3:00 PM","86.0899526536034"
"Year 1 Jan 19 4:00 PM","48.913976635236"
"Year 1 Jan 19 5:00 PM","11.9251831822553"
"Year 1 Jan 19 6:00 PM","0"
"Year 1 Jan 19 7:00 PM","0"
"Year 1 Jan 19 8:00 PM","0"
"Year 1 Jan 19 9:00 PM","0"
"Year 1 Jan 19 10:00 PM","0"
"Year 1 Jan 19 11:00 PM","0"
"Year 1 Jan 20 12:00 AM","0"
"Year 1 Jan 20 1:00 AM","0"
"Year 1 Jan 20 2:00 AM","0"
"Year 1 Jan 20 3:00 AM","0"
"Year 1 Jan 20 4:00 AM","0"
"Year 1 Jan 20 5:00 AM","0"
"Year 1 Jan 20 6:00 AM","0"
"Year 1 Jan 20 7:00 AM","0"
"Year 1 Jan 20 8:00 AM","13.3773119456264"
"Year 1 Jan 20 9:00 AM","48.9519301237883"
"Year 1 Jan 20 10:00 AM","88.7207043250691"
"Year 1 Jan 20 11:00 AM","114.043666875607"
"Year 1 Jan 20 12:00 PM","129.194289702607"
"Year 1 Jan 20 1:00 PM","171.797409068562"
"Year 1 Jan 20 2:00 PM","308.33807174006"
"Year 1 Jan 20 3:00 PM","237.524493837238"
"Year 1 Jan 20 4:00 PM","106.824483017616"
"Year 1 Jan 20 5:00 PM","14.0322596864899"
"Year 1 Jan 20 6:00 PM","0"
"Year 1 Jan 20 7:00 PM","0"
"Year 1 Jan 20 8:00 PM","0"
"Year 1 Jan 20 9:00 PM","0"
"Year 1 Jan 20 10:00 PM","0"
"Year 1 Jan 20 11:00 PM","0"
"Year 1 Jan 21 12:00 AM","0"
"Year 1 Jan 21 1:00 AM","0"
"Year 1 Jan 21 2:00 AM","0"
"Year 1 Jan 21 3:00 AM","0"
"Year 1 Jan 21 4:00 AM","0"
"Year 1 Jan 21 5:00 AM","0"
"Year 1 Jan 21 6:00 AM","0"
"Year 1 Jan 21 7:00 AM","0"
"Year 1 Jan 21 8:00 AM","20.4848698245939"
"Year 1 Jan 21 9:00 AM","91.0920647394423"
"Year 1 Jan 21 10:00 AM","167.318215913893"
"Year 1 Jan 21 11:00 AM","286.007073124931"
"Year 1 Jan 21 12:00 PM","315.66494028373"
"Year 1 Jan 21 1:00 PM","273.65330872796"
"Year 1 Jan 21 2:00 PM","187.798310694443"
"Year 1 Jan 21 3:00 PM","79.295889101721"
"Year 1 Jan 21 4:00 PM","51.5107150412307"
"Year 1 Jan 21 5:00 PM","14.0677597452039"
"Year 1 Jan 21 6:00 PM","0"
"Year 1 Jan 21 7:00 PM","0"
"Year 1 Jan 21 8:00 PM","0"
"Year 1 Jan 21 9:00 PM","0"
"Year 1 Jan 21 10:00 PM","0"
"Year 1 Jan 21 11:00 PM","0"
"Year 1 Jan 22 12:00 AM","0"
"Year 1 Jan 22 1:00 AM","0"
"Year 1 Jan 22 2:00 AM","0"
"Year 1 Jan 22 3:00 AM","0"
"Year 1 Jan 22 4:00 AM","0"
"Year 1 Jan 22 5:00 AM","0"
"Year 1 Jan 22 6:00 AM","0"
"Year 1 Jan 22 7:00 AM","0"
"Year 1 Jan 22 8:00 AM","9.01912041344771"
"Year 1 Jan 22 9:00 AM","44.1369169422142"
"Year 1 Jan 22 10:00 AM","136.942449646501"
"Year 1 Jan 22 11:00 AM","311.57122086705"
"Year 1 Jan 22 12:00 PM","376.584999741522"
"Year 1 Jan 22 1:00 PM","435.389143109694"
"Year 1 Jan 22 2:00 PM","398.132253984323"
"Year 1 Jan 22 3:00 PM","285.388734818721"
"Year 1 Jan 22 4:00 PM","139.840953524821"
"Year 1 Jan 22 5:00 PM","21.4632312589639"
"Year 1 Jan 22 6:00 PM","0"
"Year 1 Jan 22 7:00 PM","0"
"Year 1 Jan 22 8:00 PM","0"
"Year 1 Jan 22 9:00 PM","0"
"Year 1 Jan 22 10:00 PM","0"
"Year 1 Jan 22 11:00 PM","0"
"Year 1 Jan 23 12:00 AM","0"
"Year 1 Jan 23 1:00 AM","0"
"Year 1 Jan 23 2:00 AM","0"
"Year 1 Jan 23 3:00 AM","0"
"Year 1 Jan 23 4:00 AM","0"
"Year 1 Jan 23 5:00 AM","0"
"Year 1 Jan 23 6:00 AM","0"
"Year 1 Jan 23 7:00 AM","0"
"Year 1 Jan 23 8:00 AM","21.9045106136344"
"Year 1 Jan 23 9:00 AM","124.296872863402"
"Year 1 Jan 23 10:00 AM","254.023978363669"
"Year 1 Jan 23 11:00 AM","341.285816325241"
"Year 1 Jan 23 12:00 PM","382.635148024789"
"Year 1 Jan 23 1:00 PM","417.000261592734"
"Year 1 Jan 23 2:00 PM","359.45828677793"
"Year 1 Jan 23 3:00 PM","250.399150884487"
"Year 1 Jan 23 4:00 PM","117.072234997649"
"Year 1 Jan 23 5:00 PM","18.4931337912094"
"Year 1 Jan 23 6:00 PM","0"
"Year 1 Jan 23 7:00 PM","0"
"Year 1 Jan 23 8:00 PM","0"
"Year 1 Jan 23 9:00 PM","0"
"Year 1 Jan 23 10:00 PM","0"
"Year 1 Jan 23 11:00 PM","0"
"Year 1 Jan 24 12:00 AM","0"
"Year 1 Jan 24 1:00 AM","0"
"Year 1 Jan 24 2:00 AM","0"
"Year 1 Jan 24 3:00 AM","0"
"Year 1 Jan 24 4:00 AM","0"
"Year 1 Jan 24 5:00 AM","0"
"Year 1 Jan 24 6:00 AM","0"
"Year 1 Jan 24 7:00 AM","0"
"Year 1 Jan 24 8:00 AM","8.36008830412129"
"Year 1 Jan 24 9:00 AM","28.9818449782269"
"Year 1 Jan 24 10:00 AM","68.8970927291837"
"Year 1 Jan 24 11:00 AM","106.328979085679"
"Year 1 Jan 24 12:00 PM","132.105241450773"
"Year 1 Jan 24 1:00 PM","130.081420653384"
"Year 1 Jan 24 2:00 PM","110.798622667822"
"Year 1 Jan 24 3:00 PM","81.4702785155563"
"Year 1 Jan 24 4:00 PM","45.9254814315277"
"Year 1 Jan 24 5:00 PM","11.4775525481714"
"Year 1 Jan 24 6:00 PM","0"
"Year 1 Jan 24 7:00 PM","0"
"Year 1 Jan 24 8:00 PM","0"
"Year 1 Jan 24 9:00 PM","0"
"Year 1 Jan 24 10:00 PM","0"
"Year 1 Jan 24 11:00 PM","0"
"Year 1 Jan 25 12:00 AM","0"
"Year 1 Jan 25 1:00 AM","0"
"Year 1 Jan 25 2:00 AM","0"
"Year 1 Jan 25 3:00 AM","0"
"Year 1 Jan 25 4:00 AM","0"
"Year 1 Jan 25 5:00 AM","0"
"Year 1 Jan 25 6:00 AM","0"
"Year 1 Jan 25 7:00 AM","0"
"Year 1 Jan 25 8:00 AM","12.5374274216198"
"Year 1 Jan 25 9:00 AM","46.7337513396456"
"Year 1 Jan 25 10:00 AM","136.433905837977"
"Year 1 Jan 25 11:00 AM","107.412231615861"
"Year 1 Jan 25 12:00 PM","109.647848226751"
"Year 1 Jan 25 1:00 PM","98.0103552902217"
"Year 1 Jan 25 2:00 PM","139.834847413509"
"Year 1 Jan 25 3:00 PM","239.514562683961"
"Year 1 Jan 25 4:00 PM","127.373862375242"
"Year 1 Jan 25 5:00 PM","22.5055569572072"
"Year 1 Jan 25 6:00 PM","0"
"Year 1 Jan 25 7:00 PM","0"
"Year 1 Jan 25 8:00 PM","0"
"Year 1 Jan 25 9:00 PM","0"
"Year 1 Jan 25 10:00 PM","0"
"Year 1 Jan 25 11:00 PM","0"
"Year 1 Jan 26 12:00 AM","0"
"Year 1 Jan 26 1:00 AM","0"
"Year 1 Jan 26 2:00 AM","0"
"Year 1 Jan 26 3:00 AM","0"
"Year 1 Jan 26 4:00 AM","0"
"Year 1 Jan 26 5:00 AM","0"
"Year 1 Jan 26 6:00 AM","0"
"Year 1 Jan 26 7:00 AM","0"
"Year 1 Jan 26 8:00 AM","11.436395898422"
"Year 1 Jan 26 9:00 AM","37.9504034498154"
"Year 1 Jan 26 10:00 AM","76.4826360550959"
"Year 1 Jan 26 11:00 AM","107.881295791919"
"Year 1 Jan 26 12:00 PM","113.811578395695"
"Year 1 Jan 26 1:00 PM","136.530112742818"
"Year 1 Jan 26 2:00 PM","191.35984166681"
"Year 1 Jan 26 3:00 PM","84.078763973128"
"Year 1 Jan 26 4:00 PM","80.2299189054901"
"Year 1 Jan 26 5:00 PM","27.9562976620996"
"Year 1 Jan 26 6:00 PM","0"
"Year 1 Jan 26 7:00 PM","0"
"Year 1 Jan 26 8:00 PM","0"
"Year 1 Jan 26 9:00 PM","0"
"Year 1 Jan 26 10:00 PM","0"
"Year 1 Jan 26 11:00 PM","0"
"Year 1 Jan 27 12:00 AM","0"
"Year 1 Jan 27 1:00 AM","0"
"Year 1 Jan 27 2:00 AM","0"
"Year 1 Jan 27 3:00 AM","0"
"Year 1 Jan 27 4:00 AM","0"
"Year 1 Jan 27 5:00 AM","0"
"Year 1 Jan 27 6:00 AM","0"
"Year 1 Jan 27 7:00 AM","0"
"Year 1 Jan 27 8:00 AM","36.2735818695819"
"Year 1 Jan 27 9:00 AM","176.38548540462"
"Year 1 Jan 27 10:00 AM","325.551172121793"
"Year 1 Jan 27 11:00 AM","441.026454738293"
"Year 1 Jan 27 12:00 PM","501.346897720314"
"Year 1 Jan 27 1:00 PM","501.491170151548"
"Year 1 Jan 27 2:00 PM","432.104158935091"
"Year 1 Jan 27 3:00 PM","294.437266269852"
"Year 1 Jan 27 4:00 PM","167.160911241012"
"Year 1 Jan 27 5:00 PM","32.104353825257"
"Year 1 Jan 27 6:00 PM","0"
"Year 1 Jan 27 7:00 PM","0"
"Year 1 Jan 27 8:00 PM","0"
"Year 1 Jan 27 9:00 PM","0"
"Year 1 Jan 27 10:00 PM","0"
"Year 1 Jan 27 11:00 PM","0"
"Year 1 Jan 28 12:00 AM","0"
"Year 1 Jan 28 1:00 AM","0"
"Year 1 Jan 28 2:00 AM","0"
"Year 1 Jan 28 3:00 AM","0"
"Year 1 Jan 28 4:00 AM","0"
"Year 1 Jan 28 5:00 AM","0"
"Year 1 Jan 28 6:00 AM","0"
"Year 1 Jan 28 7:00 AM","0"
"Year 1 Jan 28 8:00 AM","13.7107873798383"
"Year 1 Jan 28 9:00 AM","38.3938298441186"
"Year 1 Jan 28 10:00 AM","78.9181482603025"
"Year 1 Jan 28 11:00 AM","108.651497622722"
"Year 1 Jan 28 12:00 PM","110.958231878237"
"Year 1 Jan 28 1:00 PM","149.367890913887"
"Year 1 Jan 28 2:00 PM","185.205251734146"
"Year 1 Jan 28 3:00 PM","77.8381708781707"
"Year 1 Jan 28 4:00 PM","39.1215099698214"
"Year 1 Jan 28 5:00 PM","10.6691229207822"
"Year 1 Jan 28 6:00 PM","0"
"Year 1 Jan 28 7:00 PM","0"
"Year 1 Jan 28 8:00 PM","0"
"Year 1 Jan 28 9:00 PM","0"
"Year 1 Jan 28 10:00 PM","0"
"Year 1 Jan 28 11:00 PM","0"
"Year 1 Jan 29 12:00 AM","0"
"Year 1 Jan 29 1:00 AM","0"
"Year 1 Jan 29 2:00 AM","0"
"Year 1 Jan 29 3:00 AM","0"
"Year 1 Jan 29 4:00 AM","0"
"Year 1 Jan 29 5:00 AM","0"
"Year 1 Jan 29 6:00 AM","0"
"Year 1 Jan 29 7:00 AM","0"
"Year 1 Jan 29 8:00 AM","18.6838658015371"
"Year 1 Jan 29 9:00 AM","59.0731834542197"
"Year 1 Jan 29 10:00 AM","81.7006261327848"
"Year 1 Jan 29 11:00 AM","132.972464265405"
"Year 1 Jan 29 12:00 PM","276.699984622063"
"Year 1 Jan 29 1:00 PM","358.772917328443"
"Year 1 Jan 29 2:00 PM","297.711163333609"
"Year 1 Jan 29 3:00 PM","242.616318607524"
"Year 1 Jan 29 4:00 PM","132.398166585265"
"Year 1 Jan 29 5:00 PM","29.9981641339289"
"Year 1 Jan 29 6:00 PM","0"
"Year 1 Jan 29 7:00 PM","0"
"Year 1 Jan 29 8:00 PM","0"
"Year 1 Jan 29 9:00 PM","0"
"Year 1 Jan 29 10:00 PM","0"
"Year 1 Jan 29 11:00 PM","0"
"Year 1 Jan 30 12:00 AM","0"
"Year 1 Jan 30 1:00 AM","0"
"Year 1 Jan 30 2:00 AM","0"
"Year 1 Jan 30 3:00 AM","0"
"Year 1 Jan 30 4:00 AM","0"
"Year 1 Jan 30 5:00 AM","0"
"Year 1 Jan 30 6:00 AM","0"
"Year 1 Jan 30 7:00 AM","0"
"Year 1 Jan 30 8:00 AM","16.5261566978325"
"Year 1 Jan 30 9:00 AM","43.3826343879969"
"Year 1 Jan 30 10:00 AM","71.944622150904"
"Year 1 Jan 30 11:00 AM","87.1447708748836"
"Year 1 Jan 30 12:00 PM","112.25518728275"
"Year 1 Jan 30 1:00 PM","121.291854792586"
"Year 1 Jan 30 2:00 PM","116.176580985185"
"Year 1 Jan 30 3:00 PM","85.0200224300257"
"Year 1 Jan 30 4:00 PM","50.8255974816741"
"Year 1 Jan 30 5:00 PM","16.6264253231501"
"Year 1 Jan 30 6:00 PM","0"
"Year 1 Jan 30 7:00 PM","0"
"Year 1 Jan 30 8:00 PM","0"
"Year 1 Jan 30 9:00 PM","0"
"Year 1 Jan 30 10:00 PM","0"
"Year 1 Jan 30 11:00 PM","0"
"Year 1 Jan 31 12:00 AM","0"
"Year 1 Jan 31 1:00 AM","0"
"Year 1 Jan 31 2:00 AM","0"
"Year 1 Jan 31 3:00 AM","0"
"Year 1 Jan 31 4:00 AM","0"
"Year 1 Jan 31 5:00 AM","0"
"Year 1 Jan 31 6:00 AM","0"
"Year 1 Jan 31 7:00 AM","0"
"Year 1 Jan 31 8:00 AM","20.1064790175266"
"Year 1 Jan 31 9:00 AM","64.7503200953622"
"Year 1 Jan 31 10:00 AM","114.774824893921"
"Year 1 Jan 31 11:00 AM","144.809522631819"
"Year 1 Jan 31 12:00 PM","170.672171803576"
"Year 1 Jan 31 1:00 PM","214.510130749647"
"Year 1 Jan 31 2:00 PM","114.280671203903"
"Year 1 Jan 31 3:00 PM","68.6254238803711"
"Year 1 Jan 31 4:00 PM","37.6279148149102"
"Year 1 Jan 31 5:00 PM","10.8658126464236"
"Year 1 Jan 31 6:00 PM","0"
"Year 1 Jan 31 7:00 PM","0"
"Year 1 Jan 31 8:00 PM","0"
"Year 1 Jan 31 9:00 PM","0"
"Year 1 Jan 31 10:00 PM","0"
"Year 1 Jan 31 11:00 PM","0"
"Year 1 Feb 01 12:00 AM","0"
"Year 1 Feb 01 1:00 AM","0"
"Year 1 Feb 01 2:00 AM","0"
"Year 1 Feb 01 3:00 AM","0"
"Year 1 Feb 01 4:00 AM","0"
"Year 1 Feb 01 5:00 AM","0"
"Year 1 Feb 01 6:00 AM","0"
"Year 1 Feb 01 7:00 AM","0"
"Year 1 Feb 01 8:00 AM","22.7530864690855"
"Year 1 Feb 01 9:00 AM","89.6563593135919"
"Year 1 Feb 01 10:00 AM","261.628642310744"
"Year 1 Feb 01 11:00 AM","417.317171335398"
"Year 1 Feb 01 12:00 PM","479.403306923462"
"Year 1 Feb 01 1:00 PM","480.18402483849"
"Year 1 Feb 01 2:00 PM","419.482328244077"
"Year 1 Feb 01 3:00 PM","306.44385570589"
"Year 1 Feb 01 4:00 PM","159.331424035299"
"Year 1 Feb 01 5:00 PM","35.0944228903238"
"Year 1 Feb 01 6:00 PM","0"
"Year 1 Feb 01 7:00 PM","0"
"Year 1 Feb 01 8:00 PM","0"
"Year 1 Feb 01 9:00 PM","0"
"Year 1 Feb 01 10:00 PM","0"
"Year 1 Feb 01 11:00 PM","0"
"Year 1 Feb 02 12:00 AM","0"
"Year 1 Feb 02 1:00 AM","0"
"Year 1 Feb 02 2:00 AM","0"
"Year 1 Feb 02 3:00 AM","0"
"Year 1 Feb 02 4:00 AM","0"
"Year 1 Feb 02 5:00 AM","0"
"Year 1 Feb 02 6:00 AM","0"
"Year 1 Feb 02 7:00 AM","0"
"Year 1 Feb 02 8:00 AM","35.6059139144833"
"Year 1 Feb 02 9:00 AM","95.8037338458936"
"Year 1 Feb 02 10:00 AM","178.819590218579"
"Year 1 Feb 02 11:00 AM","261.301489884037"
"Year 1 Feb 02 12:00 PM","358.469339458534"
"Year 1 Feb 02 1:00 PM","296.256797315866"
"Year 1 Feb 02 2:00 PM","144.163847808284"
"Year 1 Feb 02 3:00 PM","84.1579697658575"
"Year 1 Feb 02 4:00 PM","56.1792620961015"
"Year 1 Feb 02 5:00 PM","21.3740733897637"
"Year 1 Feb 02 6:00 PM","0"
"Year 1 Feb 02 7:00 PM","0"
"Year 1 Feb 02 8:00 PM","0"
"Year 1 Feb 02 9:00 PM","0"
"Year 1 Feb 02 10:00 PM","0"
"Year 1 Feb 02 11:00 PM","0"
"Year 1 Feb 03 12:00 AM","0"
"Year 1 Feb 03 1:00 AM","0"
"Year 1 Feb 03 2:00 AM","0"
"Year 1 Feb 03 3:00 AM","0"
"Year 1 Feb 03 4:00 AM","0"
"Year 1 Feb 03 5:00 AM","0"
"Year 1 Feb 03 6:00 AM","0"
"Year 1 Feb 03 7:00 AM","0"
"Year 1 Feb 03 8:00 AM","21.3587963550503"
"Year 1 Feb 03 9:00 AM","70.8603855016619"
"Year 1 Feb 03 10:00 AM","119.398889445891"
"Year 1 Feb 03 11:00 AM","143.36161742189"
"Year 1 Feb 03 12:00 PM","328.517988439501"
"Year 1 Feb 03 1:00 PM","328.667431547771"
"Year 1 Feb 03 2:00 PM","226.903063773635"
"Year 1 Feb 03 3:00 PM","107.011301669134"
"Year 1 Feb 03 4:00 PM","76.0034827653137"
"Year 1 Feb 03 5:00 PM","35.096426753873"
"Year 1 Feb 03 6:00 PM","0"
"Year 1 Feb 03 7:00 PM","0"
"Year 1 Feb 03 8:00 PM","0"
"Year 1 Feb 03 9:00 PM","0"
"Year 1 Feb 03 10:00 PM","0"
"Year 1 Feb 03 11:00 PM","0"
"Year 1 Feb 04 12:00 AM","0"
"Year 1 Feb 04 1:00 AM","0"
"Year 1 Feb 04 2:00 AM","0"
"Year 1 Feb 04 3:00 AM","0"
"Year 1 Feb 04 4:00 AM","0"
"Year 1 Feb 04 5:00 AM","0"
"Year 1 Feb 04 6:00 AM","0"
"Year 1 Feb 04 7:00 AM","0"
"Year 1 Feb 04 8:00 AM","20.5871323495908"
"Year 1 Feb 04 9:00 AM","58.9666547954466"
"Year 1 Feb 04 10:00 AM","115.912960986112"
"Year 1 Feb 04 11:00 AM","122.436748848437"
"Year 1 Feb 04 12:00 PM","170.990654477093"
"Year 1 Feb 04 1:00 PM","146.248621026382"
"Year 1 Feb 04 2:00 PM","129.619271721499"
"Year 1 Feb 04 3:00 PM","103.522573269927"
"Year 1 Feb 04 4:00 PM","65.8049032425554"
"Year 1 Feb 04 5:00 PM","23.8743201257241"
"Year 1 Feb 04 6:00 PM","0"
"Year 1 Feb 04 7:00 PM","0"
"Year 1 Feb 04 8:00 PM","0"
"Year 1 Feb 04 9:00 PM","0"
"Year 1 Feb 04 10:00 PM","0"
"Year 1 Feb 04 11:00 PM","0"
"Year 1 Feb 05 12:00 AM","0"
"Year 1 Feb 05 1:00 AM","0"
"Year 1 Feb 05 2:00 AM","0"
"Year 1 Feb 05 3:00 AM","0"
"Year 1 Feb 05 4:00 AM","0"
"Year 1 Feb 05 5:00 AM","0"
"Year 1 Feb 05 6:00 AM","0"
"Year 1 Feb 05 7:00 AM","0"
"Year 1 Feb 05 8:00 AM","38.7031735314669"
"Year 1 Feb 05 9:00 AM","171.620497391499"
"Year 1 Feb 05 10:00 AM","322.354570055112"
"Year 1 Feb 05 11:00 AM","437.947627281753"
"Year 1 Feb 05 12:00 PM","497.401980792923"
"Year 1 Feb 05 1:00 PM","499.57356514509"
"Year 1 Feb 05 2:00 PM","436.789497423455"
"Year 1 Feb 05 3:00 PM","321.241225897853"
"Year 1 Feb 05 4:00 PM","170.901145988606"
"Year 1 Feb 05 5:00 PM","40.8540597902158"
"Year 1 Feb 05 6:00 PM","0"
"Year 1 Feb 05 7:00 PM","0"
"Year 1 Feb 05 8:00 PM","0"
"Year 1 Feb 05 9:00 PM","0"
"Year 1 Feb 05 10:00 PM","0"
"Year 1 Feb 05 11:00 PM","0"
"Year 1 Feb 06 12:00 AM","0"
"Year 1 Feb 06 1:00 AM","0"
"Year 1 Feb 06 2:00 AM","0"
"Year 1 Feb 06 3:00 AM","0"
"Year 1 Feb 06 4:00 AM","0"
"Year 1 Feb 06 5:00 AM","0"
"Year 1 Feb 06 6:00 AM","0"
"Year 1 Feb 06 7:00 AM","0"
"Year 1 Feb 06 8:00 AM","40.359258181691"
"Year 1 Feb 06 9:00 AM","170.336232334472"
"Year 1 Feb 06 10:00 AM","319.274350463414"
"Year 1 Feb 06 11:00 AM","434.864306592386"
"Year 1 Feb 06 12:00 PM","496.734377703252"
"Year 1 Feb 06 1:00 PM","496.115835688174"
"Year 1 Feb 06 2:00 PM","433.90594251626"
"Year 1 Feb 06 3:00 PM","317.926091677463"
"Year 1 Feb 06 4:00 PM","168.197175428294"
"Year 1 Feb 06 5:00 PM","40.5181707693687"
"Year 1 Feb 06 6:00 PM","0"
"Year 1 Feb 06 7:00 PM","0"
"Year 1 Feb 06 8:00 PM","0"
"Year 1 Feb 06 9:00 PM","0"
"Year 1 Feb 06 10:00 PM","0"
"Year 1 Feb 06 11:00 PM","0"
"Year 1 Feb 07 12:00 AM","0"
"Year 1 Feb 07 1:00 AM","0"
"Year 1 Feb 07 2:00 AM","0"
"Year 1 Feb 07 3:00 AM","0"
"Year 1 Feb 07 4:00 AM","0"
"Year 1 Feb 07 5:00 AM","0"
"Year 1 Feb 07 6:00 AM","0"
"Year 1 Feb 07 7:00 AM","0"
"Year 1 Feb 07 8:00 AM","44.9178253961952"
"Year 1 Feb 07 9:00 AM","186.652714715514"
"Year 1 Feb 07 10:00 AM","337.692765099512"
"Year 1 Feb 07 11:00 AM","453.274943779618"
"Year 1 Feb 07 12:00 PM","514.308938662689"
"Year 1 Feb 07 1:00 PM","514.797139577042"
"Year 1 Feb 07 2:00 PM","452.701000703555"
"Year 1 Feb 07 3:00 PM","337.222394985562"
"Year 1 Feb 07 4:00 PM","185.889956897353"
"Year 1 Feb 07 5:00 PM","46.4594163793472"
"Year 1 Feb 07 6:00 PM","0"
"Year 1 Feb 07 7:00 PM","0"
"Year 1 Feb 07 8:00 PM","0"
"Year 1 Feb 07 9:00 PM","0"
"Year 1 Feb 07 10:00 PM","0"
"Year 1 Feb 07 11:00 PM","0"
"Year 1 Feb 08 12:00 AM","0"
"Year 1 Feb 08 1:00 AM","0"
"Year 1 Feb 08 2:00 AM","0"
"Year 1 Feb 08 3:00 AM","0"
"Year 1 Feb 08 4:00 AM","0"
"Year 1 Feb 08 5:00 AM","0"
"Year 1 Feb 08 6:00 AM","0"
"Year 1 Feb 08 7:00 AM","0"
"Year 1 Feb 08 8:00 AM","32.6036075516933"
"Year 1 Feb 08 9:00 AM","129.257182919982"
"Year 1 Feb 08 10:00 AM","254.096779804547"
"Year 1 Feb 08 11:00 AM","434.117524757347"
"Year 1 Feb 08 12:00 PM","492.360182358781"
"Year 1 Feb 08 1:00 PM","497.990963478449"
"Year 1 Feb 08 2:00 PM","443.070955419856"
"Year 1 Feb 08 3:00 PM","328.445809890572"
"Year 1 Feb 08 4:00 PM","179.023968712338"
"Year 1 Feb 08 5:00 PM","45.3612507868286"
"Year 1 Feb 08 6:00 PM","0"
"Year 1 Feb 08 7:00 PM","0"
"Year 1 Feb 08 8:00 PM","0"
"Year 1 Feb 08 9:00 PM","0"
"Year 1 Feb 08 10:00 PM","0"
"Year 1 Feb 08 11:00 PM","0"
"Year 1 Feb 09 12:00 AM","0"
"Year 1 Feb 09 1:00 AM","0"
"Year 1 Feb 09 2:00 AM","0"
"Year 1 Feb 09 3:00 AM","0"
"Year 1 Feb 09 4:00 AM","0"
"Year 1 Feb 09 5:00 AM","0"
"Year 1 Feb 09 6:00 AM","0"
"Year 1 Feb 09 7:00 AM","0"
"Year 1 Feb 09 8:00 AM","38.6688273493142"
"Year 1 Feb 09 9:00 AM","108.208156829065"
"Year 1 Feb 09 10:00 AM","213.179433781536"
"Year 1 Feb 09 11:00 AM","330.553626888456"
"Year 1 Feb 09 12:00 PM","341.180086851848"
"Year 1 Feb 09 1:00 PM","477.678766447881"
"Year 1 Feb 09 2:00 PM","423.88744345322"
"Year 1 Feb 09 3:00 PM","337.793853880303"
"Year 1 Feb 09 4:00 PM","195.727916688288"
"Year 1 Feb 09 5:00 PM","50.7632822332362"
"Year 1 Feb 09 6:00 PM","0.941121201654646"
"Year 1 Feb 09 7:00 PM","0"
"Year 1 Feb 09 8:00 PM","0"
"Year 1 Feb 09 9:00 PM","0"
"Year 1 Feb 09 10:00 PM","0"
"Year 1 Feb 09 11:00 PM","0"
"Year 1 Feb 10 12:00 AM","0"
"Year 1 Feb 10 1:00 AM","0"
"Year 1 Feb 10 2:00 AM","0"
"Year 1 Feb 10 3:00 AM","0"
"Year 1 Feb 10 4:00 AM","0"
"Year 1 Feb 10 5:00 AM","0"
"Year 1 Feb 10 6:00 AM","0"
"Year 1 Feb 10 7:00 AM","0"
"Year 1 Feb 10 8:00 AM","44.1951323917891"
"Year 1 Feb 10 9:00 AM","174.137476810734"
"Year 1 Feb 10 10:00 AM","323.672681961633"
"Year 1 Feb 10 11:00 AM","451.442507064364"
"Year 1 Feb 10 12:00 PM","517.566624305857"
"Year 1 Feb 10 1:00 PM","519.884694526105"
"Year 1 Feb 10 2:00 PM","456.495147388483"
"Year 1 Feb 10 3:00 PM","338.403628739012"
"Year 1 Feb 10 4:00 PM","185.792739968019"
"Year 1 Feb 10 5:00 PM","52.4930311503391"
"Year 1 Feb 10 6:00 PM","2.32203055444526"
"Year 1 Feb 10 7:00 PM","0"
"Year 1 Feb 10 8:00 PM","0"
"Year 1 Feb 10 9:00 PM","0"
"Year 1 Feb 10 10:00 PM","0"
"Year 1 Feb 10 11:00 PM","0"
"Year 1 Feb 11 12:00 AM","0"
"Year 1 Feb 11 1:00 AM","0"
"Year 1 Feb 11 2:00 AM","0"
"Year 1 Feb 11 3:00 AM","0"
"Year 1 Feb 11 4:00 AM","0"
"Year 1 Feb 11 5:00 AM","0"
"Year 1 Feb 11 6:00 AM","0"
"Year 1 Feb 11 7:00 AM","2.38267674129131"
"Year 1 Feb 11 8:00 AM","46.9519295390219"
"Year 1 Feb 11 9:00 AM","164.745504352569"
"Year 1 Feb 11 10:00 AM","325.203323150171"
"Year 1 Feb 11 11:00 AM","443.557029862749"
"Year 1 Feb 11 12:00 PM","494.008681959605"
"Year 1 Feb 11 1:00 PM","522.172468455482"
"Year 1 Feb 11 2:00 PM","439.957769778246"
"Year 1 Feb 11 3:00 PM","311.198443109673"
"Year 1 Feb 11 4:00 PM","198.831308112007"
"Year 1 Feb 11 5:00 PM","53.6983978960778"
"Year 1 Feb 11 6:00 PM","2.14818608823555"
"Year 1 Feb 11 7:00 PM","0"
"Year 1 Feb 11 8:00 PM","0"
"Year 1 Feb 11 9:00 PM","0"
"Year 1 Feb 11 10:00 PM","0"
"Year 1 Feb 11 11:00 PM","0"
"Year 1 Feb 12 12:00 AM","0"
"Year 1 Feb 12 1:00 AM","0"
"Year 1 Feb 12 2:00 AM","0"
"Year 1 Feb 12 3:00 AM","0"
"Year 1 Feb 12 4:00 AM","0"
"Year 1 Feb 12 5:00 AM","0"
"Year 1 Feb 12 6:00 AM","0"
"Year 1 Feb 12 7:00 AM","1.23137797788726"
"Year 1 Feb 12 8:00 AM","20.2264913015765"
"Year 1 Feb 12 9:00 AM","53.7540620164244"
"Year 1 Feb 12 10:00 AM","59.232845484134"
"Year 1 Feb 12 11:00 AM","83.6290034747808"
"Year 1 Feb 12 12:00 PM","130.01015223712"
"Year 1 Feb 12 1:00 PM","104.543879428037"
"Year 1 Feb 12 2:00 PM","167.588048225761"
"Year 1 Feb 12 3:00 PM","180.124401679923"
"Year 1 Feb 12 4:00 PM","66.7932515069675"
"Year 1 Feb 12 5:00 PM","31.1253395862464"
"Year 1 Feb 12 6:00 PM","2.12079094505575"
"Year 1 Feb 12 7:00 PM","0"
"Year 1 Feb 12 8:00 PM","0"
"Year 1 Feb 12 9:00 PM","0"
"Year 1 Feb 12 10:00 PM","0"
"Year 1 Feb 12 11:00 PM","0"
"Year 1 Feb 13 12:00 AM","0"
"Year 1 Feb 13 1:00 AM","0"
"Year 1 Feb 13 2:00 AM","0"
"Year 1 Feb 13 3:00 AM","0"
"Year 1 Feb 13 4:00 AM","0"
"Year 1 Feb 13 5:00 AM","0"
"Year 1 Feb 13 6:00 AM","0"
"Year 1 Feb 13 7:00 AM","1.38533943291919"
"Year 1 Feb 13 8:00 AM","23.2105622639647"
"Year 1 Feb 13 9:00 AM","70.5713004611379"
"Year 1 Feb 13 10:00 AM","101.36291973602"
"Year 1 Feb 13 11:00 AM","143.15991397232"
"Year 1 Feb 13 12:00 PM","164.73418449597"
"Year 1 Feb 13 1:00 PM","162.816714888926"
"Year 1 Feb 13 2:00 PM","152.072926232348"
"Year 1 Feb 13 3:00 PM","177.709457790074"
"Year 1 Feb 13 4:00 PM","200.698355925017"
"Year 1 Feb 13 5:00 PM","67.7460955388549"
"Year 1 Feb 13 6:00 PM","2.796923685404"
"Year 1 Feb 13 7:00 PM","0"
"Year 1 Feb 13 8:00 PM","0"
"Year 1 Feb 13 9:00 PM","0"
"Year 1 Feb 13 10:00 PM","0"
"Year 1 Feb 13 11:00 PM","0"
"Year 1 Feb 14 12:00 AM","0"
"Year 1 Feb 14 1:00 AM","0"
"Year 1 Feb 14 2:00 AM","0"
"Year 1 Feb 14 3:00 AM","0"
"Year 1 Feb 14 4:00 AM","0"
"Year 1 Feb 14 5:00 AM","0"
"Year 1 Feb 14 6:00 AM","0"
"Year 1 Feb 14 7:00 AM","1.93267820839581"
"Year 1 Feb 14 8:00 AM","23.6272400883755"
"Year 1 Feb 14 9:00 AM","45.8810991557676"
"Year 1 Feb 14 10:00 AM","102.16606266404"
"Year 1 Feb 14 11:00 AM","133.902140102985"
"Year 1 Feb 14 12:00 PM","157.731934333399"
"Year 1 Feb 14 1:00 PM","142.291758177603"
"Year 1 Feb 14 2:00 PM","115.811196205561"
"Year 1 Feb 14 3:00 PM","97.1895926802341"
"Year 1 Feb 14 4:00 PM","86.1702318960816"
"Year 1 Feb 14 5:00 PM","33.3466172239792"
"Year 1 Feb 14 6:00 PM","1.84464155493156"
"Year 1 Feb 14 7:00 PM","0"
"Year 1 Feb 14 8:00 PM","0"
"Year 1 Feb 14 9:00 PM","0"
"Year 1 Feb 14 10:00 PM","0"
"Year 1 Feb 14 11:00 PM","0"
"Year 1 Feb 15 12:00 AM","0"
"Year 1 Feb 15 1:00 AM","0"
"Year 1 Feb 15 2:00 AM","0"
"Year 1 Feb 15 3:00 AM","0"
"Year 1 Feb 15 4:00 AM","0"
"Year 1 Feb 15 5:00 AM","0"
"Year 1 Feb 15 6:00 AM","0"
"Year 1 Feb 15 7:00 AM","2.93500319889235"
"Year 1 Feb 15 8:00 AM","84.5633229373286"
"Year 1 Feb 15 9:00 AM","249.145512545212"
"Year 1 Feb 15 10:00 AM","407.294793675223"
"Year 1 Feb 15 11:00 AM","524.551318925995"
"Year 1 Feb 15 12:00 PM","589.177815920275"
"Year 1 Feb 15 1:00 PM","591.969329710648"
"Year 1 Feb 15 2:00 PM","534.157897973915"
"Year 1 Feb 15 3:00 PM","419.00552812392"
"Year 1 Feb 15 4:00 PM","258.855752481103"
"Year 1 Feb 15 5:00 PM","89.8137176037924"
"Year 1 Feb 15 6:00 PM","3.03228363223365"
"Year 1 Feb 15 7:00 PM","0"
"Year 1 Feb 15 8:00 PM","0"
"Year 1 Feb 15 9:00 PM","0"
"Year 1 Feb 15 10:00 PM","0"
"Year 1 Feb 15 11:00 PM","0"
"Year 1 Feb 16 12:00 AM","0"
"Year 1 Feb 16 1:00 AM","0"
"Year 1 Feb 16 2:00 AM","0"
"Year 1 Feb 16 3:00 AM","0"
"Year 1 Feb 16 4:00 AM","0"
"Year 1 Feb 16 5:00 AM","0"
"Year 1 Feb 16 6:00 AM","0"
"Year 1 Feb 16 7:00 AM","3.07598582771227"
"Year 1 Feb 16 8:00 AM","49.1758592540959"
"Year 1 Feb 16 9:00 AM","152.262896400165"
"Year 1 Feb 16 10:00 AM","374.162684944226"
"Year 1 Feb 16 11:00 AM","513.415771597992"
"Year 1 Feb 16 12:00 PM","577.650908799523"
"Year 1 Feb 16 1:00 PM","570.243361727325"
"Year 1 Feb 16 2:00 PM","509.996810589809"
"Year 1 Feb 16 3:00 PM","409.008608036429"
"Year 1 Feb 16 4:00 PM","259.804323304482"
"Year 1 Feb 16 5:00 PM","94.7936073417765"
"Year 1 Feb 16 6:00 PM","3.27542993301643"
"Year 1 Feb 16 7:00 PM","0"
"Year 1 Feb 16 8:00 PM","0"
"Year 1 Feb 16 9:00 PM","0"
"Year 1 Feb 16 10:00 PM","0"
"Year 1 Feb 16 11:00 PM","0"
"Year 1 Feb 17 12:00 AM","0"
"Year 1 Feb 17 1:00 AM","0"
"Year 1 Feb 17 2:00 AM","0"
"Year 1 Feb 17 3:00 AM","0"
"Year 1 Feb 17 4:00 AM","0"
"Year 1 Feb 17 5:00 AM","0"
"Year 1 Feb 17 6:00 AM","0"
"Year 1 Feb 17 7:00 AM","1.46335032120001"
"Year 1 Feb 17 8:00 AM","25.9378974972181"
"Year 1 Feb 17 9:00 AM","67.7088601614545"
"Year 1 Feb 17 10:00 AM","95.7168692437126"
"Year 1 Feb 17 11:00 AM","204.577922526119"
"Year 1 Feb 17 12:00 PM","235.486690587669"
"Year 1 Feb 17 1:00 PM","255.629650182416"
"Year 1 Feb 17 2:00 PM","129.0061955022"
"Year 1 Feb 17 3:00 PM","115.54458209888"
"Year 1 Feb 17 4:00 PM","35.5441192802522"
"Year 1 Feb 17 5:00 PM","17.1414602217931"
"Year 1 Feb 17 6:00 PM","2.3070992924589"
"Year 1 Feb 17 7:00 PM","0"
"Year 1 Feb 17 8:00 PM","0"
"Year 1 Feb 17 9:00 PM","0"
"Year 1 Feb 17 10:00 PM","0"
"Year 1 Feb 17 11:00 PM","0"
"Year 1 Feb 18 12:00 AM","0"
"Year 1 Feb 18 1:00 AM","0"
"Year 1 Feb 18 2:00 AM","0"
"Year 1 Feb 18 3:00 AM","0"
"Year 1 Feb 18 4:00 AM","0"
"Year 1 Feb 18 5:00 AM","0"
"Year 1 Feb 18 6:00 AM","0"
"Year 1 Feb 18 7:00 AM","3.01488898255844"
"Year 1 Feb 18 8:00 AM","25.5599049097514"
"Year 1 Feb 18 9:00 AM","103.141324902332"
"Year 1 Feb 18 10:00 AM","324.205597663674"
"Year 1 Feb 18 11:00 AM","351.148756949795"
"Year 1 Feb 18 12:00 PM","340.839910725612"
"Year 1 Feb 18 1:00 PM","376.979242538481"
"Year 1 Feb 18 2:00 PM","194.575665268031"
"Year 1 Feb 18 3:00 PM","214.274542185183"
"Year 1 Feb 18 4:00 PM","200.689816291674"
"Year 1 Feb 18 5:00 PM","73.2650542066581"
"Year 1 Feb 18 6:00 PM","4.80758674296556"
"Year 1 Feb 18 7:00 PM","0"
"Year 1 Feb 18 8:00 PM","0"
"Year 1 Feb 18 9:00 PM","0"
"Year 1 Feb 18 10:00 PM","0"
"Year 1 Feb 18 11:00 PM","0"
"Year 1 Feb 19 12:00 AM","0"
"Year 1 Feb 19 1:00 AM","0"
"Year 1 Feb 19 2:00 AM","0"
"Year 1 Feb 19 3:00 AM","0"
"Year 1 Feb 19 4:00 AM","0"
"Year 1 Feb 19 5:00 AM","0"
"Year 1 Feb 19 6:00 AM","0"
"Year 1 Feb 19 7:00 AM","3.01438138742965"
"Year 1 Feb 19 8:00 AM","26.4389152424946"
"Year 1 Feb 19 9:00 AM","65.1053642924771"
"Year 1 Feb 19 10:00 AM","95.6426913562961"
"Year 1 Feb 19 11:00 AM","120.68260496996"
"Year 1 Feb 19 12:00 PM","140.521711254827"
"Year 1 Feb 19 1:00 PM","172.923679417962"
"Year 1 Feb 19 2:00 PM","132.652216166553"
"Year 1 Feb 19 3:00 PM","110.835122169184"
"Year 1 Feb 19 4:00 PM","72.1709984510966"
"Year 1 Feb 19 5:00 PM","30.9540185257477"
"Year 1 Feb 19 6:00 PM","4.40006922950783"
"Year 1 Feb 19 7:00 PM","0"
"Year 1 Feb 19 8:00 PM","0"
"Year 1 Feb 19 9:00 PM","0"
"Year 1 Feb 19 10:00 PM","0"
"Year 1 Feb 19 11:00 PM","0"
"Year 1 Feb 20 12:00 AM","0"
"Year 1 Feb 20 1:00 AM","0"
"Year 1 Feb 20 2:00 AM","0"
"Year 1 Feb 20 3:00 AM","0"
"Year 1 Feb 20 4:00 AM","0"
"Year 1 Feb 20 5:00 AM","0"
"Year 1 Feb 20 6:00 AM","0"
"Year 1 Feb 20 7:00 AM","5.48827935027568"
"Year 1 Feb 20 8:00 AM","89.5618151158751"
"Year 1 Feb 20 9:00 AM","253.427911181165"
"Year 1 Feb 20 10:00 AM","393.050104272718"
"Year 1 Feb 20 11:00 AM","352.034200629439"
"Year 1 Feb 20 12:00 PM","173.725797734883"
"Year 1 Feb 20 1:00 PM","155.107782650565"
"Year 1 Feb 20 2:00 PM","156.818881202659"
"Year 1 Feb 20 3:00 PM","99.3722071572987"
"Year 1 Feb 20 4:00 PM","79.7995359251654"
"Year 1 Feb 20 5:00 PM","32.5286291417535"
"Year 1 Feb 20 6:00 PM","3.68913618757106"
"Year 1 Feb 20 7:00 PM","0"
"Year 1 Feb 20 8:00 PM","0"
"Year 1 Feb 20 9:00 PM","0"
"Year 1 Feb 20 10:00 PM","0"
"Year 1 Feb 20 11:00 PM","0"
"Year 1 Feb 21 12:00 AM","0"
"Year 1 Feb 21 1:00 AM","0"
"Year 1 Feb 21 2:00 AM","0"
"Year 1 Feb 21 3:00 AM","0"
"Year 1 Feb 21 4:00 AM","0"
"Year 1 Feb 21 5:00 AM","0"
"Year 1 Feb 21 6:00 AM","0"
"Year 1 Feb 21 7:00 AM","1.64607132029908"
"Year 1 Feb 21 8:00 AM","22.4296126860484"
"Year 1 Feb 21 9:00 AM","140.025240435104"
"Year 1 Feb 21 10:00 AM","332.296532125651"
"Year 1 Feb 21 11:00 AM","408.604198994114"
"Year 1 Feb 21 12:00 PM","302.37603568873"
"Year 1 Feb 21 1:00 PM","156.418368253468"
"Year 1 Feb 21 2:00 PM","128.155392573675"
"Year 1 Feb 21 3:00 PM","180.127210458813"
"Year 1 Feb 21 4:00 PM","156.523297784836"
"Year 1 Feb 21 5:00 PM","68.2622969466192"
"Year 1 Feb 21 6:00 PM","5.14384443713721"
"Year 1 Feb 21 7:00 PM","0"
"Year 1 Feb 21 8:00 PM","0"
"Year 1 Feb 21 9:00 PM","0"
"Year 1 Feb 21 10:00 PM","0"
"Year 1 Feb 21 11:00 PM","0"
"Year 1 Feb 22 12:00 AM","0"
"Year 1 Feb 22 1:00 AM","0"
"Year 1 Feb 22 2:00 AM","0"
"Year 1 Feb 22 3:00 AM","0"
"Year 1 Feb 22 4:00 AM","0"
"Year 1 Feb 22 5:00 AM","0"
"Year 1 Feb 22 6:00 AM","0"
"Year 1 Feb 22 7:00 AM","5.58870955703631"
"Year 1 Feb 22 8:00 AM","52.7581388455598"
"Year 1 Feb 22 9:00 AM","174.145207568546"
"Year 1 Feb 22 10:00 AM","250.370518364385"
"Year 1 Feb 22 11:00 AM","303.256973406553"
"Year 1 Feb 22 12:00 PM","254.897782410438"
"Year 1 Feb 22 1:00 PM","244.426573161226"
"Year 1 Feb 22 2:00 PM","260.907133449603"
"Year 1 Feb 22 3:00 PM","182.634761287003"
"Year 1 Feb 22 4:00 PM","77.0704565378351"
"Year 1 Feb 22 5:00 PM","27.1159058526993"
"Year 1 Feb 22 6:00 PM","3.01314336198112"
"Year 1 Feb 22 7:00 PM","0"
"Year 1 Feb 22 8:00 PM","0"
"Year 1 Feb 22 9:00 PM","0"
"Year 1 Feb 22 10:00 PM","0"
"Year 1 Feb 22 11:00 PM","0"
"Year 1 Feb 23 12:00 AM","0"
"Year 1 Feb 23 1:00 AM","0"
"Year 1 Feb 23 2:00 AM","0"
"Year 1 Feb 23 3:00 AM","0"
"Year 1 Feb 23 4:00 AM","0"
"Year 1 Feb 23 5:00 AM","0"
"Year 1 Feb 23 6:00 AM","0"
"Year 1 Feb 23 7:00 AM","5.27056778831421"
"Year 1 Feb 23 8:00 AM","51.6800739488596"
"Year 1 Feb 23 9:00 AM","88.5789016442884"
"Year 1 Feb 23 10:00 AM","109.412460987405"
"Year 1 Feb 23 11:00 AM","108.84978410873"
"Year 1 Feb 23 12:00 PM","114.913704348629"
"Year 1 Feb 23 1:00 PM","98.4181544855933"
"Year 1 Feb 23 2:00 PM","115.683668251023"
"Year 1 Feb 23 3:00 PM","81.3519153557811"
"Year 1 Feb 23 4:00 PM","70.5944977844259"
"Year 1 Feb 23 5:00 PM","33.6621448843035"
"Year 1 Feb 23 6:00 PM","4.58807102679415"
"Year 1 Feb 23 7:00 PM","0"
"Year 1 Feb 23 8:00 PM","0"
"Year 1 Feb 23 9:00 PM","0"
"Year 1 Feb 23 10:00 PM","0"
"Year 1 Feb 23 11:00 PM","0"
"Year 1 Feb 24 12:00 AM","0"
"Year 1 Feb 24 1:00 AM","0"
"Year 1 Feb 24 2:00 AM","0"
"Year 1 Feb 24 3:00 AM","0"
"Year 1 Feb 24 4:00 AM","0"
"Year 1 Feb 24 5:00 AM","0"
"Year 1 Feb 24 6:00 AM","0"
"Year 1 Feb 24 7:00 AM","3.15717630064727"
"Year 1 Feb 24 8:00 AM","25.703899946134"
"Year 1 Feb 24 9:00 AM","73.20458726844"
"Year 1 Feb 24 10:00 AM","114.808398305419"
"Year 1 Feb 24 11:00 AM","151.269654948148"
"Year 1 Feb 24 12:00 PM","175.308646858576"
"Year 1 Feb 24 1:00 PM","177.246001077136"
"Year 1 Feb 24 2:00 PM","159.939165948769"
"Year 1 Feb 24 3:00 PM","120.371417757686"
"Year 1 Feb 24 4:00 PM","76.1416293156474"
"Year 1 Feb 24 5:00 PM","34.7004883607451"
"Year 1 Feb 24 6:00 PM","5.28471506903238"
"Year 1 Feb 24 7:00 PM","0"
"Year 1 Feb 24 8:00 PM","0"
"Year 1 Feb 24 9:00 PM","0"
"Year 1 Feb 24 10:00 PM","0"
"Year 1 Feb 24 11:00 PM","0"
"Year 1 Feb 25 12:00 AM","0"
"Year 1 Feb 25 1:00 AM","0"
"Year 1 Feb 25 2:00 AM","0"
"Year 1 Feb 25 3:00 AM","0"
"Year 1 Feb 25 4:00 AM","0"
"Year 1 Feb 25 5:00 AM","0"
"Year 1 Feb 25 6:00 AM","0"
"Year 1 Feb 25 7:00 AM","7.31858278584772"
"Year 1 Feb 25 8:00 AM","35.3814260397901"
"Year 1 Feb 25 9:00 AM","65.7848859644224"
"Year 1 Feb 25 10:00 AM","177.316776450884"
"Year 1 Feb 25 11:00 AM","341.128908271625"
"Year 1 Feb 25 12:00 PM","204.30531987573"
"Year 1 Feb 25 1:00 PM","164.760827751721"
"Year 1 Feb 25 2:00 PM","121.851283597936"
"Year 1 Feb 25 3:00 PM","117.143676023229"
"Year 1 Feb 25 4:00 PM","92.71889237697"
"Year 1 Feb 25 5:00 PM","52.7906709977356"
"Year 1 Feb 25 6:00 PM","7.57587422932369"
"Year 1 Feb 25 7:00 PM","0"
"Year 1 Feb 25 8:00 PM","0"
"Year 1 Feb 25 9:00 PM","0"
"Year 1 Feb 25 10:00 PM","0"
"Year 1 Feb 25 11:00 PM","0"
"Year 1 Feb 26 12:00 AM","0"
"Year 1 Feb 26 1:00 AM","0"
"Year 1 Feb 26 2:00 AM","0"
"Year 1 Feb 26 3:00 AM","0"
"Year 1 Feb 26 4:00 AM","0"
"Year 1 Feb 26 5:00 AM","0"
"Year 1 Feb 26 6:00 AM","0"
"Year 1 Feb 26 7:00 AM","9.02648219795249"
"Year 1 Feb 26 8:00 AM","51.2485238489478"
"Year 1 Feb 26 9:00 AM","65.7692246553058"
"Year 1 Feb 26 10:00 AM","66.0474639451744"
"Year 1 Feb 26 11:00 AM","114.631057310283"
"Year 1 Feb 26 12:00 PM","124.613024952955"
"Year 1 Feb 26 1:00 PM","128.468596687543"
"Year 1 Feb 26 2:00 PM","122.15708003996"
"Year 1 Feb 26 3:00 PM","112.045899362586"
"Year 1 Feb 26 4:00 PM","69.6227603331855"
"Year 1 Feb 26 5:00 PM","35.0449227265362"
"Year 1 Feb 26 6:00 PM","7.0463632283884"
"Year 1 Feb 26 7:00 PM","0"
"Year 1 Feb 26 8:00 PM","0"
"Year 1 Feb 26 9:00 PM","0"
"Year 1 Feb 26 10:00 PM","0"
"Year 1 Feb 26 11:00 PM","0"
"Year 1 Feb 27 12:00 AM","0"
"Year 1 Feb 27 1:00 AM","0"
"Year 1 Feb 27 2:00 AM","0"
"Year 1 Feb 27 3:00 AM","0"
"Year 1 Feb 27 4:00 AM","0"
"Year 1 Feb 27 5:00 AM","0"
"Year 1 Feb 27 6:00 AM","0"
"Year 1 Feb 27 7:00 AM","8.97805206591192"
"Year 1 Feb 27 8:00 AM","44.9190951418598"
"Year 1 Feb 27 9:00 AM","102.09345698889"
"Year 1 Feb 27 10:00 AM","219.0552902195"
"Year 1 Feb 27 11:00 AM","187.230243775125"
"Year 1 Feb 27 12:00 PM","103.878392764114"
"Year 1 Feb 27 1:00 PM","144.800332625551"
"Year 1 Feb 27 2:00 PM","136.057283888169"
"Year 1 Feb 27 3:00 PM","115.802856920011"
"Year 1 Feb 27 4:00 PM","70.5633259341372"
"Year 1 Feb 27 5:00 PM","31.7740047632347"
"Year 1 Feb 27 6:00 PM","6.1981363659827"
"Year 1 Feb 27 7:00 PM","0"
"Year 1 Feb 27 8:00 PM","0"
"Year 1 Feb 27 9:00 PM","0"
"Year 1 Feb 27 10:00 PM","0"
"Year 1 Feb 27 11:00 PM","0"
"Year 1 Feb 28 12:00 AM","0"
"Year 1 Feb 28 1:00 AM","0"
"Year 1 Feb 28 2:00 AM","0"
"Year 1 Feb 28 3:00 AM","0"
"Year 1 Feb 28 4:00 AM","0"
"Year 1 Feb 28 5:00 AM","0"
"Year 1 Feb 28 6:00 AM","0"
"Year 1 Feb 28 7:00 AM","10.1453793128028"
"Year 1 Feb 28 8:00 AM","88.6048901325603"
"Year 1 Feb 28 9:00 AM","211.580942917927"
"Year 1 Feb 28 10:00 AM","311.717872610799"
"Year 1 Feb 28 11:00 AM","471.961930021995"
"Year 1 Feb 28 12:00 PM","567.267049896085"
"Year 1 Feb 28 1:00 PM","566.454832248265"
"Year 1 Feb 28 2:00 PM","486.656012456748"
"Year 1 Feb 28 3:00 PM","355.553418991879"
"Year 1 Feb 28 4:00 PM","213.840850870222"
"Year 1 Feb 28 5:00 PM","71.090823176256"
"Year 1 Feb 28 6:00 PM","8.31567510236201"
"Year 1 Feb 28 7:00 PM","0"
"Year 1 Feb 28 8:00 PM","0"
"Year 1 Feb 28 9:00 PM","0"
"Year 1 Feb 28 10:00 PM","0"
"Year 1 Feb 28 11:00 PM","0"
"Year 1 Mar 01 12:00 AM","0"
"Year 1 Mar 01 1:00 AM","0"
"Year 1 Mar 01 2:00 AM","0"
"Year 1 Mar 01 3:00 AM","0"
"Year 1 Mar 01 4:00 AM","0"
"Year 1 Mar 01 5:00 AM","0"
"Year 1 Mar 01 6:00 AM","0"
"Year 1 Mar 01 7:00 AM","4.95254155571466"
"Year 1 Mar 01 8:00 AM","23.8206385330586"
"Year 1 Mar 01 9:00 AM","54.9640456262684"
"Year 1 Mar 01 10:00 AM","127.005399306973"
"Year 1 Mar 01 11:00 AM","143.260611755573"
"Year 1 Mar 01 12:00 PM","98.2786792596693"
"Year 1 Mar 01 1:00 PM","102.186181748783"
"Year 1 Mar 01 2:00 PM","99.5014974476706"
"Year 1 Mar 01 3:00 PM","133.098056895655"
"Year 1 Mar 01 4:00 PM","105.419151713818"
"Year 1 Mar 01 5:00 PM","85.1613306099806"
"Year 1 Mar 01 6:00 PM","9.3051615684667"
"Year 1 Mar 01 7:00 PM","0"
"Year 1 Mar 01 8:00 PM","0"
"Year 1 Mar 01 9:00 PM","0"
"Year 1 Mar 01 10:00 PM","0"
"Year 1 Mar 01 11:00 PM","0"
"Year 1 Mar 02 12:00 AM","0"
"Year 1 Mar 02 1:00 AM","0"
"Year 1 Mar 02 2:00 AM","0"
"Year 1 Mar 02 3:00 AM","0"
"Year 1 Mar 02 4:00 AM","0"
"Year 1 Mar 02 5:00 AM","0"
"Year 1 Mar 02 6:00 AM","0"
"Year 1 Mar 02 7:00 AM","17.2172918859837"
"Year 1 Mar 02 8:00 AM","134.963748071477"
"Year 1 Mar 02 9:00 AM","296.455634683152"
"Year 1 Mar 02 10:00 AM","423.126965686437"
"Year 1 Mar 02 11:00 AM","507.295204092979"
"Year 1 Mar 02 12:00 PM","579.46333700858"
"Year 1 Mar 02 1:00 PM","566.381395809922"
"Year 1 Mar 02 2:00 PM","399.319338248728"
"Year 1 Mar 02 3:00 PM","241.192596629886"
"Year 1 Mar 02 4:00 PM","142.941658280066"
"Year 1 Mar 02 5:00 PM","60.9260157738635"
"Year 1 Mar 02 6:00 PM","9.29843058972136"
"Year 1 Mar 02 7:00 PM","0"
"Year 1 Mar 02 8:00 PM","0"
"Year 1 Mar 02 9:00 PM","0"
"Year 1 Mar 02 10:00 PM","0"
"Year 1 Mar 02 11:00 PM","0"
"Year 1 Mar 03 12:00 AM","0"
"Year 1 Mar 03 1:00 AM","0"
"Year 1 Mar 03 2:00 AM","0"
"Year 1 Mar 03 3:00 AM","0"
"Year 1 Mar 03 4:00 AM","0"
"Year 1 Mar 03 5:00 AM","0"
"Year 1 Mar 03 6:00 AM","0"
"Year 1 Mar 03 7:00 AM","7.18716672517865"
"Year 1 Mar 03 8:00 AM","42.4188473528336"
"Year 1 Mar 03 9:00 AM","140.57034310798"
"Year 1 Mar 03 10:00 AM","143.314837127682"
"Year 1 Mar 03 11:00 AM","181.167922188244"
"Year 1 Mar 03 12:00 PM","160.391173447141"
"Year 1 Mar 03 1:00 PM","133.074020175438"
"Year 1 Mar 03 2:00 PM","137.838967554145"
"Year 1 Mar 03 3:00 PM","107.966376591793"
"Year 1 Mar 03 4:00 PM","75.6642405908777"
"Year 1 Mar 03 5:00 PM","36.1861128103527"
"Year 1 Mar 03 6:00 PM","6.9755080478419"
"Year 1 Mar 03 7:00 PM","0"
"Year 1 Mar 03 8:00 PM","0"
"Year 1 Mar 03 9:00 PM","0"
"Year 1 Mar 03 10:00 PM","0"
"Year 1 Mar 03 11:00 PM","0"
"Year 1 Mar 04 12:00 AM","0"
"Year 1 Mar 04 1:00 AM","0"
"Year 1 Mar 04 2:00 AM","0"
"Year 1 Mar 04 3:00 AM","0"
"Year 1 Mar 04 4:00 AM","0"
"Year 1 Mar 04 5:00 AM","0"
"Year 1 Mar 04 6:00 AM","0"
"Year 1 Mar 04 7:00 AM","6.38601291063792"
"Year 1 Mar 04 8:00 AM","27.0401584702813"
"Year 1 Mar 04 9:00 AM","57.5987436790014"
"Year 1 Mar 04 10:00 AM","81.057776117311"
"Year 1 Mar 04 11:00 AM","104.395067819226"
"Year 1 Mar 04 12:00 PM","182.350951017343"
"Year 1 Mar 04 1:00 PM","464.528835902021"
"Year 1 Mar 04 2:00 PM","485.882366083191"
"Year 1 Mar 04 3:00 PM","167.613321964939"
"Year 1 Mar 04 4:00 PM","78.8579458085927"
"Year 1 Mar 04 5:00 PM","30.3973373628005"
"Year 1 Mar 04 6:00 PM","5.33306807289565"
"Year 1 Mar 04 7:00 PM","0"
"Year 1 Mar 04 8:00 PM","0"
"Year 1 Mar 04 9:00 PM","0"
"Year 1 Mar 04 10:00 PM","0"
"Year 1 Mar 04 11:00 PM","0"
"Year 1 Mar 05 12:00 AM","0"
"Year 1 Mar 05 1:00 AM","0"
"Year 1 Mar 05 2:00 AM","0"
"Year 1 Mar 05 3:00 AM","0"
"Year 1 Mar 05 4:00 AM","0"
"Year 1 Mar 05 5:00 AM","0"
"Year 1 Mar 05 6:00 AM","0"
"Year 1 Mar 05 7:00 AM","10.9944143503253"
"Year 1 Mar 05 8:00 AM","42.538331512092"
"Year 1 Mar 05 9:00 AM","101.863060093569"
"Year 1 Mar 05 10:00 AM","307.468362241823"
"Year 1 Mar 05 11:00 AM","390.964643750784"
"Year 1 Mar 05 12:00 PM","381.875314000177"
"Year 1 Mar 05 1:00 PM","295.882051451629"
"Year 1 Mar 05 2:00 PM","312.848466826561"
"Year 1 Mar 05 3:00 PM","197.25025235691"
"Year 1 Mar 05 4:00 PM","127.418938533839"
"Year 1 Mar 05 5:00 PM","37.9102998193791"
"Year 1 Mar 05 6:00 PM","8.8240771694564"
"Year 1 Mar 05 7:00 PM","0"
"Year 1 Mar 05 8:00 PM","0"
"Year 1 Mar 05 9:00 PM","0"
"Year 1 Mar 05 10:00 PM","0"
"Year 1 Mar 05 11:00 PM","0"
"Year 1 Mar 06 12:00 AM","0"
"Year 1 Mar 06 1:00 AM","0"
"Year 1 Mar 06 2:00 AM","0"
"Year 1 Mar 06 3:00 AM","0"
"Year 1 Mar 06 4:00 AM","0"
"Year 1 Mar 06 5:00 AM","0"
"Year 1 Mar 06 6:00 AM","0"
"Year 1 Mar 06 7:00 AM","18.0353463068711"
"Year 1 Mar 06 8:00 AM","112.375462277209"
"Year 1 Mar 06 9:00 AM","186.044783926977"
"Year 1 Mar 06 10:00 AM","325.998451973989"
"Year 1 Mar 06 11:00 AM","560.599748906489"
"Year 1 Mar 06 12:00 PM","586.613056815247"
"Year 1 Mar 06 1:00 PM","639.530054683276"
"Year 1 Mar 06 2:00 PM","587.157845488097"
"Year 1 Mar 06 3:00 PM","435.260258015475"
"Year 1 Mar 06 4:00 PM","243.571078499832"
"Year 1 Mar 06 5:00 PM","78.5911709458846"
"Year 1 Mar 06 6:00 PM","14.0838368307249"
"Year 1 Mar 06 7:00 PM","0"
"Year 1 Mar 06 8:00 PM","0"
"Year 1 Mar 06 9:00 PM","0"
"Year 1 Mar 06 10:00 PM","0"
"Year 1 Mar 06 11:00 PM","0"
"Year 1 Mar 07 12:00 AM","0"
"Year 1 Mar 07 1:00 AM","0"
"Year 1 Mar 07 2:00 AM","0"
"Year 1 Mar 07 3:00 AM","0"
"Year 1 Mar 07 4:00 AM","0"
"Year 1 Mar 07 5:00 AM","0"
"Year 1 Mar 07 6:00 AM","0"
"Year 1 Mar 07 7:00 AM","8.32817849243133"
"Year 1 Mar 07 8:00 AM","36.3839577060924"
"Year 1 Mar 07 9:00 AM","51.9729487979591"
"Year 1 Mar 07 10:00 AM","110.621482274684"
"Year 1 Mar 07 11:00 AM","161.375976289431"
"Year 1 Mar 07 12:00 PM","178.52626757295"
"Year 1 Mar 07 1:00 PM","166.26138080035"
"Year 1 Mar 07 2:00 PM","163.128339173225"
"Year 1 Mar 07 3:00 PM","149.786406063741"
"Year 1 Mar 07 4:00 PM","111.131067591277"
"Year 1 Mar 07 5:00 PM","50.2902132909304"
"Year 1 Mar 07 6:00 PM","11.5259381930957"
"Year 1 Mar 07 7:00 PM","0"
"Year 1 Mar 07 8:00 PM","0"
"Year 1 Mar 07 9:00 PM","0"
"Year 1 Mar 07 10:00 PM","0"
"Year 1 Mar 07 11:00 PM","0"
"Year 1 Mar 08 12:00 AM","0"
"Year 1 Mar 08 1:00 AM","0"
"Year 1 Mar 08 2:00 AM","0"
"Year 1 Mar 08 3:00 AM","0"
"Year 1 Mar 08 4:00 AM","0"
"Year 1 Mar 08 5:00 AM","0"
"Year 1 Mar 08 6:00 AM","0"
"Year 1 Mar 08 7:00 AM","20.0856686740553"
"Year 1 Mar 08 8:00 AM","131.039777192541"
"Year 1 Mar 08 9:00 AM","344.859740525979"
"Year 1 Mar 08 10:00 AM","512.793237430009"
"Year 1 Mar 08 11:00 AM","628.327333512639"
"Year 1 Mar 08 12:00 PM","690.20910574425"
"Year 1 Mar 08 1:00 PM","692.019666292074"
"Year 1 Mar 08 2:00 PM","626.452021557178"
"Year 1 Mar 08 3:00 PM","500.808143724569"
"Year 1 Mar 08 4:00 PM","334.626557720198"
"Year 1 Mar 08 5:00 PM","150.564486245302"
"Year 1 Mar 08 6:00 PM","20.9206501324592"
"Year 1 Mar 08 7:00 PM","0"
"Year 1 Mar 08 8:00 PM","0"
"Year 1 Mar 08 9:00 PM","0"
"Year 1 Mar 08 10:00 PM","0"
"Year 1 Mar 08 11:00 PM","0"
"Year 1 Mar 09 12:00 AM","0"
"Year 1 Mar 09 1:00 AM","0"
"Year 1 Mar 09 2:00 AM","0"
"Year 1 Mar 09 3:00 AM","0"
"Year 1 Mar 09 4:00 AM","0"
"Year 1 Mar 09 5:00 AM","0"
"Year 1 Mar 09 6:00 AM","0"
"Year 1 Mar 09 7:00 AM","26.7873276099817"
"Year 1 Mar 09 8:00 AM","155.91507963214"
"Year 1 Mar 09 9:00 AM","338.429794760104"
"Year 1 Mar 09 10:00 AM","504.207840475735"
"Year 1 Mar 09 11:00 AM","620.32893837669"
"Year 1 Mar 09 12:00 PM","681.109805986388"
"Year 1 Mar 09 1:00 PM","677.680147323943"
"Year 1 Mar 09 2:00 PM","608.589569947899"
"Year 1 Mar 09 3:00 PM","489.084925604887"
"Year 1 Mar 09 4:00 PM","320.107597971541"
"Year 1 Mar 09 5:00 PM","138.974080517092"
"Year 1 Mar 09 6:00 PM","19.9729087316052"
"Year 1 Mar 09 7:00 PM","0"
"Year 1 Mar 09 8:00 PM","0"
"Year 1 Mar 09 9:00 PM","0"
"Year 1 Mar 09 10:00 PM","0"
"Year 1 Mar 09 11:00 PM","0"
"Year 1 Mar 10 12:00 AM","0"
"Year 1 Mar 10 1:00 AM","0"
"Year 1 Mar 10 2:00 AM","0"
"Year 1 Mar 10 3:00 AM","0"
"Year 1 Mar 10 4:00 AM","0"
"Year 1 Mar 10 5:00 AM","0"
"Year 1 Mar 10 6:00 AM","0"
"Year 1 Mar 10 7:00 AM","24.6807762019522"
"Year 1 Mar 10 8:00 AM","133.967249628747"
"Year 1 Mar 10 9:00 AM","302.392310420723"
"Year 1 Mar 10 10:00 AM","465.334762485883"
"Year 1 Mar 10 11:00 AM","579.906744896109"
"Year 1 Mar 10 12:00 PM","612.556476231992"
"Year 1 Mar 10 1:00 PM","584.765491247496"
"Year 1 Mar 10 2:00 PM","496.485945780971"
"Year 1 Mar 10 3:00 PM","311.175325485983"
"Year 1 Mar 10 4:00 PM","185.641420874175"
"Year 1 Mar 10 5:00 PM","65.2057511944115"
"Year 1 Mar 10 6:00 PM","14.0852859614732"
"Year 1 Mar 10 7:00 PM","0"
"Year 1 Mar 10 8:00 PM","0"
"Year 1 Mar 10 9:00 PM","0"
"Year 1 Mar 10 10:00 PM","0"
"Year 1 Mar 10 11:00 PM","0"
"Year 1 Mar 11 12:00 AM","0"
"Year 1 Mar 11 1:00 AM","0"
"Year 1 Mar 11 2:00 AM","0"
"Year 1 Mar 11 3:00 AM","0"
"Year 1 Mar 11 4:00 AM","0"
"Year 1 Mar 11 5:00 AM","0"
"Year 1 Mar 11 6:00 AM","0"
"Year 1 Mar 11 7:00 AM","9.76272698703654"
"Year 1 Mar 11 8:00 AM","40.5551886172764"
"Year 1 Mar 11 9:00 AM","75.2177674969935"
"Year 1 Mar 11 10:00 AM","132.269023113843"
"Year 1 Mar 11 11:00 AM","175.185414421888"
"Year 1 Mar 11 12:00 PM","184.787447360325"
"Year 1 Mar 11 1:00 PM","195.801233063579"
"Year 1 Mar 11 2:00 PM","170.183614685432"
"Year 1 Mar 11 3:00 PM","139.320242449497"
"Year 1 Mar 11 4:00 PM","101.094205082876"
"Year 1 Mar 11 5:00 PM","37.0922072667773"
"Year 1 Mar 11 6:00 PM","7.61292036063121"
"Year 1 Mar 11 7:00 PM","0"
"Year 1 Mar 11 8:00 PM","0"
"Year 1 Mar 11 9:00 PM","0"
"Year 1 Mar 11 10:00 PM","0"
"Year 1 Mar 11 11:00 PM","0"
"Year 1 Mar 12 12:00 AM","0"
"Year 1 Mar 12 1:00 AM","0"
"Year 1 Mar 12 2:00 AM","0"
"Year 1 Mar 12 3:00 AM","0"
"Year 1 Mar 12 4:00 AM","0"
"Year 1 Mar 12 5:00 AM","0"
"Year 1 Mar 12 6:00 AM","0"
"Year 1 Mar 12 7:00 AM","31.3587913063812"
"Year 1 Mar 12 8:00 AM","169.730816348137"
"Year 1 Mar 12 9:00 AM","355.035050971478"
"Year 1 Mar 12 10:00 AM","517.88736334914"
"Year 1 Mar 12 11:00 AM","635.358943135912"
"Year 1 Mar 12 12:00 PM","695.183569228816"
"Year 1 Mar 12 1:00 PM","693.353801393824"
"Year 1 Mar 12 2:00 PM","619.468428217279"
"Year 1 Mar 12 3:00 PM","458.715926115363"
"Year 1 Mar 12 4:00 PM","248.089415118786"
"Year 1 Mar 12 5:00 PM","74.5591034302223"
"Year 1 Mar 12 6:00 PM","18.0080818233443"
"Year 1 Mar 12 7:00 PM","0"
"Year 1 Mar 12 8:00 PM","0"
"Year 1 Mar 12 9:00 PM","0"
"Year 1 Mar 12 10:00 PM","0"
"Year 1 Mar 12 11:00 PM","0"
"Year 1 Mar 13 12:00 AM","0"
"Year 1 Mar 13 1:00 AM","0"
"Year 1 Mar 13 2:00 AM","0"
"Year 1 Mar 13 3:00 AM","0"
"Year 1 Mar 13 4:00 AM","0"
"Year 1 Mar 13 5:00 AM","0"
"Year 1 Mar 13 6:00 AM","0"
"Year 1 Mar 13 7:00 AM","8.95459658993094"
"Year 1 Mar 13 8:00 AM","30.3309320601115"
"Year 1 Mar 13 9:00 AM","75.1508682176264"
"Year 1 Mar 13 10:00 AM","101.629406746927"
"Year 1 Mar 13 11:00 AM","94.5979648603423"
"Year 1 Mar 13 12:00 PM","97.0126790768484"
"Year 1 Mar 13 1:00 PM","98.1840901913095"
"Year 1 Mar 13 2:00 PM","98.5271192506432"
"Year 1 Mar 13 3:00 PM","138.507192572421"
"Year 1 Mar 13 4:00 PM","100.539408208471"
"Year 1 Mar 13 5:00 PM","66.9336867947535"
"Year 1 Mar 13 6:00 PM","8.2903181935652"
"Year 1 Mar 13 7:00 PM","0"
"Year 1 Mar 13 8:00 PM","0"
"Year 1 Mar 13 9:00 PM","0"
"Year 1 Mar 13 10:00 PM","0"
"Year 1 Mar 13 11:00 PM","0"
"Year 1 Mar 14 12:00 AM","0"
"Year 1 Mar 14 1:00 AM","0"
"Year 1 Mar 14 2:00 AM","0"
"Year 1 Mar 14 3:00 AM","0"
"Year 1 Mar 14 4:00 AM","0"
"Year 1 Mar 14 5:00 AM","0"
"Year 1 Mar 14 6:00 AM","0"
"Year 1 Mar 14 7:00 AM","38.3851697883475"
"Year 1 Mar 14 8:00 AM","196.381077165565"
"Year 1 Mar 14 9:00 AM","375.733376715926"
"Year 1 Mar 14 10:00 AM","499.546695001952"
"Year 1 Mar 14 11:00 AM","604.209189687763"
"Year 1 Mar 14 12:00 PM","644.772438807053"
"Year 1 Mar 14 1:00 PM","469.117836759566"
"Year 1 Mar 14 2:00 PM","389.453037019419"
"Year 1 Mar 14 3:00 PM","369.180880032354"
"Year 1 Mar 14 4:00 PM","284.622191503512"
"Year 1 Mar 14 5:00 PM","149.898606562597"
"Year 1 Mar 14 6:00 PM","27.1221059493079"
"Year 1 Mar 14 7:00 PM","0"
"Year 1 Mar 14 8:00 PM","0"
"Year 1 Mar 14 9:00 PM","0"
"Year 1 Mar 14 10:00 PM","0"
"Year 1 Mar 14 11:00 PM","0"
"Year 1 Mar 15 12:00 AM","0"
"Year 1 Mar 15 1:00 AM","0"
"Year 1 Mar 15 2:00 AM","0"
"Year 1 Mar 15 3:00 AM","0"
"Year 1 Mar 15 4:00 AM","0"
"Year 1 Mar 15 5:00 AM","0"
"Year 1 Mar 15 6:00 AM","0"
"Year 1 Mar 15 7:00 AM","39.5656550929126"
"Year 1 Mar 15 8:00 AM","194.431743888282"
"Year 1 Mar 15 9:00 AM","381.679077158921"
"Year 1 Mar 15 10:00 AM","542.293800354498"
"Year 1 Mar 15 11:00 AM","658.12927584994"
"Year 1 Mar 15 12:00 PM","716.667738151285"
"Year 1 Mar 15 1:00 PM","712.105183289103"
"Year 1 Mar 15 2:00 PM","647.383601733911"
"Year 1 Mar 15 3:00 PM","525.559109135721"
"Year 1 Mar 15 4:00 PM","360.946735363157"
"Year 1 Mar 15 5:00 PM","173.435585251308"
"Year 1 Mar 15 6:00 PM","28.7133187358756"
"Year 1 Mar 15 7:00 PM","0"
"Year 1 Mar 15 8:00 PM","0"
"Year 1 Mar 15 9:00 PM","0"
"Year 1 Mar 15 10:00 PM","0"
"Year 1 Mar 15 11:00 PM","0"
"Year 1 Mar 16 12:00 AM","0"
"Year 1 Mar 16 1:00 AM","0"
"Year 1 Mar 16 2:00 AM","0"
"Year 1 Mar 16 3:00 AM","0"
"Year 1 Mar 16 4:00 AM","0"
"Year 1 Mar 16 5:00 AM","0"
"Year 1 Mar 16 6:00 AM","0"
"Year 1 Mar 16 7:00 AM","34.5336956293484"
"Year 1 Mar 16 8:00 AM","141.377325440488"
"Year 1 Mar 16 9:00 AM","215.842718176078"
"Year 1 Mar 16 10:00 AM","388.035875442873"
"Year 1 Mar 16 11:00 AM","465.38798230812"
"Year 1 Mar 16 12:00 PM","320.059676483571"
"Year 1 Mar 16 1:00 PM","427.721602274155"
"Year 1 Mar 16 2:00 PM","377.063392683302"
"Year 1 Mar 16 3:00 PM","207.110052713018"
"Year 1 Mar 16 4:00 PM","167.074352829295"
"Year 1 Mar 16 5:00 PM","98.3092572676815"
"Year 1 Mar 16 6:00 PM","21.4752975092751"
"Year 1 Mar 16 7:00 PM","0"
"Year 1 Mar 16 8:00 PM","0"
"Year 1 Mar 16 9:00 PM","0"
"Year 1 Mar 16 10:00 PM","0"
"Year 1 Mar 16 11:00 PM","0"
"Year 1 Mar 17 12:00 AM","0"
"Year 1 Mar 17 1:00 AM","0"
"Year 1 Mar 17 2:00 AM","0"
"Year 1 Mar 17 3:00 AM","0"
"Year 1 Mar 17 4:00 AM","0"
"Year 1 Mar 17 5:00 AM","0"
"Year 1 Mar 17 6:00 AM","0"
"Year 1 Mar 17 7:00 AM","39.8586797524428"
"Year 1 Mar 17 8:00 AM","155.006481806016"
"Year 1 Mar 17 9:00 AM","182.787976192246"
"Year 1 Mar 17 10:00 AM","267.760042554458"
"Year 1 Mar 17 11:00 AM","245.037085412191"
"Year 1 Mar 17 12:00 PM","283.820521435737"
"Year 1 Mar 17 1:00 PM","374.526930739362"
"Year 1 Mar 17 2:00 PM","427.459819483018"
"Year 1 Mar 17 3:00 PM","478.374874050509"
"Year 1 Mar 17 4:00 PM","349.920773800123"
"Year 1 Mar 17 5:00 PM","164.119251989886"
"Year 1 Mar 17 6:00 PM","26.9641180001657"
"Year 1 Mar 17 7:00 PM","0"
"Year 1 Mar 17 8:00 PM","0"
"Year 1 Mar 17 9:00 PM","0"
"Year 1 Mar 17 10:00 PM","0"
"Year 1 Mar 17 11:00 PM","0"
"Year 1 Mar 18 12:00 AM","0"
"Year 1 Mar 18 1:00 AM","0"
"Year 1 Mar 18 2:00 AM","0"
"Year 1 Mar 18 3:00 AM","0"
"Year 1 Mar 18 4:00 AM","0"
"Year 1 Mar 18 5:00 AM","0"
"Year 1 Mar 18 6:00 AM","0"
"Year 1 Mar 18 7:00 AM","37.593212275767"
"Year 1 Mar 18 8:00 AM","174.865171631189"
"Year 1 Mar 18 9:00 AM","355.576597296064"
"Year 1 Mar 18 10:00 AM","517.14155277728"
"Year 1 Mar 18 11:00 AM","633.045192778294"
"Year 1 Mar 18 12:00 PM","690.818709721306"
"Year 1 Mar 18 1:00 PM","688.923744590571"
"Year 1 Mar 18 2:00 PM","624.924725108146"
"Year 1 Mar 18 3:00 PM","501.164089504927"
"Year 1 Mar 18 4:00 PM","332.515819896856"
"Year 1 Mar 18 5:00 PM","150.198207054324"
"Year 1 Mar 18 6:00 PM","23.4822928761455"
"Year 1 Mar 18 7:00 PM","0"
"Year 1 Mar 18 8:00 PM","0"
"Year 1 Mar 18 9:00 PM","0"
"Year 1 Mar 18 10:00 PM","0"
"Year 1 Mar 18 11:00 PM","0"
"Year 1 Mar 19 12:00 AM","0"
"Year 1 Mar 19 1:00 AM","0"
"Year 1 Mar 19 2:00 AM","0"
"Year 1 Mar 19 3:00 AM","0"
"Year 1 Mar 19 4:00 AM","0"
"Year 1 Mar 19 5:00 AM","0"
"Year 1 Mar 19 6:00 AM","0"
"Year 1 Mar 19 7:00 AM","32.7303410865754"
"Year 1 Mar 19 8:00 AM","88.3557343097017"
"Year 1 Mar 19 9:00 AM","126.875518539539"
"Year 1 Mar 19 10:00 AM","280.926727823089"
"Year 1 Mar 19 11:00 AM","533.337400449685"
"Year 1 Mar 19 12:00 PM","616.330369705474"
"Year 1 Mar 19 1:00 PM","654.591843723288"
"Year 1 Mar 19 2:00 PM","590.219716408943"
"Year 1 Mar 19 3:00 PM","455.123185705034"
"Year 1 Mar 19 4:00 PM","306.796510596958"
"Year 1 Mar 19 5:00 PM","144.776032567833"
"Year 1 Mar 19 6:00 PM","23.8490375532197"
"Year 1 Mar 19 7:00 PM","0"
"Year 1 Mar 19 8:00 PM","0"
"Year 1 Mar 19 9:00 PM","0"
"Year 1 Mar 19 10:00 PM","0"
"Year 1 Mar 19 11:00 PM","0"
"Year 1 Mar 20 12:00 AM","0"
"Year 1 Mar 20 1:00 AM","0"
"Year 1 Mar 20 2:00 AM","0"
"Year 1 Mar 20 3:00 AM","0"
"Year 1 Mar 20 4:00 AM","0"
"Year 1 Mar 20 5:00 AM","0"
"Year 1 Mar 20 6:00 AM","0"
"Year 1 Mar 20 7:00 AM","40.3673305028331"
"Year 1 Mar 20 8:00 AM","180.816044956226"
"Year 1 Mar 20 9:00 AM","360.962789452974"
"Year 1 Mar 20 10:00 AM","522.331301658912"
"Year 1 Mar 20 11:00 AM","639.353896054896"
"Year 1 Mar 20 12:00 PM","698.833634006235"
"Year 1 Mar 20 1:00 PM","694.950811119804"
"Year 1 Mar 20 2:00 PM","617.163413652391"
"Year 1 Mar 20 3:00 PM","457.114049063578"
"Year 1 Mar 20 4:00 PM","298.721164080251"
"Year 1 Mar 20 5:00 PM","140.22794519696"
"Year 1 Mar 20 6:00 PM","26.7684435842569"
"Year 1 Mar 20 7:00 PM","0"
"Year 1 Mar 20 8:00 PM","0"
"Year 1 Mar 20 9:00 PM","0"
"Year 1 Mar 20 10:00 PM","0"
"Year 1 Mar 20 11:00 PM","0"
"Year 1 Mar 21 12:00 AM","0"
"Year 1 Mar 21 1:00 AM","0"
"Year 1 Mar 21 2:00 AM","0"
"Year 1 Mar 21 3:00 AM","0"
"Year 1 Mar 21 4:00 AM","0"
"Year 1 Mar 21 5:00 AM","0"
"Year 1 Mar 21 6:00 AM","1.23162670295996"
"Year 1 Mar 21 7:00 AM","44.8858641980102"
"Year 1 Mar 21 8:00 AM","197.498920790165"
"Year 1 Mar 21 9:00 AM","381.711575895329"
"Year 1 Mar 21 10:00 AM","540.592783225606"
"Year 1 Mar 21 11:00 AM","648.886259526632"
"Year 1 Mar 21 12:00 PM","663.210999630588"
"Year 1 Mar 21 1:00 PM","656.155017521568"
"Year 1 Mar 21 2:00 PM","565.2724361516"
"Year 1 Mar 21 3:00 PM","405.821035289694"
"Year 1 Mar 21 4:00 PM","175.855301683559"
"Year 1 Mar 21 5:00 PM","100.178664532468"
"Year 1 Mar 21 6:00 PM","24.0880220057743"
"Year 1 Mar 21 7:00 PM","0"
"Year 1 Mar 21 8:00 PM","0"
"Year 1 Mar 21 9:00 PM","0"
"Year 1 Mar 21 10:00 PM","0"
"Year 1 Mar 21 11:00 PM","0"
"Year 1 Mar 22 12:00 AM","0"
"Year 1 Mar 22 1:00 AM","0"
"Year 1 Mar 22 2:00 AM","0"
"Year 1 Mar 22 3:00 AM","0"
"Year 1 Mar 22 4:00 AM","0"
"Year 1 Mar 22 5:00 AM","0"
"Year 1 Mar 22 6:00 AM","2.658301473326"
"Year 1 Mar 22 7:00 AM","53.9891481927852"
"Year 1 Mar 22 8:00 AM","172.442587044891"
"Year 1 Mar 22 9:00 AM","407.84639718326"
"Year 1 Mar 22 10:00 AM","552.429505400639"
"Year 1 Mar 22 11:00 AM","566.725235532056"
"Year 1 Mar 22 12:00 PM","406.650117949106"
"Year 1 Mar 22 1:00 PM","482.168350610667"
"Year 1 Mar 22 2:00 PM","330.986274328821"
"Year 1 Mar 22 3:00 PM","146.193598208889"
"Year 1 Mar 22 4:00 PM","85.3343356324728"
"Year 1 Mar 22 5:00 PM","49.4913264176147"
"Year 1 Mar 22 6:00 PM","16.5881423448989"
"Year 1 Mar 22 7:00 PM","0"
"Year 1 Mar 22 8:00 PM","0"
"Year 1 Mar 22 9:00 PM","0"
"Year 1 Mar 22 10:00 PM","0"
"Year 1 Mar 22 11:00 PM","0"
"Year 1 Mar 23 12:00 AM","0"
"Year 1 Mar 23 1:00 AM","0"
"Year 1 Mar 23 2:00 AM","0"
"Year 1 Mar 23 3:00 AM","0"
"Year 1 Mar 23 4:00 AM","0"
"Year 1 Mar 23 5:00 AM","0"
"Year 1 Mar 23 6:00 AM","1.44666618391605"
"Year 1 Mar 23 7:00 AM","22.6339616556415"
"Year 1 Mar 23 8:00 AM","59.4278005788494"
"Year 1 Mar 23 9:00 AM","85.3502401471782"
"Year 1 Mar 23 10:00 AM","162.931714310314"
"Year 1 Mar 23 11:00 AM","125.376891843358"
"Year 1 Mar 23 12:00 PM","128.320447902516"
"Year 1 Mar 23 1:00 PM","133.379223276943"
"Year 1 Mar 23 2:00 PM","117.809444294084"
"Year 1 Mar 23 3:00 PM","106.286277101848"
"Year 1 Mar 23 4:00 PM","116.377836882496"
"Year 1 Mar 23 5:00 PM","46.4909657404788"
"Year 1 Mar 23 6:00 PM","13.9559845401184"
"Year 1 Mar 23 7:00 PM","0"
"Year 1 Mar 23 8:00 PM","0"
"Year 1 Mar 23 9:00 PM","0"
"Year 1 Mar 23 10:00 PM","0"
"Year 1 Mar 23 11:00 PM","0"
"Year 1 Mar 24 12:00 AM","0"
"Year 1 Mar 24 1:00 AM","0"
"Year 1 Mar 24 2:00 AM","0"
"Year 1 Mar 24 3:00 AM","0"
"Year 1 Mar 24 4:00 AM","0"
"Year 1 Mar 24 5:00 AM","0"
"Year 1 Mar 24 6:00 AM","1.14593990572711"
"Year 1 Mar 24 7:00 AM","15.8109248739768"
"Year 1 Mar 24 8:00 AM","40.6625305795153"
"Year 1 Mar 24 9:00 AM","85.5362718313182"
"Year 1 Mar 24 10:00 AM","152.451308250899"
"Year 1 Mar 24 11:00 AM","129.523158812955"
"Year 1 Mar 24 12:00 PM","140.669479167904"
"Year 1 Mar 24 1:00 PM","202.737788539902"
"Year 1 Mar 24 2:00 PM","130.41728865316"
"Year 1 Mar 24 3:00 PM","102.746656577912"
"Year 1 Mar 24 4:00 PM","102.565456499734"
"Year 1 Mar 24 5:00 PM","59.5508257537665"
"Year 1 Mar 24 6:00 PM","20.6361024719726"
"Year 1 Mar 24 7:00 PM","0"
"Year 1 Mar 24 8:00 PM","0"
"Year 1 Mar 24 9:00 PM","0"
"Year 1 Mar 24 10:00 PM","0"
"Year 1 Mar 24 11:00 PM","0"
"Year 1 Mar 25 12:00 AM","0"
"Year 1 Mar 25 1:00 AM","0"
"Year 1 Mar 25 2:00 AM","0"
"Year 1 Mar 25 3:00 AM","0"
"Year 1 Mar 25 4:00 AM","0"
"Year 1 Mar 25 5:00 AM","0"
"Year 1 Mar 25 6:00 AM","2.299752380452"
"Year 1 Mar 25 7:00 AM","31.6490334233022"
"Year 1 Mar 25 8:00 AM","84.5998381244343"
"Year 1 Mar 25 9:00 AM","148.145159158923"
"Year 1 Mar 25 10:00 AM","177.953855667975"
"Year 1 Mar 25 11:00 AM","209.154653887727"
"Year 1 Mar 25 12:00 PM","232.316782793147"
"Year 1 Mar 25 1:00 PM","237.32575123508"
"Year 1 Mar 25 2:00 PM","214.027590481796"
"Year 1 Mar 25 3:00 PM","171.605373749801"
"Year 1 Mar 25 4:00 PM","133.017329168091"
"Year 1 Mar 25 5:00 PM","82.1884110638886"
"Year 1 Mar 25 6:00 PM","40.7911652364675"
"Year 1 Mar 25 7:00 PM","0"
"Year 1 Mar 25 8:00 PM","0"
"Year 1 Mar 25 9:00 PM","0"
"Year 1 Mar 25 10:00 PM","0"
"Year 1 Mar 25 11:00 PM","0"
"Year 1 Mar 26 12:00 AM","0"
"Year 1 Mar 26 1:00 AM","0"
"Year 1 Mar 26 2:00 AM","0"
"Year 1 Mar 26 3:00 AM","0"
"Year 1 Mar 26 4:00 AM","0"
"Year 1 Mar 26 5:00 AM","0"
"Year 1 Mar 26 6:00 AM","3.37533557122954"
"Year 1 Mar 26 7:00 AM","76.9437220143467"
"Year 1 Mar 26 8:00 AM","250.832314798805"
"Year 1 Mar 26 9:00 AM","441.890568516792"
"Year 1 Mar 26 10:00 AM","605.663013837033"
"Year 1 Mar 26 11:00 AM","719.284696706356"
"Year 1 Mar 26 12:00 PM","759.724153552902"
"Year 1 Mar 26 1:00 PM","701.728661528405"
"Year 1 Mar 26 2:00 PM","636.331950156981"
"Year 1 Mar 26 3:00 PM","511.574091307788"
"Year 1 Mar 26 4:00 PM","340.742720924595"
"Year 1 Mar 26 5:00 PM","176.095589711808"
"Year 1 Mar 26 6:00 PM","39.8962222125548"
"Year 1 Mar 26 7:00 PM","0"
"Year 1 Mar 26 8:00 PM","0"
"Year 1 Mar 26 9:00 PM","0"
"Year 1 Mar 26 10:00 PM","0"
"Year 1 Mar 26 11:00 PM","0"
"Year 1 Mar 27 12:00 AM","0"
"Year 1 Mar 27 1:00 AM","0"
"Year 1 Mar 27 2:00 AM","0"
"Year 1 Mar 27 3:00 AM","0"
"Year 1 Mar 27 4:00 AM","0"
"Year 1 Mar 27 5:00 AM","0"
"Year 1 Mar 27 6:00 AM","1.42946111749342"
"Year 1 Mar 27 7:00 AM","19.0607622906498"
"Year 1 Mar 27 8:00 AM","61.7243016976989"
"Year 1 Mar 27 9:00 AM","62.0934196762456"
"Year 1 Mar 27 10:00 AM","91.7523442110889"
"Year 1 Mar 27 11:00 AM","211.014612374536"
"Year 1 Mar 27 12:00 PM","471.168226922651"
"Year 1 Mar 27 1:00 PM","567.609731051999"
"Year 1 Mar 27 2:00 PM","409.39476033095"
"Year 1 Mar 27 3:00 PM","298.667918329234"
"Year 1 Mar 27 4:00 PM","192.211516560417"
"Year 1 Mar 27 5:00 PM","73.9320648256597"
"Year 1 Mar 27 6:00 PM","35.2666954795229"
"Year 1 Mar 27 7:00 PM","0"
"Year 1 Mar 27 8:00 PM","0"
"Year 1 Mar 27 9:00 PM","0"
"Year 1 Mar 27 10:00 PM","0"
"Year 1 Mar 27 11:00 PM","0"
"Year 1 Mar 28 12:00 AM","0"
"Year 1 Mar 28 1:00 AM","0"
"Year 1 Mar 28 2:00 AM","0"
"Year 1 Mar 28 3:00 AM","0"
"Year 1 Mar 28 4:00 AM","0"
"Year 1 Mar 28 5:00 AM","0"
"Year 1 Mar 28 6:00 AM","2.46857646753358"
"Year 1 Mar 28 7:00 AM","29.6872982737623"
"Year 1 Mar 28 8:00 AM","84.47817077475"
"Year 1 Mar 28 9:00 AM","57.1019542100032"
"Year 1 Mar 28 10:00 AM","88.1207350443173"
"Year 1 Mar 28 11:00 AM","175.116785570967"
"Year 1 Mar 28 12:00 PM","182.579379898173"
"Year 1 Mar 28 1:00 PM","202.323407647594"
"Year 1 Mar 28 2:00 PM","157.632897814254"
"Year 1 Mar 28 3:00 PM","108.309625594575"
"Year 1 Mar 28 4:00 PM","106.175438352841"
"Year 1 Mar 28 5:00 PM","41.3033815576651"
"Year 1 Mar 28 6:00 PM","13.1198146969666"
"Year 1 Mar 28 7:00 PM","0"
"Year 1 Mar 28 8:00 PM","0"
"Year 1 Mar 28 9:00 PM","0"
"Year 1 Mar 28 10:00 PM","0"
"Year 1 Mar 28 11:00 PM","0"
"Year 1 Mar 29 12:00 AM","0"
"Year 1 Mar 29 1:00 AM","0"
"Year 1 Mar 29 2:00 AM","0"
"Year 1 Mar 29 3:00 AM","0"
"Year 1 Mar 29 4:00 AM","0"
"Year 1 Mar 29 5:00 AM","0"
"Year 1 Mar 29 6:00 AM","5.41340250717828"
"Year 1 Mar 29 7:00 AM","38.2995601972761"
"Year 1 Mar 29 8:00 AM","76.1604284054253"
"Year 1 Mar 29 9:00 AM","138.235698585985"
"Year 1 Mar 29 10:00 AM","164.090132893381"
"Year 1 Mar 29 11:00 AM","205.735009243904"
"Year 1 Mar 29 12:00 PM","223.688213596278"
"Year 1 Mar 29 1:00 PM","227.068067978981"
"Year 1 Mar 29 2:00 PM","192.246304292856"
"Year 1 Mar 29 3:00 PM","172.324565119613"
"Year 1 Mar 29 4:00 PM","91.9542078747479"
"Year 1 Mar 29 5:00 PM","66.5318395511036"
"Year 1 Mar 29 6:00 PM","24.3751836868481"
"Year 1 Mar 29 7:00 PM","0"
"Year 1 Mar 29 8:00 PM","0"
"Year 1 Mar 29 9:00 PM","0"
"Year 1 Mar 29 10:00 PM","0"
"Year 1 Mar 29 11:00 PM","0"
"Year 1 Mar 30 12:00 AM","0"
"Year 1 Mar 30 1:00 AM","0"
"Year 1 Mar 30 2:00 AM","0"
"Year 1 Mar 30 3:00 AM","0"
"Year 1 Mar 30 4:00 AM","0"
"Year 1 Mar 30 5:00 AM","0"
"Year 1 Mar 30 6:00 AM","4.53013975581562"
"Year 1 Mar 30 7:00 AM","35.2369089154808"
"Year 1 Mar 30 8:00 AM","87.6831292339485"
"Year 1 Mar 30 9:00 AM","140.152727815441"
"Year 1 Mar 30 10:00 AM","182.478549690325"
"Year 1 Mar 30 11:00 AM","222.622389681307"
"Year 1 Mar 30 12:00 PM","253.664904322477"
"Year 1 Mar 30 1:00 PM","239.774065302626"
"Year 1 Mar 30 2:00 PM","214.36910375515"
"Year 1 Mar 30 3:00 PM","190.107718159742"
"Year 1 Mar 30 4:00 PM","132.311426810621"
"Year 1 Mar 30 5:00 PM","79.6515463552211"
"Year 1 Mar 30 6:00 PM","28.1567027106448"
"Year 1 Mar 30 7:00 PM","0"
"Year 1 Mar 30 8:00 PM","0"
"Year 1 Mar 30 9:00 PM","0"
"Year 1 Mar 30 10:00 PM","0"
"Year 1 Mar 30 11:00 PM","0"
"Year 1 Mar 31 12:00 AM","0"
"Year 1 Mar 31 1:00 AM","0"
"Year 1 Mar 31 2:00 AM","0"
"Year 1 Mar 31 3:00 AM","0"
"Year 1 Mar 31 4:00 AM","0"
"Year 1 Mar 31 5:00 AM","0"
"Year 1 Mar 31 6:00 AM","3.05166340711299"
"Year 1 Mar 31 7:00 AM","22.7284092403275"
"Year 1 Mar 31 8:00 AM","55.1772073321347"
"Year 1 Mar 31 9:00 AM","98.5044795708742"
"Year 1 Mar 31 10:00 AM","179.734763518893"
"Year 1 Mar 31 11:00 AM","217.641826556039"
"Year 1 Mar 31 12:00 PM","214.066637751676"
"Year 1 Mar 31 1:00 PM","139.143118754297"
"Year 1 Mar 31 2:00 PM","129.817517386346"
"Year 1 Mar 31 3:00 PM","153.539957112275"
"Year 1 Mar 31 4:00 PM","76.3101884786983"
"Year 1 Mar 31 5:00 PM","40.6669862696198"
"Year 1 Mar 31 6:00 PM","15.9549129824643"
"Year 1 Mar 31 7:00 PM","1.08095776226473"
"Year 1 Mar 31 8:00 PM","0"
"Year 1 Mar 31 9:00 PM","0"
"Year 1 Mar 31 10:00 PM","0"
"Year 1 Mar 31 11:00 PM","0"
"Year 1 Apr 01 12:00 AM","0"
"Year 1 Apr 01 1:00 AM","0"
"Year 1 Apr 01 2:00 AM","0"
"Year 1 Apr 01 3:00 AM","0"
"Year 1 Apr 01 4:00 AM","0"
"Year 1 Apr 01 5:00 AM","0"
"Year 1 Apr 01 6:00 AM","9.19387245791225"
"Year 1 Apr 01 7:00 AM","104.688470843828"
"Year 1 Apr 01 8:00 AM","268.803819302375"
"Year 1 Apr 01 9:00 AM","429.753751443614"
"Year 1 Apr 01 10:00 AM","434.894995499684"
"Year 1 Apr 01 11:00 AM","242.218176858107"
"Year 1 Apr 01 12:00 PM","156.541402658971"
"Year 1 Apr 01 1:00 PM","101.177433176875"
"Year 1 Apr 01 2:00 PM","88.5141564994315"
"Year 1 Apr 01 3:00 PM","71.3757657757641"
"Year 1 Apr 01 4:00 PM","47.7430158041395"
"Year 1 Apr 01 5:00 PM","39.2948627679342"
"Year 1 Apr 01 6:00 PM","19.8346735898572"
"Year 1 Apr 01 7:00 PM","1.2571201288177"
"Year 1 Apr 01 8:00 PM","0"
"Year 1 Apr 01 9:00 PM","0"
"Year 1 Apr 01 10:00 PM","0"
"Year 1 Apr 01 11:00 PM","0"
"Year 1 Apr 02 12:00 AM","0"
"Year 1 Apr 02 1:00 AM","0"
"Year 1 Apr 02 2:00 AM","0"
"Year 1 Apr 02 3:00 AM","0"
"Year 1 Apr 02 4:00 AM","0"
"Year 1 Apr 02 5:00 AM","0"
"Year 1 Apr 02 6:00 AM","4.86452682531948"
"Year 1 Apr 02 7:00 AM","26.5971646972143"
"Year 1 Apr 02 8:00 AM","61.4697289705406"
"Year 1 Apr 02 9:00 AM","225.155826995733"
"Year 1 Apr 02 10:00 AM","189.926417091509"
"Year 1 Apr 02 11:00 AM","201.750197515512"
"Year 1 Apr 02 12:00 PM","137.351088398573"
"Year 1 Apr 02 1:00 PM","194.020192746738"
"Year 1 Apr 02 2:00 PM","139.81436556601"
"Year 1 Apr 02 3:00 PM","95.8469718634005"
"Year 1 Apr 02 4:00 PM","58.0965291157776"
"Year 1 Apr 02 5:00 PM","31.9098862659093"
"Year 1 Apr 02 6:00 PM","10.80542925"
"Year 1 Apr 02 7:00 PM","0.5925055"
"Year 1 Apr 02 8:00 PM","0"
"Year 1 Apr 02 9:00 PM","0"
"Year 1 Apr 02 10:00 PM","0"
"Year 1 Apr 02 11:00 PM","0"
"Year 1 Apr 03 12:00 AM","0"
"Year 1 Apr 03 1:00 AM","0"
"Year 1 Apr 03 2:00 AM","0"
"Year 1 Apr 03 3:00 AM","0"
"Year 1 Apr 03 4:00 AM","0"
"Year 1 Apr 03 5:00 AM","0"
"Year 1 Apr 03 6:00 AM","11.3388168247128"
"Year 1 Apr 03 7:00 AM","71.3830977385474"
"Year 1 Apr 03 8:00 AM","66.2499114525502"
"Year 1 Apr 03 9:00 AM","90.7848036591672"
"Year 1 Apr 03 10:00 AM","117.546131350593"
"Year 1 Apr 03 11:00 AM","140.232869606158"
"Year 1 Apr 03 12:00 PM","156.648655212867"
"Year 1 Apr 03 1:00 PM","221.13635669605"
"Year 1 Apr 03 2:00 PM","515.753126534395"
"Year 1 Apr 03 3:00 PM","466.17790273012"
"Year 1 Apr 03 4:00 PM","334.998116128347"
"Year 1 Apr 03 5:00 PM","185.650740982267"
"Year 1 Apr 03 6:00 PM","55.242304218426"
"Year 1 Apr 03 7:00 PM","1.9057101517367"
"Year 1 Apr 03 8:00 PM","0"
"Year 1 Apr 03 9:00 PM","0"
"Year 1 Apr 03 10:00 PM","0"
"Year 1 Apr 03 11:00 PM","0"
"Year 1 Apr 04 12:00 AM","0"
"Year 1 Apr 04 1:00 AM","0"
"Year 1 Apr 04 2:00 AM","0"
"Year 1 Apr 04 3:00 AM","0"
"Year 1 Apr 04 4:00 AM","0"
"Year 1 Apr 04 5:00 AM","0"
"Year 1 Apr 04 6:00 AM","11.1682161020621"
"Year 1 Apr 04 7:00 AM","89.2127079305632"
"Year 1 Apr 04 8:00 AM","168.445638269829"
"Year 1 Apr 04 9:00 AM","357.620621878569"
"Year 1 Apr 04 10:00 AM","419.778880062369"
"Year 1 Apr 04 11:00 AM","172.765494134291"
"Year 1 Apr 04 12:00 PM","112.474968006856"
"Year 1 Apr 04 1:00 PM","106.579267785642"
"Year 1 Apr 04 2:00 PM","97.7359579955177"
"Year 1 Apr 04 3:00 PM","73.8755461312007"
"Year 1 Apr 04 4:00 PM","55.9728051190349"
"Year 1 Apr 04 5:00 PM","45.1806753161272"
"Year 1 Apr 04 6:00 PM","20.7304407555421"
"Year 1 Apr 04 7:00 PM","1.26260426891442"
"Year 1 Apr 04 8:00 PM","0"
"Year 1 Apr 04 9:00 PM","0"
"Year 1 Apr 04 10:00 PM","0"
"Year 1 Apr 04 11:00 PM","0"
"Year 1 Apr 05 12:00 AM","0"
"Year 1 Apr 05 1:00 AM","0"
"Year 1 Apr 05 2:00 AM","0"
"Year 1 Apr 05 3:00 AM","0"
"Year 1 Apr 05 4:00 AM","0"
"Year 1 Apr 05 5:00 AM","0"
"Year 1 Apr 05 6:00 AM","10.3678660765883"
"Year 1 Apr 05 7:00 AM","86.4889681692062"
"Year 1 Apr 05 8:00 AM","195.233977679533"
"Year 1 Apr 05 9:00 AM","314.503860203846"
"Year 1 Apr 05 10:00 AM","369.741904687466"
"Year 1 Apr 05 11:00 AM","260.761062057234"
"Year 1 Apr 05 12:00 PM","224.533559408628"
"Year 1 Apr 05 1:00 PM","222.430449242681"
"Year 1 Apr 05 2:00 PM","110.377426271851"
"Year 1 Apr 05 3:00 PM","81.3025744823996"
"Year 1 Apr 05 4:00 PM","114.490619921293"
"Year 1 Apr 05 5:00 PM","71.5433763198346"
"Year 1 Apr 05 6:00 PM","51.8463254745682"
"Year 1 Apr 05 7:00 PM","2.3792687208916"
"Year 1 Apr 05 8:00 PM","0"
"Year 1 Apr 05 9:00 PM","0"
"Year 1 Apr 05 10:00 PM","0"
"Year 1 Apr 05 11:00 PM","0"
"Year 1 Apr 06 12:00 AM","0"
"Year 1 Apr 06 1:00 AM","0"
"Year 1 Apr 06 2:00 AM","0"
"Year 1 Apr 06 3:00 AM","0"
"Year 1 Apr 06 4:00 AM","0"
"Year 1 Apr 06 5:00 AM","0"
"Year 1 Apr 06 6:00 AM","12.0416656226151"
"Year 1 Apr 06 7:00 AM","119.26778627938"
"Year 1 Apr 06 8:00 AM","281.951206265501"
"Year 1 Apr 06 9:00 AM","439.783959131848"
"Year 1 Apr 06 10:00 AM","605.746984012931"
"Year 1 Apr 06 11:00 AM","705.144041415023"
"Year 1 Apr 06 12:00 PM","725.374004941076"
"Year 1 Apr 06 1:00 PM","748.595343614774"
"Year 1 Apr 06 2:00 PM","678.928612918247"
"Year 1 Apr 06 3:00 PM","561.078025294049"
"Year 1 Apr 06 4:00 PM","377.141987832317"
"Year 1 Apr 06 5:00 PM","201.027773397099"
"Year 1 Apr 06 6:00 PM","66.5490067454602"
"Year 1 Apr 06 7:00 PM","1.96448317505512"
"Year 1 Apr 06 8:00 PM","0"
"Year 1 Apr 06 9:00 PM","0"
"Year 1 Apr 06 10:00 PM","0"
"Year 1 Apr 06 11:00 PM","0"
"Year 1 Apr 07 12:00 AM","0"
"Year 1 Apr 07 1:00 AM","0"
"Year 1 Apr 07 2:00 AM","0"
"Year 1 Apr 07 3:00 AM","0"
"Year 1 Apr 07 4:00 AM","0"
"Year 1 Apr 07 5:00 AM","0"
"Year 1 Apr 07 6:00 AM","4.490568"
"Year 1 Apr 07 7:00 AM","24.7730396686448"
"Year 1 Apr 07 8:00 AM","34.75512525"
"Year 1 Apr 07 9:00 AM","53.4815690414922"
"Year 1 Apr 07 10:00 AM","71.559105370449"
"Year 1 Apr 07 11:00 AM","79.5397888311158"
"Year 1 Apr 07 12:00 PM","89.7432074687045"
"Year 1 Apr 07 1:00 PM","90.9196866650195"
"Year 1 Apr 07 2:00 PM","93.921786513522"
"Year 1 Apr 07 3:00 PM","80.3221731823853"
"Year 1 Apr 07 4:00 PM","74.9548055509215"
"Year 1 Apr 07 5:00 PM","40.96871875148"
"Year 1 Apr 07 6:00 PM","22.1634826020473"
"Year 1 Apr 07 7:00 PM","1.41408586595184"
"Year 1 Apr 07 8:00 PM","0"
"Year 1 Apr 07 9:00 PM","0"
"Year 1 Apr 07 10:00 PM","0"
"Year 1 Apr 07 11:00 PM","0"
"Year 1 Apr 08 12:00 AM","0"
"Year 1 Apr 08 1:00 AM","0"
"Year 1 Apr 08 2:00 AM","0"
"Year 1 Apr 08 3:00 AM","0"
"Year 1 Apr 08 4:00 AM","0"
"Year 1 Apr 08 5:00 AM","0"
"Year 1 Apr 08 6:00 AM","5.44546210947597"
"Year 1 Apr 08 7:00 AM","30.1619781079613"
"Year 1 Apr 08 8:00 AM","41.7450992394689"
"Year 1 Apr 08 9:00 AM","55.368900311294"
"Year 1 Apr 08 10:00 AM","62.7524502495394"
"Year 1 Apr 08 11:00 AM","73.3504448262603"
"Year 1 Apr 08 12:00 PM","76.2356074062939"
"Year 1 Apr 08 1:00 PM","78.4884791783952"
"Year 1 Apr 08 2:00 PM","77.4292148565413"
"Year 1 Apr 08 3:00 PM","65.5547999390325"
"Year 1 Apr 08 4:00 PM","57.9810075439316"
"Year 1 Apr 08 5:00 PM","33.4540401224759"
"Year 1 Apr 08 6:00 PM","14.64112275"
"Year 1 Apr 08 7:00 PM","0.873166"
"Year 1 Apr 08 8:00 PM","0"
"Year 1 Apr 08 9:00 PM","0"
"Year 1 Apr 08 10:00 PM","0"
"Year 1 Apr 08 11:00 PM","0"
"Year 1 Apr 09 12:00 AM","0"
"Year 1 Apr 09 1:00 AM","0"
"Year 1 Apr 09 2:00 AM","0"
"Year 1 Apr 09 3:00 AM","0"
"Year 1 Apr 09 4:00 AM","0"
"Year 1 Apr 09 5:00 AM","0"
"Year 1 Apr 09 6:00 AM","12.5152270978382"
"Year 1 Apr 09 7:00 AM","71.7397898270859"
"Year 1 Apr 09 8:00 AM","61.3639040558601"
"Year 1 Apr 09 9:00 AM","65.9588928499849"
"Year 1 Apr 09 10:00 AM","66.3831110634709"
"Year 1 Apr 09 11:00 AM","76.0668515093035"
"Year 1 Apr 09 12:00 PM","142.492513080918"
"Year 1 Apr 09 1:00 PM","425.245684411298"
"Year 1 Apr 09 2:00 PM","656.050110253231"
"Year 1 Apr 09 3:00 PM","570.726829129321"
"Year 1 Apr 09 4:00 PM","375.215971639415"
"Year 1 Apr 09 5:00 PM","186.237504777095"
"Year 1 Apr 09 6:00 PM","66.5504293342088"
"Year 1 Apr 09 7:00 PM","3.2810337773624"
"Year 1 Apr 09 8:00 PM","0"
"Year 1 Apr 09 9:00 PM","0"
"Year 1 Apr 09 10:00 PM","0"
"Year 1 Apr 09 11:00 PM","0"
"Year 1 Apr 10 12:00 AM","0"
"Year 1 Apr 10 1:00 AM","0"
"Year 1 Apr 10 2:00 AM","0"
"Year 1 Apr 10 3:00 AM","0"
"Year 1 Apr 10 4:00 AM","0"
"Year 1 Apr 10 5:00 AM","0"
"Year 1 Apr 10 6:00 AM","13.7578628906296"
"Year 1 Apr 10 7:00 AM","128.579996867417"
"Year 1 Apr 10 8:00 AM","291.407704198428"
"Year 1 Apr 10 9:00 AM","466.042517232965"
"Year 1 Apr 10 10:00 AM","627.933843625286"
"Year 1 Apr 10 11:00 AM","740.030926740883"
"Year 1 Apr 10 12:00 PM","770.530733211009"
"Year 1 Apr 10 1:00 PM","779.050660948562"
"Year 1 Apr 10 2:00 PM","713.910149255143"
"Year 1 Apr 10 3:00 PM","582.417864222209"
"Year 1 Apr 10 4:00 PM","406.737623610636"
"Year 1 Apr 10 5:00 PM","222.295216523248"
"Year 1 Apr 10 6:00 PM","67.2458087390042"
"Year 1 Apr 10 7:00 PM","2.84115619067548"
"Year 1 Apr 10 8:00 PM","0"
"Year 1 Apr 10 9:00 PM","0"
"Year 1 Apr 10 10:00 PM","0"
"Year 1 Apr 10 11:00 PM","0"
"Year 1 Apr 11 12:00 AM","0"
"Year 1 Apr 11 1:00 AM","0"
"Year 1 Apr 11 2:00 AM","0"
"Year 1 Apr 11 3:00 AM","0"
"Year 1 Apr 11 4:00 AM","0"
"Year 1 Apr 11 5:00 AM","0"
"Year 1 Apr 11 6:00 AM","24.1455346317441"
"Year 1 Apr 11 7:00 AM","156.333889777553"
"Year 1 Apr 11 8:00 AM","315.046707114296"
"Year 1 Apr 11 9:00 AM","438.927544666842"
"Year 1 Apr 11 10:00 AM","659.443371883408"
"Year 1 Apr 11 11:00 AM","779.457255692233"
"Year 1 Apr 11 12:00 PM","777.668464849245"
"Year 1 Apr 11 1:00 PM","708.515465823896"
"Year 1 Apr 11 2:00 PM","657.927525586058"
"Year 1 Apr 11 3:00 PM","600.702700492311"
"Year 1 Apr 11 4:00 PM","442.211760270361"
"Year 1 Apr 11 5:00 PM","253.562203427168"
"Year 1 Apr 11 6:00 PM","89.6665477435362"
"Year 1 Apr 11 7:00 PM","4.76203863710179"
"Year 1 Apr 11 8:00 PM","0"
"Year 1 Apr 11 9:00 PM","0"
"Year 1 Apr 11 10:00 PM","0"
"Year 1 Apr 11 11:00 PM","0"
"Year 1 Apr 12 12:00 AM","0"
"Year 1 Apr 12 1:00 AM","0"
"Year 1 Apr 12 2:00 AM","0"
"Year 1 Apr 12 3:00 AM","0"
"Year 1 Apr 12 4:00 AM","0"
"Year 1 Apr 12 5:00 AM","0"
"Year 1 Apr 12 6:00 AM","23.5744933681699"
"Year 1 Apr 12 7:00 AM","113.617403233268"
"Year 1 Apr 12 8:00 AM","71.7078234899431"
"Year 1 Apr 12 9:00 AM","112.872107902845"
"Year 1 Apr 12 10:00 AM","122.565420496576"
"Year 1 Apr 12 11:00 AM","136.919459664895"
"Year 1 Apr 12 12:00 PM","132.764344157376"
"Year 1 Apr 12 1:00 PM","128.571391131432"
"Year 1 Apr 12 2:00 PM","117.948724520022"
"Year 1 Apr 12 3:00 PM","103.21268048828"
"Year 1 Apr 12 4:00 PM","87.4209983663267"
"Year 1 Apr 12 5:00 PM","38.1184018091278"
"Year 1 Apr 12 6:00 PM","11.974848"
"Year 1 Apr 12 7:00 PM","0.98231175"
"Year 1 Apr 12 8:00 PM","0"
"Year 1 Apr 12 9:00 PM","0"
"Year 1 Apr 12 10:00 PM","0"
"Year 1 Apr 12 11:00 PM","0"
"Year 1 Apr 13 12:00 AM","0"
"Year 1 Apr 13 1:00 AM","0"
"Year 1 Apr 13 2:00 AM","0"
"Year 1 Apr 13 3:00 AM","0"
"Year 1 Apr 13 4:00 AM","0"
"Year 1 Apr 13 5:00 AM","0"
"Year 1 Apr 13 6:00 AM","27.3471996173288"
"Year 1 Apr 13 7:00 AM","169.047178714158"
"Year 1 Apr 13 8:00 AM","349.5369040983"
"Year 1 Apr 13 9:00 AM","500.018546535652"
"Year 1 Apr 13 10:00 AM","558.567537101999"
"Year 1 Apr 13 11:00 AM","496.687593948517"
"Year 1 Apr 13 12:00 PM","812.189786876229"
"Year 1 Apr 13 1:00 PM","850.615857724149"
"Year 1 Apr 13 2:00 PM","745.876116019729"
"Year 1 Apr 13 3:00 PM","542.102446221406"
"Year 1 Apr 13 4:00 PM","307.307347786172"
"Year 1 Apr 13 5:00 PM","126.197225604714"
"Year 1 Apr 13 6:00 PM","35.6297076806145"
"Year 1 Apr 13 7:00 PM","2.79350315381116"
"Year 1 Apr 13 8:00 PM","0"
"Year 1 Apr 13 9:00 PM","0"
"Year 1 Apr 13 10:00 PM","0"
"Year 1 Apr 13 11:00 PM","0"
"Year 1 Apr 14 12:00 AM","0"
"Year 1 Apr 14 1:00 AM","0"
"Year 1 Apr 14 2:00 AM","0"
"Year 1 Apr 14 3:00 AM","0"
"Year 1 Apr 14 4:00 AM","0"
"Year 1 Apr 14 5:00 AM","0"
"Year 1 Apr 14 6:00 AM","18.5863990446455"
"Year 1 Apr 14 7:00 AM","160.114531421556"
"Year 1 Apr 14 8:00 AM","333.536702516696"
"Year 1 Apr 14 9:00 AM","527.522460682356"
"Year 1 Apr 14 10:00 AM","690.452294881988"
"Year 1 Apr 14 11:00 AM","801.469422572627"
"Year 1 Apr 14 12:00 PM","851.331232920775"
"Year 1 Apr 14 1:00 PM","802.252602061037"
"Year 1 Apr 14 2:00 PM","764.175224690918"
"Year 1 Apr 14 3:00 PM","594.807016149768"
"Year 1 Apr 14 4:00 PM","355.617724123541"
"Year 1 Apr 14 5:00 PM","196.145545822835"
"Year 1 Apr 14 6:00 PM","58.3306738364068"
"Year 1 Apr 14 7:00 PM","3.96855344809076"
"Year 1 Apr 14 8:00 PM","0"
"Year 1 Apr 14 9:00 PM","0"
"Year 1 Apr 14 10:00 PM","0"
"Year 1 Apr 14 11:00 PM","0"
"Year 1 Apr 15 12:00 AM","0"
"Year 1 Apr 15 1:00 AM","0"
"Year 1 Apr 15 2:00 AM","0"
"Year 1 Apr 15 3:00 AM","0"
"Year 1 Apr 15 4:00 AM","0"
"Year 1 Apr 15 5:00 AM","0"
"Year 1 Apr 15 6:00 AM","19.0856829157811"
"Year 1 Apr 15 7:00 AM","152.654003780551"
"Year 1 Apr 15 8:00 AM","289.892563424965"
"Year 1 Apr 15 9:00 AM","496.052487993223"
"Year 1 Apr 15 10:00 AM","676.611238390222"
"Year 1 Apr 15 11:00 AM","809.107574390946"
"Year 1 Apr 15 12:00 PM","866.000465861954"
"Year 1 Apr 15 1:00 PM","833.890628107115"
"Year 1 Apr 15 2:00 PM","743.477135475188"
"Year 1 Apr 15 3:00 PM","613.80177817957"
"Year 1 Apr 15 4:00 PM","433.916188654952"
"Year 1 Apr 15 5:00 PM","251.315638092042"
"Year 1 Apr 15 6:00 PM","89.5366291858341"
"Year 1 Apr 15 7:00 PM","4.94864598204077"
"Year 1 Apr 15 8:00 PM","0"
"Year 1 Apr 15 9:00 PM","0"
"Year 1 Apr 15 10:00 PM","0"
"Year 1 Apr 15 11:00 PM","0"
"Year 1 Apr 16 12:00 AM","0"
"Year 1 Apr 16 1:00 AM","0"
"Year 1 Apr 16 2:00 AM","0"
"Year 1 Apr 16 3:00 AM","0"
"Year 1 Apr 16 4:00 AM","0"
"Year 1 Apr 16 5:00 AM","0"
"Year 1 Apr 16 6:00 AM","19.5570346428654"
"Year 1 Apr 16 7:00 AM","172.099807680436"
"Year 1 Apr 16 8:00 AM","355.314520662608"
"Year 1 Apr 16 9:00 AM","532.09848320491"
"Year 1 Apr 16 10:00 AM","700.10816883822"
"Year 1 Apr 16 11:00 AM","796.632803858603"
"Year 1 Apr 16 12:00 PM","805.042728942506"
"Year 1 Apr 16 1:00 PM","847.359511440449"
"Year 1 Apr 16 2:00 PM","768.606062719828"
"Year 1 Apr 16 3:00 PM","574.521485969095"
"Year 1 Apr 16 4:00 PM","285.947715113978"
"Year 1 Apr 16 5:00 PM","98.6784518595392"
"Year 1 Apr 16 6:00 PM","37.887917644302"
"Year 1 Apr 16 7:00 PM","3.20032655849608"
"Year 1 Apr 16 8:00 PM","0"
"Year 1 Apr 16 9:00 PM","0"
"Year 1 Apr 16 10:00 PM","0"
"Year 1 Apr 16 11:00 PM","0"
"Year 1 Apr 17 12:00 AM","0"
"Year 1 Apr 17 1:00 AM","0"
"Year 1 Apr 17 2:00 AM","0"
"Year 1 Apr 17 3:00 AM","0"
"Year 1 Apr 17 4:00 AM","0"
"Year 1 Apr 17 5:00 AM","0"
"Year 1 Apr 17 6:00 AM","20.3997567364617"
"Year 1 Apr 17 7:00 AM","162.72116447583"
"Year 1 Apr 17 8:00 AM","296.447900681584"
"Year 1 Apr 17 9:00 AM","372.023515747962"
"Year 1 Apr 17 10:00 AM","347.299350376043"
"Year 1 Apr 17 11:00 AM","669.550735057056"
"Year 1 Apr 17 12:00 PM","848.811161298049"
"Year 1 Apr 17 1:00 PM","820.947283753965"
"Year 1 Apr 17 2:00 PM","748.307225966201"
"Year 1 Apr 17 3:00 PM","604.686564353659"
"Year 1 Apr 17 4:00 PM","433.366475744004"
"Year 1 Apr 17 5:00 PM","252.04672124274"
"Year 1 Apr 17 6:00 PM","97.3752649562733"
"Year 1 Apr 17 7:00 PM","5.39659514775075"
"Year 1 Apr 17 8:00 PM","0"
"Year 1 Apr 17 9:00 PM","0"
"Year 1 Apr 17 10:00 PM","0"
"Year 1 Apr 17 11:00 PM","0"
"Year 1 Apr 18 12:00 AM","0"
"Year 1 Apr 18 1:00 AM","0"
"Year 1 Apr 18 2:00 AM","0"
"Year 1 Apr 18 3:00 AM","0"
"Year 1 Apr 18 4:00 AM","0"
"Year 1 Apr 18 5:00 AM","0"
"Year 1 Apr 18 6:00 AM","15.6744257203904"
"Year 1 Apr 18 7:00 AM","132.222687227244"
"Year 1 Apr 18 8:00 AM","318.353456059031"
"Year 1 Apr 18 9:00 AM","365.568277787781"
"Year 1 Apr 18 10:00 AM","394.304259171083"
"Year 1 Apr 18 11:00 AM","748.994688645653"
"Year 1 Apr 18 12:00 PM","759.959315996578"
"Year 1 Apr 18 1:00 PM","743.928813364471"
"Year 1 Apr 18 2:00 PM","752.95043753325"
"Year 1 Apr 18 3:00 PM","543.601855090144"
"Year 1 Apr 18 4:00 PM","172.86379963649"
"Year 1 Apr 18 5:00 PM","79.370212048225"
"Year 1 Apr 18 6:00 PM","82.2105620255787"
"Year 1 Apr 18 7:00 PM","6.01166294919646"
"Year 1 Apr 18 8:00 PM","0"
"Year 1 Apr 18 9:00 PM","0"
"Year 1 Apr 18 10:00 PM","0"
"Year 1 Apr 18 11:00 PM","0"
"Year 1 Apr 19 12:00 AM","0"
"Year 1 Apr 19 1:00 AM","0"
"Year 1 Apr 19 2:00 AM","0"
"Year 1 Apr 19 3:00 AM","0"
"Year 1 Apr 19 4:00 AM","0"
"Year 1 Apr 19 5:00 AM","0"
"Year 1 Apr 19 6:00 AM","15.539066581444"
"Year 1 Apr 19 7:00 AM","97.9851177986543"
"Year 1 Apr 19 8:00 AM","97.7456708544292"
"Year 1 Apr 19 9:00 AM","252.117672617653"
"Year 1 Apr 19 10:00 AM","590.655807124734"
"Year 1 Apr 19 11:00 AM","771.106997834286"
"Year 1 Apr 19 12:00 PM","781.995299640369"
"Year 1 Apr 19 1:00 PM","791.790853713379"
"Year 1 Apr 19 2:00 PM","692.580807462889"
"Year 1 Apr 19 3:00 PM","482.084044381012"
"Year 1 Apr 19 4:00 PM","362.605627900744"
"Year 1 Apr 19 5:00 PM","181.422818433095"
"Year 1 Apr 19 6:00 PM","90.1392346491616"
"Year 1 Apr 19 7:00 PM","6.0522550131256"
"Year 1 Apr 19 8:00 PM","0"
"Year 1 Apr 19 9:00 PM","0"
"Year 1 Apr 19 10:00 PM","0"
"Year 1 Apr 19 11:00 PM","0"
"Year 1 Apr 20 12:00 AM","0"
"Year 1 Apr 20 1:00 AM","0"
"Year 1 Apr 20 2:00 AM","0"
"Year 1 Apr 20 3:00 AM","0"
"Year 1 Apr 20 4:00 AM","0"
"Year 1 Apr 20 5:00 AM","0"
"Year 1 Apr 20 6:00 AM","11.5421290806552"
"Year 1 Apr 20 7:00 AM","81.9154279719731"
"Year 1 Apr 20 8:00 AM","195.840086266664"
"Year 1 Apr 20 9:00 AM","495.595922838093"
"Year 1 Apr 20 10:00 AM","650.666261834362"
"Year 1 Apr 20 11:00 AM","658.606255027305"
"Year 1 Apr 20 12:00 PM","729.382895156213"
"Year 1 Apr 20 1:00 PM","323.642051118663"
"Year 1 Apr 20 2:00 PM","185.315809915177"
"Year 1 Apr 20 3:00 PM","197.085049543522"
"Year 1 Apr 20 4:00 PM","248.857991512668"
"Year 1 Apr 20 5:00 PM","70.2876088472602"
"Year 1 Apr 20 6:00 PM","29.3570465982133"
"Year 1 Apr 20 7:00 PM","3.14236009354618"
"Year 1 Apr 20 8:00 PM","0"
"Year 1 Apr 20 9:00 PM","0"
"Year 1 Apr 20 10:00 PM","0"
"Year 1 Apr 20 11:00 PM","0"
"Year 1 Apr 21 12:00 AM","0"
"Year 1 Apr 21 1:00 AM","0"
"Year 1 Apr 21 2:00 AM","0"
"Year 1 Apr 21 3:00 AM","0"
"Year 1 Apr 21 4:00 AM","0"
"Year 1 Apr 21 5:00 AM","0"
"Year 1 Apr 21 6:00 AM","3.74214"
"Year 1 Apr 21 7:00 AM","24.6045705"
"Year 1 Apr 21 8:00 AM","45.3493455873385"
"Year 1 Apr 21 9:00 AM","58.4954499947806"
"Year 1 Apr 21 10:00 AM","94.826977952177"
"Year 1 Apr 21 11:00 AM","100.635037381864"
"Year 1 Apr 21 12:00 PM","102.879944316705"
"Year 1 Apr 21 1:00 PM","90.7092855115798"
"Year 1 Apr 21 2:00 PM","72.6157367073708"
"Year 1 Apr 21 3:00 PM","74.8341563095601"
"Year 1 Apr 21 4:00 PM","115.771425615695"
"Year 1 Apr 21 5:00 PM","40.705830106872"
"Year 1 Apr 21 6:00 PM","19.9268955"
"Year 1 Apr 21 7:00 PM","2.3388375"
"Year 1 Apr 21 8:00 PM","0"
"Year 1 Apr 21 9:00 PM","0"
"Year 1 Apr 21 10:00 PM","0"
"Year 1 Apr 21 11:00 PM","0"
"Year 1 Apr 22 12:00 AM","0"
"Year 1 Apr 22 1:00 AM","0"
"Year 1 Apr 22 2:00 AM","0"
"Year 1 Apr 22 3:00 AM","0"
"Year 1 Apr 22 4:00 AM","0"
"Year 1 Apr 22 5:00 AM","0"
"Year 1 Apr 22 6:00 AM","18.7685624276678"
"Year 1 Apr 22 7:00 AM","131.332086010889"
"Year 1 Apr 22 8:00 AM","128.753543317156"
"Year 1 Apr 22 9:00 AM","73.0161166522156"
"Year 1 Apr 22 10:00 AM","77.8652047027619"
"Year 1 Apr 22 11:00 AM","104.115693968076"
"Year 1 Apr 22 12:00 PM","95.8656389946319"
"Year 1 Apr 22 1:00 PM","245.928996454934"
"Year 1 Apr 22 2:00 PM","702.30516381107"
"Year 1 Apr 22 3:00 PM","657.246775755395"
"Year 1 Apr 22 4:00 PM","495.630502936776"
"Year 1 Apr 22 5:00 PM","301.808825904849"
"Year 1 Apr 22 6:00 PM","115.695941593402"
"Year 1 Apr 22 7:00 PM","8.23802115538043"
"Year 1 Apr 22 8:00 PM","0"
"Year 1 Apr 22 9:00 PM","0"
"Year 1 Apr 22 10:00 PM","0"
"Year 1 Apr 22 11:00 PM","0"
"Year 1 Apr 23 12:00 AM","0"
"Year 1 Apr 23 1:00 AM","0"
"Year 1 Apr 23 2:00 AM","0"
"Year 1 Apr 23 3:00 AM","0"
"Year 1 Apr 23 4:00 AM","0"
"Year 1 Apr 23 5:00 AM","0"
"Year 1 Apr 23 6:00 AM","23.4377338359534"
"Year 1 Apr 23 7:00 AM","203.238627400922"
"Year 1 Apr 23 8:00 AM","402.115349605118"
"Year 1 Apr 23 9:00 AM","582.961196337496"
"Year 1 Apr 23 10:00 AM","727.93702236064"
"Year 1 Apr 23 11:00 AM","826.997213460606"
"Year 1 Apr 23 12:00 PM","868.947158190022"
"Year 1 Apr 23 1:00 PM","852.581130377328"
"Year 1 Apr 23 2:00 PM","772.949028082551"
"Year 1 Apr 23 3:00 PM","639.862290093769"
"Year 1 Apr 23 4:00 PM","446.882815304055"
"Year 1 Apr 23 5:00 PM","270.67155154682"
"Year 1 Apr 23 6:00 PM","106.834521991082"
"Year 1 Apr 23 7:00 PM","8.19465343024258"
"Year 1 Apr 23 8:00 PM","0"
"Year 1 Apr 23 9:00 PM","0"
"Year 1 Apr 23 10:00 PM","0"
"Year 1 Apr 23 11:00 PM","0"
"Year 1 Apr 24 12:00 AM","0"
"Year 1 Apr 24 1:00 AM","0"
"Year 1 Apr 24 2:00 AM","0"
"Year 1 Apr 24 3:00 AM","0"
"Year 1 Apr 24 4:00 AM","0"
"Year 1 Apr 24 5:00 AM","0"
"Year 1 Apr 24 6:00 AM","21.2517907710002"
"Year 1 Apr 24 7:00 AM","184.19573439222"
"Year 1 Apr 24 8:00 AM","367.04131469179"
"Year 1 Apr 24 9:00 AM","554.10493425902"
"Year 1 Apr 24 10:00 AM","718.199539387057"
"Year 1 Apr 24 11:00 AM","822.89705092438"
"Year 1 Apr 24 12:00 PM","770.749113950188"
"Year 1 Apr 24 1:00 PM","429.653165375572"
"Year 1 Apr 24 2:00 PM","148.206049585528"
"Year 1 Apr 24 3:00 PM","67.6499151429292"
"Year 1 Apr 24 4:00 PM","47.7289736103566"
"Year 1 Apr 24 5:00 PM","30.63877125"
"Year 1 Apr 24 6:00 PM","14.594346"
"Year 1 Apr 24 7:00 PM","2.66627475"
"Year 1 Apr 24 8:00 PM","0"
"Year 1 Apr 24 9:00 PM","0"
"Year 1 Apr 24 10:00 PM","0"
"Year 1 Apr 24 11:00 PM","0"
"Year 1 Apr 25 12:00 AM","0"
"Year 1 Apr 25 1:00 AM","0"
"Year 1 Apr 25 2:00 AM","0"
"Year 1 Apr 25 3:00 AM","0"
"Year 1 Apr 25 4:00 AM","0"
"Year 1 Apr 25 5:00 AM","0"
"Year 1 Apr 25 6:00 AM","21.6751066070731"
"Year 1 Apr 25 7:00 AM","187.974654647236"
"Year 1 Apr 25 8:00 AM","364.868312397697"
"Year 1 Apr 25 9:00 AM","550.634243483442"
"Year 1 Apr 25 10:00 AM","715.005510178354"
"Year 1 Apr 25 11:00 AM","820.608687000711"
"Year 1 Apr 25 12:00 PM","870.880192412431"
"Year 1 Apr 25 1:00 PM","850.023969836496"
"Year 1 Apr 25 2:00 PM","782.228246525179"
"Year 1 Apr 25 3:00 PM","638.837087412074"
"Year 1 Apr 25 4:00 PM","458.127505945678"
"Year 1 Apr 25 5:00 PM","283.661678504388"
"Year 1 Apr 25 6:00 PM","110.053632897993"
"Year 1 Apr 25 7:00 PM","8.63330482000258"
"Year 1 Apr 25 8:00 PM","0"
"Year 1 Apr 25 9:00 PM","0"
"Year 1 Apr 25 10:00 PM","0"
"Year 1 Apr 25 11:00 PM","0"
"Year 1 Apr 26 12:00 AM","0"
"Year 1 Apr 26 1:00 AM","0"
"Year 1 Apr 26 2:00 AM","0"
"Year 1 Apr 26 3:00 AM","0"
"Year 1 Apr 26 4:00 AM","0"
"Year 1 Apr 26 5:00 AM","0"
"Year 1 Apr 26 6:00 AM","22.3800471071812"
"Year 1 Apr 26 7:00 AM","191.862582937099"
"Year 1 Apr 26 8:00 AM","367.223522338569"
"Year 1 Apr 26 9:00 AM","537.644409390245"
"Year 1 Apr 26 10:00 AM","680.75316761153"
"Year 1 Apr 26 11:00 AM","815.721038298794"
"Year 1 Apr 26 12:00 PM","879.036755017664"
"Year 1 Apr 26 1:00 PM","865.248798449357"
"Year 1 Apr 26 2:00 PM","780.005771715058"
"Year 1 Apr 26 3:00 PM","633.341950193248"
"Year 1 Apr 26 4:00 PM","457.964968489397"
"Year 1 Apr 26 5:00 PM","272.871169931479"
"Year 1 Apr 26 6:00 PM","108.246566450988"
"Year 1 Apr 26 7:00 PM","8.08188790014742"
"Year 1 Apr 26 8:00 PM","0"
"Year 1 Apr 26 9:00 PM","0"
"Year 1 Apr 26 10:00 PM","0"
"Year 1 Apr 26 11:00 PM","0"
"Year 1 Apr 27 12:00 AM","0"
"Year 1 Apr 27 1:00 AM","0"
"Year 1 Apr 27 2:00 AM","0"
"Year 1 Apr 27 3:00 AM","0"
"Year 1 Apr 27 4:00 AM","0"
"Year 1 Apr 27 5:00 AM","1.29808854003731"
"Year 1 Apr 27 6:00 AM","17.4198029541057"
"Year 1 Apr 27 7:00 AM","25.58688225"
"Year 1 Apr 27 8:00 AM","49.2930812069263"
"Year 1 Apr 27 9:00 AM","77.4250201474999"
"Year 1 Apr 27 10:00 AM","88.6062147168503"
"Year 1 Apr 27 11:00 AM","85.8600769308356"
"Year 1 Apr 27 12:00 PM","86.0390567766189"
"Year 1 Apr 27 1:00 PM","81.61040095384"
"Year 1 Apr 27 2:00 PM","75.6283504241896"
"Year 1 Apr 27 3:00 PM","65.7832485577173"
"Year 1 Apr 27 4:00 PM","48.5432734416712"
"Year 1 Apr 27 5:00 PM","31.10653875"
"Year 1 Apr 27 6:00 PM","14.54756925"
"Year 1 Apr 27 7:00 PM","2.432391"
"Year 1 Apr 27 8:00 PM","0"
"Year 1 Apr 27 9:00 PM","0"
"Year 1 Apr 27 10:00 PM","0"
"Year 1 Apr 27 11:00 PM","0"
"Year 1 Apr 28 12:00 AM","0"
"Year 1 Apr 28 1:00 AM","0"
"Year 1 Apr 28 2:00 AM","0"
"Year 1 Apr 28 3:00 AM","0"
"Year 1 Apr 28 4:00 AM","0"
"Year 1 Apr 28 5:00 AM","1.69932447265423"
"Year 1 Apr 28 6:00 AM","31.400742621375"
"Year 1 Apr 28 7:00 AM","57.6412691621902"
"Year 1 Apr 28 8:00 AM","51.3481241818943"
"Year 1 Apr 28 9:00 AM","67.6281473822818"
"Year 1 Apr 28 10:00 AM","70.0519272070889"
"Year 1 Apr 28 11:00 AM","81.2152154069501"
"Year 1 Apr 28 12:00 PM","85.7434257397915"
"Year 1 Apr 28 1:00 PM","81.6172755950783"
"Year 1 Apr 28 2:00 PM","77.3379150786461"
"Year 1 Apr 28 3:00 PM","76.7809210429773"
"Year 1 Apr 28 4:00 PM","67.1806337975481"
"Year 1 Apr 28 5:00 PM","45.1957108524003"
"Year 1 Apr 28 6:00 PM","11.92807125"
"Year 1 Apr 28 7:00 PM","1.4656715"
"Year 1 Apr 28 8:00 PM","0"
"Year 1 Apr 28 9:00 PM","0"
"Year 1 Apr 28 10:00 PM","0"
"Year 1 Apr 28 11:00 PM","0"
"Year 1 Apr 29 12:00 AM","0"
"Year 1 Apr 29 1:00 AM","0"
"Year 1 Apr 29 2:00 AM","0"
"Year 1 Apr 29 3:00 AM","0"
"Year 1 Apr 29 4:00 AM","0"
"Year 1 Apr 29 5:00 AM","1.70181263146865"
"Year 1 Apr 29 6:00 AM","31.8406962257738"
"Year 1 Apr 29 7:00 AM","80.0578446127213"
"Year 1 Apr 29 8:00 AM","133.209908880357"
"Year 1 Apr 29 9:00 AM","193.549501044407"
"Year 1 Apr 29 10:00 AM","388.321161501047"
"Year 1 Apr 29 11:00 AM","404.740767966813"
"Year 1 Apr 29 12:00 PM","465.358192158965"
"Year 1 Apr 29 1:00 PM","258.705285664968"
"Year 1 Apr 29 2:00 PM","655.475630752908"
"Year 1 Apr 29 3:00 PM","632.236714672436"
"Year 1 Apr 29 4:00 PM","458.458651136194"
"Year 1 Apr 29 5:00 PM","273.237653979492"
"Year 1 Apr 29 6:00 PM","111.451448674829"
"Year 1 Apr 29 7:00 PM","10.7196914958437"
"Year 1 Apr 29 8:00 PM","0"
"Year 1 Apr 29 9:00 PM","0"
"Year 1 Apr 29 10:00 PM","0"
"Year 1 Apr 29 11:00 PM","0"
"Year 1 Apr 30 12:00 AM","0"
"Year 1 Apr 30 1:00 AM","0"
"Year 1 Apr 30 2:00 AM","0"
"Year 1 Apr 30 3:00 AM","0"
"Year 1 Apr 30 4:00 AM","0"
"Year 1 Apr 30 5:00 AM","2.01567607971796"
"Year 1 Apr 30 6:00 AM","50.1683316357749"
"Year 1 Apr 30 7:00 AM","164.1471221234"
"Year 1 Apr 30 8:00 AM","160.345321383943"
"Year 1 Apr 30 9:00 AM","209.606618987652"
"Year 1 Apr 30 10:00 AM","144.811395031713"
"Year 1 Apr 30 11:00 AM","179.88564897413"
"Year 1 Apr 30 12:00 PM","182.624749809332"
"Year 1 Apr 30 1:00 PM","278.661274590925"
"Year 1 Apr 30 2:00 PM","229.965155695099"
"Year 1 Apr 30 3:00 PM","183.456106781459"
"Year 1 Apr 30 4:00 PM","182.819004179601"
"Year 1 Apr 30 5:00 PM","232.018921434054"
"Year 1 Apr 30 6:00 PM","78.4517864737242"
"Year 1 Apr 30 7:00 PM","10.4622852415787"
"Year 1 Apr 30 8:00 PM","0"
"Year 1 Apr 30 9:00 PM","0"
"Year 1 Apr 30 10:00 PM","0"
"Year 1 Apr 30 11:00 PM","0"
"Year 1 May 01 12:00 AM","0"
"Year 1 May 01 1:00 AM","0"
"Year 1 May 01 2:00 AM","0"
"Year 1 May 01 3:00 AM","0"
"Year 1 May 01 4:00 AM","0"
"Year 1 May 01 5:00 AM","1.09707286900034"
"Year 1 May 01 6:00 AM","32.2224117322533"
"Year 1 May 01 7:00 AM","161.792108291327"
"Year 1 May 01 8:00 AM","195.558293743066"
"Year 1 May 01 9:00 AM","172.230463326309"
"Year 1 May 01 10:00 AM","195.699104452812"
"Year 1 May 01 11:00 AM","227.905393983115"
"Year 1 May 01 12:00 PM","271.48613912749"
"Year 1 May 01 1:00 PM","261.127481850451"
"Year 1 May 01 2:00 PM","203.628765834378"
"Year 1 May 01 3:00 PM","163.513491478605"
"Year 1 May 01 4:00 PM","150.463736159946"
"Year 1 May 01 5:00 PM","154.80656222496"
"Year 1 May 01 6:00 PM","64.2974852154476"
"Year 1 May 01 7:00 PM","9.86971135897691"
"Year 1 May 01 8:00 PM","0"
"Year 1 May 01 9:00 PM","0"
"Year 1 May 01 10:00 PM","0"
"Year 1 May 01 11:00 PM","0"
"Year 1 May 02 12:00 AM","0"
"Year 1 May 02 1:00 AM","0"
"Year 1 May 02 2:00 AM","0"
"Year 1 May 02 3:00 AM","0"
"Year 1 May 02 4:00 AM","0"
"Year 1 May 02 5:00 AM","1.61841693213541"
"Year 1 May 02 6:00 AM","24.7348072833091"
"Year 1 May 02 7:00 AM","64.4315029297147"
"Year 1 May 02 8:00 AM","132.456804032535"
"Year 1 May 02 9:00 AM","479.433500857002"
"Year 1 May 02 10:00 AM","679.665332978621"
"Year 1 May 02 11:00 AM","784.590712149091"
"Year 1 May 02 12:00 PM","752.056138278932"
"Year 1 May 02 1:00 PM","730.285821796706"
"Year 1 May 02 2:00 PM","703.483439029199"
"Year 1 May 02 3:00 PM","569.365811564793"
"Year 1 May 02 4:00 PM","327.823416040398"
"Year 1 May 02 5:00 PM","263.83767585652"
"Year 1 May 02 6:00 PM","106.043654711169"
"Year 1 May 02 7:00 PM","15.6034020733867"
"Year 1 May 02 8:00 PM","0"
"Year 1 May 02 9:00 PM","0"
"Year 1 May 02 10:00 PM","0"
"Year 1 May 02 11:00 PM","0"
"Year 1 May 03 12:00 AM","0"
"Year 1 May 03 1:00 AM","0"
"Year 1 May 03 2:00 AM","0"
"Year 1 May 03 3:00 AM","0"
"Year 1 May 03 4:00 AM","0"
"Year 1 May 03 5:00 AM","3.26811437136338"
"Year 1 May 03 6:00 AM","83.6140107486566"
"Year 1 May 03 7:00 AM","260.201081215617"
"Year 1 May 03 8:00 AM","461.615948737223"
"Year 1 May 03 9:00 AM","641.164412027977"
"Year 1 May 03 10:00 AM","783.716803848524"
"Year 1 May 03 11:00 AM","881.265132571437"
"Year 1 May 03 12:00 PM","922.477490491754"
"Year 1 May 03 1:00 PM","909.004411279605"
"Year 1 May 03 2:00 PM","834.340748947172"
"Year 1 May 03 3:00 PM","707.152431628461"
"Year 1 May 03 4:00 PM","545.657608667271"
"Year 1 May 03 5:00 PM","348.527876573597"
"Year 1 May 03 6:00 PM","154.808266739668"
"Year 1 May 03 7:00 PM","22.4221947136773"
"Year 1 May 03 8:00 PM","0"
"Year 1 May 03 9:00 PM","0"
"Year 1 May 03 10:00 PM","0"
"Year 1 May 03 11:00 PM","0"
"Year 1 May 04 12:00 AM","0"
"Year 1 May 04 1:00 AM","0"
"Year 1 May 04 2:00 AM","0"
"Year 1 May 04 3:00 AM","0"
"Year 1 May 04 4:00 AM","0"
"Year 1 May 04 5:00 AM","5.10515791121268"
"Year 1 May 04 6:00 AM","64.0466288024931"
"Year 1 May 04 7:00 AM","219.748567203329"
"Year 1 May 04 8:00 AM","416.002433944323"
"Year 1 May 04 9:00 AM","602.388815162548"
"Year 1 May 04 10:00 AM","758.760646989148"
"Year 1 May 04 11:00 AM","857.712637867795"
"Year 1 May 04 12:00 PM","902.051234834227"
"Year 1 May 04 1:00 PM","876.200231971967"
"Year 1 May 04 2:00 PM","768.189695816613"
"Year 1 May 04 3:00 PM","675.798300228719"
"Year 1 May 04 4:00 PM","464.517135463977"
"Year 1 May 04 5:00 PM","280.412823950469"
"Year 1 May 04 6:00 PM","112.698237100849"
"Year 1 May 04 7:00 PM","15.3246005720073"
"Year 1 May 04 8:00 PM","0"
"Year 1 May 04 9:00 PM","0"
"Year 1 May 04 10:00 PM","0"
"Year 1 May 04 11:00 PM","0"
"Year 1 May 05 12:00 AM","0"
"Year 1 May 05 1:00 AM","0"
"Year 1 May 05 2:00 AM","0"
"Year 1 May 05 3:00 AM","0"
"Year 1 May 05 4:00 AM","0"
"Year 1 May 05 5:00 AM","5.23575363055048"
"Year 1 May 05 6:00 AM","82.7494715111102"
"Year 1 May 05 7:00 AM","255.744775171079"
"Year 1 May 05 8:00 AM","449.090505818844"
"Year 1 May 05 9:00 AM","632.849787187079"
"Year 1 May 05 10:00 AM","771.924352563325"
"Year 1 May 05 11:00 AM","870.206706907508"
"Year 1 May 05 12:00 PM","914.491801659868"
"Year 1 May 05 1:00 PM","898.413604164368"
"Year 1 May 05 2:00 PM","777.302114161242"
"Year 1 May 05 3:00 PM","546.924565766455"
"Year 1 May 05 4:00 PM","374.386979833793"
"Year 1 May 05 5:00 PM","184.836095328772"
"Year 1 May 05 6:00 PM","108.633591766056"
"Year 1 May 05 7:00 PM","15.9272192345418"
"Year 1 May 05 8:00 PM","0"
"Year 1 May 05 9:00 PM","0"
"Year 1 May 05 10:00 PM","0"
"Year 1 May 05 11:00 PM","0"
"Year 1 May 06 12:00 AM","0"
"Year 1 May 06 1:00 AM","0"
"Year 1 May 06 2:00 AM","0"
"Year 1 May 06 3:00 AM","0"
"Year 1 May 06 4:00 AM","0"
"Year 1 May 06 5:00 AM","5.39633209069016"
"Year 1 May 06 6:00 AM","77.3596113924051"
"Year 1 May 06 7:00 AM","254.222716447232"
"Year 1 May 06 8:00 AM","454.110781142157"
"Year 1 May 06 9:00 AM","638.906734725837"
"Year 1 May 06 10:00 AM","785.276837586524"
"Year 1 May 06 11:00 AM","885.522881229239"
"Year 1 May 06 12:00 PM","896.833036142007"
"Year 1 May 06 1:00 PM","746.305383762699"
"Year 1 May 06 2:00 PM","648.234891060449"
"Year 1 May 06 3:00 PM","362.667374217621"
"Year 1 May 06 4:00 PM","296.125560473515"
"Year 1 May 06 5:00 PM","204.752557770706"
"Year 1 May 06 6:00 PM","89.5370276902596"
"Year 1 May 06 7:00 PM","18.6064692394518"
"Year 1 May 06 8:00 PM","0"
"Year 1 May 06 9:00 PM","0"
"Year 1 May 06 10:00 PM","0"
"Year 1 May 06 11:00 PM","0"
"Year 1 May 07 12:00 AM","0"
"Year 1 May 07 1:00 AM","0"
"Year 1 May 07 2:00 AM","0"
"Year 1 May 07 3:00 AM","0"
"Year 1 May 07 4:00 AM","0"
"Year 1 May 07 5:00 AM","5.8220946934234"
"Year 1 May 07 6:00 AM","77.6813248901006"
"Year 1 May 07 7:00 AM","246.410624979791"
"Year 1 May 07 8:00 AM","431.797926377856"
"Year 1 May 07 9:00 AM","527.492453025414"
"Year 1 May 07 10:00 AM","486.200377066401"
"Year 1 May 07 11:00 AM","211.173283353836"
"Year 1 May 07 12:00 PM","296.4864529605"
"Year 1 May 07 1:00 PM","533.760668295762"
"Year 1 May 07 2:00 PM","516.822489241801"
"Year 1 May 07 3:00 PM","303.909462508763"
"Year 1 May 07 4:00 PM","283.595972738788"
"Year 1 May 07 5:00 PM","197.232528098438"
"Year 1 May 07 6:00 PM","74.4288341643227"
"Year 1 May 07 7:00 PM","17.1800306801514"
"Year 1 May 07 8:00 PM","0"
"Year 1 May 07 9:00 PM","0"
"Year 1 May 07 10:00 PM","0"
"Year 1 May 07 11:00 PM","0"
"Year 1 May 08 12:00 AM","0"
"Year 1 May 08 1:00 AM","0"
"Year 1 May 08 2:00 AM","0"
"Year 1 May 08 3:00 AM","0"
"Year 1 May 08 4:00 AM","0"
"Year 1 May 08 5:00 AM","4.42704546657036"
"Year 1 May 08 6:00 AM","42.5818290891406"
"Year 1 May 08 7:00 AM","116.018878787393"
"Year 1 May 08 8:00 AM","226.497614429344"
"Year 1 May 08 9:00 AM","384.360189738909"
"Year 1 May 08 10:00 AM","515.439400683027"
"Year 1 May 08 11:00 AM","221.235985549974"
"Year 1 May 08 12:00 PM","207.315101118689"
"Year 1 May 08 1:00 PM","232.67410123182"
"Year 1 May 08 2:00 PM","265.381045603847"
"Year 1 May 08 3:00 PM","388.896737594558"
"Year 1 May 08 4:00 PM","275.810088891191"
"Year 1 May 08 5:00 PM","157.715683118063"
"Year 1 May 08 6:00 PM","75.3766124862835"
"Year 1 May 08 7:00 PM","14.3350613615334"
"Year 1 May 08 8:00 PM","0"
"Year 1 May 08 9:00 PM","0"
"Year 1 May 08 10:00 PM","0"
"Year 1 May 08 11:00 PM","0"
"Year 1 May 09 12:00 AM","0"
"Year 1 May 09 1:00 AM","0"
"Year 1 May 09 2:00 AM","0"
"Year 1 May 09 3:00 AM","0"
"Year 1 May 09 4:00 AM","0"
"Year 1 May 09 5:00 AM","6.09017441537384"
"Year 1 May 09 6:00 AM","91.7317719215571"
"Year 1 May 09 7:00 AM","261.873017570806"
"Year 1 May 09 8:00 AM","463.209059384777"
"Year 1 May 09 9:00 AM","606.524694936052"
"Year 1 May 09 10:00 AM","699.66775705556"
"Year 1 May 09 11:00 AM","518.105760377915"
"Year 1 May 09 12:00 PM","407.086491526513"
"Year 1 May 09 1:00 PM","649.96765906617"
"Year 1 May 09 2:00 PM","646.038657642499"
"Year 1 May 09 3:00 PM","650.156898428947"
"Year 1 May 09 4:00 PM","521.332139608986"
"Year 1 May 09 5:00 PM","363.597580378694"
"Year 1 May 09 6:00 PM","168.041877956698"
"Year 1 May 09 7:00 PM","28.8250698502442"
"Year 1 May 09 8:00 PM","0"
"Year 1 May 09 9:00 PM","0"
"Year 1 May 09 10:00 PM","0"
"Year 1 May 09 11:00 PM","0"
"Year 1 May 10 12:00 AM","0"
"Year 1 May 10 1:00 AM","0"
"Year 1 May 10 2:00 AM","0"
"Year 1 May 10 3:00 AM","0"
"Year 1 May 10 4:00 AM","0"
"Year 1 May 10 5:00 AM","2.120546"
"Year 1 May 10 6:00 AM","18.7991082987034"
"Year 1 May 10 7:00 AM","62.8803216861047"
"Year 1 May 10 8:00 AM","124.198166751337"
"Year 1 May 10 9:00 AM","202.187738831361"
"Year 1 May 10 10:00 AM","346.026230768923"
"Year 1 May 10 11:00 AM","348.09178619389"
"Year 1 May 10 12:00 PM","565.816754882357"
"Year 1 May 10 1:00 PM","690.200852153108"
"Year 1 May 10 2:00 PM","237.318985294105"
"Year 1 May 10 3:00 PM","141.986045394898"
"Year 1 May 10 4:00 PM","119.460420317882"
"Year 1 May 10 5:00 PM","73.3243147987936"
"Year 1 May 10 6:00 PM","25.1710860407894"
"Year 1 May 10 7:00 PM","6.50335355700051"
"Year 1 May 10 8:00 PM","0"
"Year 1 May 10 9:00 PM","0"
"Year 1 May 10 10:00 PM","0"
"Year 1 May 10 11:00 PM","0"
"Year 1 May 11 12:00 AM","0"
"Year 1 May 11 1:00 AM","0"
"Year 1 May 11 2:00 AM","0"
"Year 1 May 11 3:00 AM","0"
"Year 1 May 11 4:00 AM","0"
"Year 1 May 11 5:00 AM","6.23749669127196"
"Year 1 May 11 6:00 AM","82.5775070809434"
"Year 1 May 11 7:00 AM","251.506781115975"
"Year 1 May 11 8:00 AM","430.022863152171"
"Year 1 May 11 9:00 AM","513.69758934004"
"Year 1 May 11 10:00 AM","660.252007446194"
"Year 1 May 11 11:00 AM","584.231044277787"
"Year 1 May 11 12:00 PM","808.672615192613"
"Year 1 May 11 1:00 PM","798.471372189714"
"Year 1 May 11 2:00 PM","721.6953248511"
"Year 1 May 11 3:00 PM","487.757230520048"
"Year 1 May 11 4:00 PM","413.865873357399"
"Year 1 May 11 5:00 PM","275.532330321037"
"Year 1 May 11 6:00 PM","73.0588819448489"
"Year 1 May 11 7:00 PM","10.1743594403573"
"Year 1 May 11 8:00 PM","0"
"Year 1 May 11 9:00 PM","0"
"Year 1 May 11 10:00 PM","0"
"Year 1 May 11 11:00 PM","0"
"Year 1 May 12 12:00 AM","0"
"Year 1 May 12 1:00 AM","0"
"Year 1 May 12 2:00 AM","0"
"Year 1 May 12 3:00 AM","0"
"Year 1 May 12 4:00 AM","0"
"Year 1 May 12 5:00 AM","3.26185381455352"
"Year 1 May 12 6:00 AM","25.630305985396"
"Year 1 May 12 7:00 AM","76.21334838898"
"Year 1 May 12 8:00 AM","123.343095286201"
"Year 1 May 12 9:00 AM","169.807105301867"
"Year 1 May 12 10:00 AM","230.607806465843"
"Year 1 May 12 11:00 AM","318.626025808649"
"Year 1 May 12 12:00 PM","756.345135683474"
"Year 1 May 12 1:00 PM","834.462174682618"
"Year 1 May 12 2:00 PM","694.088945559383"
"Year 1 May 12 3:00 PM","423.002817815801"
"Year 1 May 12 4:00 PM","265.571031939725"
"Year 1 May 12 5:00 PM","231.665000896517"
"Year 1 May 12 6:00 PM","49.4124673452939"
"Year 1 May 12 7:00 PM","11.0895964455585"
"Year 1 May 12 8:00 PM","0"
"Year 1 May 12 9:00 PM","0"
"Year 1 May 12 10:00 PM","0"
"Year 1 May 12 11:00 PM","0"
"Year 1 May 13 12:00 AM","0"
"Year 1 May 13 1:00 AM","0"
"Year 1 May 13 2:00 AM","0"
"Year 1 May 13 3:00 AM","0"
"Year 1 May 13 4:00 AM","0"
"Year 1 May 13 5:00 AM","5.37170200007521"
"Year 1 May 13 6:00 AM","31.3288089572691"
"Year 1 May 13 7:00 AM","78.7702751754208"
"Year 1 May 13 8:00 AM","103.849786277837"
"Year 1 May 13 9:00 AM","152.020712400136"
"Year 1 May 13 10:00 AM","219.87394145175"
"Year 1 May 13 11:00 AM","328.97085023243"
"Year 1 May 13 12:00 PM","204.485572746025"
"Year 1 May 13 1:00 PM","375.619853741769"
"Year 1 May 13 2:00 PM","428.141065489766"
"Year 1 May 13 3:00 PM","272.985145814928"
"Year 1 May 13 4:00 PM","194.795177403445"
"Year 1 May 13 5:00 PM","112.843061062855"
"Year 1 May 13 6:00 PM","39.7739018203374"
"Year 1 May 13 7:00 PM","11.7888774456617"
"Year 1 May 13 8:00 PM","0"
"Year 1 May 13 9:00 PM","0"
"Year 1 May 13 10:00 PM","0"
"Year 1 May 13 11:00 PM","0"
"Year 1 May 14 12:00 AM","0"
"Year 1 May 14 1:00 AM","0"
"Year 1 May 14 2:00 AM","0"
"Year 1 May 14 3:00 AM","0"
"Year 1 May 14 4:00 AM","0"
"Year 1 May 14 5:00 AM","8.65293746395835"
"Year 1 May 14 6:00 AM","94.7408553789004"
"Year 1 May 14 7:00 AM","278.474716459478"
"Year 1 May 14 8:00 AM","471.991678609044"
"Year 1 May 14 9:00 AM","612.264929866218"
"Year 1 May 14 10:00 AM","679.954353310077"
"Year 1 May 14 11:00 AM","704.125843760449"
"Year 1 May 14 12:00 PM","437.595955272094"
"Year 1 May 14 1:00 PM","488.899471347072"
"Year 1 May 14 2:00 PM","763.069875719822"
"Year 1 May 14 3:00 PM","620.083124616484"
"Year 1 May 14 4:00 PM","381.406491464448"
"Year 1 May 14 5:00 PM","289.317802129863"
"Year 1 May 14 6:00 PM","170.601563436472"
"Year 1 May 14 7:00 PM","32.1104220017871"
"Year 1 May 14 8:00 PM","0"
"Year 1 May 14 9:00 PM","0"
"Year 1 May 14 10:00 PM","0"
"Year 1 May 14 11:00 PM","0"
"Year 1 May 15 12:00 AM","0"
"Year 1 May 15 1:00 AM","0"
"Year 1 May 15 2:00 AM","0"
"Year 1 May 15 3:00 AM","0"
"Year 1 May 15 4:00 AM","0"
"Year 1 May 15 5:00 AM","4.33368889274327"
"Year 1 May 15 6:00 AM","34.2422280426124"
"Year 1 May 15 7:00 AM","147.891871978753"
"Year 1 May 15 8:00 AM","312.15549858893"
"Year 1 May 15 9:00 AM","619.329957418096"
"Year 1 May 15 10:00 AM","734.017129823373"
"Year 1 May 15 11:00 AM","824.250733219966"
"Year 1 May 15 12:00 PM","886.851309311334"
"Year 1 May 15 1:00 PM","900.92943615963"
"Year 1 May 15 2:00 PM","802.957821186802"
"Year 1 May 15 3:00 PM","712.540982729405"
"Year 1 May 15 4:00 PM","550.307835620525"
"Year 1 May 15 5:00 PM","364.124347282579"
"Year 1 May 15 6:00 PM","171.220518872648"
"Year 1 May 15 7:00 PM","31.9860149363748"
"Year 1 May 15 8:00 PM","0"
"Year 1 May 15 9:00 PM","0"
"Year 1 May 15 10:00 PM","0"
"Year 1 May 15 11:00 PM","0"
"Year 1 May 16 12:00 AM","0"
"Year 1 May 16 1:00 AM","0"
"Year 1 May 16 2:00 AM","0"
"Year 1 May 16 3:00 AM","0"
"Year 1 May 16 4:00 AM","0"
"Year 1 May 16 5:00 AM","9.2069720323902"
"Year 1 May 16 6:00 AM","73.4223886523943"
"Year 1 May 16 7:00 AM","217.050834660884"
"Year 1 May 16 8:00 AM","389.476392732521"
"Year 1 May 16 9:00 AM","482.353127878162"
"Year 1 May 16 10:00 AM","628.532672568246"
"Year 1 May 16 11:00 AM","558.57490851657"
"Year 1 May 16 12:00 PM","306.046407301519"
"Year 1 May 16 1:00 PM","274.654268327188"
"Year 1 May 16 2:00 PM","251.477508983369"
"Year 1 May 16 3:00 PM","169.638917504761"
"Year 1 May 16 4:00 PM","132.345204627734"
"Year 1 May 16 5:00 PM","60.2268794325251"
"Year 1 May 16 6:00 PM","27.4608414215966"
"Year 1 May 16 7:00 PM","9.80476143839841"
"Year 1 May 16 8:00 PM","0"
"Year 1 May 16 9:00 PM","0"
"Year 1 May 16 10:00 PM","0"
"Year 1 May 16 11:00 PM","0"
"Year 1 May 17 12:00 AM","0"
"Year 1 May 17 1:00 AM","0"
"Year 1 May 17 2:00 AM","0"
"Year 1 May 17 3:00 AM","0"
"Year 1 May 17 4:00 AM","0"
"Year 1 May 17 5:00 AM","6.95589619719598"
"Year 1 May 17 6:00 AM","37.3473750603766"
"Year 1 May 17 7:00 AM","86.9218223963544"
"Year 1 May 17 8:00 AM","157.795921697507"
"Year 1 May 17 9:00 AM","209.402118859309"
"Year 1 May 17 10:00 AM","225.929220195955"
"Year 1 May 17 11:00 AM","255.097691827522"
"Year 1 May 17 12:00 PM","273.986258294877"
"Year 1 May 17 1:00 PM","276.712964412746"
"Year 1 May 17 2:00 PM","248.911430926186"
"Year 1 May 17 3:00 PM","128.677060717276"
"Year 1 May 17 4:00 PM","88.871226714693"
"Year 1 May 17 5:00 PM","59.7788326588163"
"Year 1 May 17 6:00 PM","29.925638213375"
"Year 1 May 17 7:00 PM","9.71239316770209"
"Year 1 May 17 8:00 PM","0"
"Year 1 May 17 9:00 PM","0"
"Year 1 May 17 10:00 PM","0"
"Year 1 May 17 11:00 PM","0"
"Year 1 May 18 12:00 AM","0"
"Year 1 May 18 1:00 AM","0"
"Year 1 May 18 2:00 AM","0"
"Year 1 May 18 3:00 AM","0"
"Year 1 May 18 4:00 AM","0"
"Year 1 May 18 5:00 AM","5.41740353326489"
"Year 1 May 18 6:00 AM","28.9772112527586"
"Year 1 May 18 7:00 AM","80.457746912153"
"Year 1 May 18 8:00 AM","139.588483279434"
"Year 1 May 18 9:00 AM","204.911428963223"
"Year 1 May 18 10:00 AM","232.724601382342"
"Year 1 May 18 11:00 AM","274.504091196393"
"Year 1 May 18 12:00 PM","278.464181888084"
"Year 1 May 18 1:00 PM","262.026898331188"
"Year 1 May 18 2:00 PM","246.991059476332"
"Year 1 May 18 3:00 PM","213.210867184827"
"Year 1 May 18 4:00 PM","168.192448792439"
"Year 1 May 18 5:00 PM","100.732193369263"
"Year 1 May 18 6:00 PM","35.0942491832975"
"Year 1 May 18 7:00 PM","15.0000053374391"
"Year 1 May 18 8:00 PM","0"
"Year 1 May 18 9:00 PM","0"
"Year 1 May 18 10:00 PM","0"
"Year 1 May 18 11:00 PM","0"
"Year 1 May 19 12:00 AM","0"
"Year 1 May 19 1:00 AM","0"
"Year 1 May 19 2:00 AM","0"
"Year 1 May 19 3:00 AM","0"
"Year 1 May 19 4:00 AM","0"
"Year 1 May 19 5:00 AM","8.74899442984911"
"Year 1 May 19 6:00 AM","45.2893354209828"
"Year 1 May 19 7:00 AM","92.592977168531"
"Year 1 May 19 8:00 AM","136.318362719092"
"Year 1 May 19 9:00 AM","187.775546080955"
"Year 1 May 19 10:00 AM","284.517007056922"
"Year 1 May 19 11:00 AM","497.215658265589"
"Year 1 May 19 12:00 PM","569.909140875584"
"Year 1 May 19 1:00 PM","697.338738117886"
"Year 1 May 19 2:00 PM","753.153764083214"
"Year 1 May 19 3:00 PM","648.257128054395"
"Year 1 May 19 4:00 PM","477.34691096388"
"Year 1 May 19 5:00 PM","290.17940714255"
"Year 1 May 19 6:00 PM","122.86203530555"
"Year 1 May 19 7:00 PM","25.0315026578977"
"Year 1 May 19 8:00 PM","0"
"Year 1 May 19 9:00 PM","0"
"Year 1 May 19 10:00 PM","0"
"Year 1 May 19 11:00 PM","0"
"Year 1 May 20 12:00 AM","0"
"Year 1 May 20 1:00 AM","0"
"Year 1 May 20 2:00 AM","0"
"Year 1 May 20 3:00 AM","0"
"Year 1 May 20 4:00 AM","0"
"Year 1 May 20 5:00 AM","8.01551047360613"
"Year 1 May 20 6:00 AM","77.0304551847866"
"Year 1 May 20 7:00 AM","234.832390596979"
"Year 1 May 20 8:00 AM","418.626641180033"
"Year 1 May 20 9:00 AM","583.407029497161"
"Year 1 May 20 10:00 AM","679.515404564465"
"Year 1 May 20 11:00 AM","757.53178162958"
"Year 1 May 20 12:00 PM","816.105820127457"
"Year 1 May 20 1:00 PM","835.757070958736"
"Year 1 May 20 2:00 PM","761.624170511921"
"Year 1 May 20 3:00 PM","640.737253969138"
"Year 1 May 20 4:00 PM","464.295736434166"
"Year 1 May 20 5:00 PM","278.927159846458"
"Year 1 May 20 6:00 PM","90.2457760944331"
"Year 1 May 20 7:00 PM","22.7369195560077"
"Year 1 May 20 8:00 PM","0"
"Year 1 May 20 9:00 PM","0"
"Year 1 May 20 10:00 PM","0"
"Year 1 May 20 11:00 PM","0"
"Year 1 May 21 12:00 AM","0"
"Year 1 May 21 1:00 AM","0"
"Year 1 May 21 2:00 AM","0"
"Year 1 May 21 3:00 AM","0"
"Year 1 May 21 4:00 AM","0"
"Year 1 May 21 5:00 AM","12.7040593333594"
"Year 1 May 21 6:00 AM","86.2145117280416"
"Year 1 May 21 7:00 AM","210.835672408375"
"Year 1 May 21 8:00 AM","452.168446810048"
"Year 1 May 21 9:00 AM","656.272081145458"
"Year 1 May 21 10:00 AM","803.554716021313"
"Year 1 May 21 11:00 AM","896.228451333851"
"Year 1 May 21 12:00 PM","935.181504699412"
"Year 1 May 21 1:00 PM","922.638274880658"
"Year 1 May 21 2:00 PM","839.975577176072"
"Year 1 May 21 3:00 PM","662.714852757432"
"Year 1 May 21 4:00 PM","545.366988651267"
"Year 1 May 21 5:00 PM","353.333484854149"
"Year 1 May 21 6:00 PM","170.8476355237"
"Year 1 May 21 7:00 PM","42.2209307039292"
"Year 1 May 21 8:00 PM","0"
"Year 1 May 21 9:00 PM","0"
"Year 1 May 21 10:00 PM","0"
"Year 1 May 21 11:00 PM","0"
"Year 1 May 22 12:00 AM","0"
"Year 1 May 22 1:00 AM","0"
"Year 1 May 22 2:00 AM","0"
"Year 1 May 22 3:00 AM","0"
"Year 1 May 22 4:00 AM","0"
"Year 1 May 22 5:00 AM","12.2263896324338"
"Year 1 May 22 6:00 AM","108.39825003042"
"Year 1 May 22 7:00 AM","286.382271885243"
"Year 1 May 22 8:00 AM","481.259267281807"
"Year 1 May 22 9:00 AM","656.58865090944"
"Year 1 May 22 10:00 AM","805.047789788587"
"Year 1 May 22 11:00 AM","899.322718473723"
"Year 1 May 22 12:00 PM","935.478449805978"
"Year 1 May 22 1:00 PM","916.642390773101"
"Year 1 May 22 2:00 PM","824.372261561979"
"Year 1 May 22 3:00 PM","693.837113949321"
"Year 1 May 22 4:00 PM","558.38429831749"
"Year 1 May 22 5:00 PM","367.052157931966"
"Year 1 May 22 6:00 PM","179.161953349417"
"Year 1 May 22 7:00 PM","42.1258044464234"
"Year 1 May 22 8:00 PM","0"
"Year 1 May 22 9:00 PM","0"
"Year 1 May 22 10:00 PM","0"
"Year 1 May 22 11:00 PM","0"
"Year 1 May 23 12:00 AM","0"
"Year 1 May 23 1:00 AM","0"
"Year 1 May 23 2:00 AM","0"
"Year 1 May 23 3:00 AM","0"
"Year 1 May 23 4:00 AM","0"
"Year 1 May 23 5:00 AM","12.0634320979312"
"Year 1 May 23 6:00 AM","63.463620725693"
"Year 1 May 23 7:00 AM","132.308273864853"
"Year 1 May 23 8:00 AM","268.910245351843"
"Year 1 May 23 9:00 AM","459.475041942487"
"Year 1 May 23 10:00 AM","486.17685900712"
"Year 1 May 23 11:00 AM","325.227439173895"
"Year 1 May 23 12:00 PM","340.891062004248"
"Year 1 May 23 1:00 PM","183.245341448133"
"Year 1 May 23 2:00 PM","212.6539600416"
"Year 1 May 23 3:00 PM","184.130792023867"
"Year 1 May 23 4:00 PM","147.814427904757"
"Year 1 May 23 5:00 PM","89.8161126718965"
"Year 1 May 23 6:00 PM","47.6720319069219"
"Year 1 May 23 7:00 PM","17.0791324457222"
"Year 1 May 23 8:00 PM","0"
"Year 1 May 23 9:00 PM","0"
"Year 1 May 23 10:00 PM","0"
"Year 1 May 23 11:00 PM","0"
"Year 1 May 24 12:00 AM","0"
"Year 1 May 24 1:00 AM","0"
"Year 1 May 24 2:00 AM","0"
"Year 1 May 24 3:00 AM","0"
"Year 1 May 24 4:00 AM","0"
"Year 1 May 24 5:00 AM","10.6470994062374"
"Year 1 May 24 6:00 AM","45.6343094126619"
"Year 1 May 24 7:00 AM","104.721461417352"
"Year 1 May 24 8:00 AM","168.386331126483"
"Year 1 May 24 9:00 AM","218.460882608403"
"Year 1 May 24 10:00 AM","344.79179182822"
"Year 1 May 24 11:00 AM","785.202940280617"
"Year 1 May 24 12:00 PM","813.438542795153"
"Year 1 May 24 1:00 PM","882.318057125031"
"Year 1 May 24 2:00 PM","746.700033935435"
"Year 1 May 24 3:00 PM","491.300449363229"
"Year 1 May 24 4:00 PM","437.453270778817"
"Year 1 May 24 5:00 PM","319.988021316072"
"Year 1 May 24 6:00 PM","116.815884760752"
"Year 1 May 24 7:00 PM","34.0050860980674"
"Year 1 May 24 8:00 PM","0"
"Year 1 May 24 9:00 PM","0"
"Year 1 May 24 10:00 PM","0"
"Year 1 May 24 11:00 PM","0"
"Year 1 May 25 12:00 AM","0"
"Year 1 May 25 1:00 AM","0"
"Year 1 May 25 2:00 AM","0"
"Year 1 May 25 3:00 AM","0"
"Year 1 May 25 4:00 AM","0"
"Year 1 May 25 5:00 AM","6.11138122271469"
"Year 1 May 25 6:00 AM","46.602237401063"
"Year 1 May 25 7:00 AM","226.279652426176"
"Year 1 May 25 8:00 AM","428.925054656285"
"Year 1 May 25 9:00 AM","605.828191530777"
"Year 1 May 25 10:00 AM","752.569765782761"
"Year 1 May 25 11:00 AM","868.21735652911"
"Year 1 May 25 12:00 PM","925.51152268942"
"Year 1 May 25 1:00 PM","902.197962465178"
"Year 1 May 25 2:00 PM","767.122368881179"
"Year 1 May 25 3:00 PM","631.733660440202"
"Year 1 May 25 4:00 PM","495.920243252856"
"Year 1 May 25 5:00 PM","333.111116047276"
"Year 1 May 25 6:00 PM","181.365476424118"
"Year 1 May 25 7:00 PM","44.556886270584"
"Year 1 May 25 8:00 PM","0"
"Year 1 May 25 9:00 PM","0"
"Year 1 May 25 10:00 PM","0"
"Year 1 May 25 11:00 PM","0"
"Year 1 May 26 12:00 AM","0"
"Year 1 May 26 1:00 AM","0"
"Year 1 May 26 2:00 AM","0"
"Year 1 May 26 3:00 AM","0"
"Year 1 May 26 4:00 AM","0"
"Year 1 May 26 5:00 AM","13.2888674020668"
"Year 1 May 26 6:00 AM","87.604601060405"
"Year 1 May 26 7:00 AM","245.267896335121"
"Year 1 May 26 8:00 AM","434.161827037307"
"Year 1 May 26 9:00 AM","620.315590786616"
"Year 1 May 26 10:00 AM","770.142844164695"
"Year 1 May 26 11:00 AM","874.91740178421"
"Year 1 May 26 12:00 PM","921.741724580599"
"Year 1 May 26 1:00 PM","904.489793934749"
"Year 1 May 26 2:00 PM","826.277246181785"
"Year 1 May 26 3:00 PM","694.557768968477"
"Year 1 May 26 4:00 PM","506.297375190462"
"Year 1 May 26 5:00 PM","273.937666623505"
"Year 1 May 26 6:00 PM","145.254182520561"
"Year 1 May 26 7:00 PM","34.6134906782183"
"Year 1 May 26 8:00 PM","0"
"Year 1 May 26 9:00 PM","0"
"Year 1 May 26 10:00 PM","0"
"Year 1 May 26 11:00 PM","0"
"Year 1 May 27 12:00 AM","0"
"Year 1 May 27 1:00 AM","0"
"Year 1 May 27 2:00 AM","0"
"Year 1 May 27 3:00 AM","0"
"Year 1 May 27 4:00 AM","0"
"Year 1 May 27 5:00 AM","13.9850523121059"
"Year 1 May 27 6:00 AM","100.229045310562"
"Year 1 May 27 7:00 AM","210.728494810789"
"Year 1 May 27 8:00 AM","332.140860640685"
"Year 1 May 27 9:00 AM","479.208773858499"
"Year 1 May 27 10:00 AM","692.798157930395"
"Year 1 May 27 11:00 AM","844.182440961601"
"Year 1 May 27 12:00 PM","888.39163084965"
"Year 1 May 27 1:00 PM","863.583157872515"
"Year 1 May 27 2:00 PM","782.588103458467"
"Year 1 May 27 3:00 PM","647.122507107713"
"Year 1 May 27 4:00 PM","523.886739070101"
"Year 1 May 27 5:00 PM","357.7189184243"
"Year 1 May 27 6:00 PM","163.214489132559"
"Year 1 May 27 7:00 PM","39.58898953973"
"Year 1 May 27 8:00 PM","1.32509095547616"
"Year 1 May 27 9:00 PM","0"
"Year 1 May 27 10:00 PM","0"
"Year 1 May 27 11:00 PM","0"
"Year 1 May 28 12:00 AM","0"
"Year 1 May 28 1:00 AM","0"
"Year 1 May 28 2:00 AM","0"
"Year 1 May 28 3:00 AM","0"
"Year 1 May 28 4:00 AM","0"
"Year 1 May 28 5:00 AM","15.9051262446963"
"Year 1 May 28 6:00 AM","103.771387538858"
"Year 1 May 28 7:00 AM","236.376169533232"
"Year 1 May 28 8:00 AM","439.503848117475"
"Year 1 May 28 9:00 AM","588.541938353534"
"Year 1 May 28 10:00 AM","680.793219782172"
"Year 1 May 28 11:00 AM","693.780670808704"
"Year 1 May 28 12:00 PM","300.437450857341"
"Year 1 May 28 1:00 PM","228.67937781754"
"Year 1 May 28 2:00 PM","394.133461084506"
"Year 1 May 28 3:00 PM","496.801054376151"
"Year 1 May 28 4:00 PM","125.790789659956"
"Year 1 May 28 5:00 PM","53.2131799061383"
"Year 1 May 28 6:00 PM","33.345469623794"
"Year 1 May 28 7:00 PM","22.4606719152525"
"Year 1 May 28 8:00 PM","1.65197150286037"
"Year 1 May 28 9:00 PM","0"
"Year 1 May 28 10:00 PM","0"
"Year 1 May 28 11:00 PM","0"
"Year 1 May 29 12:00 AM","0"
"Year 1 May 29 1:00 AM","0"
"Year 1 May 29 2:00 AM","0"
"Year 1 May 29 3:00 AM","0"
"Year 1 May 29 4:00 AM","0"
"Year 1 May 29 5:00 AM","8.77485148853781"
"Year 1 May 29 6:00 AM","33.6472738230552"
"Year 1 May 29 7:00 AM","64.2134873408995"
"Year 1 May 29 8:00 AM","153.601916957188"
"Year 1 May 29 9:00 AM","248.852752150149"
"Year 1 May 29 10:00 AM","584.470402134409"
"Year 1 May 29 11:00 AM","825.520077811803"
"Year 1 May 29 12:00 PM","740.889122687808"
"Year 1 May 29 1:00 PM","432.098796334065"
"Year 1 May 29 2:00 PM","172.053512420104"
"Year 1 May 29 3:00 PM","166.992287765877"
"Year 1 May 29 4:00 PM","321.795965869481"
"Year 1 May 29 5:00 PM","195.318721789114"
"Year 1 May 29 6:00 PM","141.107952404555"
"Year 1 May 29 7:00 PM","35.6995258494867"
"Year 1 May 29 8:00 PM","1.42118308102631"
"Year 1 May 29 9:00 PM","0"
"Year 1 May 29 10:00 PM","0"
"Year 1 May 29 11:00 PM","0"
"Year 1 May 30 12:00 AM","0"
"Year 1 May 30 1:00 AM","0"
"Year 1 May 30 2:00 AM","0"
"Year 1 May 30 3:00 AM","0"
"Year 1 May 30 4:00 AM","0"
"Year 1 May 30 5:00 AM","9.83771719759761"
"Year 1 May 30 6:00 AM","29.1626942626985"
"Year 1 May 30 7:00 AM","61.0238253803349"
"Year 1 May 30 8:00 AM","138.629103135111"
"Year 1 May 30 9:00 AM","258.218139974383"
"Year 1 May 30 10:00 AM","278.415112713858"
"Year 1 May 30 11:00 AM","433.080704701794"
"Year 1 May 30 12:00 PM","862.914899011212"
"Year 1 May 30 1:00 PM","774.755992080341"
"Year 1 May 30 2:00 PM","672.209048363293"
"Year 1 May 30 3:00 PM","434.16135170898"
"Year 1 May 30 4:00 PM","273.374615643938"
"Year 1 May 30 5:00 PM","212.67443568061"
"Year 1 May 30 6:00 PM","156.621038458097"
"Year 1 May 30 7:00 PM","45.5901014354165"
"Year 1 May 30 8:00 PM","1.51038685111359"
"Year 1 May 30 9:00 PM","0"
"Year 1 May 30 10:00 PM","0"
"Year 1 May 30 11:00 PM","0"
"Year 1 May 31 12:00 AM","0"
"Year 1 May 31 1:00 AM","0"
"Year 1 May 31 2:00 AM","0"
"Year 1 May 31 3:00 AM","0"
"Year 1 May 31 4:00 AM","0"
"Year 1 May 31 5:00 AM","13.6267409846511"
"Year 1 May 31 6:00 AM","93.4817087768882"
"Year 1 May 31 7:00 AM","250.466713486109"
"Year 1 May 31 8:00 AM","437.346515959688"
"Year 1 May 31 9:00 AM","616.915097464402"
"Year 1 May 31 10:00 AM","767.487520030846"
"Year 1 May 31 11:00 AM","871.238242926619"
"Year 1 May 31 12:00 PM","912.76069637538"
"Year 1 May 31 1:00 PM","883.48434081784"
"Year 1 May 31 2:00 PM","765.335202344273"
"Year 1 May 31 3:00 PM","637.146654993487"
"Year 1 May 31 4:00 PM","477.323333031014"
"Year 1 May 31 5:00 PM","280.369148337134"
"Year 1 May 31 6:00 PM","77.4195035111919"
"Year 1 May 31 7:00 PM","24.9846208342328"
"Year 1 May 31 8:00 PM","1.61880553927987"
"Year 1 May 31 9:00 PM","0"
"Year 1 May 31 10:00 PM","0"
"Year 1 May 31 11:00 PM","0"
"Year 1 Jun 01 12:00 AM","0"
"Year 1 Jun 01 1:00 AM","0"
"Year 1 Jun 01 2:00 AM","0"
"Year 1 Jun 01 3:00 AM","0"
"Year 1 Jun 01 4:00 AM","0"
"Year 1 Jun 01 5:00 AM","7.62190219865584"
"Year 1 Jun 01 6:00 AM","30.6486963146043"
"Year 1 Jun 01 7:00 AM","87.8501322426437"
"Year 1 Jun 01 8:00 AM","301.39656320633"
"Year 1 Jun 01 9:00 AM","609.366908707713"
"Year 1 Jun 01 10:00 AM","779.217184062453"
"Year 1 Jun 01 11:00 AM","859.080804210021"
"Year 1 Jun 01 12:00 PM","850.709881835044"
"Year 1 Jun 01 1:00 PM","717.533458175445"
"Year 1 Jun 01 2:00 PM","754.705484423399"
"Year 1 Jun 01 3:00 PM","709.275932210082"
"Year 1 Jun 01 4:00 PM","548.335801658709"
"Year 1 Jun 01 5:00 PM","374.050513077459"
"Year 1 Jun 01 6:00 PM","204.765175324349"
"Year 1 Jun 01 7:00 PM","54.9169627568731"
"Year 1 Jun 01 8:00 PM","1.60272599506896"
"Year 1 Jun 01 9:00 PM","0"
"Year 1 Jun 01 10:00 PM","0"
"Year 1 Jun 01 11:00 PM","0"
"Year 1 Jun 02 12:00 AM","0"
"Year 1 Jun 02 1:00 AM","0"
"Year 1 Jun 02 2:00 AM","0"
"Year 1 Jun 02 3:00 AM","0"
"Year 1 Jun 02 4:00 AM","0"
"Year 1 Jun 02 5:00 AM","15.7016765200131"
"Year 1 Jun 02 6:00 AM","86.9245006339925"
"Year 1 Jun 02 7:00 AM","215.779617046432"
"Year 1 Jun 02 8:00 AM","435.214683558091"
"Year 1 Jun 02 9:00 AM","597.94758554671"
"Year 1 Jun 02 10:00 AM","738.124804320713"
"Year 1 Jun 02 11:00 AM","800.18769253706"
"Year 1 Jun 02 12:00 PM","796.791918851999"
"Year 1 Jun 02 1:00 PM","817.104007606345"
"Year 1 Jun 02 2:00 PM","552.524490334387"
"Year 1 Jun 02 3:00 PM","222.932887687883"
"Year 1 Jun 02 4:00 PM","155.459631514853"
"Year 1 Jun 02 5:00 PM","112.224420627757"
"Year 1 Jun 02 6:00 PM","103.436588567029"
"Year 1 Jun 02 7:00 PM","38.2724734654389"
"Year 1 Jun 02 8:00 PM","1.82342656789831"
"Year 1 Jun 02 9:00 PM","0"
"Year 1 Jun 02 10:00 PM","0"
"Year 1 Jun 02 11:00 PM","0"
"Year 1 Jun 03 12:00 AM","0"
"Year 1 Jun 03 1:00 AM","0"
"Year 1 Jun 03 2:00 AM","0"
"Year 1 Jun 03 3:00 AM","0"
"Year 1 Jun 03 4:00 AM","0"
"Year 1 Jun 03 5:00 AM","17.6460698511455"
"Year 1 Jun 03 6:00 AM","126.651092396155"
"Year 1 Jun 03 7:00 AM","283.746140799018"
"Year 1 Jun 03 8:00 AM","478.843639824056"
"Year 1 Jun 03 9:00 AM","656.237746154139"
"Year 1 Jun 03 10:00 AM","809.074190592263"
"Year 1 Jun 03 11:00 AM","889.035697879325"
"Year 1 Jun 03 12:00 PM","853.162411874026"
"Year 1 Jun 03 1:00 PM","808.652102903327"
"Year 1 Jun 03 2:00 PM","746.321530545572"
"Year 1 Jun 03 3:00 PM","461.829497602015"
"Year 1 Jun 03 4:00 PM","477.472276441528"
"Year 1 Jun 03 5:00 PM","374.264009410799"
"Year 1 Jun 03 6:00 PM","188.561991799149"
"Year 1 Jun 03 7:00 PM","54.1353996280598"
"Year 1 Jun 03 8:00 PM","1.77197518214551"
"Year 1 Jun 03 9:00 PM","0"
"Year 1 Jun 03 10:00 PM","0"
"Year 1 Jun 03 11:00 PM","0"
"Year 1 Jun 04 12:00 AM","0"
"Year 1 Jun 04 1:00 AM","0"
"Year 1 Jun 04 2:00 AM","0"
"Year 1 Jun 04 3:00 AM","0"
"Year 1 Jun 04 4:00 AM","0"
"Year 1 Jun 04 5:00 AM","13.9464708507786"
"Year 1 Jun 04 6:00 AM","92.4043821458863"
"Year 1 Jun 04 7:00 AM","248.729043687687"
"Year 1 Jun 04 8:00 AM","443.921463645588"
"Year 1 Jun 04 9:00 AM","617.531202135049"
"Year 1 Jun 04 10:00 AM","725.459384686596"
"Year 1 Jun 04 11:00 AM","793.888776358295"
"Year 1 Jun 04 12:00 PM","796.484887552054"
"Year 1 Jun 04 1:00 PM","526.270676779392"
"Year 1 Jun 04 2:00 PM","318.878846717581"
"Year 1 Jun 04 3:00 PM","378.302503608548"
"Year 1 Jun 04 4:00 PM","296.521129892861"
"Year 1 Jun 04 5:00 PM","136.556152511489"
"Year 1 Jun 04 6:00 PM","84.7127532256096"
"Year 1 Jun 04 7:00 PM","29.9378956900377"
"Year 1 Jun 04 8:00 PM","1.88560233624314"
"Year 1 Jun 04 9:00 PM","0"
"Year 1 Jun 04 10:00 PM","0"
"Year 1 Jun 04 11:00 PM","0"
"Year 1 Jun 05 12:00 AM","0"
"Year 1 Jun 05 1:00 AM","0"
"Year 1 Jun 05 2:00 AM","0"
"Year 1 Jun 05 3:00 AM","0"
"Year 1 Jun 05 4:00 AM","0"
"Year 1 Jun 05 5:00 AM","16.0889518703488"
"Year 1 Jun 05 6:00 AM","120.081849357744"
"Year 1 Jun 05 7:00 AM","277.4512696846"
"Year 1 Jun 05 8:00 AM","370.861219174979"
"Year 1 Jun 05 9:00 AM","538.117216678977"
"Year 1 Jun 05 10:00 AM","644.431619585855"
"Year 1 Jun 05 11:00 AM","876.703000331666"
"Year 1 Jun 05 12:00 PM","833.376639760747"
"Year 1 Jun 05 1:00 PM","468.728294106663"
"Year 1 Jun 05 2:00 PM","459.617494832288"
"Year 1 Jun 05 3:00 PM","695.359936601545"
"Year 1 Jun 05 4:00 PM","577.154235003834"
"Year 1 Jun 05 5:00 PM","407.101947286211"
"Year 1 Jun 05 6:00 PM","215.432709643966"
"Year 1 Jun 05 7:00 PM","61.4900205224796"
"Year 1 Jun 05 8:00 PM","1.66682867753619"
"Year 1 Jun 05 9:00 PM","0"
"Year 1 Jun 05 10:00 PM","0"
"Year 1 Jun 05 11:00 PM","0"
"Year 1 Jun 06 12:00 AM","0"
"Year 1 Jun 06 1:00 AM","0"
"Year 1 Jun 06 2:00 AM","0"
"Year 1 Jun 06 3:00 AM","0"
"Year 1 Jun 06 4:00 AM","0"
"Year 1 Jun 06 5:00 AM","17.0661853763563"
"Year 1 Jun 06 6:00 AM","127.084946075193"
"Year 1 Jun 06 7:00 AM","305.660614786598"
"Year 1 Jun 06 8:00 AM","462.300361513068"
"Year 1 Jun 06 9:00 AM","616.479381996035"
"Year 1 Jun 06 10:00 AM","756.255019762298"
"Year 1 Jun 06 11:00 AM","833.998535709032"
"Year 1 Jun 06 12:00 PM","850.2335304643"
"Year 1 Jun 06 1:00 PM","820.657465210679"
"Year 1 Jun 06 2:00 PM","741.82683756594"
"Year 1 Jun 06 3:00 PM","668.020017275005"
"Year 1 Jun 06 4:00 PM","513.056106937918"
"Year 1 Jun 06 5:00 PM","368.371563638122"
"Year 1 Jun 06 6:00 PM","186.856075692444"
"Year 1 Jun 06 7:00 PM","54.4264494703566"
"Year 1 Jun 06 8:00 PM","1.78297235827382"
"Year 1 Jun 06 9:00 PM","0"
"Year 1 Jun 06 10:00 PM","0"
"Year 1 Jun 06 11:00 PM","0"
"Year 1 Jun 07 12:00 AM","0"
"Year 1 Jun 07 1:00 AM","0"
"Year 1 Jun 07 2:00 AM","0"
"Year 1 Jun 07 3:00 AM","0"
"Year 1 Jun 07 4:00 AM","0"
"Year 1 Jun 07 5:00 AM","14.6506884265109"
"Year 1 Jun 07 6:00 AM","67.342810791119"
"Year 1 Jun 07 7:00 AM","84.4654815786511"
"Year 1 Jun 07 8:00 AM","97.5776643094897"
"Year 1 Jun 07 9:00 AM","122.492193794072"
"Year 1 Jun 07 10:00 AM","189.431687640649"
"Year 1 Jun 07 11:00 AM","134.927252444713"
"Year 1 Jun 07 12:00 PM","145.033338885391"
"Year 1 Jun 07 1:00 PM","210.2114462754"
"Year 1 Jun 07 2:00 PM","158.195776258567"
"Year 1 Jun 07 3:00 PM","227.969507300268"
"Year 1 Jun 07 4:00 PM","295.137492839624"
"Year 1 Jun 07 5:00 PM","263.105660643922"
"Year 1 Jun 07 6:00 PM","144.32080858885"
"Year 1 Jun 07 7:00 PM","39.5028916698764"
"Year 1 Jun 07 8:00 PM","1.94093876235736"
"Year 1 Jun 07 9:00 PM","0"
"Year 1 Jun 07 10:00 PM","0"
"Year 1 Jun 07 11:00 PM","0"
"Year 1 Jun 08 12:00 AM","0"
"Year 1 Jun 08 1:00 AM","0"
"Year 1 Jun 08 2:00 AM","0"
"Year 1 Jun 08 3:00 AM","0"
"Year 1 Jun 08 4:00 AM","0"
"Year 1 Jun 08 5:00 AM","15.2834240065054"
"Year 1 Jun 08 6:00 AM","116.39101876629"
"Year 1 Jun 08 7:00 AM","278.866160355399"
"Year 1 Jun 08 8:00 AM","446.654772066677"
"Year 1 Jun 08 9:00 AM","578.21552870638"
"Year 1 Jun 08 10:00 AM","689.544276417594"
"Year 1 Jun 08 11:00 AM","607.772545555143"
"Year 1 Jun 08 12:00 PM","689.775324316583"
"Year 1 Jun 08 1:00 PM","588.582842442416"
"Year 1 Jun 08 2:00 PM","726.442525189732"
"Year 1 Jun 08 3:00 PM","148.963872164732"
"Year 1 Jun 08 4:00 PM","78.2998369587485"
"Year 1 Jun 08 5:00 PM","104.034015566544"
"Year 1 Jun 08 6:00 PM","40.7820236091595"
"Year 1 Jun 08 7:00 PM","12.5059147004591"
"Year 1 Jun 08 8:00 PM","0.843253014903866"
"Year 1 Jun 08 9:00 PM","0"
"Year 1 Jun 08 10:00 PM","0"
"Year 1 Jun 08 11:00 PM","0"
"Year 1 Jun 09 12:00 AM","0"
"Year 1 Jun 09 1:00 AM","0"
"Year 1 Jun 09 2:00 AM","0"
"Year 1 Jun 09 3:00 AM","0"
"Year 1 Jun 09 4:00 AM","0"
"Year 1 Jun 09 5:00 AM","10.0468262543089"
"Year 1 Jun 09 6:00 AM","40.1831462859705"
"Year 1 Jun 09 7:00 AM","92.0637736421561"
"Year 1 Jun 09 8:00 AM","163.99524563792"
"Year 1 Jun 09 9:00 AM","213.96513004634"
"Year 1 Jun 09 10:00 AM","253.894556463269"
"Year 1 Jun 09 11:00 AM","214.96102202047"
"Year 1 Jun 09 12:00 PM","249.314952336503"
"Year 1 Jun 09 1:00 PM","234.435401959643"
"Year 1 Jun 09 2:00 PM","272.505591615767"
"Year 1 Jun 09 3:00 PM","486.388492309958"
"Year 1 Jun 09 4:00 PM","419.917135414019"
"Year 1 Jun 09 5:00 PM","228.145729205617"
"Year 1 Jun 09 6:00 PM","105.678848463294"
"Year 1 Jun 09 7:00 PM","18.5599383235776"
"Year 1 Jun 09 8:00 PM","0.842405338301289"
"Year 1 Jun 09 9:00 PM","0"
"Year 1 Jun 09 10:00 PM","0"
"Year 1 Jun 09 11:00 PM","0"
"Year 1 Jun 10 12:00 AM","0"
"Year 1 Jun 10 1:00 AM","0"
"Year 1 Jun 10 2:00 AM","0"
"Year 1 Jun 10 3:00 AM","0"
"Year 1 Jun 10 4:00 AM","0"
"Year 1 Jun 10 5:00 AM","9.61850236679188"
"Year 1 Jun 10 6:00 AM","42.2159381108871"
"Year 1 Jun 10 7:00 AM","66.445362182771"
"Year 1 Jun 10 8:00 AM","116.095603935244"
"Year 1 Jun 10 9:00 AM","164.255665867891"
"Year 1 Jun 10 10:00 AM","198.023312821494"
"Year 1 Jun 10 11:00 AM","225.289976526143"
"Year 1 Jun 10 12:00 PM","241.668451268053"
"Year 1 Jun 10 1:00 PM","253.083301796251"
"Year 1 Jun 10 2:00 PM","241.778506108033"
"Year 1 Jun 10 3:00 PM","227.180942935808"
"Year 1 Jun 10 4:00 PM","121.006113913399"
"Year 1 Jun 10 5:00 PM","131.077036848246"
"Year 1 Jun 10 6:00 PM","82.1131925676404"
"Year 1 Jun 10 7:00 PM","27.868048579136"
"Year 1 Jun 10 8:00 PM","3.35652674500716"
"Year 1 Jun 10 9:00 PM","0"
"Year 1 Jun 10 10:00 PM","0"
"Year 1 Jun 10 11:00 PM","0"
"Year 1 Jun 11 12:00 AM","0"
"Year 1 Jun 11 1:00 AM","0"
"Year 1 Jun 11 2:00 AM","0"
"Year 1 Jun 11 3:00 AM","0"
"Year 1 Jun 11 4:00 AM","0"
"Year 1 Jun 11 5:00 AM","14.6780536924972"
"Year 1 Jun 11 6:00 AM","87.1380174310305"
"Year 1 Jun 11 7:00 AM","236.358038510126"
"Year 1 Jun 11 8:00 AM","418.02108004517"
"Year 1 Jun 11 9:00 AM","593.58857374319"
"Year 1 Jun 11 10:00 AM","747.293800998398"
"Year 1 Jun 11 11:00 AM","852.069305178068"
"Year 1 Jun 11 12:00 PM","896.616658504017"
"Year 1 Jun 11 1:00 PM","808.831773637691"
"Year 1 Jun 11 2:00 PM","528.933670254"
"Year 1 Jun 11 3:00 PM","456.178251520766"
"Year 1 Jun 11 4:00 PM","320.24021839575"
"Year 1 Jun 11 5:00 PM","245.323572763019"
"Year 1 Jun 11 6:00 PM","117.311107816315"
"Year 1 Jun 11 7:00 PM","36.0601634257537"
"Year 1 Jun 11 8:00 PM","2.94709113067452"
"Year 1 Jun 11 9:00 PM","0"
"Year 1 Jun 11 10:00 PM","0"
"Year 1 Jun 11 11:00 PM","0"
"Year 1 Jun 12 12:00 AM","0"
"Year 1 Jun 12 1:00 AM","0"
"Year 1 Jun 12 2:00 AM","0"
"Year 1 Jun 12 3:00 AM","0"
"Year 1 Jun 12 4:00 AM","0"
"Year 1 Jun 12 5:00 AM","17.9950519166814"
"Year 1 Jun 12 6:00 AM","123.550228862551"
"Year 1 Jun 12 7:00 AM","297.835433751749"
"Year 1 Jun 12 8:00 AM","484.543883982061"
"Year 1 Jun 12 9:00 AM","599.830360544"
"Year 1 Jun 12 10:00 AM","603.85965558105"
"Year 1 Jun 12 11:00 AM","606.001902587297"
"Year 1 Jun 12 12:00 PM","472.193691157245"
"Year 1 Jun 12 1:00 PM","694.163585649387"
"Year 1 Jun 12 2:00 PM","699.361356097831"
"Year 1 Jun 12 3:00 PM","630.779588108631"
"Year 1 Jun 12 4:00 PM","494.810794751492"
"Year 1 Jun 12 5:00 PM","232.259502377959"
"Year 1 Jun 12 6:00 PM","99.5354288862642"
"Year 1 Jun 12 7:00 PM","41.7246461259577"
"Year 1 Jun 12 8:00 PM","3.5022807154702"
"Year 1 Jun 12 9:00 PM","0"
"Year 1 Jun 12 10:00 PM","0"
"Year 1 Jun 12 11:00 PM","0"
"Year 1 Jun 13 12:00 AM","0"
"Year 1 Jun 13 1:00 AM","0"
"Year 1 Jun 13 2:00 AM","0"
"Year 1 Jun 13 3:00 AM","0"
"Year 1 Jun 13 4:00 AM","0"
"Year 1 Jun 13 5:00 AM","11.4119699531407"
"Year 1 Jun 13 6:00 AM","73.5787170355821"
"Year 1 Jun 13 7:00 AM","185.304801246235"
"Year 1 Jun 13 8:00 AM","418.150351111693"
"Year 1 Jun 13 9:00 AM","526.130837785681"
"Year 1 Jun 13 10:00 AM","348.134023397598"
"Year 1 Jun 13 11:00 AM","429.208300895016"
"Year 1 Jun 13 12:00 PM","380.091752846715"
"Year 1 Jun 13 1:00 PM","239.197769949197"
"Year 1 Jun 13 2:00 PM","240.896664803707"
"Year 1 Jun 13 3:00 PM","408.083739612363"
"Year 1 Jun 13 4:00 PM","305.022651730013"
"Year 1 Jun 13 5:00 PM","266.96695312576"
"Year 1 Jun 13 6:00 PM","180.851110839392"
"Year 1 Jun 13 7:00 PM","62.7844274725712"
"Year 1 Jun 13 8:00 PM","3.89729916723"
"Year 1 Jun 13 9:00 PM","0"
"Year 1 Jun 13 10:00 PM","0"
"Year 1 Jun 13 11:00 PM","0"
"Year 1 Jun 14 12:00 AM","0"
"Year 1 Jun 14 1:00 AM","0"
"Year 1 Jun 14 2:00 AM","0"
"Year 1 Jun 14 3:00 AM","0"
"Year 1 Jun 14 4:00 AM","0"
"Year 1 Jun 14 5:00 AM","14.0148432629744"
"Year 1 Jun 14 6:00 AM","66.8919666734791"
"Year 1 Jun 14 7:00 AM","168.785307295059"
"Year 1 Jun 14 8:00 AM","320.676579512754"
"Year 1 Jun 14 9:00 AM","434.4335364338"
"Year 1 Jun 14 10:00 AM","351.534224442672"
"Year 1 Jun 14 11:00 AM","349.706770499156"
"Year 1 Jun 14 12:00 PM","567.045577412702"
"Year 1 Jun 14 1:00 PM","475.041186595785"
"Year 1 Jun 14 2:00 PM","723.041982304992"
"Year 1 Jun 14 3:00 PM","642.065062341479"
"Year 1 Jun 14 4:00 PM","481.020276519218"
"Year 1 Jun 14 5:00 PM","315.53719773035"
"Year 1 Jun 14 6:00 PM","151.239740016172"
"Year 1 Jun 14 7:00 PM","40.5562854718401"
"Year 1 Jun 14 8:00 PM","3.36308233216493"
"Year 1 Jun 14 9:00 PM","0"
"Year 1 Jun 14 10:00 PM","0"
"Year 1 Jun 14 11:00 PM","0"
"Year 1 Jun 15 12:00 AM","0"
"Year 1 Jun 15 1:00 AM","0"
"Year 1 Jun 15 2:00 AM","0"
"Year 1 Jun 15 3:00 AM","0"
"Year 1 Jun 15 4:00 AM","0"
"Year 1 Jun 15 5:00 AM","16.0138934005432"
"Year 1 Jun 15 6:00 AM","104.953536977322"
"Year 1 Jun 15 7:00 AM","266.566312834119"
"Year 1 Jun 15 8:00 AM","453.674145438365"
"Year 1 Jun 15 9:00 AM","630.644861380267"
"Year 1 Jun 15 10:00 AM","776.967737205214"
"Year 1 Jun 15 11:00 AM","863.834241126434"
"Year 1 Jun 15 12:00 PM","847.670464286546"
"Year 1 Jun 15 1:00 PM","865.632193887287"
"Year 1 Jun 15 2:00 PM","837.209037371398"
"Year 1 Jun 15 3:00 PM","719.942618657332"
"Year 1 Jun 15 4:00 PM","550.527226852496"
"Year 1 Jun 15 5:00 PM","347.958926646301"
"Year 1 Jun 15 6:00 PM","172.282895457918"
"Year 1 Jun 15 7:00 PM","43.1935955323202"
"Year 1 Jun 15 8:00 PM","3.53224979641328"
"Year 1 Jun 15 9:00 PM","0"
"Year 1 Jun 15 10:00 PM","0"
"Year 1 Jun 15 11:00 PM","0"
"Year 1 Jun 16 12:00 AM","0"
"Year 1 Jun 16 1:00 AM","0"
"Year 1 Jun 16 2:00 AM","0"
"Year 1 Jun 16 3:00 AM","0"
"Year 1 Jun 16 4:00 AM","0"
"Year 1 Jun 16 5:00 AM","15.5408066233628"
"Year 1 Jun 16 6:00 AM","94.2141371714869"
"Year 1 Jun 16 7:00 AM","250.437680075608"
"Year 1 Jun 16 8:00 AM","424.564593085589"
"Year 1 Jun 16 9:00 AM","554.561568292217"
"Year 1 Jun 16 10:00 AM","714.982976375593"
"Year 1 Jun 16 11:00 AM","811.987801674602"
"Year 1 Jun 16 12:00 PM","836.505208128704"
"Year 1 Jun 16 1:00 PM","851.558149587461"
"Year 1 Jun 16 2:00 PM","790.491341202352"
"Year 1 Jun 16 3:00 PM","633.324164589847"
"Year 1 Jun 16 4:00 PM","443.810400787375"
"Year 1 Jun 16 5:00 PM","308.201357249559"
"Year 1 Jun 16 6:00 PM","125.407447729267"
"Year 1 Jun 16 7:00 PM","33.8266296501935"
"Year 1 Jun 16 8:00 PM","3.3638030680916"
"Year 1 Jun 16 9:00 PM","0"
"Year 1 Jun 16 10:00 PM","0"
"Year 1 Jun 16 11:00 PM","0"
"Year 1 Jun 17 12:00 AM","0"
"Year 1 Jun 17 1:00 AM","0"
"Year 1 Jun 17 2:00 AM","0"
"Year 1 Jun 17 3:00 AM","0"
"Year 1 Jun 17 4:00 AM","0"
"Year 1 Jun 17 5:00 AM","12.2714631961359"
"Year 1 Jun 17 6:00 AM","44.9127375981288"
"Year 1 Jun 17 7:00 AM","140.187557284855"
"Year 1 Jun 17 8:00 AM","386.826686372588"
"Year 1 Jun 17 9:00 AM","435.643012952244"
"Year 1 Jun 17 10:00 AM","412.201149713744"
"Year 1 Jun 17 11:00 AM","468.02089621083"
"Year 1 Jun 17 12:00 PM","426.105291717065"
"Year 1 Jun 17 1:00 PM","742.433662919229"
"Year 1 Jun 17 2:00 PM","691.280802461109"
"Year 1 Jun 17 3:00 PM","604.611443261437"
"Year 1 Jun 17 4:00 PM","329.020747314896"
"Year 1 Jun 17 5:00 PM","108.242505341932"
"Year 1 Jun 17 6:00 PM","163.387697980944"
"Year 1 Jun 17 7:00 PM","48.2281778095972"
"Year 1 Jun 17 8:00 PM","3.38026191449139"
"Year 1 Jun 17 9:00 PM","0"
"Year 1 Jun 17 10:00 PM","0"
"Year 1 Jun 17 11:00 PM","0"
"Year 1 Jun 18 12:00 AM","0"
"Year 1 Jun 18 1:00 AM","0"
"Year 1 Jun 18 2:00 AM","0"
"Year 1 Jun 18 3:00 AM","0"
"Year 1 Jun 18 4:00 AM","0"
"Year 1 Jun 18 5:00 AM","9.97622266026088"
"Year 1 Jun 18 6:00 AM","49.2102123318304"
"Year 1 Jun 18 7:00 AM","132.626253953437"
"Year 1 Jun 18 8:00 AM","139.068862539736"
"Year 1 Jun 18 9:00 AM","123.58655018361"
"Year 1 Jun 18 10:00 AM","174.615823358869"
"Year 1 Jun 18 11:00 AM","137.595687415531"
"Year 1 Jun 18 12:00 PM","165.688887491848"
"Year 1 Jun 18 1:00 PM","226.395080059356"
"Year 1 Jun 18 2:00 PM","300.194569060972"
"Year 1 Jun 18 3:00 PM","467.095284463536"
"Year 1 Jun 18 4:00 PM","447.972652384469"
"Year 1 Jun 18 5:00 PM","244.231408333054"
"Year 1 Jun 18 6:00 PM","71.4241592177236"
"Year 1 Jun 18 7:00 PM","34.7029611090936"
"Year 1 Jun 18 8:00 PM","3.86215058192215"
"Year 1 Jun 18 9:00 PM","0"
"Year 1 Jun 18 10:00 PM","0"
"Year 1 Jun 18 11:00 PM","0"
"Year 1 Jun 19 12:00 AM","0"
"Year 1 Jun 19 1:00 AM","0"
"Year 1 Jun 19 2:00 AM","0"
"Year 1 Jun 19 3:00 AM","0"
"Year 1 Jun 19 4:00 AM","0"
"Year 1 Jun 19 5:00 AM","10.4193613003431"
"Year 1 Jun 19 6:00 AM","48.7350836992811"
"Year 1 Jun 19 7:00 AM","137.24228638588"
"Year 1 Jun 19 8:00 AM","234.020980024233"
"Year 1 Jun 19 9:00 AM","528.69805383604"
"Year 1 Jun 19 10:00 AM","588.585434216062"
"Year 1 Jun 19 11:00 AM","654.946447275765"
"Year 1 Jun 19 12:00 PM","470.068026264628"
"Year 1 Jun 19 1:00 PM","684.503588453958"
"Year 1 Jun 19 2:00 PM","689.571297565186"
"Year 1 Jun 19 3:00 PM","511.129918056968"
"Year 1 Jun 19 4:00 PM","402.634070803444"
"Year 1 Jun 19 5:00 PM","152.701124715929"
"Year 1 Jun 19 6:00 PM","115.097903474763"
"Year 1 Jun 19 7:00 PM","38.7714459760137"
"Year 1 Jun 19 8:00 PM","3.52699250442206"
"Year 1 Jun 19 9:00 PM","0"
"Year 1 Jun 19 10:00 PM","0"
"Year 1 Jun 19 11:00 PM","0"
"Year 1 Jun 20 12:00 AM","0"
"Year 1 Jun 20 1:00 AM","0"
"Year 1 Jun 20 2:00 AM","0"
"Year 1 Jun 20 3:00 AM","0"
"Year 1 Jun 20 4:00 AM","0"
"Year 1 Jun 20 5:00 AM","10.9529960193862"
"Year 1 Jun 20 6:00 AM","53.4936539879733"
"Year 1 Jun 20 7:00 AM","134.685627237029"
"Year 1 Jun 20 8:00 AM","246.85622053942"
"Year 1 Jun 20 9:00 AM","468.329607207794"
"Year 1 Jun 20 10:00 AM","518.519526390351"
"Year 1 Jun 20 11:00 AM","650.83296355754"
"Year 1 Jun 20 12:00 PM","789.858779418313"
"Year 1 Jun 20 1:00 PM","792.137199952703"
"Year 1 Jun 20 2:00 PM","733.323363634809"
"Year 1 Jun 20 3:00 PM","593.928561371785"
"Year 1 Jun 20 4:00 PM","258.752649796065"
"Year 1 Jun 20 5:00 PM","170.974429228539"
"Year 1 Jun 20 6:00 PM","98.0499381774446"
"Year 1 Jun 20 7:00 PM","29.7531509807714"
"Year 1 Jun 20 8:00 PM","3.33518777160325"
"Year 1 Jun 20 9:00 PM","0"
"Year 1 Jun 20 10:00 PM","0"
"Year 1 Jun 20 11:00 PM","0"
"Year 1 Jun 21 12:00 AM","0"
"Year 1 Jun 21 1:00 AM","0"
"Year 1 Jun 21 2:00 AM","0"
"Year 1 Jun 21 3:00 AM","0"
"Year 1 Jun 21 4:00 AM","0"
"Year 1 Jun 21 5:00 AM","15.5410144457695"
"Year 1 Jun 21 6:00 AM","103.005572503973"
"Year 1 Jun 21 7:00 AM","263.670416826529"
"Year 1 Jun 21 8:00 AM","451.503902423178"
"Year 1 Jun 21 9:00 AM","627.479453677796"
"Year 1 Jun 21 10:00 AM","770.576034801092"
"Year 1 Jun 21 11:00 AM","833.761009901667"
"Year 1 Jun 21 12:00 PM","860.135395070923"
"Year 1 Jun 21 1:00 PM","869.753514634186"
"Year 1 Jun 21 2:00 PM","805.731214601286"
"Year 1 Jun 21 3:00 PM","638.437175296294"
"Year 1 Jun 21 4:00 PM","521.110251695532"
"Year 1 Jun 21 5:00 PM","353.279203577422"
"Year 1 Jun 21 6:00 PM","173.707314483841"
"Year 1 Jun 21 7:00 PM","54.1872227849705"
"Year 1 Jun 21 8:00 PM","4.392730781917"
"Year 1 Jun 21 9:00 PM","0"
"Year 1 Jun 21 10:00 PM","0"
"Year 1 Jun 21 11:00 PM","0"
"Year 1 Jun 22 12:00 AM","0"
"Year 1 Jun 22 1:00 AM","0"
"Year 1 Jun 22 2:00 AM","0"
"Year 1 Jun 22 3:00 AM","0"
"Year 1 Jun 22 4:00 AM","0"
"Year 1 Jun 22 5:00 AM","17.5813694606844"
"Year 1 Jun 22 6:00 AM","112.090023254836"
"Year 1 Jun 22 7:00 AM","260.280993524485"
"Year 1 Jun 22 8:00 AM","414.674341130993"
"Year 1 Jun 22 9:00 AM","431.692564719597"
"Year 1 Jun 22 10:00 AM","647.537693233529"
"Year 1 Jun 22 11:00 AM","822.291231421261"
"Year 1 Jun 22 12:00 PM","869.1231051156"
"Year 1 Jun 22 1:00 PM","851.052954361476"
"Year 1 Jun 22 2:00 PM","823.301910108247"
"Year 1 Jun 22 3:00 PM","689.841052464402"
"Year 1 Jun 22 4:00 PM","529.384920324973"
"Year 1 Jun 22 5:00 PM","262.950750602617"
"Year 1 Jun 22 6:00 PM","196.22540614842"
"Year 1 Jun 22 7:00 PM","67.0119828602216"
"Year 1 Jun 22 8:00 PM","4.38055138006087"
"Year 1 Jun 22 9:00 PM","0"
"Year 1 Jun 22 10:00 PM","0"
"Year 1 Jun 22 11:00 PM","0"
"Year 1 Jun 23 12:00 AM","0"
"Year 1 Jun 23 1:00 AM","0"
"Year 1 Jun 23 2:00 AM","0"
"Year 1 Jun 23 3:00 AM","0"
"Year 1 Jun 23 4:00 AM","0"
"Year 1 Jun 23 5:00 AM","8.07588348876107"
"Year 1 Jun 23 6:00 AM","32.2754988623477"
"Year 1 Jun 23 7:00 AM","71.1421340983627"
"Year 1 Jun 23 8:00 AM","96.8334618444412"
"Year 1 Jun 23 9:00 AM","182.753444943329"
"Year 1 Jun 23 10:00 AM","448.149083804663"
"Year 1 Jun 23 11:00 AM","746.789659241053"
"Year 1 Jun 23 12:00 PM","868.279057618939"
"Year 1 Jun 23 1:00 PM","817.159442915353"
"Year 1 Jun 23 2:00 PM","527.931739312703"
"Year 1 Jun 23 3:00 PM","366.11809399311"
"Year 1 Jun 23 4:00 PM","322.9086248547"
"Year 1 Jun 23 5:00 PM","204.553942650796"
"Year 1 Jun 23 6:00 PM","78.1322915961442"
"Year 1 Jun 23 7:00 PM","29.8765284993872"
"Year 1 Jun 23 8:00 PM","3.31292157075313"
"Year 1 Jun 23 9:00 PM","0"
"Year 1 Jun 23 10:00 PM","0"
"Year 1 Jun 23 11:00 PM","0"
"Year 1 Jun 24 12:00 AM","0"
"Year 1 Jun 24 1:00 AM","0"
"Year 1 Jun 24 2:00 AM","0"
"Year 1 Jun 24 3:00 AM","0"
"Year 1 Jun 24 4:00 AM","0"
"Year 1 Jun 24 5:00 AM","16.9582931515868"
"Year 1 Jun 24 6:00 AM","121.782169289265"
"Year 1 Jun 24 7:00 AM","302.95736614969"
"Year 1 Jun 24 8:00 AM","493.809797305108"
"Year 1 Jun 24 9:00 AM","664.536409795318"
"Year 1 Jun 24 10:00 AM","767.993766890761"
"Year 1 Jun 24 11:00 AM","719.138741072628"
"Year 1 Jun 24 12:00 PM","740.147939482371"
"Year 1 Jun 24 1:00 PM","893.586212851968"
"Year 1 Jun 24 2:00 PM","823.559603797426"
"Year 1 Jun 24 3:00 PM","747.183000893977"
"Year 1 Jun 24 4:00 PM","605.651023800404"
"Year 1 Jun 24 5:00 PM","420.906142542958"
"Year 1 Jun 24 6:00 PM","230.820455972014"
"Year 1 Jun 24 7:00 PM","74.0295458988438"
"Year 1 Jun 24 8:00 PM","4.62120457071507"
"Year 1 Jun 24 9:00 PM","0"
"Year 1 Jun 24 10:00 PM","0"
"Year 1 Jun 24 11:00 PM","0"
"Year 1 Jun 25 12:00 AM","0"
"Year 1 Jun 25 1:00 AM","0"
"Year 1 Jun 25 2:00 AM","0"
"Year 1 Jun 25 3:00 AM","0"
"Year 1 Jun 25 4:00 AM","0"
"Year 1 Jun 25 5:00 AM","18.3719300023934"
"Year 1 Jun 25 6:00 AM","127.412982682045"
"Year 1 Jun 25 7:00 AM","303.646384794139"
"Year 1 Jun 25 8:00 AM","485.562141776903"
"Year 1 Jun 25 9:00 AM","644.650992791669"
"Year 1 Jun 25 10:00 AM","800.305489712434"
"Year 1 Jun 25 11:00 AM","888.996057505788"
"Year 1 Jun 25 12:00 PM","874.79143277185"
"Year 1 Jun 25 1:00 PM","860.369482027116"
"Year 1 Jun 25 2:00 PM","786.867326108188"
"Year 1 Jun 25 3:00 PM","706.8151360222"
"Year 1 Jun 25 4:00 PM","573.214873740807"
"Year 1 Jun 25 5:00 PM","417.293139960704"
"Year 1 Jun 25 6:00 PM","230.47293630722"
"Year 1 Jun 25 7:00 PM","72.6490373644223"
"Year 1 Jun 25 8:00 PM","4.61485949733094"
"Year 1 Jun 25 9:00 PM","0"
"Year 1 Jun 25 10:00 PM","0"
"Year 1 Jun 25 11:00 PM","0"
"Year 1 Jun 26 12:00 AM","0"
"Year 1 Jun 26 1:00 AM","0"
"Year 1 Jun 26 2:00 AM","0"
"Year 1 Jun 26 3:00 AM","0"
"Year 1 Jun 26 4:00 AM","0"
"Year 1 Jun 26 5:00 AM","18.259267198048"
"Year 1 Jun 26 6:00 AM","123.292251645638"
"Year 1 Jun 26 7:00 AM","271.151615410936"
"Year 1 Jun 26 8:00 AM","428.882813156832"
"Year 1 Jun 26 9:00 AM","616.856817606001"
"Year 1 Jun 26 10:00 AM","751.643559061159"
"Year 1 Jun 26 11:00 AM","855.153422566343"
"Year 1 Jun 26 12:00 PM","831.74543315296"
"Year 1 Jun 26 1:00 PM","766.079432327"
"Year 1 Jun 26 2:00 PM","816.212172737872"
"Year 1 Jun 26 3:00 PM","711.465227157605"
"Year 1 Jun 26 4:00 PM","555.389612556265"
"Year 1 Jun 26 5:00 PM","337.471106921828"
"Year 1 Jun 26 6:00 PM","180.635031874277"
"Year 1 Jun 26 7:00 PM","49.7675943592746"
"Year 1 Jun 26 8:00 PM","3.81756073018651"
"Year 1 Jun 26 9:00 PM","0"
"Year 1 Jun 26 10:00 PM","0"
"Year 1 Jun 26 11:00 PM","0"
"Year 1 Jun 27 12:00 AM","0"
"Year 1 Jun 27 1:00 AM","0"
"Year 1 Jun 27 2:00 AM","0"
"Year 1 Jun 27 3:00 AM","0"
"Year 1 Jun 27 4:00 AM","0"
"Year 1 Jun 27 5:00 AM","10.5914589959683"
"Year 1 Jun 27 6:00 AM","65.163336326717"
"Year 1 Jun 27 7:00 AM","187.403843323396"
"Year 1 Jun 27 8:00 AM","169.794982726251"
"Year 1 Jun 27 9:00 AM","237.380592982205"
"Year 1 Jun 27 10:00 AM","237.978781648682"
"Year 1 Jun 27 11:00 AM","387.051401674854"
"Year 1 Jun 27 12:00 PM","364.970141853575"
"Year 1 Jun 27 1:00 PM","567.90384670634"
"Year 1 Jun 27 2:00 PM","529.097292988767"
"Year 1 Jun 27 3:00 PM","450.626541010092"
"Year 1 Jun 27 4:00 PM","375.161600019364"
"Year 1 Jun 27 5:00 PM","223.916404302663"
"Year 1 Jun 27 6:00 PM","147.509972769304"
"Year 1 Jun 27 7:00 PM","45.5343194482642"
"Year 1 Jun 27 8:00 PM","4.08076871601454"
"Year 1 Jun 27 9:00 PM","0"
"Year 1 Jun 27 10:00 PM","0"
"Year 1 Jun 27 11:00 PM","0"
"Year 1 Jun 28 12:00 AM","0"
"Year 1 Jun 28 1:00 AM","0"
"Year 1 Jun 28 2:00 AM","0"
"Year 1 Jun 28 3:00 AM","0"
"Year 1 Jun 28 4:00 AM","0"
"Year 1 Jun 28 5:00 AM","15.6942003851056"
"Year 1 Jun 28 6:00 AM","128.518834770367"
"Year 1 Jun 28 7:00 AM","300.784863946148"
"Year 1 Jun 28 8:00 AM","469.107352399671"
"Year 1 Jun 28 9:00 AM","637.864714808164"
"Year 1 Jun 28 10:00 AM","701.676647082439"
"Year 1 Jun 28 11:00 AM","810.785577375316"
"Year 1 Jun 28 12:00 PM","816.447258728525"
"Year 1 Jun 28 1:00 PM","783.07919560092"
"Year 1 Jun 28 2:00 PM","682.931493259047"
"Year 1 Jun 28 3:00 PM","529.420767184412"
"Year 1 Jun 28 4:00 PM","504.473924550726"
"Year 1 Jun 28 5:00 PM","315.882960627378"
"Year 1 Jun 28 6:00 PM","184.853049125609"
"Year 1 Jun 28 7:00 PM","47.5859544617067"
"Year 1 Jun 28 8:00 PM","2.90148257500498"
"Year 1 Jun 28 9:00 PM","0"
"Year 1 Jun 28 10:00 PM","0"
"Year 1 Jun 28 11:00 PM","0"
"Year 1 Jun 29 12:00 AM","0"
"Year 1 Jun 29 1:00 AM","0"
"Year 1 Jun 29 2:00 AM","0"
"Year 1 Jun 29 3:00 AM","0"
"Year 1 Jun 29 4:00 AM","0"
"Year 1 Jun 29 5:00 AM","4.69266420775577"
"Year 1 Jun 29 6:00 AM","21.3906816579885"
"Year 1 Jun 29 7:00 AM","74.0899275568274"
"Year 1 Jun 29 8:00 AM","130.765411835283"
"Year 1 Jun 29 9:00 AM","185.210590116198"
"Year 1 Jun 29 10:00 AM","301.300850720664"
"Year 1 Jun 29 11:00 AM","415.209528825092"
"Year 1 Jun 29 12:00 PM","163.473402983796"
"Year 1 Jun 29 1:00 PM","110.180495305069"
"Year 1 Jun 29 2:00 PM","131.028278750568"
"Year 1 Jun 29 3:00 PM","129.482173763241"
"Year 1 Jun 29 4:00 PM","149.74920394984"
"Year 1 Jun 29 5:00 PM","113.198449616896"
"Year 1 Jun 29 6:00 PM","60.357850561783"
"Year 1 Jun 29 7:00 PM","24.5405552097952"
"Year 1 Jun 29 8:00 PM","3.41430183329589"
"Year 1 Jun 29 9:00 PM","0"
"Year 1 Jun 29 10:00 PM","0"
"Year 1 Jun 29 11:00 PM","0"
"Year 1 Jun 30 12:00 AM","0"
"Year 1 Jun 30 1:00 AM","0"
"Year 1 Jun 30 2:00 AM","0"
"Year 1 Jun 30 3:00 AM","0"
"Year 1 Jun 30 4:00 AM","0"
"Year 1 Jun 30 5:00 AM","13.3724615659257"
"Year 1 Jun 30 6:00 AM","97.9582804582793"
"Year 1 Jun 30 7:00 AM","254.158303953491"
"Year 1 Jun 30 8:00 AM","425.792348469062"
"Year 1 Jun 30 9:00 AM","617.49272233522"
"Year 1 Jun 30 10:00 AM","713.728949766639"
"Year 1 Jun 30 11:00 AM","778.084610582776"
"Year 1 Jun 30 12:00 PM","793.937306666012"
"Year 1 Jun 30 1:00 PM","623.707203577393"
"Year 1 Jun 30 2:00 PM","523.156940281204"
"Year 1 Jun 30 3:00 PM","491.982926078304"
"Year 1 Jun 30 4:00 PM","295.570135724644"
"Year 1 Jun 30 5:00 PM","199.940244761253"
"Year 1 Jun 30 6:00 PM","63.9096006982022"
"Year 1 Jun 30 7:00 PM","21.9755397846275"
"Year 1 Jun 30 8:00 PM","2.94712526796745"
"Year 1 Jun 30 9:00 PM","0"
"Year 1 Jun 30 10:00 PM","0"
"Year 1 Jun 30 11:00 PM","0"
"Year 1 Jul 01 12:00 AM","0"
"Year 1 Jul 01 1:00 AM","0"
"Year 1 Jul 01 2:00 AM","0"
"Year 1 Jul 01 3:00 AM","0"
"Year 1 Jul 01 4:00 AM","0"
"Year 1 Jul 01 5:00 AM","7.4859612667691"
"Year 1 Jul 01 6:00 AM","35.4808481854444"
"Year 1 Jul 01 7:00 AM","95.2733171586395"
"Year 1 Jul 01 8:00 AM","140.325896506557"
"Year 1 Jul 01 9:00 AM","188.488257327831"
"Year 1 Jul 01 10:00 AM","230.270281613701"
"Year 1 Jul 01 11:00 AM","271.65131310366"
"Year 1 Jul 01 12:00 PM","279.779404598311"
"Year 1 Jul 01 1:00 PM","290.152048881428"
"Year 1 Jul 01 2:00 PM","263.447704118353"
"Year 1 Jul 01 3:00 PM","224.570430536498"
"Year 1 Jul 01 4:00 PM","108.818460936534"
"Year 1 Jul 01 5:00 PM","80.7438175519719"
"Year 1 Jul 01 6:00 PM","66.188597692096"
"Year 1 Jul 01 7:00 PM","32.4592792036262"
"Year 1 Jul 01 8:00 PM","4.41674817688227"
"Year 1 Jul 01 9:00 PM","0"
"Year 1 Jul 01 10:00 PM","0"
"Year 1 Jul 01 11:00 PM","0"
"Year 1 Jul 02 12:00 AM","0"
"Year 1 Jul 02 1:00 AM","0"
"Year 1 Jul 02 2:00 AM","0"
"Year 1 Jul 02 3:00 AM","0"
"Year 1 Jul 02 4:00 AM","0"
"Year 1 Jul 02 5:00 AM","11.4813596831361"
"Year 1 Jul 02 6:00 AM","49.0539104549965"
"Year 1 Jul 02 7:00 AM","98.3054291599037"
"Year 1 Jul 02 8:00 AM","153.048590334194"
"Year 1 Jul 02 9:00 AM","204.475591627267"
"Year 1 Jul 02 10:00 AM","241.272765412051"
"Year 1 Jul 02 11:00 AM","338.929497292888"
"Year 1 Jul 02 12:00 PM","567.921743085081"
"Year 1 Jul 02 1:00 PM","633.012645307284"
"Year 1 Jul 02 2:00 PM","616.670312843165"
"Year 1 Jul 02 3:00 PM","432.878975802455"
"Year 1 Jul 02 4:00 PM","389.237313546286"
"Year 1 Jul 02 5:00 PM","318.4135254658"
"Year 1 Jul 02 6:00 PM","159.157338276862"
"Year 1 Jul 02 7:00 PM","66.5636705054802"
"Year 1 Jul 02 8:00 PM","4.68390629424719"
"Year 1 Jul 02 9:00 PM","0"
"Year 1 Jul 02 10:00 PM","0"
"Year 1 Jul 02 11:00 PM","0"
"Year 1 Jul 03 12:00 AM","0"
"Year 1 Jul 03 1:00 AM","0"
"Year 1 Jul 03 2:00 AM","0"
"Year 1 Jul 03 3:00 AM","0"
"Year 1 Jul 03 4:00 AM","0"
"Year 1 Jul 03 5:00 AM","13.4439246562609"
"Year 1 Jul 03 6:00 AM","88.6491833967364"
"Year 1 Jul 03 7:00 AM","241.763266671518"
"Year 1 Jul 03 8:00 AM","426.326318396387"
"Year 1 Jul 03 9:00 AM","606.373691154512"
"Year 1 Jul 03 10:00 AM","759.223185144202"
"Year 1 Jul 03 11:00 AM","870.606282614073"
"Year 1 Jul 03 12:00 PM","914.739947123014"
"Year 1 Jul 03 1:00 PM","855.080289081656"
"Year 1 Jul 03 2:00 PM","750.804774762694"
"Year 1 Jul 03 3:00 PM","672.045474999496"
"Year 1 Jul 03 4:00 PM","516.400839314274"
"Year 1 Jul 03 5:00 PM","358.646501211883"
"Year 1 Jul 03 6:00 PM","179.268005292314"
"Year 1 Jul 03 7:00 PM","53.8256453044464"
"Year 1 Jul 03 8:00 PM","4.492679831545"
"Year 1 Jul 03 9:00 PM","0"
"Year 1 Jul 03 10:00 PM","0"
"Year 1 Jul 03 11:00 PM","0"
"Year 1 Jul 04 12:00 AM","0"
"Year 1 Jul 04 1:00 AM","0"
"Year 1 Jul 04 2:00 AM","0"
"Year 1 Jul 04 3:00 AM","0"
"Year 1 Jul 04 4:00 AM","0"
"Year 1 Jul 04 5:00 AM","14.0532264398812"
"Year 1 Jul 04 6:00 AM","95.1238842576442"
"Year 1 Jul 04 7:00 AM","218.839829522719"
"Year 1 Jul 04 8:00 AM","299.361201237296"
"Year 1 Jul 04 9:00 AM","469.990346798806"
"Year 1 Jul 04 10:00 AM","621.876771722246"
"Year 1 Jul 04 11:00 AM","493.603275098218"
"Year 1 Jul 04 12:00 PM","884.638363132575"
"Year 1 Jul 04 1:00 PM","873.401158361767"
"Year 1 Jul 04 2:00 PM","779.218625643103"
"Year 1 Jul 04 3:00 PM","675.25017715991"
"Year 1 Jul 04 4:00 PM","519.412119511914"
"Year 1 Jul 04 5:00 PM","353.055335943297"
"Year 1 Jul 04 6:00 PM","165.516053595752"
"Year 1 Jul 04 7:00 PM","45.9915424442746"
"Year 1 Jul 04 8:00 PM","3.96723146714476"
"Year 1 Jul 04 9:00 PM","0"
"Year 1 Jul 04 10:00 PM","0"
"Year 1 Jul 04 11:00 PM","0"
"Year 1 Jul 05 12:00 AM","0"
"Year 1 Jul 05 1:00 AM","0"
"Year 1 Jul 05 2:00 AM","0"
"Year 1 Jul 05 3:00 AM","0"
"Year 1 Jul 05 4:00 AM","0"
"Year 1 Jul 05 5:00 AM","12.900310819737"
"Year 1 Jul 05 6:00 AM","95.6067653991533"
"Year 1 Jul 05 7:00 AM","271.373112988452"
"Year 1 Jul 05 8:00 AM","459.453381182771"
"Year 1 Jul 05 9:00 AM","629.903732581192"
"Year 1 Jul 05 10:00 AM","772.999799853448"
"Year 1 Jul 05 11:00 AM","859.116692486501"
"Year 1 Jul 05 12:00 PM","855.27101308917"
"Year 1 Jul 05 1:00 PM","870.209158159684"
"Year 1 Jul 05 2:00 PM","799.358352402033"
"Year 1 Jul 05 3:00 PM","679.563720489896"
"Year 1 Jul 05 4:00 PM","524.390752906007"
"Year 1 Jul 05 5:00 PM","362.322637240591"
"Year 1 Jul 05 6:00 PM","215.922307932135"
"Year 1 Jul 05 7:00 PM","67.8326757078978"
"Year 1 Jul 05 8:00 PM","4.50397289901305"
"Year 1 Jul 05 9:00 PM","0"
"Year 1 Jul 05 10:00 PM","0"
"Year 1 Jul 05 11:00 PM","0"
"Year 1 Jul 06 12:00 AM","0"
"Year 1 Jul 06 1:00 AM","0"
"Year 1 Jul 06 2:00 AM","0"
"Year 1 Jul 06 3:00 AM","0"
"Year 1 Jul 06 4:00 AM","0"
"Year 1 Jul 06 5:00 AM","13.9372161198154"
"Year 1 Jul 06 6:00 AM","107.324901559051"
"Year 1 Jul 06 7:00 AM","273.450632076914"
"Year 1 Jul 06 8:00 AM","460.231432110956"
"Year 1 Jul 06 9:00 AM","635.260078528278"
"Year 1 Jul 06 10:00 AM","775.144005839271"
"Year 1 Jul 06 11:00 AM","856.416232333775"
"Year 1 Jul 06 12:00 PM","857.05875124581"
"Year 1 Jul 06 1:00 PM","841.056070627913"
"Year 1 Jul 06 2:00 PM","786.816827411997"
"Year 1 Jul 06 3:00 PM","629.749479885421"
"Year 1 Jul 06 4:00 PM","451.987728596315"
"Year 1 Jul 06 5:00 PM","374.725978251779"
"Year 1 Jul 06 6:00 PM","187.42441525553"
"Year 1 Jul 06 7:00 PM","24.0783874641149"
"Year 1 Jul 06 8:00 PM","1.69312748207098"
"Year 1 Jul 06 9:00 PM","0"
"Year 1 Jul 06 10:00 PM","0"
"Year 1 Jul 06 11:00 PM","0"
"Year 1 Jul 07 12:00 AM","0"
"Year 1 Jul 07 1:00 AM","0"
"Year 1 Jul 07 2:00 AM","0"
"Year 1 Jul 07 3:00 AM","0"
"Year 1 Jul 07 4:00 AM","0"
"Year 1 Jul 07 5:00 AM","8.04998225644669"
"Year 1 Jul 07 6:00 AM","45.381729969534"
"Year 1 Jul 07 7:00 AM","81.5403348823323"
"Year 1 Jul 07 8:00 AM","164.152526459942"
"Year 1 Jul 07 9:00 AM","405.250763035179"
"Year 1 Jul 07 10:00 AM","490.776053246499"
"Year 1 Jul 07 11:00 AM","697.008532178405"
"Year 1 Jul 07 12:00 PM","724.450042626203"
"Year 1 Jul 07 1:00 PM","610.943892388669"
"Year 1 Jul 07 2:00 PM","246.554672176303"
"Year 1 Jul 07 3:00 PM","147.940052453634"
"Year 1 Jul 07 4:00 PM","117.70521598879"
"Year 1 Jul 07 5:00 PM","65.5995548935361"
"Year 1 Jul 07 6:00 PM","51.3465804237124"
"Year 1 Jul 07 7:00 PM","25.8264909282765"
"Year 1 Jul 07 8:00 PM","3.65459613876173"
"Year 1 Jul 07 9:00 PM","0"
"Year 1 Jul 07 10:00 PM","0"
"Year 1 Jul 07 11:00 PM","0"
"Year 1 Jul 08 12:00 AM","0"
"Year 1 Jul 08 1:00 AM","0"
"Year 1 Jul 08 2:00 AM","0"
"Year 1 Jul 08 3:00 AM","0"
"Year 1 Jul 08 4:00 AM","0"
"Year 1 Jul 08 5:00 AM","5.73327617942112"
"Year 1 Jul 08 6:00 AM","24.5865881835856"
"Year 1 Jul 08 7:00 AM","65.9145841819488"
"Year 1 Jul 08 8:00 AM","178.204563235036"
"Year 1 Jul 08 9:00 AM","325.826598352145"
"Year 1 Jul 08 10:00 AM","536.351525835301"
"Year 1 Jul 08 11:00 AM","556.422001269641"
"Year 1 Jul 08 12:00 PM","478.854281026514"
"Year 1 Jul 08 1:00 PM","170.011713095275"
"Year 1 Jul 08 2:00 PM","137.782468978185"
"Year 1 Jul 08 3:00 PM","266.854137365297"
"Year 1 Jul 08 4:00 PM","269.350862186947"
"Year 1 Jul 08 5:00 PM","274.988055734438"
"Year 1 Jul 08 6:00 PM","94.1929508002889"
"Year 1 Jul 08 7:00 PM","24.690065195668"
"Year 1 Jul 08 8:00 PM","2.32403913790577"
"Year 1 Jul 08 9:00 PM","0"
"Year 1 Jul 08 10:00 PM","0"
"Year 1 Jul 08 11:00 PM","0"
"Year 1 Jul 09 12:00 AM","0"
"Year 1 Jul 09 1:00 AM","0"
"Year 1 Jul 09 2:00 AM","0"
"Year 1 Jul 09 3:00 AM","0"
"Year 1 Jul 09 4:00 AM","0"
"Year 1 Jul 09 5:00 AM","8.56979745181225"
"Year 1 Jul 09 6:00 AM","32.470711458787"
"Year 1 Jul 09 7:00 AM","63.4045573276112"
"Year 1 Jul 09 8:00 AM","112.179128468393"
"Year 1 Jul 09 9:00 AM","173.83913098554"
"Year 1 Jul 09 10:00 AM","254.01226093909"
"Year 1 Jul 09 11:00 AM","295.872022311563"
"Year 1 Jul 09 12:00 PM","493.751728193206"
"Year 1 Jul 09 1:00 PM","824.168164638421"
"Year 1 Jul 09 2:00 PM","743.902302227941"
"Year 1 Jul 09 3:00 PM","638.685719225272"
"Year 1 Jul 09 4:00 PM","432.53670126614"
"Year 1 Jul 09 5:00 PM","323.369136356421"
"Year 1 Jul 09 6:00 PM","168.469566090465"
"Year 1 Jul 09 7:00 PM","46.5213198924036"
"Year 1 Jul 09 8:00 PM","3.65800351517663"
"Year 1 Jul 09 9:00 PM","0"
"Year 1 Jul 09 10:00 PM","0"
"Year 1 Jul 09 11:00 PM","0"
"Year 1 Jul 10 12:00 AM","0"
"Year 1 Jul 10 1:00 AM","0"
"Year 1 Jul 10 2:00 AM","0"
"Year 1 Jul 10 3:00 AM","0"
"Year 1 Jul 10 4:00 AM","0"
"Year 1 Jul 10 5:00 AM","7.14802681154177"
"Year 1 Jul 10 6:00 AM","31.3313076248754"
"Year 1 Jul 10 7:00 AM","77.3009626556995"
"Year 1 Jul 10 8:00 AM","153.713200962157"
"Year 1 Jul 10 9:00 AM","181.162665917958"
"Year 1 Jul 10 10:00 AM","226.557639472912"
"Year 1 Jul 10 11:00 AM","215.527294916785"
"Year 1 Jul 10 12:00 PM","185.767457507715"
"Year 1 Jul 10 1:00 PM","243.685806061105"
"Year 1 Jul 10 2:00 PM","243.666442709984"
"Year 1 Jul 10 3:00 PM","147.817498366883"
"Year 1 Jul 10 4:00 PM","119.945604440849"
"Year 1 Jul 10 5:00 PM","124.250088255041"
"Year 1 Jul 10 6:00 PM","76.5168773424521"
"Year 1 Jul 10 7:00 PM","30.591201989098"
"Year 1 Jul 10 8:00 PM","3.84326130451"
"Year 1 Jul 10 9:00 PM","0"
"Year 1 Jul 10 10:00 PM","0"
"Year 1 Jul 10 11:00 PM","0"
"Year 1 Jul 11 12:00 AM","0"
"Year 1 Jul 11 1:00 AM","0"
"Year 1 Jul 11 2:00 AM","0"
"Year 1 Jul 11 3:00 AM","0"
"Year 1 Jul 11 4:00 AM","0"
"Year 1 Jul 11 5:00 AM","8.63971879656956"
"Year 1 Jul 11 6:00 AM","40.1390511257508"
"Year 1 Jul 11 7:00 AM","82.4465404664354"
"Year 1 Jul 11 8:00 AM","121.901122985798"
"Year 1 Jul 11 9:00 AM","108.912781853995"
"Year 1 Jul 11 10:00 AM","130.384484254388"
"Year 1 Jul 11 11:00 AM","180.289111351363"
"Year 1 Jul 11 12:00 PM","273.609102742575"
"Year 1 Jul 11 1:00 PM","266.189888699091"
"Year 1 Jul 11 2:00 PM","261.922205320982"
"Year 1 Jul 11 3:00 PM","327.460718425286"
"Year 1 Jul 11 4:00 PM","413.320510657378"
"Year 1 Jul 11 5:00 PM","304.658172804261"
"Year 1 Jul 11 6:00 PM","144.739475635386"
"Year 1 Jul 11 7:00 PM","34.6853445156206"
"Year 1 Jul 11 8:00 PM","3.5881285351195"
"Year 1 Jul 11 9:00 PM","0"
"Year 1 Jul 11 10:00 PM","0"
"Year 1 Jul 11 11:00 PM","0"
"Year 1 Jul 12 12:00 AM","0"
"Year 1 Jul 12 1:00 AM","0"
"Year 1 Jul 12 2:00 AM","0"
"Year 1 Jul 12 3:00 AM","0"
"Year 1 Jul 12 4:00 AM","0"
"Year 1 Jul 12 5:00 AM","9.5859295704748"
"Year 1 Jul 12 6:00 AM","45.440988465231"
"Year 1 Jul 12 7:00 AM","65.8566589359645"
"Year 1 Jul 12 8:00 AM","125.437642809714"
"Year 1 Jul 12 9:00 AM","120.775456940712"
"Year 1 Jul 12 10:00 AM","247.824761475597"
"Year 1 Jul 12 11:00 AM","260.228550057201"
"Year 1 Jul 12 12:00 PM","314.52937898287"
"Year 1 Jul 12 1:00 PM","638.271470281119"
"Year 1 Jul 12 2:00 PM","581.555867096619"
"Year 1 Jul 12 3:00 PM","507.106567459284"
"Year 1 Jul 12 4:00 PM","172.923360922783"
"Year 1 Jul 12 5:00 PM","232.880733481341"
"Year 1 Jul 12 6:00 PM","120.315873003753"
"Year 1 Jul 12 7:00 PM","43.2511546243732"
"Year 1 Jul 12 8:00 PM","4.1676298825836"
"Year 1 Jul 12 9:00 PM","0"
"Year 1 Jul 12 10:00 PM","0"
"Year 1 Jul 12 11:00 PM","0"
"Year 1 Jul 13 12:00 AM","0"
"Year 1 Jul 13 1:00 AM","0"
"Year 1 Jul 13 2:00 AM","0"
"Year 1 Jul 13 3:00 AM","0"
"Year 1 Jul 13 4:00 AM","0"
"Year 1 Jul 13 5:00 AM","8.51992099542594"
"Year 1 Jul 13 6:00 AM","67.6959118457571"
"Year 1 Jul 13 7:00 AM","238.602287136139"
"Year 1 Jul 13 8:00 AM","430.5168771784"
"Year 1 Jul 13 9:00 AM","601.321767263677"
"Year 1 Jul 13 10:00 AM","712.232078756933"
"Year 1 Jul 13 11:00 AM","800.506784005436"
"Year 1 Jul 13 12:00 PM","854.800700272538"
"Year 1 Jul 13 1:00 PM","825.905808836455"
"Year 1 Jul 13 2:00 PM","785.427243906141"
"Year 1 Jul 13 3:00 PM","708.571266980475"
"Year 1 Jul 13 4:00 PM","538.615016525227"
"Year 1 Jul 13 5:00 PM","353.073400367148"
"Year 1 Jul 13 6:00 PM","192.040962390766"
"Year 1 Jul 13 7:00 PM","56.2417495058284"
"Year 1 Jul 13 8:00 PM","4.26657272646769"
"Year 1 Jul 13 9:00 PM","0"
"Year 1 Jul 13 10:00 PM","0"
"Year 1 Jul 13 11:00 PM","0"
"Year 1 Jul 14 12:00 AM","0"
"Year 1 Jul 14 1:00 AM","0"
"Year 1 Jul 14 2:00 AM","0"
"Year 1 Jul 14 3:00 AM","0"
"Year 1 Jul 14 4:00 AM","0"
"Year 1 Jul 14 5:00 AM","8.11410307829403"
"Year 1 Jul 14 6:00 AM","59.4742664332451"
"Year 1 Jul 14 7:00 AM","139.816597135689"
"Year 1 Jul 14 8:00 AM","274.024020918156"
"Year 1 Jul 14 9:00 AM","373.252103325959"
"Year 1 Jul 14 10:00 AM","560.389860841708"
"Year 1 Jul 14 11:00 AM","666.626680235842"
"Year 1 Jul 14 12:00 PM","626.179259096454"
"Year 1 Jul 14 1:00 PM","654.548511198161"
"Year 1 Jul 14 2:00 PM","782.595475015523"
"Year 1 Jul 14 3:00 PM","684.981466617687"
"Year 1 Jul 14 4:00 PM","505.869843120626"
"Year 1 Jul 14 5:00 PM","275.719908605296"
"Year 1 Jul 14 6:00 PM","181.297436382742"
"Year 1 Jul 14 7:00 PM","58.7766447966848"
"Year 1 Jul 14 8:00 PM","3.49294514769258"
"Year 1 Jul 14 9:00 PM","0"
"Year 1 Jul 14 10:00 PM","0"
"Year 1 Jul 14 11:00 PM","0"
"Year 1 Jul 15 12:00 AM","0"
"Year 1 Jul 15 1:00 AM","0"
"Year 1 Jul 15 2:00 AM","0"
"Year 1 Jul 15 3:00 AM","0"
"Year 1 Jul 15 4:00 AM","0"
"Year 1 Jul 15 5:00 AM","9.93046560548331"
"Year 1 Jul 15 6:00 AM","81.9634308927784"
"Year 1 Jul 15 7:00 AM","210.92326542666"
"Year 1 Jul 15 8:00 AM","240.628296863151"
"Year 1 Jul 15 9:00 AM","362.981668401535"
"Year 1 Jul 15 10:00 AM","571.361665806731"
"Year 1 Jul 15 11:00 AM","708.88009306047"
"Year 1 Jul 15 12:00 PM","816.971998311463"
"Year 1 Jul 15 1:00 PM","740.561703124983"
"Year 1 Jul 15 2:00 PM","646.55212815575"
"Year 1 Jul 15 3:00 PM","573.471659728632"
"Year 1 Jul 15 4:00 PM","439.410012110072"
"Year 1 Jul 15 5:00 PM","165.98130775101"
"Year 1 Jul 15 6:00 PM","47.7457759460016"
"Year 1 Jul 15 7:00 PM","19.4209711835711"
"Year 1 Jul 15 8:00 PM","1.88567753410677"
"Year 1 Jul 15 9:00 PM","0"
"Year 1 Jul 15 10:00 PM","0"
"Year 1 Jul 15 11:00 PM","0"
"Year 1 Jul 16 12:00 AM","0"
"Year 1 Jul 16 1:00 AM","0"
"Year 1 Jul 16 2:00 AM","0"
"Year 1 Jul 16 3:00 AM","0"
"Year 1 Jul 16 4:00 AM","0"
"Year 1 Jul 16 5:00 AM","10.3550544891654"
"Year 1 Jul 16 6:00 AM","91.5025877561922"
"Year 1 Jul 16 7:00 AM","253.173201912858"
"Year 1 Jul 16 8:00 AM","443.289529499486"
"Year 1 Jul 16 9:00 AM","619.156513507066"
"Year 1 Jul 16 10:00 AM","759.824294731177"
"Year 1 Jul 16 11:00 AM","862.616799443654"
"Year 1 Jul 16 12:00 PM","900.928236947797"
"Year 1 Jul 16 1:00 PM","856.05662142446"
"Year 1 Jul 16 2:00 PM","775.203002872243"
"Year 1 Jul 16 3:00 PM","664.812201548965"
"Year 1 Jul 16 4:00 PM","536.389387843769"
"Year 1 Jul 16 5:00 PM","372.017736346605"
"Year 1 Jul 16 6:00 PM","190.826926865023"
"Year 1 Jul 16 7:00 PM","55.3145525586559"
"Year 1 Jul 16 8:00 PM","4.01994446991723"
"Year 1 Jul 16 9:00 PM","0"
"Year 1 Jul 16 10:00 PM","0"
"Year 1 Jul 16 11:00 PM","0"
"Year 1 Jul 17 12:00 AM","0"
"Year 1 Jul 17 1:00 AM","0"
"Year 1 Jul 17 2:00 AM","0"
"Year 1 Jul 17 3:00 AM","0"
"Year 1 Jul 17 4:00 AM","0"
"Year 1 Jul 17 5:00 AM","8.77590515075589"
"Year 1 Jul 17 6:00 AM","61.0771493937693"
"Year 1 Jul 17 7:00 AM","188.538455777732"
"Year 1 Jul 17 8:00 AM","364.072897252326"
"Year 1 Jul 17 9:00 AM","541.105708613737"
"Year 1 Jul 17 10:00 AM","683.265213327155"
"Year 1 Jul 17 11:00 AM","752.749684573927"
"Year 1 Jul 17 12:00 PM","765.818112217959"
"Year 1 Jul 17 1:00 PM","830.319315703491"
"Year 1 Jul 17 2:00 PM","703.986786468452"
"Year 1 Jul 17 3:00 PM","618.845778228873"
"Year 1 Jul 17 4:00 PM","460.072814997519"
"Year 1 Jul 17 5:00 PM","282.078045175271"
"Year 1 Jul 17 6:00 PM","134.633101788513"
"Year 1 Jul 17 7:00 PM","33.5860012810621"
"Year 1 Jul 17 8:00 PM","1.95392898932447"
"Year 1 Jul 17 9:00 PM","0"
"Year 1 Jul 17 10:00 PM","0"
"Year 1 Jul 17 11:00 PM","0"
"Year 1 Jul 18 12:00 AM","0"
"Year 1 Jul 18 1:00 AM","0"
"Year 1 Jul 18 2:00 AM","0"
"Year 1 Jul 18 3:00 AM","0"
"Year 1 Jul 18 4:00 AM","0"
"Year 1 Jul 18 5:00 AM","8.11016241179019"
"Year 1 Jul 18 6:00 AM","60.6586358933341"
"Year 1 Jul 18 7:00 AM","196.065724496018"
"Year 1 Jul 18 8:00 AM","387.491551106957"
"Year 1 Jul 18 9:00 AM","567.499530330911"
"Year 1 Jul 18 10:00 AM","717.103680905565"
"Year 1 Jul 18 11:00 AM","818.864956561456"
"Year 1 Jul 18 12:00 PM","875.712224916205"
"Year 1 Jul 18 1:00 PM","865.685594643725"
"Year 1 Jul 18 2:00 PM","801.725885799999"
"Year 1 Jul 18 3:00 PM","681.517894413751"
"Year 1 Jul 18 4:00 PM","520.987320505823"
"Year 1 Jul 18 5:00 PM","339.978311795851"
"Year 1 Jul 18 6:00 PM","164.84435465058"
"Year 1 Jul 18 7:00 PM","44.1796380080929"
"Year 1 Jul 18 8:00 PM","2.2095960913103"
"Year 1 Jul 18 9:00 PM","0"
"Year 1 Jul 18 10:00 PM","0"
"Year 1 Jul 18 11:00 PM","0"
"Year 1 Jul 19 12:00 AM","0"
"Year 1 Jul 19 1:00 AM","0"
"Year 1 Jul 19 2:00 AM","0"
"Year 1 Jul 19 3:00 AM","0"
"Year 1 Jul 19 4:00 AM","0"
"Year 1 Jul 19 5:00 AM","9.42300402286558"
"Year 1 Jul 19 6:00 AM","72.9135952545808"
"Year 1 Jul 19 7:00 AM","214.590149748724"
"Year 1 Jul 19 8:00 AM","314.114860061484"
"Year 1 Jul 19 9:00 AM","371.95360944828"
"Year 1 Jul 19 10:00 AM","437.092243333267"
"Year 1 Jul 19 11:00 AM","498.19895205968"
"Year 1 Jul 19 12:00 PM","494.95358712808"
"Year 1 Jul 19 1:00 PM","675.181110218808"
"Year 1 Jul 19 2:00 PM","600.105418101824"
"Year 1 Jul 19 3:00 PM","584.055853159439"
"Year 1 Jul 19 4:00 PM","418.19334457587"
"Year 1 Jul 19 5:00 PM","284.280185811371"
"Year 1 Jul 19 6:00 PM","93.7076644492635"
"Year 1 Jul 19 7:00 PM","12.5265680792853"
"Year 1 Jul 19 8:00 PM","0.579779309531012"
"Year 1 Jul 19 9:00 PM","0"
"Year 1 Jul 19 10:00 PM","0"
"Year 1 Jul 19 11:00 PM","0"
"Year 1 Jul 20 12:00 AM","0"
"Year 1 Jul 20 1:00 AM","0"
"Year 1 Jul 20 2:00 AM","0"
"Year 1 Jul 20 3:00 AM","0"
"Year 1 Jul 20 4:00 AM","0"
"Year 1 Jul 20 5:00 AM","7.17164220462668"
"Year 1 Jul 20 6:00 AM","58.8269763948862"
"Year 1 Jul 20 7:00 AM","186.237866079888"
"Year 1 Jul 20 8:00 AM","357.990971713048"
"Year 1 Jul 20 9:00 AM","526.194264713148"
"Year 1 Jul 20 10:00 AM","640.203313715478"
"Year 1 Jul 20 11:00 AM","715.577328939411"
"Year 1 Jul 20 12:00 PM","756.810776521144"
"Year 1 Jul 20 1:00 PM","820.134859811304"
"Year 1 Jul 20 2:00 PM","710.86951533898"
"Year 1 Jul 20 3:00 PM","609.592403190403"
"Year 1 Jul 20 4:00 PM","466.65937120132"
"Year 1 Jul 20 5:00 PM","290.973810649318"
"Year 1 Jul 20 6:00 PM","134.49077854867"
"Year 1 Jul 20 7:00 PM","37.6703244510781"
"Year 1 Jul 20 8:00 PM","1.63966718182326"
"Year 1 Jul 20 9:00 PM","0"
"Year 1 Jul 20 10:00 PM","0"
"Year 1 Jul 20 11:00 PM","0"
"Year 1 Jul 21 12:00 AM","0"
"Year 1 Jul 21 1:00 AM","0"
"Year 1 Jul 21 2:00 AM","0"
"Year 1 Jul 21 3:00 AM","0"
"Year 1 Jul 21 4:00 AM","0"
"Year 1 Jul 21 5:00 AM","6.7481048232837"
"Year 1 Jul 21 6:00 AM","83.977364685214"
"Year 1 Jul 21 7:00 AM","247.899245552266"
"Year 1 Jul 21 8:00 AM","416.370560727182"
"Year 1 Jul 21 9:00 AM","586.282358226435"
"Year 1 Jul 21 10:00 AM","682.72537322413"
"Year 1 Jul 21 11:00 AM","783.210295645359"
"Year 1 Jul 21 12:00 PM","779.571457362517"
"Year 1 Jul 21 1:00 PM","817.176783277724"
"Year 1 Jul 21 2:00 PM","717.490995591308"
"Year 1 Jul 21 3:00 PM","360.444390127546"
"Year 1 Jul 21 4:00 PM","182.198543087562"
"Year 1 Jul 21 5:00 PM","74.3526181947632"
"Year 1 Jul 21 6:00 PM","58.7003645848665"
"Year 1 Jul 21 7:00 PM","37.2533149917725"
"Year 1 Jul 21 8:00 PM","1.22548066786452"
"Year 1 Jul 21 9:00 PM","0"
"Year 1 Jul 21 10:00 PM","0"
"Year 1 Jul 21 11:00 PM","0"
"Year 1 Jul 22 12:00 AM","0"
"Year 1 Jul 22 1:00 AM","0"
"Year 1 Jul 22 2:00 AM","0"
"Year 1 Jul 22 3:00 AM","0"
"Year 1 Jul 22 4:00 AM","0"
"Year 1 Jul 22 5:00 AM","7.00522845704162"
"Year 1 Jul 22 6:00 AM","66.1902317512578"
"Year 1 Jul 22 7:00 AM","211.026477559136"
"Year 1 Jul 22 8:00 AM","396.406169494388"
"Year 1 Jul 22 9:00 AM","571.876996241146"
"Year 1 Jul 22 10:00 AM","636.704558708632"
"Year 1 Jul 22 11:00 AM","412.284406080277"
"Year 1 Jul 22 12:00 PM","581.023079463702"
"Year 1 Jul 22 1:00 PM","546.718003530956"
"Year 1 Jul 22 2:00 PM","492.335994036153"
"Year 1 Jul 22 3:00 PM","561.322149114858"
"Year 1 Jul 22 4:00 PM","412.624937629573"
"Year 1 Jul 22 5:00 PM","252.912251333755"
"Year 1 Jul 22 6:00 PM","113.899739692574"
"Year 1 Jul 22 7:00 PM","34.808976103661"
"Year 1 Jul 22 8:00 PM","1.31931967761747"
"Year 1 Jul 22 9:00 PM","0"
"Year 1 Jul 22 10:00 PM","0"
"Year 1 Jul 22 11:00 PM","0"
"Year 1 Jul 23 12:00 AM","0"
"Year 1 Jul 23 1:00 AM","0"
"Year 1 Jul 23 2:00 AM","0"
"Year 1 Jul 23 3:00 AM","0"
"Year 1 Jul 23 4:00 AM","0"
"Year 1 Jul 23 5:00 AM","5.65370788912644"
"Year 1 Jul 23 6:00 AM","55.8307310386788"
"Year 1 Jul 23 7:00 AM","179.144809948232"
"Year 1 Jul 23 8:00 AM","366.204972496358"
"Year 1 Jul 23 9:00 AM","524.837132397799"
"Year 1 Jul 23 10:00 AM","611.730976854271"
"Year 1 Jul 23 11:00 AM","685.621498778086"
"Year 1 Jul 23 12:00 PM","819.235868111685"
"Year 1 Jul 23 1:00 PM","805.250275712062"
"Year 1 Jul 23 2:00 PM","620.833063726168"
"Year 1 Jul 23 3:00 PM","474.468080414838"
"Year 1 Jul 23 4:00 PM","403.076388644648"
"Year 1 Jul 23 5:00 PM","291.677182328809"
"Year 1 Jul 23 6:00 PM","123.156028192058"
"Year 1 Jul 23 7:00 PM","34.4977308888384"
"Year 1 Jul 23 8:00 PM","1.24364194263623"
"Year 1 Jul 23 9:00 PM","0"
"Year 1 Jul 23 10:00 PM","0"
"Year 1 Jul 23 11:00 PM","0"
"Year 1 Jul 24 12:00 AM","0"
"Year 1 Jul 24 1:00 AM","0"
"Year 1 Jul 24 2:00 AM","0"
"Year 1 Jul 24 3:00 AM","0"
"Year 1 Jul 24 4:00 AM","0"
"Year 1 Jul 24 5:00 AM","4.81233912411792"
"Year 1 Jul 24 6:00 AM","48.4105898220938"
"Year 1 Jul 24 7:00 AM","185.525493659356"
"Year 1 Jul 24 8:00 AM","356.420867075955"
"Year 1 Jul 24 9:00 AM","450.591158952784"
"Year 1 Jul 24 10:00 AM","428.459828589489"
"Year 1 Jul 24 11:00 AM","539.383542261816"
"Year 1 Jul 24 12:00 PM","706.503293220156"
"Year 1 Jul 24 1:00 PM","599.074328115941"
"Year 1 Jul 24 2:00 PM","622.314509249881"
"Year 1 Jul 24 3:00 PM","621.098731174773"
"Year 1 Jul 24 4:00 PM","474.732806651404"
"Year 1 Jul 24 5:00 PM","314.70343876073"
"Year 1 Jul 24 6:00 PM","151.314560840655"
"Year 1 Jul 24 7:00 PM","38.2712463674216"
"Year 1 Jul 24 8:00 PM","1.25658278703511"
"Year 1 Jul 24 9:00 PM","0"
"Year 1 Jul 24 10:00 PM","0"
"Year 1 Jul 24 11:00 PM","0"
"Year 1 Jul 25 12:00 AM","0"
"Year 1 Jul 25 1:00 AM","0"
"Year 1 Jul 25 2:00 AM","0"
"Year 1 Jul 25 3:00 AM","0"
"Year 1 Jul 25 4:00 AM","0"
"Year 1 Jul 25 5:00 AM","2.0693567790895"
"Year 1 Jul 25 6:00 AM","16.7927839761384"
"Year 1 Jul 25 7:00 AM","46.6508203735999"
"Year 1 Jul 25 8:00 AM","140.516742498639"
"Year 1 Jul 25 9:00 AM","291.260812231903"
"Year 1 Jul 25 10:00 AM","231.672848946863"
"Year 1 Jul 25 11:00 AM","250.530453819304"
"Year 1 Jul 25 12:00 PM","290.57612769149"
"Year 1 Jul 25 1:00 PM","548.879220728417"
"Year 1 Jul 25 2:00 PM","679.290513046507"
"Year 1 Jul 25 3:00 PM","479.617833682684"
"Year 1 Jul 25 4:00 PM","527.309574325726"
"Year 1 Jul 25 5:00 PM","361.240676089098"
"Year 1 Jul 25 6:00 PM","180.299217110568"
"Year 1 Jul 25 7:00 PM","44.0132895285192"
"Year 1 Jul 25 8:00 PM","1.35027138333286"
"Year 1 Jul 25 9:00 PM","0"
"Year 1 Jul 25 10:00 PM","0"
"Year 1 Jul 25 11:00 PM","0"
"Year 1 Jul 26 12:00 AM","0"
"Year 1 Jul 26 1:00 AM","0"
"Year 1 Jul 26 2:00 AM","0"
"Year 1 Jul 26 3:00 AM","0"
"Year 1 Jul 26 4:00 AM","0"
"Year 1 Jul 26 5:00 AM","5.09219914745194"
"Year 1 Jul 26 6:00 AM","71.5651735179834"
"Year 1 Jul 26 7:00 AM","179.716192746913"
"Year 1 Jul 26 8:00 AM","220.055737958467"
"Year 1 Jul 26 9:00 AM","455.861082603104"
"Year 1 Jul 26 10:00 AM","705.145619668788"
"Year 1 Jul 26 11:00 AM","714.69944948333"
"Year 1 Jul 26 12:00 PM","693.243167543616"
"Year 1 Jul 26 1:00 PM","818.482417322944"
"Year 1 Jul 26 2:00 PM","721.091409519263"
"Year 1 Jul 26 3:00 PM","606.247280342931"
"Year 1 Jul 26 4:00 PM","362.690998845937"
"Year 1 Jul 26 5:00 PM","213.147162410641"
"Year 1 Jul 26 6:00 PM","159.748437118914"
"Year 1 Jul 26 7:00 PM","44.627113209246"
"Year 1 Jul 26 8:00 PM","1.32823207766981"
"Year 1 Jul 26 9:00 PM","0"
"Year 1 Jul 26 10:00 PM","0"
"Year 1 Jul 26 11:00 PM","0"
"Year 1 Jul 27 12:00 AM","0"
"Year 1 Jul 27 1:00 AM","0"
"Year 1 Jul 27 2:00 AM","0"
"Year 1 Jul 27 3:00 AM","0"
"Year 1 Jul 27 4:00 AM","0"
"Year 1 Jul 27 5:00 AM","5.15978633462583"
"Year 1 Jul 27 6:00 AM","67.5514723765349"
"Year 1 Jul 27 7:00 AM","218.464465633016"
"Year 1 Jul 27 8:00 AM","406.703295868719"
"Year 1 Jul 27 9:00 AM","588.265498581007"
"Year 1 Jul 27 10:00 AM","736.106451305117"
"Year 1 Jul 27 11:00 AM","845.381885889896"
"Year 1 Jul 27 12:00 PM","895.348540963091"
"Year 1 Jul 27 1:00 PM","878.086252872408"
"Year 1 Jul 27 2:00 PM","761.301855225203"
"Year 1 Jul 27 3:00 PM","627.160921819617"
"Year 1 Jul 27 4:00 PM","438.575550501675"
"Year 1 Jul 27 5:00 PM","286.52264029857"
"Year 1 Jul 27 6:00 PM","158.011463924432"
"Year 1 Jul 27 7:00 PM","33.3750533157889"
"Year 1 Jul 27 8:00 PM","1.13888969203169"
"Year 1 Jul 27 9:00 PM","0"
"Year 1 Jul 27 10:00 PM","0"
"Year 1 Jul 27 11:00 PM","0"
"Year 1 Jul 28 12:00 AM","0"
"Year 1 Jul 28 1:00 AM","0"
"Year 1 Jul 28 2:00 AM","0"
"Year 1 Jul 28 3:00 AM","0"
"Year 1 Jul 28 4:00 AM","0"
"Year 1 Jul 28 5:00 AM","2.16330754852794"
"Year 1 Jul 28 6:00 AM","36.2363836273237"
"Year 1 Jul 28 7:00 AM","184.09642243263"
"Year 1 Jul 28 8:00 AM","214.011148298368"
"Year 1 Jul 28 9:00 AM","191.128437399576"
"Year 1 Jul 28 10:00 AM","297.554202711017"
"Year 1 Jul 28 11:00 AM","466.917320853615"
"Year 1 Jul 28 12:00 PM","633.717762581124"
"Year 1 Jul 28 1:00 PM","610.277776594735"
"Year 1 Jul 28 2:00 PM","372.438490488473"
"Year 1 Jul 28 3:00 PM","473.227117087109"
"Year 1 Jul 28 4:00 PM","424.251762446576"
"Year 1 Jul 28 5:00 PM","302.943572207334"
"Year 1 Jul 28 6:00 PM","152.81304120092"
"Year 1 Jul 28 7:00 PM","38.8955302486898"
"Year 1 Jul 28 8:00 PM","1.10861627630099"
"Year 1 Jul 28 9:00 PM","0"
"Year 1 Jul 28 10:00 PM","0"
"Year 1 Jul 28 11:00 PM","0"
"Year 1 Jul 29 12:00 AM","0"
"Year 1 Jul 29 1:00 AM","0"
"Year 1 Jul 29 2:00 AM","0"
"Year 1 Jul 29 3:00 AM","0"
"Year 1 Jul 29 4:00 AM","0"
"Year 1 Jul 29 5:00 AM","4.38191198095603"
"Year 1 Jul 29 6:00 AM","64.1443701136931"
"Year 1 Jul 29 7:00 AM","223.75312532629"
"Year 1 Jul 29 8:00 AM","414.744117767456"
"Year 1 Jul 29 9:00 AM","562.098290823278"
"Year 1 Jul 29 10:00 AM","557.468594063936"
"Year 1 Jul 29 11:00 AM","784.473438572271"
"Year 1 Jul 29 12:00 PM","897.976173668516"
"Year 1 Jul 29 1:00 PM","896.914669026883"
"Year 1 Jul 29 2:00 PM","832.175621054933"
"Year 1 Jul 29 3:00 PM","712.469632669542"
"Year 1 Jul 29 4:00 PM","557.805596341902"
"Year 1 Jul 29 5:00 PM","374.966677795265"
"Year 1 Jul 29 6:00 PM","183.058343564381"
"Year 1 Jul 29 7:00 PM","41.7000239527101"
"Year 1 Jul 29 8:00 PM","0"
"Year 1 Jul 29 9:00 PM","0"
"Year 1 Jul 29 10:00 PM","0"
"Year 1 Jul 29 11:00 PM","0"
"Year 1 Jul 30 12:00 AM","0"
"Year 1 Jul 30 1:00 AM","0"
"Year 1 Jul 30 2:00 AM","0"
"Year 1 Jul 30 3:00 AM","0"
"Year 1 Jul 30 4:00 AM","0"
"Year 1 Jul 30 5:00 AM","2.69045085847759"
"Year 1 Jul 30 6:00 AM","28.7228315550675"
"Year 1 Jul 30 7:00 AM","104.276929415537"
"Year 1 Jul 30 8:00 AM","194.938632679734"
"Year 1 Jul 30 9:00 AM","300.768112500567"
"Year 1 Jul 30 10:00 AM","532.034105843351"
"Year 1 Jul 30 11:00 AM","711.691340394457"
"Year 1 Jul 30 12:00 PM","753.31257919185"
"Year 1 Jul 30 1:00 PM","675.253763109474"
"Year 1 Jul 30 2:00 PM","602.437171487862"
"Year 1 Jul 30 3:00 PM","568.758716726018"
"Year 1 Jul 30 4:00 PM","349.182170045202"
"Year 1 Jul 30 5:00 PM","187.610160279009"
"Year 1 Jul 30 6:00 PM","93.9987960892571"
"Year 1 Jul 30 7:00 PM","31.6849152038827"
"Year 1 Jul 30 8:00 PM","0"
"Year 1 Jul 30 9:00 PM","0"
"Year 1 Jul 30 10:00 PM","0"
"Year 1 Jul 30 11:00 PM","0"
"Year 1 Jul 31 12:00 AM","0"
"Year 1 Jul 31 1:00 AM","0"
"Year 1 Jul 31 2:00 AM","0"
"Year 1 Jul 31 3:00 AM","0"
"Year 1 Jul 31 4:00 AM","0"
"Year 1 Jul 31 5:00 AM","2.55127080436964"
"Year 1 Jul 31 6:00 AM","31.5739220479485"
"Year 1 Jul 31 7:00 AM","151.938515066594"
"Year 1 Jul 31 8:00 AM","335.455748461007"
"Year 1 Jul 31 9:00 AM","516.309696586144"
"Year 1 Jul 31 10:00 AM","671.045865570668"
"Year 1 Jul 31 11:00 AM","783.017939984372"
"Year 1 Jul 31 12:00 PM","833.038275201208"
"Year 1 Jul 31 1:00 PM","765.068395541288"
"Year 1 Jul 31 2:00 PM","542.793656760559"
"Year 1 Jul 31 3:00 PM","413.031223923487"
"Year 1 Jul 31 4:00 PM","237.452554543972"
"Year 1 Jul 31 5:00 PM","138.941314369621"
"Year 1 Jul 31 6:00 PM","68.2800926898092"
"Year 1 Jul 31 7:00 PM","16.7606700816931"
"Year 1 Jul 31 8:00 PM","0"
"Year 1 Jul 31 9:00 PM","0"
"Year 1 Jul 31 10:00 PM","0"
"Year 1 Jul 31 11:00 PM","0"
"Year 1 Aug 01 12:00 AM","0"
"Year 1 Aug 01 1:00 AM","0"
"Year 1 Aug 01 2:00 AM","0"
"Year 1 Aug 01 3:00 AM","0"
"Year 1 Aug 01 4:00 AM","0"
"Year 1 Aug 01 5:00 AM","2.33778986542631"
"Year 1 Aug 01 6:00 AM","35.9697085771586"
"Year 1 Aug 01 7:00 AM","154.466942351819"
"Year 1 Aug 01 8:00 AM","235.11105896062"
"Year 1 Aug 01 9:00 AM","368.231691517942"
"Year 1 Aug 01 10:00 AM","703.472546868212"
"Year 1 Aug 01 11:00 AM","842.130437952258"
"Year 1 Aug 01 12:00 PM","888.054634619932"
"Year 1 Aug 01 1:00 PM","810.719161237617"
"Year 1 Aug 01 2:00 PM","584.133358511152"
"Year 1 Aug 01 3:00 PM","594.601329260234"
"Year 1 Aug 01 4:00 PM","549.011564775862"
"Year 1 Aug 01 5:00 PM","375.213465655686"
"Year 1 Aug 01 6:00 PM","186.090592559249"
"Year 1 Aug 01 7:00 PM","44.3728389725959"
"Year 1 Aug 01 8:00 PM","0"
"Year 1 Aug 01 9:00 PM","0"
"Year 1 Aug 01 10:00 PM","0"
"Year 1 Aug 01 11:00 PM","0"
"Year 1 Aug 02 12:00 AM","0"
"Year 1 Aug 02 1:00 AM","0"
"Year 1 Aug 02 2:00 AM","0"
"Year 1 Aug 02 3:00 AM","0"
"Year 1 Aug 02 4:00 AM","0"
"Year 1 Aug 02 5:00 AM","2.74967614409218"
"Year 1 Aug 02 6:00 AM","64.5959070994498"
"Year 1 Aug 02 7:00 AM","221.528607749715"
"Year 1 Aug 02 8:00 AM","413.352402385205"
"Year 1 Aug 02 9:00 AM","592.338886731008"
"Year 1 Aug 02 10:00 AM","739.883535959272"
"Year 1 Aug 02 11:00 AM","843.534719682912"
"Year 1 Aug 02 12:00 PM","897.44306672374"
"Year 1 Aug 02 1:00 PM","893.62121809009"
"Year 1 Aug 02 2:00 PM","827.990225719295"
"Year 1 Aug 02 3:00 PM","709.241845734236"
"Year 1 Aug 02 4:00 PM","551.042194871549"
"Year 1 Aug 02 5:00 PM","366.193830797584"
"Year 1 Aug 02 6:00 PM","176.671016554596"
"Year 1 Aug 02 7:00 PM","40.3126806015042"
"Year 1 Aug 02 8:00 PM","0"
"Year 1 Aug 02 9:00 PM","0"
"Year 1 Aug 02 10:00 PM","0"
"Year 1 Aug 02 11:00 PM","0"
"Year 1 Aug 03 12:00 AM","0"
"Year 1 Aug 03 1:00 AM","0"
"Year 1 Aug 03 2:00 AM","0"
"Year 1 Aug 03 3:00 AM","0"
"Year 1 Aug 03 4:00 AM","0"
"Year 1 Aug 03 5:00 AM","2.69809623489146"
"Year 1 Aug 03 6:00 AM","53.2249938794647"
"Year 1 Aug 03 7:00 AM","178.645337320037"
"Year 1 Aug 03 8:00 AM","361.744922037554"
"Year 1 Aug 03 9:00 AM","486.156225128411"
"Year 1 Aug 03 10:00 AM","618.89450760598"
"Year 1 Aug 03 11:00 AM","697.066038585437"
"Year 1 Aug 03 12:00 PM","727.786207226234"
"Year 1 Aug 03 1:00 PM","781.762610945293"
"Year 1 Aug 03 2:00 PM","737.126533419802"
"Year 1 Aug 03 3:00 PM","564.954498411511"
"Year 1 Aug 03 4:00 PM","453.506325731106"
"Year 1 Aug 03 5:00 PM","284.351539733018"
"Year 1 Aug 03 6:00 PM","138.214419539352"
"Year 1 Aug 03 7:00 PM","30.4354343546415"
"Year 1 Aug 03 8:00 PM","0"
"Year 1 Aug 03 9:00 PM","0"
"Year 1 Aug 03 10:00 PM","0"
"Year 1 Aug 03 11:00 PM","0"
"Year 1 Aug 04 12:00 AM","0"
"Year 1 Aug 04 1:00 AM","0"
"Year 1 Aug 04 2:00 AM","0"
"Year 1 Aug 04 3:00 AM","0"
"Year 1 Aug 04 4:00 AM","0"
"Year 1 Aug 04 5:00 AM","1.46081474653737"
"Year 1 Aug 04 6:00 AM","22.3082179667251"
"Year 1 Aug 04 7:00 AM","52.470555788217"
"Year 1 Aug 04 8:00 AM","66.0610070117541"
"Year 1 Aug 04 9:00 AM","133.807868443549"
"Year 1 Aug 04 10:00 AM","187.305717733352"
"Year 1 Aug 04 11:00 AM","226.033502567643"
"Year 1 Aug 04 12:00 PM","360.182157497359"
"Year 1 Aug 04 1:00 PM","751.226910642138"
"Year 1 Aug 04 2:00 PM","688.228663161662"
"Year 1 Aug 04 3:00 PM","489.371398210303"
"Year 1 Aug 04 4:00 PM","454.291201982047"
"Year 1 Aug 04 5:00 PM","272.748646576093"
"Year 1 Aug 04 6:00 PM","117.993873344655"
"Year 1 Aug 04 7:00 PM","28.2964747432892"
"Year 1 Aug 04 8:00 PM","0"
"Year 1 Aug 04 9:00 PM","0"
"Year 1 Aug 04 10:00 PM","0"
"Year 1 Aug 04 11:00 PM","0"
"Year 1 Aug 05 12:00 AM","0"
"Year 1 Aug 05 1:00 AM","0"
"Year 1 Aug 05 2:00 AM","0"
"Year 1 Aug 05 3:00 AM","0"
"Year 1 Aug 05 4:00 AM","0"
"Year 1 Aug 05 5:00 AM","1.52108659758108"
"Year 1 Aug 05 6:00 AM","24.1066639945695"
"Year 1 Aug 05 7:00 AM","74.9017250470238"
"Year 1 Aug 05 8:00 AM","155.432403816564"
"Year 1 Aug 05 9:00 AM","272.464676363187"
"Year 1 Aug 05 10:00 AM","677.92873899824"
"Year 1 Aug 05 11:00 AM","671.571043129335"
"Year 1 Aug 05 12:00 PM","798.533272826183"
"Year 1 Aug 05 1:00 PM","378.310490834105"
"Year 1 Aug 05 2:00 PM","272.821553689291"
"Year 1 Aug 05 3:00 PM","535.750028373595"
"Year 1 Aug 05 4:00 PM","467.474042988844"
"Year 1 Aug 05 5:00 PM","355.31792882962"
"Year 1 Aug 05 6:00 PM","191.705408099424"
"Year 1 Aug 05 7:00 PM","44.9862866712614"
"Year 1 Aug 05 8:00 PM","0"
"Year 1 Aug 05 9:00 PM","0"
"Year 1 Aug 05 10:00 PM","0"
"Year 1 Aug 05 11:00 PM","0"
"Year 1 Aug 06 12:00 AM","0"
"Year 1 Aug 06 1:00 AM","0"
"Year 1 Aug 06 2:00 AM","0"
"Year 1 Aug 06 3:00 AM","0"
"Year 1 Aug 06 4:00 AM","0"
"Year 1 Aug 06 5:00 AM","2.55025238478286"
"Year 1 Aug 06 6:00 AM","67.2536130400408"
"Year 1 Aug 06 7:00 AM","230.875344613533"
"Year 1 Aug 06 8:00 AM","379.958045173096"
"Year 1 Aug 06 9:00 AM","271.489374396683"
"Year 1 Aug 06 10:00 AM","180.094881274757"
"Year 1 Aug 06 11:00 AM","129.818279328368"
"Year 1 Aug 06 12:00 PM","160.745249668923"
"Year 1 Aug 06 1:00 PM","273.283085292283"
"Year 1 Aug 06 2:00 PM","365.313676430057"
"Year 1 Aug 06 3:00 PM","203.651307457812"
"Year 1 Aug 06 4:00 PM","150.867825777601"
"Year 1 Aug 06 5:00 PM","108.733146716414"
"Year 1 Aug 06 6:00 PM","117.25518445878"
"Year 1 Aug 06 7:00 PM","34.3658001621139"
"Year 1 Aug 06 8:00 PM","0"
"Year 1 Aug 06 9:00 PM","0"
"Year 1 Aug 06 10:00 PM","0"
"Year 1 Aug 06 11:00 PM","0"
"Year 1 Aug 07 12:00 AM","0"
"Year 1 Aug 07 1:00 AM","0"
"Year 1 Aug 07 2:00 AM","0"
"Year 1 Aug 07 3:00 AM","0"
"Year 1 Aug 07 4:00 AM","0"
"Year 1 Aug 07 5:00 AM","2.47807666123918"
"Year 1 Aug 07 6:00 AM","69.3276105313211"
"Year 1 Aug 07 7:00 AM","240.693699754427"
"Year 1 Aug 07 8:00 AM","416.147590676446"
"Year 1 Aug 07 9:00 AM","583.442162186549"
"Year 1 Aug 07 10:00 AM","712.427529315921"
"Year 1 Aug 07 11:00 AM","751.416220719536"
"Year 1 Aug 07 12:00 PM","582.191668228538"
"Year 1 Aug 07 1:00 PM","511.639098345711"
"Year 1 Aug 07 2:00 PM","784.9847029515"
"Year 1 Aug 07 3:00 PM","663.360389914775"
"Year 1 Aug 07 4:00 PM","511.228725833156"
"Year 1 Aug 07 5:00 PM","278.25202167948"
"Year 1 Aug 07 6:00 PM","167.638988380247"
"Year 1 Aug 07 7:00 PM","36.8878229365543"
"Year 1 Aug 07 8:00 PM","0"
"Year 1 Aug 07 9:00 PM","0"
"Year 1 Aug 07 10:00 PM","0"
"Year 1 Aug 07 11:00 PM","0"
"Year 1 Aug 08 12:00 AM","0"
"Year 1 Aug 08 1:00 AM","0"
"Year 1 Aug 08 2:00 AM","0"
"Year 1 Aug 08 3:00 AM","0"
"Year 1 Aug 08 4:00 AM","0"
"Year 1 Aug 08 5:00 AM","2.32638585947824"
"Year 1 Aug 08 6:00 AM","58.12514264738"
"Year 1 Aug 08 7:00 AM","216.599090714125"
"Year 1 Aug 08 8:00 AM","413.089355659987"
"Year 1 Aug 08 9:00 AM","592.872482303116"
"Year 1 Aug 08 10:00 AM","673.3536126034"
"Year 1 Aug 08 11:00 AM","630.047207072094"
"Year 1 Aug 08 12:00 PM","770.356243717851"
"Year 1 Aug 08 1:00 PM","735.530884625823"
"Year 1 Aug 08 2:00 PM","442.844196776989"
"Year 1 Aug 08 3:00 PM","340.532799614537"
"Year 1 Aug 08 4:00 PM","276.452823896715"
"Year 1 Aug 08 5:00 PM","186.331921223848"
"Year 1 Aug 08 6:00 PM","92.7577112554295"
"Year 1 Aug 08 7:00 PM","11.5007197871935"
"Year 1 Aug 08 8:00 PM","0"
"Year 1 Aug 08 9:00 PM","0"
"Year 1 Aug 08 10:00 PM","0"
"Year 1 Aug 08 11:00 PM","0"
"Year 1 Aug 09 12:00 AM","0"
"Year 1 Aug 09 1:00 AM","0"
"Year 1 Aug 09 2:00 AM","0"
"Year 1 Aug 09 3:00 AM","0"
"Year 1 Aug 09 4:00 AM","0"
"Year 1 Aug 09 5:00 AM","1.44396692902657"
"Year 1 Aug 09 6:00 AM","44.8370125118072"
"Year 1 Aug 09 7:00 AM","182.981712208017"
"Year 1 Aug 09 8:00 AM","334.833980212946"
"Year 1 Aug 09 9:00 AM","562.5394678926"
"Year 1 Aug 09 10:00 AM","712.409853597196"
"Year 1 Aug 09 11:00 AM","770.926461158272"
"Year 1 Aug 09 12:00 PM","739.720254359406"
"Year 1 Aug 09 1:00 PM","388.757986500671"
"Year 1 Aug 09 2:00 PM","398.379433305485"
"Year 1 Aug 09 3:00 PM","363.443065574141"
"Year 1 Aug 09 4:00 PM","266.477166823469"
"Year 1 Aug 09 5:00 PM","138.019893997281"
"Year 1 Aug 09 6:00 PM","72.0170766625824"
"Year 1 Aug 09 7:00 PM","12.4971256926201"
"Year 1 Aug 09 8:00 PM","0"
"Year 1 Aug 09 9:00 PM","0"
"Year 1 Aug 09 10:00 PM","0"
"Year 1 Aug 09 11:00 PM","0"
"Year 1 Aug 10 12:00 AM","0"
"Year 1 Aug 10 1:00 AM","0"
"Year 1 Aug 10 2:00 AM","0"
"Year 1 Aug 10 3:00 AM","0"
"Year 1 Aug 10 4:00 AM","0"
"Year 1 Aug 10 5:00 AM","1.39191496951092"
"Year 1 Aug 10 6:00 AM","36.2871032961661"
"Year 1 Aug 10 7:00 AM","150.52578471146"
"Year 1 Aug 10 8:00 AM","325.687031843949"
"Year 1 Aug 10 9:00 AM","499.367035145168"
"Year 1 Aug 10 10:00 AM","609.914745105737"
"Year 1 Aug 10 11:00 AM","713.028270121083"
"Year 1 Aug 10 12:00 PM","748.249593669273"
"Year 1 Aug 10 1:00 PM","701.678406570877"
"Year 1 Aug 10 2:00 PM","630.910151251357"
"Year 1 Aug 10 3:00 PM","393.484609394772"
"Year 1 Aug 10 4:00 PM","136.577227431748"
"Year 1 Aug 10 5:00 PM","53.5671601324619"
"Year 1 Aug 10 6:00 PM","22.2200757995793"
"Year 1 Aug 10 7:00 PM","12.1578139247198"
"Year 1 Aug 10 8:00 PM","0"
"Year 1 Aug 10 9:00 PM","0"
"Year 1 Aug 10 10:00 PM","0"
"Year 1 Aug 10 11:00 PM","0"
"Year 1 Aug 11 12:00 AM","0"
"Year 1 Aug 11 1:00 AM","0"
"Year 1 Aug 11 2:00 AM","0"
"Year 1 Aug 11 3:00 AM","0"
"Year 1 Aug 11 4:00 AM","0"
"Year 1 Aug 11 5:00 AM","1.11991630904232"
"Year 1 Aug 11 6:00 AM","41.9466339715558"
"Year 1 Aug 11 7:00 AM","188.044723589019"
"Year 1 Aug 11 8:00 AM","379.413587540357"
"Year 1 Aug 11 9:00 AM","511.494882297357"
"Year 1 Aug 11 10:00 AM","663.597787170022"
"Year 1 Aug 11 11:00 AM","651.198633626957"
"Year 1 Aug 11 12:00 PM","486.309262128637"
"Year 1 Aug 11 1:00 PM","171.25765186113"
"Year 1 Aug 11 2:00 PM","190.528556394401"
"Year 1 Aug 11 3:00 PM","399.425923854931"
"Year 1 Aug 11 4:00 PM","424.075390354972"
"Year 1 Aug 11 5:00 PM","300.988323467242"
"Year 1 Aug 11 6:00 PM","132.631097108921"
"Year 1 Aug 11 7:00 PM","21.8211366687966"
"Year 1 Aug 11 8:00 PM","0"
"Year 1 Aug 11 9:00 PM","0"
"Year 1 Aug 11 10:00 PM","0"
"Year 1 Aug 11 11:00 PM","0"
"Year 1 Aug 12 12:00 AM","0"
"Year 1 Aug 12 1:00 AM","0"
"Year 1 Aug 12 2:00 AM","0"
"Year 1 Aug 12 3:00 AM","0"
"Year 1 Aug 12 4:00 AM","0"
"Year 1 Aug 12 5:00 AM","0"
"Year 1 Aug 12 6:00 AM","28.7351205757473"
"Year 1 Aug 12 7:00 AM","133.487133630749"
"Year 1 Aug 12 8:00 AM","297.432570435411"
"Year 1 Aug 12 9:00 AM","475.335842694411"
"Year 1 Aug 12 10:00 AM","623.483884049941"
"Year 1 Aug 12 11:00 AM","697.898547401781"
"Year 1 Aug 12 12:00 PM","704.133239313478"
"Year 1 Aug 12 1:00 PM","641.405644320368"
"Year 1 Aug 12 2:00 PM","413.746308125124"
"Year 1 Aug 12 3:00 PM","320.080515557025"
"Year 1 Aug 12 4:00 PM","267.441891574768"
"Year 1 Aug 12 5:00 PM","138.689447603568"
"Year 1 Aug 12 6:00 PM","47.4645711687012"
"Year 1 Aug 12 7:00 PM","14.7167120799399"
"Year 1 Aug 12 8:00 PM","0"
"Year 1 Aug 12 9:00 PM","0"
"Year 1 Aug 12 10:00 PM","0"
"Year 1 Aug 12 11:00 PM","0"
"Year 1 Aug 13 12:00 AM","0"
"Year 1 Aug 13 1:00 AM","0"
"Year 1 Aug 13 2:00 AM","0"
"Year 1 Aug 13 3:00 AM","0"
"Year 1 Aug 13 4:00 AM","0"
"Year 1 Aug 13 5:00 AM","0"
"Year 1 Aug 13 6:00 AM","37.570907104944"
"Year 1 Aug 13 7:00 AM","169.039114388987"
"Year 1 Aug 13 8:00 AM","352.693377861743"
"Year 1 Aug 13 9:00 AM","534.774063952783"
"Year 1 Aug 13 10:00 AM","691.17978353516"
"Year 1 Aug 13 11:00 AM","794.164037374547"
"Year 1 Aug 13 12:00 PM","820.42013491415"
"Year 1 Aug 13 1:00 PM","715.914454979083"
"Year 1 Aug 13 2:00 PM","651.987309039659"
"Year 1 Aug 13 3:00 PM","483.486295379623"
"Year 1 Aug 13 4:00 PM","389.278556991618"
"Year 1 Aug 13 5:00 PM","211.66782168772"
"Year 1 Aug 13 6:00 PM","40.6372444413645"
"Year 1 Aug 13 7:00 PM","8.0381344860131"
"Year 1 Aug 13 8:00 PM","0"
"Year 1 Aug 13 9:00 PM","0"
"Year 1 Aug 13 10:00 PM","0"
"Year 1 Aug 13 11:00 PM","0"
"Year 1 Aug 14 12:00 AM","0"
"Year 1 Aug 14 1:00 AM","0"
"Year 1 Aug 14 2:00 AM","0"
"Year 1 Aug 14 3:00 AM","0"
"Year 1 Aug 14 4:00 AM","0"
"Year 1 Aug 14 5:00 AM","0"
"Year 1 Aug 14 6:00 AM","18.6626701818723"
"Year 1 Aug 14 7:00 AM","54.3757454423638"
"Year 1 Aug 14 8:00 AM","106.797849056571"
"Year 1 Aug 14 9:00 AM","156.661420999057"
"Year 1 Aug 14 10:00 AM","262.629064128039"
"Year 1 Aug 14 11:00 AM","329.655710386732"
"Year 1 Aug 14 12:00 PM","262.784620229508"
"Year 1 Aug 14 1:00 PM","217.660237976428"
"Year 1 Aug 14 2:00 PM","243.717902203446"
"Year 1 Aug 14 3:00 PM","111.043055683107"
"Year 1 Aug 14 4:00 PM","135.569231052509"
"Year 1 Aug 14 5:00 PM","84.072517768265"
"Year 1 Aug 14 6:00 PM","26.4960203652642"
"Year 1 Aug 14 7:00 PM","6.82528905011533"
"Year 1 Aug 14 8:00 PM","0"
"Year 1 Aug 14 9:00 PM","0"
"Year 1 Aug 14 10:00 PM","0"
"Year 1 Aug 14 11:00 PM","0"
"Year 1 Aug 15 12:00 AM","0"
"Year 1 Aug 15 1:00 AM","0"
"Year 1 Aug 15 2:00 AM","0"
"Year 1 Aug 15 3:00 AM","0"
"Year 1 Aug 15 4:00 AM","0"
"Year 1 Aug 15 5:00 AM","0"
"Year 1 Aug 15 6:00 AM","16.1790300079667"
"Year 1 Aug 15 7:00 AM","54.2042020276499"
"Year 1 Aug 15 8:00 AM","158.167676546516"
"Year 1 Aug 15 9:00 AM","307.524261357781"
"Year 1 Aug 15 10:00 AM","321.701969879645"
"Year 1 Aug 15 11:00 AM","440.159192661909"
"Year 1 Aug 15 12:00 PM","342.498588689551"
"Year 1 Aug 15 1:00 PM","228.739428313796"
"Year 1 Aug 15 2:00 PM","343.983641810364"
"Year 1 Aug 15 3:00 PM","217.003103066192"
"Year 1 Aug 15 4:00 PM","176.686809384768"
"Year 1 Aug 15 5:00 PM","171.902981349731"
"Year 1 Aug 15 6:00 PM","59.0799568994356"
"Year 1 Aug 15 7:00 PM","6.6304388942804"
"Year 1 Aug 15 8:00 PM","0"
"Year 1 Aug 15 9:00 PM","0"
"Year 1 Aug 15 10:00 PM","0"
"Year 1 Aug 15 11:00 PM","0"
"Year 1 Aug 16 12:00 AM","0"
"Year 1 Aug 16 1:00 AM","0"
"Year 1 Aug 16 2:00 AM","0"
"Year 1 Aug 16 3:00 AM","0"
"Year 1 Aug 16 4:00 AM","0"
"Year 1 Aug 16 5:00 AM","0"
"Year 1 Aug 16 6:00 AM","21.8042322913541"
"Year 1 Aug 16 7:00 AM","61.2712237709585"
"Year 1 Aug 16 8:00 AM","134.432493417485"
"Year 1 Aug 16 9:00 AM","244.75668558432"
"Year 1 Aug 16 10:00 AM","467.650291241986"
"Year 1 Aug 16 11:00 AM","598.672311313335"
"Year 1 Aug 16 12:00 PM","648.329149131423"
"Year 1 Aug 16 1:00 PM","697.450421653437"
"Year 1 Aug 16 2:00 PM","660.223496604975"
"Year 1 Aug 16 3:00 PM","614.381103485025"
"Year 1 Aug 16 4:00 PM","470.00781448338"
"Year 1 Aug 16 5:00 PM","299.685805099486"
"Year 1 Aug 16 6:00 PM","127.363138557502"
"Year 1 Aug 16 7:00 PM","18.0655493885587"
"Year 1 Aug 16 8:00 PM","0"
"Year 1 Aug 16 9:00 PM","0"
"Year 1 Aug 16 10:00 PM","0"
"Year 1 Aug 16 11:00 PM","0"
"Year 1 Aug 17 12:00 AM","0"
"Year 1 Aug 17 1:00 AM","0"
"Year 1 Aug 17 2:00 AM","0"
"Year 1 Aug 17 3:00 AM","0"
"Year 1 Aug 17 4:00 AM","0"
"Year 1 Aug 17 5:00 AM","0"
"Year 1 Aug 17 6:00 AM","23.7885594519037"
"Year 1 Aug 17 7:00 AM","93.8083313662432"
"Year 1 Aug 17 8:00 AM","280.513488994801"
"Year 1 Aug 17 9:00 AM","417.695654952704"
"Year 1 Aug 17 10:00 AM","593.99697264833"
"Year 1 Aug 17 11:00 AM","680.752257100077"
"Year 1 Aug 17 12:00 PM","757.28069282075"
"Year 1 Aug 17 1:00 PM","731.270457737107"
"Year 1 Aug 17 2:00 PM","679.286549071669"
"Year 1 Aug 17 3:00 PM","576.362815133701"
"Year 1 Aug 17 4:00 PM","420.501884796971"
"Year 1 Aug 17 5:00 PM","238.792269506672"
"Year 1 Aug 17 6:00 PM","89.3003632994002"
"Year 1 Aug 17 7:00 PM","14.3399620181258"
"Year 1 Aug 17 8:00 PM","0"
"Year 1 Aug 17 9:00 PM","0"
"Year 1 Aug 17 10:00 PM","0"
"Year 1 Aug 17 11:00 PM","0"
"Year 1 Aug 18 12:00 AM","0"
"Year 1 Aug 18 1:00 AM","0"
"Year 1 Aug 18 2:00 AM","0"
"Year 1 Aug 18 3:00 AM","0"
"Year 1 Aug 18 4:00 AM","0"
"Year 1 Aug 18 5:00 AM","0"
"Year 1 Aug 18 6:00 AM","44.166533077618"
"Year 1 Aug 18 7:00 AM","198.125783913767"
"Year 1 Aug 18 8:00 AM","386.054757301111"
"Year 1 Aug 18 9:00 AM","533.858852111486"
"Year 1 Aug 18 10:00 AM","669.242170641604"
"Year 1 Aug 18 11:00 AM","785.263039094449"
"Year 1 Aug 18 12:00 PM","828.036816429211"
"Year 1 Aug 18 1:00 PM","809.82198477636"
"Year 1 Aug 18 2:00 PM","747.439780327287"
"Year 1 Aug 18 3:00 PM","650.73779016451"
"Year 1 Aug 18 4:00 PM","512.17588712347"
"Year 1 Aug 18 5:00 PM","329.260042620604"
"Year 1 Aug 18 6:00 PM","141.427466677934"
"Year 1 Aug 18 7:00 PM","18.72982719037"
"Year 1 Aug 18 8:00 PM","0"
"Year 1 Aug 18 9:00 PM","0"
"Year 1 Aug 18 10:00 PM","0"
"Year 1 Aug 18 11:00 PM","0"
"Year 1 Aug 19 12:00 AM","0"
"Year 1 Aug 19 1:00 AM","0"
"Year 1 Aug 19 2:00 AM","0"
"Year 1 Aug 19 3:00 AM","0"
"Year 1 Aug 19 4:00 AM","0"
"Year 1 Aug 19 5:00 AM","0"
"Year 1 Aug 19 6:00 AM","33.6502363849152"
"Year 1 Aug 19 7:00 AM","162.517019932688"
"Year 1 Aug 19 8:00 AM","349.85432639119"
"Year 1 Aug 19 9:00 AM","526.09568167592"
"Year 1 Aug 19 10:00 AM","631.562546529859"
"Year 1 Aug 19 11:00 AM","700.645167910418"
"Year 1 Aug 19 12:00 PM","729.041136689373"
"Year 1 Aug 19 1:00 PM","572.512441223566"
"Year 1 Aug 19 2:00 PM","522.15049472203"
"Year 1 Aug 19 3:00 PM","372.670945083119"
"Year 1 Aug 19 4:00 PM","255.416639955687"
"Year 1 Aug 19 5:00 PM","135.666055437408"
"Year 1 Aug 19 6:00 PM","55.8679331825369"
"Year 1 Aug 19 7:00 PM","10.4975856165466"
"Year 1 Aug 19 8:00 PM","0"
"Year 1 Aug 19 9:00 PM","0"
"Year 1 Aug 19 10:00 PM","0"
"Year 1 Aug 19 11:00 PM","0"
"Year 1 Aug 20 12:00 AM","0"
"Year 1 Aug 20 1:00 AM","0"
"Year 1 Aug 20 2:00 AM","0"
"Year 1 Aug 20 3:00 AM","0"
"Year 1 Aug 20 4:00 AM","0"
"Year 1 Aug 20 5:00 AM","0"
"Year 1 Aug 20 6:00 AM","20.6312829598804"
"Year 1 Aug 20 7:00 AM","71.5675913708105"
"Year 1 Aug 20 8:00 AM","115.51079190956"
"Year 1 Aug 20 9:00 AM","243.505668040924"
"Year 1 Aug 20 10:00 AM","362.24457879601"
"Year 1 Aug 20 11:00 AM","608.35522936345"
"Year 1 Aug 20 12:00 PM","547.793420048229"
"Year 1 Aug 20 1:00 PM","635.960474632247"
"Year 1 Aug 20 2:00 PM","437.880735766523"
"Year 1 Aug 20 3:00 PM","419.829728002027"
"Year 1 Aug 20 4:00 PM","276.04569205296"
"Year 1 Aug 20 5:00 PM","168.090273583584"
"Year 1 Aug 20 6:00 PM","64.1479812768319"
"Year 1 Aug 20 7:00 PM","10.4028297510241"
"Year 1 Aug 20 8:00 PM","0"
"Year 1 Aug 20 9:00 PM","0"
"Year 1 Aug 20 10:00 PM","0"
"Year 1 Aug 20 11:00 PM","0"
"Year 1 Aug 21 12:00 AM","0"
"Year 1 Aug 21 1:00 AM","0"
"Year 1 Aug 21 2:00 AM","0"
"Year 1 Aug 21 3:00 AM","0"
"Year 1 Aug 21 4:00 AM","0"
"Year 1 Aug 21 5:00 AM","0"
"Year 1 Aug 21 6:00 AM","28.8138991036727"
"Year 1 Aug 21 7:00 AM","143.227501050363"
"Year 1 Aug 21 8:00 AM","312.341801342696"
"Year 1 Aug 21 9:00 AM","480.281208514038"
"Year 1 Aug 21 10:00 AM","628.323545010214"
"Year 1 Aug 21 11:00 AM","747.408013762667"
"Year 1 Aug 21 12:00 PM","812.570342876888"
"Year 1 Aug 21 1:00 PM","759.359574204133"
"Year 1 Aug 21 2:00 PM","509.722382552479"
"Year 1 Aug 21 3:00 PM","391.773732815345"
"Year 1 Aug 21 4:00 PM","376.326251578907"
"Year 1 Aug 21 5:00 PM","156.756761015801"
"Year 1 Aug 21 6:00 PM","59.2685258955634"
"Year 1 Aug 21 7:00 PM","8.44890410619419"
"Year 1 Aug 21 8:00 PM","0"
"Year 1 Aug 21 9:00 PM","0"
"Year 1 Aug 21 10:00 PM","0"
"Year 1 Aug 21 11:00 PM","0"
"Year 1 Aug 22 12:00 AM","0"
"Year 1 Aug 22 1:00 AM","0"
"Year 1 Aug 22 2:00 AM","0"
"Year 1 Aug 22 3:00 AM","0"
"Year 1 Aug 22 4:00 AM","0"
"Year 1 Aug 22 5:00 AM","0"
"Year 1 Aug 22 6:00 AM","6.22201206655087"
"Year 1 Aug 22 7:00 AM","32.0334684861116"
"Year 1 Aug 22 8:00 AM","65.5443399414761"
"Year 1 Aug 22 9:00 AM","135.191085098903"
"Year 1 Aug 22 10:00 AM","194.875331668969"
"Year 1 Aug 22 11:00 AM","208.389018556033"
"Year 1 Aug 22 12:00 PM","261.213571559732"
"Year 1 Aug 22 1:00 PM","245.353643242327"
"Year 1 Aug 22 2:00 PM","319.137170680355"
"Year 1 Aug 22 3:00 PM","512.270025412021"
"Year 1 Aug 22 4:00 PM","358.231190195477"
"Year 1 Aug 22 5:00 PM","240.073187547855"
"Year 1 Aug 22 6:00 PM","87.8537875560138"
"Year 1 Aug 22 7:00 PM","11.0776252028407"
"Year 1 Aug 22 8:00 PM","0"
"Year 1 Aug 22 9:00 PM","0"
"Year 1 Aug 22 10:00 PM","0"
"Year 1 Aug 22 11:00 PM","0"
"Year 1 Aug 23 12:00 AM","0"
"Year 1 Aug 23 1:00 AM","0"
"Year 1 Aug 23 2:00 AM","0"
"Year 1 Aug 23 3:00 AM","0"
"Year 1 Aug 23 4:00 AM","0"
"Year 1 Aug 23 5:00 AM","0"
"Year 1 Aug 23 6:00 AM","11.5639342051227"
"Year 1 Aug 23 7:00 AM","37.7714749362237"
"Year 1 Aug 23 8:00 AM","94.0125211453878"
"Year 1 Aug 23 9:00 AM","119.254344032023"
"Year 1 Aug 23 10:00 AM","103.80232052438"
"Year 1 Aug 23 11:00 AM","138.198868545571"
"Year 1 Aug 23 12:00 PM","146.672639494742"
"Year 1 Aug 23 1:00 PM","225.631223433985"
"Year 1 Aug 23 2:00 PM","213.767363924204"
"Year 1 Aug 23 3:00 PM","194.162099513546"
"Year 1 Aug 23 4:00 PM","170.30211900559"
"Year 1 Aug 23 5:00 PM","84.1417372686005"
"Year 1 Aug 23 6:00 PM","42.9103967663123"
"Year 1 Aug 23 7:00 PM","7.77970658835998"
"Year 1 Aug 23 8:00 PM","0"
"Year 1 Aug 23 9:00 PM","0"
"Year 1 Aug 23 10:00 PM","0"
"Year 1 Aug 23 11:00 PM","0"
"Year 1 Aug 24 12:00 AM","0"
"Year 1 Aug 24 1:00 AM","0"
"Year 1 Aug 24 2:00 AM","0"
"Year 1 Aug 24 3:00 AM","0"
"Year 1 Aug 24 4:00 AM","0"
"Year 1 Aug 24 5:00 AM","0"
"Year 1 Aug 24 6:00 AM","11.8690409874951"
"Year 1 Aug 24 7:00 AM","46.8143027932515"
"Year 1 Aug 24 8:00 AM","98.5896201085648"
"Year 1 Aug 24 9:00 AM","167.084763063361"
"Year 1 Aug 24 10:00 AM","227.814500938167"
"Year 1 Aug 24 11:00 AM","409.560940037046"
"Year 1 Aug 24 12:00 PM","484.810790799297"
"Year 1 Aug 24 1:00 PM","564.025133722732"
"Year 1 Aug 24 2:00 PM","473.455721154082"
"Year 1 Aug 24 3:00 PM","420.156153371128"
"Year 1 Aug 24 4:00 PM","386.313926657005"
"Year 1 Aug 24 5:00 PM","276.05414981611"
"Year 1 Aug 24 6:00 PM","105.679321820733"
"Year 1 Aug 24 7:00 PM","11.2429034823706"
"Year 1 Aug 24 8:00 PM","0"
"Year 1 Aug 24 9:00 PM","0"
"Year 1 Aug 24 10:00 PM","0"
"Year 1 Aug 24 11:00 PM","0"
"Year 1 Aug 25 12:00 AM","0"
"Year 1 Aug 25 1:00 AM","0"
"Year 1 Aug 25 2:00 AM","0"
"Year 1 Aug 25 3:00 AM","0"
"Year 1 Aug 25 4:00 AM","0"
"Year 1 Aug 25 5:00 AM","0"
"Year 1 Aug 25 6:00 AM","27.8072378618275"
"Year 1 Aug 25 7:00 AM","126.435228517221"
"Year 1 Aug 25 8:00 AM","228.518225778708"
"Year 1 Aug 25 9:00 AM","428.916200000767"
"Year 1 Aug 25 10:00 AM","639.546168553158"
"Year 1 Aug 25 11:00 AM","729.778881454753"
"Year 1 Aug 25 12:00 PM","793.852096870243"
"Year 1 Aug 25 1:00 PM","817.619007189587"
"Year 1 Aug 25 2:00 PM","718.426785455424"
"Year 1 Aug 25 3:00 PM","604.720428461655"
"Year 1 Aug 25 4:00 PM","448.151561075282"
"Year 1 Aug 25 5:00 PM","265.731294634257"
"Year 1 Aug 25 6:00 PM","98.4887516542534"
"Year 1 Aug 25 7:00 PM","9.74918266704216"
"Year 1 Aug 25 8:00 PM","0"
"Year 1 Aug 25 9:00 PM","0"
"Year 1 Aug 25 10:00 PM","0"
"Year 1 Aug 25 11:00 PM","0"
"Year 1 Aug 26 12:00 AM","0"
"Year 1 Aug 26 1:00 AM","0"
"Year 1 Aug 26 2:00 AM","0"
"Year 1 Aug 26 3:00 AM","0"
"Year 1 Aug 26 4:00 AM","0"
"Year 1 Aug 26 5:00 AM","0"
"Year 1 Aug 26 6:00 AM","14.1341096808741"
"Year 1 Aug 26 7:00 AM","56.3734916387832"
"Year 1 Aug 26 8:00 AM","108.121146962556"
"Year 1 Aug 26 9:00 AM","134.25129655282"
"Year 1 Aug 26 10:00 AM","193.873695103859"
"Year 1 Aug 26 11:00 AM","217.964585557235"
"Year 1 Aug 26 12:00 PM","205.008340436861"
"Year 1 Aug 26 1:00 PM","205.891690984539"
"Year 1 Aug 26 2:00 PM","207.074820855377"
"Year 1 Aug 26 3:00 PM","155.604906658734"
"Year 1 Aug 26 4:00 PM","126.943287055979"
"Year 1 Aug 26 5:00 PM","43.7322364562962"
"Year 1 Aug 26 6:00 PM","29.1136500974876"
"Year 1 Aug 26 7:00 PM","5.49556802786572"
"Year 1 Aug 26 8:00 PM","0"
"Year 1 Aug 26 9:00 PM","0"
"Year 1 Aug 26 10:00 PM","0"
"Year 1 Aug 26 11:00 PM","0"
"Year 1 Aug 27 12:00 AM","0"
"Year 1 Aug 27 1:00 AM","0"
"Year 1 Aug 27 2:00 AM","0"
"Year 1 Aug 27 3:00 AM","0"
"Year 1 Aug 27 4:00 AM","0"
"Year 1 Aug 27 5:00 AM","0"
"Year 1 Aug 27 6:00 AM","19.1354890222127"
"Year 1 Aug 27 7:00 AM","103.882250230327"
"Year 1 Aug 27 8:00 AM","265.065241272704"
"Year 1 Aug 27 9:00 AM","408.432937823626"
"Year 1 Aug 27 10:00 AM","374.539423236355"
"Year 1 Aug 27 11:00 AM","483.564650472578"
"Year 1 Aug 27 12:00 PM","593.957617610205"
"Year 1 Aug 27 1:00 PM","711.904742564237"
"Year 1 Aug 27 2:00 PM","661.604662591637"
"Year 1 Aug 27 3:00 PM","482.259564624206"
"Year 1 Aug 27 4:00 PM","340.557477347585"
"Year 1 Aug 27 5:00 PM","195.009573657425"
"Year 1 Aug 27 6:00 PM","55.0130225703981"
"Year 1 Aug 27 7:00 PM","7.08235483673564"
"Year 1 Aug 27 8:00 PM","0"
"Year 1 Aug 27 9:00 PM","0"
"Year 1 Aug 27 10:00 PM","0"
"Year 1 Aug 27 11:00 PM","0"
"Year 1 Aug 28 12:00 AM","0"
"Year 1 Aug 28 1:00 AM","0"
"Year 1 Aug 28 2:00 AM","0"
"Year 1 Aug 28 3:00 AM","0"
"Year 1 Aug 28 4:00 AM","0"
"Year 1 Aug 28 5:00 AM","0"
"Year 1 Aug 28 6:00 AM","7.85269302006967"
"Year 1 Aug 28 7:00 AM","25.0856305476648"
"Year 1 Aug 28 8:00 AM","57.7920401301354"
"Year 1 Aug 28 9:00 AM","149.818306759508"
"Year 1 Aug 28 10:00 AM","182.452214340414"
"Year 1 Aug 28 11:00 AM","149.876945640513"
"Year 1 Aug 28 12:00 PM","242.805802820821"
"Year 1 Aug 28 1:00 PM","432.50265429354"
"Year 1 Aug 28 2:00 PM","367.49643163961"
"Year 1 Aug 28 3:00 PM","193.466058332773"
"Year 1 Aug 28 4:00 PM","127.138747093249"
"Year 1 Aug 28 5:00 PM","63.4326390803473"
"Year 1 Aug 28 6:00 PM","30.9252934753723"
"Year 1 Aug 28 7:00 PM","4.33405140618467"
"Year 1 Aug 28 8:00 PM","0"
"Year 1 Aug 28 9:00 PM","0"
"Year 1 Aug 28 10:00 PM","0"
"Year 1 Aug 28 11:00 PM","0"
"Year 1 Aug 29 12:00 AM","0"
"Year 1 Aug 29 1:00 AM","0"
"Year 1 Aug 29 2:00 AM","0"
"Year 1 Aug 29 3:00 AM","0"
"Year 1 Aug 29 4:00 AM","0"
"Year 1 Aug 29 5:00 AM","0"
"Year 1 Aug 29 6:00 AM","13.8600668279257"
"Year 1 Aug 29 7:00 AM","40.5200674218892"
"Year 1 Aug 29 8:00 AM","48.7987744588609"
"Year 1 Aug 29 9:00 AM","103.423038299452"
"Year 1 Aug 29 10:00 AM","291.481022977654"
"Year 1 Aug 29 11:00 AM","390.5863995892"
"Year 1 Aug 29 12:00 PM","675.44329706422"
"Year 1 Aug 29 1:00 PM","576.021501247473"
"Year 1 Aug 29 2:00 PM","469.239765995719"
"Year 1 Aug 29 3:00 PM","300.730727711525"
"Year 1 Aug 29 4:00 PM","311.007655945767"
"Year 1 Aug 29 5:00 PM","123.356303107331"
"Year 1 Aug 29 6:00 PM","31.2467907142513"
"Year 1 Aug 29 7:00 PM","3.74637412588644"
"Year 1 Aug 29 8:00 PM","0"
"Year 1 Aug 29 9:00 PM","0"
"Year 1 Aug 29 10:00 PM","0"
"Year 1 Aug 29 11:00 PM","0"
"Year 1 Aug 30 12:00 AM","0"
"Year 1 Aug 30 1:00 AM","0"
"Year 1 Aug 30 2:00 AM","0"
"Year 1 Aug 30 3:00 AM","0"
"Year 1 Aug 30 4:00 AM","0"
"Year 1 Aug 30 5:00 AM","0"
"Year 1 Aug 30 6:00 AM","20.9626028081541"
"Year 1 Aug 30 7:00 AM","119.732849608356"
"Year 1 Aug 30 8:00 AM","289.958040224024"
"Year 1 Aug 30 9:00 AM","462.303486901687"
"Year 1 Aug 30 10:00 AM","611.265808102205"
"Year 1 Aug 30 11:00 AM","669.41909175397"
"Year 1 Aug 30 12:00 PM","601.100986775008"
"Year 1 Aug 30 1:00 PM","723.359999683021"
"Year 1 Aug 30 2:00 PM","674.968904728907"
"Year 1 Aug 30 3:00 PM","529.155585439754"
"Year 1 Aug 30 4:00 PM","358.890678745181"
"Year 1 Aug 30 5:00 PM","216.914694316287"
"Year 1 Aug 30 6:00 PM","67.3094726459525"
"Year 1 Aug 30 7:00 PM","4.14723233621927"
"Year 1 Aug 30 8:00 PM","0"
"Year 1 Aug 30 9:00 PM","0"
"Year 1 Aug 30 10:00 PM","0"
"Year 1 Aug 30 11:00 PM","0"
"Year 1 Aug 31 12:00 AM","0"
"Year 1 Aug 31 1:00 AM","0"
"Year 1 Aug 31 2:00 AM","0"
"Year 1 Aug 31 3:00 AM","0"
"Year 1 Aug 31 4:00 AM","0"
"Year 1 Aug 31 5:00 AM","0"
"Year 1 Aug 31 6:00 AM","20.6431405688763"
"Year 1 Aug 31 7:00 AM","127.473964183225"
"Year 1 Aug 31 8:00 AM","297.332948796812"
"Year 1 Aug 31 9:00 AM","443.782076476385"
"Year 1 Aug 31 10:00 AM","489.209041379148"
"Year 1 Aug 31 11:00 AM","203.352420813833"
"Year 1 Aug 31 12:00 PM","176.601122748708"
"Year 1 Aug 31 1:00 PM","150.5328743314"
"Year 1 Aug 31 2:00 PM","110.446640222352"
"Year 1 Aug 31 3:00 PM","171.796429230252"
"Year 1 Aug 31 4:00 PM","212.212916860283"
"Year 1 Aug 31 5:00 PM","48.4810099937757"
"Year 1 Aug 31 6:00 PM","14.0952090763744"
"Year 1 Aug 31 7:00 PM","1.73177193645623"
"Year 1 Aug 31 8:00 PM","0"
"Year 1 Aug 31 9:00 PM","0"
"Year 1 Aug 31 10:00 PM","0"
"Year 1 Aug 31 11:00 PM","0"
"Year 1 Sep 01 12:00 AM","0"
"Year 1 Sep 01 1:00 AM","0"
"Year 1 Sep 01 2:00 AM","0"
"Year 1 Sep 01 3:00 AM","0"
"Year 1 Sep 01 4:00 AM","0"
"Year 1 Sep 01 5:00 AM","0"
"Year 1 Sep 01 6:00 AM","17.7775947997222"
"Year 1 Sep 01 7:00 AM","137.341051749833"
"Year 1 Sep 01 8:00 AM","332.085581699878"
"Year 1 Sep 01 9:00 AM","510.361016580535"
"Year 1 Sep 01 10:00 AM","612.728787714575"
"Year 1 Sep 01 11:00 AM","685.968380597914"
"Year 1 Sep 01 12:00 PM","731.463217845765"
"Year 1 Sep 01 1:00 PM","705.078901521277"
"Year 1 Sep 01 2:00 PM","661.13209849362"
"Year 1 Sep 01 3:00 PM","539.448005818701"
"Year 1 Sep 01 4:00 PM","396.268103978771"
"Year 1 Sep 01 5:00 PM","224.78137894049"
"Year 1 Sep 01 6:00 PM","72.2816922192628"
"Year 1 Sep 01 7:00 PM","3.54753931100531"
"Year 1 Sep 01 8:00 PM","0"
"Year 1 Sep 01 9:00 PM","0"
"Year 1 Sep 01 10:00 PM","0"
"Year 1 Sep 01 11:00 PM","0"
"Year 1 Sep 02 12:00 AM","0"
"Year 1 Sep 02 1:00 AM","0"
"Year 1 Sep 02 2:00 AM","0"
"Year 1 Sep 02 3:00 AM","0"
"Year 1 Sep 02 4:00 AM","0"
"Year 1 Sep 02 5:00 AM","0"
"Year 1 Sep 02 6:00 AM","14.8731613214359"
"Year 1 Sep 02 7:00 AM","76.9470329711293"
"Year 1 Sep 02 8:00 AM","178.604044960374"
"Year 1 Sep 02 9:00 AM","270.436741734488"
"Year 1 Sep 02 10:00 AM","329.023979505474"
"Year 1 Sep 02 11:00 AM","352.107350055112"
"Year 1 Sep 02 12:00 PM","422.549129314192"
"Year 1 Sep 02 1:00 PM","506.169225822669"
"Year 1 Sep 02 2:00 PM","423.061057256804"
"Year 1 Sep 02 3:00 PM","519.246377197793"
"Year 1 Sep 02 4:00 PM","370.207489294673"
"Year 1 Sep 02 5:00 PM","222.712267911871"
"Year 1 Sep 02 6:00 PM","72.1712630196517"
"Year 1 Sep 02 7:00 PM","3.36667839623331"
"Year 1 Sep 02 8:00 PM","0"
"Year 1 Sep 02 9:00 PM","0"
"Year 1 Sep 02 10:00 PM","0"
"Year 1 Sep 02 11:00 PM","0"
"Year 1 Sep 03 12:00 AM","0"
"Year 1 Sep 03 1:00 AM","0"
"Year 1 Sep 03 2:00 AM","0"
"Year 1 Sep 03 3:00 AM","0"
"Year 1 Sep 03 4:00 AM","0"
"Year 1 Sep 03 5:00 AM","0"
"Year 1 Sep 03 6:00 AM","17.7029593418656"
"Year 1 Sep 03 7:00 AM","115.077609197568"
"Year 1 Sep 03 8:00 AM","285.576732383067"
"Year 1 Sep 03 9:00 AM","470.703842319581"
"Year 1 Sep 03 10:00 AM","627.53773156884"
"Year 1 Sep 03 11:00 AM","735.983127981342"
"Year 1 Sep 03 12:00 PM","784.508730416084"
"Year 1 Sep 03 1:00 PM","769.112249698949"
"Year 1 Sep 03 2:00 PM","689.733598662874"
"Year 1 Sep 03 3:00 PM","556.939531537275"
"Year 1 Sep 03 4:00 PM","384.543040822344"
"Year 1 Sep 03 5:00 PM","199.021825007237"
"Year 1 Sep 03 6:00 PM","55.9955627084147"
"Year 1 Sep 03 7:00 PM","2.55001251091502"
"Year 1 Sep 03 8:00 PM","0"
"Year 1 Sep 03 9:00 PM","0"
"Year 1 Sep 03 10:00 PM","0"
"Year 1 Sep 03 11:00 PM","0"
"Year 1 Sep 04 12:00 AM","0"
"Year 1 Sep 04 1:00 AM","0"
"Year 1 Sep 04 2:00 AM","0"
"Year 1 Sep 04 3:00 AM","0"
"Year 1 Sep 04 4:00 AM","0"
"Year 1 Sep 04 5:00 AM","0"
"Year 1 Sep 04 6:00 AM","18.1049571858383"
"Year 1 Sep 04 7:00 AM","128.34805895148"
"Year 1 Sep 04 8:00 AM","309.811264343817"
"Year 1 Sep 04 9:00 AM","493.496961390752"
"Year 1 Sep 04 10:00 AM","643.190865052655"
"Year 1 Sep 04 11:00 AM","744.208853554158"
"Year 1 Sep 04 12:00 PM","790.073745835562"
"Year 1 Sep 04 1:00 PM","774.156608269608"
"Year 1 Sep 04 2:00 PM","695.532134625519"
"Year 1 Sep 04 3:00 PM","571.079160161634"
"Year 1 Sep 04 4:00 PM","401.632148654785"
"Year 1 Sep 04 5:00 PM","214.149333942768"
"Year 1 Sep 04 6:00 PM","60.7570171963202"
"Year 1 Sep 04 7:00 PM","2.21596692602798"
"Year 1 Sep 04 8:00 PM","0"
"Year 1 Sep 04 9:00 PM","0"
"Year 1 Sep 04 10:00 PM","0"
"Year 1 Sep 04 11:00 PM","0"
"Year 1 Sep 05 12:00 AM","0"
"Year 1 Sep 05 1:00 AM","0"
"Year 1 Sep 05 2:00 AM","0"
"Year 1 Sep 05 3:00 AM","0"
"Year 1 Sep 05 4:00 AM","0"
"Year 1 Sep 05 5:00 AM","0"
"Year 1 Sep 05 6:00 AM","16.8724649795185"
"Year 1 Sep 05 7:00 AM","114.351614057048"
"Year 1 Sep 05 8:00 AM","285.83571611656"
"Year 1 Sep 05 9:00 AM","468.224526974624"
"Year 1 Sep 05 10:00 AM","620.888196946279"
"Year 1 Sep 05 11:00 AM","727.397393703398"
"Year 1 Sep 05 12:00 PM","762.036237436097"
"Year 1 Sep 05 1:00 PM","686.352107186435"
"Year 1 Sep 05 2:00 PM","614.534218682773"
"Year 1 Sep 05 3:00 PM","509.919595489899"
"Year 1 Sep 05 4:00 PM","374.606645177427"
"Year 1 Sep 05 5:00 PM","193.508975906863"
"Year 1 Sep 05 6:00 PM","51.9979109611918"
"Year 1 Sep 05 7:00 PM","2.07483144038665"
"Year 1 Sep 05 8:00 PM","0"
"Year 1 Sep 05 9:00 PM","0"
"Year 1 Sep 05 10:00 PM","0"
"Year 1 Sep 05 11:00 PM","0"
"Year 1 Sep 06 12:00 AM","0"
"Year 1 Sep 06 1:00 AM","0"
"Year 1 Sep 06 2:00 AM","0"
"Year 1 Sep 06 3:00 AM","0"
"Year 1 Sep 06 4:00 AM","0"
"Year 1 Sep 06 5:00 AM","0"
"Year 1 Sep 06 6:00 AM","17.8112657160301"
"Year 1 Sep 06 7:00 AM","130.158449091354"
"Year 1 Sep 06 8:00 AM","305.112600556651"
"Year 1 Sep 06 9:00 AM","486.107115082571"
"Year 1 Sep 06 10:00 AM","611.533838091944"
"Year 1 Sep 06 11:00 AM","717.091918973612"
"Year 1 Sep 06 12:00 PM","658.767360160575"
"Year 1 Sep 06 1:00 PM","622.794056450039"
"Year 1 Sep 06 2:00 PM","346.671079496166"
"Year 1 Sep 06 3:00 PM","172.494514550599"
"Year 1 Sep 06 4:00 PM","174.363332206486"
"Year 1 Sep 06 5:00 PM","135.254933977137"
"Year 1 Sep 06 6:00 PM","36.3602707207615"
"Year 1 Sep 06 7:00 PM","1.99903129237563"
"Year 1 Sep 06 8:00 PM","0"
"Year 1 Sep 06 9:00 PM","0"
"Year 1 Sep 06 10:00 PM","0"
"Year 1 Sep 06 11:00 PM","0"
"Year 1 Sep 07 12:00 AM","0"
"Year 1 Sep 07 1:00 AM","0"
"Year 1 Sep 07 2:00 AM","0"
"Year 1 Sep 07 3:00 AM","0"
"Year 1 Sep 07 4:00 AM","0"
"Year 1 Sep 07 5:00 AM","0"
"Year 1 Sep 07 6:00 AM","9.35281597031683"
"Year 1 Sep 07 7:00 AM","41.6831280546855"
"Year 1 Sep 07 8:00 AM","79.7155897491948"
"Year 1 Sep 07 9:00 AM","133.681107982578"
"Year 1 Sep 07 10:00 AM","166.190406865441"
"Year 1 Sep 07 11:00 AM","201.586389057268"
"Year 1 Sep 07 12:00 PM","244.384816364166"
"Year 1 Sep 07 1:00 PM","255.731836200663"
"Year 1 Sep 07 2:00 PM","233.162638483559"
"Year 1 Sep 07 3:00 PM","187.126195402405"
"Year 1 Sep 07 4:00 PM","129.26280570068"
"Year 1 Sep 07 5:00 PM","73.9665080822317"
"Year 1 Sep 07 6:00 PM","28.8391691925978"
"Year 1 Sep 07 7:00 PM","2.01653639089236"
"Year 1 Sep 07 8:00 PM","0"
"Year 1 Sep 07 9:00 PM","0"
"Year 1 Sep 07 10:00 PM","0"
"Year 1 Sep 07 11:00 PM","0"
"Year 1 Sep 08 12:00 AM","0"
"Year 1 Sep 08 1:00 AM","0"
"Year 1 Sep 08 2:00 AM","0"
"Year 1 Sep 08 3:00 AM","0"
"Year 1 Sep 08 4:00 AM","0"
"Year 1 Sep 08 5:00 AM","0"
"Year 1 Sep 08 6:00 AM","11.9669682971376"
"Year 1 Sep 08 7:00 AM","52.5022934140052"
"Year 1 Sep 08 8:00 AM","113.043690517714"
"Year 1 Sep 08 9:00 AM","159.328603274818"
"Year 1 Sep 08 10:00 AM","237.203460708217"
"Year 1 Sep 08 11:00 AM","397.670295648392"
"Year 1 Sep 08 12:00 PM","340.910506640359"
"Year 1 Sep 08 1:00 PM","474.816907155495"
"Year 1 Sep 08 2:00 PM","617.779878118058"
"Year 1 Sep 08 3:00 PM","472.62385892055"
"Year 1 Sep 08 4:00 PM","321.344623338978"
"Year 1 Sep 08 5:00 PM","154.049388481259"
"Year 1 Sep 08 6:00 PM","32.3741368522248"
"Year 1 Sep 08 7:00 PM","1.73896408261074"
"Year 1 Sep 08 8:00 PM","0"
"Year 1 Sep 08 9:00 PM","0"
"Year 1 Sep 08 10:00 PM","0"
"Year 1 Sep 08 11:00 PM","0"
"Year 1 Sep 09 12:00 AM","0"
"Year 1 Sep 09 1:00 AM","0"
"Year 1 Sep 09 2:00 AM","0"
"Year 1 Sep 09 3:00 AM","0"
"Year 1 Sep 09 4:00 AM","0"
"Year 1 Sep 09 5:00 AM","0"
"Year 1 Sep 09 6:00 AM","17.3893721942984"
"Year 1 Sep 09 7:00 AM","122.012065757178"
"Year 1 Sep 09 8:00 AM","216.106160286506"
"Year 1 Sep 09 9:00 AM","441.389732006895"
"Year 1 Sep 09 10:00 AM","570.667739012402"
"Year 1 Sep 09 11:00 AM","468.69215999914"
"Year 1 Sep 09 12:00 PM","531.135118308373"
"Year 1 Sep 09 1:00 PM","654.864747709757"
"Year 1 Sep 09 2:00 PM","550.111965308915"
"Year 1 Sep 09 3:00 PM","382.863393757274"
"Year 1 Sep 09 4:00 PM","366.945742798617"
"Year 1 Sep 09 5:00 PM","200.863957586515"
"Year 1 Sep 09 6:00 PM","52.0497367644743"
"Year 1 Sep 09 7:00 PM","0"
"Year 1 Sep 09 8:00 PM","0"
"Year 1 Sep 09 9:00 PM","0"
"Year 1 Sep 09 10:00 PM","0"
"Year 1 Sep 09 11:00 PM","0"
"Year 1 Sep 10 12:00 AM","0"
"Year 1 Sep 10 1:00 AM","0"
"Year 1 Sep 10 2:00 AM","0"
"Year 1 Sep 10 3:00 AM","0"
"Year 1 Sep 10 4:00 AM","0"
"Year 1 Sep 10 5:00 AM","0"
"Year 1 Sep 10 6:00 AM","14.5346870960454"
"Year 1 Sep 10 7:00 AM","112.649948484429"
"Year 1 Sep 10 8:00 AM","253.825683964598"
"Year 1 Sep 10 9:00 AM","423.033658426347"
"Year 1 Sep 10 10:00 AM","549.614317302924"
"Year 1 Sep 10 11:00 AM","602.949517356783"
"Year 1 Sep 10 12:00 PM","726.651350829708"
"Year 1 Sep 10 1:00 PM","648.556324278972"
"Year 1 Sep 10 2:00 PM","324.880904207055"
"Year 1 Sep 10 3:00 PM","137.707806257453"
"Year 1 Sep 10 4:00 PM","97.3893497595271"
"Year 1 Sep 10 5:00 PM","45.0737759385622"
"Year 1 Sep 10 6:00 PM","16.2488083700365"
"Year 1 Sep 10 7:00 PM","0"
"Year 1 Sep 10 8:00 PM","0"
"Year 1 Sep 10 9:00 PM","0"
"Year 1 Sep 10 10:00 PM","0"
"Year 1 Sep 10 11:00 PM","0"
"Year 1 Sep 11 12:00 AM","0"
"Year 1 Sep 11 1:00 AM","0"
"Year 1 Sep 11 2:00 AM","0"
"Year 1 Sep 11 3:00 AM","0"
"Year 1 Sep 11 4:00 AM","0"
"Year 1 Sep 11 5:00 AM","0"
"Year 1 Sep 11 6:00 AM","14.2799800274461"
"Year 1 Sep 11 7:00 AM","102.932366650318"
"Year 1 Sep 11 8:00 AM","267.833138580002"
"Year 1 Sep 11 9:00 AM","382.117346865597"
"Year 1 Sep 11 10:00 AM","537.652427250368"
"Year 1 Sep 11 11:00 AM","614.590310746825"
"Year 1 Sep 11 12:00 PM","632.564466201661"
"Year 1 Sep 11 1:00 PM","715.08721057034"
"Year 1 Sep 11 2:00 PM","670.00363573884"
"Year 1 Sep 11 3:00 PM","534.904832942677"
"Year 1 Sep 11 4:00 PM","359.362140797735"
"Year 1 Sep 11 5:00 PM","173.692202837892"
"Year 1 Sep 11 6:00 PM","38.1288678155775"
"Year 1 Sep 11 7:00 PM","0"
"Year 1 Sep 11 8:00 PM","0"
"Year 1 Sep 11 9:00 PM","0"
"Year 1 Sep 11 10:00 PM","0"
"Year 1 Sep 11 11:00 PM","0"
"Year 1 Sep 12 12:00 AM","0"
"Year 1 Sep 12 1:00 AM","0"
"Year 1 Sep 12 2:00 AM","0"
"Year 1 Sep 12 3:00 AM","0"
"Year 1 Sep 12 4:00 AM","0"
"Year 1 Sep 12 5:00 AM","0"
"Year 1 Sep 12 6:00 AM","5.10140988574514"
"Year 1 Sep 12 7:00 AM","34.6647063248249"
"Year 1 Sep 12 8:00 AM","164.074123992955"
"Year 1 Sep 12 9:00 AM","415.336329809347"
"Year 1 Sep 12 10:00 AM","551.150274668204"
"Year 1 Sep 12 11:00 AM","674.539905216297"
"Year 1 Sep 12 12:00 PM","671.453851809915"
"Year 1 Sep 12 1:00 PM","405.418216827978"
"Year 1 Sep 12 2:00 PM","522.919757694692"
"Year 1 Sep 12 3:00 PM","422.828364194307"
"Year 1 Sep 12 4:00 PM","356.156136336065"
"Year 1 Sep 12 5:00 PM","159.912135938605"
"Year 1 Sep 12 6:00 PM","42.6960203517063"
"Year 1 Sep 12 7:00 PM","0"
"Year 1 Sep 12 8:00 PM","0"
"Year 1 Sep 12 9:00 PM","0"
"Year 1 Sep 12 10:00 PM","0"
"Year 1 Sep 12 11:00 PM","0"
"Year 1 Sep 13 12:00 AM","0"
"Year 1 Sep 13 1:00 AM","0"
"Year 1 Sep 13 2:00 AM","0"
"Year 1 Sep 13 3:00 AM","0"
"Year 1 Sep 13 4:00 AM","0"
"Year 1 Sep 13 5:00 AM","0"
"Year 1 Sep 13 6:00 AM","12.5691554387508"
"Year 1 Sep 13 7:00 AM","83.5207735095267"
"Year 1 Sep 13 8:00 AM","129.753316658794"
"Year 1 Sep 13 9:00 AM","261.717234728495"
"Year 1 Sep 13 10:00 AM","177.015775104744"
"Year 1 Sep 13 11:00 AM","103.617897952527"
"Year 1 Sep 13 12:00 PM","115.371039987657"
"Year 1 Sep 13 1:00 PM","266.916976593459"
"Year 1 Sep 13 2:00 PM","584.056759461053"
"Year 1 Sep 13 3:00 PM","439.823156471361"
"Year 1 Sep 13 4:00 PM","156.183923987485"
"Year 1 Sep 13 5:00 PM","57.8416255659898"
"Year 1 Sep 13 6:00 PM","29.6429617759806"
"Year 1 Sep 13 7:00 PM","0"
"Year 1 Sep 13 8:00 PM","0"
"Year 1 Sep 13 9:00 PM","0"
"Year 1 Sep 13 10:00 PM","0"
"Year 1 Sep 13 11:00 PM","0"
"Year 1 Sep 14 12:00 AM","0"
"Year 1 Sep 14 1:00 AM","0"
"Year 1 Sep 14 2:00 AM","0"
"Year 1 Sep 14 3:00 AM","0"
"Year 1 Sep 14 4:00 AM","0"
"Year 1 Sep 14 5:00 AM","0"
"Year 1 Sep 14 6:00 AM","14.3937178314038"
"Year 1 Sep 14 7:00 AM","134.285979977552"
"Year 1 Sep 14 8:00 AM","317.694258813567"
"Year 1 Sep 14 9:00 AM","480.194165125214"
"Year 1 Sep 14 10:00 AM","650.948746682421"
"Year 1 Sep 14 11:00 AM","741.545382789708"
"Year 1 Sep 14 12:00 PM","751.605057159323"
"Year 1 Sep 14 1:00 PM","741.962578166292"
"Year 1 Sep 14 2:00 PM","650.96174259181"
"Year 1 Sep 14 3:00 PM","530.60048978346"
"Year 1 Sep 14 4:00 PM","340.372156549694"
"Year 1 Sep 14 5:00 PM","95.7528233301609"
"Year 1 Sep 14 6:00 PM","21.5906402669062"
"Year 1 Sep 14 7:00 PM","0"
"Year 1 Sep 14 8:00 PM","0"
"Year 1 Sep 14 9:00 PM","0"
"Year 1 Sep 14 10:00 PM","0"
"Year 1 Sep 14 11:00 PM","0"
"Year 1 Sep 15 12:00 AM","0"
"Year 1 Sep 15 1:00 AM","0"
"Year 1 Sep 15 2:00 AM","0"
"Year 1 Sep 15 3:00 AM","0"
"Year 1 Sep 15 4:00 AM","0"
"Year 1 Sep 15 5:00 AM","0"
"Year 1 Sep 15 6:00 AM","7.58274732250126"
"Year 1 Sep 15 7:00 AM","43.2770721387419"
"Year 1 Sep 15 8:00 AM","150.621081088936"
"Year 1 Sep 15 9:00 AM","307.356807994864"
"Year 1 Sep 15 10:00 AM","429.484270001276"
"Year 1 Sep 15 11:00 AM","570.712913515233"
"Year 1 Sep 15 12:00 PM","480.923050527303"
"Year 1 Sep 15 1:00 PM","190.610902446006"
"Year 1 Sep 15 2:00 PM","142.302754456877"
"Year 1 Sep 15 3:00 PM","147.55708618614"
"Year 1 Sep 15 4:00 PM","159.08359569218"
"Year 1 Sep 15 5:00 PM","68.8831662730647"
"Year 1 Sep 15 6:00 PM","16.7100714769948"
"Year 1 Sep 15 7:00 PM","0"
"Year 1 Sep 15 8:00 PM","0"
"Year 1 Sep 15 9:00 PM","0"
"Year 1 Sep 15 10:00 PM","0"
"Year 1 Sep 15 11:00 PM","0"
"Year 1 Sep 16 12:00 AM","0"
"Year 1 Sep 16 1:00 AM","0"
"Year 1 Sep 16 2:00 AM","0"
"Year 1 Sep 16 3:00 AM","0"
"Year 1 Sep 16 4:00 AM","0"
"Year 1 Sep 16 5:00 AM","0"
"Year 1 Sep 16 6:00 AM","6.09294798364622"
"Year 1 Sep 16 7:00 AM","35.8787386583307"
"Year 1 Sep 16 8:00 AM","78.6210751166566"
"Year 1 Sep 16 9:00 AM","95.4868812096854"
"Year 1 Sep 16 10:00 AM","111.197903108183"
"Year 1 Sep 16 11:00 AM","111.356384868899"
"Year 1 Sep 16 12:00 PM","116.874172731845"
"Year 1 Sep 16 1:00 PM","140.289378515288"
"Year 1 Sep 16 2:00 PM","210.579554450311"
"Year 1 Sep 16 3:00 PM","229.960018705437"
"Year 1 Sep 16 4:00 PM","165.450189422862"
"Year 1 Sep 16 5:00 PM","78.3907575656167"
"Year 1 Sep 16 6:00 PM","21.3151938652368"
"Year 1 Sep 16 7:00 PM","0"
"Year 1 Sep 16 8:00 PM","0"
"Year 1 Sep 16 9:00 PM","0"
"Year 1 Sep 16 10:00 PM","0"
"Year 1 Sep 16 11:00 PM","0"
"Year 1 Sep 17 12:00 AM","0"
"Year 1 Sep 17 1:00 AM","0"
"Year 1 Sep 17 2:00 AM","0"
"Year 1 Sep 17 3:00 AM","0"
"Year 1 Sep 17 4:00 AM","0"
"Year 1 Sep 17 5:00 AM","0"
"Year 1 Sep 17 6:00 AM","4.32414805599711"
"Year 1 Sep 17 7:00 AM","21.4343765157433"
"Year 1 Sep 17 8:00 AM","36.3376966340912"
"Year 1 Sep 17 9:00 AM","58.4903282099567"
"Year 1 Sep 17 10:00 AM","88.3348873280942"
"Year 1 Sep 17 11:00 AM","171.249255841704"
"Year 1 Sep 17 12:00 PM","199.56343944491"
"Year 1 Sep 17 1:00 PM","187.216466529169"
"Year 1 Sep 17 2:00 PM","174.947417427799"
"Year 1 Sep 17 3:00 PM","101.874937449115"
"Year 1 Sep 17 4:00 PM","108.819118697014"
"Year 1 Sep 17 5:00 PM","59.0274070009917"
"Year 1 Sep 17 6:00 PM","13.085023337854"
"Year 1 Sep 17 7:00 PM","0"
"Year 1 Sep 17 8:00 PM","0"
"Year 1 Sep 17 9:00 PM","0"
"Year 1 Sep 17 10:00 PM","0"
"Year 1 Sep 17 11:00 PM","0"
"Year 1 Sep 18 12:00 AM","0"
"Year 1 Sep 18 1:00 AM","0"
"Year 1 Sep 18 2:00 AM","0"
"Year 1 Sep 18 3:00 AM","0"
"Year 1 Sep 18 4:00 AM","0"
"Year 1 Sep 18 5:00 AM","0"
"Year 1 Sep 18 6:00 AM","5.09110018049696"
"Year 1 Sep 18 7:00 AM","27.6358955970567"
"Year 1 Sep 18 8:00 AM","60.4221684250932"
"Year 1 Sep 18 9:00 AM","113.405334055432"
"Year 1 Sep 18 10:00 AM","142.664288022267"
"Year 1 Sep 18 11:00 AM","181.901739260124"
"Year 1 Sep 18 12:00 PM","193.209953101271"
"Year 1 Sep 18 1:00 PM","176.007562229341"
"Year 1 Sep 18 2:00 PM","107.253578613417"
"Year 1 Sep 18 3:00 PM","92.1765864201793"
"Year 1 Sep 18 4:00 PM","57.6141628905486"
"Year 1 Sep 18 5:00 PM","32.4610749514004"
"Year 1 Sep 18 6:00 PM","9.54161247825282"
"Year 1 Sep 18 7:00 PM","0"
"Year 1 Sep 18 8:00 PM","0"
"Year 1 Sep 18 9:00 PM","0"
"Year 1 Sep 18 10:00 PM","0"
"Year 1 Sep 18 11:00 PM","0"
"Year 1 Sep 19 12:00 AM","0"
"Year 1 Sep 19 1:00 AM","0"
"Year 1 Sep 19 2:00 AM","0"
"Year 1 Sep 19 3:00 AM","0"
"Year 1 Sep 19 4:00 AM","0"
"Year 1 Sep 19 5:00 AM","0"
"Year 1 Sep 19 6:00 AM","7.84133127195497"
"Year 1 Sep 19 7:00 AM","86.8528773718318"
"Year 1 Sep 19 8:00 AM","250.66297199957"
"Year 1 Sep 19 9:00 AM","426.796047497628"
"Year 1 Sep 19 10:00 AM","554.405952944387"
"Year 1 Sep 19 11:00 AM","523.972844127477"
"Year 1 Sep 19 12:00 PM","473.25934532657"
"Year 1 Sep 19 1:00 PM","453.346092385296"
"Year 1 Sep 19 2:00 PM","293.331988220246"
"Year 1 Sep 19 3:00 PM","172.287099484657"
"Year 1 Sep 19 4:00 PM","81.5995303149077"
"Year 1 Sep 19 5:00 PM","29.0096642073682"
"Year 1 Sep 19 6:00 PM","8.53023900430268"
"Year 1 Sep 19 7:00 PM","0"
"Year 1 Sep 19 8:00 PM","0"
"Year 1 Sep 19 9:00 PM","0"
"Year 1 Sep 19 10:00 PM","0"
"Year 1 Sep 19 11:00 PM","0"
"Year 1 Sep 20 12:00 AM","0"
"Year 1 Sep 20 1:00 AM","0"
"Year 1 Sep 20 2:00 AM","0"
"Year 1 Sep 20 3:00 AM","0"
"Year 1 Sep 20 4:00 AM","0"
"Year 1 Sep 20 5:00 AM","0"
"Year 1 Sep 20 6:00 AM","4.4982436094919"
"Year 1 Sep 20 7:00 AM","36.6958797267287"
"Year 1 Sep 20 8:00 AM","75.993814857946"
"Year 1 Sep 20 9:00 AM","138.845561866661"
"Year 1 Sep 20 10:00 AM","261.711017297939"
"Year 1 Sep 20 11:00 AM","173.748458569774"
"Year 1 Sep 20 12:00 PM","315.867557667922"
"Year 1 Sep 20 1:00 PM","200.511940131015"
"Year 1 Sep 20 2:00 PM","155.023859278324"
"Year 1 Sep 20 3:00 PM","116.0225943594"
"Year 1 Sep 20 4:00 PM","77.1923551723065"
"Year 1 Sep 20 5:00 PM","77.9528202206381"
"Year 1 Sep 20 6:00 PM","10.8174211216347"
"Year 1 Sep 20 7:00 PM","0"
"Year 1 Sep 20 8:00 PM","0"
"Year 1 Sep 20 9:00 PM","0"
"Year 1 Sep 20 10:00 PM","0"
"Year 1 Sep 20 11:00 PM","0"
"Year 1 Sep 21 12:00 AM","0"
"Year 1 Sep 21 1:00 AM","0"
"Year 1 Sep 21 2:00 AM","0"
"Year 1 Sep 21 3:00 AM","0"
"Year 1 Sep 21 4:00 AM","0"
"Year 1 Sep 21 5:00 AM","0"
"Year 1 Sep 21 6:00 AM","5.93564265828245"
"Year 1 Sep 21 7:00 AM","37.0233287369416"
"Year 1 Sep 21 8:00 AM","59.1009000650289"
"Year 1 Sep 21 9:00 AM","106.693862446878"
"Year 1 Sep 21 10:00 AM","146.776217111587"
"Year 1 Sep 21 11:00 AM","111.979979046025"
"Year 1 Sep 21 12:00 PM","132.507397635162"
"Year 1 Sep 21 1:00 PM","172.964109265948"
"Year 1 Sep 21 2:00 PM","119.600652045568"
"Year 1 Sep 21 3:00 PM","94.0212717748968"
"Year 1 Sep 21 4:00 PM","64.814791229114"
"Year 1 Sep 21 5:00 PM","34.257468090111"
"Year 1 Sep 21 6:00 PM","6.38266365663852"
"Year 1 Sep 21 7:00 PM","0"
"Year 1 Sep 21 8:00 PM","0"
"Year 1 Sep 21 9:00 PM","0"
"Year 1 Sep 21 10:00 PM","0"
"Year 1 Sep 21 11:00 PM","0"
"Year 1 Sep 22 12:00 AM","0"
"Year 1 Sep 22 1:00 AM","0"
"Year 1 Sep 22 2:00 AM","0"
"Year 1 Sep 22 3:00 AM","0"
"Year 1 Sep 22 4:00 AM","0"
"Year 1 Sep 22 5:00 AM","0"
"Year 1 Sep 22 6:00 AM","6.37285985994989"
"Year 1 Sep 22 7:00 AM","44.5292881025171"
"Year 1 Sep 22 8:00 AM","93.9304838256553"
"Year 1 Sep 22 9:00 AM","275.401034586764"
"Year 1 Sep 22 10:00 AM","221.544746782265"
"Year 1 Sep 22 11:00 AM","179.918068618489"
"Year 1 Sep 22 12:00 PM","170.691722651103"
"Year 1 Sep 22 1:00 PM","213.580822388978"
"Year 1 Sep 22 2:00 PM","278.646676676633"
"Year 1 Sep 22 3:00 PM","90.2638864002076"
"Year 1 Sep 22 4:00 PM","82.9806950392884"
"Year 1 Sep 22 5:00 PM","47.158780714645"
"Year 1 Sep 22 6:00 PM","12.7715881311912"
"Year 1 Sep 22 7:00 PM","0"
"Year 1 Sep 22 8:00 PM","0"
"Year 1 Sep 22 9:00 PM","0"
"Year 1 Sep 22 10:00 PM","0"
"Year 1 Sep 22 11:00 PM","0"
"Year 1 Sep 23 12:00 AM","0"
"Year 1 Sep 23 1:00 AM","0"
"Year 1 Sep 23 2:00 AM","0"
"Year 1 Sep 23 3:00 AM","0"
"Year 1 Sep 23 4:00 AM","0"
"Year 1 Sep 23 5:00 AM","0"
"Year 1 Sep 23 6:00 AM","5.82422551460282"
"Year 1 Sep 23 7:00 AM","86.1094638353818"
"Year 1 Sep 23 8:00 AM","255.137364887001"
"Year 1 Sep 23 9:00 AM","432.096969558211"
"Year 1 Sep 23 10:00 AM","572.412565898747"
"Year 1 Sep 23 11:00 AM","627.340315090132"
"Year 1 Sep 23 12:00 PM","589.939658599714"
"Year 1 Sep 23 1:00 PM","564.219520016518"
"Year 1 Sep 23 2:00 PM","525.262225489233"
"Year 1 Sep 23 3:00 PM","470.858735209175"
"Year 1 Sep 23 4:00 PM","306.135231912642"
"Year 1 Sep 23 5:00 PM","128.84943097505"
"Year 1 Sep 23 6:00 PM","16.2891994397829"
"Year 1 Sep 23 7:00 PM","0"
"Year 1 Sep 23 8:00 PM","0"
"Year 1 Sep 23 9:00 PM","0"
"Year 1 Sep 23 10:00 PM","0"
"Year 1 Sep 23 11:00 PM","0"
"Year 1 Sep 24 12:00 AM","0"
"Year 1 Sep 24 1:00 AM","0"
"Year 1 Sep 24 2:00 AM","0"
"Year 1 Sep 24 3:00 AM","0"
"Year 1 Sep 24 4:00 AM","0"
"Year 1 Sep 24 5:00 AM","0"
"Year 1 Sep 24 6:00 AM","4.98274186251821"
"Year 1 Sep 24 7:00 AM","77.1620296049413"
"Year 1 Sep 24 8:00 AM","198.552131820245"
"Year 1 Sep 24 9:00 AM","204.811666394561"
"Year 1 Sep 24 10:00 AM","503.602564016799"
"Year 1 Sep 24 11:00 AM","610.15776150433"
"Year 1 Sep 24 12:00 PM","657.10227298381"
"Year 1 Sep 24 1:00 PM","640.651449125311"
"Year 1 Sep 24 2:00 PM","528.876166323369"
"Year 1 Sep 24 3:00 PM","384.137979322922"
"Year 1 Sep 24 4:00 PM","258.491783559483"
"Year 1 Sep 24 5:00 PM","99.2559328781025"
"Year 1 Sep 24 6:00 PM","9.48659295581674"
"Year 1 Sep 24 7:00 PM","0"
"Year 1 Sep 24 8:00 PM","0"
"Year 1 Sep 24 9:00 PM","0"
"Year 1 Sep 24 10:00 PM","0"
"Year 1 Sep 24 11:00 PM","0"
"Year 1 Sep 25 12:00 AM","0"
"Year 1 Sep 25 1:00 AM","0"
"Year 1 Sep 25 2:00 AM","0"
"Year 1 Sep 25 3:00 AM","0"
"Year 1 Sep 25 4:00 AM","0"
"Year 1 Sep 25 5:00 AM","0"
"Year 1 Sep 25 6:00 AM","4.87304611919342"
"Year 1 Sep 25 7:00 AM","63.600385744619"
"Year 1 Sep 25 8:00 AM","191.620847254841"
"Year 1 Sep 25 9:00 AM","382.225079179607"
"Year 1 Sep 25 10:00 AM","514.91032394181"
"Year 1 Sep 25 11:00 AM","636.07171955199"
"Year 1 Sep 25 12:00 PM","615.383454176677"
"Year 1 Sep 25 1:00 PM","656.874372135961"
"Year 1 Sep 25 2:00 PM","597.555907216607"
"Year 1 Sep 25 3:00 PM","463.289101944783"
"Year 1 Sep 25 4:00 PM","292.821225429676"
"Year 1 Sep 25 5:00 PM","118.991826910058"
"Year 1 Sep 25 6:00 PM","14.76108174413"
"Year 1 Sep 25 7:00 PM","0"
"Year 1 Sep 25 8:00 PM","0"
"Year 1 Sep 25 9:00 PM","0"
"Year 1 Sep 25 10:00 PM","0"
"Year 1 Sep 25 11:00 PM","0"
"Year 1 Sep 26 12:00 AM","0"
"Year 1 Sep 26 1:00 AM","0"
"Year 1 Sep 26 2:00 AM","0"
"Year 1 Sep 26 3:00 AM","0"
"Year 1 Sep 26 4:00 AM","0"
"Year 1 Sep 26 5:00 AM","0"
"Year 1 Sep 26 6:00 AM","5.67374663413489"
"Year 1 Sep 26 7:00 AM","76.2088975952777"
"Year 1 Sep 26 8:00 AM","237.44780600384"
"Year 1 Sep 26 9:00 AM","415.703465916899"
"Year 1 Sep 26 10:00 AM","562.84369897939"
"Year 1 Sep 26 11:00 AM","659.803022932376"
"Year 1 Sep 26 12:00 PM","697.025498479607"
"Year 1 Sep 26 1:00 PM","672.241696559951"
"Year 1 Sep 26 2:00 PM","591.908201781262"
"Year 1 Sep 26 3:00 PM","452.083719292605"
"Year 1 Sep 26 4:00 PM","258.601380649483"
"Year 1 Sep 26 5:00 PM","77.9433640949937"
"Year 1 Sep 26 6:00 PM","10.3472132125826"
"Year 1 Sep 26 7:00 PM","0"
"Year 1 Sep 26 8:00 PM","0"
"Year 1 Sep 26 9:00 PM","0"
"Year 1 Sep 26 10:00 PM","0"
"Year 1 Sep 26 11:00 PM","0"
"Year 1 Sep 27 12:00 AM","0"
"Year 1 Sep 27 1:00 AM","0"
"Year 1 Sep 27 2:00 AM","0"
"Year 1 Sep 27 3:00 AM","0"
"Year 1 Sep 27 4:00 AM","0"
"Year 1 Sep 27 5:00 AM","0"
"Year 1 Sep 27 6:00 AM","4.67481090939416"
"Year 1 Sep 27 7:00 AM","68.3722180108644"
"Year 1 Sep 27 8:00 AM","233.311707541394"
"Year 1 Sep 27 9:00 AM","393.080288275437"
"Year 1 Sep 27 10:00 AM","453.252546235724"
"Year 1 Sep 27 11:00 AM","482.367771321342"
"Year 1 Sep 27 12:00 PM","418.006110941414"
"Year 1 Sep 27 1:00 PM","521.068237328062"
"Year 1 Sep 27 2:00 PM","566.224428378942"
"Year 1 Sep 27 3:00 PM","464.50867948219"
"Year 1 Sep 27 4:00 PM","291.146307929558"
"Year 1 Sep 27 5:00 PM","110.944267943473"
"Year 1 Sep 27 6:00 PM","11.8154496830233"
"Year 1 Sep 27 7:00 PM","0"
"Year 1 Sep 27 8:00 PM","0"
"Year 1 Sep 27 9:00 PM","0"
"Year 1 Sep 27 10:00 PM","0"
"Year 1 Sep 27 11:00 PM","0"
"Year 1 Sep 28 12:00 AM","0"
"Year 1 Sep 28 1:00 AM","0"
"Year 1 Sep 28 2:00 AM","0"
"Year 1 Sep 28 3:00 AM","0"
"Year 1 Sep 28 4:00 AM","0"
"Year 1 Sep 28 5:00 AM","0"
"Year 1 Sep 28 6:00 AM","5.77618235735957"
"Year 1 Sep 28 7:00 AM","74.7779257032021"
"Year 1 Sep 28 8:00 AM","242.208918140507"
"Year 1 Sep 28 9:00 AM","392.413296234963"
"Year 1 Sep 28 10:00 AM","404.076646862779"
"Year 1 Sep 28 11:00 AM","603.972444646124"
"Year 1 Sep 28 12:00 PM","581.512801421454"
"Year 1 Sep 28 1:00 PM","579.992337850743"
"Year 1 Sep 28 2:00 PM","205.548777931788"
"Year 1 Sep 28 3:00 PM","196.281177262481"
"Year 1 Sep 28 4:00 PM","119.218472758169"
"Year 1 Sep 28 5:00 PM","44.2901820100182"
"Year 1 Sep 28 6:00 PM","7.08934166076987"
"Year 1 Sep 28 7:00 PM","0"
"Year 1 Sep 28 8:00 PM","0"
"Year 1 Sep 28 9:00 PM","0"
"Year 1 Sep 28 10:00 PM","0"
"Year 1 Sep 28 11:00 PM","0"
"Year 1 Sep 29 12:00 AM","0"
"Year 1 Sep 29 1:00 AM","0"
"Year 1 Sep 29 2:00 AM","0"
"Year 1 Sep 29 3:00 AM","0"
"Year 1 Sep 29 4:00 AM","0"
"Year 1 Sep 29 5:00 AM","0"
"Year 1 Sep 29 6:00 AM","4.50225882117516"
"Year 1 Sep 29 7:00 AM","78.5777280485139"
"Year 1 Sep 29 8:00 AM","245.011415301495"
"Year 1 Sep 29 9:00 AM","416.975587648655"
"Year 1 Sep 29 10:00 AM","485.070639232267"
"Year 1 Sep 29 11:00 AM","272.745192278945"
"Year 1 Sep 29 12:00 PM","249.162293870769"
"Year 1 Sep 29 1:00 PM","416.087762102899"
"Year 1 Sep 29 2:00 PM","224.403873164727"
"Year 1 Sep 29 3:00 PM","216.972275140255"
"Year 1 Sep 29 4:00 PM","177.094349859035"
"Year 1 Sep 29 5:00 PM","83.6842064510992"
"Year 1 Sep 29 6:00 PM","10.3502462284063"
"Year 1 Sep 29 7:00 PM","0"
"Year 1 Sep 29 8:00 PM","0"
"Year 1 Sep 29 9:00 PM","0"
"Year 1 Sep 29 10:00 PM","0"
"Year 1 Sep 29 11:00 PM","0"
"Year 1 Sep 30 12:00 AM","0"
"Year 1 Sep 30 1:00 AM","0"
"Year 1 Sep 30 2:00 AM","0"
"Year 1 Sep 30 3:00 AM","0"
"Year 1 Sep 30 4:00 AM","0"
"Year 1 Sep 30 5:00 AM","0"
"Year 1 Sep 30 6:00 AM","2.76128385120333"
"Year 1 Sep 30 7:00 AM","48.7739394893372"
"Year 1 Sep 30 8:00 AM","127.906323094066"
"Year 1 Sep 30 9:00 AM","172.618307047002"
"Year 1 Sep 30 10:00 AM","390.57476110658"
"Year 1 Sep 30 11:00 AM","550.414142880516"
"Year 1 Sep 30 12:00 PM","564.208276394667"
"Year 1 Sep 30 1:00 PM","492.427427816618"
"Year 1 Sep 30 2:00 PM","490.593020630751"
"Year 1 Sep 30 3:00 PM","371.436038161647"
"Year 1 Sep 30 4:00 PM","184.056042491196"
"Year 1 Sep 30 5:00 PM","69.522880949679"
"Year 1 Sep 30 6:00 PM","7.97268996397317"
"Year 1 Sep 30 7:00 PM","0"
"Year 1 Sep 30 8:00 PM","0"
"Year 1 Sep 30 9:00 PM","0"
"Year 1 Sep 30 10:00 PM","0"
"Year 1 Sep 30 11:00 PM","0"
"Year 1 Oct 01 12:00 AM","0"
"Year 1 Oct 01 1:00 AM","0"
"Year 1 Oct 01 2:00 AM","0"
"Year 1 Oct 01 3:00 AM","0"
"Year 1 Oct 01 4:00 AM","0"
"Year 1 Oct 01 5:00 AM","0"
"Year 1 Oct 01 6:00 AM","2.91475986570097"
"Year 1 Oct 01 7:00 AM","62.704976782439"
"Year 1 Oct 01 8:00 AM","212.12159434429"
"Year 1 Oct 01 9:00 AM","386.968720979423"
"Year 1 Oct 01 10:00 AM","531.817969662696"
"Year 1 Oct 01 11:00 AM","608.321286273317"
"Year 1 Oct 01 12:00 PM","645.421131458219"
"Year 1 Oct 01 1:00 PM","588.927327874196"
"Year 1 Oct 01 2:00 PM","470.651354024301"
"Year 1 Oct 01 3:00 PM","381.033202813335"
"Year 1 Oct 01 4:00 PM","235.520712317239"
"Year 1 Oct 01 5:00 PM","84.4793313397505"
"Year 1 Oct 01 6:00 PM","9.30408008225237"
"Year 1 Oct 01 7:00 PM","0"
"Year 1 Oct 01 8:00 PM","0"
"Year 1 Oct 01 9:00 PM","0"
"Year 1 Oct 01 10:00 PM","0"
"Year 1 Oct 01 11:00 PM","0"
"Year 1 Oct 02 12:00 AM","0"
"Year 1 Oct 02 1:00 AM","0"
"Year 1 Oct 02 2:00 AM","0"
"Year 1 Oct 02 3:00 AM","0"
"Year 1 Oct 02 4:00 AM","0"
"Year 1 Oct 02 5:00 AM","0"
"Year 1 Oct 02 6:00 AM","2.62367322283908"
"Year 1 Oct 02 7:00 AM","74.3518928333111"
"Year 1 Oct 02 8:00 AM","234.028623938006"
"Year 1 Oct 02 9:00 AM","336.501038605703"
"Year 1 Oct 02 10:00 AM","434.094256572437"
"Year 1 Oct 02 11:00 AM","594.000812770843"
"Year 1 Oct 02 12:00 PM","563.611487770948"
"Year 1 Oct 02 1:00 PM","636.088778705733"
"Year 1 Oct 02 2:00 PM","523.475265508075"
"Year 1 Oct 02 3:00 PM","237.003601377627"
"Year 1 Oct 02 4:00 PM","76.9342899840219"
"Year 1 Oct 02 5:00 PM","27.2586525103347"
"Year 1 Oct 02 6:00 PM","3.18578665716293"
"Year 1 Oct 02 7:00 PM","0"
"Year 1 Oct 02 8:00 PM","0"
"Year 1 Oct 02 9:00 PM","0"
"Year 1 Oct 02 10:00 PM","0"
"Year 1 Oct 02 11:00 PM","0"
"Year 1 Oct 03 12:00 AM","0"
"Year 1 Oct 03 1:00 AM","0"
"Year 1 Oct 03 2:00 AM","0"
"Year 1 Oct 03 3:00 AM","0"
"Year 1 Oct 03 4:00 AM","0"
"Year 1 Oct 03 5:00 AM","0"
"Year 1 Oct 03 6:00 AM","1.42095358378971"
"Year 1 Oct 03 7:00 AM","22.9416822324936"
"Year 1 Oct 03 8:00 AM","68.9892473859471"
"Year 1 Oct 03 9:00 AM","122.319256259786"
"Year 1 Oct 03 10:00 AM","158.43624160213"
"Year 1 Oct 03 11:00 AM","206.332389872194"
"Year 1 Oct 03 12:00 PM","333.914736197017"
"Year 1 Oct 03 1:00 PM","414.309270653561"
"Year 1 Oct 03 2:00 PM","336.700366630731"
"Year 1 Oct 03 3:00 PM","314.672142224371"
"Year 1 Oct 03 4:00 PM","154.737942558595"
"Year 1 Oct 03 5:00 PM","61.5751268344763"
"Year 1 Oct 03 6:00 PM","7.36939594708008"
"Year 1 Oct 03 7:00 PM","0"
"Year 1 Oct 03 8:00 PM","0"
"Year 1 Oct 03 9:00 PM","0"
"Year 1 Oct 03 10:00 PM","0"
"Year 1 Oct 03 11:00 PM","0"
"Year 1 Oct 04 12:00 AM","0"
"Year 1 Oct 04 1:00 AM","0"
"Year 1 Oct 04 2:00 AM","0"
"Year 1 Oct 04 3:00 AM","0"
"Year 1 Oct 04 4:00 AM","0"
"Year 1 Oct 04 5:00 AM","0"
"Year 1 Oct 04 6:00 AM","2.5166388663051"
"Year 1 Oct 04 7:00 AM","41.0006689805509"
"Year 1 Oct 04 8:00 AM","86.6022766485661"
"Year 1 Oct 04 9:00 AM","140.338244158054"
"Year 1 Oct 04 10:00 AM","270.863994984555"
"Year 1 Oct 04 11:00 AM","133.025064455388"
"Year 1 Oct 04 12:00 PM","128.406820861076"
"Year 1 Oct 04 1:00 PM","190.198497990208"
"Year 1 Oct 04 2:00 PM","352.270645104815"
"Year 1 Oct 04 3:00 PM","213.581651743976"
"Year 1 Oct 04 4:00 PM","199.796797712408"
"Year 1 Oct 04 5:00 PM","68.655691091028"
"Year 1 Oct 04 6:00 PM","7.19118259450759"
"Year 1 Oct 04 7:00 PM","0"
"Year 1 Oct 04 8:00 PM","0"
"Year 1 Oct 04 9:00 PM","0"
"Year 1 Oct 04 10:00 PM","0"
"Year 1 Oct 04 11:00 PM","0"
"Year 1 Oct 05 12:00 AM","0"
"Year 1 Oct 05 1:00 AM","0"
"Year 1 Oct 05 2:00 AM","0"
"Year 1 Oct 05 3:00 AM","0"
"Year 1 Oct 05 4:00 AM","0"
"Year 1 Oct 05 5:00 AM","0"
"Year 1 Oct 05 6:00 AM","2.66157270306512"
"Year 1 Oct 05 7:00 AM","39.7850020407672"
"Year 1 Oct 05 8:00 AM","148.750505462079"
"Year 1 Oct 05 9:00 AM","381.638854529384"
"Year 1 Oct 05 10:00 AM","515.582566870426"
"Year 1 Oct 05 11:00 AM","519.875620858559"
"Year 1 Oct 05 12:00 PM","259.045222474805"
"Year 1 Oct 05 1:00 PM","129.389520432529"
"Year 1 Oct 05 2:00 PM","84.6880834786493"
"Year 1 Oct 05 3:00 PM","56.3182910689508"
"Year 1 Oct 05 4:00 PM","45.7493315791822"
"Year 1 Oct 05 5:00 PM","16.0565911244316"
"Year 1 Oct 05 6:00 PM","2.48176337202283"
"Year 1 Oct 05 7:00 PM","0"
"Year 1 Oct 05 8:00 PM","0"
"Year 1 Oct 05 9:00 PM","0"
"Year 1 Oct 05 10:00 PM","0"
"Year 1 Oct 05 11:00 PM","0"
"Year 1 Oct 06 12:00 AM","0"
"Year 1 Oct 06 1:00 AM","0"
"Year 1 Oct 06 2:00 AM","0"
"Year 1 Oct 06 3:00 AM","0"
"Year 1 Oct 06 4:00 AM","0"
"Year 1 Oct 06 5:00 AM","0"
"Year 1 Oct 06 6:00 AM","1.9224492687581"
"Year 1 Oct 06 7:00 AM","31.1211929682956"
"Year 1 Oct 06 8:00 AM","129.680681646545"
"Year 1 Oct 06 9:00 AM","367.080280276272"
"Year 1 Oct 06 10:00 AM","332.85647263006"
"Year 1 Oct 06 11:00 AM","179.794877949463"
"Year 1 Oct 06 12:00 PM","164.213375626243"
"Year 1 Oct 06 1:00 PM","158.0550017499"
"Year 1 Oct 06 2:00 PM","126.837059391585"
"Year 1 Oct 06 3:00 PM","103.353525644136"
"Year 1 Oct 06 4:00 PM","76.1477247140966"
"Year 1 Oct 06 5:00 PM","30.6095737953335"
"Year 1 Oct 06 6:00 PM","3.83891595614627"
"Year 1 Oct 06 7:00 PM","0"
"Year 1 Oct 06 8:00 PM","0"
"Year 1 Oct 06 9:00 PM","0"
"Year 1 Oct 06 10:00 PM","0"
"Year 1 Oct 06 11:00 PM","0"
"Year 1 Oct 07 12:00 AM","0"
"Year 1 Oct 07 1:00 AM","0"
"Year 1 Oct 07 2:00 AM","0"
"Year 1 Oct 07 3:00 AM","0"
"Year 1 Oct 07 4:00 AM","0"
"Year 1 Oct 07 5:00 AM","0"
"Year 1 Oct 07 6:00 AM","2.28364856158848"
"Year 1 Oct 07 7:00 AM","59.950134147565"
"Year 1 Oct 07 8:00 AM","193.292200545786"
"Year 1 Oct 07 9:00 AM","257.717753459803"
"Year 1 Oct 07 10:00 AM","214.142070248761"
"Year 1 Oct 07 11:00 AM","230.775898571253"
"Year 1 Oct 07 12:00 PM","219.622508569117"
"Year 1 Oct 07 1:00 PM","171.113857812655"
"Year 1 Oct 07 2:00 PM","139.824353836629"
"Year 1 Oct 07 3:00 PM","84.4499641265477"
"Year 1 Oct 07 4:00 PM","65.0262238012056"
"Year 1 Oct 07 5:00 PM","26.2706402051067"
"Year 1 Oct 07 6:00 PM","2.79698062229785"
"Year 1 Oct 07 7:00 PM","0"
"Year 1 Oct 07 8:00 PM","0"
"Year 1 Oct 07 9:00 PM","0"
"Year 1 Oct 07 10:00 PM","0"
"Year 1 Oct 07 11:00 PM","0"
"Year 1 Oct 08 12:00 AM","0"
"Year 1 Oct 08 1:00 AM","0"
"Year 1 Oct 08 2:00 AM","0"
"Year 1 Oct 08 3:00 AM","0"
"Year 1 Oct 08 4:00 AM","0"
"Year 1 Oct 08 5:00 AM","0"
"Year 1 Oct 08 6:00 AM","1.26711307200211"
"Year 1 Oct 08 7:00 AM","49.2832567559578"
"Year 1 Oct 08 8:00 AM","200.554165286375"
"Year 1 Oct 08 9:00 AM","365.819614337116"
"Year 1 Oct 08 10:00 AM","482.02583974144"
"Year 1 Oct 08 11:00 AM","577.188756377146"
"Year 1 Oct 08 12:00 PM","625.36231058708"
"Year 1 Oct 08 1:00 PM","596.747894831625"
"Year 1 Oct 08 2:00 PM","488.128142424273"
"Year 1 Oct 08 3:00 PM","303.423257169453"
"Year 1 Oct 08 4:00 PM","169.316325114454"
"Year 1 Oct 08 5:00 PM","53.108130363599"
"Year 1 Oct 08 6:00 PM","1.81146816795551"
"Year 1 Oct 08 7:00 PM","0"
"Year 1 Oct 08 8:00 PM","0"
"Year 1 Oct 08 9:00 PM","0"
"Year 1 Oct 08 10:00 PM","0"
"Year 1 Oct 08 11:00 PM","0"
"Year 1 Oct 09 12:00 AM","0"
"Year 1 Oct 09 1:00 AM","0"
"Year 1 Oct 09 2:00 AM","0"
"Year 1 Oct 09 3:00 AM","0"
"Year 1 Oct 09 4:00 AM","0"
"Year 1 Oct 09 5:00 AM","0"
"Year 1 Oct 09 6:00 AM","0"
"Year 1 Oct 09 7:00 AM","40.1890413710384"
"Year 1 Oct 09 8:00 AM","115.045625212684"
"Year 1 Oct 09 9:00 AM","281.972111553674"
"Year 1 Oct 09 10:00 AM","470.455621194233"
"Year 1 Oct 09 11:00 AM","512.743681513998"
"Year 1 Oct 09 12:00 PM","426.584326182064"
"Year 1 Oct 09 1:00 PM","523.912014543555"
"Year 1 Oct 09 2:00 PM","449.973757501693"
"Year 1 Oct 09 3:00 PM","301.765328449678"
"Year 1 Oct 09 4:00 PM","144.755797734151"
"Year 1 Oct 09 5:00 PM","52.1967856091435"
"Year 1 Oct 09 6:00 PM","1.75423963968982"
"Year 1 Oct 09 7:00 PM","0"
"Year 1 Oct 09 8:00 PM","0"
"Year 1 Oct 09 9:00 PM","0"
"Year 1 Oct 09 10:00 PM","0"
"Year 1 Oct 09 11:00 PM","0"
"Year 1 Oct 10 12:00 AM","0"
"Year 1 Oct 10 1:00 AM","0"
"Year 1 Oct 10 2:00 AM","0"
"Year 1 Oct 10 3:00 AM","0"
"Year 1 Oct 10 4:00 AM","0"
"Year 1 Oct 10 5:00 AM","0"
"Year 1 Oct 10 6:00 AM","0"
"Year 1 Oct 10 7:00 AM","17.7753583943181"
"Year 1 Oct 10 8:00 AM","57.0532602883405"
"Year 1 Oct 10 9:00 AM","85.5157759776039"
"Year 1 Oct 10 10:00 AM","124.743977515899"
"Year 1 Oct 10 11:00 AM","149.399601800598"
"Year 1 Oct 10 12:00 PM","166.076265747105"
"Year 1 Oct 10 1:00 PM","160.47493232386"
"Year 1 Oct 10 2:00 PM","160.01158159833"
"Year 1 Oct 10 3:00 PM","135.760638772237"
"Year 1 Oct 10 4:00 PM","139.778664346096"
"Year 1 Oct 10 5:00 PM","26.970467562064"
"Year 1 Oct 10 6:00 PM","1.09400233500971"
"Year 1 Oct 10 7:00 PM","0"
"Year 1 Oct 10 8:00 PM","0"
"Year 1 Oct 10 9:00 PM","0"
"Year 1 Oct 10 10:00 PM","0"
"Year 1 Oct 10 11:00 PM","0"
"Year 1 Oct 11 12:00 AM","0"
"Year 1 Oct 11 1:00 AM","0"
"Year 1 Oct 11 2:00 AM","0"
"Year 1 Oct 11 3:00 AM","0"
"Year 1 Oct 11 4:00 AM","0"
"Year 1 Oct 11 5:00 AM","0"
"Year 1 Oct 11 6:00 AM","0"
"Year 1 Oct 11 7:00 AM","21.7534596663826"
"Year 1 Oct 11 8:00 AM","73.8746561337528"
"Year 1 Oct 11 9:00 AM","264.762886362346"
"Year 1 Oct 11 10:00 AM","361.808648357699"
"Year 1 Oct 11 11:00 AM","167.868633249698"
"Year 1 Oct 11 12:00 PM","152.62869032458"
"Year 1 Oct 11 1:00 PM","154.754329911126"
"Year 1 Oct 11 2:00 PM","127.713001155699"
"Year 1 Oct 11 3:00 PM","112.394929251419"
"Year 1 Oct 11 4:00 PM","97.3295411831015"
"Year 1 Oct 11 5:00 PM","37.0740833178703"
"Year 1 Oct 11 6:00 PM","1.57699836734822"
"Year 1 Oct 11 7:00 PM","0"
"Year 1 Oct 11 8:00 PM","0"
"Year 1 Oct 11 9:00 PM","0"
"Year 1 Oct 11 10:00 PM","0"
"Year 1 Oct 11 11:00 PM","0"
"Year 1 Oct 12 12:00 AM","0"
"Year 1 Oct 12 1:00 AM","0"
"Year 1 Oct 12 2:00 AM","0"
"Year 1 Oct 12 3:00 AM","0"
"Year 1 Oct 12 4:00 AM","0"
"Year 1 Oct 12 5:00 AM","0"
"Year 1 Oct 12 6:00 AM","0"
"Year 1 Oct 12 7:00 AM","30.4164437004953"
"Year 1 Oct 12 8:00 AM","107.636761415194"
"Year 1 Oct 12 9:00 AM","182.885006204877"
"Year 1 Oct 12 10:00 AM","216.584691669214"
"Year 1 Oct 12 11:00 AM","344.603612480696"
"Year 1 Oct 12 12:00 PM","336.570171667147"
"Year 1 Oct 12 1:00 PM","182.834927038923"
"Year 1 Oct 12 2:00 PM","75.60112472735"
"Year 1 Oct 12 3:00 PM","69.7879829733708"
"Year 1 Oct 12 4:00 PM","33.8037838830608"
"Year 1 Oct 12 5:00 PM","11.6734350905654"
"Year 1 Oct 12 6:00 PM","0.802221785181204"
"Year 1 Oct 12 7:00 PM","0"
"Year 1 Oct 12 8:00 PM","0"
"Year 1 Oct 12 9:00 PM","0"
"Year 1 Oct 12 10:00 PM","0"
"Year 1 Oct 12 11:00 PM","0"
"Year 1 Oct 13 12:00 AM","0"
"Year 1 Oct 13 1:00 AM","0"
"Year 1 Oct 13 2:00 AM","0"
"Year 1 Oct 13 3:00 AM","0"
"Year 1 Oct 13 4:00 AM","0"
"Year 1 Oct 13 5:00 AM","0"
"Year 1 Oct 13 6:00 AM","0"
"Year 1 Oct 13 7:00 AM","44.2667771443429"
"Year 1 Oct 13 8:00 AM","192.845001978324"
"Year 1 Oct 13 9:00 AM","356.735888435214"
"Year 1 Oct 13 10:00 AM","471.490439543652"
"Year 1 Oct 13 11:00 AM","519.678772177269"
"Year 1 Oct 13 12:00 PM","509.409007529544"
"Year 1 Oct 13 1:00 PM","421.11972974113"
"Year 1 Oct 13 2:00 PM","362.102088860829"
"Year 1 Oct 13 3:00 PM","300.98867328285"
"Year 1 Oct 13 4:00 PM","143.98990189947"
"Year 1 Oct 13 5:00 PM","36.2676288934986"
"Year 1 Oct 13 6:00 PM","1.32340544015335"
"Year 1 Oct 13 7:00 PM","0"
"Year 1 Oct 13 8:00 PM","0"
"Year 1 Oct 13 9:00 PM","0"
"Year 1 Oct 13 10:00 PM","0"
"Year 1 Oct 13 11:00 PM","0"
"Year 1 Oct 14 12:00 AM","0"
"Year 1 Oct 14 1:00 AM","0"
"Year 1 Oct 14 2:00 AM","0"
"Year 1 Oct 14 3:00 AM","0"
"Year 1 Oct 14 4:00 AM","0"
"Year 1 Oct 14 5:00 AM","0"
"Year 1 Oct 14 6:00 AM","0"
"Year 1 Oct 14 7:00 AM","40.0309285370691"
"Year 1 Oct 14 8:00 AM","148.401826554776"
"Year 1 Oct 14 9:00 AM","191.612439174544"
"Year 1 Oct 14 10:00 AM","234.115143532368"
"Year 1 Oct 14 11:00 AM","352.036254167597"
"Year 1 Oct 14 12:00 PM","392.140497424067"
"Year 1 Oct 14 1:00 PM","322.103053806158"
"Year 1 Oct 14 2:00 PM","358.379348562656"
"Year 1 Oct 14 3:00 PM","212.933523915925"
"Year 1 Oct 14 4:00 PM","133.130297935769"
"Year 1 Oct 14 5:00 PM","39.0105504659651"
"Year 1 Oct 14 6:00 PM","0"
"Year 1 Oct 14 7:00 PM","0"
"Year 1 Oct 14 8:00 PM","0"
"Year 1 Oct 14 9:00 PM","0"
"Year 1 Oct 14 10:00 PM","0"
"Year 1 Oct 14 11:00 PM","0"
"Year 1 Oct 15 12:00 AM","0"
"Year 1 Oct 15 1:00 AM","0"
"Year 1 Oct 15 2:00 AM","0"
"Year 1 Oct 15 3:00 AM","0"
"Year 1 Oct 15 4:00 AM","0"
"Year 1 Oct 15 5:00 AM","0"
"Year 1 Oct 15 6:00 AM","0"
"Year 1 Oct 15 7:00 AM","14.6458115246253"
"Year 1 Oct 15 8:00 AM","46.4708031666965"
"Year 1 Oct 15 9:00 AM","58.8511522904329"
"Year 1 Oct 15 10:00 AM","77.7527360463102"
"Year 1 Oct 15 11:00 AM","101.279819010953"
"Year 1 Oct 15 12:00 PM","150.788223303769"
"Year 1 Oct 15 1:00 PM","102.682907408477"
"Year 1 Oct 15 2:00 PM","130.721318196297"
"Year 1 Oct 15 3:00 PM","116.306922560777"
"Year 1 Oct 15 4:00 PM","70.1387385897908"
"Year 1 Oct 15 5:00 PM","23.8772089732275"
"Year 1 Oct 15 6:00 PM","0"
"Year 1 Oct 15 7:00 PM","0"
"Year 1 Oct 15 8:00 PM","0"
"Year 1 Oct 15 9:00 PM","0"
"Year 1 Oct 15 10:00 PM","0"
"Year 1 Oct 15 11:00 PM","0"
"Year 1 Oct 16 12:00 AM","0"
"Year 1 Oct 16 1:00 AM","0"
"Year 1 Oct 16 2:00 AM","0"
"Year 1 Oct 16 3:00 AM","0"
"Year 1 Oct 16 4:00 AM","0"
"Year 1 Oct 16 5:00 AM","0"
"Year 1 Oct 16 6:00 AM","0"
"Year 1 Oct 16 7:00 AM","12.8520576050615"
"Year 1 Oct 16 8:00 AM","38.2614845917096"
"Year 1 Oct 16 9:00 AM","75.0632604989361"
"Year 1 Oct 16 10:00 AM","232.536167769284"
"Year 1 Oct 16 11:00 AM","204.940341349644"
"Year 1 Oct 16 12:00 PM","281.462269235694"
"Year 1 Oct 16 1:00 PM","341.177227248705"
"Year 1 Oct 16 2:00 PM","460.116109379884"
"Year 1 Oct 16 3:00 PM","282.042521965593"
"Year 1 Oct 16 4:00 PM","137.034483725006"
"Year 1 Oct 16 5:00 PM","42.3894259354154"
"Year 1 Oct 16 6:00 PM","0"
"Year 1 Oct 16 7:00 PM","0"
"Year 1 Oct 16 8:00 PM","0"
"Year 1 Oct 16 9:00 PM","0"
"Year 1 Oct 16 10:00 PM","0"
"Year 1 Oct 16 11:00 PM","0"
"Year 1 Oct 17 12:00 AM","0"
"Year 1 Oct 17 1:00 AM","0"
"Year 1 Oct 17 2:00 AM","0"
"Year 1 Oct 17 3:00 AM","0"
"Year 1 Oct 17 4:00 AM","0"
"Year 1 Oct 17 5:00 AM","0"
"Year 1 Oct 17 6:00 AM","0"
"Year 1 Oct 17 7:00 AM","33.9818880357756"
"Year 1 Oct 17 8:00 AM","155.708766910363"
"Year 1 Oct 17 9:00 AM","312.605185798938"
"Year 1 Oct 17 10:00 AM","426.287194711803"
"Year 1 Oct 17 11:00 AM","492.355492319366"
"Year 1 Oct 17 12:00 PM","471.44576785398"
"Year 1 Oct 17 1:00 PM","475.819905518737"
"Year 1 Oct 17 2:00 PM","324.220807558758"
"Year 1 Oct 17 3:00 PM","69.8004282140071"
"Year 1 Oct 17 4:00 PM","39.4372108646022"
"Year 1 Oct 17 5:00 PM","22.5795330705235"
"Year 1 Oct 17 6:00 PM","0"
"Year 1 Oct 17 7:00 PM","0"
"Year 1 Oct 17 8:00 PM","0"
"Year 1 Oct 17 9:00 PM","0"
"Year 1 Oct 17 10:00 PM","0"
"Year 1 Oct 17 11:00 PM","0"
"Year 1 Oct 18 12:00 AM","0"
"Year 1 Oct 18 1:00 AM","0"
"Year 1 Oct 18 2:00 AM","0"
"Year 1 Oct 18 3:00 AM","0"
"Year 1 Oct 18 4:00 AM","0"
"Year 1 Oct 18 5:00 AM","0"
"Year 1 Oct 18 6:00 AM","0"
"Year 1 Oct 18 7:00 AM","22.8591618976199"
"Year 1 Oct 18 8:00 AM","101.067669518002"
"Year 1 Oct 18 9:00 AM","256.617718951818"
"Year 1 Oct 18 10:00 AM","386.408102656249"
"Year 1 Oct 18 11:00 AM","267.47067931364"
"Year 1 Oct 18 12:00 PM","143.541313869708"
"Year 1 Oct 18 1:00 PM","136.131604456423"
"Year 1 Oct 18 2:00 PM","125.094121625068"
"Year 1 Oct 18 3:00 PM","148.287186523543"
"Year 1 Oct 18 4:00 PM","47.6408927474556"
"Year 1 Oct 18 5:00 PM","28.7740704918861"
"Year 1 Oct 18 6:00 PM","0"
"Year 1 Oct 18 7:00 PM","0"
"Year 1 Oct 18 8:00 PM","0"
"Year 1 Oct 18 9:00 PM","0"
"Year 1 Oct 18 10:00 PM","0"
"Year 1 Oct 18 11:00 PM","0"
"Year 1 Oct 19 12:00 AM","0"
"Year 1 Oct 19 1:00 AM","0"
"Year 1 Oct 19 2:00 AM","0"
"Year 1 Oct 19 3:00 AM","0"
"Year 1 Oct 19 4:00 AM","0"
"Year 1 Oct 19 5:00 AM","0"
"Year 1 Oct 19 6:00 AM","0"
"Year 1 Oct 19 7:00 AM","22.3978637504173"
"Year 1 Oct 19 8:00 AM","111.837957361244"
"Year 1 Oct 19 9:00 AM","252.616411735881"
"Year 1 Oct 19 10:00 AM","393.346670846062"
"Year 1 Oct 19 11:00 AM","468.890505013588"
"Year 1 Oct 19 12:00 PM","507.315868818007"
"Year 1 Oct 19 1:00 PM","426.517159015774"
"Year 1 Oct 19 2:00 PM","371.837118469555"
"Year 1 Oct 19 3:00 PM","227.365998859735"
"Year 1 Oct 19 4:00 PM","119.520992258468"
"Year 1 Oct 19 5:00 PM","24.9837015440854"
"Year 1 Oct 19 6:00 PM","0"
"Year 1 Oct 19 7:00 PM","0"
"Year 1 Oct 19 8:00 PM","0"
"Year 1 Oct 19 9:00 PM","0"
"Year 1 Oct 19 10:00 PM","0"
"Year 1 Oct 19 11:00 PM","0"
"Year 1 Oct 20 12:00 AM","0"
"Year 1 Oct 20 1:00 AM","0"
"Year 1 Oct 20 2:00 AM","0"
"Year 1 Oct 20 3:00 AM","0"
"Year 1 Oct 20 4:00 AM","0"
"Year 1 Oct 20 5:00 AM","0"
"Year 1 Oct 20 6:00 AM","0"
"Year 1 Oct 20 7:00 AM","32.4700688381361"
"Year 1 Oct 20 8:00 AM","163.843757903367"
"Year 1 Oct 20 9:00 AM","328.873306971982"
"Year 1 Oct 20 10:00 AM","465.895160050514"
"Year 1 Oct 20 11:00 AM","557.681942661928"
"Year 1 Oct 20 12:00 PM","588.447679531798"
"Year 1 Oct 20 1:00 PM","559.064327463142"
"Year 1 Oct 20 2:00 PM","475.725159981545"
"Year 1 Oct 20 3:00 PM","338.288891955877"
"Year 1 Oct 20 4:00 PM","172.196745026377"
"Year 1 Oct 20 5:00 PM","36.2939768703506"
"Year 1 Oct 20 6:00 PM","0"
"Year 1 Oct 20 7:00 PM","0"
"Year 1 Oct 20 8:00 PM","0"
"Year 1 Oct 20 9:00 PM","0"
"Year 1 Oct 20 10:00 PM","0"
"Year 1 Oct 20 11:00 PM","0"
"Year 1 Oct 21 12:00 AM","0"
"Year 1 Oct 21 1:00 AM","0"
"Year 1 Oct 21 2:00 AM","0"
"Year 1 Oct 21 3:00 AM","0"
"Year 1 Oct 21 4:00 AM","0"
"Year 1 Oct 21 5:00 AM","0"
"Year 1 Oct 21 6:00 AM","0"
"Year 1 Oct 21 7:00 AM","27.4786895204186"
"Year 1 Oct 21 8:00 AM","135.917570184507"
"Year 1 Oct 21 9:00 AM","289.079419271833"
"Year 1 Oct 21 10:00 AM","419.35864699479"
"Year 1 Oct 21 11:00 AM","480.286125592336"
"Year 1 Oct 21 12:00 PM","490.080287602837"
"Year 1 Oct 21 1:00 PM","402.969319943074"
"Year 1 Oct 21 2:00 PM","206.389001230428"
"Year 1 Oct 21 3:00 PM","213.159244940279"
"Year 1 Oct 21 4:00 PM","99.7573520441051"
"Year 1 Oct 21 5:00 PM","21.5269604122492"
"Year 1 Oct 21 6:00 PM","0"
"Year 1 Oct 21 7:00 PM","0"
"Year 1 Oct 21 8:00 PM","0"
"Year 1 Oct 21 9:00 PM","0"
"Year 1 Oct 21 10:00 PM","0"
"Year 1 Oct 21 11:00 PM","0"
"Year 1 Oct 22 12:00 AM","0"
"Year 1 Oct 22 1:00 AM","0"
"Year 1 Oct 22 2:00 AM","0"
"Year 1 Oct 22 3:00 AM","0"
"Year 1 Oct 22 4:00 AM","0"
"Year 1 Oct 22 5:00 AM","0"
"Year 1 Oct 22 6:00 AM","0"
"Year 1 Oct 22 7:00 AM","13.1051233653412"
"Year 1 Oct 22 8:00 AM","39.5728891885825"
"Year 1 Oct 22 9:00 AM","64.367073384576"
"Year 1 Oct 22 10:00 AM","123.592265571879"
"Year 1 Oct 22 11:00 AM","226.794550835835"
"Year 1 Oct 22 12:00 PM","186.910263342958"
"Year 1 Oct 22 1:00 PM","205.704246800237"
"Year 1 Oct 22 2:00 PM","160.297256491167"
"Year 1 Oct 22 3:00 PM","79.8272388474818"
"Year 1 Oct 22 4:00 PM","48.8610293526174"
"Year 1 Oct 22 5:00 PM","12.8312433888726"
"Year 1 Oct 22 6:00 PM","0"
"Year 1 Oct 22 7:00 PM","0"
"Year 1 Oct 22 8:00 PM","0"
"Year 1 Oct 22 9:00 PM","0"
"Year 1 Oct 22 10:00 PM","0"
"Year 1 Oct 22 11:00 PM","0"
"Year 1 Oct 23 12:00 AM","0"
"Year 1 Oct 23 1:00 AM","0"
"Year 1 Oct 23 2:00 AM","0"
"Year 1 Oct 23 3:00 AM","0"
"Year 1 Oct 23 4:00 AM","0"
"Year 1 Oct 23 5:00 AM","0"
"Year 1 Oct 23 6:00 AM","0"
"Year 1 Oct 23 7:00 AM","20.2585799567999"
"Year 1 Oct 23 8:00 AM","110.370262278548"
"Year 1 Oct 23 9:00 AM","238.771147949807"
"Year 1 Oct 23 10:00 AM","262.026964784549"
"Year 1 Oct 23 11:00 AM","298.77229819071"
"Year 1 Oct 23 12:00 PM","288.066496025233"
"Year 1 Oct 23 1:00 PM","353.939019149941"
"Year 1 Oct 23 2:00 PM","377.355639229159"
"Year 1 Oct 23 3:00 PM","227.679493255483"
"Year 1 Oct 23 4:00 PM","144.656615344559"
"Year 1 Oct 23 5:00 PM","34.5546809975332"
"Year 1 Oct 23 6:00 PM","0"
"Year 1 Oct 23 7:00 PM","0"
"Year 1 Oct 23 8:00 PM","0"
"Year 1 Oct 23 9:00 PM","0"
"Year 1 Oct 23 10:00 PM","0"
"Year 1 Oct 23 11:00 PM","0"
"Year 1 Oct 24 12:00 AM","0"
"Year 1 Oct 24 1:00 AM","0"
"Year 1 Oct 24 2:00 AM","0"
"Year 1 Oct 24 3:00 AM","0"
"Year 1 Oct 24 4:00 AM","0"
"Year 1 Oct 24 5:00 AM","0"
"Year 1 Oct 24 6:00 AM","0"
"Year 1 Oct 24 7:00 AM","33.6271258594946"
"Year 1 Oct 24 8:00 AM","174.398012875513"
"Year 1 Oct 24 9:00 AM","339.617130751315"
"Year 1 Oct 24 10:00 AM","451.918582814211"
"Year 1 Oct 24 11:00 AM","536.735697845425"
"Year 1 Oct 24 12:00 PM","564.951008535588"
"Year 1 Oct 24 1:00 PM","572.198070156807"
"Year 1 Oct 24 2:00 PM","492.02616736122"
"Year 1 Oct 24 3:00 PM","355.646769349097"
"Year 1 Oct 24 4:00 PM","184.566336058365"
"Year 1 Oct 24 5:00 PM","38.1988230876442"
"Year 1 Oct 24 6:00 PM","0"
"Year 1 Oct 24 7:00 PM","0"
"Year 1 Oct 24 8:00 PM","0"
"Year 1 Oct 24 9:00 PM","0"
"Year 1 Oct 24 10:00 PM","0"
"Year 1 Oct 24 11:00 PM","0"
"Year 1 Oct 25 12:00 AM","0"
"Year 1 Oct 25 1:00 AM","0"
"Year 1 Oct 25 2:00 AM","0"
"Year 1 Oct 25 3:00 AM","0"
"Year 1 Oct 25 4:00 AM","0"
"Year 1 Oct 25 5:00 AM","0"
"Year 1 Oct 25 6:00 AM","0"
"Year 1 Oct 25 7:00 AM","7.54171380102911"
"Year 1 Oct 25 8:00 AM","27.3369902624099"
"Year 1 Oct 25 9:00 AM","48.596354645363"
"Year 1 Oct 25 10:00 AM","63.5587581215717"
"Year 1 Oct 25 11:00 AM","80.9720888179829"
"Year 1 Oct 25 12:00 PM","103.624727859022"
"Year 1 Oct 25 1:00 PM","133.052864245714"
"Year 1 Oct 25 2:00 PM","140.587711820421"
"Year 1 Oct 25 3:00 PM","87.722991509513"
"Year 1 Oct 25 4:00 PM","48.259487988792"
"Year 1 Oct 25 5:00 PM","13.9866124305381"
"Year 1 Oct 25 6:00 PM","0"
"Year 1 Oct 25 7:00 PM","0"
"Year 1 Oct 25 8:00 PM","0"
"Year 1 Oct 25 9:00 PM","0"
"Year 1 Oct 25 10:00 PM","0"
"Year 1 Oct 25 11:00 PM","0"
"Year 1 Oct 26 12:00 AM","0"
"Year 1 Oct 26 1:00 AM","0"
"Year 1 Oct 26 2:00 AM","0"
"Year 1 Oct 26 3:00 AM","0"
"Year 1 Oct 26 4:00 AM","0"
"Year 1 Oct 26 5:00 AM","0"
"Year 1 Oct 26 6:00 AM","0"
"Year 1 Oct 26 7:00 AM","10.8307395820122"
"Year 1 Oct 26 8:00 AM","57.6617256436766"
"Year 1 Oct 26 9:00 AM","175.460271318225"
"Year 1 Oct 26 10:00 AM","384.15318331365"
"Year 1 Oct 26 11:00 AM","518.232179950602"
"Year 1 Oct 26 12:00 PM","525.747949870008"
"Year 1 Oct 26 1:00 PM","481.067929709576"
"Year 1 Oct 26 2:00 PM","355.296170650547"
"Year 1 Oct 26 3:00 PM","228.980783276434"
"Year 1 Oct 26 4:00 PM","99.0408091364575"
"Year 1 Oct 26 5:00 PM","23.4952947294597"
"Year 1 Oct 26 6:00 PM","0"
"Year 1 Oct 26 7:00 PM","0"
"Year 1 Oct 26 8:00 PM","0"
"Year 1 Oct 26 9:00 PM","0"
"Year 1 Oct 26 10:00 PM","0"
"Year 1 Oct 26 11:00 PM","0"
"Year 1 Oct 27 12:00 AM","0"
"Year 1 Oct 27 1:00 AM","0"
"Year 1 Oct 27 2:00 AM","0"
"Year 1 Oct 27 3:00 AM","0"
"Year 1 Oct 27 4:00 AM","0"
"Year 1 Oct 27 5:00 AM","0"
"Year 1 Oct 27 6:00 AM","0"
"Year 1 Oct 27 7:00 AM","31.7359826408355"
"Year 1 Oct 27 8:00 AM","182.69143469681"
"Year 1 Oct 27 9:00 AM","351.643149319268"
"Year 1 Oct 27 10:00 AM","490.824565572309"
"Year 1 Oct 27 11:00 AM","580.065194665417"
"Year 1 Oct 27 12:00 PM","610.158181843314"
"Year 1 Oct 27 1:00 PM","583.181844813248"
"Year 1 Oct 27 2:00 PM","498.374904909685"
"Year 1 Oct 27 3:00 PM","361.385177983238"
"Year 1 Oct 27 4:00 PM","188.966625106176"
"Year 1 Oct 27 5:00 PM","35.7308605658796"
"Year 1 Oct 27 6:00 PM","0"
"Year 1 Oct 27 7:00 PM","0"
"Year 1 Oct 27 8:00 PM","0"
"Year 1 Oct 27 9:00 PM","0"
"Year 1 Oct 27 10:00 PM","0"
"Year 1 Oct 27 11:00 PM","0"
"Year 1 Oct 28 12:00 AM","0"
"Year 1 Oct 28 1:00 AM","0"
"Year 1 Oct 28 2:00 AM","0"
"Year 1 Oct 28 3:00 AM","0"
"Year 1 Oct 28 4:00 AM","0"
"Year 1 Oct 28 5:00 AM","0"
"Year 1 Oct 28 6:00 AM","0"
"Year 1 Oct 28 7:00 AM","15.6715903669341"
"Year 1 Oct 28 8:00 AM","91.9477822025535"
"Year 1 Oct 28 9:00 AM","252.899850934031"
"Year 1 Oct 28 10:00 AM","348.112680910334"
"Year 1 Oct 28 11:00 AM","459.673715392022"
"Year 1 Oct 28 12:00 PM","450.999278891287"
"Year 1 Oct 28 1:00 PM","423.833833800918"
"Year 1 Oct 28 2:00 PM","370.12862711539"
"Year 1 Oct 28 3:00 PM","266.944499339678"
"Year 1 Oct 28 4:00 PM","123.450956462398"
"Year 1 Oct 28 5:00 PM","16.8194080404316"
"Year 1 Oct 28 6:00 PM","0"
"Year 1 Oct 28 7:00 PM","0"
"Year 1 Oct 28 8:00 PM","0"
"Year 1 Oct 28 9:00 PM","0"
"Year 1 Oct 28 10:00 PM","0"
"Year 1 Oct 28 11:00 PM","0"
"Year 1 Oct 29 12:00 AM","0"
"Year 1 Oct 29 1:00 AM","0"
"Year 1 Oct 29 2:00 AM","0"
"Year 1 Oct 29 3:00 AM","0"
"Year 1 Oct 29 4:00 AM","0"
"Year 1 Oct 29 5:00 AM","0"
"Year 1 Oct 29 6:00 AM","0"
"Year 1 Oct 29 7:00 AM","11.5460086600047"
"Year 1 Oct 29 8:00 AM","49.0899955519768"
"Year 1 Oct 29 9:00 AM","64.3637153420592"
"Year 1 Oct 29 10:00 AM","175.798550563441"
"Year 1 Oct 29 11:00 AM","389.814197489061"
"Year 1 Oct 29 12:00 PM","400.505510093385"
"Year 1 Oct 29 1:00 PM","473.173726884505"
"Year 1 Oct 29 2:00 PM","372.984506132221"
"Year 1 Oct 29 3:00 PM","256.353487303068"
"Year 1 Oct 29 4:00 PM","112.578332776751"
"Year 1 Oct 29 5:00 PM","15.5120456153232"
"Year 1 Oct 29 6:00 PM","0"
"Year 1 Oct 29 7:00 PM","0"
"Year 1 Oct 29 8:00 PM","0"
"Year 1 Oct 29 9:00 PM","0"
"Year 1 Oct 29 10:00 PM","0"
"Year 1 Oct 29 11:00 PM","0"
"Year 1 Oct 30 12:00 AM","0"
"Year 1 Oct 30 1:00 AM","0"
"Year 1 Oct 30 2:00 AM","0"
"Year 1 Oct 30 3:00 AM","0"
"Year 1 Oct 30 4:00 AM","0"
"Year 1 Oct 30 5:00 AM","0"
"Year 1 Oct 30 6:00 AM","0"
"Year 1 Oct 30 7:00 AM","15.6384959100056"
"Year 1 Oct 30 8:00 AM","118.503608571779"
"Year 1 Oct 30 9:00 AM","266.520312537649"
"Year 1 Oct 30 10:00 AM","396.673515752871"
"Year 1 Oct 30 11:00 AM","483.067417664092"
"Year 1 Oct 30 12:00 PM","511.516969609306"
"Year 1 Oct 30 1:00 PM","482.879353070992"
"Year 1 Oct 30 2:00 PM","397.794558956787"
"Year 1 Oct 30 3:00 PM","268.430838550628"
"Year 1 Oct 30 4:00 PM","119.155968411424"
"Year 1 Oct 30 5:00 PM","15.7304922661351"
"Year 1 Oct 30 6:00 PM","0"
"Year 1 Oct 30 7:00 PM","0"
"Year 1 Oct 30 8:00 PM","0"
"Year 1 Oct 30 9:00 PM","0"
"Year 1 Oct 30 10:00 PM","0"
"Year 1 Oct 30 11:00 PM","0"
"Year 1 Oct 31 12:00 AM","0"
"Year 1 Oct 31 1:00 AM","0"
"Year 1 Oct 31 2:00 AM","0"
"Year 1 Oct 31 3:00 AM","0"
"Year 1 Oct 31 4:00 AM","0"
"Year 1 Oct 31 5:00 AM","0"
"Year 1 Oct 31 6:00 AM","0"
"Year 1 Oct 31 7:00 AM","14.2920766593242"
"Year 1 Oct 31 8:00 AM","86.4516591761714"
"Year 1 Oct 31 9:00 AM","181.964028438555"
"Year 1 Oct 31 10:00 AM","200.774271784826"
"Year 1 Oct 31 11:00 AM","120.58174316703"
"Year 1 Oct 31 12:00 PM","181.234717923964"
"Year 1 Oct 31 1:00 PM","306.769598428969"
"Year 1 Oct 31 2:00 PM","317.344364848566"
"Year 1 Oct 31 3:00 PM","195.76494748261"
"Year 1 Oct 31 4:00 PM","81.9701030054077"
"Year 1 Oct 31 5:00 PM","12.0014868232288"
"Year 1 Oct 31 6:00 PM","0"
"Year 1 Oct 31 7:00 PM","0"
"Year 1 Oct 31 8:00 PM","0"
"Year 1 Oct 31 9:00 PM","0"
"Year 1 Oct 31 10:00 PM","0"
"Year 1 Oct 31 11:00 PM","0"
"Year 1 Nov 01 12:00 AM","0"
"Year 1 Nov 01 1:00 AM","0"
"Year 1 Nov 01 2:00 AM","0"
"Year 1 Nov 01 3:00 AM","0"
"Year 1 Nov 01 4:00 AM","0"
"Year 1 Nov 01 5:00 AM","0"
"Year 1 Nov 01 6:00 AM","0"
"Year 1 Nov 01 7:00 AM","6.86646810681971"
"Year 1 Nov 01 8:00 AM","27.879375674324"
"Year 1 Nov 01 9:00 AM","55.4842578243915"
"Year 1 Nov 01 10:00 AM","73.4544864554051"
"Year 1 Nov 01 11:00 AM","85.479086729325"
"Year 1 Nov 01 12:00 PM","90.3631036509904"
"Year 1 Nov 01 1:00 PM","86.63544104707"
"Year 1 Nov 01 2:00 PM","78.2750219832571"
"Year 1 Nov 01 3:00 PM","56.2103062063151"
"Year 1 Nov 01 4:00 PM","28.6317811490149"
"Year 1 Nov 01 5:00 PM","6.5073975441286"
"Year 1 Nov 01 6:00 PM","0"
"Year 1 Nov 01 7:00 PM","0"
"Year 1 Nov 01 8:00 PM","0"
"Year 1 Nov 01 9:00 PM","0"
"Year 1 Nov 01 10:00 PM","0"
"Year 1 Nov 01 11:00 PM","0"
"Year 1 Nov 02 12:00 AM","0"
"Year 1 Nov 02 1:00 AM","0"
"Year 1 Nov 02 2:00 AM","0"
"Year 1 Nov 02 3:00 AM","0"
"Year 1 Nov 02 4:00 AM","0"
"Year 1 Nov 02 5:00 AM","0"
"Year 1 Nov 02 6:00 AM","0"
"Year 1 Nov 02 7:00 AM","13.7257774976205"
"Year 1 Nov 02 8:00 AM","78.887832236651"
"Year 1 Nov 02 9:00 AM","227.02134208885"
"Year 1 Nov 02 10:00 AM","303.120004532132"
"Year 1 Nov 02 11:00 AM","403.602500326923"
"Year 1 Nov 02 12:00 PM","419.658279742629"
"Year 1 Nov 02 1:00 PM","345.114645342752"
"Year 1 Nov 02 2:00 PM","173.697683476598"
"Year 1 Nov 02 3:00 PM","80.0779233624147"
"Year 1 Nov 02 4:00 PM","58.1254656030937"
"Year 1 Nov 02 5:00 PM","12.3298770447251"
"Year 1 Nov 02 6:00 PM","0"
"Year 1 Nov 02 7:00 PM","0"
"Year 1 Nov 02 8:00 PM","0"
"Year 1 Nov 02 9:00 PM","0"
"Year 1 Nov 02 10:00 PM","0"
"Year 1 Nov 02 11:00 PM","0"
"Year 1 Nov 03 12:00 AM","0"
"Year 1 Nov 03 1:00 AM","0"
"Year 1 Nov 03 2:00 AM","0"
"Year 1 Nov 03 3:00 AM","0"
"Year 1 Nov 03 4:00 AM","0"
"Year 1 Nov 03 5:00 AM","0"
"Year 1 Nov 03 6:00 AM","0"
"Year 1 Nov 03 7:00 AM","5.16108762250794"
"Year 1 Nov 03 8:00 AM","33.0654724721934"
"Year 1 Nov 03 9:00 AM","71.6761811434131"
"Year 1 Nov 03 10:00 AM","98.1166260476065"
"Year 1 Nov 03 11:00 AM","142.619537564194"
"Year 1 Nov 03 12:00 PM","204.966099243639"
"Year 1 Nov 03 1:00 PM","175.129176416248"
"Year 1 Nov 03 2:00 PM","130.062039966655"
"Year 1 Nov 03 3:00 PM","75.2683669924562"
"Year 1 Nov 03 4:00 PM","34.5486943164189"
"Year 1 Nov 03 5:00 PM","7.59349219926689"
"Year 1 Nov 03 6:00 PM","0"
"Year 1 Nov 03 7:00 PM","0"
"Year 1 Nov 03 8:00 PM","0"
"Year 1 Nov 03 9:00 PM","0"
"Year 1 Nov 03 10:00 PM","0"
"Year 1 Nov 03 11:00 PM","0"
"Year 1 Nov 04 12:00 AM","0"
"Year 1 Nov 04 1:00 AM","0"
"Year 1 Nov 04 2:00 AM","0"
"Year 1 Nov 04 3:00 AM","0"
"Year 1 Nov 04 4:00 AM","0"
"Year 1 Nov 04 5:00 AM","0"
"Year 1 Nov 04 6:00 AM","0"
"Year 1 Nov 04 7:00 AM","11.702464086703"
"Year 1 Nov 04 8:00 AM","106.659152526577"
"Year 1 Nov 04 9:00 AM","240.248384502329"
"Year 1 Nov 04 10:00 AM","351.518542513579"
"Year 1 Nov 04 11:00 AM","408.023201064223"
"Year 1 Nov 04 12:00 PM","457.914489622591"
"Year 1 Nov 04 1:00 PM","443.50370163149"
"Year 1 Nov 04 2:00 PM","383.719414493868"
"Year 1 Nov 04 3:00 PM","256.672362925134"
"Year 1 Nov 04 4:00 PM","109.690192603196"
"Year 1 Nov 04 5:00 PM","12.2078061370258"
"Year 1 Nov 04 6:00 PM","0"
"Year 1 Nov 04 7:00 PM","0"
"Year 1 Nov 04 8:00 PM","0"
"Year 1 Nov 04 9:00 PM","0"
"Year 1 Nov 04 10:00 PM","0"
"Year 1 Nov 04 11:00 PM","0"
"Year 1 Nov 05 12:00 AM","0"
"Year 1 Nov 05 1:00 AM","0"
"Year 1 Nov 05 2:00 AM","0"
"Year 1 Nov 05 3:00 AM","0"
"Year 1 Nov 05 4:00 AM","0"
"Year 1 Nov 05 5:00 AM","0"
"Year 1 Nov 05 6:00 AM","0"
"Year 1 Nov 05 7:00 AM","4.36876953891617"
"Year 1 Nov 05 8:00 AM","25.103342701141"
"Year 1 Nov 05 9:00 AM","63.9085468478867"
"Year 1 Nov 05 10:00 AM","102.827347903348"
"Year 1 Nov 05 11:00 AM","135.63321033258"
"Year 1 Nov 05 12:00 PM","152.802435500915"
"Year 1 Nov 05 1:00 PM","121.116968310669"
"Year 1 Nov 05 2:00 PM","121.482980199859"
"Year 1 Nov 05 3:00 PM","84.6074691345788"
"Year 1 Nov 05 4:00 PM","54.996767734595"
"Year 1 Nov 05 5:00 PM","7.64995445540168"
"Year 1 Nov 05 6:00 PM","0"
"Year 1 Nov 05 7:00 PM","0"
"Year 1 Nov 05 8:00 PM","0"
"Year 1 Nov 05 9:00 PM","0"
"Year 1 Nov 05 10:00 PM","0"
"Year 1 Nov 05 11:00 PM","0"
"Year 1 Nov 06 12:00 AM","0"
"Year 1 Nov 06 1:00 AM","0"
"Year 1 Nov 06 2:00 AM","0"
"Year 1 Nov 06 3:00 AM","0"
"Year 1 Nov 06 4:00 AM","0"
"Year 1 Nov 06 5:00 AM","0"
"Year 1 Nov 06 6:00 AM","0"
"Year 1 Nov 06 7:00 AM","4.83600338171029"
"Year 1 Nov 06 8:00 AM","26.1424847107605"
"Year 1 Nov 06 9:00 AM","61.8725566358811"
"Year 1 Nov 06 10:00 AM","85.1369761482026"
"Year 1 Nov 06 11:00 AM","109.15726657789"
"Year 1 Nov 06 12:00 PM","150.844260532018"
"Year 1 Nov 06 1:00 PM","122.667094146434"
"Year 1 Nov 06 2:00 PM","99.1772018401262"
"Year 1 Nov 06 3:00 PM","78.4036360691658"
"Year 1 Nov 06 4:00 PM","25.0474271472115"
"Year 1 Nov 06 5:00 PM","4.45974219860122"
"Year 1 Nov 06 6:00 PM","0"
"Year 1 Nov 06 7:00 PM","0"
"Year 1 Nov 06 8:00 PM","0"
"Year 1 Nov 06 9:00 PM","0"
"Year 1 Nov 06 10:00 PM","0"
"Year 1 Nov 06 11:00 PM","0"
"Year 1 Nov 07 12:00 AM","0"
"Year 1 Nov 07 1:00 AM","0"
"Year 1 Nov 07 2:00 AM","0"
"Year 1 Nov 07 3:00 AM","0"
"Year 1 Nov 07 4:00 AM","0"
"Year 1 Nov 07 5:00 AM","0"
"Year 1 Nov 07 6:00 AM","0"
"Year 1 Nov 07 7:00 AM","5.59848493624888"
"Year 1 Nov 07 8:00 AM","24.3170357204795"
"Year 1 Nov 07 9:00 AM","53.3639499711765"
"Year 1 Nov 07 10:00 AM","74.7850699897895"
"Year 1 Nov 07 11:00 AM","95.7157221771674"
"Year 1 Nov 07 12:00 PM","150.93902352789"
"Year 1 Nov 07 1:00 PM","155.798856193099"
"Year 1 Nov 07 2:00 PM","125.625977878601"
"Year 1 Nov 07 3:00 PM","81.8526128323955"
"Year 1 Nov 07 4:00 PM","40.2493770705377"
"Year 1 Nov 07 5:00 PM","7.75592542592875"
"Year 1 Nov 07 6:00 PM","0"
"Year 1 Nov 07 7:00 PM","0"
"Year 1 Nov 07 8:00 PM","0"
"Year 1 Nov 07 9:00 PM","0"
"Year 1 Nov 07 10:00 PM","0"
"Year 1 Nov 07 11:00 PM","0"
"Year 1 Nov 08 12:00 AM","0"
"Year 1 Nov 08 1:00 AM","0"
"Year 1 Nov 08 2:00 AM","0"
"Year 1 Nov 08 3:00 AM","0"
"Year 1 Nov 08 4:00 AM","0"
"Year 1 Nov 08 5:00 AM","0"
"Year 1 Nov 08 6:00 AM","0"
"Year 1 Nov 08 7:00 AM","9.86999545990309"
"Year 1 Nov 08 8:00 AM","47.2495448822443"
"Year 1 Nov 08 9:00 AM","90.5639397884005"
"Year 1 Nov 08 10:00 AM","130.01579009654"
"Year 1 Nov 08 11:00 AM","147.165763221648"
"Year 1 Nov 08 12:00 PM","158.443809784811"
"Year 1 Nov 08 1:00 PM","156.272709706038"
"Year 1 Nov 08 2:00 PM","120.295068369502"
"Year 1 Nov 08 3:00 PM","84.2165395308949"
"Year 1 Nov 08 4:00 PM","46.9272071524171"
"Year 1 Nov 08 5:00 PM","9.3777479726121"
"Year 1 Nov 08 6:00 PM","0"
"Year 1 Nov 08 7:00 PM","0"
"Year 1 Nov 08 8:00 PM","0"
"Year 1 Nov 08 9:00 PM","0"
"Year 1 Nov 08 10:00 PM","0"
"Year 1 Nov 08 11:00 PM","0"
"Year 1 Nov 09 12:00 AM","0"
"Year 1 Nov 09 1:00 AM","0"
"Year 1 Nov 09 2:00 AM","0"
"Year 1 Nov 09 3:00 AM","0"
"Year 1 Nov 09 4:00 AM","0"
"Year 1 Nov 09 5:00 AM","0"
"Year 1 Nov 09 6:00 AM","0"
"Year 1 Nov 09 7:00 AM","7.22730603219176"
"Year 1 Nov 09 8:00 AM","35.1378018444762"
"Year 1 Nov 09 9:00 AM","70.8010172006111"
"Year 1 Nov 09 10:00 AM","102.360187395451"
"Year 1 Nov 09 11:00 AM","281.068273831776"
"Year 1 Nov 09 12:00 PM","275.706620044608"
"Year 1 Nov 09 1:00 PM","342.945337802139"
"Year 1 Nov 09 2:00 PM","310.133199492668"
"Year 1 Nov 09 3:00 PM","178.896043809784"
"Year 1 Nov 09 4:00 PM","66.5801463785034"
"Year 1 Nov 09 5:00 PM","8.28849783858197"
"Year 1 Nov 09 6:00 PM","0"
"Year 1 Nov 09 7:00 PM","0"
"Year 1 Nov 09 8:00 PM","0"
"Year 1 Nov 09 9:00 PM","0"
"Year 1 Nov 09 10:00 PM","0"
"Year 1 Nov 09 11:00 PM","0"
"Year 1 Nov 10 12:00 AM","0"
"Year 1 Nov 10 1:00 AM","0"
"Year 1 Nov 10 2:00 AM","0"
"Year 1 Nov 10 3:00 AM","0"
"Year 1 Nov 10 4:00 AM","0"
"Year 1 Nov 10 5:00 AM","0"
"Year 1 Nov 10 6:00 AM","0"
"Year 1 Nov 10 7:00 AM","7.62648298570599"
"Year 1 Nov 10 8:00 AM","40.8195129723553"
"Year 1 Nov 10 9:00 AM","62.6021858581608"
"Year 1 Nov 10 10:00 AM","92.9510285604503"
"Year 1 Nov 10 11:00 AM","113.961608796738"
"Year 1 Nov 10 12:00 PM","153.958003566905"
"Year 1 Nov 10 1:00 PM","154.549511880581"
"Year 1 Nov 10 2:00 PM","121.298483441096"
"Year 1 Nov 10 3:00 PM","87.7460912115357"
"Year 1 Nov 10 4:00 PM","45.7956562125631"
"Year 1 Nov 10 5:00 PM","8.73903863593337"
"Year 1 Nov 10 6:00 PM","0"
"Year 1 Nov 10 7:00 PM","0"
"Year 1 Nov 10 8:00 PM","0"
"Year 1 Nov 10 9:00 PM","0"
"Year 1 Nov 10 10:00 PM","0"
"Year 1 Nov 10 11:00 PM","0"
"Year 1 Nov 11 12:00 AM","0"
"Year 1 Nov 11 1:00 AM","0"
"Year 1 Nov 11 2:00 AM","0"
"Year 1 Nov 11 3:00 AM","0"
"Year 1 Nov 11 4:00 AM","0"
"Year 1 Nov 11 5:00 AM","0"
"Year 1 Nov 11 6:00 AM","0"
"Year 1 Nov 11 7:00 AM","5.27931858750336"
"Year 1 Nov 11 8:00 AM","47.653900897883"
"Year 1 Nov 11 9:00 AM","197.09582625502"
"Year 1 Nov 11 10:00 AM","328.909643604745"
"Year 1 Nov 11 11:00 AM","243.135589492554"
"Year 1 Nov 11 12:00 PM","349.200627491703"
"Year 1 Nov 11 1:00 PM","278.708131589615"
"Year 1 Nov 11 2:00 PM","303.092470998381"
"Year 1 Nov 11 3:00 PM","173.902009404791"
"Year 1 Nov 11 4:00 PM","71.568147059496"
"Year 1 Nov 11 5:00 PM","9.48839797240988"
"Year 1 Nov 11 6:00 PM","0"
"Year 1 Nov 11 7:00 PM","0"
"Year 1 Nov 11 8:00 PM","0"
"Year 1 Nov 11 9:00 PM","0"
"Year 1 Nov 11 10:00 PM","0"
"Year 1 Nov 11 11:00 PM","0"
"Year 1 Nov 12 12:00 AM","0"
"Year 1 Nov 12 1:00 AM","0"
"Year 1 Nov 12 2:00 AM","0"
"Year 1 Nov 12 3:00 AM","0"
"Year 1 Nov 12 4:00 AM","0"
"Year 1 Nov 12 5:00 AM","0"
"Year 1 Nov 12 6:00 AM","0"
"Year 1 Nov 12 7:00 AM","7.12867897759312"
"Year 1 Nov 12 8:00 AM","88.4466136147356"
"Year 1 Nov 12 9:00 AM","232.11014235637"
"Year 1 Nov 12 10:00 AM","365.828653551229"
"Year 1 Nov 12 11:00 AM","456.347831193893"
"Year 1 Nov 12 12:00 PM","489.615240563195"
"Year 1 Nov 12 1:00 PM","453.065849657803"
"Year 1 Nov 12 2:00 PM","345.409702585864"
"Year 1 Nov 12 3:00 PM","193.743321354109"
"Year 1 Nov 12 4:00 PM","79.1643444260148"
"Year 1 Nov 12 5:00 PM","6.35346063377906"
"Year 1 Nov 12 6:00 PM","0"
"Year 1 Nov 12 7:00 PM","0"
"Year 1 Nov 12 8:00 PM","0"
"Year 1 Nov 12 9:00 PM","0"
"Year 1 Nov 12 10:00 PM","0"
"Year 1 Nov 12 11:00 PM","0"
"Year 1 Nov 13 12:00 AM","0"
"Year 1 Nov 13 1:00 AM","0"
"Year 1 Nov 13 2:00 AM","0"
"Year 1 Nov 13 3:00 AM","0"
"Year 1 Nov 13 4:00 AM","0"
"Year 1 Nov 13 5:00 AM","0"
"Year 1 Nov 13 6:00 AM","0"
"Year 1 Nov 13 7:00 AM","6.05527306380732"
"Year 1 Nov 13 8:00 AM","54.3092066183112"
"Year 1 Nov 13 9:00 AM","149.326091098948"
"Year 1 Nov 13 10:00 AM","158.28589472341"
"Year 1 Nov 13 11:00 AM","182.190794317404"
"Year 1 Nov 13 12:00 PM","244.384992037975"
"Year 1 Nov 13 1:00 PM","192.256000966444"
"Year 1 Nov 13 2:00 PM","151.058458846458"
"Year 1 Nov 13 3:00 PM","78.7172146225378"
"Year 1 Nov 13 4:00 PM","17.8184592409966"
"Year 1 Nov 13 5:00 PM","2.28377501238672"
"Year 1 Nov 13 6:00 PM","0"
"Year 1 Nov 13 7:00 PM","0"
"Year 1 Nov 13 8:00 PM","0"
"Year 1 Nov 13 9:00 PM","0"
"Year 1 Nov 13 10:00 PM","0"
"Year 1 Nov 13 11:00 PM","0"
"Year 1 Nov 14 12:00 AM","0"
"Year 1 Nov 14 1:00 AM","0"
"Year 1 Nov 14 2:00 AM","0"
"Year 1 Nov 14 3:00 AM","0"
"Year 1 Nov 14 4:00 AM","0"
"Year 1 Nov 14 5:00 AM","0"
"Year 1 Nov 14 6:00 AM","0"
"Year 1 Nov 14 7:00 AM","6.91856675864685"
"Year 1 Nov 14 8:00 AM","97.7100925132717"
"Year 1 Nov 14 9:00 AM","247.900454037844"
"Year 1 Nov 14 10:00 AM","379.613022483835"
"Year 1 Nov 14 11:00 AM","464.98626347505"
"Year 1 Nov 14 12:00 PM","497.28370335546"
"Year 1 Nov 14 1:00 PM","461.473180676767"
"Year 1 Nov 14 2:00 PM","346.162791070456"
"Year 1 Nov 14 3:00 PM","198.919729187312"
"Year 1 Nov 14 4:00 PM","86.3021134452837"
"Year 1 Nov 14 5:00 PM","7.16835633818248"
"Year 1 Nov 14 6:00 PM","0"
"Year 1 Nov 14 7:00 PM","0"
"Year 1 Nov 14 8:00 PM","0"
"Year 1 Nov 14 9:00 PM","0"
"Year 1 Nov 14 10:00 PM","0"
"Year 1 Nov 14 11:00 PM","0"
"Year 1 Nov 15 12:00 AM","0"
"Year 1 Nov 15 1:00 AM","0"
"Year 1 Nov 15 2:00 AM","0"
"Year 1 Nov 15 3:00 AM","0"
"Year 1 Nov 15 4:00 AM","0"
"Year 1 Nov 15 5:00 AM","0"
"Year 1 Nov 15 6:00 AM","0"
"Year 1 Nov 15 7:00 AM","5.48828770315163"
"Year 1 Nov 15 8:00 AM","44.7734569025525"
"Year 1 Nov 15 9:00 AM","111.070313274426"
"Year 1 Nov 15 10:00 AM","192.907041798193"
"Year 1 Nov 15 11:00 AM","258.682412242446"
"Year 1 Nov 15 12:00 PM","351.947439016644"
"Year 1 Nov 15 1:00 PM","189.334487108305"
"Year 1 Nov 15 2:00 PM","77.6789674806885"
"Year 1 Nov 15 3:00 PM","59.6909759071179"
"Year 1 Nov 15 4:00 PM","27.0126383076829"
"Year 1 Nov 15 5:00 PM","3.88819705075073"
"Year 1 Nov 15 6:00 PM","0"
"Year 1 Nov 15 7:00 PM","0"
"Year 1 Nov 15 8:00 PM","0"
"Year 1 Nov 15 9:00 PM","0"
"Year 1 Nov 15 10:00 PM","0"
"Year 1 Nov 15 11:00 PM","0"
"Year 1 Nov 16 12:00 AM","0"
"Year 1 Nov 16 1:00 AM","0"
"Year 1 Nov 16 2:00 AM","0"
"Year 1 Nov 16 3:00 AM","0"
"Year 1 Nov 16 4:00 AM","0"
"Year 1 Nov 16 5:00 AM","0"
"Year 1 Nov 16 6:00 AM","0"
"Year 1 Nov 16 7:00 AM","6.5963270432335"
"Year 1 Nov 16 8:00 AM","87.2602653452414"
"Year 1 Nov 16 9:00 AM","208.493917758676"
"Year 1 Nov 16 10:00 AM","301.580823587042"
"Year 1 Nov 16 11:00 AM","229.635461830896"
"Year 1 Nov 16 12:00 PM","268.387528571307"
"Year 1 Nov 16 1:00 PM","331.589741695842"
"Year 1 Nov 16 2:00 PM","286.044268872455"
"Year 1 Nov 16 3:00 PM","61.5398269504642"
"Year 1 Nov 16 4:00 PM","24.8158990940539"
"Year 1 Nov 16 5:00 PM","3.72371390041913"
"Year 1 Nov 16 6:00 PM","0"
"Year 1 Nov 16 7:00 PM","0"
"Year 1 Nov 16 8:00 PM","0"
"Year 1 Nov 16 9:00 PM","0"
"Year 1 Nov 16 10:00 PM","0"
"Year 1 Nov 16 11:00 PM","0"
"Year 1 Nov 17 12:00 AM","0"
"Year 1 Nov 17 1:00 AM","0"
"Year 1 Nov 17 2:00 AM","0"
"Year 1 Nov 17 3:00 AM","0"
"Year 1 Nov 17 4:00 AM","0"
"Year 1 Nov 17 5:00 AM","0"
"Year 1 Nov 17 6:00 AM","0"
"Year 1 Nov 17 7:00 AM","3.5240628710315"
"Year 1 Nov 17 8:00 AM","43.1297654687446"
"Year 1 Nov 17 9:00 AM","167.107537031323"
"Year 1 Nov 17 10:00 AM","216.221277849292"
"Year 1 Nov 17 11:00 AM","288.82254846023"
"Year 1 Nov 17 12:00 PM","164.778859130483"
"Year 1 Nov 17 1:00 PM","195.536446862453"
"Year 1 Nov 17 2:00 PM","131.200510081405"
"Year 1 Nov 17 3:00 PM","108.078339763826"
"Year 1 Nov 17 4:00 PM","28.6700135548298"
"Year 1 Nov 17 5:00 PM","3.4733502827167"
"Year 1 Nov 17 6:00 PM","0"
"Year 1 Nov 17 7:00 PM","0"
"Year 1 Nov 17 8:00 PM","0"
"Year 1 Nov 17 9:00 PM","0"
"Year 1 Nov 17 10:00 PM","0"
"Year 1 Nov 17 11:00 PM","0"
"Year 1 Nov 18 12:00 AM","0"
"Year 1 Nov 18 1:00 AM","0"
"Year 1 Nov 18 2:00 AM","0"
"Year 1 Nov 18 3:00 AM","0"
"Year 1 Nov 18 4:00 AM","0"
"Year 1 Nov 18 5:00 AM","0"
"Year 1 Nov 18 6:00 AM","0"
"Year 1 Nov 18 7:00 AM","2.12357351833921"
"Year 1 Nov 18 8:00 AM","23.4523084846769"
"Year 1 Nov 18 9:00 AM","70.5648078435967"
"Year 1 Nov 18 10:00 AM","134.545868593968"
"Year 1 Nov 18 11:00 AM","361.557307370891"
"Year 1 Nov 18 12:00 PM","372.521566414304"
"Year 1 Nov 18 1:00 PM","354.234020241033"
"Year 1 Nov 18 2:00 PM","313.121063731248"
"Year 1 Nov 18 3:00 PM","210.554841235345"
"Year 1 Nov 18 4:00 PM","76.876732924158"
"Year 1 Nov 18 5:00 PM","4.0100953335273"
"Year 1 Nov 18 6:00 PM","0"
"Year 1 Nov 18 7:00 PM","0"
"Year 1 Nov 18 8:00 PM","0"
"Year 1 Nov 18 9:00 PM","0"
"Year 1 Nov 18 10:00 PM","0"
"Year 1 Nov 18 11:00 PM","0"
"Year 1 Nov 19 12:00 AM","0"
"Year 1 Nov 19 1:00 AM","0"
"Year 1 Nov 19 2:00 AM","0"
"Year 1 Nov 19 3:00 AM","0"
"Year 1 Nov 19 4:00 AM","0"
"Year 1 Nov 19 5:00 AM","0"
"Year 1 Nov 19 6:00 AM","0"
"Year 1 Nov 19 7:00 AM","2.22230371909"
"Year 1 Nov 19 8:00 AM","27.8951173916406"
"Year 1 Nov 19 9:00 AM","55.1555855481712"
"Year 1 Nov 19 10:00 AM","90.9733437161406"
"Year 1 Nov 19 11:00 AM","110.433284269068"
"Year 1 Nov 19 12:00 PM","111.965004831029"
"Year 1 Nov 19 1:00 PM","111.951010105238"
"Year 1 Nov 19 2:00 PM","95.9679167109737"
"Year 1 Nov 19 3:00 PM","66.2680598881458"
"Year 1 Nov 19 4:00 PM","34.1560185857554"
"Year 1 Nov 19 5:00 PM","3.90445967889394"
"Year 1 Nov 19 6:00 PM","0"
"Year 1 Nov 19 7:00 PM","0"
"Year 1 Nov 19 8:00 PM","0"
"Year 1 Nov 19 9:00 PM","0"
"Year 1 Nov 19 10:00 PM","0"
"Year 1 Nov 19 11:00 PM","0"
"Year 1 Nov 20 12:00 AM","0"
"Year 1 Nov 20 1:00 AM","0"
"Year 1 Nov 20 2:00 AM","0"
"Year 1 Nov 20 3:00 AM","0"
"Year 1 Nov 20 4:00 AM","0"
"Year 1 Nov 20 5:00 AM","0"
"Year 1 Nov 20 6:00 AM","0"
"Year 1 Nov 20 7:00 AM","2.30174496003318"
"Year 1 Nov 20 8:00 AM","30.6177666133956"
"Year 1 Nov 20 9:00 AM","65.2028935661697"
"Year 1 Nov 20 10:00 AM","61.2963160775894"
"Year 1 Nov 20 11:00 AM","85.2129080033567"
"Year 1 Nov 20 12:00 PM","138.924178229551"
"Year 1 Nov 20 1:00 PM","129.842262659393"
"Year 1 Nov 20 2:00 PM","107.608480873729"
"Year 1 Nov 20 3:00 PM","79.5423370790888"
"Year 1 Nov 20 4:00 PM","33.0303069156044"
"Year 1 Nov 20 5:00 PM","3.52798190697832"
"Year 1 Nov 20 6:00 PM","0"
"Year 1 Nov 20 7:00 PM","0"
"Year 1 Nov 20 8:00 PM","0"
"Year 1 Nov 20 9:00 PM","0"
"Year 1 Nov 20 10:00 PM","0"
"Year 1 Nov 20 11:00 PM","0"
"Year 1 Nov 21 12:00 AM","0"
"Year 1 Nov 21 1:00 AM","0"
"Year 1 Nov 21 2:00 AM","0"
"Year 1 Nov 21 3:00 AM","0"
"Year 1 Nov 21 4:00 AM","0"
"Year 1 Nov 21 5:00 AM","0"
"Year 1 Nov 21 6:00 AM","0"
"Year 1 Nov 21 7:00 AM","2.03002890419299"
"Year 1 Nov 21 8:00 AM","54.009631559516"
"Year 1 Nov 21 9:00 AM","170.191543118538"
"Year 1 Nov 21 10:00 AM","268.044157565522"
"Year 1 Nov 21 11:00 AM","380.43879099843"
"Year 1 Nov 21 12:00 PM","414.378537581286"
"Year 1 Nov 21 1:00 PM","373.998629142572"
"Year 1 Nov 21 2:00 PM","280.331748998767"
"Year 1 Nov 21 3:00 PM","140.5945261414"
"Year 1 Nov 21 4:00 PM","52.3017483246994"
"Year 1 Nov 21 5:00 PM","3.7488238017146"
"Year 1 Nov 21 6:00 PM","0"
"Year 1 Nov 21 7:00 PM","0"
"Year 1 Nov 21 8:00 PM","0"
"Year 1 Nov 21 9:00 PM","0"
"Year 1 Nov 21 10:00 PM","0"
"Year 1 Nov 21 11:00 PM","0"
"Year 1 Nov 22 12:00 AM","0"
"Year 1 Nov 22 1:00 AM","0"
"Year 1 Nov 22 2:00 AM","0"
"Year 1 Nov 22 3:00 AM","0"
"Year 1 Nov 22 4:00 AM","0"
"Year 1 Nov 22 5:00 AM","0"
"Year 1 Nov 22 6:00 AM","0"
"Year 1 Nov 22 7:00 AM","1.39194011214119"
"Year 1 Nov 22 8:00 AM","20.902676365646"
"Year 1 Nov 22 9:00 AM","51.6169300680072"
"Year 1 Nov 22 10:00 AM","70.5321854741556"
"Year 1 Nov 22 11:00 AM","97.6837174627499"
"Year 1 Nov 22 12:00 PM","103.856320168557"
"Year 1 Nov 22 1:00 PM","96.7960438669533"
"Year 1 Nov 22 2:00 PM","91.6825732745865"
"Year 1 Nov 22 3:00 PM","82.9041167598761"
"Year 1 Nov 22 4:00 PM","34.0670814273335"
"Year 1 Nov 22 5:00 PM","3.80420446230179"
"Year 1 Nov 22 6:00 PM","0"
"Year 1 Nov 22 7:00 PM","0"
"Year 1 Nov 22 8:00 PM","0"
"Year 1 Nov 22 9:00 PM","0"
"Year 1 Nov 22 10:00 PM","0"
"Year 1 Nov 22 11:00 PM","0"
"Year 1 Nov 23 12:00 AM","0"
"Year 1 Nov 23 1:00 AM","0"
"Year 1 Nov 23 2:00 AM","0"
"Year 1 Nov 23 3:00 AM","0"
"Year 1 Nov 23 4:00 AM","0"
"Year 1 Nov 23 5:00 AM","0"
"Year 1 Nov 23 6:00 AM","0"
"Year 1 Nov 23 7:00 AM","0.947506641340223"
"Year 1 Nov 23 8:00 AM","12.8209514440276"
"Year 1 Nov 23 9:00 AM","28.4443181985698"
"Year 1 Nov 23 10:00 AM","58.5799380467766"
"Year 1 Nov 23 11:00 AM","102.731360392093"
"Year 1 Nov 23 12:00 PM","103.585819570489"
"Year 1 Nov 23 1:00 PM","116.831337412459"
"Year 1 Nov 23 2:00 PM","88.8126391216933"
"Year 1 Nov 23 3:00 PM","61.584379305478"
"Year 1 Nov 23 4:00 PM","30.3968134867294"
"Year 1 Nov 23 5:00 PM","3.88924618837099"
"Year 1 Nov 23 6:00 PM","0"
"Year 1 Nov 23 7:00 PM","0"
"Year 1 Nov 23 8:00 PM","0"
"Year 1 Nov 23 9:00 PM","0"
"Year 1 Nov 23 10:00 PM","0"
"Year 1 Nov 23 11:00 PM","0"
"Year 1 Nov 24 12:00 AM","0"
"Year 1 Nov 24 1:00 AM","0"
"Year 1 Nov 24 2:00 AM","0"
"Year 1 Nov 24 3:00 AM","0"
"Year 1 Nov 24 4:00 AM","0"
"Year 1 Nov 24 5:00 AM","0"
"Year 1 Nov 24 6:00 AM","0"
"Year 1 Nov 24 7:00 AM","1.73108622996223"
"Year 1 Nov 24 8:00 AM","25.9271521280091"
"Year 1 Nov 24 9:00 AM","79.2289316081539"
"Year 1 Nov 24 10:00 AM","169.616325162688"
"Year 1 Nov 24 11:00 AM","334.152934370313"
"Year 1 Nov 24 12:00 PM","333.098859101929"
"Year 1 Nov 24 1:00 PM","309.441201568684"
"Year 1 Nov 24 2:00 PM","304.189867120478"
"Year 1 Nov 24 3:00 PM","184.549246510889"
"Year 1 Nov 24 4:00 PM","53.7614910047412"
"Year 1 Nov 24 5:00 PM","3.73466638652827"
"Year 1 Nov 24 6:00 PM","0"
"Year 1 Nov 24 7:00 PM","0"
"Year 1 Nov 24 8:00 PM","0"
"Year 1 Nov 24 9:00 PM","0"
"Year 1 Nov 24 10:00 PM","0"
"Year 1 Nov 24 11:00 PM","0"
"Year 1 Nov 25 12:00 AM","0"
"Year 1 Nov 25 1:00 AM","0"
"Year 1 Nov 25 2:00 AM","0"
"Year 1 Nov 25 3:00 AM","0"
"Year 1 Nov 25 4:00 AM","0"
"Year 1 Nov 25 5:00 AM","0"
"Year 1 Nov 25 6:00 AM","0"
"Year 1 Nov 25 7:00 AM","1.34223160384085"
"Year 1 Nov 25 8:00 AM","23.2533448250738"
"Year 1 Nov 25 9:00 AM","77.6615886155166"
"Year 1 Nov 25 10:00 AM","147.338399931897"
"Year 1 Nov 25 11:00 AM","175.591385911652"
"Year 1 Nov 25 12:00 PM","269.772935448465"
"Year 1 Nov 25 1:00 PM","221.142938934167"
"Year 1 Nov 25 2:00 PM","123.594003612212"
"Year 1 Nov 25 3:00 PM","110.170148262204"
"Year 1 Nov 25 4:00 PM","25.9209504285774"
"Year 1 Nov 25 5:00 PM","1.32486133585725"
"Year 1 Nov 25 6:00 PM","0"
"Year 1 Nov 25 7:00 PM","0"
"Year 1 Nov 25 8:00 PM","0"
"Year 1 Nov 25 9:00 PM","0"
"Year 1 Nov 25 10:00 PM","0"
"Year 1 Nov 25 11:00 PM","0"
"Year 1 Nov 26 12:00 AM","0"
"Year 1 Nov 26 1:00 AM","0"
"Year 1 Nov 26 2:00 AM","0"
"Year 1 Nov 26 3:00 AM","0"
"Year 1 Nov 26 4:00 AM","0"
"Year 1 Nov 26 5:00 AM","0"
"Year 1 Nov 26 6:00 AM","0"
"Year 1 Nov 26 7:00 AM","1.58516873774609"
"Year 1 Nov 26 8:00 AM","51.1327725357806"
"Year 1 Nov 26 9:00 AM","179.63921192748"
"Year 1 Nov 26 10:00 AM","309.144024783723"
"Year 1 Nov 26 11:00 AM","395.202391573065"
"Year 1 Nov 26 12:00 PM","424.655625729571"
"Year 1 Nov 26 1:00 PM","378.90483732251"
"Year 1 Nov 26 2:00 PM","273.725802260876"
"Year 1 Nov 26 3:00 PM","136.272304019058"
"Year 1 Nov 26 4:00 PM","39.5289651846924"
"Year 1 Nov 26 5:00 PM","2.47744853753327"
"Year 1 Nov 26 6:00 PM","0"
"Year 1 Nov 26 7:00 PM","0"
"Year 1 Nov 26 8:00 PM","0"
"Year 1 Nov 26 9:00 PM","0"
"Year 1 Nov 26 10:00 PM","0"
"Year 1 Nov 26 11:00 PM","0"
"Year 1 Nov 27 12:00 AM","0"
"Year 1 Nov 27 1:00 AM","0"
"Year 1 Nov 27 2:00 AM","0"
"Year 1 Nov 27 3:00 AM","0"
"Year 1 Nov 27 4:00 AM","0"
"Year 1 Nov 27 5:00 AM","0"
"Year 1 Nov 27 6:00 AM","0"
"Year 1 Nov 27 7:00 AM","1.72496910012085"
"Year 1 Nov 27 8:00 AM","21.0188536135651"
"Year 1 Nov 27 9:00 AM","42.5030652506927"
"Year 1 Nov 27 10:00 AM","74.0375895115967"
"Year 1 Nov 27 11:00 AM","111.909457453768"
"Year 1 Nov 27 12:00 PM","111.287310773401"
"Year 1 Nov 27 1:00 PM","110.334720316584"
"Year 1 Nov 27 2:00 PM","84.5550580514752"
"Year 1 Nov 27 3:00 PM","58.9680879088153"
"Year 1 Nov 27 4:00 PM","28.176973311143"
"Year 1 Nov 27 5:00 PM","2.32575236058576"
"Year 1 Nov 27 6:00 PM","0"
"Year 1 Nov 27 7:00 PM","0"
"Year 1 Nov 27 8:00 PM","0"
"Year 1 Nov 27 9:00 PM","0"
"Year 1 Nov 27 10:00 PM","0"
"Year 1 Nov 27 11:00 PM","0"
"Year 1 Nov 28 12:00 AM","0"
"Year 1 Nov 28 1:00 AM","0"
"Year 1 Nov 28 2:00 AM","0"
"Year 1 Nov 28 3:00 AM","0"
"Year 1 Nov 28 4:00 AM","0"
"Year 1 Nov 28 5:00 AM","0"
"Year 1 Nov 28 6:00 AM","0"
"Year 1 Nov 28 7:00 AM","0"
"Year 1 Nov 28 8:00 AM","48.5255992897999"
"Year 1 Nov 28 9:00 AM","176.445983791912"
"Year 1 Nov 28 10:00 AM","302.408186003052"
"Year 1 Nov 28 11:00 AM","364.091635717312"
"Year 1 Nov 28 12:00 PM","341.450945459934"
"Year 1 Nov 28 1:00 PM","301.910159805305"
"Year 1 Nov 28 2:00 PM","263.823686387409"
"Year 1 Nov 28 3:00 PM","106.618878512291"
"Year 1 Nov 28 4:00 PM","41.5727130385675"
"Year 1 Nov 28 5:00 PM","2.62086053294078"
"Year 1 Nov 28 6:00 PM","0"
"Year 1 Nov 28 7:00 PM","0"
"Year 1 Nov 28 8:00 PM","0"
"Year 1 Nov 28 9:00 PM","0"
"Year 1 Nov 28 10:00 PM","0"
"Year 1 Nov 28 11:00 PM","0"
"Year 1 Nov 29 12:00 AM","0"
"Year 1 Nov 29 1:00 AM","0"
"Year 1 Nov 29 2:00 AM","0"
"Year 1 Nov 29 3:00 AM","0"
"Year 1 Nov 29 4:00 AM","0"
"Year 1 Nov 29 5:00 AM","0"
"Year 1 Nov 29 6:00 AM","0"
"Year 1 Nov 29 7:00 AM","0"
"Year 1 Nov 29 8:00 AM","37.5594781430323"
"Year 1 Nov 29 9:00 AM","146.806557195073"
"Year 1 Nov 29 10:00 AM","226.296904220439"
"Year 1 Nov 29 11:00 AM","280.697467193388"
"Year 1 Nov 29 12:00 PM","261.955647587494"
"Year 1 Nov 29 1:00 PM","331.104288867668"
"Year 1 Nov 29 2:00 PM","280.390107965762"
"Year 1 Nov 29 3:00 PM","161.423978283521"
"Year 1 Nov 29 4:00 PM","51.9824465715955"
"Year 1 Nov 29 5:00 PM","2.72066648158826"
"Year 1 Nov 29 6:00 PM","0"
"Year 1 Nov 29 7:00 PM","0"
"Year 1 Nov 29 8:00 PM","0"
"Year 1 Nov 29 9:00 PM","0"
"Year 1 Nov 29 10:00 PM","0"
"Year 1 Nov 29 11:00 PM","0"
"Year 1 Nov 30 12:00 AM","0"
"Year 1 Nov 30 1:00 AM","0"
"Year 1 Nov 30 2:00 AM","0"
"Year 1 Nov 30 3:00 AM","0"
"Year 1 Nov 30 4:00 AM","0"
"Year 1 Nov 30 5:00 AM","0"
"Year 1 Nov 30 6:00 AM","0"
"Year 1 Nov 30 7:00 AM","0"
"Year 1 Nov 30 8:00 AM","14.7780359318853"
"Year 1 Nov 30 9:00 AM","52.3601912050837"
"Year 1 Nov 30 10:00 AM","83.7158721565746"
"Year 1 Nov 30 11:00 AM","119.687129851152"
"Year 1 Nov 30 12:00 PM","118.068989246182"
"Year 1 Nov 30 1:00 PM","119.932552909722"
"Year 1 Nov 30 2:00 PM","107.474692642147"
"Year 1 Nov 30 3:00 PM","60.618833843301"
"Year 1 Nov 30 4:00 PM","26.6104265097532"
"Year 1 Nov 30 5:00 PM","2.15261025320285"
"Year 1 Nov 30 6:00 PM","0"
"Year 1 Nov 30 7:00 PM","0"
"Year 1 Nov 30 8:00 PM","0"
"Year 1 Nov 30 9:00 PM","0"
"Year 1 Nov 30 10:00 PM","0"
"Year 1 Nov 30 11:00 PM","0"
"Year 1 Dec 01 12:00 AM","0"
"Year 1 Dec 01 1:00 AM","0"
"Year 1 Dec 01 2:00 AM","0"
"Year 1 Dec 01 3:00 AM","0"
"Year 1 Dec 01 4:00 AM","0"
"Year 1 Dec 01 5:00 AM","0"
"Year 1 Dec 01 6:00 AM","0"
"Year 1 Dec 01 7:00 AM","0"
"Year 1 Dec 01 8:00 AM","10.7851660635875"
"Year 1 Dec 01 9:00 AM","32.0715111672836"
"Year 1 Dec 01 10:00 AM","56.5962263797235"
"Year 1 Dec 01 11:00 AM","72.05560669564"
"Year 1 Dec 01 12:00 PM","70.9889949081911"
"Year 1 Dec 01 1:00 PM","64.7230627100217"
"Year 1 Dec 01 2:00 PM","53.9858756082985"
"Year 1 Dec 01 3:00 PM","34.3875265355734"
"Year 1 Dec 01 4:00 PM","15.7624135332034"
"Year 1 Dec 01 5:00 PM","1.25447970964135"
"Year 1 Dec 01 6:00 PM","0"
"Year 1 Dec 01 7:00 PM","0"
"Year 1 Dec 01 8:00 PM","0"
"Year 1 Dec 01 9:00 PM","0"
"Year 1 Dec 01 10:00 PM","0"
"Year 1 Dec 01 11:00 PM","0"
"Year 1 Dec 02 12:00 AM","0"
"Year 1 Dec 02 1:00 AM","0"
"Year 1 Dec 02 2:00 AM","0"
"Year 1 Dec 02 3:00 AM","0"
"Year 1 Dec 02 4:00 AM","0"
"Year 1 Dec 02 5:00 AM","0"
"Year 1 Dec 02 6:00 AM","0"
"Year 1 Dec 02 7:00 AM","0"
"Year 1 Dec 02 8:00 AM","20.7120357947129"
"Year 1 Dec 02 9:00 AM","61.7168820754798"
"Year 1 Dec 02 10:00 AM","97.3408098718545"
"Year 1 Dec 02 11:00 AM","118.277172311337"
"Year 1 Dec 02 12:00 PM","120.328379079677"
"Year 1 Dec 02 1:00 PM","120.921788781334"
"Year 1 Dec 02 2:00 PM","92.4855232247134"
"Year 1 Dec 02 3:00 PM","61.272812471796"
"Year 1 Dec 02 4:00 PM","25.0411141531218"
"Year 1 Dec 02 5:00 PM","1.66415400625525"
"Year 1 Dec 02 6:00 PM","0"
"Year 1 Dec 02 7:00 PM","0"
"Year 1 Dec 02 8:00 PM","0"
"Year 1 Dec 02 9:00 PM","0"
"Year 1 Dec 02 10:00 PM","0"
"Year 1 Dec 02 11:00 PM","0"
"Year 1 Dec 03 12:00 AM","0"
"Year 1 Dec 03 1:00 AM","0"
"Year 1 Dec 03 2:00 AM","0"
"Year 1 Dec 03 3:00 AM","0"
"Year 1 Dec 03 4:00 AM","0"
"Year 1 Dec 03 5:00 AM","0"
"Year 1 Dec 03 6:00 AM","0"
"Year 1 Dec 03 7:00 AM","0"
"Year 1 Dec 03 8:00 AM","32.9563464298736"
"Year 1 Dec 03 9:00 AM","99.973035990657"
"Year 1 Dec 03 10:00 AM","68.9167674629895"
"Year 1 Dec 03 11:00 AM","80.3443197209887"
"Year 1 Dec 03 12:00 PM","108.70152475254"
"Year 1 Dec 03 1:00 PM","102.506299257568"
"Year 1 Dec 03 2:00 PM","83.8958463247486"
"Year 1 Dec 03 3:00 PM","49.8718472223753"
"Year 1 Dec 03 4:00 PM","15.0440071662327"
"Year 1 Dec 03 5:00 PM","0.908317660866812"
"Year 1 Dec 03 6:00 PM","0"
"Year 1 Dec 03 7:00 PM","0"
"Year 1 Dec 03 8:00 PM","0"
"Year 1 Dec 03 9:00 PM","0"
"Year 1 Dec 03 10:00 PM","0"
"Year 1 Dec 03 11:00 PM","0"
"Year 1 Dec 04 12:00 AM","0"
"Year 1 Dec 04 1:00 AM","0"
"Year 1 Dec 04 2:00 AM","0"
"Year 1 Dec 04 3:00 AM","0"
"Year 1 Dec 04 4:00 AM","0"
"Year 1 Dec 04 5:00 AM","0"
"Year 1 Dec 04 6:00 AM","0"
"Year 1 Dec 04 7:00 AM","0"
"Year 1 Dec 04 8:00 AM","23.9192998043081"
"Year 1 Dec 04 9:00 AM","71.4468967587682"
"Year 1 Dec 04 10:00 AM","144.149560869454"
"Year 1 Dec 04 11:00 AM","226.014263531489"
"Year 1 Dec 04 12:00 PM","317.376903714973"
"Year 1 Dec 04 1:00 PM","365.005559601098"
"Year 1 Dec 04 2:00 PM","272.03383839835"
"Year 1 Dec 04 3:00 PM","162.78544694375"
"Year 1 Dec 04 4:00 PM","58.0833931928191"
"Year 1 Dec 04 5:00 PM","2.15315378996443"
"Year 1 Dec 04 6:00 PM","0"
"Year 1 Dec 04 7:00 PM","0"
"Year 1 Dec 04 8:00 PM","0"
"Year 1 Dec 04 9:00 PM","0"
"Year 1 Dec 04 10:00 PM","0"
"Year 1 Dec 04 11:00 PM","0"
"Year 1 Dec 05 12:00 AM","0"
"Year 1 Dec 05 1:00 AM","0"
"Year 1 Dec 05 2:00 AM","0"
"Year 1 Dec 05 3:00 AM","0"
"Year 1 Dec 05 4:00 AM","0"
"Year 1 Dec 05 5:00 AM","0"
"Year 1 Dec 05 6:00 AM","0"
"Year 1 Dec 05 7:00 AM","0"
"Year 1 Dec 05 8:00 AM","51.8235430099296"
"Year 1 Dec 05 9:00 AM","187.097679513372"
"Year 1 Dec 05 10:00 AM","316.474627931885"
"Year 1 Dec 05 11:00 AM","404.658327018212"
"Year 1 Dec 05 12:00 PM","437.594679085991"
"Year 1 Dec 05 1:00 PM","414.524920106812"
"Year 1 Dec 05 2:00 PM","334.561402205853"
"Year 1 Dec 05 3:00 PM","209.003825848413"
"Year 1 Dec 05 4:00 PM","72.7161421194119"
"Year 1 Dec 05 5:00 PM","2.09057939681275"
"Year 1 Dec 05 6:00 PM","0"
"Year 1 Dec 05 7:00 PM","0"
"Year 1 Dec 05 8:00 PM","0"
"Year 1 Dec 05 9:00 PM","0"
"Year 1 Dec 05 10:00 PM","0"
"Year 1 Dec 05 11:00 PM","0"
"Year 1 Dec 06 12:00 AM","0"
"Year 1 Dec 06 1:00 AM","0"
"Year 1 Dec 06 2:00 AM","0"
"Year 1 Dec 06 3:00 AM","0"
"Year 1 Dec 06 4:00 AM","0"
"Year 1 Dec 06 5:00 AM","0"
"Year 1 Dec 06 6:00 AM","0"
"Year 1 Dec 06 7:00 AM","0"
"Year 1 Dec 06 8:00 AM","22.5118701859175"
"Year 1 Dec 06 9:00 AM","93.803463220564"
"Year 1 Dec 06 10:00 AM","130.906231982926"
"Year 1 Dec 06 11:00 AM","260.433354809573"
"Year 1 Dec 06 12:00 PM","201.327061958996"
"Year 1 Dec 06 1:00 PM","188.065844966391"
"Year 1 Dec 06 2:00 PM","98.8050502890437"
"Year 1 Dec 06 3:00 PM","72.0315111800232"
"Year 1 Dec 06 4:00 PM","38.1635300226951"
"Year 1 Dec 06 5:00 PM","2.3025139390784"
"Year 1 Dec 06 6:00 PM","0"
"Year 1 Dec 06 7:00 PM","0"
"Year 1 Dec 06 8:00 PM","0"
"Year 1 Dec 06 9:00 PM","0"
"Year 1 Dec 06 10:00 PM","0"
"Year 1 Dec 06 11:00 PM","0"
"Year 1 Dec 07 12:00 AM","0"
"Year 1 Dec 07 1:00 AM","0"
"Year 1 Dec 07 2:00 AM","0"
"Year 1 Dec 07 3:00 AM","0"
"Year 1 Dec 07 4:00 AM","0"
"Year 1 Dec 07 5:00 AM","0"
"Year 1 Dec 07 6:00 AM","0"
"Year 1 Dec 07 7:00 AM","0"
"Year 1 Dec 07 8:00 AM","13.9813233381329"
"Year 1 Dec 07 9:00 AM","43.9257736425056"
"Year 1 Dec 07 10:00 AM","83.9469900259358"
"Year 1 Dec 07 11:00 AM","139.425489364881"
"Year 1 Dec 07 12:00 PM","268.166259787559"
"Year 1 Dec 07 1:00 PM","170.883073937486"
"Year 1 Dec 07 2:00 PM","152.41563540204"
"Year 1 Dec 07 3:00 PM","105.163482811902"
"Year 1 Dec 07 4:00 PM","33.9518014832173"
"Year 1 Dec 07 5:00 PM","1.78075350684394"
"Year 1 Dec 07 6:00 PM","0"
"Year 1 Dec 07 7:00 PM","0"
"Year 1 Dec 07 8:00 PM","0"
"Year 1 Dec 07 9:00 PM","0"
"Year 1 Dec 07 10:00 PM","0"
"Year 1 Dec 07 11:00 PM","0"
"Year 1 Dec 08 12:00 AM","0"
"Year 1 Dec 08 1:00 AM","0"
"Year 1 Dec 08 2:00 AM","0"
"Year 1 Dec 08 3:00 AM","0"
"Year 1 Dec 08 4:00 AM","0"
"Year 1 Dec 08 5:00 AM","0"
"Year 1 Dec 08 6:00 AM","0"
"Year 1 Dec 08 7:00 AM","0"
"Year 1 Dec 08 8:00 AM","14.3923978460148"
"Year 1 Dec 08 9:00 AM","46.3396742803572"
"Year 1 Dec 08 10:00 AM","64.6893887391061"
"Year 1 Dec 08 11:00 AM","106.557621929612"
"Year 1 Dec 08 12:00 PM","104.472509075305"
"Year 1 Dec 08 1:00 PM","109.433630142158"
"Year 1 Dec 08 2:00 PM","85.9454318145487"
"Year 1 Dec 08 3:00 PM","57.0435081173674"
"Year 1 Dec 08 4:00 PM","26.4773827750214"
"Year 1 Dec 08 5:00 PM","2.02975366536659"
"Year 1 Dec 08 6:00 PM","0"
"Year 1 Dec 08 7:00 PM","0"
"Year 1 Dec 08 8:00 PM","0"
"Year 1 Dec 08 9:00 PM","0"
"Year 1 Dec 08 10:00 PM","0"
"Year 1 Dec 08 11:00 PM","0"
"Year 1 Dec 09 12:00 AM","0"
"Year 1 Dec 09 1:00 AM","0"
"Year 1 Dec 09 2:00 AM","0"
"Year 1 Dec 09 3:00 AM","0"
"Year 1 Dec 09 4:00 AM","0"
"Year 1 Dec 09 5:00 AM","0"
"Year 1 Dec 09 6:00 AM","0"
"Year 1 Dec 09 7:00 AM","0"
"Year 1 Dec 09 8:00 AM","24.5451035847896"
"Year 1 Dec 09 9:00 AM","115.860766285192"
"Year 1 Dec 09 10:00 AM","176.073940207034"
"Year 1 Dec 09 11:00 AM","188.252188992532"
"Year 1 Dec 09 12:00 PM","87.8899756679103"
"Year 1 Dec 09 1:00 PM","98.6419020839323"
"Year 1 Dec 09 2:00 PM","70.020177645758"
"Year 1 Dec 09 3:00 PM","52.6095422562872"
"Year 1 Dec 09 4:00 PM","25.0976480094984"
"Year 1 Dec 09 5:00 PM","1.35621921726658"
"Year 1 Dec 09 6:00 PM","0"
"Year 1 Dec 09 7:00 PM","0"
"Year 1 Dec 09 8:00 PM","0"
"Year 1 Dec 09 9:00 PM","0"
"Year 1 Dec 09 10:00 PM","0"
"Year 1 Dec 09 11:00 PM","0"
"Year 1 Dec 10 12:00 AM","0"
"Year 1 Dec 10 1:00 AM","0"
"Year 1 Dec 10 2:00 AM","0"
"Year 1 Dec 10 3:00 AM","0"
"Year 1 Dec 10 4:00 AM","0"
"Year 1 Dec 10 5:00 AM","0"
"Year 1 Dec 10 6:00 AM","0"
"Year 1 Dec 10 7:00 AM","0"
"Year 1 Dec 10 8:00 AM","29.1393793047301"
"Year 1 Dec 10 9:00 AM","143.630197932109"
"Year 1 Dec 10 10:00 AM","250.113763637676"
"Year 1 Dec 10 11:00 AM","333.548197413597"
"Year 1 Dec 10 12:00 PM","366.276949619591"
"Year 1 Dec 10 1:00 PM","350.459027089303"
"Year 1 Dec 10 2:00 PM","277.83723145008"
"Year 1 Dec 10 3:00 PM","164.628305169973"
"Year 1 Dec 10 4:00 PM","57.488698433374"
"Year 1 Dec 10 5:00 PM","2.15178802639477"
"Year 1 Dec 10 6:00 PM","0"
"Year 1 Dec 10 7:00 PM","0"
"Year 1 Dec 10 8:00 PM","0"
"Year 1 Dec 10 9:00 PM","0"
"Year 1 Dec 10 10:00 PM","0"
"Year 1 Dec 10 11:00 PM","0"
"Year 1 Dec 11 12:00 AM","0"
"Year 1 Dec 11 1:00 AM","0"
"Year 1 Dec 11 2:00 AM","0"
"Year 1 Dec 11 3:00 AM","0"
"Year 1 Dec 11 4:00 AM","0"
"Year 1 Dec 11 5:00 AM","0"
"Year 1 Dec 11 6:00 AM","0"
"Year 1 Dec 11 7:00 AM","0"
"Year 1 Dec 11 8:00 AM","19.4422759174895"
"Year 1 Dec 11 9:00 AM","113.220713716284"
"Year 1 Dec 11 10:00 AM","206.645174462374"
"Year 1 Dec 11 11:00 AM","209.060420226764"
"Year 1 Dec 11 12:00 PM","152.033181171185"
"Year 1 Dec 11 1:00 PM","242.112966620296"
"Year 1 Dec 11 2:00 PM","282.064577042006"
"Year 1 Dec 11 3:00 PM","184.163040706369"
"Year 1 Dec 11 4:00 PM","61.033892778044"
"Year 1 Dec 11 5:00 PM","1.88720236548135"
"Year 1 Dec 11 6:00 PM","0"
"Year 1 Dec 11 7:00 PM","0"
"Year 1 Dec 11 8:00 PM","0"
"Year 1 Dec 11 9:00 PM","0"
"Year 1 Dec 11 10:00 PM","0"
"Year 1 Dec 11 11:00 PM","0"
"Year 1 Dec 12 12:00 AM","0"
"Year 1 Dec 12 1:00 AM","0"
"Year 1 Dec 12 2:00 AM","0"
"Year 1 Dec 12 3:00 AM","0"
"Year 1 Dec 12 4:00 AM","0"
"Year 1 Dec 12 5:00 AM","0"
"Year 1 Dec 12 6:00 AM","0"
"Year 1 Dec 12 7:00 AM","0"
"Year 1 Dec 12 8:00 AM","20.35157263721"
"Year 1 Dec 12 9:00 AM","101.389246598918"
"Year 1 Dec 12 10:00 AM","201.259653606126"
"Year 1 Dec 12 11:00 AM","249.165003606819"
"Year 1 Dec 12 12:00 PM","214.701189146567"
"Year 1 Dec 12 1:00 PM","210.523954876794"
"Year 1 Dec 12 2:00 PM","103.456312316854"
"Year 1 Dec 12 3:00 PM","65.3019928540955"
"Year 1 Dec 12 4:00 PM","22.1093937132064"
"Year 1 Dec 12 5:00 PM","1.44915914310401"
"Year 1 Dec 12 6:00 PM","0"
"Year 1 Dec 12 7:00 PM","0"
"Year 1 Dec 12 8:00 PM","0"
"Year 1 Dec 12 9:00 PM","0"
"Year 1 Dec 12 10:00 PM","0"
"Year 1 Dec 12 11:00 PM","0"
"Year 1 Dec 13 12:00 AM","0"
"Year 1 Dec 13 1:00 AM","0"
"Year 1 Dec 13 2:00 AM","0"
"Year 1 Dec 13 3:00 AM","0"
"Year 1 Dec 13 4:00 AM","0"
"Year 1 Dec 13 5:00 AM","0"
"Year 1 Dec 13 6:00 AM","0"
"Year 1 Dec 13 7:00 AM","0"
"Year 1 Dec 13 8:00 AM","11.4876847711473"
"Year 1 Dec 13 9:00 AM","31.077250276536"
"Year 1 Dec 13 10:00 AM","64.4743406347797"
"Year 1 Dec 13 11:00 AM","92.7721880466823"
"Year 1 Dec 13 12:00 PM","101.366522803275"
"Year 1 Dec 13 1:00 PM","98.1337402985367"
"Year 1 Dec 13 2:00 PM","91.9863717183772"
"Year 1 Dec 13 3:00 PM","57.0072532810047"
"Year 1 Dec 13 4:00 PM","26.6728183843697"
"Year 1 Dec 13 5:00 PM","1.90982419117635"
"Year 1 Dec 13 6:00 PM","0"
"Year 1 Dec 13 7:00 PM","0"
"Year 1 Dec 13 8:00 PM","0"
"Year 1 Dec 13 9:00 PM","0"
"Year 1 Dec 13 10:00 PM","0"
"Year 1 Dec 13 11:00 PM","0"
"Year 1 Dec 14 12:00 AM","0"
"Year 1 Dec 14 1:00 AM","0"
"Year 1 Dec 14 2:00 AM","0"
"Year 1 Dec 14 3:00 AM","0"
"Year 1 Dec 14 4:00 AM","0"
"Year 1 Dec 14 5:00 AM","0"
"Year 1 Dec 14 6:00 AM","0"
"Year 1 Dec 14 7:00 AM","0"
"Year 1 Dec 14 8:00 AM","17.5251377808766"
"Year 1 Dec 14 9:00 AM","56.3715222952869"
"Year 1 Dec 14 10:00 AM","95.7661578461278"
"Year 1 Dec 14 11:00 AM","112.05170784992"
"Year 1 Dec 14 12:00 PM","126.031553899749"
"Year 1 Dec 14 1:00 PM","131.226496858921"
"Year 1 Dec 14 2:00 PM","150.434173019815"
"Year 1 Dec 14 3:00 PM","78.8787213138257"
"Year 1 Dec 14 4:00 PM","24.0180493986076"
"Year 1 Dec 14 5:00 PM","1.47767406179419"
"Year 1 Dec 14 6:00 PM","0"
"Year 1 Dec 14 7:00 PM","0"
"Year 1 Dec 14 8:00 PM","0"
"Year 1 Dec 14 9:00 PM","0"
"Year 1 Dec 14 10:00 PM","0"
"Year 1 Dec 14 11:00 PM","0"
"Year 1 Dec 15 12:00 AM","0"
"Year 1 Dec 15 1:00 AM","0"
"Year 1 Dec 15 2:00 AM","0"
"Year 1 Dec 15 3:00 AM","0"
"Year 1 Dec 15 4:00 AM","0"
"Year 1 Dec 15 5:00 AM","0"
"Year 1 Dec 15 6:00 AM","0"
"Year 1 Dec 15 7:00 AM","0"
"Year 1 Dec 15 8:00 AM","17.2978376125168"
"Year 1 Dec 15 9:00 AM","98.9926058692585"
"Year 1 Dec 15 10:00 AM","184.395364512529"
"Year 1 Dec 15 11:00 AM","254.455111786324"
"Year 1 Dec 15 12:00 PM","315.194847075532"
"Year 1 Dec 15 1:00 PM","295.57601385288"
"Year 1 Dec 15 2:00 PM","229.866632720515"
"Year 1 Dec 15 3:00 PM","148.558180524646"
"Year 1 Dec 15 4:00 PM","53.6872194534846"
"Year 1 Dec 15 5:00 PM","2.02028706647809"
"Year 1 Dec 15 6:00 PM","0"
"Year 1 Dec 15 7:00 PM","0"
"Year 1 Dec 15 8:00 PM","0"
"Year 1 Dec 15 9:00 PM","0"
"Year 1 Dec 15 10:00 PM","0"
"Year 1 Dec 15 11:00 PM","0"
"Year 1 Dec 16 12:00 AM","0"
"Year 1 Dec 16 1:00 AM","0"
"Year 1 Dec 16 2:00 AM","0"
"Year 1 Dec 16 3:00 AM","0"
"Year 1 Dec 16 4:00 AM","0"
"Year 1 Dec 16 5:00 AM","0"
"Year 1 Dec 16 6:00 AM","0"
"Year 1 Dec 16 7:00 AM","0"
"Year 1 Dec 16 8:00 AM","25.2394302319662"
"Year 1 Dec 16 9:00 AM","134.055336186944"
"Year 1 Dec 16 10:00 AM","255.559824972278"
"Year 1 Dec 16 11:00 AM","288.518261709066"
"Year 1 Dec 16 12:00 PM","160.927604869789"
"Year 1 Dec 16 1:00 PM","164.186488288341"
"Year 1 Dec 16 2:00 PM","81.4295117410586"
"Year 1 Dec 16 3:00 PM","57.1171289334478"
"Year 1 Dec 16 4:00 PM","19.2193471662543"
"Year 1 Dec 16 5:00 PM","1.0928934562783"
"Year 1 Dec 16 6:00 PM","0"
"Year 1 Dec 16 7:00 PM","0"
"Year 1 Dec 16 8:00 PM","0"
"Year 1 Dec 16 9:00 PM","0"
"Year 1 Dec 16 10:00 PM","0"
"Year 1 Dec 16 11:00 PM","0"
"Year 1 Dec 17 12:00 AM","0"
"Year 1 Dec 17 1:00 AM","0"
"Year 1 Dec 17 2:00 AM","0"
"Year 1 Dec 17 3:00 AM","0"
"Year 1 Dec 17 4:00 AM","0"
"Year 1 Dec 17 5:00 AM","0"
"Year 1 Dec 17 6:00 AM","0"
"Year 1 Dec 17 7:00 AM","0"
"Year 1 Dec 17 8:00 AM","6.62991293184603"
"Year 1 Dec 17 9:00 AM","35.1583246848286"
"Year 1 Dec 17 10:00 AM","87.0416794400526"
"Year 1 Dec 17 11:00 AM","75.371528744155"
"Year 1 Dec 17 12:00 PM","78.5531715213102"
"Year 1 Dec 17 1:00 PM","84.5327906337491"
"Year 1 Dec 17 2:00 PM","67.8134501508141"
"Year 1 Dec 17 3:00 PM","50.0183791046457"
"Year 1 Dec 17 4:00 PM","28.4007544072592"
"Year 1 Dec 17 5:00 PM","2.13444358099004"
"Year 1 Dec 17 6:00 PM","0"
"Year 1 Dec 17 7:00 PM","0"
"Year 1 Dec 17 8:00 PM","0"
"Year 1 Dec 17 9:00 PM","0"
"Year 1 Dec 17 10:00 PM","0"
"Year 1 Dec 17 11:00 PM","0"
"Year 1 Dec 18 12:00 AM","0"
"Year 1 Dec 18 1:00 AM","0"
"Year 1 Dec 18 2:00 AM","0"
"Year 1 Dec 18 3:00 AM","0"
"Year 1 Dec 18 4:00 AM","0"
"Year 1 Dec 18 5:00 AM","0"
"Year 1 Dec 18 6:00 AM","0"
"Year 1 Dec 18 7:00 AM","0"
"Year 1 Dec 18 8:00 AM","22.3603247179825"
"Year 1 Dec 18 9:00 AM","123.693727828991"
"Year 1 Dec 18 10:00 AM","241.451643783446"
"Year 1 Dec 18 11:00 AM","338.145928251662"
"Year 1 Dec 18 12:00 PM","380.508436145159"
"Year 1 Dec 18 1:00 PM","362.566942666523"
"Year 1 Dec 18 2:00 PM","291.853496233709"
"Year 1 Dec 18 3:00 PM","176.220539256075"
"Year 1 Dec 18 4:00 PM","56.9562663278796"
"Year 1 Dec 18 5:00 PM","2.13218748902616"
"Year 1 Dec 18 6:00 PM","0"
"Year 1 Dec 18 7:00 PM","0"
"Year 1 Dec 18 8:00 PM","0"
"Year 1 Dec 18 9:00 PM","0"
"Year 1 Dec 18 10:00 PM","0"
"Year 1 Dec 18 11:00 PM","0"
"Year 1 Dec 19 12:00 AM","0"
"Year 1 Dec 19 1:00 AM","0"
"Year 1 Dec 19 2:00 AM","0"
"Year 1 Dec 19 3:00 AM","0"
"Year 1 Dec 19 4:00 AM","0"
"Year 1 Dec 19 5:00 AM","0"
"Year 1 Dec 19 6:00 AM","0"
"Year 1 Dec 19 7:00 AM","0"
"Year 1 Dec 19 8:00 AM","24.6759180909601"
"Year 1 Dec 19 9:00 AM","142.312889282569"
"Year 1 Dec 19 10:00 AM","271.094293596474"
"Year 1 Dec 19 11:00 AM","363.186687111861"
"Year 1 Dec 19 12:00 PM","391.891782310206"
"Year 1 Dec 19 1:00 PM","338.860327645617"
"Year 1 Dec 19 2:00 PM","291.916195314019"
"Year 1 Dec 19 3:00 PM","184.608524984181"
"Year 1 Dec 19 4:00 PM","66.6508196424509"
"Year 1 Dec 19 5:00 PM","1.94529953491079"
"Year 1 Dec 19 6:00 PM","0"
"Year 1 Dec 19 7:00 PM","0"
"Year 1 Dec 19 8:00 PM","0"
"Year 1 Dec 19 9:00 PM","0"
"Year 1 Dec 19 10:00 PM","0"
"Year 1 Dec 19 11:00 PM","0"
"Year 1 Dec 20 12:00 AM","0"
"Year 1 Dec 20 1:00 AM","0"
"Year 1 Dec 20 2:00 AM","0"
"Year 1 Dec 20 3:00 AM","0"
"Year 1 Dec 20 4:00 AM","0"
"Year 1 Dec 20 5:00 AM","0"
"Year 1 Dec 20 6:00 AM","0"
"Year 1 Dec 20 7:00 AM","0"
"Year 1 Dec 20 8:00 AM","21.272559260852"
"Year 1 Dec 20 9:00 AM","105.756599528552"
"Year 1 Dec 20 10:00 AM","221.722569620611"
"Year 1 Dec 20 11:00 AM","325.521886537707"
"Year 1 Dec 20 12:00 PM","341.930626870047"
"Year 1 Dec 20 1:00 PM","311.717529116809"
"Year 1 Dec 20 2:00 PM","277.015394499198"
"Year 1 Dec 20 3:00 PM","154.195919209745"
"Year 1 Dec 20 4:00 PM","52.4500964306536"
"Year 1 Dec 20 5:00 PM","2.55388166642535"
"Year 1 Dec 20 6:00 PM","0"
"Year 1 Dec 20 7:00 PM","0"
"Year 1 Dec 20 8:00 PM","0"
"Year 1 Dec 20 9:00 PM","0"
"Year 1 Dec 20 10:00 PM","0"
"Year 1 Dec 20 11:00 PM","0"
"Year 1 Dec 21 12:00 AM","0"
"Year 1 Dec 21 1:00 AM","0"
"Year 1 Dec 21 2:00 AM","0"
"Year 1 Dec 21 3:00 AM","0"
"Year 1 Dec 21 4:00 AM","0"
"Year 1 Dec 21 5:00 AM","0"
"Year 1 Dec 21 6:00 AM","0"
"Year 1 Dec 21 7:00 AM","0"
"Year 1 Dec 21 8:00 AM","8.69653961054578"
"Year 1 Dec 21 9:00 AM","37.6167981431252"
"Year 1 Dec 21 10:00 AM","76.9461796517829"
"Year 1 Dec 21 11:00 AM","115.949289769608"
"Year 1 Dec 21 12:00 PM","93.0648008915323"
"Year 1 Dec 21 1:00 PM","101.064091222349"
"Year 1 Dec 21 2:00 PM","84.6559866330268"
"Year 1 Dec 21 3:00 PM","55.3075878403817"
"Year 1 Dec 21 4:00 PM","25.2275688093014"
"Year 1 Dec 21 5:00 PM","1.9180660088543"
"Year 1 Dec 21 6:00 PM","0"
"Year 1 Dec 21 7:00 PM","0"
"Year 1 Dec 21 8:00 PM","0"
"Year 1 Dec 21 9:00 PM","0"
"Year 1 Dec 21 10:00 PM","0"
"Year 1 Dec 21 11:00 PM","0"
"Year 1 Dec 22 12:00 AM","0"
"Year 1 Dec 22 1:00 AM","0"
"Year 1 Dec 22 2:00 AM","0"
"Year 1 Dec 22 3:00 AM","0"
"Year 1 Dec 22 4:00 AM","0"
"Year 1 Dec 22 5:00 AM","0"
"Year 1 Dec 22 6:00 AM","0"
"Year 1 Dec 22 7:00 AM","0"
"Year 1 Dec 22 8:00 AM","10.2548063326527"
"Year 1 Dec 22 9:00 AM","31.9535048959649"
"Year 1 Dec 22 10:00 AM","85.4892247200409"
"Year 1 Dec 22 11:00 AM","102.675419228414"
"Year 1 Dec 22 12:00 PM","117.683380810426"
"Year 1 Dec 22 1:00 PM","123.131744653539"
"Year 1 Dec 22 2:00 PM","105.703955402268"
"Year 1 Dec 22 3:00 PM","67.955696767207"
"Year 1 Dec 22 4:00 PM","31.9377085953624"
"Year 1 Dec 22 5:00 PM","2.50679618173947"
"Year 1 Dec 22 6:00 PM","0"
"Year 1 Dec 22 7:00 PM","0"
"Year 1 Dec 22 8:00 PM","0"
"Year 1 Dec 22 9:00 PM","0"
"Year 1 Dec 22 10:00 PM","0"
"Year 1 Dec 22 11:00 PM","0"
"Year 1 Dec 23 12:00 AM","0"
"Year 1 Dec 23 1:00 AM","0"
"Year 1 Dec 23 2:00 AM","0"
"Year 1 Dec 23 3:00 AM","0"
"Year 1 Dec 23 4:00 AM","0"
"Year 1 Dec 23 5:00 AM","0"
"Year 1 Dec 23 6:00 AM","0"
"Year 1 Dec 23 7:00 AM","0"
"Year 1 Dec 23 8:00 AM","21.5895056279214"
"Year 1 Dec 23 9:00 AM","112.11265727084"
"Year 1 Dec 23 10:00 AM","236.968108961001"
"Year 1 Dec 23 11:00 AM","337.921579782983"
"Year 1 Dec 23 12:00 PM","400.910741765087"
"Year 1 Dec 23 1:00 PM","384.010439249624"
"Year 1 Dec 23 2:00 PM","315.590583907157"
"Year 1 Dec 23 3:00 PM","200.400091163818"
"Year 1 Dec 23 4:00 PM","70.1417084616069"
"Year 1 Dec 23 5:00 PM","1.93535637038114"
"Year 1 Dec 23 6:00 PM","0"
"Year 1 Dec 23 7:00 PM","0"
"Year 1 Dec 23 8:00 PM","0"
"Year 1 Dec 23 9:00 PM","0"
"Year 1 Dec 23 10:00 PM","0"
"Year 1 Dec 23 11:00 PM","0"
"Year 1 Dec 24 12:00 AM","0"
"Year 1 Dec 24 1:00 AM","0"
"Year 1 Dec 24 2:00 AM","0"
"Year 1 Dec 24 3:00 AM","0"
"Year 1 Dec 24 4:00 AM","0"
"Year 1 Dec 24 5:00 AM","0"
"Year 1 Dec 24 6:00 AM","0"
"Year 1 Dec 24 7:00 AM","0"
"Year 1 Dec 24 8:00 AM","18.4803369297747"
"Year 1 Dec 24 9:00 AM","125.830285585428"
"Year 1 Dec 24 10:00 AM","250.415347902656"
"Year 1 Dec 24 11:00 AM","345.337034765354"
"Year 1 Dec 24 12:00 PM","386.073281337051"
"Year 1 Dec 24 1:00 PM","369.78526904038"
"Year 1 Dec 24 2:00 PM","299.422913541829"
"Year 1 Dec 24 3:00 PM","184.347517118688"
"Year 1 Dec 24 4:00 PM","62.8751152436962"
"Year 1 Dec 24 5:00 PM","2.09545671145281"
"Year 1 Dec 24 6:00 PM","0"
"Year 1 Dec 24 7:00 PM","0"
"Year 1 Dec 24 8:00 PM","0"
"Year 1 Dec 24 9:00 PM","0"
"Year 1 Dec 24 10:00 PM","0"
"Year 1 Dec 24 11:00 PM","0"
"Year 1 Dec 25 12:00 AM","0"
"Year 1 Dec 25 1:00 AM","0"
"Year 1 Dec 25 2:00 AM","0"
"Year 1 Dec 25 3:00 AM","0"
"Year 1 Dec 25 4:00 AM","0"
"Year 1 Dec 25 5:00 AM","0"
"Year 1 Dec 25 6:00 AM","0"
"Year 1 Dec 25 7:00 AM","0"
"Year 1 Dec 25 8:00 AM","19.7068849365813"
"Year 1 Dec 25 9:00 AM","112.331081079007"
"Year 1 Dec 25 10:00 AM","234.995784055124"
"Year 1 Dec 25 11:00 AM","332.326462019086"
"Year 1 Dec 25 12:00 PM","375.349015888545"
"Year 1 Dec 25 1:00 PM","342.448517350988"
"Year 1 Dec 25 2:00 PM","216.875073501202"
"Year 1 Dec 25 3:00 PM","142.448629000427"
"Year 1 Dec 25 4:00 PM","47.6974147324421"
"Year 1 Dec 25 5:00 PM","2.24315106015249"
"Year 1 Dec 25 6:00 PM","0"
"Year 1 Dec 25 7:00 PM","0"
"Year 1 Dec 25 8:00 PM","0"
"Year 1 Dec 25 9:00 PM","0"
"Year 1 Dec 25 10:00 PM","0"
"Year 1 Dec 25 11:00 PM","0"
"Year 1 Dec 26 12:00 AM","0"
"Year 1 Dec 26 1:00 AM","0"
"Year 1 Dec 26 2:00 AM","0"
"Year 1 Dec 26 3:00 AM","0"
"Year 1 Dec 26 4:00 AM","0"
"Year 1 Dec 26 5:00 AM","0"
"Year 1 Dec 26 6:00 AM","0"
"Year 1 Dec 26 7:00 AM","0"
"Year 1 Dec 26 8:00 AM","12.1985068779585"
"Year 1 Dec 26 9:00 AM","37.4370334486612"
"Year 1 Dec 26 10:00 AM","71.2550201690837"
"Year 1 Dec 26 11:00 AM","90.5958842487231"
"Year 1 Dec 26 12:00 PM","113.948805287652"
"Year 1 Dec 26 1:00 PM","102.588386376231"
"Year 1 Dec 26 2:00 PM","84.7864709147681"
"Year 1 Dec 26 3:00 PM","62.0690302130623"
"Year 1 Dec 26 4:00 PM","29.2918615642341"
"Year 1 Dec 26 5:00 PM","2.185093143344"
"Year 1 Dec 26 6:00 PM","0"
"Year 1 Dec 26 7:00 PM","0"
"Year 1 Dec 26 8:00 PM","0"
"Year 1 Dec 26 9:00 PM","0"
"Year 1 Dec 26 10:00 PM","0"
"Year 1 Dec 26 11:00 PM","0"
"Year 1 Dec 27 12:00 AM","0"
"Year 1 Dec 27 1:00 AM","0"
"Year 1 Dec 27 2:00 AM","0"
"Year 1 Dec 27 3:00 AM","0"
"Year 1 Dec 27 4:00 AM","0"
"Year 1 Dec 27 5:00 AM","0"
"Year 1 Dec 27 6:00 AM","0"
"Year 1 Dec 27 7:00 AM","0"
"Year 1 Dec 27 8:00 AM","6.36070739517168"
"Year 1 Dec 27 9:00 AM","30.6471874160806"
"Year 1 Dec 27 10:00 AM","75.5753328163929"
"Year 1 Dec 27 11:00 AM","96.5313640982051"
"Year 1 Dec 27 12:00 PM","109.024348346566"
"Year 1 Dec 27 1:00 PM","152.515375097453"
"Year 1 Dec 27 2:00 PM","85.8144109206219"
"Year 1 Dec 27 3:00 PM","43.324055484003"
"Year 1 Dec 27 4:00 PM","23.1599728588724"
"Year 1 Dec 27 5:00 PM","3.14332340513865"
"Year 1 Dec 27 6:00 PM","0"
"Year 1 Dec 27 7:00 PM","0"
"Year 1 Dec 27 8:00 PM","0"
"Year 1 Dec 27 9:00 PM","0"
"Year 1 Dec 27 10:00 PM","0"
"Year 1 Dec 27 11:00 PM","0"
"Year 1 Dec 28 12:00 AM","0"
"Year 1 Dec 28 1:00 AM","0"
"Year 1 Dec 28 2:00 AM","0"
"Year 1 Dec 28 3:00 AM","0"
"Year 1 Dec 28 4:00 AM","0"
"Year 1 Dec 28 5:00 AM","0"
"Year 1 Dec 28 6:00 AM","0"
"Year 1 Dec 28 7:00 AM","0"
"Year 1 Dec 28 8:00 AM","7.72750857781661"
"Year 1 Dec 28 9:00 AM","32.231732589856"
"Year 1 Dec 28 10:00 AM","58.8739789978347"
"Year 1 Dec 28 11:00 AM","107.790420570157"
"Year 1 Dec 28 12:00 PM","121.718907354078"
"Year 1 Dec 28 1:00 PM","135.936051438104"
"Year 1 Dec 28 2:00 PM","133.714446285842"
"Year 1 Dec 28 3:00 PM","119.0380266584"
"Year 1 Dec 28 4:00 PM","44.2931438846953"
"Year 1 Dec 28 5:00 PM","3.9643024137591"
"Year 1 Dec 28 6:00 PM","0"
"Year 1 Dec 28 7:00 PM","0"
"Year 1 Dec 28 8:00 PM","0"
"Year 1 Dec 28 9:00 PM","0"
"Year 1 Dec 28 10:00 PM","0"
"Year 1 Dec 28 11:00 PM","0"
"Year 1 Dec 29 12:00 AM","0"
"Year 1 Dec 29 1:00 AM","0"
"Year 1 Dec 29 2:00 AM","0"
"Year 1 Dec 29 3:00 AM","0"
"Year 1 Dec 29 4:00 AM","0"
"Year 1 Dec 29 5:00 AM","0"
"Year 1 Dec 29 6:00 AM","0"
"Year 1 Dec 29 7:00 AM","0"
"Year 1 Dec 29 8:00 AM","19.8361454825075"
"Year 1 Dec 29 9:00 AM","129.64661509202"
"Year 1 Dec 29 10:00 AM","257.555379059395"
"Year 1 Dec 29 11:00 AM","354.246316429741"
"Year 1 Dec 29 12:00 PM","399.608296997951"
"Year 1 Dec 29 1:00 PM","387.43176082683"
"Year 1 Dec 29 2:00 PM","321.795223671104"
"Year 1 Dec 29 3:00 PM","203.00256291223"
"Year 1 Dec 29 4:00 PM","67.4706220930914"
"Year 1 Dec 29 5:00 PM","4.71801772129579"
"Year 1 Dec 29 6:00 PM","0"
"Year 1 Dec 29 7:00 PM","0"
"Year 1 Dec 29 8:00 PM","0"
"Year 1 Dec 29 9:00 PM","0"
"Year 1 Dec 29 10:00 PM","0"
"Year 1 Dec 29 11:00 PM","0"
"Year 1 Dec 30 12:00 AM","0"
"Year 1 Dec 30 1:00 AM","0"
"Year 1 Dec 30 2:00 AM","0"
"Year 1 Dec 30 3:00 AM","0"
"Year 1 Dec 30 4:00 AM","0"
"Year 1 Dec 30 5:00 AM","0"
"Year 1 Dec 30 6:00 AM","0"
"Year 1 Dec 30 7:00 AM","0"
"Year 1 Dec 30 8:00 AM","13.0920525744103"
"Year 1 Dec 30 9:00 AM","58.8264553985448"
"Year 1 Dec 30 10:00 AM","105.311505763717"
"Year 1 Dec 30 11:00 AM","181.499341797582"
"Year 1 Dec 30 12:00 PM","190.37615421817"
"Year 1 Dec 30 1:00 PM","107.37898792204"
"Year 1 Dec 30 2:00 PM","74.3485620377667"
"Year 1 Dec 30 3:00 PM","58.7191756268507"
"Year 1 Dec 30 4:00 PM","33.8423622719928"
"Year 1 Dec 30 5:00 PM","4.14937057208554"
"Year 1 Dec 30 6:00 PM","0"
"Year 1 Dec 30 7:00 PM","0"
"Year 1 Dec 30 8:00 PM","0"
"Year 1 Dec 30 9:00 PM","0"
"Year 1 Dec 30 10:00 PM","0"
"Year 1 Dec 30 11:00 PM","0"
"Year 1 Dec 31 12:00 AM","0"
"Year 1 Dec 31 1:00 AM","0"
"Year 1 Dec 31 2:00 AM","0"
"Year 1 Dec 31 3:00 AM","0"
"Year 1 Dec 31 4:00 AM","0"
"Year 1 Dec 31 5:00 AM","0"
"Year 1 Dec 31 6:00 AM","0"
"Year 1 Dec 31 7:00 AM","0"
"Year 1 Dec 31 8:00 AM","8.28853172719183"
"Year 1 Dec 31 9:00 AM","34.2272445439969"
"Year 1 Dec 31 10:00 AM","67.1325414840423"
"Year 1 Dec 31 11:00 AM","90.1784869086352"
"Year 1 Dec 31 12:00 PM","72.6410929510056"
"Year 1 Dec 31 1:00 PM","58.1132463043977"
"Year 1 Dec 31 2:00 PM","50.5842395267477"
"Year 1 Dec 31 3:00 PM","37.4632181891354"
"Year 1 Dec 31 4:00 PM","31.3106686770092"
"Year 1 Dec 31 5:00 PM","4.67805826216841"
"Year 1 Dec 31 6:00 PM","0"
"Year 1 Dec 31 7:00 PM","0"
"Year 1 Dec 31 8:00 PM","0"
"Year 1 Dec 31 9:00 PM","0"
"Year 1 Dec 31 10:00 PM","0"
"Year 1 Dec 31 11:00 PM","0"
"Year 2 Jan 01 12:00 AM","0"