1,"eplusout.eso"

"Date/Time","[1] Surface Outside Face Incident Sky Diffuse Solar Radiation Rate per Area  (W/m2)"
,"ZONE_0:F3:W0"
"Year 1 Jan 01 1:00 AM","0"
"Year 1 Jan 01 2:00 AM","0"
"Year 1 Jan 01 3:00 AM","0"
"Year 1 Jan 01 4:00 AM","0"
"Year 1 Jan 01 5:00 AM","0"
"Year 1 Jan 01 6:00 AM","0"
"Year 1 Jan 01 7:00 AM","0"
"Year 1 Jan 01 8:00 AM","3.64753809453923"
"Year 1 Jan 01 9:00 AM","14.8238467763438"
"Year 1 Jan 01 10:00 AM","20.719109841778"
"Year 1 Jan 01 11:00 AM","25.2327073851412"
"Year 1 Jan 01 12:00 PM","35.0773472696946"
"Year 1 Jan 01 1:00 PM","37.4789571947255"
"Year 1 Jan 01 2:00 PM","33.1427390387411"
"Year 1 Jan 01 3:00 PM","21.5908313666455"
"Year 1 Jan 01 4:00 PM","9.93236318078415"
"Year 1 Jan 01 5:00 PM","1.16550918484923"
"Year 1 Jan 01 6:00 PM","0"
"Year 1 Jan 01 7:00 PM","0"
"Year 1 Jan 01 8:00 PM","0"
"Year 1 Jan 01 9:00 PM","0"
"Year 1 Jan 01 10:00 PM","0"
"Year 1 Jan 01 11:00 PM","0"
"Year 1 Jan 02 12:00 AM","0"
"Year 1 Jan 02 1:00 AM","0"
"Year 1 Jan 02 2:00 AM","0"
"Year 1 Jan 02 3:00 AM","0"
"Year 1 Jan 02 4:00 AM","0"
"Year 1 Jan 02 5:00 AM","0"
"Year 1 Jan 02 6:00 AM","0"
"Year 1 Jan 02 7:00 AM","0"
"Year 1 Jan 02 8:00 AM","2.72314844224343"
"Year 1 Jan 02 9:00 AM","12.6947036553537"
"Year 1 Jan 02 10:00 AM","26.193847628025"
"Year 1 Jan 02 11:00 AM","31.3605517266671"
"Year 1 Jan 02 12:00 PM","38.3559766962652"
"Year 1 Jan 02 1:00 PM","39.5360154510598"
"Year 1 Jan 02 2:00 PM","34.9273200820179"
"Year 1 Jan 02 3:00 PM","25.1341517582926"
"Year 1 Jan 02 4:00 PM","11.8033183060021"
"Year 1 Jan 02 5:00 PM","1.53780796093377"
"Year 1 Jan 02 6:00 PM","0"
"Year 1 Jan 02 7:00 PM","0"
"Year 1 Jan 02 8:00 PM","0"
"Year 1 Jan 02 9:00 PM","0"
"Year 1 Jan 02 10:00 PM","0"
"Year 1 Jan 02 11:00 PM","0"
"Year 1 Jan 03 12:00 AM","0"
"Year 1 Jan 03 1:00 AM","0"
"Year 1 Jan 03 2:00 AM","0"
"Year 1 Jan 03 3:00 AM","0"
"Year 1 Jan 03 4:00 AM","0"
"Year 1 Jan 03 5:00 AM","0"
"Year 1 Jan 03 6:00 AM","0"
"Year 1 Jan 03 7:00 AM","0"
"Year 1 Jan 03 8:00 AM","4.99392569901208"
"Year 1 Jan 03 9:00 AM","19.3252074712168"
"Year 1 Jan 03 10:00 AM","34.7451803420022"
"Year 1 Jan 03 11:00 AM","43.9633848420396"
"Year 1 Jan 03 12:00 PM","45.8911027620714"
"Year 1 Jan 03 1:00 PM","45.1806283213143"
"Year 1 Jan 03 2:00 PM","41.2700943609841"
"Year 1 Jan 03 3:00 PM","29.768931750101"
"Year 1 Jan 03 4:00 PM","15.4295525984721"
"Year 1 Jan 03 5:00 PM","2.03124646533502"
"Year 1 Jan 03 6:00 PM","0"
"Year 1 Jan 03 7:00 PM","0"
"Year 1 Jan 03 8:00 PM","0"
"Year 1 Jan 03 9:00 PM","0"
"Year 1 Jan 03 10:00 PM","0"
"Year 1 Jan 03 11:00 PM","0"
"Year 1 Jan 04 12:00 AM","0"
"Year 1 Jan 04 1:00 AM","0"
"Year 1 Jan 04 2:00 AM","0"
"Year 1 Jan 04 3:00 AM","0"
"Year 1 Jan 04 4:00 AM","0"
"Year 1 Jan 04 5:00 AM","0"
"Year 1 Jan 04 6:00 AM","0"
"Year 1 Jan 04 7:00 AM","0"
"Year 1 Jan 04 8:00 AM","4.80007455455399"
"Year 1 Jan 04 9:00 AM","17.6965535412937"
"Year 1 Jan 04 10:00 AM","29.0448673412862"
"Year 1 Jan 04 11:00 AM","38.7975231709572"
"Year 1 Jan 04 12:00 PM","41.5666471238385"
"Year 1 Jan 04 1:00 PM","40.7280431510339"
"Year 1 Jan 04 2:00 PM","34.025350768724"
"Year 1 Jan 04 3:00 PM","26.3453890366734"
"Year 1 Jan 04 4:00 PM","13.1037626343428"
"Year 1 Jan 04 5:00 PM","1.83741199164657"
"Year 1 Jan 04 6:00 PM","0"
"Year 1 Jan 04 7:00 PM","0"
"Year 1 Jan 04 8:00 PM","0"
"Year 1 Jan 04 9:00 PM","0"
"Year 1 Jan 04 10:00 PM","0"
"Year 1 Jan 04 11:00 PM","0"
"Year 1 Jan 05 12:00 AM","0"
"Year 1 Jan 05 1:00 AM","0"
"Year 1 Jan 05 2:00 AM","0"
"Year 1 Jan 05 3:00 AM","0"
"Year 1 Jan 05 4:00 AM","0"
"Year 1 Jan 05 5:00 AM","0"
"Year 1 Jan 05 6:00 AM","0"
"Year 1 Jan 05 7:00 AM","0"
"Year 1 Jan 05 8:00 AM","4.96016360584168"
"Year 1 Jan 05 9:00 AM","14.5738044893379"
"Year 1 Jan 05 10:00 AM","18.4395730256398"
"Year 1 Jan 05 11:00 AM","20.3756466210594"
"Year 1 Jan 05 12:00 PM","21.306571611299"
"Year 1 Jan 05 1:00 PM","21.7301775229779"
"Year 1 Jan 05 2:00 PM","22.8064545191823"
"Year 1 Jan 05 3:00 PM","23.026112241145"
"Year 1 Jan 05 4:00 PM","13.1495437132899"
"Year 1 Jan 05 5:00 PM","1.9309195202462"
"Year 1 Jan 05 6:00 PM","0"
"Year 1 Jan 05 7:00 PM","0"
"Year 1 Jan 05 8:00 PM","0"
"Year 1 Jan 05 9:00 PM","0"
"Year 1 Jan 05 10:00 PM","0"
"Year 1 Jan 05 11:00 PM","0"
"Year 1 Jan 06 12:00 AM","0"
"Year 1 Jan 06 1:00 AM","0"
"Year 1 Jan 06 2:00 AM","0"
"Year 1 Jan 06 3:00 AM","0"
"Year 1 Jan 06 4:00 AM","0"
"Year 1 Jan 06 5:00 AM","0"
"Year 1 Jan 06 6:00 AM","0"
"Year 1 Jan 06 7:00 AM","0"
"Year 1 Jan 06 8:00 AM","4.75004671874263"
"Year 1 Jan 06 9:00 AM","15.4247899815696"
"Year 1 Jan 06 10:00 AM","21.7905620149428"
"Year 1 Jan 06 11:00 AM","31.9938782211231"
"Year 1 Jan 06 12:00 PM","37.4312136786925"
"Year 1 Jan 06 1:00 PM","39.2010648137059"
"Year 1 Jan 06 2:00 PM","30.0537515959858"
"Year 1 Jan 06 3:00 PM","26.3849789940651"
"Year 1 Jan 06 4:00 PM","16.2932359600252"
"Year 1 Jan 06 5:00 PM","2.26118617529333"
"Year 1 Jan 06 6:00 PM","0"
"Year 1 Jan 06 7:00 PM","0"
"Year 1 Jan 06 8:00 PM","0"
"Year 1 Jan 06 9:00 PM","0"
"Year 1 Jan 06 10:00 PM","0"
"Year 1 Jan 06 11:00 PM","0"
"Year 1 Jan 07 12:00 AM","0"
"Year 1 Jan 07 1:00 AM","0"
"Year 1 Jan 07 2:00 AM","0"
"Year 1 Jan 07 3:00 AM","0"
"Year 1 Jan 07 4:00 AM","0"
"Year 1 Jan 07 5:00 AM","0"
"Year 1 Jan 07 6:00 AM","0"
"Year 1 Jan 07 7:00 AM","0"
"Year 1 Jan 07 8:00 AM","4.07428027988676"
"Year 1 Jan 07 9:00 AM","11.8691847524613"
"Year 1 Jan 07 10:00 AM","16.6806984525102"
"Year 1 Jan 07 11:00 AM","19.1428821216348"
"Year 1 Jan 07 12:00 PM","20.0924132793067"
"Year 1 Jan 07 1:00 PM","19.9716525247602"
"Year 1 Jan 07 2:00 PM","18.5405425536707"
"Year 1 Jan 07 3:00 PM","15.554270775238"
"Year 1 Jan 07 4:00 PM","10.1699957545428"
"Year 1 Jan 07 5:00 PM","2.42913677356691"
"Year 1 Jan 07 6:00 PM","0"
"Year 1 Jan 07 7:00 PM","0"
"Year 1 Jan 07 8:00 PM","0"
"Year 1 Jan 07 9:00 PM","0"
"Year 1 Jan 07 10:00 PM","0"
"Year 1 Jan 07 11:00 PM","0"
"Year 1 Jan 08 12:00 AM","0"
"Year 1 Jan 08 1:00 AM","0"
"Year 1 Jan 08 2:00 AM","0"
"Year 1 Jan 08 3:00 AM","0"
"Year 1 Jan 08 4:00 AM","0"
"Year 1 Jan 08 5:00 AM","0"
"Year 1 Jan 08 6:00 AM","0"
"Year 1 Jan 08 7:00 AM","0"
"Year 1 Jan 08 8:00 AM","4.28602127444871"
"Year 1 Jan 08 9:00 AM","12.5418906656947"
"Year 1 Jan 08 10:00 AM","19.5376591603907"
"Year 1 Jan 08 11:00 AM","26.3510330235339"
"Year 1 Jan 08 12:00 PM","34.2470892947323"
"Year 1 Jan 08 1:00 PM","26.7614461059749"
"Year 1 Jan 08 2:00 PM","22.4214955407569"
"Year 1 Jan 08 3:00 PM","15.7345153955297"
"Year 1 Jan 08 4:00 PM","11.02246816144"
"Year 1 Jan 08 5:00 PM","2.58420817590584"
"Year 1 Jan 08 6:00 PM","0"
"Year 1 Jan 08 7:00 PM","0"
"Year 1 Jan 08 8:00 PM","0"
"Year 1 Jan 08 9:00 PM","0"
"Year 1 Jan 08 10:00 PM","0"
"Year 1 Jan 08 11:00 PM","0"
"Year 1 Jan 09 12:00 AM","0"
"Year 1 Jan 09 1:00 AM","0"
"Year 1 Jan 09 2:00 AM","0"
"Year 1 Jan 09 3:00 AM","0"
"Year 1 Jan 09 4:00 AM","0"
"Year 1 Jan 09 5:00 AM","0"
"Year 1 Jan 09 6:00 AM","0"
"Year 1 Jan 09 7:00 AM","0"
"Year 1 Jan 09 8:00 AM","4.57916350650088"
"Year 1 Jan 09 9:00 AM","17.4499444693922"
"Year 1 Jan 09 10:00 AM","32.1284600345542"
"Year 1 Jan 09 11:00 AM","42.1763299669011"
"Year 1 Jan 09 12:00 PM","42.5109074965182"
"Year 1 Jan 09 1:00 PM","44.2535109771969"
"Year 1 Jan 09 2:00 PM","35.591691857172"
"Year 1 Jan 09 3:00 PM","24.7649165799146"
"Year 1 Jan 09 4:00 PM","13.9518558589687"
"Year 1 Jan 09 5:00 PM","2.53007276652666"
"Year 1 Jan 09 6:00 PM","0"
"Year 1 Jan 09 7:00 PM","0"
"Year 1 Jan 09 8:00 PM","0"
"Year 1 Jan 09 9:00 PM","0"
"Year 1 Jan 09 10:00 PM","0"
"Year 1 Jan 09 11:00 PM","0"
"Year 1 Jan 10 12:00 AM","0"
"Year 1 Jan 10 1:00 AM","0"
"Year 1 Jan 10 2:00 AM","0"
"Year 1 Jan 10 3:00 AM","0"
"Year 1 Jan 10 4:00 AM","0"
"Year 1 Jan 10 5:00 AM","0"
"Year 1 Jan 10 6:00 AM","0"
"Year 1 Jan 10 7:00 AM","0"
"Year 1 Jan 10 8:00 AM","4.60189314595329"
"Year 1 Jan 10 9:00 AM","14.7710438901622"
"Year 1 Jan 10 10:00 AM","19.8856499117914"
"Year 1 Jan 10 11:00 AM","22.7763263370146"
"Year 1 Jan 10 12:00 PM","25.8762678737785"
"Year 1 Jan 10 1:00 PM","25.7475403101094"
"Year 1 Jan 10 2:00 PM","22.2136487455296"
"Year 1 Jan 10 3:00 PM","18.9083335569258"
"Year 1 Jan 10 4:00 PM","12.9246104365522"
"Year 1 Jan 10 5:00 PM","2.85475497212133"
"Year 1 Jan 10 6:00 PM","0"
"Year 1 Jan 10 7:00 PM","0"
"Year 1 Jan 10 8:00 PM","0"
"Year 1 Jan 10 9:00 PM","0"
"Year 1 Jan 10 10:00 PM","0"
"Year 1 Jan 10 11:00 PM","0"
"Year 1 Jan 11 12:00 AM","0"
"Year 1 Jan 11 1:00 AM","0"
"Year 1 Jan 11 2:00 AM","0"
"Year 1 Jan 11 3:00 AM","0"
"Year 1 Jan 11 4:00 AM","0"
"Year 1 Jan 11 5:00 AM","0"
"Year 1 Jan 11 6:00 AM","0"
"Year 1 Jan 11 7:00 AM","0"
"Year 1 Jan 11 8:00 AM","3.43492557960163"
"Year 1 Jan 11 9:00 AM","15.1110956960215"
"Year 1 Jan 11 10:00 AM","28.8917723481742"
"Year 1 Jan 11 11:00 AM","31.9925788852208"
"Year 1 Jan 11 12:00 PM","34.3373079217723"
"Year 1 Jan 11 1:00 PM","34.1566065935483"
"Year 1 Jan 11 2:00 PM","28.297778525371"
"Year 1 Jan 11 3:00 PM","17.2993119733139"
"Year 1 Jan 11 4:00 PM","10.7709801353068"
"Year 1 Jan 11 5:00 PM","2.67348845390877"
"Year 1 Jan 11 6:00 PM","0"
"Year 1 Jan 11 7:00 PM","0"
"Year 1 Jan 11 8:00 PM","0"
"Year 1 Jan 11 9:00 PM","0"
"Year 1 Jan 11 10:00 PM","0"
"Year 1 Jan 11 11:00 PM","0"
"Year 1 Jan 12 12:00 AM","0"
"Year 1 Jan 12 1:00 AM","0"
"Year 1 Jan 12 2:00 AM","0"
"Year 1 Jan 12 3:00 AM","0"
"Year 1 Jan 12 4:00 AM","0"
"Year 1 Jan 12 5:00 AM","0"
"Year 1 Jan 12 6:00 AM","0"
"Year 1 Jan 12 7:00 AM","0"
"Year 1 Jan 12 8:00 AM","5.00957170249415"
"Year 1 Jan 12 9:00 AM","15.8528568187819"
"Year 1 Jan 12 10:00 AM","19.1419233754724"
"Year 1 Jan 12 11:00 AM","27.9813333409491"
"Year 1 Jan 12 12:00 PM","35.0741179930789"
"Year 1 Jan 12 1:00 PM","37.5180516948145"
"Year 1 Jan 12 2:00 PM","34.9834077792129"
"Year 1 Jan 12 3:00 PM","24.5143220063345"
"Year 1 Jan 12 4:00 PM","12.6168383291072"
"Year 1 Jan 12 5:00 PM","2.2598807163602"
"Year 1 Jan 12 6:00 PM","0"
"Year 1 Jan 12 7:00 PM","0"
"Year 1 Jan 12 8:00 PM","0"
"Year 1 Jan 12 9:00 PM","0"
"Year 1 Jan 12 10:00 PM","0"
"Year 1 Jan 12 11:00 PM","0"
"Year 1 Jan 13 12:00 AM","0"
"Year 1 Jan 13 1:00 AM","0"
"Year 1 Jan 13 2:00 AM","0"
"Year 1 Jan 13 3:00 AM","0"
"Year 1 Jan 13 4:00 AM","0"
"Year 1 Jan 13 5:00 AM","0"
"Year 1 Jan 13 6:00 AM","0"
"Year 1 Jan 13 7:00 AM","0"
"Year 1 Jan 13 8:00 AM","4.96802344148798"
"Year 1 Jan 13 9:00 AM","16.0537259659733"
"Year 1 Jan 13 10:00 AM","21.8785224413005"
"Year 1 Jan 13 11:00 AM","25.2087589843569"
"Year 1 Jan 13 12:00 PM","27.8461461676402"
"Year 1 Jan 13 1:00 PM","33.8149477622954"
"Year 1 Jan 13 2:00 PM","41.3379884775298"
"Year 1 Jan 13 3:00 PM","27.2183366935538"
"Year 1 Jan 13 4:00 PM","7.76650770777251"
"Year 1 Jan 13 5:00 PM","1.40326756611208"
"Year 1 Jan 13 6:00 PM","0"
"Year 1 Jan 13 7:00 PM","0"
"Year 1 Jan 13 8:00 PM","0"
"Year 1 Jan 13 9:00 PM","0"
"Year 1 Jan 13 10:00 PM","0"
"Year 1 Jan 13 11:00 PM","0"
"Year 1 Jan 14 12:00 AM","0"
"Year 1 Jan 14 1:00 AM","0"
"Year 1 Jan 14 2:00 AM","0"
"Year 1 Jan 14 3:00 AM","0"
"Year 1 Jan 14 4:00 AM","0"
"Year 1 Jan 14 5:00 AM","0"
"Year 1 Jan 14 6:00 AM","0"
"Year 1 Jan 14 7:00 AM","0"
"Year 1 Jan 14 8:00 AM","4.61258423295909"
"Year 1 Jan 14 9:00 AM","17.8056021580822"
"Year 1 Jan 14 10:00 AM","28.3704255145201"
"Year 1 Jan 14 11:00 AM","34.9839626844726"
"Year 1 Jan 14 12:00 PM","40.5097588413161"
"Year 1 Jan 14 1:00 PM","37.8703600891363"
"Year 1 Jan 14 2:00 PM","21.084701858673"
"Year 1 Jan 14 3:00 PM","17.4742312428174"
"Year 1 Jan 14 4:00 PM","11.9469051886939"
"Year 1 Jan 14 5:00 PM","3.14311721480207"
"Year 1 Jan 14 6:00 PM","0"
"Year 1 Jan 14 7:00 PM","0"
"Year 1 Jan 14 8:00 PM","0"
"Year 1 Jan 14 9:00 PM","0"
"Year 1 Jan 14 10:00 PM","0"
"Year 1 Jan 14 11:00 PM","0"
"Year 1 Jan 15 12:00 AM","0"
"Year 1 Jan 15 1:00 AM","0"
"Year 1 Jan 15 2:00 AM","0"
"Year 1 Jan 15 3:00 AM","0"
"Year 1 Jan 15 4:00 AM","0"
"Year 1 Jan 15 5:00 AM","0"
"Year 1 Jan 15 6:00 AM","0"
"Year 1 Jan 15 7:00 AM","0"
"Year 1 Jan 15 8:00 AM","5.02258461091603"
"Year 1 Jan 15 9:00 AM","15.8078866036767"
"Year 1 Jan 15 10:00 AM","23.0902226639871"
"Year 1 Jan 15 11:00 AM","25.4676557094255"
"Year 1 Jan 15 12:00 PM","27.9045457796724"
"Year 1 Jan 15 1:00 PM","32.8770765925434"
"Year 1 Jan 15 2:00 PM","31.0845876456623"
"Year 1 Jan 15 3:00 PM","26.267992827926"
"Year 1 Jan 15 4:00 PM","15.8392184827402"
"Year 1 Jan 15 5:00 PM","3.40791915048762"
"Year 1 Jan 15 6:00 PM","0"
"Year 1 Jan 15 7:00 PM","0"
"Year 1 Jan 15 8:00 PM","0"
"Year 1 Jan 15 9:00 PM","0"
"Year 1 Jan 15 10:00 PM","0"
"Year 1 Jan 15 11:00 PM","0"
"Year 1 Jan 16 12:00 AM","0"
"Year 1 Jan 16 1:00 AM","0"
"Year 1 Jan 16 2:00 AM","0"
"Year 1 Jan 16 3:00 AM","0"
"Year 1 Jan 16 4:00 AM","0"
"Year 1 Jan 16 5:00 AM","0"
"Year 1 Jan 16 6:00 AM","0"
"Year 1 Jan 16 7:00 AM","0"
"Year 1 Jan 16 8:00 AM","5.11857537264881"
"Year 1 Jan 16 9:00 AM","20.2006476095478"
"Year 1 Jan 16 10:00 AM","31.1669014540368"
"Year 1 Jan 16 11:00 AM","33.2530631823587"
"Year 1 Jan 16 12:00 PM","40.1359230951906"
"Year 1 Jan 16 1:00 PM","33.0344225098026"
"Year 1 Jan 16 2:00 PM","30.7436305686376"
"Year 1 Jan 16 3:00 PM","28.6016972436837"
"Year 1 Jan 16 4:00 PM","16.3335896544023"
"Year 1 Jan 16 5:00 PM","3.70466030464555"
"Year 1 Jan 16 6:00 PM","0"
"Year 1 Jan 16 7:00 PM","0"
"Year 1 Jan 16 8:00 PM","0"
"Year 1 Jan 16 9:00 PM","0"
"Year 1 Jan 16 10:00 PM","0"
"Year 1 Jan 16 11:00 PM","0"
"Year 1 Jan 17 12:00 AM","0"
"Year 1 Jan 17 1:00 AM","0"
"Year 1 Jan 17 2:00 AM","0"
"Year 1 Jan 17 3:00 AM","0"
"Year 1 Jan 17 4:00 AM","0"
"Year 1 Jan 17 5:00 AM","0"
"Year 1 Jan 17 6:00 AM","0"
"Year 1 Jan 17 7:00 AM","0"
"Year 1 Jan 17 8:00 AM","4.87887731314499"
"Year 1 Jan 17 9:00 AM","13.3291379629938"
"Year 1 Jan 17 10:00 AM","17.730811704257"
"Year 1 Jan 17 11:00 AM","23.3059347173117"
"Year 1 Jan 17 12:00 PM","25.4816358491425"
"Year 1 Jan 17 1:00 PM","31.1050712877243"
"Year 1 Jan 17 2:00 PM","30.0545536785495"
"Year 1 Jan 17 3:00 PM","23.228527369987"
"Year 1 Jan 17 4:00 PM","15.0818833195947"
"Year 1 Jan 17 5:00 PM","3.79520386359864"
"Year 1 Jan 17 6:00 PM","0"
"Year 1 Jan 17 7:00 PM","0"
"Year 1 Jan 17 8:00 PM","0"
"Year 1 Jan 17 9:00 PM","0"
"Year 1 Jan 17 10:00 PM","0"
"Year 1 Jan 17 11:00 PM","0"
"Year 1 Jan 18 12:00 AM","0"
"Year 1 Jan 18 1:00 AM","0"
"Year 1 Jan 18 2:00 AM","0"
"Year 1 Jan 18 3:00 AM","0"
"Year 1 Jan 18 4:00 AM","0"
"Year 1 Jan 18 5:00 AM","0"
"Year 1 Jan 18 6:00 AM","0"
"Year 1 Jan 18 7:00 AM","0"
"Year 1 Jan 18 8:00 AM","3.05323545111898"
"Year 1 Jan 18 9:00 AM","13.4453588653861"
"Year 1 Jan 18 10:00 AM","30.7437163148724"
"Year 1 Jan 18 11:00 AM","37.7558459776429"
"Year 1 Jan 18 12:00 PM","38.3465066310242"
"Year 1 Jan 18 1:00 PM","34.9042272373778"
"Year 1 Jan 18 2:00 PM","30.5327760280995"
"Year 1 Jan 18 3:00 PM","23.1096010791011"
"Year 1 Jan 18 4:00 PM","10.8053891625817"
"Year 1 Jan 18 5:00 PM","2.49269651634431"
"Year 1 Jan 18 6:00 PM","0"
"Year 1 Jan 18 7:00 PM","0"
"Year 1 Jan 18 8:00 PM","0"
"Year 1 Jan 18 9:00 PM","0"
"Year 1 Jan 18 10:00 PM","0"
"Year 1 Jan 18 11:00 PM","0"
"Year 1 Jan 19 12:00 AM","0"
"Year 1 Jan 19 1:00 AM","0"
"Year 1 Jan 19 2:00 AM","0"
"Year 1 Jan 19 3:00 AM","0"
"Year 1 Jan 19 4:00 AM","0"
"Year 1 Jan 19 5:00 AM","0"
"Year 1 Jan 19 6:00 AM","0"
"Year 1 Jan 19 7:00 AM","0"
"Year 1 Jan 19 8:00 AM","4.60791127944765"
"Year 1 Jan 19 9:00 AM","19.0391448045959"
"Year 1 Jan 19 10:00 AM","30.2564693820814"
"Year 1 Jan 19 11:00 AM","39.9851743255931"
"Year 1 Jan 19 12:00 PM","47.1101880385755"
"Year 1 Jan 19 1:00 PM","46.6269100667539"
"Year 1 Jan 19 2:00 PM","43.2651528904022"
"Year 1 Jan 19 3:00 PM","30.7344319378801"
"Year 1 Jan 19 4:00 PM","17.9054407169214"
"Year 1 Jan 19 5:00 PM","4.48214880067094"
"Year 1 Jan 19 6:00 PM","0"
"Year 1 Jan 19 7:00 PM","0"
"Year 1 Jan 19 8:00 PM","0"
"Year 1 Jan 19 9:00 PM","0"
"Year 1 Jan 19 10:00 PM","0"
"Year 1 Jan 19 11:00 PM","0"
"Year 1 Jan 20 12:00 AM","0"
"Year 1 Jan 20 1:00 AM","0"
"Year 1 Jan 20 2:00 AM","0"
"Year 1 Jan 20 3:00 AM","0"
"Year 1 Jan 20 4:00 AM","0"
"Year 1 Jan 20 5:00 AM","0"
"Year 1 Jan 20 6:00 AM","0"
"Year 1 Jan 20 7:00 AM","0"
"Year 1 Jan 20 8:00 AM","5.005656257358"
"Year 1 Jan 20 9:00 AM","18.2748433201573"
"Year 1 Jan 20 10:00 AM","31.7887622467499"
"Year 1 Jan 20 11:00 AM","40.4802188206961"
"Year 1 Jan 20 12:00 PM","45.447060165304"
"Year 1 Jan 20 1:00 PM","42.8919414236298"
"Year 1 Jan 20 2:00 PM","27.4381515111045"
"Year 1 Jan 20 3:00 PM","18.9013534874891"
"Year 1 Jan 20 4:00 PM","13.0438044139349"
"Year 1 Jan 20 5:00 PM","4.61855690393737"
"Year 1 Jan 20 6:00 PM","0"
"Year 1 Jan 20 7:00 PM","0"
"Year 1 Jan 20 8:00 PM","0"
"Year 1 Jan 20 9:00 PM","0"
"Year 1 Jan 20 10:00 PM","0"
"Year 1 Jan 20 11:00 PM","0"
"Year 1 Jan 21 12:00 AM","0"
"Year 1 Jan 21 1:00 AM","0"
"Year 1 Jan 21 2:00 AM","0"
"Year 1 Jan 21 3:00 AM","0"
"Year 1 Jan 21 4:00 AM","0"
"Year 1 Jan 21 5:00 AM","0"
"Year 1 Jan 21 6:00 AM","0"
"Year 1 Jan 21 7:00 AM","0"
"Year 1 Jan 21 8:00 AM","6.07101077306421"
"Year 1 Jan 21 9:00 AM","19.5581889187589"
"Year 1 Jan 21 10:00 AM","32.5926162785061"
"Year 1 Jan 21 11:00 AM","38.3793006751089"
"Year 1 Jan 21 12:00 PM","41.3698192638005"
"Year 1 Jan 21 1:00 PM","40.879654827146"
"Year 1 Jan 21 2:00 PM","39.4811151857267"
"Year 1 Jan 21 3:00 PM","23.8058474170522"
"Year 1 Jan 21 4:00 PM","15.8632626768596"
"Year 1 Jan 21 5:00 PM","4.68715445066977"
"Year 1 Jan 21 6:00 PM","0"
"Year 1 Jan 21 7:00 PM","0"
"Year 1 Jan 21 8:00 PM","0"
"Year 1 Jan 21 9:00 PM","0"
"Year 1 Jan 21 10:00 PM","0"
"Year 1 Jan 21 11:00 PM","0"
"Year 1 Jan 22 12:00 AM","0"
"Year 1 Jan 22 1:00 AM","0"
"Year 1 Jan 22 2:00 AM","0"
"Year 1 Jan 22 3:00 AM","0"
"Year 1 Jan 22 4:00 AM","0"
"Year 1 Jan 22 5:00 AM","0"
"Year 1 Jan 22 6:00 AM","0"
"Year 1 Jan 22 7:00 AM","0"
"Year 1 Jan 22 8:00 AM","3.6616026434021"
"Year 1 Jan 22 9:00 AM","15.2337738910547"
"Year 1 Jan 22 10:00 AM","31.7778661292751"
"Year 1 Jan 22 11:00 AM","36.7275719765053"
"Year 1 Jan 22 12:00 PM","32.4737797153279"
"Year 1 Jan 22 1:00 PM","23.5364134953351"
"Year 1 Jan 22 2:00 PM","22.8825482375203"
"Year 1 Jan 22 3:00 PM","19.5951362151615"
"Year 1 Jan 22 4:00 PM","13.6287627256373"
"Year 1 Jan 22 5:00 PM","4.46062280132216"
"Year 1 Jan 22 6:00 PM","0"
"Year 1 Jan 22 7:00 PM","0"
"Year 1 Jan 22 8:00 PM","0"
"Year 1 Jan 22 9:00 PM","0"
"Year 1 Jan 22 10:00 PM","0"
"Year 1 Jan 22 11:00 PM","0"
"Year 1 Jan 23 12:00 AM","0"
"Year 1 Jan 23 1:00 AM","0"
"Year 1 Jan 23 2:00 AM","0"
"Year 1 Jan 23 3:00 AM","0"
"Year 1 Jan 23 4:00 AM","0"
"Year 1 Jan 23 5:00 AM","0"
"Year 1 Jan 23 6:00 AM","0"
"Year 1 Jan 23 7:00 AM","0"
"Year 1 Jan 23 8:00 AM","5.7070411093974"
"Year 1 Jan 23 9:00 AM","16.952609026269"
"Year 1 Jan 23 10:00 AM","25.9335564901907"
"Year 1 Jan 23 11:00 AM","30.6979092779426"
"Year 1 Jan 23 12:00 PM","31.7071373340929"
"Year 1 Jan 23 1:00 PM","31.6231982417337"
"Year 1 Jan 23 2:00 PM","29.6360391327591"
"Year 1 Jan 23 3:00 PM","25.0936829245802"
"Year 1 Jan 23 4:00 PM","16.272653039228"
"Year 1 Jan 23 5:00 PM","4.87514788571284"
"Year 1 Jan 23 6:00 PM","0"
"Year 1 Jan 23 7:00 PM","0"
"Year 1 Jan 23 8:00 PM","0"
"Year 1 Jan 23 9:00 PM","0"
"Year 1 Jan 23 10:00 PM","0"
"Year 1 Jan 23 11:00 PM","0"
"Year 1 Jan 24 12:00 AM","0"
"Year 1 Jan 24 1:00 AM","0"
"Year 1 Jan 24 2:00 AM","0"
"Year 1 Jan 24 3:00 AM","0"
"Year 1 Jan 24 4:00 AM","0"
"Year 1 Jan 24 5:00 AM","0"
"Year 1 Jan 24 6:00 AM","0"
"Year 1 Jan 24 7:00 AM","0"
"Year 1 Jan 24 8:00 AM","3.44875573189847"
"Year 1 Jan 24 9:00 AM","11.6668528031317"
"Year 1 Jan 24 10:00 AM","25.9381947375212"
"Year 1 Jan 24 11:00 AM","37.9504358622184"
"Year 1 Jan 24 12:00 PM","45.9284558756249"
"Year 1 Jan 24 1:00 PM","45.2917036533328"
"Year 1 Jan 24 2:00 PM","39.5134574794067"
"Year 1 Jan 24 3:00 PM","29.8958766563986"
"Year 1 Jan 24 4:00 PM","17.3664882802414"
"Year 1 Jan 24 5:00 PM","4.46273591819622"
"Year 1 Jan 24 6:00 PM","0"
"Year 1 Jan 24 7:00 PM","0"
"Year 1 Jan 24 8:00 PM","0"
"Year 1 Jan 24 9:00 PM","0"
"Year 1 Jan 24 10:00 PM","0"
"Year 1 Jan 24 11:00 PM","0"
"Year 1 Jan 25 12:00 AM","0"
"Year 1 Jan 25 1:00 AM","0"
"Year 1 Jan 25 2:00 AM","0"
"Year 1 Jan 25 3:00 AM","0"
"Year 1 Jan 25 4:00 AM","0"
"Year 1 Jan 25 5:00 AM","0"
"Year 1 Jan 25 6:00 AM","0"
"Year 1 Jan 25 7:00 AM","0"
"Year 1 Jan 25 8:00 AM","4.95997130090871"
"Year 1 Jan 25 9:00 AM","15.0528207488505"
"Year 1 Jan 25 10:00 AM","29.872280550874"
"Year 1 Jan 25 11:00 AM","36.7019995596123"
"Year 1 Jan 25 12:00 PM","39.7610829759136"
"Year 1 Jan 25 1:00 PM","36.942832821238"
"Year 1 Jan 25 2:00 PM","35.470642247814"
"Year 1 Jan 25 3:00 PM","24.2288381576945"
"Year 1 Jan 25 4:00 PM","16.3072590098505"
"Year 1 Jan 25 5:00 PM","5.37016738573414"
"Year 1 Jan 25 6:00 PM","0"
"Year 1 Jan 25 7:00 PM","0"
"Year 1 Jan 25 8:00 PM","0"
"Year 1 Jan 25 9:00 PM","0"
"Year 1 Jan 25 10:00 PM","0"
"Year 1 Jan 25 11:00 PM","0"
"Year 1 Jan 26 12:00 AM","0"
"Year 1 Jan 26 1:00 AM","0"
"Year 1 Jan 26 2:00 AM","0"
"Year 1 Jan 26 3:00 AM","0"
"Year 1 Jan 26 4:00 AM","0"
"Year 1 Jan 26 5:00 AM","0"
"Year 1 Jan 26 6:00 AM","0"
"Year 1 Jan 26 7:00 AM","0"
"Year 1 Jan 26 8:00 AM","4.60665239508189"
"Year 1 Jan 26 9:00 AM","15.03299394554"
"Year 1 Jan 26 10:00 AM","28.61510122808"
"Year 1 Jan 26 11:00 AM","38.4372222539964"
"Year 1 Jan 26 12:00 PM","40.7093423368893"
"Year 1 Jan 26 1:00 PM","41.0962548341678"
"Year 1 Jan 26 2:00 PM","35.8385457402761"
"Year 1 Jan 26 3:00 PM","25.6869749920484"
"Year 1 Jan 26 4:00 PM","20.3698107866246"
"Year 1 Jan 26 5:00 PM","6.66724071344074"
"Year 1 Jan 26 6:00 PM","0"
"Year 1 Jan 26 7:00 PM","0"
"Year 1 Jan 26 8:00 PM","0"
"Year 1 Jan 26 9:00 PM","0"
"Year 1 Jan 26 10:00 PM","0"
"Year 1 Jan 26 11:00 PM","0"
"Year 1 Jan 27 12:00 AM","0"
"Year 1 Jan 27 1:00 AM","0"
"Year 1 Jan 27 2:00 AM","0"
"Year 1 Jan 27 3:00 AM","0"
"Year 1 Jan 27 4:00 AM","0"
"Year 1 Jan 27 5:00 AM","0"
"Year 1 Jan 27 6:00 AM","0"
"Year 1 Jan 27 7:00 AM","0"
"Year 1 Jan 27 8:00 AM","5.79771636263475"
"Year 1 Jan 27 9:00 AM","13.2012497248531"
"Year 1 Jan 27 10:00 AM","17.9445526430867"
"Year 1 Jan 27 11:00 AM","20.4172597881618"
"Year 1 Jan 27 12:00 PM","21.4443025271394"
"Year 1 Jan 27 1:00 PM","21.3781080226514"
"Year 1 Jan 27 2:00 PM","20.8495452260007"
"Year 1 Jan 27 3:00 PM","20.5103783749958"
"Year 1 Jan 27 4:00 PM","13.4659002542893"
"Year 1 Jan 27 5:00 PM","6.07895905207544"
"Year 1 Jan 27 6:00 PM","0"
"Year 1 Jan 27 7:00 PM","0"
"Year 1 Jan 27 8:00 PM","0"
"Year 1 Jan 27 9:00 PM","0"
"Year 1 Jan 27 10:00 PM","0"
"Year 1 Jan 27 11:00 PM","0"
"Year 1 Jan 28 12:00 AM","0"
"Year 1 Jan 28 1:00 AM","0"
"Year 1 Jan 28 2:00 AM","0"
"Year 1 Jan 28 3:00 AM","0"
"Year 1 Jan 28 4:00 AM","0"
"Year 1 Jan 28 5:00 AM","0"
"Year 1 Jan 28 6:00 AM","0"
"Year 1 Jan 28 7:00 AM","0"
"Year 1 Jan 28 8:00 AM","5.37268755046143"
"Year 1 Jan 28 9:00 AM","15.0256945575955"
"Year 1 Jan 28 10:00 AM","28.8012081657935"
"Year 1 Jan 28 11:00 AM","38.8394991112785"
"Year 1 Jan 28 12:00 PM","40.5394072571178"
"Year 1 Jan 28 1:00 PM","44.7998174791043"
"Year 1 Jan 28 2:00 PM","37.5807800742601"
"Year 1 Jan 28 3:00 PM","26.4173397107541"
"Year 1 Jan 28 4:00 PM","15.5465789343421"
"Year 1 Jan 28 5:00 PM","4.39498930093232"
"Year 1 Jan 28 6:00 PM","0"
"Year 1 Jan 28 7:00 PM","0"
"Year 1 Jan 28 8:00 PM","0"
"Year 1 Jan 28 9:00 PM","0"
"Year 1 Jan 28 10:00 PM","0"
"Year 1 Jan 28 11:00 PM","0"
"Year 1 Jan 29 12:00 AM","0"
"Year 1 Jan 29 1:00 AM","0"
"Year 1 Jan 29 2:00 AM","0"
"Year 1 Jan 29 3:00 AM","0"
"Year 1 Jan 29 4:00 AM","0"
"Year 1 Jan 29 5:00 AM","0"
"Year 1 Jan 29 6:00 AM","0"
"Year 1 Jan 29 7:00 AM","0"
"Year 1 Jan 29 8:00 AM","6.7435874593038"
"Year 1 Jan 29 9:00 AM","19.3548921799494"
"Year 1 Jan 29 10:00 AM","25.7531204965978"
"Year 1 Jan 29 11:00 AM","41.5175259026222"
"Year 1 Jan 29 12:00 PM","53.4856830615263"
"Year 1 Jan 29 1:00 PM","40.113945737352"
"Year 1 Jan 29 2:00 PM","38.9248936502356"
"Year 1 Jan 29 3:00 PM","31.7358757945774"
"Year 1 Jan 29 4:00 PM","20.7023882780878"
"Year 1 Jan 29 5:00 PM","6.81526507033326"
"Year 1 Jan 29 6:00 PM","0"
"Year 1 Jan 29 7:00 PM","0"
"Year 1 Jan 29 8:00 PM","0"
"Year 1 Jan 29 9:00 PM","0"
"Year 1 Jan 29 10:00 PM","0"
"Year 1 Jan 29 11:00 PM","0"
"Year 1 Jan 30 12:00 AM","0"
"Year 1 Jan 30 1:00 AM","0"
"Year 1 Jan 30 2:00 AM","0"
"Year 1 Jan 30 3:00 AM","0"
"Year 1 Jan 30 4:00 AM","0"
"Year 1 Jan 30 5:00 AM","0"
"Year 1 Jan 30 6:00 AM","0"
"Year 1 Jan 30 7:00 AM","0"
"Year 1 Jan 30 8:00 AM","6.31585355760063"
"Year 1 Jan 30 9:00 AM","16.8795936109271"
"Year 1 Jan 30 10:00 AM","27.3104702136744"
"Year 1 Jan 30 11:00 AM","33.2820296435847"
"Year 1 Jan 30 12:00 PM","40.8694441594099"
"Year 1 Jan 30 1:00 PM","43.7684267212155"
"Year 1 Jan 30 2:00 PM","41.6042812108516"
"Year 1 Jan 30 3:00 PM","31.4110571939056"
"Year 1 Jan 30 4:00 PM","19.273316705807"
"Year 1 Jan 30 5:00 PM","6.37609344764913"
"Year 1 Jan 30 6:00 PM","0"
"Year 1 Jan 30 7:00 PM","0"
"Year 1 Jan 30 8:00 PM","0"
"Year 1 Jan 30 9:00 PM","0"
"Year 1 Jan 30 10:00 PM","0"
"Year 1 Jan 30 11:00 PM","0"
"Year 1 Jan 31 12:00 AM","0"
"Year 1 Jan 31 1:00 AM","0"
"Year 1 Jan 31 2:00 AM","0"
"Year 1 Jan 31 3:00 AM","0"
"Year 1 Jan 31 4:00 AM","0"
"Year 1 Jan 31 5:00 AM","0"
"Year 1 Jan 31 6:00 AM","0"
"Year 1 Jan 31 7:00 AM","0"
"Year 1 Jan 31 8:00 AM","7.41806393530564"
"Year 1 Jan 31 9:00 AM","23.1087666936679"
"Year 1 Jan 31 10:00 AM","39.0457259556432"
"Year 1 Jan 31 11:00 AM","48.9502898243357"
"Year 1 Jan 31 12:00 PM","50.8649992373233"
"Year 1 Jan 31 1:00 PM","44.6606048408375"
"Year 1 Jan 31 2:00 PM","38.2033689689761"
"Year 1 Jan 31 3:00 PM","26.2111636169172"
"Year 1 Jan 31 4:00 PM","15.0095113952142"
"Year 1 Jan 31 5:00 PM","4.5124961514127"
"Year 1 Jan 31 6:00 PM","0"
"Year 1 Jan 31 7:00 PM","0"
"Year 1 Jan 31 8:00 PM","0"
"Year 1 Jan 31 9:00 PM","0"
"Year 1 Jan 31 10:00 PM","0"
"Year 1 Jan 31 11:00 PM","0"
"Year 1 Feb 01 12:00 AM","0"
"Year 1 Feb 01 1:00 AM","0"
"Year 1 Feb 01 2:00 AM","0"
"Year 1 Feb 01 3:00 AM","0"
"Year 1 Feb 01 4:00 AM","0"
"Year 1 Feb 01 5:00 AM","0"
"Year 1 Feb 01 6:00 AM","0"
"Year 1 Feb 01 7:00 AM","0"
"Year 1 Feb 01 8:00 AM","7.69986330309937"
"Year 1 Feb 01 9:00 AM","21.2479619875733"
"Year 1 Feb 01 10:00 AM","30.6332372128573"
"Year 1 Feb 01 11:00 AM","28.4390435296129"
"Year 1 Feb 01 12:00 PM","27.8394085183511"
"Year 1 Feb 01 1:00 PM","27.7952454679017"
"Year 1 Feb 01 2:00 PM","26.4747237759035"
"Year 1 Feb 01 3:00 PM","23.2210901957995"
"Year 1 Feb 01 4:00 PM","17.6789796923182"
"Year 1 Feb 01 5:00 PM","7.98190374515342"
"Year 1 Feb 01 6:00 PM","0"
"Year 1 Feb 01 7:00 PM","0"
"Year 1 Feb 01 8:00 PM","0"
"Year 1 Feb 01 9:00 PM","0"
"Year 1 Feb 01 10:00 PM","0"
"Year 1 Feb 01 11:00 PM","0"
"Year 1 Feb 02 12:00 AM","0"
"Year 1 Feb 02 1:00 AM","0"
"Year 1 Feb 02 2:00 AM","0"
"Year 1 Feb 02 3:00 AM","0"
"Year 1 Feb 02 4:00 AM","0"
"Year 1 Feb 02 5:00 AM","0"
"Year 1 Feb 02 6:00 AM","0"
"Year 1 Feb 02 7:00 AM","0"
"Year 1 Feb 02 8:00 AM","10.8256069194721"
"Year 1 Feb 02 9:00 AM","26.6194057804053"
"Year 1 Feb 02 10:00 AM","44.6142880283888"
"Year 1 Feb 02 11:00 AM","50.7035810927978"
"Year 1 Feb 02 12:00 PM","49.5050609293079"
"Year 1 Feb 02 1:00 PM","44.8725350931688"
"Year 1 Feb 02 2:00 PM","43.8646889883966"
"Year 1 Feb 02 3:00 PM","31.2933682749051"
"Year 1 Feb 02 4:00 PM","20.8073752483028"
"Year 1 Feb 02 5:00 PM","8.05418815589203"
"Year 1 Feb 02 6:00 PM","0"
"Year 1 Feb 02 7:00 PM","0"
"Year 1 Feb 02 8:00 PM","0"
"Year 1 Feb 02 9:00 PM","0"
"Year 1 Feb 02 10:00 PM","0"
"Year 1 Feb 02 11:00 PM","0"
"Year 1 Feb 03 12:00 AM","0"
"Year 1 Feb 03 1:00 AM","0"
"Year 1 Feb 03 2:00 AM","0"
"Year 1 Feb 03 3:00 AM","0"
"Year 1 Feb 03 4:00 AM","0"
"Year 1 Feb 03 5:00 AM","0"
"Year 1 Feb 03 6:00 AM","0"
"Year 1 Feb 03 7:00 AM","0"
"Year 1 Feb 03 8:00 AM","8.0889790466864"
"Year 1 Feb 03 9:00 AM","24.6791645755063"
"Year 1 Feb 03 10:00 AM","39.5830361513752"
"Year 1 Feb 03 11:00 AM","41.1106437667914"
"Year 1 Feb 03 12:00 PM","54.9234624514094"
"Year 1 Feb 03 1:00 PM","53.9932956623406"
"Year 1 Feb 03 2:00 PM","48.8353732007887"
"Year 1 Feb 03 3:00 PM","34.1460142037114"
"Year 1 Feb 03 4:00 PM","23.0662978410893"
"Year 1 Feb 03 5:00 PM","10.7238078332605"
"Year 1 Feb 03 6:00 PM","0"
"Year 1 Feb 03 7:00 PM","0"
"Year 1 Feb 03 8:00 PM","0"
"Year 1 Feb 03 9:00 PM","0"
"Year 1 Feb 03 10:00 PM","0"
"Year 1 Feb 03 11:00 PM","0"
"Year 1 Feb 04 12:00 AM","0"
"Year 1 Feb 04 1:00 AM","0"
"Year 1 Feb 04 2:00 AM","0"
"Year 1 Feb 04 3:00 AM","0"
"Year 1 Feb 04 4:00 AM","0"
"Year 1 Feb 04 5:00 AM","0"
"Year 1 Feb 04 6:00 AM","0"
"Year 1 Feb 04 7:00 AM","0"
"Year 1 Feb 04 8:00 AM","7.95814950475128"
"Year 1 Feb 04 9:00 AM","21.5093583175599"
"Year 1 Feb 04 10:00 AM","39.1038585595791"
"Year 1 Feb 04 11:00 AM","43.2713304684173"
"Year 1 Feb 04 12:00 PM","56.1481970010034"
"Year 1 Feb 04 1:00 PM","50.6089087705826"
"Year 1 Feb 04 2:00 PM","45.7515175713715"
"Year 1 Feb 04 3:00 PM","36.8232430760524"
"Year 1 Feb 04 4:00 PM","23.5570789730798"
"Year 1 Feb 04 5:00 PM","8.64908485546906"
"Year 1 Feb 04 6:00 PM","0"
"Year 1 Feb 04 7:00 PM","0"
"Year 1 Feb 04 8:00 PM","0"
"Year 1 Feb 04 9:00 PM","0"
"Year 1 Feb 04 10:00 PM","0"
"Year 1 Feb 04 11:00 PM","0"
"Year 1 Feb 05 12:00 AM","0"
"Year 1 Feb 05 1:00 AM","0"
"Year 1 Feb 05 2:00 AM","0"
"Year 1 Feb 05 3:00 AM","0"
"Year 1 Feb 05 4:00 AM","0"
"Year 1 Feb 05 5:00 AM","0"
"Year 1 Feb 05 6:00 AM","0"
"Year 1 Feb 05 7:00 AM","0"
"Year 1 Feb 05 8:00 AM","8.93813824004042"
"Year 1 Feb 05 9:00 AM","19.761496509204"
"Year 1 Feb 05 10:00 AM","25.757903931516"
"Year 1 Feb 05 11:00 AM","29.0747279053487"
"Year 1 Feb 05 12:00 PM","30.5853644840622"
"Year 1 Feb 05 1:00 PM","30.596046823156"
"Year 1 Feb 05 2:00 PM","29.0312728192492"
"Year 1 Feb 05 3:00 PM","25.8185365930815"
"Year 1 Feb 05 4:00 PM","19.8160733577323"
"Year 1 Feb 05 5:00 PM","9.44579110016502"
"Year 1 Feb 05 6:00 PM","0"
"Year 1 Feb 05 7:00 PM","0"
"Year 1 Feb 05 8:00 PM","0"
"Year 1 Feb 05 9:00 PM","0"
"Year 1 Feb 05 10:00 PM","0"
"Year 1 Feb 05 11:00 PM","0"
"Year 1 Feb 06 12:00 AM","0"
"Year 1 Feb 06 1:00 AM","0"
"Year 1 Feb 06 2:00 AM","0"
"Year 1 Feb 06 3:00 AM","0"
"Year 1 Feb 06 4:00 AM","0"
"Year 1 Feb 06 5:00 AM","0"
"Year 1 Feb 06 6:00 AM","0"
"Year 1 Feb 06 7:00 AM","0"
"Year 1 Feb 06 8:00 AM","9.6362423555143"
"Year 1 Feb 06 9:00 AM","21.1889166538311"
"Year 1 Feb 06 10:00 AM","27.5275268426419"
"Year 1 Feb 06 11:00 AM","31.2380280907935"
"Year 1 Feb 06 12:00 PM","33.9267096312857"
"Year 1 Feb 06 1:00 PM","33.7972732049772"
"Year 1 Feb 06 2:00 PM","30.9881833862471"
"Year 1 Feb 06 3:00 PM","27.3252478899316"
"Year 1 Feb 06 4:00 PM","21.0569453178731"
"Year 1 Feb 06 5:00 PM","9.68715040348868"
"Year 1 Feb 06 6:00 PM","0"
"Year 1 Feb 06 7:00 PM","0"
"Year 1 Feb 06 8:00 PM","0"
"Year 1 Feb 06 9:00 PM","0"
"Year 1 Feb 06 10:00 PM","0"
"Year 1 Feb 06 11:00 PM","0"
"Year 1 Feb 07 12:00 AM","0"
"Year 1 Feb 07 1:00 AM","0"
"Year 1 Feb 07 2:00 AM","0"
"Year 1 Feb 07 3:00 AM","0"
"Year 1 Feb 07 4:00 AM","0"
"Year 1 Feb 07 5:00 AM","0"
"Year 1 Feb 07 6:00 AM","0"
"Year 1 Feb 07 7:00 AM","0"
"Year 1 Feb 07 8:00 AM","9.45969951136859"
"Year 1 Feb 07 9:00 AM","17.44865675927"
"Year 1 Feb 07 10:00 AM","24.186132396547"
"Year 1 Feb 07 11:00 AM","27.457487396778"
"Year 1 Feb 07 12:00 PM","28.7091241230148"
"Year 1 Feb 07 1:00 PM","28.7631792484498"
"Year 1 Feb 07 2:00 PM","27.4743833956206"
"Year 1 Feb 07 3:00 PM","24.5398085889885"
"Year 1 Feb 07 4:00 PM","17.4763354568304"
"Year 1 Feb 07 5:00 PM","9.86591537935677"
"Year 1 Feb 07 6:00 PM","0"
"Year 1 Feb 07 7:00 PM","0"
"Year 1 Feb 07 8:00 PM","0"
"Year 1 Feb 07 9:00 PM","0"
"Year 1 Feb 07 10:00 PM","0"
"Year 1 Feb 07 11:00 PM","0"
"Year 1 Feb 08 12:00 AM","0"
"Year 1 Feb 08 1:00 AM","0"
"Year 1 Feb 08 2:00 AM","0"
"Year 1 Feb 08 3:00 AM","0"
"Year 1 Feb 08 4:00 AM","0"
"Year 1 Feb 08 5:00 AM","0"
"Year 1 Feb 08 6:00 AM","0"
"Year 1 Feb 08 7:00 AM","0"
"Year 1 Feb 08 8:00 AM","10.0907148912335"
"Year 1 Feb 08 9:00 AM","25.8281998331166"
"Year 1 Feb 08 10:00 AM","33.1431388147935"
"Year 1 Feb 08 11:00 AM","29.0031189030126"
"Year 1 Feb 08 12:00 PM","30.3448410257638"
"Year 1 Feb 08 1:00 PM","31.7694874580216"
"Year 1 Feb 08 2:00 PM","27.811064833581"
"Year 1 Feb 08 3:00 PM","24.7299085561641"
"Year 1 Feb 08 4:00 PM","19.3430257391721"
"Year 1 Feb 08 5:00 PM","10.4010499861162"
"Year 1 Feb 08 6:00 PM","0"
"Year 1 Feb 08 7:00 PM","0"
"Year 1 Feb 08 8:00 PM","0"
"Year 1 Feb 08 9:00 PM","0"
"Year 1 Feb 08 10:00 PM","0"
"Year 1 Feb 08 11:00 PM","0"
"Year 1 Feb 09 12:00 AM","0"
"Year 1 Feb 09 1:00 AM","0"
"Year 1 Feb 09 2:00 AM","0"
"Year 1 Feb 09 3:00 AM","0"
"Year 1 Feb 09 4:00 AM","0"
"Year 1 Feb 09 5:00 AM","0"
"Year 1 Feb 09 6:00 AM","0"
"Year 1 Feb 09 7:00 AM","0"
"Year 1 Feb 09 8:00 AM","13.0818670360558"
"Year 1 Feb 09 9:00 AM","31.3278869969536"
"Year 1 Feb 09 10:00 AM","42.8906319474195"
"Year 1 Feb 09 11:00 AM","51.4072116407755"
"Year 1 Feb 09 12:00 PM","53.6444696088313"
"Year 1 Feb 09 1:00 PM","41.4315239653677"
"Year 1 Feb 09 2:00 PM","39.2177826685651"
"Year 1 Feb 09 3:00 PM","22.2515290125545"
"Year 1 Feb 09 4:00 PM","14.8235557597567"
"Year 1 Feb 09 5:00 PM","8.55037464350052"
"Year 1 Feb 09 6:00 PM","0.637008631370219"
"Year 1 Feb 09 7:00 PM","0"
"Year 1 Feb 09 8:00 PM","0"
"Year 1 Feb 09 9:00 PM","0"
"Year 1 Feb 09 10:00 PM","0"
"Year 1 Feb 09 11:00 PM","0"
"Year 1 Feb 10 12:00 AM","0"
"Year 1 Feb 10 1:00 AM","0"
"Year 1 Feb 10 2:00 AM","0"
"Year 1 Feb 10 3:00 AM","0"
"Year 1 Feb 10 4:00 AM","0"
"Year 1 Feb 10 5:00 AM","0"
"Year 1 Feb 10 6:00 AM","0"
"Year 1 Feb 10 7:00 AM","0"
"Year 1 Feb 10 8:00 AM","9.90079640522707"
"Year 1 Feb 10 9:00 AM","23.1981733492808"
"Year 1 Feb 10 10:00 AM","31.9036902350546"
"Year 1 Feb 10 11:00 AM","37.5082692973953"
"Year 1 Feb 10 12:00 PM","39.4322698360613"
"Year 1 Feb 10 1:00 PM","38.5685826855652"
"Year 1 Feb 10 2:00 PM","36.6417370505943"
"Year 1 Feb 10 3:00 PM","31.1848238202746"
"Year 1 Feb 10 4:00 PM","22.506580348375"
"Year 1 Feb 10 5:00 PM","11.2936025510797"
"Year 1 Feb 10 6:00 PM","0.73954977978588"
"Year 1 Feb 10 7:00 PM","0"
"Year 1 Feb 10 8:00 PM","0"
"Year 1 Feb 10 9:00 PM","0"
"Year 1 Feb 10 10:00 PM","0"
"Year 1 Feb 10 11:00 PM","0"
"Year 1 Feb 11 12:00 AM","0"
"Year 1 Feb 11 1:00 AM","0"
"Year 1 Feb 11 2:00 AM","0"
"Year 1 Feb 11 3:00 AM","0"
"Year 1 Feb 11 4:00 AM","0"
"Year 1 Feb 11 5:00 AM","0"
"Year 1 Feb 11 6:00 AM","0"
"Year 1 Feb 11 7:00 AM","0.69047415754945"
"Year 1 Feb 11 8:00 AM","11.8343684761939"
"Year 1 Feb 11 9:00 AM","27.5163676899385"
"Year 1 Feb 11 10:00 AM","36.698540259219"
"Year 1 Feb 11 11:00 AM","40.9552506300074"
"Year 1 Feb 11 12:00 PM","46.9771748489341"
"Year 1 Feb 11 1:00 PM","43.3144585686884"
"Year 1 Feb 11 2:00 PM","40.0107733985495"
"Year 1 Feb 11 3:00 PM","29.3573355869207"
"Year 1 Feb 11 4:00 PM","21.8215906088853"
"Year 1 Feb 11 5:00 PM","11.0151451978115"
"Year 1 Feb 11 6:00 PM","0.698224833502875"
"Year 1 Feb 11 7:00 PM","0"
"Year 1 Feb 11 8:00 PM","0"
"Year 1 Feb 11 9:00 PM","0"
"Year 1 Feb 11 10:00 PM","0"
"Year 1 Feb 11 11:00 PM","0"
"Year 1 Feb 12 12:00 AM","0"
"Year 1 Feb 12 1:00 AM","0"
"Year 1 Feb 12 2:00 AM","0"
"Year 1 Feb 12 3:00 AM","0"
"Year 1 Feb 12 4:00 AM","0"
"Year 1 Feb 12 5:00 AM","0"
"Year 1 Feb 12 6:00 AM","0"
"Year 1 Feb 12 7:00 AM","0.467501244168067"
"Year 1 Feb 12 8:00 AM","8.18208719565261"
"Year 1 Feb 12 9:00 AM","20.8526285933096"
"Year 1 Feb 12 10:00 AM","23.1708357807444"
"Year 1 Feb 12 11:00 AM","31.8930552817872"
"Year 1 Feb 12 12:00 PM","47.0130061755026"
"Year 1 Feb 12 1:00 PM","39.395565954791"
"Year 1 Feb 12 2:00 PM","51.105139064767"
"Year 1 Feb 12 3:00 PM","39.4248427562437"
"Year 1 Feb 12 4:00 PM","22.4695419646073"
"Year 1 Feb 12 5:00 PM","11.4064661280578"
"Year 1 Feb 12 6:00 PM","0.705065385885796"
"Year 1 Feb 12 7:00 PM","0"
"Year 1 Feb 12 8:00 PM","0"
"Year 1 Feb 12 9:00 PM","0"
"Year 1 Feb 12 10:00 PM","0"
"Year 1 Feb 12 11:00 PM","0"
"Year 1 Feb 13 12:00 AM","0"
"Year 1 Feb 13 1:00 AM","0"
"Year 1 Feb 13 2:00 AM","0"
"Year 1 Feb 13 3:00 AM","0"
"Year 1 Feb 13 4:00 AM","0"
"Year 1 Feb 13 5:00 AM","0"
"Year 1 Feb 13 6:00 AM","0"
"Year 1 Feb 13 7:00 AM","0.520446672388792"
"Year 1 Feb 13 8:00 AM","9.10704997407442"
"Year 1 Feb 13 9:00 AM","25.47659902593"
"Year 1 Feb 13 10:00 AM","36.863552459349"
"Year 1 Feb 13 11:00 AM","49.7442967478853"
"Year 1 Feb 13 12:00 PM","56.6791323319144"
"Year 1 Feb 13 1:00 PM","56.2226350539352"
"Year 1 Feb 13 2:00 PM","48.6635268208589"
"Year 1 Feb 13 3:00 PM","31.9190684238618"
"Year 1 Feb 13 4:00 PM","20.7229784364278"
"Year 1 Feb 13 5:00 PM","11.6329115695689"
"Year 1 Feb 13 6:00 PM","0.878655715665932"
"Year 1 Feb 13 7:00 PM","0"
"Year 1 Feb 13 8:00 PM","0"
"Year 1 Feb 13 9:00 PM","0"
"Year 1 Feb 13 10:00 PM","0"
"Year 1 Feb 13 11:00 PM","0"
"Year 1 Feb 14 12:00 AM","0"
"Year 1 Feb 14 1:00 AM","0"
"Year 1 Feb 14 2:00 AM","0"
"Year 1 Feb 14 3:00 AM","0"
"Year 1 Feb 14 4:00 AM","0"
"Year 1 Feb 14 5:00 AM","0"
"Year 1 Feb 14 6:00 AM","0"
"Year 1 Feb 14 7:00 AM","0.666703587367872"
"Year 1 Feb 14 8:00 AM","8.78989943130992"
"Year 1 Feb 14 9:00 AM","17.7179348014537"
"Year 1 Feb 14 10:00 AM","36.5321411405679"
"Year 1 Feb 14 11:00 AM","46.737416194769"
"Year 1 Feb 14 12:00 PM","53.9200880659909"
"Year 1 Feb 14 1:00 PM","50.9154299178042"
"Year 1 Feb 14 2:00 PM","42.8111178952694"
"Year 1 Feb 14 3:00 PM","34.6698640872075"
"Year 1 Feb 14 4:00 PM","26.3806614031281"
"Year 1 Feb 14 5:00 PM","11.036868204405"
"Year 1 Feb 14 6:00 PM","0.663322771871791"
"Year 1 Feb 14 7:00 PM","0"
"Year 1 Feb 14 8:00 PM","0"
"Year 1 Feb 14 9:00 PM","0"
"Year 1 Feb 14 10:00 PM","0"
"Year 1 Feb 14 11:00 PM","0"
"Year 1 Feb 15 12:00 AM","0"
"Year 1 Feb 15 1:00 AM","0"
"Year 1 Feb 15 2:00 AM","0"
"Year 1 Feb 15 3:00 AM","0"
"Year 1 Feb 15 4:00 AM","0"
"Year 1 Feb 15 5:00 AM","0"
"Year 1 Feb 15 6:00 AM","0"
"Year 1 Feb 15 7:00 AM","0.810646362149178"
"Year 1 Feb 15 8:00 AM","9.7729419328623"
"Year 1 Feb 15 9:00 AM","18.5077894479525"
"Year 1 Feb 15 10:00 AM","23.6183240289361"
"Year 1 Feb 15 11:00 AM","25.8436079851693"
"Year 1 Feb 15 12:00 PM","25.7852396547301"
"Year 1 Feb 15 1:00 PM","26.6109730654647"
"Year 1 Feb 15 2:00 PM","25.3122244391264"
"Year 1 Feb 15 3:00 PM","21.6074222797587"
"Year 1 Feb 15 4:00 PM","15.8332497508912"
"Year 1 Feb 15 5:00 PM","9.97502528398982"
"Year 1 Feb 15 6:00 PM","0.832564582274459"
"Year 1 Feb 15 7:00 PM","0"
"Year 1 Feb 15 8:00 PM","0"
"Year 1 Feb 15 9:00 PM","0"
"Year 1 Feb 15 10:00 PM","0"
"Year 1 Feb 15 11:00 PM","0"
"Year 1 Feb 16 12:00 AM","0"
"Year 1 Feb 16 1:00 AM","0"
"Year 1 Feb 16 2:00 AM","0"
"Year 1 Feb 16 3:00 AM","0"
"Year 1 Feb 16 4:00 AM","0"
"Year 1 Feb 16 5:00 AM","0"
"Year 1 Feb 16 6:00 AM","0"
"Year 1 Feb 16 7:00 AM","0.950087390855782"
"Year 1 Feb 16 8:00 AM","12.9349903740675"
"Year 1 Feb 16 9:00 AM","21.2063294642302"
"Year 1 Feb 16 10:00 AM","21.7323921681685"
"Year 1 Feb 16 11:00 AM","23.8012436998111"
"Year 1 Feb 16 12:00 PM","20.9689183974388"
"Year 1 Feb 16 1:00 PM","20.0861913795855"
"Year 1 Feb 16 2:00 PM","22.9837844704708"
"Year 1 Feb 16 3:00 PM","18.5134635792217"
"Year 1 Feb 16 4:00 PM","15.4762432493522"
"Year 1 Feb 16 5:00 PM","9.52012628079298"
"Year 1 Feb 16 6:00 PM","0.819192996564943"
"Year 1 Feb 16 7:00 PM","0"
"Year 1 Feb 16 8:00 PM","0"
"Year 1 Feb 16 9:00 PM","0"
"Year 1 Feb 16 10:00 PM","0"
"Year 1 Feb 16 11:00 PM","0"
"Year 1 Feb 17 12:00 AM","0"
"Year 1 Feb 17 1:00 AM","0"
"Year 1 Feb 17 2:00 AM","0"
"Year 1 Feb 17 3:00 AM","0"
"Year 1 Feb 17 4:00 AM","0"
"Year 1 Feb 17 5:00 AM","0"
"Year 1 Feb 17 6:00 AM","0"
"Year 1 Feb 17 7:00 AM","0.567181966444016"
"Year 1 Feb 17 8:00 AM","9.04486892845857"
"Year 1 Feb 17 9:00 AM","22.0378048988043"
"Year 1 Feb 17 10:00 AM","32.4053279142589"
"Year 1 Feb 17 11:00 AM","53.9506498072311"
"Year 1 Feb 17 12:00 PM","55.2240502716162"
"Year 1 Feb 17 1:00 PM","43.7093883883508"
"Year 1 Feb 17 2:00 PM","39.9900788055439"
"Year 1 Feb 17 3:00 PM","34.7153510339414"
"Year 1 Feb 17 4:00 PM","13.5380251164624"
"Year 1 Feb 17 5:00 PM","6.77301598121473"
"Year 1 Feb 17 6:00 PM","0.937288914399818"
"Year 1 Feb 17 7:00 PM","0"
"Year 1 Feb 17 8:00 PM","0"
"Year 1 Feb 17 9:00 PM","0"
"Year 1 Feb 17 10:00 PM","0"
"Year 1 Feb 17 11:00 PM","0"
"Year 1 Feb 18 12:00 AM","0"
"Year 1 Feb 18 1:00 AM","0"
"Year 1 Feb 18 2:00 AM","0"
"Year 1 Feb 18 3:00 AM","0"
"Year 1 Feb 18 4:00 AM","0"
"Year 1 Feb 18 5:00 AM","0"
"Year 1 Feb 18 6:00 AM","0"
"Year 1 Feb 18 7:00 AM","1.14634560857462"
"Year 1 Feb 18 8:00 AM","10.2453689205238"
"Year 1 Feb 18 9:00 AM","24.6911119126711"
"Year 1 Feb 18 10:00 AM","31.0583239495585"
"Year 1 Feb 18 11:00 AM","41.9338886826492"
"Year 1 Feb 18 12:00 PM","50.4300119561769"
"Year 1 Feb 18 1:00 PM","45.6408850874197"
"Year 1 Feb 18 2:00 PM","43.1334124981288"
"Year 1 Feb 18 3:00 PM","36.2342237633936"
"Year 1 Feb 18 4:00 PM","23.5430915550391"
"Year 1 Feb 18 5:00 PM","12.5117666389707"
"Year 1 Feb 18 6:00 PM","1.63340803434532"
"Year 1 Feb 18 7:00 PM","0"
"Year 1 Feb 18 8:00 PM","0"
"Year 1 Feb 18 9:00 PM","0"
"Year 1 Feb 18 10:00 PM","0"
"Year 1 Feb 18 11:00 PM","0"
"Year 1 Feb 19 12:00 AM","0"
"Year 1 Feb 19 1:00 AM","0"
"Year 1 Feb 19 2:00 AM","0"
"Year 1 Feb 19 3:00 AM","0"
"Year 1 Feb 19 4:00 AM","0"
"Year 1 Feb 19 5:00 AM","0"
"Year 1 Feb 19 6:00 AM","0"
"Year 1 Feb 19 7:00 AM","1.17809338168406"
"Year 1 Feb 19 8:00 AM","10.112891559057"
"Year 1 Feb 19 9:00 AM","24.3582594673215"
"Year 1 Feb 19 10:00 AM","35.5811348780154"
"Year 1 Feb 19 11:00 AM","44.5090424371842"
"Year 1 Feb 19 12:00 PM","50.3895357661409"
"Year 1 Feb 19 1:00 PM","58.9066647330333"
"Year 1 Feb 19 2:00 PM","48.0931930532595"
"Year 1 Feb 19 3:00 PM","40.4406311885979"
"Year 1 Feb 19 4:00 PM","27.0476733147535"
"Year 1 Feb 19 5:00 PM","12.0995142299992"
"Year 1 Feb 19 6:00 PM","1.56614667452555"
"Year 1 Feb 19 7:00 PM","0"
"Year 1 Feb 19 8:00 PM","0"
"Year 1 Feb 19 9:00 PM","0"
"Year 1 Feb 19 10:00 PM","0"
"Year 1 Feb 19 11:00 PM","0"
"Year 1 Feb 20 12:00 AM","0"
"Year 1 Feb 20 1:00 AM","0"
"Year 1 Feb 20 2:00 AM","0"
"Year 1 Feb 20 3:00 AM","0"
"Year 1 Feb 20 4:00 AM","0"
"Year 1 Feb 20 5:00 AM","0"
"Year 1 Feb 20 6:00 AM","0"
"Year 1 Feb 20 7:00 AM","1.84222422563107"
"Year 1 Feb 20 8:00 AM","12.0922992463027"
"Year 1 Feb 20 9:00 AM","19.6011698223019"
"Year 1 Feb 20 10:00 AM","29.7740468748564"
"Year 1 Feb 20 11:00 AM","50.3362345549792"
"Year 1 Feb 20 12:00 PM","43.3084094741597"
"Year 1 Feb 20 1:00 PM","52.2802819499189"
"Year 1 Feb 20 2:00 PM","53.1738107115725"
"Year 1 Feb 20 3:00 PM","35.7722418503682"
"Year 1 Feb 20 4:00 PM","26.1667504002732"
"Year 1 Feb 20 5:00 PM","12.3418761364217"
"Year 1 Feb 20 6:00 PM","1.40534470293705"
"Year 1 Feb 20 7:00 PM","0"
"Year 1 Feb 20 8:00 PM","0"
"Year 1 Feb 20 9:00 PM","0"
"Year 1 Feb 20 10:00 PM","0"
"Year 1 Feb 20 11:00 PM","0"
"Year 1 Feb 21 12:00 AM","0"
"Year 1 Feb 21 1:00 AM","0"
"Year 1 Feb 21 2:00 AM","0"
"Year 1 Feb 21 3:00 AM","0"
"Year 1 Feb 21 4:00 AM","0"
"Year 1 Feb 21 5:00 AM","0"
"Year 1 Feb 21 6:00 AM","0"
"Year 1 Feb 21 7:00 AM","0.716087814772949"
"Year 1 Feb 21 8:00 AM","7.51125632009247"
"Year 1 Feb 21 9:00 AM","27.7609440871637"
"Year 1 Feb 21 10:00 AM","33.6364911882715"
"Year 1 Feb 21 11:00 AM","39.813300035187"
"Year 1 Feb 21 12:00 PM","50.7514167834002"
"Year 1 Feb 21 1:00 PM","48.7352273884629"
"Year 1 Feb 21 2:00 PM","44.3026764063479"
"Year 1 Feb 21 3:00 PM","46.1408654805096"
"Year 1 Feb 21 4:00 PM","29.2352612402994"
"Year 1 Feb 21 5:00 PM","14.8967561867655"
"Year 1 Feb 21 6:00 PM","1.81377380929722"
"Year 1 Feb 21 7:00 PM","0"
"Year 1 Feb 21 8:00 PM","0"
"Year 1 Feb 21 9:00 PM","0"
"Year 1 Feb 21 10:00 PM","0"
"Year 1 Feb 21 11:00 PM","0"
"Year 1 Feb 22 12:00 AM","0"
"Year 1 Feb 22 1:00 AM","0"
"Year 1 Feb 22 2:00 AM","0"
"Year 1 Feb 22 3:00 AM","0"
"Year 1 Feb 22 4:00 AM","0"
"Year 1 Feb 22 5:00 AM","0"
"Year 1 Feb 22 6:00 AM","0"
"Year 1 Feb 22 7:00 AM","1.91133504430264"
"Year 1 Feb 22 8:00 AM","14.2113680883961"
"Year 1 Feb 22 9:00 AM","28.2613864189105"
"Year 1 Feb 22 10:00 AM","42.3940926329757"
"Year 1 Feb 22 11:00 AM","48.216977938332"
"Year 1 Feb 22 12:00 PM","57.9621351718611"
"Year 1 Feb 22 1:00 PM","59.2738903474825"
"Year 1 Feb 22 2:00 PM","53.3027041214054"
"Year 1 Feb 22 3:00 PM","44.5847259509493"
"Year 1 Feb 22 4:00 PM","25.6606216042049"
"Year 1 Feb 22 5:00 PM","10.0190713567749"
"Year 1 Feb 22 6:00 PM","1.24626862807548"
"Year 1 Feb 22 7:00 PM","0"
"Year 1 Feb 22 8:00 PM","0"
"Year 1 Feb 22 9:00 PM","0"
"Year 1 Feb 22 10:00 PM","0"
"Year 1 Feb 22 11:00 PM","0"
"Year 1 Feb 23 12:00 AM","0"
"Year 1 Feb 23 1:00 AM","0"
"Year 1 Feb 23 2:00 AM","0"
"Year 1 Feb 23 3:00 AM","0"
"Year 1 Feb 23 4:00 AM","0"
"Year 1 Feb 23 5:00 AM","0"
"Year 1 Feb 23 6:00 AM","0"
"Year 1 Feb 23 7:00 AM","1.91663144531016"
"Year 1 Feb 23 8:00 AM","13.7441893945458"
"Year 1 Feb 23 9:00 AM","27.7966974515469"
"Year 1 Feb 23 10:00 AM","39.8299890306087"
"Year 1 Feb 23 11:00 AM","40.7424549588638"
"Year 1 Feb 23 12:00 PM","43.0080574510517"
"Year 1 Feb 23 1:00 PM","38.0605689557211"
"Year 1 Feb 23 2:00 PM","43.6388432829002"
"Year 1 Feb 23 3:00 PM","31.6026438029285"
"Year 1 Feb 23 4:00 PM","26.5986070011796"
"Year 1 Feb 23 5:00 PM","13.1726620403755"
"Year 1 Feb 23 6:00 PM","1.7316535964107"
"Year 1 Feb 23 7:00 PM","0"
"Year 1 Feb 23 8:00 PM","0"
"Year 1 Feb 23 9:00 PM","0"
"Year 1 Feb 23 10:00 PM","0"
"Year 1 Feb 23 11:00 PM","0"
"Year 1 Feb 24 12:00 AM","0"
"Year 1 Feb 24 1:00 AM","0"
"Year 1 Feb 24 2:00 AM","0"
"Year 1 Feb 24 3:00 AM","0"
"Year 1 Feb 24 4:00 AM","0"
"Year 1 Feb 24 5:00 AM","0"
"Year 1 Feb 24 6:00 AM","0"
"Year 1 Feb 24 7:00 AM","1.30591424134589"
"Year 1 Feb 24 8:00 AM","10.5769564329054"
"Year 1 Feb 24 9:00 AM","27.6513288376163"
"Year 1 Feb 24 10:00 AM","41.8769193736985"
"Year 1 Feb 24 11:00 AM","53.540605815199"
"Year 1 Feb 24 12:00 PM","60.7470525318213"
"Year 1 Feb 24 1:00 PM","61.2242232784773"
"Year 1 Feb 24 2:00 PM","55.7269097656973"
"Year 1 Feb 24 3:00 PM","43.3863523859616"
"Year 1 Feb 24 4:00 PM","28.57965314455"
"Year 1 Feb 24 5:00 PM","13.5745808070358"
"Year 1 Feb 24 6:00 PM","1.9469114932009"
"Year 1 Feb 24 7:00 PM","0"
"Year 1 Feb 24 8:00 PM","0"
"Year 1 Feb 24 9:00 PM","0"
"Year 1 Feb 24 10:00 PM","0"
"Year 1 Feb 24 11:00 PM","0"
"Year 1 Feb 25 12:00 AM","0"
"Year 1 Feb 25 1:00 AM","0"
"Year 1 Feb 25 2:00 AM","0"
"Year 1 Feb 25 3:00 AM","0"
"Year 1 Feb 25 4:00 AM","0"
"Year 1 Feb 25 5:00 AM","0"
"Year 1 Feb 25 6:00 AM","0"
"Year 1 Feb 25 7:00 AM","2.78593995790814"
"Year 1 Feb 25 8:00 AM","13.6316930411892"
"Year 1 Feb 25 9:00 AM","23.0849308332992"
"Year 1 Feb 25 10:00 AM","40.745705813132"
"Year 1 Feb 25 11:00 AM","47.9666422825437"
"Year 1 Feb 25 12:00 PM","51.2416260020291"
"Year 1 Feb 25 1:00 PM","52.9475495088996"
"Year 1 Feb 25 2:00 PM","44.4728255976989"
"Year 1 Feb 25 3:00 PM","41.8165474276315"
"Year 1 Feb 25 4:00 PM","32.6794782348982"
"Year 1 Feb 25 5:00 PM","17.5537019052792"
"Year 1 Feb 25 6:00 PM","2.82174846341041"
"Year 1 Feb 25 7:00 PM","0"
"Year 1 Feb 25 8:00 PM","0"
"Year 1 Feb 25 9:00 PM","0"
"Year 1 Feb 25 10:00 PM","0"
"Year 1 Feb 25 11:00 PM","0"
"Year 1 Feb 26 12:00 AM","0"
"Year 1 Feb 26 1:00 AM","0"
"Year 1 Feb 26 2:00 AM","0"
"Year 1 Feb 26 3:00 AM","0"
"Year 1 Feb 26 4:00 AM","0"
"Year 1 Feb 26 5:00 AM","0"
"Year 1 Feb 26 6:00 AM","0"
"Year 1 Feb 26 7:00 AM","3.21830669790737"
"Year 1 Feb 26 8:00 AM","16.5903109462383"
"Year 1 Feb 26 9:00 AM","22.2060367890929"
"Year 1 Feb 26 10:00 AM","24.8154561783026"
"Year 1 Feb 26 11:00 AM","40.9886604676941"
"Year 1 Feb 26 12:00 PM","46.7077355404391"
"Year 1 Feb 26 1:00 PM","47.4261948012384"
"Year 1 Feb 26 2:00 PM","45.6183282172892"
"Year 1 Feb 26 3:00 PM","41.0275400105233"
"Year 1 Feb 26 4:00 PM","26.7405060087046"
"Year 1 Feb 26 5:00 PM","13.8037221598049"
"Year 1 Feb 26 6:00 PM","2.7023626399311"
"Year 1 Feb 26 7:00 PM","0"
"Year 1 Feb 26 8:00 PM","0"
"Year 1 Feb 26 9:00 PM","0"
"Year 1 Feb 26 10:00 PM","0"
"Year 1 Feb 26 11:00 PM","0"
"Year 1 Feb 27 12:00 AM","0"
"Year 1 Feb 27 1:00 AM","0"
"Year 1 Feb 27 2:00 AM","0"
"Year 1 Feb 27 3:00 AM","0"
"Year 1 Feb 27 4:00 AM","0"
"Year 1 Feb 27 5:00 AM","0"
"Year 1 Feb 27 6:00 AM","0"
"Year 1 Feb 27 7:00 AM","3.30178286457015"
"Year 1 Feb 27 8:00 AM","16.478652323467"
"Year 1 Feb 27 9:00 AM","29.5552205064736"
"Year 1 Feb 27 10:00 AM","46.1237640954653"
"Year 1 Feb 27 11:00 AM","49.3218038402986"
"Year 1 Feb 27 12:00 PM","38.2087149225757"
"Year 1 Feb 27 1:00 PM","49.0764202305393"
"Year 1 Feb 27 2:00 PM","48.5192693613276"
"Year 1 Feb 27 3:00 PM","42.0819811243631"
"Year 1 Feb 27 4:00 PM","26.7793638177059"
"Year 1 Feb 27 5:00 PM","12.7251863173928"
"Year 1 Feb 27 6:00 PM","2.46609190993924"
"Year 1 Feb 27 7:00 PM","0"
"Year 1 Feb 27 8:00 PM","0"
"Year 1 Feb 27 9:00 PM","0"
"Year 1 Feb 27 10:00 PM","0"
"Year 1 Feb 27 11:00 PM","0"
"Year 1 Feb 28 12:00 AM","0"
"Year 1 Feb 28 1:00 AM","0"
"Year 1 Feb 28 2:00 AM","0"
"Year 1 Feb 28 3:00 AM","0"
"Year 1 Feb 28 4:00 AM","0"
"Year 1 Feb 28 5:00 AM","0"
"Year 1 Feb 28 6:00 AM","0"
"Year 1 Feb 28 7:00 AM","3.81140482390851"
"Year 1 Feb 28 8:00 AM","19.0701417137942"
"Year 1 Feb 28 9:00 AM","34.3332478322013"
"Year 1 Feb 28 10:00 AM","43.7286706885153"
"Year 1 Feb 28 11:00 AM","49.3225075596743"
"Year 1 Feb 28 12:00 PM","47.1099234584781"
"Year 1 Feb 28 1:00 PM","44.676511997238"
"Year 1 Feb 28 2:00 PM","43.0799813011079"
"Year 1 Feb 28 3:00 PM","38.3354195525966"
"Year 1 Feb 28 4:00 PM","29.5660252666662"
"Year 1 Feb 28 5:00 PM","17.2706147682365"
"Year 1 Feb 28 6:00 PM","3.1181849821791"
"Year 1 Feb 28 7:00 PM","0"
"Year 1 Feb 28 8:00 PM","0"
"Year 1 Feb 28 9:00 PM","0"
"Year 1 Feb 28 10:00 PM","0"
"Year 1 Feb 28 11:00 PM","0"
"Year 1 Mar 01 12:00 AM","0"
"Year 1 Mar 01 1:00 AM","0"
"Year 1 Mar 01 2:00 AM","0"
"Year 1 Mar 01 3:00 AM","0"
"Year 1 Mar 01 4:00 AM","0"
"Year 1 Mar 01 5:00 AM","0"
"Year 1 Mar 01 6:00 AM","0"
"Year 1 Mar 01 7:00 AM","2.09133167929049"
"Year 1 Mar 01 8:00 AM","10.0226462690912"
"Year 1 Mar 01 9:00 AM","21.5505922195028"
"Year 1 Mar 01 10:00 AM","44.8265413536531"
"Year 1 Mar 01 11:00 AM","50.7964713211008"
"Year 1 Mar 01 12:00 PM","38.2026522100917"
"Year 1 Mar 01 1:00 PM","39.6831392797892"
"Year 1 Mar 01 2:00 PM","38.7364261831647"
"Year 1 Mar 01 3:00 PM","47.0653117042841"
"Year 1 Mar 01 4:00 PM","32.3454724230657"
"Year 1 Mar 01 5:00 PM","16.5650510352431"
"Year 1 Mar 01 6:00 PM","3.4565426802387"
"Year 1 Mar 01 7:00 PM","0"
"Year 1 Mar 01 8:00 PM","0"
"Year 1 Mar 01 9:00 PM","0"
"Year 1 Mar 01 10:00 PM","0"
"Year 1 Mar 01 11:00 PM","0"
"Year 1 Mar 02 12:00 AM","0"
"Year 1 Mar 02 1:00 AM","0"
"Year 1 Mar 02 2:00 AM","0"
"Year 1 Mar 02 3:00 AM","0"
"Year 1 Mar 02 4:00 AM","0"
"Year 1 Mar 02 5:00 AM","0"
"Year 1 Mar 02 6:00 AM","0"
"Year 1 Mar 02 7:00 AM","3.65862940615657"
"Year 1 Mar 02 8:00 AM","16.2458623230517"
"Year 1 Mar 02 9:00 AM","26.3587422792686"
"Year 1 Mar 02 10:00 AM","36.3172775605564"
"Year 1 Mar 02 11:00 AM","41.1353402337831"
"Year 1 Mar 02 12:00 PM","44.9356626011836"
"Year 1 Mar 02 1:00 PM","45.9018338762023"
"Year 1 Mar 02 2:00 PM","49.2901246339141"
"Year 1 Mar 02 3:00 PM","44.3982305382618"
"Year 1 Mar 02 4:00 PM","32.8684967777905"
"Year 1 Mar 02 5:00 PM","19.3269840989034"
"Year 1 Mar 02 6:00 PM","3.33027993869591"
"Year 1 Mar 02 7:00 PM","0"
"Year 1 Mar 02 8:00 PM","0"
"Year 1 Mar 02 9:00 PM","0"
"Year 1 Mar 02 10:00 PM","0"
"Year 1 Mar 02 11:00 PM","0"
"Year 1 Mar 03 12:00 AM","0"
"Year 1 Mar 03 1:00 AM","0"
"Year 1 Mar 03 2:00 AM","0"
"Year 1 Mar 03 3:00 AM","0"
"Year 1 Mar 03 4:00 AM","0"
"Year 1 Mar 03 5:00 AM","0"
"Year 1 Mar 03 6:00 AM","0"
"Year 1 Mar 03 7:00 AM","2.91849847327642"
"Year 1 Mar 03 8:00 AM","14.5327993442422"
"Year 1 Mar 03 9:00 AM","35.9381314510909"
"Year 1 Mar 03 10:00 AM","38.8989593373927"
"Year 1 Mar 03 11:00 AM","45.0327554519091"
"Year 1 Mar 03 12:00 PM","55.0097144987311"
"Year 1 Mar 03 1:00 PM","48.6192711222452"
"Year 1 Mar 03 2:00 PM","49.1903749610393"
"Year 1 Mar 03 3:00 PM","39.4257572608472"
"Year 1 Mar 03 4:00 PM","28.5947587109124"
"Year 1 Mar 03 5:00 PM","14.3130013662832"
"Year 1 Mar 03 6:00 PM","2.75524543895967"
"Year 1 Mar 03 7:00 PM","0"
"Year 1 Mar 03 8:00 PM","0"
"Year 1 Mar 03 9:00 PM","0"
"Year 1 Mar 03 10:00 PM","0"
"Year 1 Mar 03 11:00 PM","0"
"Year 1 Mar 04 12:00 AM","0"
"Year 1 Mar 04 1:00 AM","0"
"Year 1 Mar 04 2:00 AM","0"
"Year 1 Mar 04 3:00 AM","0"
"Year 1 Mar 04 4:00 AM","0"
"Year 1 Mar 04 5:00 AM","0"
"Year 1 Mar 04 6:00 AM","0"
"Year 1 Mar 04 7:00 AM","2.69169955909192"
"Year 1 Mar 04 8:00 AM","11.4004931342154"
"Year 1 Mar 04 9:00 AM","23.3441540438553"
"Year 1 Mar 04 10:00 AM","32.4974734897461"
"Year 1 Mar 04 11:00 AM","40.9259193128497"
"Year 1 Mar 04 12:00 PM","46.5925866793736"
"Year 1 Mar 04 1:00 PM","49.504141949256"
"Year 1 Mar 04 2:00 PM","47.065488930244"
"Year 1 Mar 04 3:00 PM","39.594484734817"
"Year 1 Mar 04 4:00 PM","26.7807333360047"
"Year 1 Mar 04 5:00 PM","12.1291071899378"
"Year 1 Mar 04 6:00 PM","2.21714904429768"
"Year 1 Mar 04 7:00 PM","0"
"Year 1 Mar 04 8:00 PM","0"
"Year 1 Mar 04 9:00 PM","0"
"Year 1 Mar 04 10:00 PM","0"
"Year 1 Mar 04 11:00 PM","0"
"Year 1 Mar 05 12:00 AM","0"
"Year 1 Mar 05 1:00 AM","0"
"Year 1 Mar 05 2:00 AM","0"
"Year 1 Mar 05 3:00 AM","0"
"Year 1 Mar 05 4:00 AM","0"
"Year 1 Mar 05 5:00 AM","0"
"Year 1 Mar 05 6:00 AM","0"
"Year 1 Mar 05 7:00 AM","4.17778147839281"
"Year 1 Mar 05 8:00 AM","16.3263829085203"
"Year 1 Mar 05 9:00 AM","28.3166006665494"
"Year 1 Mar 05 10:00 AM","46.340059527659"
"Year 1 Mar 05 11:00 AM","54.9928626395774"
"Year 1 Mar 05 12:00 PM","58.0589251997005"
"Year 1 Mar 05 1:00 PM","60.4652742159747"
"Year 1 Mar 05 2:00 PM","59.832787950383"
"Year 1 Mar 05 3:00 PM","48.7855153227366"
"Year 1 Mar 05 4:00 PM","32.6979491958182"
"Year 1 Mar 05 5:00 PM","14.1235980580051"
"Year 1 Mar 05 6:00 PM","3.40068310870434"
"Year 1 Mar 05 7:00 PM","0"
"Year 1 Mar 05 8:00 PM","0"
"Year 1 Mar 05 9:00 PM","0"
"Year 1 Mar 05 10:00 PM","0"
"Year 1 Mar 05 11:00 PM","0"
"Year 1 Mar 06 12:00 AM","0"
"Year 1 Mar 06 1:00 AM","0"
"Year 1 Mar 06 2:00 AM","0"
"Year 1 Mar 06 3:00 AM","0"
"Year 1 Mar 06 4:00 AM","0"
"Year 1 Mar 06 5:00 AM","0"
"Year 1 Mar 06 6:00 AM","0"
"Year 1 Mar 06 7:00 AM","5.04551067205777"
"Year 1 Mar 06 8:00 AM","22.5918285642806"
"Year 1 Mar 06 9:00 AM","38.2743293700567"
"Year 1 Mar 06 10:00 AM","36.36577408685"
"Year 1 Mar 06 11:00 AM","27.2178487144889"
"Year 1 Mar 06 12:00 PM","31.3894180952296"
"Year 1 Mar 06 1:00 PM","33.298462474791"
"Year 1 Mar 06 2:00 PM","31.6558976206281"
"Year 1 Mar 06 3:00 PM","29.8894113606054"
"Year 1 Mar 06 4:00 PM","29.3418940130612"
"Year 1 Mar 06 5:00 PM","16.659607385727"
"Year 1 Mar 06 6:00 PM","4.55492468581035"
"Year 1 Mar 06 7:00 PM","0"
"Year 1 Mar 06 8:00 PM","0"
"Year 1 Mar 06 9:00 PM","0"
"Year 1 Mar 06 10:00 PM","0"
"Year 1 Mar 06 11:00 PM","0"
"Year 1 Mar 07 12:00 AM","0"
"Year 1 Mar 07 1:00 AM","0"
"Year 1 Mar 07 2:00 AM","0"
"Year 1 Mar 07 3:00 AM","0"
"Year 1 Mar 07 4:00 AM","0"
"Year 1 Mar 07 5:00 AM","0"
"Year 1 Mar 07 6:00 AM","0"
"Year 1 Mar 07 7:00 AM","3.37229341508098"
"Year 1 Mar 07 8:00 AM","14.2130774835442"
"Year 1 Mar 07 9:00 AM","20.227197091689"
"Year 1 Mar 07 10:00 AM","40.7614936217078"
"Year 1 Mar 07 11:00 AM","55.8876354993831"
"Year 1 Mar 07 12:00 PM","61.8200362496624"
"Year 1 Mar 07 1:00 PM","59.1381589850424"
"Year 1 Mar 07 2:00 PM","57.3114312883489"
"Year 1 Mar 07 3:00 PM","51.9299922617979"
"Year 1 Mar 07 4:00 PM","38.8658370914183"
"Year 1 Mar 07 5:00 PM","18.8771429213546"
"Year 1 Mar 07 6:00 PM","4.31738175640476"
"Year 1 Mar 07 7:00 PM","0"
"Year 1 Mar 07 8:00 PM","0"
"Year 1 Mar 07 9:00 PM","0"
"Year 1 Mar 07 10:00 PM","0"
"Year 1 Mar 07 11:00 PM","0"
"Year 1 Mar 08 12:00 AM","0"
"Year 1 Mar 08 1:00 AM","0"
"Year 1 Mar 08 2:00 AM","0"
"Year 1 Mar 08 3:00 AM","0"
"Year 1 Mar 08 4:00 AM","0"
"Year 1 Mar 08 5:00 AM","0"
"Year 1 Mar 08 6:00 AM","0"
"Year 1 Mar 08 7:00 AM","5.47695534313195"
"Year 1 Mar 08 8:00 AM","16.2862795140076"
"Year 1 Mar 08 9:00 AM","22.0755146988424"
"Year 1 Mar 08 10:00 AM","25.7611755949762"
"Year 1 Mar 08 11:00 AM","27.1257536541884"
"Year 1 Mar 08 12:00 PM","27.519893701977"
"Year 1 Mar 08 1:00 PM","27.6199942126295"
"Year 1 Mar 08 2:00 PM","27.1473997687842"
"Year 1 Mar 08 3:00 PM","25.7318008043714"
"Year 1 Mar 08 4:00 PM","21.9399572887695"
"Year 1 Mar 08 5:00 PM","14.7253253922719"
"Year 1 Mar 08 6:00 PM","4.81335318850493"
"Year 1 Mar 08 7:00 PM","0"
"Year 1 Mar 08 8:00 PM","0"
"Year 1 Mar 08 9:00 PM","0"
"Year 1 Mar 08 10:00 PM","0"
"Year 1 Mar 08 11:00 PM","0"
"Year 1 Mar 09 12:00 AM","0"
"Year 1 Mar 09 1:00 AM","0"
"Year 1 Mar 09 2:00 AM","0"
"Year 1 Mar 09 3:00 AM","0"
"Year 1 Mar 09 4:00 AM","0"
"Year 1 Mar 09 5:00 AM","0"
"Year 1 Mar 09 6:00 AM","0"
"Year 1 Mar 09 7:00 AM","6.33378694306104"
"Year 1 Mar 09 8:00 AM","18.0081123832777"
"Year 1 Mar 09 9:00 AM","24.8749395295497"
"Year 1 Mar 09 10:00 AM","28.6782561495924"
"Year 1 Mar 09 11:00 AM","33.0683946779068"
"Year 1 Mar 09 12:00 PM","33.5632462431606"
"Year 1 Mar 09 1:00 PM","33.5050108132892"
"Year 1 Mar 09 2:00 PM","33.0108585996143"
"Year 1 Mar 09 3:00 PM","28.5284718683198"
"Year 1 Mar 09 4:00 PM","24.3909351780041"
"Year 1 Mar 09 5:00 PM","16.8979527712005"
"Year 1 Mar 09 6:00 PM","5.12236077979481"
"Year 1 Mar 09 7:00 PM","0"
"Year 1 Mar 09 8:00 PM","0"
"Year 1 Mar 09 9:00 PM","0"
"Year 1 Mar 09 10:00 PM","0"
"Year 1 Mar 09 11:00 PM","0"
"Year 1 Mar 10 12:00 AM","0"
"Year 1 Mar 10 1:00 AM","0"
"Year 1 Mar 10 2:00 AM","0"
"Year 1 Mar 10 3:00 AM","0"
"Year 1 Mar 10 4:00 AM","0"
"Year 1 Mar 10 5:00 AM","0"
"Year 1 Mar 10 6:00 AM","0"
"Year 1 Mar 10 7:00 AM","6.80077905937046"
"Year 1 Mar 10 8:00 AM","20.4815414367801"
"Year 1 Mar 10 9:00 AM","30.2503568092807"
"Year 1 Mar 10 10:00 AM","37.9286546172345"
"Year 1 Mar 10 11:00 AM","39.9754291178886"
"Year 1 Mar 10 12:00 PM","41.4276125920892"
"Year 1 Mar 10 1:00 PM","47.7282412835722"
"Year 1 Mar 10 2:00 PM","48.2107994871708"
"Year 1 Mar 10 3:00 PM","50.3100152062416"
"Year 1 Mar 10 4:00 PM","38.4486526249811"
"Year 1 Mar 10 5:00 PM","20.7701638774319"
"Year 1 Mar 10 6:00 PM","5.11667419084086"
"Year 1 Mar 10 7:00 PM","0"
"Year 1 Mar 10 8:00 PM","0"
"Year 1 Mar 10 9:00 PM","0"
"Year 1 Mar 10 10:00 PM","0"
"Year 1 Mar 10 11:00 PM","0"
"Year 1 Mar 11 12:00 AM","0"
"Year 1 Mar 11 1:00 AM","0"
"Year 1 Mar 11 2:00 AM","0"
"Year 1 Mar 11 3:00 AM","0"
"Year 1 Mar 11 4:00 AM","0"
"Year 1 Mar 11 5:00 AM","0"
"Year 1 Mar 11 6:00 AM","0"
"Year 1 Mar 11 7:00 AM","3.97792516591494"
"Year 1 Mar 11 8:00 AM","15.6221612480254"
"Year 1 Mar 11 9:00 AM","28.983918846684"
"Year 1 Mar 11 10:00 AM","46.9414249301721"
"Year 1 Mar 11 11:00 AM","60.3548890092138"
"Year 1 Mar 11 12:00 PM","64.4562345711"
"Year 1 Mar 11 1:00 PM","67.4186945256233"
"Year 1 Mar 11 2:00 PM","60.0330668164754"
"Year 1 Mar 11 3:00 PM","49.7550356956568"
"Year 1 Mar 11 4:00 PM","36.7080845598044"
"Year 1 Mar 11 5:00 PM","15.0100572520871"
"Year 1 Mar 11 6:00 PM","3.20874860014113"
"Year 1 Mar 11 7:00 PM","0"
"Year 1 Mar 11 8:00 PM","0"
"Year 1 Mar 11 9:00 PM","0"
"Year 1 Mar 11 10:00 PM","0"
"Year 1 Mar 11 11:00 PM","0"
"Year 1 Mar 12 12:00 AM","0"
"Year 1 Mar 12 1:00 AM","0"
"Year 1 Mar 12 2:00 AM","0"
"Year 1 Mar 12 3:00 AM","0"
"Year 1 Mar 12 4:00 AM","0"
"Year 1 Mar 12 5:00 AM","0"
"Year 1 Mar 12 6:00 AM","0"
"Year 1 Mar 12 7:00 AM","7.0404636707755"
"Year 1 Mar 12 8:00 AM","17.6060009739961"
"Year 1 Mar 12 9:00 AM","23.7609859343752"
"Year 1 Mar 12 10:00 AM","29.0685345616097"
"Year 1 Mar 12 11:00 AM","30.3445144216798"
"Year 1 Mar 12 12:00 PM","30.6947423257652"
"Year 1 Mar 12 1:00 PM","30.6690950420214"
"Year 1 Mar 12 2:00 PM","30.9493421350041"
"Year 1 Mar 12 3:00 PM","32.794019385879"
"Year 1 Mar 12 4:00 PM","38.8277770000821"
"Year 1 Mar 12 5:00 PM","21.2561279373827"
"Year 1 Mar 12 6:00 PM","6.05920072575224"
"Year 1 Mar 12 7:00 PM","0"
"Year 1 Mar 12 8:00 PM","0"
"Year 1 Mar 12 9:00 PM","0"
"Year 1 Mar 12 10:00 PM","0"
"Year 1 Mar 12 11:00 PM","0"
"Year 1 Mar 13 12:00 AM","0"
"Year 1 Mar 13 1:00 AM","0"
"Year 1 Mar 13 2:00 AM","0"
"Year 1 Mar 13 3:00 AM","0"
"Year 1 Mar 13 4:00 AM","0"
"Year 1 Mar 13 5:00 AM","0"
"Year 1 Mar 13 6:00 AM","0"
"Year 1 Mar 13 7:00 AM","3.74436720766766"
"Year 1 Mar 13 8:00 AM","12.5581637370863"
"Year 1 Mar 13 9:00 AM","29.2652541191116"
"Year 1 Mar 13 10:00 AM","38.9588947405711"
"Year 1 Mar 13 11:00 AM","37.5941318897078"
"Year 1 Mar 13 12:00 PM","38.3449795098462"
"Year 1 Mar 13 1:00 PM","38.8496214418172"
"Year 1 Mar 13 2:00 PM","39.1337954834121"
"Year 1 Mar 13 3:00 PM","49.6492282232675"
"Year 1 Mar 13 4:00 PM","34.8112210640648"
"Year 1 Mar 13 5:00 PM","18.8778026291667"
"Year 1 Mar 13 6:00 PM","3.15166040139289"
"Year 1 Mar 13 7:00 PM","0"
"Year 1 Mar 13 8:00 PM","0"
"Year 1 Mar 13 9:00 PM","0"
"Year 1 Mar 13 10:00 PM","0"
"Year 1 Mar 13 11:00 PM","0"
"Year 1 Mar 14 12:00 AM","0"
"Year 1 Mar 14 1:00 AM","0"
"Year 1 Mar 14 2:00 AM","0"
"Year 1 Mar 14 3:00 AM","0"
"Year 1 Mar 14 4:00 AM","0"
"Year 1 Mar 14 5:00 AM","0"
"Year 1 Mar 14 6:00 AM","0"
"Year 1 Mar 14 7:00 AM","6.58748559160843"
"Year 1 Mar 14 8:00 AM","14.3482332335663"
"Year 1 Mar 14 9:00 AM","20.7783292320901"
"Year 1 Mar 14 10:00 AM","29.1383940007334"
"Year 1 Mar 14 11:00 AM","30.4196238333494"
"Year 1 Mar 14 12:00 PM","36.1044252570669"
"Year 1 Mar 14 1:00 PM","54.0730726080726"
"Year 1 Mar 14 2:00 PM","49.2705029981223"
"Year 1 Mar 14 3:00 PM","41.1738940036879"
"Year 1 Mar 14 4:00 PM","31.3512146441255"
"Year 1 Mar 14 5:00 PM","19.8677842410715"
"Year 1 Mar 14 6:00 PM","7.20144379710217"
"Year 1 Mar 14 7:00 PM","0"
"Year 1 Mar 14 8:00 PM","0"
"Year 1 Mar 14 9:00 PM","0"
"Year 1 Mar 14 10:00 PM","0"
"Year 1 Mar 14 11:00 PM","0"
"Year 1 Mar 15 12:00 AM","0"
"Year 1 Mar 15 1:00 AM","0"
"Year 1 Mar 15 2:00 AM","0"
"Year 1 Mar 15 3:00 AM","0"
"Year 1 Mar 15 4:00 AM","0"
"Year 1 Mar 15 5:00 AM","0"
"Year 1 Mar 15 6:00 AM","0"
"Year 1 Mar 15 7:00 AM","7.57861191905063"
"Year 1 Mar 15 8:00 AM","14.9419661273537"
"Year 1 Mar 15 9:00 AM","20.7678451584325"
"Year 1 Mar 15 10:00 AM","24.0644963696212"
"Year 1 Mar 15 11:00 AM","24.9875222861037"
"Year 1 Mar 15 12:00 PM","25.2208710979679"
"Year 1 Mar 15 1:00 PM","25.1909186321254"
"Year 1 Mar 15 2:00 PM","24.8659916280676"
"Year 1 Mar 15 3:00 PM","23.7359858396292"
"Year 1 Mar 15 4:00 PM","19.8202201605073"
"Year 1 Mar 15 5:00 PM","14.2692661247223"
"Year 1 Mar 15 6:00 PM","5.92450432509244"
"Year 1 Mar 15 7:00 PM","0"
"Year 1 Mar 15 8:00 PM","0"
"Year 1 Mar 15 9:00 PM","0"
"Year 1 Mar 15 10:00 PM","0"
"Year 1 Mar 15 11:00 PM","0"
"Year 1 Mar 16 12:00 AM","0"
"Year 1 Mar 16 1:00 AM","0"
"Year 1 Mar 16 2:00 AM","0"
"Year 1 Mar 16 3:00 AM","0"
"Year 1 Mar 16 4:00 AM","0"
"Year 1 Mar 16 5:00 AM","0"
"Year 1 Mar 16 6:00 AM","0"
"Year 1 Mar 16 7:00 AM","9.74642661197754"
"Year 1 Mar 16 8:00 AM","25.0765911555672"
"Year 1 Mar 16 9:00 AM","40.0589907704693"
"Year 1 Mar 16 10:00 AM","53.6961120626611"
"Year 1 Mar 16 11:00 AM","47.5848629061218"
"Year 1 Mar 16 12:00 PM","58.1811802756016"
"Year 1 Mar 16 1:00 PM","62.3663944380145"
"Year 1 Mar 16 2:00 PM","54.3044202886039"
"Year 1 Mar 16 3:00 PM","48.6483294381321"
"Year 1 Mar 16 4:00 PM","35.9422299391027"
"Year 1 Mar 16 5:00 PM","18.7535113351716"
"Year 1 Mar 16 6:00 PM","7.13641421917031"
"Year 1 Mar 16 7:00 PM","0"
"Year 1 Mar 16 8:00 PM","0"
"Year 1 Mar 16 9:00 PM","0"
"Year 1 Mar 16 10:00 PM","0"
"Year 1 Mar 16 11:00 PM","0"
"Year 1 Mar 17 12:00 AM","0"
"Year 1 Mar 17 1:00 AM","0"
"Year 1 Mar 17 2:00 AM","0"
"Year 1 Mar 17 3:00 AM","0"
"Year 1 Mar 17 4:00 AM","0"
"Year 1 Mar 17 5:00 AM","0"
"Year 1 Mar 17 6:00 AM","0"
"Year 1 Mar 17 7:00 AM","9.2970087299818"
"Year 1 Mar 17 8:00 AM","20.6464886217596"
"Year 1 Mar 17 9:00 AM","36.098975595746"
"Year 1 Mar 17 10:00 AM","52.7275227794381"
"Year 1 Mar 17 11:00 AM","50.3391139266396"
"Year 1 Mar 17 12:00 PM","57.5745507389942"
"Year 1 Mar 17 1:00 PM","62.4527672859528"
"Year 1 Mar 17 2:00 PM","41.6692334958248"
"Year 1 Mar 17 3:00 PM","29.6560783619635"
"Year 1 Mar 17 4:00 PM","26.7057153202204"
"Year 1 Mar 17 5:00 PM","16.7121813061727"
"Year 1 Mar 17 6:00 PM","6.42249831239025"
"Year 1 Mar 17 7:00 PM","0"
"Year 1 Mar 17 8:00 PM","0"
"Year 1 Mar 17 9:00 PM","0"
"Year 1 Mar 17 10:00 PM","0"
"Year 1 Mar 17 11:00 PM","0"
"Year 1 Mar 18 12:00 AM","0"
"Year 1 Mar 18 1:00 AM","0"
"Year 1 Mar 18 2:00 AM","0"
"Year 1 Mar 18 3:00 AM","0"
"Year 1 Mar 18 4:00 AM","0"
"Year 1 Mar 18 5:00 AM","0"
"Year 1 Mar 18 6:00 AM","0"
"Year 1 Mar 18 7:00 AM","9.55553873410853"
"Year 1 Mar 18 8:00 AM","21.334334542039"
"Year 1 Mar 18 9:00 AM","28.1340889003982"
"Year 1 Mar 18 10:00 AM","31.6050738591559"
"Year 1 Mar 18 11:00 AM","34.771276525967"
"Year 1 Mar 18 12:00 PM","35.7683682591281"
"Year 1 Mar 18 1:00 PM","35.7759794772526"
"Year 1 Mar 18 2:00 PM","34.2026837030821"
"Year 1 Mar 18 3:00 PM","31.19501634773"
"Year 1 Mar 18 4:00 PM","27.2406644474382"
"Year 1 Mar 18 5:00 PM","19.2016384888305"
"Year 1 Mar 18 6:00 PM","6.53991680337156"
"Year 1 Mar 18 7:00 PM","0"
"Year 1 Mar 18 8:00 PM","0"
"Year 1 Mar 18 9:00 PM","0"
"Year 1 Mar 18 10:00 PM","0"
"Year 1 Mar 18 11:00 PM","0"
"Year 1 Mar 19 12:00 AM","0"
"Year 1 Mar 19 1:00 AM","0"
"Year 1 Mar 19 2:00 AM","0"
"Year 1 Mar 19 3:00 AM","0"
"Year 1 Mar 19 4:00 AM","0"
"Year 1 Mar 19 5:00 AM","0"
"Year 1 Mar 19 6:00 AM","0"
"Year 1 Mar 19 7:00 AM","11.1705246638627"
"Year 1 Mar 19 8:00 AM","26.5032248811057"
"Year 1 Mar 19 9:00 AM","40.7484979526275"
"Year 1 Mar 19 10:00 AM","53.5049721150014"
"Year 1 Mar 19 11:00 AM","51.3025246124849"
"Year 1 Mar 19 12:00 PM","47.7756452783279"
"Year 1 Mar 19 1:00 PM","42.7900964606191"
"Year 1 Mar 19 2:00 PM","37.7209324431118"
"Year 1 Mar 19 3:00 PM","34.4958242875274"
"Year 1 Mar 19 4:00 PM","30.759419710281"
"Year 1 Mar 19 5:00 PM","19.5951625851112"
"Year 1 Mar 19 6:00 PM","6.86647888797396"
"Year 1 Mar 19 7:00 PM","0"
"Year 1 Mar 19 8:00 PM","0"
"Year 1 Mar 19 9:00 PM","0"
"Year 1 Mar 19 10:00 PM","0"
"Year 1 Mar 19 11:00 PM","0"
"Year 1 Mar 20 12:00 AM","0"
"Year 1 Mar 20 1:00 AM","0"
"Year 1 Mar 20 2:00 AM","0"
"Year 1 Mar 20 3:00 AM","0"
"Year 1 Mar 20 4:00 AM","0"
"Year 1 Mar 20 5:00 AM","0"
"Year 1 Mar 20 6:00 AM","0"
"Year 1 Mar 20 7:00 AM","9.9726250239865"
"Year 1 Mar 20 8:00 AM","20.9937010716443"
"Year 1 Mar 20 9:00 AM","27.115629909212"
"Year 1 Mar 20 10:00 AM","31.3480198588786"
"Year 1 Mar 20 11:00 AM","35.1459723586607"
"Year 1 Mar 20 12:00 PM","37.9234933501235"
"Year 1 Mar 20 1:00 PM","38.1438760803832"
"Year 1 Mar 20 2:00 PM","39.5809586428596"
"Year 1 Mar 20 3:00 PM","43.391140413435"
"Year 1 Mar 20 4:00 PM","33.6927411203089"
"Year 1 Mar 20 5:00 PM","24.072832363682"
"Year 1 Mar 20 6:00 PM","8.48893255651512"
"Year 1 Mar 20 7:00 PM","0"
"Year 1 Mar 20 8:00 PM","0"
"Year 1 Mar 20 9:00 PM","0"
"Year 1 Mar 20 10:00 PM","0"
"Year 1 Mar 20 11:00 PM","0"
"Year 1 Mar 21 12:00 AM","0"
"Year 1 Mar 21 1:00 AM","0"
"Year 1 Mar 21 2:00 AM","0"
"Year 1 Mar 21 3:00 AM","0"
"Year 1 Mar 21 4:00 AM","0"
"Year 1 Mar 21 5:00 AM","0"
"Year 1 Mar 21 6:00 AM","0.688530668648185"
"Year 1 Mar 21 7:00 AM","10.0262465860287"
"Year 1 Mar 21 8:00 AM","18.1146999101862"
"Year 1 Mar 21 9:00 AM","25.2802594861676"
"Year 1 Mar 21 10:00 AM","28.6424125759538"
"Year 1 Mar 21 11:00 AM","29.7571116488212"
"Year 1 Mar 21 12:00 PM","28.2639400737173"
"Year 1 Mar 21 1:00 PM","32.7697649282316"
"Year 1 Mar 21 2:00 PM","40.1381144362786"
"Year 1 Mar 21 3:00 PM","41.0874056645408"
"Year 1 Mar 21 4:00 PM","35.2882800013929"
"Year 1 Mar 21 5:00 PM","25.6312542974347"
"Year 1 Mar 21 6:00 PM","8.3826102143026"
"Year 1 Mar 21 7:00 PM","0"
"Year 1 Mar 21 8:00 PM","0"
"Year 1 Mar 21 9:00 PM","0"
"Year 1 Mar 21 10:00 PM","0"
"Year 1 Mar 21 11:00 PM","0"
"Year 1 Mar 22 12:00 AM","0"
"Year 1 Mar 22 1:00 AM","0"
"Year 1 Mar 22 2:00 AM","0"
"Year 1 Mar 22 3:00 AM","0"
"Year 1 Mar 22 4:00 AM","0"
"Year 1 Mar 22 5:00 AM","0"
"Year 1 Mar 22 6:00 AM","0.76049008564464"
"Year 1 Mar 22 7:00 AM","11.3823233598779"
"Year 1 Mar 22 8:00 AM","24.2711056085802"
"Year 1 Mar 22 9:00 AM","32.1447187636638"
"Year 1 Mar 22 10:00 AM","41.6636941875106"
"Year 1 Mar 22 11:00 AM","46.7598286298654"
"Year 1 Mar 22 12:00 PM","55.9068793062531"
"Year 1 Mar 22 1:00 PM","53.965327936693"
"Year 1 Mar 22 2:00 PM","57.7203886983503"
"Year 1 Mar 22 3:00 PM","46.577983044108"
"Year 1 Mar 22 4:00 PM","31.7664912889761"
"Year 1 Mar 22 5:00 PM","19.0878071782373"
"Year 1 Mar 22 6:00 PM","6.59177399725737"
"Year 1 Mar 22 7:00 PM","0"
"Year 1 Mar 22 8:00 PM","0"
"Year 1 Mar 22 9:00 PM","0"
"Year 1 Mar 22 10:00 PM","0"
"Year 1 Mar 22 11:00 PM","0"
"Year 1 Mar 23 12:00 AM","0"
"Year 1 Mar 23 1:00 AM","0"
"Year 1 Mar 23 2:00 AM","0"
"Year 1 Mar 23 3:00 AM","0"
"Year 1 Mar 23 4:00 AM","0"
"Year 1 Mar 23 5:00 AM","0"
"Year 1 Mar 23 6:00 AM","0.549832857342966"
"Year 1 Mar 23 7:00 AM","9.04420873411791"
"Year 1 Mar 23 8:00 AM","23.101273279642"
"Year 1 Mar 23 9:00 AM","32.8061917793438"
"Year 1 Mar 23 10:00 AM","57.2663267712962"
"Year 1 Mar 23 11:00 AM","47.9941596645992"
"Year 1 Mar 23 12:00 PM","49.371670417863"
"Year 1 Mar 23 1:00 PM","51.0944710171756"
"Year 1 Mar 23 2:00 PM","45.7551792039902"
"Year 1 Mar 23 3:00 PM","41.110956879256"
"Year 1 Mar 23 4:00 PM","41.814454165226"
"Year 1 Mar 23 5:00 PM","18.5759612059189"
"Year 1 Mar 23 6:00 PM","5.82818208843546"
"Year 1 Mar 23 7:00 PM","0"
"Year 1 Mar 23 8:00 PM","0"
"Year 1 Mar 23 9:00 PM","0"
"Year 1 Mar 23 10:00 PM","0"
"Year 1 Mar 23 11:00 PM","0"
"Year 1 Mar 24 12:00 AM","0"
"Year 1 Mar 24 1:00 AM","0"
"Year 1 Mar 24 2:00 AM","0"
"Year 1 Mar 24 3:00 AM","0"
"Year 1 Mar 24 4:00 AM","0"
"Year 1 Mar 24 5:00 AM","0"
"Year 1 Mar 24 6:00 AM","0.47105690516666"
"Year 1 Mar 24 7:00 AM","6.72089427602403"
"Year 1 Mar 24 8:00 AM","17.0776263195255"
"Year 1 Mar 24 9:00 AM","33.3809354998352"
"Year 1 Mar 24 10:00 AM","54.9036956247577"
"Year 1 Mar 24 11:00 AM","49.7806161852722"
"Year 1 Mar 24 12:00 PM","53.4877789067972"
"Year 1 Mar 24 1:00 PM","70.4956282369481"
"Year 1 Mar 24 2:00 PM","49.6322930382965"
"Year 1 Mar 24 3:00 PM","40.0904184060474"
"Year 1 Mar 24 4:00 PM","38.2108090633027"
"Year 1 Mar 24 5:00 PM","22.8036068746887"
"Year 1 Mar 24 6:00 PM","8.10225503710509"
"Year 1 Mar 24 7:00 PM","0"
"Year 1 Mar 24 8:00 PM","0"
"Year 1 Mar 24 9:00 PM","0"
"Year 1 Mar 24 10:00 PM","0"
"Year 1 Mar 24 11:00 PM","0"
"Year 1 Mar 25 12:00 AM","0"
"Year 1 Mar 25 1:00 AM","0"
"Year 1 Mar 25 2:00 AM","0"
"Year 1 Mar 25 3:00 AM","0"
"Year 1 Mar 25 4:00 AM","0"
"Year 1 Mar 25 5:00 AM","0"
"Year 1 Mar 25 6:00 AM","0.869713459011101"
"Year 1 Mar 25 7:00 AM","12.1432438086478"
"Year 1 Mar 25 8:00 AM","30.6295016169939"
"Year 1 Mar 25 9:00 AM","50.7482678298864"
"Year 1 Mar 25 10:00 AM","61.7039324046498"
"Year 1 Mar 25 11:00 AM","71.5018974634475"
"Year 1 Mar 25 12:00 PM","77.836408158754"
"Year 1 Mar 25 1:00 PM","78.9422894175499"
"Year 1 Mar 25 2:00 PM","72.061815173692"
"Year 1 Mar 25 3:00 PM","59.2101955952747"
"Year 1 Mar 25 4:00 PM","46.1612179146906"
"Year 1 Mar 25 5:00 PM","27.0246088109665"
"Year 1 Mar 25 6:00 PM","10.1197555801607"
"Year 1 Mar 25 7:00 PM","0"
"Year 1 Mar 25 8:00 PM","0"
"Year 1 Mar 25 9:00 PM","0"
"Year 1 Mar 25 10:00 PM","0"
"Year 1 Mar 25 11:00 PM","0"
"Year 1 Mar 26 12:00 AM","0"
"Year 1 Mar 26 1:00 AM","0"
"Year 1 Mar 26 2:00 AM","0"
"Year 1 Mar 26 3:00 AM","0"
"Year 1 Mar 26 4:00 AM","0"
"Year 1 Mar 26 5:00 AM","0"
"Year 1 Mar 26 6:00 AM","1.12027266093611"
"Year 1 Mar 26 7:00 AM","12.1946347088266"
"Year 1 Mar 26 8:00 AM","22.9976830555382"
"Year 1 Mar 26 9:00 AM","28.7677713415034"
"Year 1 Mar 26 10:00 AM","32.0155676102227"
"Year 1 Mar 26 11:00 AM","36.4231441755699"
"Year 1 Mar 26 12:00 PM","45.525293950032"
"Year 1 Mar 26 1:00 PM","48.8194946780463"
"Year 1 Mar 26 2:00 PM","49.0340689211002"
"Year 1 Mar 26 3:00 PM","42.4824231342698"
"Year 1 Mar 26 4:00 PM","38.8344582049843"
"Year 1 Mar 26 5:00 PM","23.3673331570725"
"Year 1 Mar 26 6:00 PM","10.1651673980277"
"Year 1 Mar 26 7:00 PM","0"
"Year 1 Mar 26 8:00 PM","0"
"Year 1 Mar 26 9:00 PM","0"
"Year 1 Mar 26 10:00 PM","0"
"Year 1 Mar 26 11:00 PM","0"
"Year 1 Mar 27 12:00 AM","0"
"Year 1 Mar 27 1:00 AM","0"
"Year 1 Mar 27 2:00 AM","0"
"Year 1 Mar 27 3:00 AM","0"
"Year 1 Mar 27 4:00 AM","0"
"Year 1 Mar 27 5:00 AM","0"
"Year 1 Mar 27 6:00 AM","0.591412199455646"
"Year 1 Mar 27 7:00 AM","7.63254636682464"
"Year 1 Mar 27 8:00 AM","23.6937820679525"
"Year 1 Mar 27 9:00 AM","25.2867537948416"
"Year 1 Mar 27 10:00 AM","36.0525399535211"
"Year 1 Mar 27 11:00 AM","56.4694183682591"
"Year 1 Mar 27 12:00 PM","51.9355745704969"
"Year 1 Mar 27 1:00 PM","42.578621579831"
"Year 1 Mar 27 2:00 PM","52.3849433037861"
"Year 1 Mar 27 3:00 PM","58.0293140248125"
"Year 1 Mar 27 4:00 PM","39.8312090381389"
"Year 1 Mar 27 5:00 PM","24.2712052675402"
"Year 1 Mar 27 6:00 PM","11.209085318527"
"Year 1 Mar 27 7:00 PM","0"
"Year 1 Mar 27 8:00 PM","0"
"Year 1 Mar 27 9:00 PM","0"
"Year 1 Mar 27 10:00 PM","0"
"Year 1 Mar 27 11:00 PM","0"
"Year 1 Mar 28 12:00 AM","0"
"Year 1 Mar 28 1:00 AM","0"
"Year 1 Mar 28 2:00 AM","0"
"Year 1 Mar 28 3:00 AM","0"
"Year 1 Mar 28 4:00 AM","0"
"Year 1 Mar 28 5:00 AM","0"
"Year 1 Mar 28 6:00 AM","1.05479959321615"
"Year 1 Mar 28 7:00 AM","9.91183291906013"
"Year 1 Mar 28 8:00 AM","23.8973500206775"
"Year 1 Mar 28 9:00 AM","21.8201500811419"
"Year 1 Mar 28 10:00 AM","34.3791521988419"
"Year 1 Mar 28 11:00 AM","62.4001421050582"
"Year 1 Mar 28 12:00 PM","64.656215031882"
"Year 1 Mar 28 1:00 PM","69.8111152087043"
"Year 1 Mar 28 2:00 PM","57.5441596188494"
"Year 1 Mar 28 3:00 PM","41.1392710924644"
"Year 1 Mar 28 4:00 PM","39.0035921481158"
"Year 1 Mar 28 5:00 PM","17.0353583509718"
"Year 1 Mar 28 6:00 PM","5.57602736605109"
"Year 1 Mar 28 7:00 PM","0"
"Year 1 Mar 28 8:00 PM","0"
"Year 1 Mar 28 9:00 PM","0"
"Year 1 Mar 28 10:00 PM","0"
"Year 1 Mar 28 11:00 PM","0"
"Year 1 Mar 29 12:00 AM","0"
"Year 1 Mar 29 1:00 AM","0"
"Year 1 Mar 29 2:00 AM","0"
"Year 1 Mar 29 3:00 AM","0"
"Year 1 Mar 29 4:00 AM","0"
"Year 1 Mar 29 5:00 AM","0"
"Year 1 Mar 29 6:00 AM","2.41165970047954"
"Year 1 Mar 29 7:00 AM","14.3083179972892"
"Year 1 Mar 29 8:00 AM","28.463421934659"
"Year 1 Mar 29 9:00 AM","48.5809474558081"
"Year 1 Mar 29 10:00 AM","57.7078694809297"
"Year 1 Mar 29 11:00 AM","70.2737919143852"
"Year 1 Mar 29 12:00 PM","75.7218580123493"
"Year 1 Mar 29 1:00 PM","76.3162492503366"
"Year 1 Mar 29 2:00 PM","66.8759609700392"
"Year 1 Mar 29 3:00 PM","59.9251178265403"
"Year 1 Mar 29 4:00 PM","35.4046184645764"
"Year 1 Mar 29 5:00 PM","25.1544763152709"
"Year 1 Mar 29 6:00 PM","9.74124129793286"
"Year 1 Mar 29 7:00 PM","0"
"Year 1 Mar 29 8:00 PM","0"
"Year 1 Mar 29 9:00 PM","0"
"Year 1 Mar 29 10:00 PM","0"
"Year 1 Mar 29 11:00 PM","0"
"Year 1 Mar 30 12:00 AM","0"
"Year 1 Mar 30 1:00 AM","0"
"Year 1 Mar 30 2:00 AM","0"
"Year 1 Mar 30 3:00 AM","0"
"Year 1 Mar 30 4:00 AM","0"
"Year 1 Mar 30 5:00 AM","0"
"Year 1 Mar 30 6:00 AM","2.02965818744016"
"Year 1 Mar 30 7:00 AM","13.6951527215116"
"Year 1 Mar 30 8:00 AM","32.0499129410728"
"Year 1 Mar 30 9:00 AM","49.6603391683193"
"Year 1 Mar 30 10:00 AM","63.4175974277243"
"Year 1 Mar 30 11:00 AM","75.1720688116458"
"Year 1 Mar 30 12:00 PM","83.4018664490155"
"Year 1 Mar 30 1:00 PM","80.0641178359947"
"Year 1 Mar 30 2:00 PM","72.6923759366263"
"Year 1 Mar 30 3:00 PM","64.2322736048033"
"Year 1 Mar 30 4:00 PM","46.4702115521558"
"Year 1 Mar 30 5:00 PM","28.7452233687567"
"Year 1 Mar 30 6:00 PM","11.0609941291611"
"Year 1 Mar 30 7:00 PM","0"
"Year 1 Mar 30 8:00 PM","0"
"Year 1 Mar 30 9:00 PM","0"
"Year 1 Mar 30 10:00 PM","0"
"Year 1 Mar 30 11:00 PM","0"
"Year 1 Mar 31 12:00 AM","0"
"Year 1 Mar 31 1:00 AM","0"
"Year 1 Mar 31 2:00 AM","0"
"Year 1 Mar 31 3:00 AM","0"
"Year 1 Mar 31 4:00 AM","0"
"Year 1 Mar 31 5:00 AM","0"
"Year 1 Mar 31 6:00 AM","1.32306108098283"
"Year 1 Mar 31 7:00 AM","9.59252348481097"
"Year 1 Mar 31 8:00 AM","22.3347740345437"
"Year 1 Mar 31 9:00 AM","37.8387867753543"
"Year 1 Mar 31 10:00 AM","62.5564907906494"
"Year 1 Mar 31 11:00 AM","74.1163997528226"
"Year 1 Mar 31 12:00 PM","74.1665523132126"
"Year 1 Mar 31 1:00 PM","53.182849487801"
"Year 1 Mar 31 2:00 PM","49.893957080335"
"Year 1 Mar 31 3:00 PM","55.1654894638476"
"Year 1 Mar 31 4:00 PM","30.3928184953515"
"Year 1 Mar 31 5:00 PM","17.0055783691086"
"Year 1 Mar 31 6:00 PM","6.81242652437387"
"Year 1 Mar 31 7:00 PM","0.533949006459724"
"Year 1 Mar 31 8:00 PM","0"
"Year 1 Mar 31 9:00 PM","0"
"Year 1 Mar 31 10:00 PM","0"
"Year 1 Mar 31 11:00 PM","0"
"Year 1 Apr 01 12:00 AM","0"
"Year 1 Apr 01 1:00 AM","0"
"Year 1 Apr 01 2:00 AM","0"
"Year 1 Apr 01 3:00 AM","0"
"Year 1 Apr 01 4:00 AM","0"
"Year 1 Apr 01 5:00 AM","0"
"Year 1 Apr 01 6:00 AM","4.31570144044669"
"Year 1 Apr 01 7:00 AM","21.0204556470003"
"Year 1 Apr 01 8:00 AM","32.5348245209265"
"Year 1 Apr 01 9:00 AM","43.5757230856892"
"Year 1 Apr 01 10:00 AM","59.0462862078271"
"Year 1 Apr 01 11:00 AM","61.0637283992919"
"Year 1 Apr 01 12:00 PM","55.7829525569166"
"Year 1 Apr 01 1:00 PM","40.7556885188441"
"Year 1 Apr 01 2:00 PM","36.4056585048234"
"Year 1 Apr 01 3:00 PM","29.852192653758"
"Year 1 Apr 01 4:00 PM","20.5218566078273"
"Year 1 Apr 01 5:00 PM","16.5448628315073"
"Year 1 Apr 01 6:00 PM","8.3482713088419"
"Year 1 Apr 01 7:00 PM","0.649225430878241"
"Year 1 Apr 01 8:00 PM","0"
"Year 1 Apr 01 9:00 PM","0"
"Year 1 Apr 01 10:00 PM","0"
"Year 1 Apr 01 11:00 PM","0"
"Year 1 Apr 02 12:00 AM","0"
"Year 1 Apr 02 1:00 AM","0"
"Year 1 Apr 02 2:00 AM","0"
"Year 1 Apr 02 3:00 AM","0"
"Year 1 Apr 02 4:00 AM","0"
"Year 1 Apr 02 5:00 AM","0"
"Year 1 Apr 02 6:00 AM","2.13526143521499"
"Year 1 Apr 02 7:00 AM","11.0584391836418"
"Year 1 Apr 02 8:00 AM","19.8648374199079"
"Year 1 Apr 02 9:00 AM","50.5458646051994"
"Year 1 Apr 02 10:00 AM","59.0353233119874"
"Year 1 Apr 02 11:00 AM","64.4274072870992"
"Year 1 Apr 02 12:00 PM","50.1913346491241"
"Year 1 Apr 02 1:00 PM","65.0754134444482"
"Year 1 Apr 02 2:00 PM","51.6773858019783"
"Year 1 Apr 02 3:00 PM","38.2142028455183"
"Year 1 Apr 02 4:00 PM","24.3817846880238"
"Year 1 Apr 02 5:00 PM","13.6484701875345"
"Year 1 Apr 02 6:00 PM","4.56140233233536"
"Year 1 Apr 02 7:00 PM","0.249939436750279"
"Year 1 Apr 02 8:00 PM","0"
"Year 1 Apr 02 9:00 PM","0"
"Year 1 Apr 02 10:00 PM","0"
"Year 1 Apr 02 11:00 PM","0"
"Year 1 Apr 03 12:00 AM","0"
"Year 1 Apr 03 1:00 AM","0"
"Year 1 Apr 03 2:00 AM","0"
"Year 1 Apr 03 3:00 AM","0"
"Year 1 Apr 03 4:00 AM","0"
"Year 1 Apr 03 5:00 AM","0"
"Year 1 Apr 03 6:00 AM","5.75147079200451"
"Year 1 Apr 03 7:00 AM","20.9082780896755"
"Year 1 Apr 03 8:00 AM","25.4741047590102"
"Year 1 Apr 03 9:00 AM","35.899825776543"
"Year 1 Apr 03 10:00 AM","45.4744593524858"
"Year 1 Apr 03 11:00 AM","52.3087838233988"
"Year 1 Apr 03 12:00 PM","57.2648894599441"
"Year 1 Apr 03 1:00 PM","53.3265800939752"
"Year 1 Apr 03 2:00 PM","61.1806422756381"
"Year 1 Apr 03 3:00 PM","52.1372869158628"
"Year 1 Apr 03 4:00 PM","43.4935632870016"
"Year 1 Apr 03 5:00 PM","29.1172109457529"
"Year 1 Apr 03 6:00 PM","14.3909482599958"
"Year 1 Apr 03 7:00 PM","1.3891863886581"
"Year 1 Apr 03 8:00 PM","0"
"Year 1 Apr 03 9:00 PM","0"
"Year 1 Apr 03 10:00 PM","0"
"Year 1 Apr 03 11:00 PM","0"
"Year 1 Apr 04 12:00 AM","0"
"Year 1 Apr 04 1:00 AM","0"
"Year 1 Apr 04 2:00 AM","0"
"Year 1 Apr 04 3:00 AM","0"
"Year 1 Apr 04 4:00 AM","0"
"Year 1 Apr 04 5:00 AM","0"
"Year 1 Apr 04 6:00 AM","5.74984990253668"
"Year 1 Apr 04 7:00 AM","23.0575586846286"
"Year 1 Apr 04 8:00 AM","37.602628961499"
"Year 1 Apr 04 9:00 AM","52.0598005508725"
"Year 1 Apr 04 10:00 AM","58.4670568021173"
"Year 1 Apr 04 11:00 AM","51.8683343250411"
"Year 1 Apr 04 12:00 PM","44.7186093190275"
"Year 1 Apr 04 1:00 PM","42.9549959840427"
"Year 1 Apr 04 2:00 PM","39.6629359601415"
"Year 1 Apr 04 3:00 PM","30.8021277714863"
"Year 1 Apr 04 4:00 PM","23.6575568441176"
"Year 1 Apr 04 5:00 PM","18.6969186665269"
"Year 1 Apr 04 6:00 PM","8.76178789606676"
"Year 1 Apr 04 7:00 PM","0.631553220072776"
"Year 1 Apr 04 8:00 PM","0"
"Year 1 Apr 04 9:00 PM","0"
"Year 1 Apr 04 10:00 PM","0"
"Year 1 Apr 04 11:00 PM","0"
"Year 1 Apr 05 12:00 AM","0"
"Year 1 Apr 05 1:00 AM","0"
"Year 1 Apr 05 2:00 AM","0"
"Year 1 Apr 05 3:00 AM","0"
"Year 1 Apr 05 4:00 AM","0"
"Year 1 Apr 05 5:00 AM","0"
"Year 1 Apr 05 6:00 AM","5.41139928959775"
"Year 1 Apr 05 7:00 AM","22.668574205602"
"Year 1 Apr 05 8:00 AM","38.8972886821587"
"Year 1 Apr 05 9:00 AM","53.8966551428146"
"Year 1 Apr 05 10:00 AM","64.7933619358528"
"Year 1 Apr 05 11:00 AM","69.170673677529"
"Year 1 Apr 05 12:00 PM","73.1246938922398"
"Year 1 Apr 05 1:00 PM","70.3283989979423"
"Year 1 Apr 05 2:00 PM","43.1920536683721"
"Year 1 Apr 05 3:00 PM","32.7644887975825"
"Year 1 Apr 05 4:00 PM","40.4928446306741"
"Year 1 Apr 05 5:00 PM","24.8614312983824"
"Year 1 Apr 05 6:00 PM","16.9455698163321"
"Year 1 Apr 05 7:00 PM","1.76833846086683"
"Year 1 Apr 05 8:00 PM","0"
"Year 1 Apr 05 9:00 PM","0"
"Year 1 Apr 05 10:00 PM","0"
"Year 1 Apr 05 11:00 PM","0"
"Year 1 Apr 06 12:00 AM","0"
"Year 1 Apr 06 1:00 AM","0"
"Year 1 Apr 06 2:00 AM","0"
"Year 1 Apr 06 3:00 AM","0"
"Year 1 Apr 06 4:00 AM","0"
"Year 1 Apr 06 5:00 AM","0"
"Year 1 Apr 06 6:00 AM","6.16912430645397"
"Year 1 Apr 06 7:00 AM","23.3898228418185"
"Year 1 Apr 06 8:00 AM","33.6432628475655"
"Year 1 Apr 06 9:00 AM","41.172895834933"
"Year 1 Apr 06 10:00 AM","42.3336988819387"
"Year 1 Apr 06 11:00 AM","43.7549833996694"
"Year 1 Apr 06 12:00 PM","49.1334061157973"
"Year 1 Apr 06 1:00 PM","42.5201560900528"
"Year 1 Apr 06 2:00 PM","41.3174757645115"
"Year 1 Apr 06 3:00 PM","40.6862749150048"
"Year 1 Apr 06 4:00 PM","39.1430748621281"
"Year 1 Apr 06 5:00 PM","29.8434185307453"
"Year 1 Apr 06 6:00 PM","16.6995729366281"
"Year 1 Apr 06 7:00 PM","1.63900141273836"
"Year 1 Apr 06 8:00 PM","0"
"Year 1 Apr 06 9:00 PM","0"
"Year 1 Apr 06 10:00 PM","0"
"Year 1 Apr 06 11:00 PM","0"
"Year 1 Apr 07 12:00 AM","0"
"Year 1 Apr 07 1:00 AM","0"
"Year 1 Apr 07 2:00 AM","0"
"Year 1 Apr 07 3:00 AM","0"
"Year 1 Apr 07 4:00 AM","0"
"Year 1 Apr 07 5:00 AM","0"
"Year 1 Apr 07 6:00 AM","1.90348453772856"
"Year 1 Apr 07 7:00 AM","10.5487288341347"
"Year 1 Apr 07 8:00 AM","14.8920877674806"
"Year 1 Apr 07 9:00 AM","22.9513748841615"
"Year 1 Apr 07 10:00 AM","30.147951393359"
"Year 1 Apr 07 11:00 AM","33.3053870052007"
"Year 1 Apr 07 12:00 PM","37.1043564926509"
"Year 1 Apr 07 1:00 PM","37.5061134088237"
"Year 1 Apr 07 2:00 PM","38.3889586625298"
"Year 1 Apr 07 3:00 PM","33.145148143329"
"Year 1 Apr 07 4:00 PM","30.3652573295225"
"Year 1 Apr 07 5:00 PM","17.2865687148156"
"Year 1 Apr 07 6:00 PM","9.46076189113035"
"Year 1 Apr 07 7:00 PM","0.705663651031479"
"Year 1 Apr 07 8:00 PM","0"
"Year 1 Apr 07 9:00 PM","0"
"Year 1 Apr 07 10:00 PM","0"
"Year 1 Apr 07 11:00 PM","0"
"Year 1 Apr 08 12:00 AM","0"
"Year 1 Apr 08 1:00 AM","0"
"Year 1 Apr 08 2:00 AM","0"
"Year 1 Apr 08 3:00 AM","0"
"Year 1 Apr 08 4:00 AM","0"
"Year 1 Apr 08 5:00 AM","0"
"Year 1 Apr 08 6:00 AM","2.32597770084409"
"Year 1 Apr 08 7:00 AM","12.6418755714371"
"Year 1 Apr 08 8:00 AM","17.9339014975125"
"Year 1 Apr 08 9:00 AM","23.7170398864963"
"Year 1 Apr 08 10:00 AM","26.852382255855"
"Year 1 Apr 08 11:00 AM","31.0111755340674"
"Year 1 Apr 08 12:00 PM","32.1408184958783"
"Year 1 Apr 08 1:00 PM","32.9724877325446"
"Year 1 Apr 08 2:00 PM","32.4792679164768"
"Year 1 Apr 08 3:00 PM","27.8041333706818"
"Year 1 Apr 08 4:00 PM","24.4553242915786"
"Year 1 Apr 08 5:00 PM","14.318267783884"
"Year 1 Apr 08 6:00 PM","6.20598880100111"
"Year 1 Apr 08 7:00 PM","0.368772772236511"
"Year 1 Apr 08 8:00 PM","0"
"Year 1 Apr 08 9:00 PM","0"
"Year 1 Apr 08 10:00 PM","0"
"Year 1 Apr 08 11:00 PM","0"
"Year 1 Apr 09 12:00 AM","0"
"Year 1 Apr 09 1:00 AM","0"
"Year 1 Apr 09 2:00 AM","0"
"Year 1 Apr 09 3:00 AM","0"
"Year 1 Apr 09 4:00 AM","0"
"Year 1 Apr 09 5:00 AM","0"
"Year 1 Apr 09 6:00 AM","6.64318408235981"
"Year 1 Apr 09 7:00 AM","22.9888575676149"
"Year 1 Apr 09 8:00 AM","24.2833154880392"
"Year 1 Apr 09 9:00 AM","27.6397900403018"
"Year 1 Apr 09 10:00 AM","28.2374728509205"
"Year 1 Apr 09 11:00 AM","32.0296960437825"
"Year 1 Apr 09 12:00 PM","41.5982372869991"
"Year 1 Apr 09 1:00 PM","60.3316754972196"
"Year 1 Apr 09 2:00 PM","52.6242660400966"
"Year 1 Apr 09 3:00 PM","41.591307996791"
"Year 1 Apr 09 4:00 PM","42.4944343018021"
"Year 1 Apr 09 5:00 PM","32.6705233024919"
"Year 1 Apr 09 6:00 PM","19.3758453379944"
"Year 1 Apr 09 7:00 PM","2.50613177025715"
"Year 1 Apr 09 8:00 PM","0"
"Year 1 Apr 09 9:00 PM","0"
"Year 1 Apr 09 10:00 PM","0"
"Year 1 Apr 09 11:00 PM","0"
"Year 1 Apr 10 12:00 AM","0"
"Year 1 Apr 10 1:00 AM","0"
"Year 1 Apr 10 2:00 AM","0"
"Year 1 Apr 10 3:00 AM","0"
"Year 1 Apr 10 4:00 AM","0"
"Year 1 Apr 10 5:00 AM","0"
"Year 1 Apr 10 6:00 AM","7.90847664373938"
"Year 1 Apr 10 7:00 AM","25.8489329440316"
"Year 1 Apr 10 8:00 AM","34.1285532456246"
"Year 1 Apr 10 9:00 AM","40.2549811710121"
"Year 1 Apr 10 10:00 AM","40.5572179554201"
"Year 1 Apr 10 11:00 AM","39.4472102879954"
"Year 1 Apr 10 12:00 PM","41.1436760197771"
"Year 1 Apr 10 1:00 PM","36.7338027763958"
"Year 1 Apr 10 2:00 PM","35.9561170841085"
"Year 1 Apr 10 3:00 PM","37.8435418871197"
"Year 1 Apr 10 4:00 PM","36.3123903020379"
"Year 1 Apr 10 5:00 PM","26.8924650638744"
"Year 1 Apr 10 6:00 PM","18.731423402764"
"Year 1 Apr 10 7:00 PM","2.18806766686837"
"Year 1 Apr 10 8:00 PM","0"
"Year 1 Apr 10 9:00 PM","0"
"Year 1 Apr 10 10:00 PM","0"
"Year 1 Apr 10 11:00 PM","0"
"Year 1 Apr 11 12:00 AM","0"
"Year 1 Apr 11 1:00 AM","0"
"Year 1 Apr 11 2:00 AM","0"
"Year 1 Apr 11 3:00 AM","0"
"Year 1 Apr 11 4:00 AM","0"
"Year 1 Apr 11 5:00 AM","0"
"Year 1 Apr 11 6:00 AM","9.83124435376813"
"Year 1 Apr 11 7:00 AM","25.8878552721877"
"Year 1 Apr 11 8:00 AM","38.1819304743153"
"Year 1 Apr 11 9:00 AM","51.1476331019704"
"Year 1 Apr 11 10:00 AM","46.4657224291734"
"Year 1 Apr 11 11:00 AM","42.757114900317"
"Year 1 Apr 11 12:00 PM","50.5368739331217"
"Year 1 Apr 11 1:00 PM","55.8708503710837"
"Year 1 Apr 11 2:00 PM","52.1974639570379"
"Year 1 Apr 11 3:00 PM","42.3669219595464"
"Year 1 Apr 11 4:00 PM","37.1087765551261"
"Year 1 Apr 11 5:00 PM","27.5154905706518"
"Year 1 Apr 11 6:00 PM","19.450101468265"
"Year 1 Apr 11 7:00 PM","3.39755825805639"
"Year 1 Apr 11 8:00 PM","0"
"Year 1 Apr 11 9:00 PM","0"
"Year 1 Apr 11 10:00 PM","0"
"Year 1 Apr 11 11:00 PM","0"
"Year 1 Apr 12 12:00 AM","0"
"Year 1 Apr 12 1:00 AM","0"
"Year 1 Apr 12 2:00 AM","0"
"Year 1 Apr 12 3:00 AM","0"
"Year 1 Apr 12 4:00 AM","0"
"Year 1 Apr 12 5:00 AM","0"
"Year 1 Apr 12 6:00 AM","11.3714939082688"
"Year 1 Apr 12 7:00 AM","27.3073346928058"
"Year 1 Apr 12 8:00 AM","26.1423918471561"
"Year 1 Apr 12 9:00 AM","42.4100488532946"
"Year 1 Apr 12 10:00 AM","47.5258242946315"
"Year 1 Apr 12 11:00 AM","52.8605303588902"
"Year 1 Apr 12 12:00 PM","51.8076880977096"
"Year 1 Apr 12 1:00 PM","50.4000924147632"
"Year 1 Apr 12 2:00 PM","46.5920475426136"
"Year 1 Apr 12 3:00 PM","41.0278591355465"
"Year 1 Apr 12 4:00 PM","34.5879209062255"
"Year 1 Apr 12 5:00 PM","16.1340141722001"
"Year 1 Apr 12 6:00 PM","5.05397673317095"
"Year 1 Apr 12 7:00 PM","0.41051268920215"
"Year 1 Apr 12 8:00 PM","0"
"Year 1 Apr 12 9:00 PM","0"
"Year 1 Apr 12 10:00 PM","0"
"Year 1 Apr 12 11:00 PM","0"
"Year 1 Apr 13 12:00 AM","0"
"Year 1 Apr 13 1:00 AM","0"
"Year 1 Apr 13 2:00 AM","0"
"Year 1 Apr 13 3:00 AM","0"
"Year 1 Apr 13 4:00 AM","0"
"Year 1 Apr 13 5:00 AM","0"
"Year 1 Apr 13 6:00 AM","11.2617707518732"
"Year 1 Apr 13 7:00 AM","27.1399212230158"
"Year 1 Apr 13 8:00 AM","34.3545242682357"
"Year 1 Apr 13 9:00 AM","43.5540614000577"
"Year 1 Apr 13 10:00 AM","57.7529238555431"
"Year 1 Apr 13 11:00 AM","67.3090411091245"
"Year 1 Apr 13 12:00 PM","50.8802053959062"
"Year 1 Apr 13 1:00 PM","36.3942799810346"
"Year 1 Apr 13 2:00 PM","44.0458481698424"
"Year 1 Apr 13 3:00 PM","52.6612637736192"
"Year 1 Apr 13 4:00 PM","50.0675978260061"
"Year 1 Apr 13 5:00 PM","32.8153615581276"
"Year 1 Apr 13 6:00 PM","13.8892530349889"
"Year 1 Apr 13 7:00 PM","1.36797244178942"
"Year 1 Apr 13 8:00 PM","0"
"Year 1 Apr 13 9:00 PM","0"
"Year 1 Apr 13 10:00 PM","0"
"Year 1 Apr 13 11:00 PM","0"
"Year 1 Apr 14 12:00 AM","0"
"Year 1 Apr 14 1:00 AM","0"
"Year 1 Apr 14 2:00 AM","0"
"Year 1 Apr 14 3:00 AM","0"
"Year 1 Apr 14 4:00 AM","0"
"Year 1 Apr 14 5:00 AM","0"
"Year 1 Apr 14 6:00 AM","7.75834970251742"
"Year 1 Apr 14 7:00 AM","26.9581924498619"
"Year 1 Apr 14 8:00 AM","36.1299183095905"
"Year 1 Apr 14 9:00 AM","40.2502104757453"
"Year 1 Apr 14 10:00 AM","38.5927036065856"
"Year 1 Apr 14 11:00 AM","37.1663475692773"
"Year 1 Apr 14 12:00 PM","39.9336941597381"
"Year 1 Apr 14 1:00 PM","46.0749817193993"
"Year 1 Apr 14 2:00 PM","40.3657037057259"
"Year 1 Apr 14 3:00 PM","47.1107455197823"
"Year 1 Apr 14 4:00 PM","47.4388919117078"
"Year 1 Apr 14 5:00 PM","33.4355839059676"
"Year 1 Apr 14 6:00 PM","19.6023100284024"
"Year 1 Apr 14 7:00 PM","2.81853690661923"
"Year 1 Apr 14 8:00 PM","0"
"Year 1 Apr 14 9:00 PM","0"
"Year 1 Apr 14 10:00 PM","0"
"Year 1 Apr 14 11:00 PM","0"
"Year 1 Apr 15 12:00 AM","0"
"Year 1 Apr 15 1:00 AM","0"
"Year 1 Apr 15 2:00 AM","0"
"Year 1 Apr 15 3:00 AM","0"
"Year 1 Apr 15 4:00 AM","0"
"Year 1 Apr 15 5:00 AM","0"
"Year 1 Apr 15 6:00 AM","8.31558948201817"
"Year 1 Apr 15 7:00 AM","31.3289737901978"
"Year 1 Apr 15 8:00 AM","42.3393627108469"
"Year 1 Apr 15 9:00 AM","45.7254578278868"
"Year 1 Apr 15 10:00 AM","43.137101677639"
"Year 1 Apr 15 11:00 AM","38.7026549937613"
"Year 1 Apr 15 12:00 PM","34.8979534279359"
"Year 1 Apr 15 1:00 PM","38.2552272731255"
"Year 1 Apr 15 2:00 PM","39.6995390184823"
"Year 1 Apr 15 3:00 PM","40.6498124935519"
"Year 1 Apr 15 4:00 PM","37.9286507892334"
"Year 1 Apr 15 5:00 PM","29.5254456371773"
"Year 1 Apr 15 6:00 PM","22.8826605700877"
"Year 1 Apr 15 7:00 PM","3.4354862266617"
"Year 1 Apr 15 8:00 PM","0"
"Year 1 Apr 15 9:00 PM","0"
"Year 1 Apr 15 10:00 PM","0"
"Year 1 Apr 15 11:00 PM","0"
"Year 1 Apr 16 12:00 AM","0"
"Year 1 Apr 16 1:00 AM","0"
"Year 1 Apr 16 2:00 AM","0"
"Year 1 Apr 16 3:00 AM","0"
"Year 1 Apr 16 4:00 AM","0"
"Year 1 Apr 16 5:00 AM","0"
"Year 1 Apr 16 6:00 AM","7.86208608197616"
"Year 1 Apr 16 7:00 AM","27.980871385222"
"Year 1 Apr 16 8:00 AM","34.8596364536311"
"Year 1 Apr 16 9:00 AM","41.2365680729626"
"Year 1 Apr 16 10:00 AM","40.0122893474427"
"Year 1 Apr 16 11:00 AM","41.3919456524867"
"Year 1 Apr 16 12:00 PM","48.0072555581732"
"Year 1 Apr 16 1:00 PM","39.1843556132844"
"Year 1 Apr 16 2:00 PM","39.5377644941326"
"Year 1 Apr 16 3:00 PM","49.1297919778121"
"Year 1 Apr 16 4:00 PM","50.8067595834178"
"Year 1 Apr 16 5:00 PM","31.1279040720723"
"Year 1 Apr 16 6:00 PM","15.4171040868907"
"Year 1 Apr 16 7:00 PM","1.55769357607827"
"Year 1 Apr 16 8:00 PM","0"
"Year 1 Apr 16 9:00 PM","0"
"Year 1 Apr 16 10:00 PM","0"
"Year 1 Apr 16 11:00 PM","0"
"Year 1 Apr 17 12:00 AM","0"
"Year 1 Apr 17 1:00 AM","0"
"Year 1 Apr 17 2:00 AM","0"
"Year 1 Apr 17 3:00 AM","0"
"Year 1 Apr 17 4:00 AM","0"
"Year 1 Apr 17 5:00 AM","0"
"Year 1 Apr 17 6:00 AM","9.59319735593947"
"Year 1 Apr 17 7:00 AM","31.8311823111948"
"Year 1 Apr 17 8:00 AM","42.1740183426877"
"Year 1 Apr 17 9:00 AM","56.7409505699149"
"Year 1 Apr 17 10:00 AM","63.6517932416417"
"Year 1 Apr 17 11:00 AM","57.5086374545815"
"Year 1 Apr 17 12:00 PM","42.0777427958719"
"Year 1 Apr 17 1:00 PM","40.901293498035"
"Year 1 Apr 17 2:00 PM","40.6307789540876"
"Year 1 Apr 17 3:00 PM","42.8748513382349"
"Year 1 Apr 17 4:00 PM","38.572493338872"
"Year 1 Apr 17 5:00 PM","30.0168513127502"
"Year 1 Apr 17 6:00 PM","23.3744024853353"
"Year 1 Apr 17 7:00 PM","4.57432569713271"
"Year 1 Apr 17 8:00 PM","0"
"Year 1 Apr 17 9:00 PM","0"
"Year 1 Apr 17 10:00 PM","0"
"Year 1 Apr 17 11:00 PM","0"
"Year 1 Apr 18 12:00 AM","0"
"Year 1 Apr 18 1:00 AM","0"
"Year 1 Apr 18 2:00 AM","0"
"Year 1 Apr 18 3:00 AM","0"
"Year 1 Apr 18 4:00 AM","0"
"Year 1 Apr 18 5:00 AM","0"
"Year 1 Apr 18 6:00 AM","7.67219526599335"
"Year 1 Apr 18 7:00 AM","30.2445406882906"
"Year 1 Apr 18 8:00 AM","43.61946499835"
"Year 1 Apr 18 9:00 AM","58.8498370987891"
"Year 1 Apr 18 10:00 AM","65.244668377447"
"Year 1 Apr 18 11:00 AM","54.9909186004176"
"Year 1 Apr 18 12:00 PM","56.305764521987"
"Year 1 Apr 18 1:00 PM","53.7848320849442"
"Year 1 Apr 18 2:00 PM","45.2508016796002"
"Year 1 Apr 18 3:00 PM","51.1638721754479"
"Year 1 Apr 18 4:00 PM","43.1851328748061"
"Year 1 Apr 18 5:00 PM","25.7074450481582"
"Year 1 Apr 18 6:00 PM","26.9456851036943"
"Year 1 Apr 18 7:00 PM","4.94271299813166"
"Year 1 Apr 18 8:00 PM","0"
"Year 1 Apr 18 9:00 PM","0"
"Year 1 Apr 18 10:00 PM","0"
"Year 1 Apr 18 11:00 PM","0"
"Year 1 Apr 19 12:00 AM","0"
"Year 1 Apr 19 1:00 AM","0"
"Year 1 Apr 19 2:00 AM","0"
"Year 1 Apr 19 3:00 AM","0"
"Year 1 Apr 19 4:00 AM","0"
"Year 1 Apr 19 5:00 AM","0"
"Year 1 Apr 19 6:00 AM","7.54120812338571"
"Year 1 Apr 19 7:00 AM","28.0428730917258"
"Year 1 Apr 19 8:00 AM","33.552380127027"
"Year 1 Apr 19 9:00 AM","54.3413777595434"
"Year 1 Apr 19 10:00 AM","58.2718957705829"
"Year 1 Apr 19 11:00 AM","47.5127433211754"
"Year 1 Apr 19 12:00 PM","49.8358829651515"
"Year 1 Apr 19 1:00 PM","44.8421914587716"
"Year 1 Apr 19 2:00 PM","51.0919119571629"
"Year 1 Apr 19 3:00 PM","60.0118691543496"
"Year 1 Apr 19 4:00 PM","47.8254414902603"
"Year 1 Apr 19 5:00 PM","35.9354843892059"
"Year 1 Apr 19 6:00 PM","28.0248785670663"
"Year 1 Apr 19 7:00 PM","4.92274994398679"
"Year 1 Apr 19 8:00 PM","0"
"Year 1 Apr 19 9:00 PM","0"
"Year 1 Apr 19 10:00 PM","0"
"Year 1 Apr 19 11:00 PM","0"
"Year 1 Apr 20 12:00 AM","0"
"Year 1 Apr 20 1:00 AM","0"
"Year 1 Apr 20 2:00 AM","0"
"Year 1 Apr 20 3:00 AM","0"
"Year 1 Apr 20 4:00 AM","0"
"Year 1 Apr 20 5:00 AM","0"
"Year 1 Apr 20 6:00 AM","4.9219034758893"
"Year 1 Apr 20 7:00 AM","27.2125971555293"
"Year 1 Apr 20 8:00 AM","42.7330110739608"
"Year 1 Apr 20 9:00 AM","51.30274052437"
"Year 1 Apr 20 10:00 AM","50.6382641698003"
"Year 1 Apr 20 11:00 AM","60.5214234660236"
"Year 1 Apr 20 12:00 PM","56.156617247114"
"Year 1 Apr 20 1:00 PM","68.3453846366141"
"Year 1 Apr 20 2:00 PM","61.9248208908008"
"Year 1 Apr 20 3:00 PM","56.2337755687141"
"Year 1 Apr 20 4:00 PM","48.7613123611476"
"Year 1 Apr 20 5:00 PM","24.3507599980954"
"Year 1 Apr 20 6:00 PM","12.6457030930552"
"Year 1 Apr 20 7:00 PM","1.36759249235129"
"Year 1 Apr 20 8:00 PM","0"
"Year 1 Apr 20 9:00 PM","0"
"Year 1 Apr 20 10:00 PM","0"
"Year 1 Apr 20 11:00 PM","0"
"Year 1 Apr 21 12:00 AM","0"
"Year 1 Apr 21 1:00 AM","0"
"Year 1 Apr 21 2:00 AM","0"
"Year 1 Apr 21 3:00 AM","0"
"Year 1 Apr 21 4:00 AM","0"
"Year 1 Apr 21 5:00 AM","0"
"Year 1 Apr 21 6:00 AM","1.57005259319017"
"Year 1 Apr 21 7:00 AM","10.4818007268948"
"Year 1 Apr 21 8:00 AM","19.521905929122"
"Year 1 Apr 21 9:00 AM","25.0053646530658"
"Year 1 Apr 21 10:00 AM","38.6740905835797"
"Year 1 Apr 21 11:00 AM","40.9983683518753"
"Year 1 Apr 21 12:00 PM","41.8637735186474"
"Year 1 Apr 21 1:00 PM","37.4982188620996"
"Year 1 Apr 21 2:00 PM","30.7444113975011"
"Year 1 Apr 21 3:00 PM","30.0980645241994"
"Year 1 Apr 21 4:00 PM","39.1538078669805"
"Year 1 Apr 21 5:00 PM","16.7621329220888"
"Year 1 Apr 21 6:00 PM","8.47686271125288"
"Year 1 Apr 21 7:00 PM","0.983710018897931"
"Year 1 Apr 21 8:00 PM","0"
"Year 1 Apr 21 9:00 PM","0"
"Year 1 Apr 21 10:00 PM","0"
"Year 1 Apr 21 11:00 PM","0"
"Year 1 Apr 22 12:00 AM","0"
"Year 1 Apr 22 1:00 AM","0"
"Year 1 Apr 22 2:00 AM","0"
"Year 1 Apr 22 3:00 AM","0"
"Year 1 Apr 22 4:00 AM","0"
"Year 1 Apr 22 5:00 AM","0"
"Year 1 Apr 22 6:00 AM","8.28606085069689"
"Year 1 Apr 22 7:00 AM","32.7111763712909"
"Year 1 Apr 22 8:00 AM","37.9911428545472"
"Year 1 Apr 22 9:00 AM","29.6705741620073"
"Year 1 Apr 22 10:00 AM","32.6074223657879"
"Year 1 Apr 22 11:00 AM","42.2100078392254"
"Year 1 Apr 22 12:00 PM","38.4450424197094"
"Year 1 Apr 22 1:00 PM","44.9485981394631"
"Year 1 Apr 22 2:00 PM","53.8632515189294"
"Year 1 Apr 22 3:00 PM","36.3381383611054"
"Year 1 Apr 22 4:00 PM","31.0511005601617"
"Year 1 Apr 22 5:00 PM","27.4583972593616"
"Year 1 Apr 22 6:00 PM","26.7313343462839"
"Year 1 Apr 22 7:00 PM","7.42883831902048"
"Year 1 Apr 22 8:00 PM","0"
"Year 1 Apr 22 9:00 PM","0"
"Year 1 Apr 22 10:00 PM","0"
"Year 1 Apr 22 11:00 PM","0"
"Year 1 Apr 23 12:00 AM","0"
"Year 1 Apr 23 1:00 AM","0"
"Year 1 Apr 23 2:00 AM","0"
"Year 1 Apr 23 3:00 AM","0"
"Year 1 Apr 23 4:00 AM","0"
"Year 1 Apr 23 5:00 AM","0"
"Year 1 Apr 23 6:00 AM","10.3766638544537"
"Year 1 Apr 23 7:00 AM","30.1722991455783"
"Year 1 Apr 23 8:00 AM","33.6116375239808"
"Year 1 Apr 23 9:00 AM","34.6539481739385"
"Year 1 Apr 23 10:00 AM","36.1092899409933"
"Year 1 Apr 23 11:00 AM","34.6689227892003"
"Year 1 Apr 23 12:00 PM","33.848399546155"
"Year 1 Apr 23 1:00 PM","34.3133127000546"
"Year 1 Apr 23 2:00 PM","36.1910806185749"
"Year 1 Apr 23 3:00 PM","38.5197253303265"
"Year 1 Apr 23 4:00 PM","38.5252315865763"
"Year 1 Apr 23 5:00 PM","29.8003333556466"
"Year 1 Apr 23 6:00 PM","27.7951482723026"
"Year 1 Apr 23 7:00 PM","7.92003094642322"
"Year 1 Apr 23 8:00 PM","0"
"Year 1 Apr 23 9:00 PM","0"
"Year 1 Apr 23 10:00 PM","0"
"Year 1 Apr 23 11:00 PM","0"
"Year 1 Apr 24 12:00 AM","0"
"Year 1 Apr 24 1:00 AM","0"
"Year 1 Apr 24 2:00 AM","0"
"Year 1 Apr 24 3:00 AM","0"
"Year 1 Apr 24 4:00 AM","0"
"Year 1 Apr 24 5:00 AM","0"
"Year 1 Apr 24 6:00 AM","8.57898338813509"
"Year 1 Apr 24 7:00 AM","32.0094344683428"
"Year 1 Apr 24 8:00 AM","36.5399640199422"
"Year 1 Apr 24 9:00 AM","40.1601157661335"
"Year 1 Apr 24 10:00 AM","38.9708439524822"
"Year 1 Apr 24 11:00 AM","40.0697075720742"
"Year 1 Apr 24 12:00 PM","54.5491807545722"
"Year 1 Apr 24 1:00 PM","69.989274832277"
"Year 1 Apr 24 2:00 PM","48.1809496889911"
"Year 1 Apr 24 3:00 PM","28.4096174396577"
"Year 1 Apr 24 4:00 PM","20.6126742035662"
"Year 1 Apr 24 5:00 PM","13.0977521428906"
"Year 1 Apr 24 6:00 PM","6.16807037949579"
"Year 1 Apr 24 7:00 PM","1.11981347992009"
"Year 1 Apr 24 8:00 PM","0"
"Year 1 Apr 24 9:00 PM","0"
"Year 1 Apr 24 10:00 PM","0"
"Year 1 Apr 24 11:00 PM","0"
"Year 1 Apr 25 12:00 AM","0"
"Year 1 Apr 25 1:00 AM","0"
"Year 1 Apr 25 2:00 AM","0"
"Year 1 Apr 25 3:00 AM","0"
"Year 1 Apr 25 4:00 AM","0"
"Year 1 Apr 25 5:00 AM","0"
"Year 1 Apr 25 6:00 AM","8.57366365782201"
"Year 1 Apr 25 7:00 AM","32.9837146144098"
"Year 1 Apr 25 8:00 AM","37.1541220474612"
"Year 1 Apr 25 9:00 AM","40.9865450226932"
"Year 1 Apr 25 10:00 AM","38.6327890957909"
"Year 1 Apr 25 11:00 AM","36.7386448935728"
"Year 1 Apr 25 12:00 PM","37.6885522069144"
"Year 1 Apr 25 1:00 PM","37.4973628314822"
"Year 1 Apr 25 2:00 PM","37.5456282719619"
"Year 1 Apr 25 3:00 PM","39.0516972234178"
"Year 1 Apr 25 4:00 PM","38.8019497934603"
"Year 1 Apr 25 5:00 PM","30.1344023798189"
"Year 1 Apr 25 6:00 PM","28.4830996496871"
"Year 1 Apr 25 7:00 PM","9.04040000016399"
"Year 1 Apr 25 8:00 PM","0"
"Year 1 Apr 25 9:00 PM","0"
"Year 1 Apr 25 10:00 PM","0"
"Year 1 Apr 25 11:00 PM","0"
"Year 1 Apr 26 12:00 AM","0"
"Year 1 Apr 26 1:00 AM","0"
"Year 1 Apr 26 2:00 AM","0"
"Year 1 Apr 26 3:00 AM","0"
"Year 1 Apr 26 4:00 AM","0"
"Year 1 Apr 26 5:00 AM","0"
"Year 1 Apr 26 6:00 AM","9.27212339918199"
"Year 1 Apr 26 7:00 AM","33.0134785898665"
"Year 1 Apr 26 8:00 AM","36.8660516919009"
"Year 1 Apr 26 9:00 AM","42.4894891493871"
"Year 1 Apr 26 10:00 AM","44.8974645713161"
"Year 1 Apr 26 11:00 AM","38.4757387888078"
"Year 1 Apr 26 12:00 PM","33.0063383217203"
"Year 1 Apr 26 1:00 PM","33.2556556333556"
"Year 1 Apr 26 2:00 PM","37.6886318322409"
"Year 1 Apr 26 3:00 PM","39.7050473058972"
"Year 1 Apr 26 4:00 PM","38.5515614164359"
"Year 1 Apr 26 5:00 PM","30.7175811380642"
"Year 1 Apr 26 6:00 PM","29.941030241329"
"Year 1 Apr 26 7:00 PM","7.49923715169118"
"Year 1 Apr 26 8:00 PM","0"
"Year 1 Apr 26 9:00 PM","0"
"Year 1 Apr 26 10:00 PM","0"
"Year 1 Apr 26 11:00 PM","0"
"Year 1 Apr 27 12:00 AM","0"
"Year 1 Apr 27 1:00 AM","0"
"Year 1 Apr 27 2:00 AM","0"
"Year 1 Apr 27 3:00 AM","0"
"Year 1 Apr 27 4:00 AM","0"
"Year 1 Apr 27 5:00 AM","0.558961860152095"
"Year 1 Apr 27 6:00 AM","9.10247360958566"
"Year 1 Apr 27 7:00 AM","10.9015327993403"
"Year 1 Apr 27 8:00 AM","21.0530125737236"
"Year 1 Apr 27 9:00 AM","32.0965139678296"
"Year 1 Apr 27 10:00 AM","36.5576114270319"
"Year 1 Apr 27 11:00 AM","35.7296884129768"
"Year 1 Apr 27 12:00 PM","35.8143013126924"
"Year 1 Apr 27 1:00 PM","34.1715617461919"
"Year 1 Apr 27 2:00 PM","31.8985975699083"
"Year 1 Apr 27 3:00 PM","28.0244904964618"
"Year 1 Apr 27 4:00 PM","20.9556552609585"
"Year 1 Apr 27 5:00 PM","13.3025289600403"
"Year 1 Apr 27 6:00 PM","6.14692467599212"
"Year 1 Apr 27 7:00 PM","1.0186756098289"
"Year 1 Apr 27 8:00 PM","0"
"Year 1 Apr 27 9:00 PM","0"
"Year 1 Apr 27 10:00 PM","0"
"Year 1 Apr 27 11:00 PM","0"
"Year 1 Apr 28 12:00 AM","0"
"Year 1 Apr 28 1:00 AM","0"
"Year 1 Apr 28 2:00 AM","0"
"Year 1 Apr 28 3:00 AM","0"
"Year 1 Apr 28 4:00 AM","0"
"Year 1 Apr 28 5:00 AM","0.739919699460848"
"Year 1 Apr 28 6:00 AM","20.0505091375605"
"Year 1 Apr 28 7:00 AM","23.9001557230602"
"Year 1 Apr 28 8:00 AM","21.908852375939"
"Year 1 Apr 28 9:00 AM","28.555086996793"
"Year 1 Apr 28 10:00 AM","29.7461592067533"
"Year 1 Apr 28 11:00 AM","34.0162818252121"
"Year 1 Apr 28 12:00 PM","35.7050398736434"
"Year 1 Apr 28 1:00 PM","34.1741184317921"
"Year 1 Apr 28 2:00 PM","32.5401067872174"
"Year 1 Apr 28 3:00 PM","32.1180252595815"
"Year 1 Apr 28 4:00 PM","28.0771186581888"
"Year 1 Apr 28 5:00 PM","19.1200396049705"
"Year 1 Apr 28 6:00 PM","5.03392489962069"
"Year 1 Apr 28 7:00 PM","0.609531718497855"
"Year 1 Apr 28 8:00 PM","0"
"Year 1 Apr 28 9:00 PM","0"
"Year 1 Apr 28 10:00 PM","0"
"Year 1 Apr 28 11:00 PM","0"
"Year 1 Apr 29 12:00 AM","0"
"Year 1 Apr 29 1:00 AM","0"
"Year 1 Apr 29 2:00 AM","0"
"Year 1 Apr 29 3:00 AM","0"
"Year 1 Apr 29 4:00 AM","0"
"Year 1 Apr 29 5:00 AM","0.737074291855654"
"Year 1 Apr 29 6:00 AM","19.2421148351139"
"Year 1 Apr 29 7:00 AM","30.5712351395653"
"Year 1 Apr 29 8:00 AM","45.2623195669143"
"Year 1 Apr 29 9:00 AM","55.4244845172025"
"Year 1 Apr 29 10:00 AM","70.8177767346728"
"Year 1 Apr 29 11:00 AM","76.5755435124885"
"Year 1 Apr 29 12:00 PM","67.4716809082511"
"Year 1 Apr 29 1:00 PM","46.7890287496674"
"Year 1 Apr 29 2:00 PM","57.248687045741"
"Year 1 Apr 29 3:00 PM","41.8396080960839"
"Year 1 Apr 29 4:00 PM","39.1597488570779"
"Year 1 Apr 29 5:00 PM","32.5948377015148"
"Year 1 Apr 29 6:00 PM","34.1809304351223"
"Year 1 Apr 29 7:00 PM","9.35416196329281"
"Year 1 Apr 29 8:00 PM","0"
"Year 1 Apr 29 9:00 PM","0"
"Year 1 Apr 29 10:00 PM","0"
"Year 1 Apr 29 11:00 PM","0"
"Year 1 Apr 30 12:00 AM","0"
"Year 1 Apr 30 1:00 AM","0"
"Year 1 Apr 30 2:00 AM","0"
"Year 1 Apr 30 3:00 AM","0"
"Year 1 Apr 30 4:00 AM","0"
"Year 1 Apr 30 5:00 AM","0.878836756575884"
"Year 1 Apr 30 6:00 AM","31.8416289920354"
"Year 1 Apr 30 7:00 AM","42.5457979735628"
"Year 1 Apr 30 8:00 AM","45.1745714695875"
"Year 1 Apr 30 9:00 AM","56.7641527029473"
"Year 1 Apr 30 10:00 AM","51.5224375507276"
"Year 1 Apr 30 11:00 AM","63.7214683914959"
"Year 1 Apr 30 12:00 PM","64.3841428266382"
"Year 1 Apr 30 1:00 PM","75.0296830635795"
"Year 1 Apr 30 2:00 PM","74.1143825821495"
"Year 1 Apr 30 3:00 PM","61.356165037293"
"Year 1 Apr 30 4:00 PM","47.9099158149104"
"Year 1 Apr 30 5:00 PM","41.5511917342903"
"Year 1 Apr 30 6:00 PM","29.6894156472309"
"Year 1 Apr 30 7:00 PM","10.073756689446"
"Year 1 Apr 30 8:00 PM","0"
"Year 1 Apr 30 9:00 PM","0"
"Year 1 Apr 30 10:00 PM","0"
"Year 1 Apr 30 11:00 PM","0"
"Year 1 May 01 12:00 AM","0"
"Year 1 May 01 1:00 AM","0"
"Year 1 May 01 2:00 AM","0"
"Year 1 May 01 3:00 AM","0"
"Year 1 May 01 4:00 AM","0"
"Year 1 May 01 5:00 AM","0.592263640479938"
"Year 1 May 01 6:00 AM","12.8720250428293"
"Year 1 May 01 7:00 AM","32.6627143281122"
"Year 1 May 01 8:00 AM","46.2822101733365"
"Year 1 May 01 9:00 AM","57.6141444402561"
"Year 1 May 01 10:00 AM","64.2256433382534"
"Year 1 May 01 11:00 AM","77.724319840883"
"Year 1 May 01 12:00 PM","89.6727984438061"
"Year 1 May 01 1:00 PM","86.5628476508918"
"Year 1 May 01 2:00 PM","71.7843367761965"
"Year 1 May 01 3:00 PM","59.0258725224573"
"Year 1 May 01 4:00 PM","48.1993742897076"
"Year 1 May 01 5:00 PM","36.0704086620135"
"Year 1 May 01 6:00 PM","24.3667678442124"
"Year 1 May 01 7:00 PM","6.22552777885058"
"Year 1 May 01 8:00 PM","0"
"Year 1 May 01 9:00 PM","0"
"Year 1 May 01 10:00 PM","0"
"Year 1 May 01 11:00 PM","0"
"Year 1 May 02 12:00 AM","0"
"Year 1 May 02 1:00 AM","0"
"Year 1 May 02 2:00 AM","0"
"Year 1 May 02 3:00 AM","0"
"Year 1 May 02 4:00 AM","0"
"Year 1 May 02 5:00 AM","1.26510607124569"
"Year 1 May 02 6:00 AM","11.555513745175"
"Year 1 May 02 7:00 AM","24.5598354370068"
"Year 1 May 02 8:00 AM","32.4250542420042"
"Year 1 May 02 9:00 AM","52.7258357017141"
"Year 1 May 02 10:00 AM","46.9196600789856"
"Year 1 May 02 11:00 AM","44.7913927761398"
"Year 1 May 02 12:00 PM","56.5203329342906"
"Year 1 May 02 1:00 PM","60.7603307200508"
"Year 1 May 02 2:00 PM","57.0718632630854"
"Year 1 May 02 3:00 PM","46.432701322519"
"Year 1 May 02 4:00 PM","38.2534819240579"
"Year 1 May 02 5:00 PM","32.3266419654465"
"Year 1 May 02 6:00 PM","30.985748229622"
"Year 1 May 02 7:00 PM","13.6933088760196"
"Year 1 May 02 8:00 PM","0"
"Year 1 May 02 9:00 PM","0"
"Year 1 May 02 10:00 PM","0"
"Year 1 May 02 11:00 PM","0"
"Year 1 May 03 12:00 AM","0"
"Year 1 May 03 1:00 AM","0"
"Year 1 May 03 2:00 AM","0"
"Year 1 May 03 3:00 AM","0"
"Year 1 May 03 4:00 AM","0"
"Year 1 May 03 5:00 AM","2.6172316437547"
"Year 1 May 03 6:00 AM","29.2091289711126"
"Year 1 May 03 7:00 AM","23.9745585038284"
"Year 1 May 03 8:00 AM","23.6493391808592"
"Year 1 May 03 9:00 AM","26.8873120664785"
"Year 1 May 03 10:00 AM","27.8798018689293"
"Year 1 May 03 11:00 AM","26.5974731309139"
"Year 1 May 03 12:00 PM","25.6480847936531"
"Year 1 May 03 1:00 PM","26.0569099971418"
"Year 1 May 03 2:00 PM","27.4270956957997"
"Year 1 May 03 3:00 PM","28.1852514625458"
"Year 1 May 03 4:00 PM","24.6803123696864"
"Year 1 May 03 5:00 PM","22.5413572839343"
"Year 1 May 03 6:00 PM","27.0129631222914"
"Year 1 May 03 7:00 PM","16.7085030431876"
"Year 1 May 03 8:00 PM","0"
"Year 1 May 03 9:00 PM","0"
"Year 1 May 03 10:00 PM","0"
"Year 1 May 03 11:00 PM","0"
"Year 1 May 04 12:00 AM","0"
"Year 1 May 04 1:00 AM","0"
"Year 1 May 04 2:00 AM","0"
"Year 1 May 04 3:00 AM","0"
"Year 1 May 04 4:00 AM","0"
"Year 1 May 04 5:00 AM","6.55290065832791"
"Year 1 May 04 6:00 AM","30.0629738952998"
"Year 1 May 04 7:00 AM","30.921765439815"
"Year 1 May 04 8:00 AM","33.3236193162547"
"Year 1 May 04 9:00 AM","36.8613998899354"
"Year 1 May 04 10:00 AM","37.2374405569259"
"Year 1 May 04 11:00 AM","37.4947897393008"
"Year 1 May 04 12:00 PM","36.5042565744116"
"Year 1 May 04 1:00 PM","37.5739735886366"
"Year 1 May 04 2:00 PM","44.1194073619993"
"Year 1 May 04 3:00 PM","41.6342463198175"
"Year 1 May 04 4:00 PM","37.8445228113138"
"Year 1 May 04 5:00 PM","33.1707716257236"
"Year 1 May 04 6:00 PM","32.3191788711092"
"Year 1 May 04 7:00 PM","12.3847316499756"
"Year 1 May 04 8:00 PM","0"
"Year 1 May 04 9:00 PM","0"
"Year 1 May 04 10:00 PM","0"
"Year 1 May 04 11:00 PM","0"
"Year 1 May 05 12:00 AM","0"
"Year 1 May 05 1:00 AM","0"
"Year 1 May 05 2:00 AM","0"
"Year 1 May 05 3:00 AM","0"
"Year 1 May 05 4:00 AM","0"
"Year 1 May 05 5:00 AM","5.81315488759754"
"Year 1 May 05 6:00 AM","31.3259221810069"
"Year 1 May 05 7:00 AM","25.494732146645"
"Year 1 May 05 8:00 AM","25.7360648402276"
"Year 1 May 05 9:00 AM","27.7541868324792"
"Year 1 May 05 10:00 AM","29.1810149109449"
"Year 1 May 05 11:00 AM","28.0643717583559"
"Year 1 May 05 12:00 PM","26.9473117697371"
"Year 1 May 05 1:00 PM","30.3426363407698"
"Year 1 May 05 2:00 PM","45.7192498034042"
"Year 1 May 05 3:00 PM","47.7116382926171"
"Year 1 May 05 4:00 PM","41.8944207278055"
"Year 1 May 05 5:00 PM","36.5131107220368"
"Year 1 May 05 6:00 PM","36.4501889381423"
"Year 1 May 05 7:00 PM","12.5040175102155"
"Year 1 May 05 8:00 PM","0"
"Year 1 May 05 9:00 PM","0"
"Year 1 May 05 10:00 PM","0"
"Year 1 May 05 11:00 PM","0"
"Year 1 May 06 12:00 AM","0"
"Year 1 May 06 1:00 AM","0"
"Year 1 May 06 2:00 AM","0"
"Year 1 May 06 3:00 AM","0"
"Year 1 May 06 4:00 AM","0"
"Year 1 May 06 5:00 AM","6.59383848771308"
"Year 1 May 06 6:00 AM","33.5943053716551"
"Year 1 May 06 7:00 AM","27.5553168467098"
"Year 1 May 06 8:00 AM","26.5518309255536"
"Year 1 May 06 9:00 AM","29.6268125554063"
"Year 1 May 06 10:00 AM","30.0063380331192"
"Year 1 May 06 11:00 AM","29.5871561024098"
"Year 1 May 06 12:00 PM","31.8767913196342"
"Year 1 May 06 1:00 PM","44.5030161784035"
"Year 1 May 06 2:00 PM","48.9872413904243"
"Year 1 May 06 3:00 PM","51.3369152748819"
"Year 1 May 06 4:00 PM","47.9004787629231"
"Year 1 May 06 5:00 PM","35.2193400218157"
"Year 1 May 06 6:00 PM","31.3584962832222"
"Year 1 May 06 7:00 PM","16.2306135377013"
"Year 1 May 06 8:00 PM","0"
"Year 1 May 06 9:00 PM","0"
"Year 1 May 06 10:00 PM","0"
"Year 1 May 06 11:00 PM","0"
"Year 1 May 07 12:00 AM","0"
"Year 1 May 07 1:00 AM","0"
"Year 1 May 07 2:00 AM","0"
"Year 1 May 07 3:00 AM","0"
"Year 1 May 07 4:00 AM","0"
"Year 1 May 07 5:00 AM","7.28727382745035"
"Year 1 May 07 6:00 AM","34.1463700844261"
"Year 1 May 07 7:00 AM","31.149425004957"
"Year 1 May 07 8:00 AM","31.5788612437012"
"Year 1 May 07 9:00 AM","45.909976745321"
"Year 1 May 07 10:00 AM","58.3962053165898"
"Year 1 May 07 11:00 AM","60.0924937225999"
"Year 1 May 07 12:00 PM","68.41391819896"
"Year 1 May 07 1:00 PM","68.6528347494809"
"Year 1 May 07 2:00 PM","61.875174239492"
"Year 1 May 07 3:00 PM","55.0112618025662"
"Year 1 May 07 4:00 PM","45.4689307154627"
"Year 1 May 07 5:00 PM","39.6124769556953"
"Year 1 May 07 6:00 PM","29.4694929076182"
"Year 1 May 07 7:00 PM","16.5003516804076"
"Year 1 May 07 8:00 PM","0"
"Year 1 May 07 9:00 PM","0"
"Year 1 May 07 10:00 PM","0"
"Year 1 May 07 11:00 PM","0"
"Year 1 May 08 12:00 AM","0"
"Year 1 May 08 1:00 AM","0"
"Year 1 May 08 2:00 AM","0"
"Year 1 May 08 3:00 AM","0"
"Year 1 May 08 4:00 AM","0"
"Year 1 May 08 5:00 AM","5.31955806553233"
"Year 1 May 08 6:00 AM","24.041410083759"
"Year 1 May 08 7:00 AM","33.7843577153397"
"Year 1 May 08 8:00 AM","38.3110855534532"
"Year 1 May 08 9:00 AM","54.9408833379143"
"Year 1 May 08 10:00 AM","54.1176584847118"
"Year 1 May 08 11:00 AM","62.7113466619425"
"Year 1 May 08 12:00 PM","72.5076825147225"
"Year 1 May 08 1:00 PM","78.7792605921354"
"Year 1 May 08 2:00 PM","71.8389261741215"
"Year 1 May 08 3:00 PM","57.6139374838342"
"Year 1 May 08 4:00 PM","50.6895844667672"
"Year 1 May 08 5:00 PM","40.2019096048416"
"Year 1 May 08 6:00 PM","32.3852258785625"
"Year 1 May 08 7:00 PM","10.5374609659675"
"Year 1 May 08 8:00 PM","0"
"Year 1 May 08 9:00 PM","0"
"Year 1 May 08 10:00 PM","0"
"Year 1 May 08 11:00 PM","0"
"Year 1 May 09 12:00 AM","0"
"Year 1 May 09 1:00 AM","0"
"Year 1 May 09 2:00 AM","0"
"Year 1 May 09 3:00 AM","0"
"Year 1 May 09 4:00 AM","0"
"Year 1 May 09 5:00 AM","6.51289033738102"
"Year 1 May 09 6:00 AM","31.3022173564985"
"Year 1 May 09 7:00 AM","24.878707361714"
"Year 1 May 09 8:00 AM","22.0586816812711"
"Year 1 May 09 9:00 AM","24.8830681781803"
"Year 1 May 09 10:00 AM","41.5069274504979"
"Year 1 May 09 11:00 AM","72.6973230737331"
"Year 1 May 09 12:00 PM","58.8675816838588"
"Year 1 May 09 1:00 PM","53.9859055727608"
"Year 1 May 09 2:00 PM","47.7317896352289"
"Year 1 May 09 3:00 PM","34.5897274287372"
"Year 1 May 09 4:00 PM","28.4439927820603"
"Year 1 May 09 5:00 PM","22.1958702868807"
"Year 1 May 09 6:00 PM","27.2995054431874"
"Year 1 May 09 7:00 PM","20.7451600380183"
"Year 1 May 09 8:00 PM","0"
"Year 1 May 09 9:00 PM","0"
"Year 1 May 09 10:00 PM","0"
"Year 1 May 09 11:00 PM","0"
"Year 1 May 10 12:00 AM","0"
"Year 1 May 10 1:00 AM","0"
"Year 1 May 10 2:00 AM","0"
"Year 1 May 10 3:00 AM","0"
"Year 1 May 10 4:00 AM","0"
"Year 1 May 10 5:00 AM","0.897249628203513"
"Year 1 May 10 6:00 AM","7.89928988564506"
"Year 1 May 10 7:00 AM","24.753270980774"
"Year 1 May 10 8:00 AM","44.201215724527"
"Year 1 May 10 9:00 AM","60.6414935977482"
"Year 1 May 10 10:00 AM","71.9258808360275"
"Year 1 May 10 11:00 AM","74.4160795106296"
"Year 1 May 10 12:00 PM","58.7020241696117"
"Year 1 May 10 1:00 PM","47.8880376339039"
"Year 1 May 10 2:00 PM","61.2696954411067"
"Year 1 May 10 3:00 PM","52.0366875050708"
"Year 1 May 10 4:00 PM","43.8968867031853"
"Year 1 May 10 5:00 PM","28.5946110206315"
"Year 1 May 10 6:00 PM","10.6484258886524"
"Year 1 May 10 7:00 PM","2.722843015417"
"Year 1 May 10 8:00 PM","0"
"Year 1 May 10 9:00 PM","0"
"Year 1 May 10 10:00 PM","0"
"Year 1 May 10 11:00 PM","0"
"Year 1 May 11 12:00 AM","0"
"Year 1 May 11 1:00 AM","0"
"Year 1 May 11 2:00 AM","0"
"Year 1 May 11 3:00 AM","0"
"Year 1 May 11 4:00 AM","0"
"Year 1 May 11 5:00 AM","8.47520432959891"
"Year 1 May 11 6:00 AM","35.8726640999677"
"Year 1 May 11 7:00 AM","32.5360356651615"
"Year 1 May 11 8:00 AM","32.2302513893864"
"Year 1 May 11 9:00 AM","46.9745323040744"
"Year 1 May 11 10:00 AM","50.7510726096971"
"Year 1 May 11 11:00 AM","59.9634624228336"
"Year 1 May 11 12:00 PM","47.9829289555507"
"Year 1 May 11 1:00 PM","41.7404545243684"
"Year 1 May 11 2:00 PM","47.9762122274263"
"Year 1 May 11 3:00 PM","60.4087429114692"
"Year 1 May 11 4:00 PM","43.6708988466669"
"Year 1 May 11 5:00 PM","34.4901980751241"
"Year 1 May 11 6:00 PM","23.4941067238537"
"Year 1 May 11 7:00 PM","5.24200162763832"
"Year 1 May 11 8:00 PM","0"
"Year 1 May 11 9:00 PM","0"
"Year 1 May 11 10:00 PM","0"
"Year 1 May 11 11:00 PM","0"
"Year 1 May 12 12:00 AM","0"
"Year 1 May 12 1:00 AM","0"
"Year 1 May 12 2:00 AM","0"
"Year 1 May 12 3:00 AM","0"
"Year 1 May 12 4:00 AM","0"
"Year 1 May 12 5:00 AM","1.8380519623228"
"Year 1 May 12 6:00 AM","11.0437869480382"
"Year 1 May 12 7:00 AM","30.3925325657291"
"Year 1 May 12 8:00 AM","44.7606781625626"
"Year 1 May 12 9:00 AM","60.0578981240701"
"Year 1 May 12 10:00 AM","77.5472396784672"
"Year 1 May 12 11:00 AM","68.3706339876732"
"Year 1 May 12 12:00 PM","49.8193105150628"
"Year 1 May 12 1:00 PM","38.2375148418282"
"Year 1 May 12 2:00 PM","49.1540928052012"
"Year 1 May 12 3:00 PM","55.4039719344478"
"Year 1 May 12 4:00 PM","45.4514661595608"
"Year 1 May 12 5:00 PM","38.4537893115532"
"Year 1 May 12 6:00 PM","18.2955603627125"
"Year 1 May 12 7:00 PM","5.57884188818624"
"Year 1 May 12 8:00 PM","0"
"Year 1 May 12 9:00 PM","0"
"Year 1 May 12 10:00 PM","0"
"Year 1 May 12 11:00 PM","0"
"Year 1 May 13 12:00 AM","0"
"Year 1 May 13 1:00 AM","0"
"Year 1 May 13 2:00 AM","0"
"Year 1 May 13 3:00 AM","0"
"Year 1 May 13 4:00 AM","0"
"Year 1 May 13 5:00 AM","3.66871730544877"
"Year 1 May 13 6:00 AM","15.1002729549589"
"Year 1 May 13 7:00 AM","32.6400983114881"
"Year 1 May 13 8:00 AM","39.7464848485004"
"Year 1 May 13 9:00 AM","55.8487514977311"
"Year 1 May 13 10:00 AM","68.2770263912788"
"Year 1 May 13 11:00 AM","68.3971354323474"
"Year 1 May 13 12:00 PM","60.9848309627372"
"Year 1 May 13 1:00 PM","80.3987415016639"
"Year 1 May 13 2:00 PM","70.842743183562"
"Year 1 May 13 3:00 PM","66.4693084066891"
"Year 1 May 13 4:00 PM","56.3973494096537"
"Year 1 May 13 5:00 PM","40.8917150096225"
"Year 1 May 13 6:00 PM","17.0163968591757"
"Year 1 May 13 7:00 PM","6.26719426800982"
"Year 1 May 13 8:00 PM","0"
"Year 1 May 13 9:00 PM","0"
"Year 1 May 13 10:00 PM","0"
"Year 1 May 13 11:00 PM","0"
"Year 1 May 14 12:00 AM","0"
"Year 1 May 14 1:00 AM","0"
"Year 1 May 14 2:00 AM","0"
"Year 1 May 14 3:00 AM","0"
"Year 1 May 14 4:00 AM","0"
"Year 1 May 14 5:00 AM","10.708669918845"
"Year 1 May 14 6:00 AM","36.9426703939342"
"Year 1 May 14 7:00 AM","25.7759382968742"
"Year 1 May 14 8:00 AM","24.8877871664802"
"Year 1 May 14 9:00 AM","36.9230696303462"
"Year 1 May 14 10:00 AM","42.6477795579788"
"Year 1 May 14 11:00 AM","45.8759323699852"
"Year 1 May 14 12:00 PM","56.475356052854"
"Year 1 May 14 1:00 PM","63.3693000082963"
"Year 1 May 14 2:00 PM","43.8489655386852"
"Year 1 May 14 3:00 PM","39.0079343583285"
"Year 1 May 14 4:00 PM","36.5872024748088"
"Year 1 May 14 5:00 PM","40.003969350816"
"Year 1 May 14 6:00 PM","31.6612820983702"
"Year 1 May 14 7:00 PM","24.3043777537323"
"Year 1 May 14 8:00 PM","0"
"Year 1 May 14 9:00 PM","0"
"Year 1 May 14 10:00 PM","0"
"Year 1 May 14 11:00 PM","0"
"Year 1 May 15 12:00 AM","0"
"Year 1 May 15 1:00 AM","0"
"Year 1 May 15 2:00 AM","0"
"Year 1 May 15 3:00 AM","0"
"Year 1 May 15 4:00 AM","0"
"Year 1 May 15 5:00 AM","2.0444128667467"
"Year 1 May 15 6:00 AM","14.6860152600381"
"Year 1 May 15 7:00 AM","38.7268266876967"
"Year 1 May 15 8:00 AM","41.7389041035496"
"Year 1 May 15 9:00 AM","27.5710747119885"
"Year 1 May 15 10:00 AM","27.0090280696882"
"Year 1 May 15 11:00 AM","24.830303027877"
"Year 1 May 15 12:00 PM","20.2611494280227"
"Year 1 May 15 1:00 PM","22.5029320870574"
"Year 1 May 15 2:00 PM","25.0514520667452"
"Year 1 May 15 3:00 PM","25.7179959396067"
"Year 1 May 15 4:00 PM","24.6919802699575"
"Year 1 May 15 5:00 PM","22.9758721182989"
"Year 1 May 15 6:00 PM","28.7652964791286"
"Year 1 May 15 7:00 PM","24.8694015900158"
"Year 1 May 15 8:00 PM","0"
"Year 1 May 15 9:00 PM","0"
"Year 1 May 15 10:00 PM","0"
"Year 1 May 15 11:00 PM","0"
"Year 1 May 16 12:00 AM","0"
"Year 1 May 16 1:00 AM","0"
"Year 1 May 16 2:00 AM","0"
"Year 1 May 16 3:00 AM","0"
"Year 1 May 16 4:00 AM","0"
"Year 1 May 16 5:00 AM","11.6356410261172"
"Year 1 May 16 6:00 AM","40.0707615424545"
"Year 1 May 16 7:00 AM","44.9177040134663"
"Year 1 May 16 8:00 AM","46.5251105061269"
"Year 1 May 16 9:00 AM","59.1565657308879"
"Year 1 May 16 10:00 AM","62.26875412194"
"Year 1 May 16 11:00 AM","70.4933126763733"
"Year 1 May 16 12:00 PM","86.109878564726"
"Year 1 May 16 1:00 PM","90.9075878476395"
"Year 1 May 16 2:00 PM","83.7370684210359"
"Year 1 May 16 3:00 PM","61.0779590634295"
"Year 1 May 16 4:00 PM","48.6423300961784"
"Year 1 May 16 5:00 PM","24.6068188493466"
"Year 1 May 16 6:00 PM","11.624312772605"
"Year 1 May 16 7:00 PM","4.33400269578199"
"Year 1 May 16 8:00 PM","0"
"Year 1 May 16 9:00 PM","0"
"Year 1 May 16 10:00 PM","0"
"Year 1 May 16 11:00 PM","0"
"Year 1 May 17 12:00 AM","0"
"Year 1 May 17 1:00 AM","0"
"Year 1 May 17 2:00 AM","0"
"Year 1 May 17 3:00 AM","0"
"Year 1 May 17 4:00 AM","0"
"Year 1 May 17 5:00 AM","5.47133754385916"
"Year 1 May 17 6:00 AM","19.6149492355877"
"Year 1 May 17 7:00 AM","35.6676343633966"
"Year 1 May 17 8:00 AM","54.6606974020003"
"Year 1 May 17 9:00 AM","70.8319495591361"
"Year 1 May 17 10:00 AM","77.7389554865095"
"Year 1 May 17 11:00 AM","86.390952586507"
"Year 1 May 17 12:00 PM","91.4474411591594"
"Year 1 May 17 1:00 PM","91.6729647079958"
"Year 1 May 17 2:00 PM","83.6936598103712"
"Year 1 May 17 3:00 PM","49.3412599612522"
"Year 1 May 17 4:00 PM","35.6627562224532"
"Year 1 May 17 5:00 PM","24.8067048162312"
"Year 1 May 17 6:00 PM","12.7914006686878"
"Year 1 May 17 7:00 PM","4.11326961539155"
"Year 1 May 17 8:00 PM","0"
"Year 1 May 17 9:00 PM","0"
"Year 1 May 17 10:00 PM","0"
"Year 1 May 17 11:00 PM","0"
"Year 1 May 18 12:00 AM","0"
"Year 1 May 18 1:00 AM","0"
"Year 1 May 18 2:00 AM","0"
"Year 1 May 18 3:00 AM","0"
"Year 1 May 18 4:00 AM","0"
"Year 1 May 18 5:00 AM","3.00902933671635"
"Year 1 May 18 6:00 AM","13.1621291235315"
"Year 1 May 18 7:00 AM","33.4049012809359"
"Year 1 May 18 8:00 AM","50.1100317403829"
"Year 1 May 18 9:00 AM","69.9105515882049"
"Year 1 May 18 10:00 AM","79.2608753550402"
"Year 1 May 18 11:00 AM","90.7652803961356"
"Year 1 May 18 12:00 PM","92.3375984326606"
"Year 1 May 18 1:00 PM","88.2672087960698"
"Year 1 May 18 2:00 PM","83.6524033202553"
"Year 1 May 18 3:00 PM","73.1463733721626"
"Year 1 May 18 4:00 PM","58.8266364352987"
"Year 1 May 18 5:00 PM","38.8019508425594"
"Year 1 May 18 6:00 PM","15.081355074107"
"Year 1 May 18 7:00 PM","8.33783656882392"
"Year 1 May 18 8:00 PM","0"
"Year 1 May 18 9:00 PM","0"
"Year 1 May 18 10:00 PM","0"
"Year 1 May 18 11:00 PM","0"
"Year 1 May 19 12:00 AM","0"
"Year 1 May 19 1:00 AM","0"
"Year 1 May 19 2:00 AM","0"
"Year 1 May 19 3:00 AM","0"
"Year 1 May 19 4:00 AM","0"
"Year 1 May 19 5:00 AM","8.22118842914879"
"Year 1 May 19 6:00 AM","25.9434136940892"
"Year 1 May 19 7:00 AM","38.6388871146414"
"Year 1 May 19 8:00 AM","49.3574423341219"
"Year 1 May 19 9:00 AM","65.6188323712305"
"Year 1 May 19 10:00 AM","76.9568226108001"
"Year 1 May 19 11:00 AM","67.4490291720617"
"Year 1 May 19 12:00 PM","67.6270910542753"
"Year 1 May 19 1:00 PM","57.7209563330261"
"Year 1 May 19 2:00 PM","50.5445320211774"
"Year 1 May 19 3:00 PM","46.5111177755353"
"Year 1 May 19 4:00 PM","42.2914549902281"
"Year 1 May 19 5:00 PM","40.9519496922904"
"Year 1 May 19 6:00 PM","40.1602740641983"
"Year 1 May 19 7:00 PM","20.0605325821442"
"Year 1 May 19 8:00 PM","0"
"Year 1 May 19 9:00 PM","0"
"Year 1 May 19 10:00 PM","0"
"Year 1 May 19 11:00 PM","0"
"Year 1 May 20 12:00 AM","0"
"Year 1 May 20 1:00 AM","0"
"Year 1 May 20 2:00 AM","0"
"Year 1 May 20 3:00 AM","0"
"Year 1 May 20 4:00 AM","0"
"Year 1 May 20 5:00 AM","9.94297174711694"
"Year 1 May 20 6:00 AM","36.172073169831"
"Year 1 May 20 7:00 AM","38.5693946101358"
"Year 1 May 20 8:00 AM","34.592952454489"
"Year 1 May 20 9:00 AM","37.5433532794973"
"Year 1 May 20 10:00 AM","41.6308226617785"
"Year 1 May 20 11:00 AM","43.4974294274477"
"Year 1 May 20 12:00 PM","41.9621111239833"
"Year 1 May 20 1:00 PM","39.4129033360681"
"Year 1 May 20 2:00 PM","46.6499626112008"
"Year 1 May 20 3:00 PM","43.7921838981834"
"Year 1 May 20 4:00 PM","40.8855560302395"
"Year 1 May 20 5:00 PM","39.5791900810578"
"Year 1 May 20 6:00 PM","31.2274287198206"
"Year 1 May 20 7:00 PM","18.5405342559352"
"Year 1 May 20 8:00 PM","0"
"Year 1 May 20 9:00 PM","0"
"Year 1 May 20 10:00 PM","0"
"Year 1 May 20 11:00 PM","0"
"Year 1 May 21 12:00 AM","0"
"Year 1 May 21 1:00 AM","0"
"Year 1 May 21 2:00 AM","0"
"Year 1 May 21 3:00 AM","0"
"Year 1 May 21 4:00 AM","0"
"Year 1 May 21 5:00 AM","16.7857753553185"
"Year 1 May 21 6:00 AM","43.0050350608884"
"Year 1 May 21 7:00 AM","43.7470421709691"
"Year 1 May 21 8:00 AM","29.9718940075686"
"Year 1 May 21 9:00 AM","31.8232063194437"
"Year 1 May 21 10:00 AM","30.077865610139"
"Year 1 May 21 11:00 AM","28.3252462117827"
"Year 1 May 21 12:00 PM","26.6970712092768"
"Year 1 May 21 1:00 PM","27.3995364517378"
"Year 1 May 21 2:00 PM","29.8888302728065"
"Year 1 May 21 3:00 PM","32.607278582475"
"Year 1 May 21 4:00 PM","30.3708976614891"
"Year 1 May 21 5:00 PM","36.9730163311824"
"Year 1 May 21 6:00 PM","39.5254727468132"
"Year 1 May 21 7:00 PM","33.6658393172876"
"Year 1 May 21 8:00 PM","0"
"Year 1 May 21 9:00 PM","0"
"Year 1 May 21 10:00 PM","0"
"Year 1 May 21 11:00 PM","0"
"Year 1 May 22 12:00 AM","0"
"Year 1 May 22 1:00 AM","0"
"Year 1 May 22 2:00 AM","0"
"Year 1 May 22 3:00 AM","0"
"Year 1 May 22 4:00 AM","0"
"Year 1 May 22 5:00 AM","14.9558687701468"
"Year 1 May 22 6:00 AM","39.398558210705"
"Year 1 May 22 7:00 AM","35.1122265870031"
"Year 1 May 22 8:00 AM","28.5257433965075"
"Year 1 May 22 9:00 AM","31.5653588079517"
"Year 1 May 22 10:00 AM","30.8409513544327"
"Year 1 May 22 11:00 AM","29.0019231108506"
"Year 1 May 22 12:00 PM","27.7096786490121"
"Year 1 May 22 1:00 PM","28.2071229788452"
"Year 1 May 22 2:00 PM","29.8536104145067"
"Year 1 May 22 3:00 PM","31.6620092494551"
"Year 1 May 22 4:00 PM","30.8999025093848"
"Year 1 May 22 5:00 PM","32.8113538763811"
"Year 1 May 22 6:00 PM","39.71521194157"
"Year 1 May 22 7:00 PM","35.2339652832582"
"Year 1 May 22 8:00 PM","0"
"Year 1 May 22 9:00 PM","0"
"Year 1 May 22 10:00 PM","0"
"Year 1 May 22 11:00 PM","0"
"Year 1 May 23 12:00 AM","0"
"Year 1 May 23 1:00 AM","0"
"Year 1 May 23 2:00 AM","0"
"Year 1 May 23 3:00 AM","0"
"Year 1 May 23 4:00 AM","0"
"Year 1 May 23 5:00 AM","14.989320735589"
"Year 1 May 23 6:00 AM","33.9165183254011"
"Year 1 May 23 7:00 AM","42.5222907115588"
"Year 1 May 23 8:00 AM","50.9598425111685"
"Year 1 May 23 9:00 AM","57.5728486658433"
"Year 1 May 23 10:00 AM","55.9285501057158"
"Year 1 May 23 11:00 AM","56.9634974295244"
"Year 1 May 23 12:00 PM","69.4077533482102"
"Year 1 May 23 1:00 PM","54.9166862841462"
"Year 1 May 23 2:00 PM","74.0343148787965"
"Year 1 May 23 3:00 PM","64.5664174498297"
"Year 1 May 23 4:00 PM","52.7320353985779"
"Year 1 May 23 5:00 PM","35.3557859238036"
"Year 1 May 23 6:00 PM","21.5176594420351"
"Year 1 May 23 7:00 PM","9.74153914509971"
"Year 1 May 23 8:00 PM","0"
"Year 1 May 23 9:00 PM","0"
"Year 1 May 23 10:00 PM","0"
"Year 1 May 23 11:00 PM","0"
"Year 1 May 24 12:00 AM","0"
"Year 1 May 24 1:00 AM","0"
"Year 1 May 24 2:00 AM","0"
"Year 1 May 24 3:00 AM","0"
"Year 1 May 24 4:00 AM","0"
"Year 1 May 24 5:00 AM","10.9722958875465"
"Year 1 May 24 6:00 AM","25.0479680334209"
"Year 1 May 24 7:00 AM","43.6554655519757"
"Year 1 May 24 8:00 AM","57.9611397027624"
"Year 1 May 24 9:00 AM","73.113658982436"
"Year 1 May 24 10:00 AM","70.7005010814029"
"Year 1 May 24 11:00 AM","39.1628904231783"
"Year 1 May 24 12:00 PM","32.3519000966409"
"Year 1 May 24 1:00 PM","30.1636576810089"
"Year 1 May 24 2:00 PM","37.5512699686458"
"Year 1 May 24 3:00 PM","48.7892181214457"
"Year 1 May 24 4:00 PM","44.1021258671053"
"Year 1 May 24 5:00 PM","43.231194326569"
"Year 1 May 24 6:00 PM","39.7949726744352"
"Year 1 May 24 7:00 PM","31.7941868428953"
"Year 1 May 24 8:00 PM","0"
"Year 1 May 24 9:00 PM","0"
"Year 1 May 24 10:00 PM","0"
"Year 1 May 24 11:00 PM","0"
"Year 1 May 25 12:00 AM","0"
"Year 1 May 25 1:00 AM","0"
"Year 1 May 25 2:00 AM","0"
"Year 1 May 25 3:00 AM","0"
"Year 1 May 25 4:00 AM","0"
"Year 1 May 25 5:00 AM","3.58552895010915"
"Year 1 May 25 6:00 AM","17.806298343286"
"Year 1 May 25 7:00 AM","41.925500319422"
"Year 1 May 25 8:00 AM","35.9915196318538"
"Year 1 May 25 9:00 AM","38.102470782962"
"Year 1 May 25 10:00 AM","34.4460416570441"
"Year 1 May 25 11:00 AM","29.2310618891022"
"Year 1 May 25 12:00 PM","27.3980996726281"
"Year 1 May 25 1:00 PM","29.8462917195902"
"Year 1 May 25 2:00 PM","39.4404461474611"
"Year 1 May 25 3:00 PM","47.1477138010393"
"Year 1 May 25 4:00 PM","46.3336356812066"
"Year 1 May 25 5:00 PM","40.471366037199"
"Year 1 May 25 6:00 PM","41.0445983704464"
"Year 1 May 25 7:00 PM","35.3303662592899"
"Year 1 May 25 8:00 PM","0"
"Year 1 May 25 9:00 PM","0"
"Year 1 May 25 10:00 PM","0"
"Year 1 May 25 11:00 PM","0"
"Year 1 May 26 12:00 AM","0"
"Year 1 May 26 1:00 AM","0"
"Year 1 May 26 2:00 AM","0"
"Year 1 May 26 3:00 AM","0"
"Year 1 May 26 4:00 AM","0"
"Year 1 May 26 5:00 AM","15.5383090207272"
"Year 1 May 26 6:00 AM","41.2061127421137"
"Year 1 May 26 7:00 AM","45.9039957676838"
"Year 1 May 26 8:00 AM","40.4624996317642"
"Year 1 May 26 9:00 AM","44.250177614788"
"Year 1 May 26 10:00 AM","43.7373249721433"
"Year 1 May 26 11:00 AM","41.4022586066286"
"Year 1 May 26 12:00 PM","39.3957958094232"
"Year 1 May 26 1:00 PM","40.1668359143974"
"Year 1 May 26 2:00 PM","42.727071702362"
"Year 1 May 26 3:00 PM","44.2479134854248"
"Year 1 May 26 4:00 PM","42.7017230398975"
"Year 1 May 26 5:00 PM","46.3365707131809"
"Year 1 May 26 6:00 PM","48.5787166379592"
"Year 1 May 26 7:00 PM","31.6699788547804"
"Year 1 May 26 8:00 PM","0"
"Year 1 May 26 9:00 PM","0"
"Year 1 May 26 10:00 PM","0"
"Year 1 May 26 11:00 PM","0"
"Year 1 May 27 12:00 AM","0"
"Year 1 May 27 1:00 AM","0"
"Year 1 May 27 2:00 AM","0"
"Year 1 May 27 3:00 AM","0"
"Year 1 May 27 4:00 AM","0"
"Year 1 May 27 5:00 AM","17.343969645694"
"Year 1 May 27 6:00 AM","43.8410534655087"
"Year 1 May 27 7:00 AM","47.4605182007883"
"Year 1 May 27 8:00 AM","48.3366224133778"
"Year 1 May 27 9:00 AM","51.61727947355"
"Year 1 May 27 10:00 AM","49.7779357284647"
"Year 1 May 27 11:00 AM","39.0820290646022"
"Year 1 May 27 12:00 PM","30.0182943557326"
"Year 1 May 27 1:00 PM","30.1408771641697"
"Year 1 May 27 2:00 PM","37.1578388630819"
"Year 1 May 27 3:00 PM","47.1078779902394"
"Year 1 May 27 4:00 PM","39.9055393200157"
"Year 1 May 27 5:00 PM","37.8200289076427"
"Year 1 May 27 6:00 PM","41.3053745027605"
"Year 1 May 27 7:00 PM","32.0907739713726"
"Year 1 May 27 8:00 PM","2.34680793706117"
"Year 1 May 27 9:00 PM","0"
"Year 1 May 27 10:00 PM","0"
"Year 1 May 27 11:00 PM","0"
"Year 1 May 28 12:00 AM","0"
"Year 1 May 28 1:00 AM","0"
"Year 1 May 28 2:00 AM","0"
"Year 1 May 28 3:00 AM","0"
"Year 1 May 28 4:00 AM","0"
"Year 1 May 28 5:00 AM","20.1214281939629"
"Year 1 May 28 6:00 AM","47.7101799682079"
"Year 1 May 28 7:00 AM","45.0617205960958"
"Year 1 May 28 8:00 AM","32.8565598852421"
"Year 1 May 28 9:00 AM","33.5108947776126"
"Year 1 May 28 10:00 AM","37.9852924943154"
"Year 1 May 28 11:00 AM","49.5384817541405"
"Year 1 May 28 12:00 PM","75.6679262424935"
"Year 1 May 28 1:00 PM","68.1307546261384"
"Year 1 May 28 2:00 PM","65.4700497031678"
"Year 1 May 28 3:00 PM","46.4804915656387"
"Year 1 May 28 4:00 PM","35.1433920490587"
"Year 1 May 28 5:00 PM","22.1705033991143"
"Year 1 May 28 6:00 PM","13.7862949020692"
"Year 1 May 28 7:00 PM","16.1240819006369"
"Year 1 May 28 8:00 PM","2.51934405233956"
"Year 1 May 28 9:00 PM","0"
"Year 1 May 28 10:00 PM","0"
"Year 1 May 28 11:00 PM","0"
"Year 1 May 29 12:00 AM","0"
"Year 1 May 29 1:00 AM","0"
"Year 1 May 29 2:00 AM","0"
"Year 1 May 29 3:00 AM","0"
"Year 1 May 29 4:00 AM","0"
"Year 1 May 29 5:00 AM","6.18278189731202"
"Year 1 May 29 6:00 AM","16.4120969468491"
"Year 1 May 29 7:00 AM","26.9276313507136"
"Year 1 May 29 8:00 AM","54.7379913948632"
"Year 1 May 29 9:00 AM","64.6565297901676"
"Year 1 May 29 10:00 AM","58.080413248989"
"Year 1 May 29 11:00 AM","39.430669301434"
"Year 1 May 29 12:00 PM","48.7639222592786"
"Year 1 May 29 1:00 PM","70.5000638499281"
"Year 1 May 29 2:00 PM","55.9765444508661"
"Year 1 May 29 3:00 PM","41.3170689796513"
"Year 1 May 29 4:00 PM","54.9862706493685"
"Year 1 May 29 5:00 PM","48.3883170539645"
"Year 1 May 29 6:00 PM","44.3146048548458"
"Year 1 May 29 7:00 PM","29.6018048472423"
"Year 1 May 29 8:00 PM","2.27923162621505"
"Year 1 May 29 9:00 PM","0"
"Year 1 May 29 10:00 PM","0"
"Year 1 May 29 11:00 PM","0"
"Year 1 May 30 12:00 AM","0"
"Year 1 May 30 1:00 AM","0"
"Year 1 May 30 2:00 AM","0"
"Year 1 May 30 3:00 AM","0"
"Year 1 May 30 4:00 AM","0"
"Year 1 May 30 5:00 AM","8.39343791000703"
"Year 1 May 30 6:00 AM","12.6324298723276"
"Year 1 May 30 7:00 AM","24.2997540526406"
"Year 1 May 30 8:00 AM","47.3870616229329"
"Year 1 May 30 9:00 AM","66.4370672577321"
"Year 1 May 30 10:00 AM","73.0961921515948"
"Year 1 May 30 11:00 AM","42.8107317396218"
"Year 1 May 30 12:00 PM","38.1623367849613"
"Year 1 May 30 1:00 PM","45.5529102496639"
"Year 1 May 30 2:00 PM","45.8410832980942"
"Year 1 May 30 3:00 PM","50.9410819883771"
"Year 1 May 30 4:00 PM","53.3811140737818"
"Year 1 May 30 5:00 PM","49.4227369658542"
"Year 1 May 30 6:00 PM","44.9858636574337"
"Year 1 May 30 7:00 PM","39.607593434247"
"Year 1 May 30 8:00 PM","2.95807978276841"
"Year 1 May 30 9:00 PM","0"
"Year 1 May 30 10:00 PM","0"
"Year 1 May 30 11:00 PM","0"
"Year 1 May 31 12:00 AM","0"
"Year 1 May 31 1:00 AM","0"
"Year 1 May 31 2:00 AM","0"
"Year 1 May 31 3:00 AM","0"
"Year 1 May 31 4:00 AM","0"
"Year 1 May 31 5:00 AM","16.7987485968332"
"Year 1 May 31 6:00 AM","42.2181639913207"
"Year 1 May 31 7:00 AM","45.4765801648317"
"Year 1 May 31 8:00 AM","40.1542126205315"
"Year 1 May 31 9:00 AM","41.5290492508969"
"Year 1 May 31 10:00 AM","40.9050771244808"
"Year 1 May 31 11:00 AM","38.5693984349697"
"Year 1 May 31 12:00 PM","36.8423963474527"
"Year 1 May 31 1:00 PM","39.1917296323642"
"Year 1 May 31 2:00 PM","46.9355108563019"
"Year 1 May 31 3:00 PM","49.5894686029612"
"Year 1 May 31 4:00 PM","52.7016872152124"
"Year 1 May 31 5:00 PM","50.1370264737305"
"Year 1 May 31 6:00 PM","28.3161038350766"
"Year 1 May 31 7:00 PM","17.298415576742"
"Year 1 May 31 8:00 PM","2.11546910741928"
"Year 1 May 31 9:00 PM","0"
"Year 1 May 31 10:00 PM","0"
"Year 1 May 31 11:00 PM","0"
"Year 1 Jun 01 12:00 AM","0"
"Year 1 Jun 01 1:00 AM","0"
"Year 1 Jun 01 2:00 AM","0"
"Year 1 Jun 01 3:00 AM","0"
"Year 1 Jun 01 4:00 AM","0"
"Year 1 Jun 01 5:00 AM","4.11464406478257"
"Year 1 Jun 01 6:00 AM","13.6709300530338"
"Year 1 Jun 01 7:00 AM","31.5710404542538"
"Year 1 Jun 01 8:00 AM","49.7981688942384"
"Year 1 Jun 01 9:00 AM","35.1651938147844"
"Year 1 Jun 01 10:00 AM","32.8600136329722"
"Year 1 Jun 01 11:00 AM","29.2759721344271"
"Year 1 Jun 01 12:00 PM","31.918503108511"
"Year 1 Jun 01 1:00 PM","34.9061967993218"
"Year 1 Jun 01 2:00 PM","38.6016877408992"
"Year 1 Jun 01 3:00 PM","33.1432014453246"
"Year 1 Jun 01 4:00 PM","30.2975198526748"
"Year 1 Jun 01 5:00 PM","30.6267487182047"
"Year 1 Jun 01 6:00 PM","36.3020181634615"
"Year 1 Jun 01 7:00 PM","38.7740822459983"
"Year 1 Jun 01 8:00 PM","3.1609712572123"
"Year 1 Jun 01 9:00 PM","0"
"Year 1 Jun 01 10:00 PM","0"
"Year 1 Jun 01 11:00 PM","0"
"Year 1 Jun 02 12:00 AM","0"
"Year 1 Jun 02 1:00 AM","0"
"Year 1 Jun 02 2:00 AM","0"
"Year 1 Jun 02 3:00 AM","0"
"Year 1 Jun 02 4:00 AM","0"
"Year 1 Jun 02 5:00 AM","19.5026658515731"
"Year 1 Jun 02 6:00 AM","43.4387719879332"
"Year 1 Jun 02 7:00 AM","40.9669769458553"
"Year 1 Jun 02 8:00 AM","37.1954885982625"
"Year 1 Jun 02 9:00 AM","42.9825079894028"
"Year 1 Jun 02 10:00 AM","41.2804787957041"
"Year 1 Jun 02 11:00 AM","47.3915243845424"
"Year 1 Jun 02 12:00 PM","54.6177759803898"
"Year 1 Jun 02 1:00 PM","46.039456767088"
"Year 1 Jun 02 2:00 PM","55.8639539383988"
"Year 1 Jun 02 3:00 PM","65.3991358573667"
"Year 1 Jun 02 4:00 PM","53.7423961657455"
"Year 1 Jun 02 5:00 PM","40.9087689129513"
"Year 1 Jun 02 6:00 PM","39.9533387687525"
"Year 1 Jun 02 7:00 PM","34.0715055632819"
"Year 1 Jun 02 8:00 PM","3.41774228904007"
"Year 1 Jun 02 9:00 PM","0"
"Year 1 Jun 02 10:00 PM","0"
"Year 1 Jun 02 11:00 PM","0"
"Year 1 Jun 03 12:00 AM","0"
"Year 1 Jun 03 1:00 AM","0"
"Year 1 Jun 03 2:00 AM","0"
"Year 1 Jun 03 3:00 AM","0"
"Year 1 Jun 03 4:00 AM","0"
"Year 1 Jun 03 5:00 AM","22.1208083084389"
"Year 1 Jun 03 6:00 AM","40.0648749296725"
"Year 1 Jun 03 7:00 AM","34.3817704276978"
"Year 1 Jun 03 8:00 AM","25.8846321860349"
"Year 1 Jun 03 9:00 AM","26.7327645517314"
"Year 1 Jun 03 10:00 AM","26.2080965262708"
"Year 1 Jun 03 11:00 AM","25.0246642842016"
"Year 1 Jun 03 12:00 PM","27.9942166997178"
"Year 1 Jun 03 1:00 PM","34.57185517622"
"Year 1 Jun 03 2:00 PM","38.9185801969232"
"Year 1 Jun 03 3:00 PM","49.383418650246"
"Year 1 Jun 03 4:00 PM","35.6695364945921"
"Year 1 Jun 03 5:00 PM","37.3302287206609"
"Year 1 Jun 03 6:00 PM","44.0162639637486"
"Year 1 Jun 03 7:00 PM","41.1313278639805"
"Year 1 Jun 03 8:00 PM","3.51550333867946"
"Year 1 Jun 03 9:00 PM","0"
"Year 1 Jun 03 10:00 PM","0"
"Year 1 Jun 03 11:00 PM","0"
"Year 1 Jun 04 12:00 AM","0"
"Year 1 Jun 04 1:00 AM","0"
"Year 1 Jun 04 2:00 AM","0"
"Year 1 Jun 04 3:00 AM","0"
"Year 1 Jun 04 4:00 AM","0"
"Year 1 Jun 04 5:00 AM","15.8968092658256"
"Year 1 Jun 04 6:00 AM","41.6865239507453"
"Year 1 Jun 04 7:00 AM","44.7553712211532"
"Year 1 Jun 04 8:00 AM","39.8532499015185"
"Year 1 Jun 04 9:00 AM","40.1792925105643"
"Year 1 Jun 04 10:00 AM","41.2885762800702"
"Year 1 Jun 04 11:00 AM","44.6137450504796"
"Year 1 Jun 04 12:00 PM","48.8818067746121"
"Year 1 Jun 04 1:00 PM","60.561436233917"
"Year 1 Jun 04 2:00 PM","72.795679498798"
"Year 1 Jun 04 3:00 PM","69.2427220357139"
"Year 1 Jun 04 4:00 PM","57.6681640279618"
"Year 1 Jun 04 5:00 PM","42.2880100248457"
"Year 1 Jun 04 6:00 PM","35.0716750320464"
"Year 1 Jun 04 7:00 PM","22.0123638434701"
"Year 1 Jun 04 8:00 PM","2.47675740049864"
"Year 1 Jun 04 9:00 PM","0"
"Year 1 Jun 04 10:00 PM","0"
"Year 1 Jun 04 11:00 PM","0"
"Year 1 Jun 05 12:00 AM","0"
"Year 1 Jun 05 1:00 AM","0"
"Year 1 Jun 05 2:00 AM","0"
"Year 1 Jun 05 3:00 AM","0"
"Year 1 Jun 05 4:00 AM","0"
"Year 1 Jun 05 5:00 AM","20.4382926041113"
"Year 1 Jun 05 6:00 AM","42.8311806198872"
"Year 1 Jun 05 7:00 AM","36.861347222436"
"Year 1 Jun 05 8:00 AM","38.4716550601997"
"Year 1 Jun 05 9:00 AM","40.0968603699662"
"Year 1 Jun 05 10:00 AM","36.1867658996135"
"Year 1 Jun 05 11:00 AM","25.561609267581"
"Year 1 Jun 05 12:00 PM","31.8903794940177"
"Year 1 Jun 05 1:00 PM","61.5459156595573"
"Year 1 Jun 05 2:00 PM","47.879094923132"
"Year 1 Jun 05 3:00 PM","27.5049317918999"
"Year 1 Jun 05 4:00 PM","25.4160364856939"
"Year 1 Jun 05 5:00 PM","27.4436780957259"
"Year 1 Jun 05 6:00 PM","33.8381646298089"
"Year 1 Jun 05 7:00 PM","38.9765114819489"
"Year 1 Jun 05 8:00 PM","3.13967013915051"
"Year 1 Jun 05 9:00 PM","0"
"Year 1 Jun 05 10:00 PM","0"
"Year 1 Jun 05 11:00 PM","0"
"Year 1 Jun 06 12:00 AM","0"
"Year 1 Jun 06 1:00 AM","0"
"Year 1 Jun 06 2:00 AM","0"
"Year 1 Jun 06 3:00 AM","0"
"Year 1 Jun 06 4:00 AM","0"
"Year 1 Jun 06 5:00 AM","22.1026765909723"
"Year 1 Jun 06 6:00 AM","37.436770526854"
"Year 1 Jun 06 7:00 AM","31.9296715718695"
"Year 1 Jun 06 8:00 AM","27.7424079068631"
"Year 1 Jun 06 9:00 AM","32.6419960231122"
"Year 1 Jun 06 10:00 AM","31.4894799537036"
"Year 1 Jun 06 11:00 AM","26.6862167451843"
"Year 1 Jun 06 12:00 PM","36.3578939978635"
"Year 1 Jun 06 1:00 PM","33.7234660145503"
"Year 1 Jun 06 2:00 PM","34.1725133224498"
"Year 1 Jun 06 3:00 PM","32.1801791420948"
"Year 1 Jun 06 4:00 PM","34.8392276903628"
"Year 1 Jun 06 5:00 PM","38.3257798201515"
"Year 1 Jun 06 6:00 PM","46.8219244054985"
"Year 1 Jun 06 7:00 PM","40.872077027783"
"Year 1 Jun 06 8:00 PM","3.74293468893103"
"Year 1 Jun 06 9:00 PM","0"
"Year 1 Jun 06 10:00 PM","0"
"Year 1 Jun 06 11:00 PM","0"
"Year 1 Jun 07 12:00 AM","0"
"Year 1 Jun 07 1:00 AM","0"
"Year 1 Jun 07 2:00 AM","0"
"Year 1 Jun 07 3:00 AM","0"
"Year 1 Jun 07 4:00 AM","0"
"Year 1 Jun 07 5:00 AM","17.6574878362185"
"Year 1 Jun 07 6:00 AM","38.3520107949101"
"Year 1 Jun 07 7:00 AM","34.6562207841237"
"Year 1 Jun 07 8:00 AM","34.9991071109925"
"Year 1 Jun 07 9:00 AM","45.3618593205782"
"Year 1 Jun 07 10:00 AM","67.5045139724486"
"Year 1 Jun 07 11:00 AM","50.7948866166242"
"Year 1 Jun 07 12:00 PM","55.3050931097772"
"Year 1 Jun 07 1:00 PM","75.2268196483957"
"Year 1 Jun 07 2:00 PM","52.7835099220129"
"Year 1 Jun 07 3:00 PM","49.2386537046121"
"Year 1 Jun 07 4:00 PM","57.5096158499351"
"Year 1 Jun 07 5:00 PM","56.6477326633426"
"Year 1 Jun 07 6:00 PM","45.0054513266001"
"Year 1 Jun 07 7:00 PM","31.7040332704817"
"Year 1 Jun 07 8:00 PM","3.17379384979793"
"Year 1 Jun 07 9:00 PM","0"
"Year 1 Jun 07 10:00 PM","0"
"Year 1 Jun 07 11:00 PM","0"
"Year 1 Jun 08 12:00 AM","0"
"Year 1 Jun 08 1:00 AM","0"
"Year 1 Jun 08 2:00 AM","0"
"Year 1 Jun 08 3:00 AM","0"
"Year 1 Jun 08 4:00 AM","0"
"Year 1 Jun 08 5:00 AM","20.8662988959453"
"Year 1 Jun 08 6:00 AM","43.0706057640805"
"Year 1 Jun 08 7:00 AM","38.635748919597"
"Year 1 Jun 08 8:00 AM","34.1802747773544"
"Year 1 Jun 08 9:00 AM","32.3039222993323"
"Year 1 Jun 08 10:00 AM","38.5112111873527"
"Year 1 Jun 08 11:00 AM","55.2644711841237"
"Year 1 Jun 08 12:00 PM","61.0382515922663"
"Year 1 Jun 08 1:00 PM","65.0552551700964"
"Year 1 Jun 08 2:00 PM","39.6035688222442"
"Year 1 Jun 08 3:00 PM","32.9945595892839"
"Year 1 Jun 08 4:00 PM","31.3205392999356"
"Year 1 Jun 08 5:00 PM","41.0251164829"
"Year 1 Jun 08 6:00 PM","16.9337256434171"
"Year 1 Jun 08 7:00 PM","5.14225177999703"
"Year 1 Jun 08 8:00 PM","0.35569113623627"
"Year 1 Jun 08 9:00 PM","0"
"Year 1 Jun 08 10:00 PM","0"
"Year 1 Jun 08 11:00 PM","0"
"Year 1 Jun 09 12:00 AM","0"
"Year 1 Jun 09 1:00 AM","0"
"Year 1 Jun 09 2:00 AM","0"
"Year 1 Jun 09 3:00 AM","0"
"Year 1 Jun 09 4:00 AM","0"
"Year 1 Jun 09 5:00 AM","7.24859417599083"
"Year 1 Jun 09 6:00 AM","19.960151046757"
"Year 1 Jun 09 7:00 AM","39.3178666972668"
"Year 1 Jun 09 8:00 AM","58.3988900835518"
"Year 1 Jun 09 9:00 AM","69.4506904854726"
"Year 1 Jun 09 10:00 AM","66.7524611717575"
"Year 1 Jun 09 11:00 AM","73.2346363015173"
"Year 1 Jun 09 12:00 PM","85.1399276921165"
"Year 1 Jun 09 1:00 PM","80.5152949289711"
"Year 1 Jun 09 2:00 PM","71.0175973934236"
"Year 1 Jun 09 3:00 PM","57.3909063169665"
"Year 1 Jun 09 4:00 PM","47.1625500390293"
"Year 1 Jun 09 5:00 PM","49.2493952290165"
"Year 1 Jun 09 6:00 PM","41.4739013275355"
"Year 1 Jun 09 7:00 PM","8.4170110413131"
"Year 1 Jun 09 8:00 PM","0.355465965294676"
"Year 1 Jun 09 9:00 PM","0"
"Year 1 Jun 09 10:00 PM","0"
"Year 1 Jun 09 11:00 PM","0"
"Year 1 Jun 10 12:00 AM","0"
"Year 1 Jun 10 1:00 AM","0"
"Year 1 Jun 10 2:00 AM","0"
"Year 1 Jun 10 3:00 AM","0"
"Year 1 Jun 10 4:00 AM","0"
"Year 1 Jun 10 5:00 AM","7.44969338996543"
"Year 1 Jun 10 6:00 AM","22.4512113696129"
"Year 1 Jun 10 7:00 AM","26.911537346938"
"Year 1 Jun 10 8:00 AM","43.1321591514829"
"Year 1 Jun 10 9:00 AM","57.8740780221481"
"Year 1 Jun 10 10:00 AM","69.4756590485299"
"Year 1 Jun 10 11:00 AM","77.7643219543934"
"Year 1 Jun 10 12:00 PM","83.0716558819612"
"Year 1 Jun 10 1:00 PM","85.9319266538191"
"Year 1 Jun 10 2:00 PM","82.3995753016869"
"Year 1 Jun 10 3:00 PM","77.1703843813039"
"Year 1 Jun 10 4:00 PM","46.299086927131"
"Year 1 Jun 10 5:00 PM","51.4472140246478"
"Year 1 Jun 10 6:00 PM","40.0704667582274"
"Year 1 Jun 10 7:00 PM","17.8942606255029"
"Year 1 Jun 10 8:00 PM","4.11639904695709"
"Year 1 Jun 10 9:00 PM","0"
"Year 1 Jun 10 10:00 PM","0"
"Year 1 Jun 10 11:00 PM","0"
"Year 1 Jun 11 12:00 AM","0"
"Year 1 Jun 11 1:00 AM","0"
"Year 1 Jun 11 2:00 AM","0"
"Year 1 Jun 11 3:00 AM","0"
"Year 1 Jun 11 4:00 AM","0"
"Year 1 Jun 11 5:00 AM","16.2791402981335"
"Year 1 Jun 11 6:00 AM","42.3824657615806"
"Year 1 Jun 11 7:00 AM","51.3508360437374"
"Year 1 Jun 11 8:00 AM","46.4196697558172"
"Year 1 Jun 11 9:00 AM","47.4061028129616"
"Year 1 Jun 11 10:00 AM","47.6716789192533"
"Year 1 Jun 11 11:00 AM","44.7432655454242"
"Year 1 Jun 11 12:00 PM","42.3433241354669"
"Year 1 Jun 11 1:00 PM","48.8535943218062"
"Year 1 Jun 11 2:00 PM","74.3001941907748"
"Year 1 Jun 11 3:00 PM","73.7048269249463"
"Year 1 Jun 11 4:00 PM","59.7938866617148"
"Year 1 Jun 11 5:00 PM","53.9702839820383"
"Year 1 Jun 11 6:00 PM","47.7635837005433"
"Year 1 Jun 11 7:00 PM","26.3228165249039"
"Year 1 Jun 11 8:00 PM","3.34373958286687"
"Year 1 Jun 11 9:00 PM","0"
"Year 1 Jun 11 10:00 PM","0"
"Year 1 Jun 11 11:00 PM","0"
"Year 1 Jun 12 12:00 AM","0"
"Year 1 Jun 12 1:00 AM","0"
"Year 1 Jun 12 2:00 AM","0"
"Year 1 Jun 12 3:00 AM","0"
"Year 1 Jun 12 4:00 AM","0"
"Year 1 Jun 12 5:00 AM","23.3145569105643"
"Year 1 Jun 12 6:00 AM","44.4076723935808"
"Year 1 Jun 12 7:00 AM","39.1093109212833"
"Year 1 Jun 12 8:00 AM","30.7356120721073"
"Year 1 Jun 12 9:00 AM","34.4511167785135"
"Year 1 Jun 12 10:00 AM","46.4874266673982"
"Year 1 Jun 12 11:00 AM","59.9794009385787"
"Year 1 Jun 12 12:00 PM","60.4459290325233"
"Year 1 Jun 12 1:00 PM","58.6295863620087"
"Year 1 Jun 12 2:00 PM","59.1319134774426"
"Year 1 Jun 12 3:00 PM","53.0163983801181"
"Year 1 Jun 12 4:00 PM","48.5805784261983"
"Year 1 Jun 12 5:00 PM","48.7519004263216"
"Year 1 Jun 12 6:00 PM","41.5013987677803"
"Year 1 Jun 12 7:00 PM","35.5938979135705"
"Year 1 Jun 12 8:00 PM","4.61807402473976"
"Year 1 Jun 12 9:00 PM","0"
"Year 1 Jun 12 10:00 PM","0"
"Year 1 Jun 12 11:00 PM","0"
"Year 1 Jun 13 12:00 AM","0"
"Year 1 Jun 13 1:00 AM","0"
"Year 1 Jun 13 2:00 AM","0"
"Year 1 Jun 13 3:00 AM","0"
"Year 1 Jun 13 4:00 AM","0"
"Year 1 Jun 13 5:00 AM","11.1831505165828"
"Year 1 Jun 13 6:00 AM","37.1990442469631"
"Year 1 Jun 13 7:00 AM","50.8389748066893"
"Year 1 Jun 13 8:00 AM","41.1996283133732"
"Year 1 Jun 13 9:00 AM","49.8205528980853"
"Year 1 Jun 13 10:00 AM","62.4412884917402"
"Year 1 Jun 13 11:00 AM","62.7644779349166"
"Year 1 Jun 13 12:00 PM","68.8809028877421"
"Year 1 Jun 13 1:00 PM","75.1493414542906"
"Year 1 Jun 13 2:00 PM","64.9761502618792"
"Year 1 Jun 13 3:00 PM","58.2095338013198"
"Year 1 Jun 13 4:00 PM","57.8408966371318"
"Year 1 Jun 13 5:00 PM","56.6803536251134"
"Year 1 Jun 13 6:00 PM","49.6673988221867"
"Year 1 Jun 13 7:00 PM","41.9158590425773"
"Year 1 Jun 13 8:00 PM","7.21688632187608"
"Year 1 Jun 13 9:00 PM","0"
"Year 1 Jun 13 10:00 PM","0"
"Year 1 Jun 13 11:00 PM","0"
"Year 1 Jun 14 12:00 AM","0"
"Year 1 Jun 14 1:00 AM","0"
"Year 1 Jun 14 2:00 AM","0"
"Year 1 Jun 14 3:00 AM","0"
"Year 1 Jun 14 4:00 AM","0"
"Year 1 Jun 14 5:00 AM","13.9835850025728"
"Year 1 Jun 14 6:00 AM","37.7056004828561"
"Year 1 Jun 14 7:00 AM","50.9647481221364"
"Year 1 Jun 14 8:00 AM","56.0988595363114"
"Year 1 Jun 14 9:00 AM","64.6987564492312"
"Year 1 Jun 14 10:00 AM","66.7789297799534"
"Year 1 Jun 14 11:00 AM","70.3230209929381"
"Year 1 Jun 14 12:00 PM","66.1398828790054"
"Year 1 Jun 14 1:00 PM","64.8095556358381"
"Year 1 Jun 14 2:00 PM","60.7224174581813"
"Year 1 Jun 14 3:00 PM","57.6773077865324"
"Year 1 Jun 14 4:00 PM","56.0053439052674"
"Year 1 Jun 14 5:00 PM","53.3849833518239"
"Year 1 Jun 14 6:00 PM","52.0092890510045"
"Year 1 Jun 14 7:00 PM","29.7408503357386"
"Year 1 Jun 14 8:00 PM","4.63848423910741"
"Year 1 Jun 14 9:00 PM","0"
"Year 1 Jun 14 10:00 PM","0"
"Year 1 Jun 14 11:00 PM","0"
"Year 1 Jun 15 12:00 AM","0"
"Year 1 Jun 15 1:00 AM","0"
"Year 1 Jun 15 2:00 AM","0"
"Year 1 Jun 15 3:00 AM","0"
"Year 1 Jun 15 4:00 AM","0"
"Year 1 Jun 15 5:00 AM","18.7869210275486"
"Year 1 Jun 15 6:00 AM","47.0591019086928"
"Year 1 Jun 15 7:00 AM","46.3883900526486"
"Year 1 Jun 15 8:00 AM","39.6501267689923"
"Year 1 Jun 15 9:00 AM","37.7807255380272"
"Year 1 Jun 15 10:00 AM","37.1189766164881"
"Year 1 Jun 15 11:00 AM","34.7272385763631"
"Year 1 Jun 15 12:00 PM","33.1362257689974"
"Year 1 Jun 15 1:00 PM","33.9289976750274"
"Year 1 Jun 15 2:00 PM","35.9333214880366"
"Year 1 Jun 15 3:00 PM","37.5884807492312"
"Year 1 Jun 15 4:00 PM","37.9568717528591"
"Year 1 Jun 15 5:00 PM","44.9445162700283"
"Year 1 Jun 15 6:00 PM","45.3320877689816"
"Year 1 Jun 15 7:00 PM","33.0230051744125"
"Year 1 Jun 15 8:00 PM","4.37959517104689"
"Year 1 Jun 15 9:00 PM","0"
"Year 1 Jun 15 10:00 PM","0"
"Year 1 Jun 15 11:00 PM","0"
"Year 1 Jun 16 12:00 AM","0"
"Year 1 Jun 16 1:00 AM","0"
"Year 1 Jun 16 2:00 AM","0"
"Year 1 Jun 16 3:00 AM","0"
"Year 1 Jun 16 4:00 AM","0"
"Year 1 Jun 16 5:00 AM","18.6771945076019"
"Year 1 Jun 16 6:00 AM","44.1823152671843"
"Year 1 Jun 16 7:00 AM","50.7803598157477"
"Year 1 Jun 16 8:00 AM","46.4116604190717"
"Year 1 Jun 16 9:00 AM","54.2916765203694"
"Year 1 Jun 16 10:00 AM","51.9525576641586"
"Year 1 Jun 16 11:00 AM","45.9227093355902"
"Year 1 Jun 16 12:00 PM","45.5904985309676"
"Year 1 Jun 16 1:00 PM","45.9693199798932"
"Year 1 Jun 16 2:00 PM","48.4048685215988"
"Year 1 Jun 16 3:00 PM","53.6342939884692"
"Year 1 Jun 16 4:00 PM","51.7173499147509"
"Year 1 Jun 16 5:00 PM","53.0013069610725"
"Year 1 Jun 16 6:00 PM","45.2185089561418"
"Year 1 Jun 16 7:00 PM","22.6700915811024"
"Year 1 Jun 16 8:00 PM","4.11957403107874"
"Year 1 Jun 16 9:00 PM","0"
"Year 1 Jun 16 10:00 PM","0"
"Year 1 Jun 16 11:00 PM","0"
"Year 1 Jun 17 12:00 AM","0"
"Year 1 Jun 17 1:00 AM","0"
"Year 1 Jun 17 2:00 AM","0"
"Year 1 Jun 17 3:00 AM","0"
"Year 1 Jun 17 4:00 AM","0"
"Year 1 Jun 17 5:00 AM","15.0255240427624"
"Year 1 Jun 17 6:00 AM","21.6766782903892"
"Year 1 Jun 17 7:00 AM","39.2524612654724"
"Year 1 Jun 17 8:00 AM","40.9730075746334"
"Year 1 Jun 17 9:00 AM","54.3585874264314"
"Year 1 Jun 17 10:00 AM","76.403891414414"
"Year 1 Jun 17 11:00 AM","66.295709830603"
"Year 1 Jun 17 12:00 PM","49.2771355617529"
"Year 1 Jun 17 1:00 PM","43.9842537504263"
"Year 1 Jun 17 2:00 PM","56.901361750505"
"Year 1 Jun 17 3:00 PM","52.6726576328507"
"Year 1 Jun 17 4:00 PM","53.3518642992564"
"Year 1 Jun 17 5:00 PM","29.4732006548074"
"Year 1 Jun 17 6:00 PM","48.5808948485357"
"Year 1 Jun 17 7:00 PM","35.4946224430283"
"Year 1 Jun 17 8:00 PM","4.62039927731168"
"Year 1 Jun 17 9:00 PM","0"
"Year 1 Jun 17 10:00 PM","0"
"Year 1 Jun 17 11:00 PM","0"
"Year 1 Jun 18 12:00 AM","0"
"Year 1 Jun 18 1:00 AM","0"
"Year 1 Jun 18 2:00 AM","0"
"Year 1 Jun 18 3:00 AM","0"
"Year 1 Jun 18 4:00 AM","0"
"Year 1 Jun 18 5:00 AM","6.84655187159493"
"Year 1 Jun 18 6:00 AM","24.7284730585069"
"Year 1 Jun 18 7:00 AM","49.8837791989336"
"Year 1 Jun 18 8:00 AM","43.5404184069746"
"Year 1 Jun 18 9:00 AM","46.8343768891262"
"Year 1 Jun 18 10:00 AM","63.5625295611022"
"Year 1 Jun 18 11:00 AM","51.8214727218559"
"Year 1 Jun 18 12:00 PM","61.4267757291017"
"Year 1 Jun 18 1:00 PM","79.2590065495903"
"Year 1 Jun 18 2:00 PM","80.5268596351158"
"Year 1 Jun 18 3:00 PM","67.5923129933062"
"Year 1 Jun 18 4:00 PM","58.1617265409402"
"Year 1 Jun 18 5:00 PM","56.2725239952402"
"Year 1 Jun 18 6:00 PM","29.9491446737322"
"Year 1 Jun 18 7:00 PM","23.5686887327278"
"Year 1 Jun 18 8:00 PM","5.18370663613138"
"Year 1 Jun 18 9:00 PM","0"
"Year 1 Jun 18 10:00 PM","0"
"Year 1 Jun 18 11:00 PM","0"
"Year 1 Jun 19 12:00 AM","0"
"Year 1 Jun 19 1:00 AM","0"
"Year 1 Jun 19 2:00 AM","0"
"Year 1 Jun 19 3:00 AM","0"
"Year 1 Jun 19 4:00 AM","0"
"Year 1 Jun 19 5:00 AM","7.48254860301264"
"Year 1 Jun 19 6:00 AM","24.2033736417189"
"Year 1 Jun 19 7:00 AM","47.9493798231728"
"Year 1 Jun 19 8:00 AM","48.5511044683927"
"Year 1 Jun 19 9:00 AM","51.202277756989"
"Year 1 Jun 19 10:00 AM","64.3572732826258"
"Year 1 Jun 19 11:00 AM","65.7046918765565"
"Year 1 Jun 19 12:00 PM","80.6376059071326"
"Year 1 Jun 19 1:00 PM","72.8390010322667"
"Year 1 Jun 19 2:00 PM","64.0601791915226"
"Year 1 Jun 19 3:00 PM","64.7641602741938"
"Year 1 Jun 19 4:00 PM","58.9596816136546"
"Year 1 Jun 19 5:00 PM","47.6355284612209"
"Year 1 Jun 19 6:00 PM","44.7606173752556"
"Year 1 Jun 19 7:00 PM","28.9197930745428"
"Year 1 Jun 19 8:00 PM","4.13480995267413"
"Year 1 Jun 19 9:00 PM","0"
"Year 1 Jun 19 10:00 PM","0"
"Year 1 Jun 19 11:00 PM","0"
"Year 1 Jun 20 12:00 AM","0"
"Year 1 Jun 20 1:00 AM","0"
"Year 1 Jun 20 2:00 AM","0"
"Year 1 Jun 20 3:00 AM","0"
"Year 1 Jun 20 4:00 AM","0"
"Year 1 Jun 20 5:00 AM","8.63620535091753"
"Year 1 Jun 20 6:00 AM","28.6323371307209"
"Year 1 Jun 20 7:00 AM","53.46983338196"
"Year 1 Jun 20 8:00 AM","55.2848335446909"
"Year 1 Jun 20 9:00 AM","61.0950440059358"
"Year 1 Jun 20 10:00 AM","66.5188869739685"
"Year 1 Jun 20 11:00 AM","69.2865213527484"
"Year 1 Jun 20 12:00 PM","57.2434282617547"
"Year 1 Jun 20 1:00 PM","54.7891112156869"
"Year 1 Jun 20 2:00 PM","57.051319301476"
"Year 1 Jun 20 3:00 PM","53.6883665877206"
"Year 1 Jun 20 4:00 PM","57.6232232698334"
"Year 1 Jun 20 5:00 PM","52.4921923004345"
"Year 1 Jun 20 6:00 PM","41.1059857255297"
"Year 1 Jun 20 7:00 PM","17.7561424909251"
"Year 1 Jun 20 8:00 PM","3.14341458848795"
"Year 1 Jun 20 9:00 PM","0"
"Year 1 Jun 20 10:00 PM","0"
"Year 1 Jun 20 11:00 PM","0"
"Year 1 Jun 21 12:00 AM","0"
"Year 1 Jun 21 1:00 AM","0"
"Year 1 Jun 21 2:00 AM","0"
"Year 1 Jun 21 3:00 AM","0"
"Year 1 Jun 21 4:00 AM","0"
"Year 1 Jun 21 5:00 AM","18.3804931693815"
"Year 1 Jun 21 6:00 AM","45.9352630098671"
"Year 1 Jun 21 7:00 AM","46.7176814335568"
"Year 1 Jun 21 8:00 AM","40.4258730540928"
"Year 1 Jun 21 9:00 AM","38.2189633451454"
"Year 1 Jun 21 10:00 AM","37.2686670455776"
"Year 1 Jun 21 11:00 AM","33.9449109350359"
"Year 1 Jun 21 12:00 PM","32.7109793050437"
"Year 1 Jun 21 1:00 PM","33.492347294196"
"Year 1 Jun 21 2:00 PM","39.6690680614157"
"Year 1 Jun 21 3:00 PM","44.9615538617075"
"Year 1 Jun 21 4:00 PM","42.6831852475846"
"Year 1 Jun 21 5:00 PM","43.1878267876428"
"Year 1 Jun 21 6:00 PM","47.4471384293732"
"Year 1 Jun 21 7:00 PM","38.7731515543582"
"Year 1 Jun 21 8:00 PM","7.43032851210073"
"Year 1 Jun 21 9:00 PM","0"
"Year 1 Jun 21 10:00 PM","0"
"Year 1 Jun 21 11:00 PM","0"
"Year 1 Jun 22 12:00 AM","0"
"Year 1 Jun 22 1:00 AM","0"
"Year 1 Jun 22 2:00 AM","0"
"Year 1 Jun 22 3:00 AM","0"
"Year 1 Jun 22 4:00 AM","0"
"Year 1 Jun 22 5:00 AM","23.4031240436205"
"Year 1 Jun 22 6:00 AM","48.8195188733032"
"Year 1 Jun 22 7:00 AM","50.1319435127255"
"Year 1 Jun 22 8:00 AM","48.1222004602131"
"Year 1 Jun 22 9:00 AM","51.4709285785151"
"Year 1 Jun 22 10:00 AM","45.0037506111833"
"Year 1 Jun 22 11:00 AM","30.6339500361285"
"Year 1 Jun 22 12:00 PM","24.8048701660547"
"Year 1 Jun 22 1:00 PM","29.0508297670468"
"Year 1 Jun 22 2:00 PM","29.259411477073"
"Year 1 Jun 22 3:00 PM","40.4046885970649"
"Year 1 Jun 22 4:00 PM","39.5812183398678"
"Year 1 Jun 22 5:00 PM","44.0088088913986"
"Year 1 Jun 22 6:00 PM","46.2026525156203"
"Year 1 Jun 22 7:00 PM","43.8132001177869"
"Year 1 Jun 22 8:00 PM","8.35780345383868"
"Year 1 Jun 22 9:00 PM","0"
"Year 1 Jun 22 10:00 PM","0"
"Year 1 Jun 22 11:00 PM","0"
"Year 1 Jun 23 12:00 AM","0"
"Year 1 Jun 23 1:00 AM","0"
"Year 1 Jun 23 2:00 AM","0"
"Year 1 Jun 23 3:00 AM","0"
"Year 1 Jun 23 4:00 AM","0"
"Year 1 Jun 23 5:00 AM","4.18749783095003"
"Year 1 Jun 23 6:00 AM","13.8564669873994"
"Year 1 Jun 23 7:00 AM","30.515611170059"
"Year 1 Jun 23 8:00 AM","38.1653994399552"
"Year 1 Jun 23 9:00 AM","52.9780557878251"
"Year 1 Jun 23 10:00 AM","62.4572794076093"
"Year 1 Jun 23 11:00 AM","46.9360487385831"
"Year 1 Jun 23 12:00 PM","39.0521627469844"
"Year 1 Jun 23 1:00 PM","46.0400092250282"
"Year 1 Jun 23 2:00 PM","61.6623531035711"
"Year 1 Jun 23 3:00 PM","61.2288237360234"
"Year 1 Jun 23 4:00 PM","62.2319731227051"
"Year 1 Jun 23 5:00 PM","50.8942890123034"
"Year 1 Jun 23 6:00 PM","33.2049891689659"
"Year 1 Jun 23 7:00 PM","18.157383120723"
"Year 1 Jun 23 8:00 PM","2.97188963602206"
"Year 1 Jun 23 9:00 PM","0"
"Year 1 Jun 23 10:00 PM","0"
"Year 1 Jun 23 11:00 PM","0"
"Year 1 Jun 24 12:00 AM","0"
"Year 1 Jun 24 1:00 AM","0"
"Year 1 Jun 24 2:00 AM","0"
"Year 1 Jun 24 3:00 AM","0"
"Year 1 Jun 24 4:00 AM","0"
"Year 1 Jun 24 5:00 AM","22.0511402778919"
"Year 1 Jun 24 6:00 AM","43.6675373432688"
"Year 1 Jun 24 7:00 AM","36.772984260174"
"Year 1 Jun 24 8:00 AM","29.2365329054173"
"Year 1 Jun 24 9:00 AM","27.6989386362458"
"Year 1 Jun 24 10:00 AM","28.3313904178156"
"Year 1 Jun 24 11:00 AM","27.4263623187829"
"Year 1 Jun 24 12:00 PM","36.9514282752098"
"Year 1 Jun 24 1:00 PM","24.0379491299605"
"Year 1 Jun 24 2:00 PM","26.6599244686548"
"Year 1 Jun 24 3:00 PM","28.652886882642"
"Year 1 Jun 24 4:00 PM","27.0484764537408"
"Year 1 Jun 24 5:00 PM","31.9520523719362"
"Year 1 Jun 24 6:00 PM","38.862524923607"
"Year 1 Jun 24 7:00 PM","43.8295575579484"
"Year 1 Jun 24 8:00 PM","8.46732516050493"
"Year 1 Jun 24 9:00 PM","0"
"Year 1 Jun 24 10:00 PM","0"
"Year 1 Jun 24 11:00 PM","0"
"Year 1 Jun 25 12:00 AM","0"
"Year 1 Jun 25 1:00 AM","0"
"Year 1 Jun 25 2:00 AM","0"
"Year 1 Jun 25 3:00 AM","0"
"Year 1 Jun 25 4:00 AM","0"
"Year 1 Jun 25 5:00 AM","22.938074955331"
"Year 1 Jun 25 6:00 AM","44.1458557819933"
"Year 1 Jun 25 7:00 AM","38.1624937912552"
"Year 1 Jun 25 8:00 AM","31.0533665202802"
"Year 1 Jun 25 9:00 AM","28.7676215292231"
"Year 1 Jun 25 10:00 AM","29.0059116701214"
"Year 1 Jun 25 11:00 AM","30.733157661875"
"Year 1 Jun 25 12:00 PM","31.4624395634005"
"Year 1 Jun 25 1:00 PM","31.3216192801885"
"Year 1 Jun 25 2:00 PM","30.2697766660786"
"Year 1 Jun 25 3:00 PM","29.7861674958414"
"Year 1 Jun 25 4:00 PM","27.6639390854778"
"Year 1 Jun 25 5:00 PM","32.9421522424333"
"Year 1 Jun 25 6:00 PM","40.0969643973279"
"Year 1 Jun 25 7:00 PM","43.7903731931681"
"Year 1 Jun 25 8:00 PM","8.56063245081435"
"Year 1 Jun 25 9:00 PM","0"
"Year 1 Jun 25 10:00 PM","0"
"Year 1 Jun 25 11:00 PM","0"
"Year 1 Jun 26 12:00 AM","0"
"Year 1 Jun 26 1:00 AM","0"
"Year 1 Jun 26 2:00 AM","0"
"Year 1 Jun 26 3:00 AM","0"
"Year 1 Jun 26 4:00 AM","0"
"Year 1 Jun 26 5:00 AM","23.2324953245964"
"Year 1 Jun 26 6:00 AM","45.6075172403169"
"Year 1 Jun 26 7:00 AM","46.0419605844062"
"Year 1 Jun 26 8:00 AM","38.5821322663484"
"Year 1 Jun 26 9:00 AM","26.1473828402586"
"Year 1 Jun 26 10:00 AM","26.3131871838568"
"Year 1 Jun 26 11:00 AM","24.4162334066445"
"Year 1 Jun 26 12:00 PM","29.3760218292094"
"Year 1 Jun 26 1:00 PM","30.9936838321267"
"Year 1 Jun 26 2:00 PM","29.7222381006034"
"Year 1 Jun 26 3:00 PM","25.0432845169389"
"Year 1 Jun 26 4:00 PM","30.8591537752865"
"Year 1 Jun 26 5:00 PM","40.3893615544264"
"Year 1 Jun 26 6:00 PM","44.5981584761463"
"Year 1 Jun 26 7:00 PM","35.9529167530461"
"Year 1 Jun 26 8:00 PM","5.22006480122082"
"Year 1 Jun 26 9:00 PM","0"
"Year 1 Jun 26 10:00 PM","0"
"Year 1 Jun 26 11:00 PM","0"
"Year 1 Jun 27 12:00 AM","0"
"Year 1 Jun 27 1:00 AM","0"
"Year 1 Jun 27 2:00 AM","0"
"Year 1 Jun 27 3:00 AM","0"
"Year 1 Jun 27 4:00 AM","0"
"Year 1 Jun 27 5:00 AM","9.74947332851171"
"Year 1 Jun 27 6:00 AM","34.2595011754728"
"Year 1 Jun 27 7:00 AM","56.2769147765998"
"Year 1 Jun 27 8:00 AM","50.0819466945535"
"Year 1 Jun 27 9:00 AM","62.3188870230505"
"Year 1 Jun 27 10:00 AM","70.3143688679467"
"Year 1 Jun 27 11:00 AM","78.7894047455047"
"Year 1 Jun 27 12:00 PM","72.3953352879933"
"Year 1 Jun 27 1:00 PM","58.1089710291381"
"Year 1 Jun 27 2:00 PM","66.5654694316322"
"Year 1 Jun 27 3:00 PM","64.6186154304417"
"Year 1 Jun 27 4:00 PM","59.2380565759968"
"Year 1 Jun 27 5:00 PM","56.6582495832247"
"Year 1 Jun 27 6:00 PM","49.185060692515"
"Year 1 Jun 27 7:00 PM","33.7333243559167"
"Year 1 Jun 27 8:00 PM","5.78291925103139"
"Year 1 Jun 27 9:00 PM","0"
"Year 1 Jun 27 10:00 PM","0"
"Year 1 Jun 27 11:00 PM","0"
"Year 1 Jun 28 12:00 AM","0"
"Year 1 Jun 28 1:00 AM","0"
"Year 1 Jun 28 2:00 AM","0"
"Year 1 Jun 28 3:00 AM","0"
"Year 1 Jun 28 4:00 AM","0"
"Year 1 Jun 28 5:00 AM","18.6269404291466"
"Year 1 Jun 28 6:00 AM","41.1254919225736"
"Year 1 Jun 28 7:00 AM","35.1445194347268"
"Year 1 Jun 28 8:00 AM","29.6235003147744"
"Year 1 Jun 28 9:00 AM","28.7521858929801"
"Year 1 Jun 28 10:00 AM","37.1129550504512"
"Year 1 Jun 28 11:00 AM","42.2186777011439"
"Year 1 Jun 28 12:00 PM","52.2753173574565"
"Year 1 Jun 28 1:00 PM","45.275439010321"
"Year 1 Jun 28 2:00 PM","49.951387287222"
"Year 1 Jun 28 3:00 PM","57.5722181348556"
"Year 1 Jun 28 4:00 PM","41.3557881527169"
"Year 1 Jun 28 5:00 PM","47.5900760486668"
"Year 1 Jun 28 6:00 PM","52.1234012091776"
"Year 1 Jun 28 7:00 PM","31.6433878218787"
"Year 1 Jun 28 8:00 PM","3.3918263981876"
"Year 1 Jun 28 9:00 PM","0"
"Year 1 Jun 28 10:00 PM","0"
"Year 1 Jun 28 11:00 PM","0"
"Year 1 Jun 29 12:00 AM","0"
"Year 1 Jun 29 1:00 AM","0"
"Year 1 Jun 29 2:00 AM","0"
"Year 1 Jun 29 3:00 AM","0"
"Year 1 Jun 29 4:00 AM","0"
"Year 1 Jun 29 5:00 AM","1.97299285590554"
"Year 1 Jun 29 6:00 AM","9.13519366421223"
"Year 1 Jun 29 7:00 AM","31.7363488124839"
"Year 1 Jun 29 8:00 AM","49.1487459949453"
"Year 1 Jun 29 9:00 AM","60.1053776142456"
"Year 1 Jun 29 10:00 AM","64.5099706272417"
"Year 1 Jun 29 11:00 AM","73.3885809413409"
"Year 1 Jun 29 12:00 PM","52.8427930571949"
"Year 1 Jun 29 1:00 PM","43.4854790030403"
"Year 1 Jun 29 2:00 PM","48.910430385823"
"Year 1 Jun 29 3:00 PM","48.6015553361941"
"Year 1 Jun 29 4:00 PM","53.9366776229973"
"Year 1 Jun 29 5:00 PM","44.4979497415774"
"Year 1 Jun 29 6:00 PM","27.0865711681405"
"Year 1 Jun 29 7:00 PM","12.694377490962"
"Year 1 Jun 29 8:00 PM","3.10673548171096"
"Year 1 Jun 29 9:00 PM","0"
"Year 1 Jun 29 10:00 PM","0"
"Year 1 Jun 29 11:00 PM","0"
"Year 1 Jun 30 12:00 AM","0"
"Year 1 Jun 30 1:00 AM","0"
"Year 1 Jun 30 2:00 AM","0"
"Year 1 Jun 30 3:00 AM","0"
"Year 1 Jun 30 4:00 AM","0"
"Year 1 Jun 30 5:00 AM","18.7155924445248"
"Year 1 Jun 30 6:00 AM","45.5676047241122"
"Year 1 Jun 30 7:00 AM","43.2910388296126"
"Year 1 Jun 30 8:00 AM","34.9918220116613"
"Year 1 Jun 30 9:00 AM","33.3247092274147"
"Year 1 Jun 30 10:00 AM","36.2474540788511"
"Year 1 Jun 30 11:00 AM","46.8326895798605"
"Year 1 Jun 30 12:00 PM","37.5834482615677"
"Year 1 Jun 30 1:00 PM","50.4433236933238"
"Year 1 Jun 30 2:00 PM","60.1657488660961"
"Year 1 Jun 30 3:00 PM","58.4308090455029"
"Year 1 Jun 30 4:00 PM","36.6950199525456"
"Year 1 Jun 30 5:00 PM","45.8264914019521"
"Year 1 Jun 30 6:00 PM","23.4034259607478"
"Year 1 Jun 30 7:00 PM","10.3970780084341"
"Year 1 Jun 30 8:00 PM","2.13110292934204"
"Year 1 Jun 30 9:00 PM","0"
"Year 1 Jun 30 10:00 PM","0"
"Year 1 Jun 30 11:00 PM","0"
"Year 1 Jul 01 12:00 AM","0"
"Year 1 Jul 01 1:00 AM","0"
"Year 1 Jul 01 2:00 AM","0"
"Year 1 Jul 01 3:00 AM","0"
"Year 1 Jul 01 4:00 AM","0"
"Year 1 Jul 01 5:00 AM","4.24336064966369"
"Year 1 Jul 01 6:00 AM","17.1212845478272"
"Year 1 Jul 01 7:00 AM","41.9780049947703"
"Year 1 Jul 01 8:00 AM","52.0965977142876"
"Year 1 Jul 01 9:00 AM","66.0522225284051"
"Year 1 Jul 01 10:00 AM","78.9309127081168"
"Year 1 Jul 01 11:00 AM","90.4405485818868"
"Year 1 Jul 01 12:00 PM","93.023653384023"
"Year 1 Jul 01 1:00 PM","95.4546398473706"
"Year 1 Jul 01 2:00 PM","88.2633927989635"
"Year 1 Jul 01 3:00 PM","76.6469050313009"
"Year 1 Jul 01 4:00 PM","42.5404451738621"
"Year 1 Jul 01 5:00 PM","33.3663965408298"
"Year 1 Jul 01 6:00 PM","30.7607230412362"
"Year 1 Jul 01 7:00 PM","21.7822816444609"
"Year 1 Jul 01 8:00 PM","5.53872275259882"
"Year 1 Jul 01 9:00 PM","0"
"Year 1 Jul 01 10:00 PM","0"
"Year 1 Jul 01 11:00 PM","0"
"Year 1 Jul 02 12:00 AM","0"
"Year 1 Jul 02 1:00 AM","0"
"Year 1 Jul 02 2:00 AM","0"
"Year 1 Jul 02 3:00 AM","0"
"Year 1 Jul 02 4:00 AM","0"
"Year 1 Jul 02 5:00 AM","11.6421365250462"
"Year 1 Jul 02 6:00 AM","29.0224010816957"
"Year 1 Jul 02 7:00 AM","43.2822777469038"
"Year 1 Jul 02 8:00 AM","55.6627456332705"
"Year 1 Jul 02 9:00 AM","69.991738161776"
"Year 1 Jul 02 10:00 AM","77.8709355291871"
"Year 1 Jul 02 11:00 AM","68.4658900265921"
"Year 1 Jul 02 12:00 PM","54.9127811249349"
"Year 1 Jul 02 1:00 PM","53.6904576280244"
"Year 1 Jul 02 2:00 PM","49.6645171706434"
"Year 1 Jul 02 3:00 PM","58.3121651430393"
"Year 1 Jul 02 4:00 PM","48.4943806270053"
"Year 1 Jul 02 5:00 PM","50.8771454698441"
"Year 1 Jul 02 6:00 PM","46.4324332462717"
"Year 1 Jul 02 7:00 PM","49.9780447252785"
"Year 1 Jul 02 8:00 PM","7.6329972251767"
"Year 1 Jul 02 9:00 PM","0"
"Year 1 Jul 02 10:00 PM","0"
"Year 1 Jul 02 11:00 PM","0"
"Year 1 Jul 03 12:00 AM","0"
"Year 1 Jul 03 1:00 AM","0"
"Year 1 Jul 03 2:00 AM","0"
"Year 1 Jul 03 3:00 AM","0"
"Year 1 Jul 03 4:00 AM","0"
"Year 1 Jul 03 5:00 AM","17.8397942886165"
"Year 1 Jul 03 6:00 AM","43.777889828116"
"Year 1 Jul 03 7:00 AM","48.3910108784012"
"Year 1 Jul 03 8:00 AM","42.07144007393"
"Year 1 Jul 03 9:00 AM","40.9879204399996"
"Year 1 Jul 03 10:00 AM","39.8856821121537"
"Year 1 Jul 03 11:00 AM","37.4317475129546"
"Year 1 Jul 03 12:00 PM","35.5025651206523"
"Year 1 Jul 03 1:00 PM","39.0445880453002"
"Year 1 Jul 03 2:00 PM","50.4553566046563"
"Year 1 Jul 03 3:00 PM","43.5646973841172"
"Year 1 Jul 03 4:00 PM","44.5864610839426"
"Year 1 Jul 03 5:00 PM","45.5444355061682"
"Year 1 Jul 03 6:00 PM","47.9087492252502"
"Year 1 Jul 03 7:00 PM","38.7502618934441"
"Year 1 Jul 03 8:00 PM","6.92356643494523"
"Year 1 Jul 03 9:00 PM","0"
"Year 1 Jul 03 10:00 PM","0"
"Year 1 Jul 03 11:00 PM","0"
"Year 1 Jul 04 12:00 AM","0"
"Year 1 Jul 04 1:00 AM","0"
"Year 1 Jul 04 2:00 AM","0"
"Year 1 Jul 04 3:00 AM","0"
"Year 1 Jul 04 4:00 AM","0"
"Year 1 Jul 04 5:00 AM","19.7718983924176"
"Year 1 Jul 04 6:00 AM","48.6639233877732"
"Year 1 Jul 04 7:00 AM","50.2787633735027"
"Year 1 Jul 04 8:00 AM","54.302489222365"
"Year 1 Jul 04 9:00 AM","54.6632288865785"
"Year 1 Jul 04 10:00 AM","56.7817748136784"
"Year 1 Jul 04 11:00 AM","63.2272854110942"
"Year 1 Jul 04 12:00 PM","39.5643691280992"
"Year 1 Jul 04 1:00 PM","35.0032405764215"
"Year 1 Jul 04 2:00 PM","44.6400606931315"
"Year 1 Jul 04 3:00 PM","44.9904868691649"
"Year 1 Jul 04 4:00 PM","41.1210784095127"
"Year 1 Jul 04 5:00 PM","43.8777908733736"
"Year 1 Jul 04 6:00 PM","47.4019980614744"
"Year 1 Jul 04 7:00 PM","33.1042520669107"
"Year 1 Jul 04 8:00 PM","5.89317887406979"
"Year 1 Jul 04 9:00 PM","0"
"Year 1 Jul 04 10:00 PM","0"
"Year 1 Jul 04 11:00 PM","0"
"Year 1 Jul 05 12:00 AM","0"
"Year 1 Jul 05 1:00 AM","0"
"Year 1 Jul 05 2:00 AM","0"
"Year 1 Jul 05 3:00 AM","0"
"Year 1 Jul 05 4:00 AM","0"
"Year 1 Jul 05 5:00 AM","17.4924414511056"
"Year 1 Jul 05 6:00 AM","44.7150899512535"
"Year 1 Jul 05 7:00 AM","39.9107949669237"
"Year 1 Jul 05 8:00 AM","30.8337005781975"
"Year 1 Jul 05 9:00 AM","31.4690947778944"
"Year 1 Jul 05 10:00 AM","31.0608500146669"
"Year 1 Jul 05 11:00 AM","29.6334795916151"
"Year 1 Jul 05 12:00 PM","27.0315605696065"
"Year 1 Jul 05 1:00 PM","26.752566994075"
"Year 1 Jul 05 2:00 PM","33.0959415930085"
"Year 1 Jul 05 3:00 PM","41.4279808451685"
"Year 1 Jul 05 4:00 PM","41.6022132403983"
"Year 1 Jul 05 5:00 PM","42.8878718769306"
"Year 1 Jul 05 6:00 PM","43.1083565190434"
"Year 1 Jul 05 7:00 PM","43.3277126796741"
"Year 1 Jul 05 8:00 PM","8.08204086666288"
"Year 1 Jul 05 9:00 PM","0"
"Year 1 Jul 05 10:00 PM","0"
"Year 1 Jul 05 11:00 PM","0"
"Year 1 Jul 06 12:00 AM","0"
"Year 1 Jul 06 1:00 AM","0"
"Year 1 Jul 06 2:00 AM","0"
"Year 1 Jul 06 3:00 AM","0"
"Year 1 Jul 06 4:00 AM","0"
"Year 1 Jul 06 5:00 AM","20.8052165495344"
"Year 1 Jul 06 6:00 AM","43.8749617404509"
"Year 1 Jul 06 7:00 AM","38.5195876561364"
"Year 1 Jul 06 8:00 AM","30.4608887215968"
"Year 1 Jul 06 9:00 AM","29.2579202560078"
"Year 1 Jul 06 10:00 AM","29.0072623052714"
"Year 1 Jul 06 11:00 AM","27.6263310970301"
"Year 1 Jul 06 12:00 PM","27.1049559154393"
"Year 1 Jul 06 1:00 PM","35.2793319289464"
"Year 1 Jul 06 2:00 PM","44.2481394804826"
"Year 1 Jul 06 3:00 PM","49.141554912086"
"Year 1 Jul 06 4:00 PM","45.7011593552223"
"Year 1 Jul 06 5:00 PM","40.2515061680239"
"Year 1 Jul 06 6:00 PM","40.9408693749248"
"Year 1 Jul 06 7:00 PM","11.9992604972607"
"Year 1 Jul 06 8:00 PM","0.710786785310992"
"Year 1 Jul 06 9:00 PM","0"
"Year 1 Jul 06 10:00 PM","0"
"Year 1 Jul 06 11:00 PM","0"
"Year 1 Jul 07 12:00 AM","0"
"Year 1 Jul 07 1:00 AM","0"
"Year 1 Jul 07 2:00 AM","0"
"Year 1 Jul 07 3:00 AM","0"
"Year 1 Jul 07 4:00 AM","0"
"Year 1 Jul 07 5:00 AM","6.2051943365423"
"Year 1 Jul 07 6:00 AM","25.4276611641201"
"Year 1 Jul 07 7:00 AM","35.1337403055371"
"Year 1 Jul 07 8:00 AM","46.8215061958705"
"Year 1 Jul 07 9:00 AM","61.6115920292384"
"Year 1 Jul 07 10:00 AM","63.1230347065919"
"Year 1 Jul 07 11:00 AM","55.7694545227282"
"Year 1 Jul 07 12:00 PM","57.4461416713316"
"Year 1 Jul 07 1:00 PM","61.2934317738833"
"Year 1 Jul 07 2:00 PM","70.0124767379995"
"Year 1 Jul 07 3:00 PM","55.145080012518"
"Year 1 Jul 07 4:00 PM","42.6873474058712"
"Year 1 Jul 07 5:00 PM","25.945976580716"
"Year 1 Jul 07 6:00 PM","22.2670603521099"
"Year 1 Jul 07 7:00 PM","14.4819795862504"
"Year 1 Jul 07 8:00 PM","3.8424913674693"
"Year 1 Jul 07 9:00 PM","0"
"Year 1 Jul 07 10:00 PM","0"
"Year 1 Jul 07 11:00 PM","0"
"Year 1 Jul 08 12:00 AM","0"
"Year 1 Jul 08 1:00 AM","0"
"Year 1 Jul 08 2:00 AM","0"
"Year 1 Jul 08 3:00 AM","0"
"Year 1 Jul 08 4:00 AM","0"
"Year 1 Jul 08 5:00 AM","2.61670628065584"
"Year 1 Jul 08 6:00 AM","10.558382220747"
"Year 1 Jul 08 7:00 AM","25.6445113483657"
"Year 1 Jul 08 8:00 AM","43.3992111659541"
"Year 1 Jul 08 9:00 AM","52.3666297943512"
"Year 1 Jul 08 10:00 AM","52.2466453535848"
"Year 1 Jul 08 11:00 AM","59.574371430071"
"Year 1 Jul 08 12:00 PM","64.4634078121738"
"Year 1 Jul 08 1:00 PM","41.6226152156348"
"Year 1 Jul 08 2:00 PM","44.4542653080725"
"Year 1 Jul 08 3:00 PM","64.225392625912"
"Year 1 Jul 08 4:00 PM","44.9905404335718"
"Year 1 Jul 08 5:00 PM","47.0611118918529"
"Year 1 Jul 08 6:00 PM","37.2092302874557"
"Year 1 Jul 08 7:00 PM","11.8041086557588"
"Year 1 Jul 08 8:00 PM","1.2526843146568"
"Year 1 Jul 08 9:00 PM","0"
"Year 1 Jul 08 10:00 PM","0"
"Year 1 Jul 08 11:00 PM","0"
"Year 1 Jul 09 12:00 AM","0"
"Year 1 Jul 09 1:00 AM","0"
"Year 1 Jul 09 2:00 AM","0"
"Year 1 Jul 09 3:00 AM","0"
"Year 1 Jul 09 4:00 AM","0"
"Year 1 Jul 09 5:00 AM","7.47535375262409"
"Year 1 Jul 09 6:00 AM","16.2176109018867"
"Year 1 Jul 09 7:00 AM","27.0225793832088"
"Year 1 Jul 09 8:00 AM","42.9686984246632"
"Year 1 Jul 09 9:00 AM","61.8143841395859"
"Year 1 Jul 09 10:00 AM","84.2795562493853"
"Year 1 Jul 09 11:00 AM","87.2249088099935"
"Year 1 Jul 09 12:00 PM","70.036605735693"
"Year 1 Jul 09 1:00 PM","51.7630778244371"
"Year 1 Jul 09 2:00 PM","54.5202957372103"
"Year 1 Jul 09 3:00 PM","53.7614813594439"
"Year 1 Jul 09 4:00 PM","55.8175964691517"
"Year 1 Jul 09 5:00 PM","46.0303933460861"
"Year 1 Jul 09 6:00 PM","45.2527775128108"
"Year 1 Jul 09 7:00 PM","31.642768751807"
"Year 1 Jul 09 8:00 PM","5.22587142924879"
"Year 1 Jul 09 9:00 PM","0"
"Year 1 Jul 09 10:00 PM","0"
"Year 1 Jul 09 11:00 PM","0"
"Year 1 Jul 10 12:00 AM","0"
"Year 1 Jul 10 1:00 AM","0"
"Year 1 Jul 10 2:00 AM","0"
"Year 1 Jul 10 3:00 AM","0"
"Year 1 Jul 10 4:00 AM","0"
"Year 1 Jul 10 5:00 AM","4.85361476951814"
"Year 1 Jul 10 6:00 AM","14.26102546605"
"Year 1 Jul 10 7:00 AM","30.8457375082503"
"Year 1 Jul 10 8:00 AM","53.441974472457"
"Year 1 Jul 10 9:00 AM","62.7979469550561"
"Year 1 Jul 10 10:00 AM","77.5565216685197"
"Year 1 Jul 10 11:00 AM","76.0103732091694"
"Year 1 Jul 10 12:00 PM","67.9887514077632"
"Year 1 Jul 10 1:00 PM","83.8145830295909"
"Year 1 Jul 10 2:00 PM","83.3114633411024"
"Year 1 Jul 10 3:00 PM","55.845196708606"
"Year 1 Jul 10 4:00 PM","46.071681630282"
"Year 1 Jul 10 5:00 PM","47.9312355536742"
"Year 1 Jul 10 6:00 PM","35.7256702929658"
"Year 1 Jul 10 7:00 PM","19.6000121428637"
"Year 1 Jul 10 8:00 PM","4.49516704550205"
"Year 1 Jul 10 9:00 PM","0"
"Year 1 Jul 10 10:00 PM","0"
"Year 1 Jul 10 11:00 PM","0"
"Year 1 Jul 11 12:00 AM","0"
"Year 1 Jul 11 1:00 AM","0"
"Year 1 Jul 11 2:00 AM","0"
"Year 1 Jul 11 3:00 AM","0"
"Year 1 Jul 11 4:00 AM","0"
"Year 1 Jul 11 5:00 AM","9.2014998538162"
"Year 1 Jul 11 6:00 AM","22.6965240386448"
"Year 1 Jul 11 7:00 AM","35.9376578598521"
"Year 1 Jul 11 8:00 AM","46.3650718369558"
"Year 1 Jul 11 9:00 AM","42.9525306640354"
"Year 1 Jul 11 10:00 AM","50.8580168406936"
"Year 1 Jul 11 11:00 AM","66.3075756986754"
"Year 1 Jul 11 12:00 PM","91.3982023010332"
"Year 1 Jul 11 1:00 PM","89.6204572430988"
"Year 1 Jul 11 2:00 PM","83.4243846786973"
"Year 1 Jul 11 3:00 PM","67.7927539691674"
"Year 1 Jul 11 4:00 PM","53.1845947385726"
"Year 1 Jul 11 5:00 PM","50.4020653903127"
"Year 1 Jul 11 6:00 PM","48.1627123590015"
"Year 1 Jul 11 7:00 PM","21.4301302980782"
"Year 1 Jul 11 8:00 PM","3.89941911714032"
"Year 1 Jul 11 9:00 PM","0"
"Year 1 Jul 11 10:00 PM","0"
"Year 1 Jul 11 11:00 PM","0"
"Year 1 Jul 12 12:00 AM","0"
"Year 1 Jul 12 1:00 AM","0"
"Year 1 Jul 12 2:00 AM","0"
"Year 1 Jul 12 3:00 AM","0"
"Year 1 Jul 12 4:00 AM","0"
"Year 1 Jul 12 5:00 AM","12.6375770894872"
"Year 1 Jul 12 6:00 AM","27.0812177228673"
"Year 1 Jul 12 7:00 AM","24.175819300814"
"Year 1 Jul 12 8:00 AM","46.3058927564585"
"Year 1 Jul 12 9:00 AM","45.292444929032"
"Year 1 Jul 12 10:00 AM","78.5281883564387"
"Year 1 Jul 12 11:00 AM","69.1860718386561"
"Year 1 Jul 12 12:00 PM","72.6957374149659"
"Year 1 Jul 12 1:00 PM","70.0636637910904"
"Year 1 Jul 12 2:00 PM","68.6423496491319"
"Year 1 Jul 12 3:00 PM","62.2362587211712"
"Year 1 Jul 12 4:00 PM","39.8783328403274"
"Year 1 Jul 12 5:00 PM","49.5004614830734"
"Year 1 Jul 12 6:00 PM","45.4280620745846"
"Year 1 Jul 12 7:00 PM","34.9200522750556"
"Year 1 Jul 12 8:00 PM","5.48016568385879"
"Year 1 Jul 12 9:00 PM","0"
"Year 1 Jul 12 10:00 PM","0"
"Year 1 Jul 12 11:00 PM","0"
"Year 1 Jul 13 12:00 AM","0"
"Year 1 Jul 13 1:00 AM","0"
"Year 1 Jul 13 2:00 AM","0"
"Year 1 Jul 13 3:00 AM","0"
"Year 1 Jul 13 4:00 AM","0"
"Year 1 Jul 13 5:00 AM","10.6985708400818"
"Year 1 Jul 13 6:00 AM","34.3725583571812"
"Year 1 Jul 13 7:00 AM","43.1943205278449"
"Year 1 Jul 13 8:00 AM","37.3990643934832"
"Year 1 Jul 13 9:00 AM","37.4081999443423"
"Year 1 Jul 13 10:00 AM","38.8392098872562"
"Year 1 Jul 13 11:00 AM","36.2032162526706"
"Year 1 Jul 13 12:00 PM","33.4924672676811"
"Year 1 Jul 13 1:00 PM","39.1615829490368"
"Year 1 Jul 13 2:00 PM","42.2184365680538"
"Year 1 Jul 13 3:00 PM","41.0000375637352"
"Year 1 Jul 13 4:00 PM","38.2894714689405"
"Year 1 Jul 13 5:00 PM","38.6940250457348"
"Year 1 Jul 13 6:00 PM","43.080315810229"
"Year 1 Jul 13 7:00 PM","38.7844831213238"
"Year 1 Jul 13 8:00 PM","7.07677275223782"
"Year 1 Jul 13 9:00 PM","0"
"Year 1 Jul 13 10:00 PM","0"
"Year 1 Jul 13 11:00 PM","0"
"Year 1 Jul 14 12:00 AM","0"
"Year 1 Jul 14 1:00 AM","0"
"Year 1 Jul 14 2:00 AM","0"
"Year 1 Jul 14 3:00 AM","0"
"Year 1 Jul 14 4:00 AM","0"
"Year 1 Jul 14 5:00 AM","9.63839749946573"
"Year 1 Jul 14 6:00 AM","34.3278958058931"
"Year 1 Jul 14 7:00 AM","45.9471763260456"
"Year 1 Jul 14 8:00 AM","49.6939659887948"
"Year 1 Jul 14 9:00 AM","60.2534864162012"
"Year 1 Jul 14 10:00 AM","56.8100864196048"
"Year 1 Jul 14 11:00 AM","57.6688017744024"
"Year 1 Jul 14 12:00 PM","49.7965783028134"
"Year 1 Jul 14 1:00 PM","44.6844223065042"
"Year 1 Jul 14 2:00 PM","31.9544573114658"
"Year 1 Jul 14 3:00 PM","41.0543560323231"
"Year 1 Jul 14 4:00 PM","41.4739202882004"
"Year 1 Jul 14 5:00 PM","44.9727518597327"
"Year 1 Jul 14 6:00 PM","47.7373435798551"
"Year 1 Jul 14 7:00 PM","42.831262762631"
"Year 1 Jul 14 8:00 PM","5.43988755642374"
"Year 1 Jul 14 9:00 PM","0"
"Year 1 Jul 14 10:00 PM","0"
"Year 1 Jul 14 11:00 PM","0"
"Year 1 Jul 15 12:00 AM","0"
"Year 1 Jul 15 1:00 AM","0"
"Year 1 Jul 15 2:00 AM","0"
"Year 1 Jul 15 3:00 AM","0"
"Year 1 Jul 15 4:00 AM","0"
"Year 1 Jul 15 5:00 AM","13.8407204343904"
"Year 1 Jul 15 6:00 AM","41.3499653689315"
"Year 1 Jul 15 7:00 AM","44.6017884655184"
"Year 1 Jul 15 8:00 AM","43.7769892009493"
"Year 1 Jul 15 9:00 AM","59.9808872753449"
"Year 1 Jul 15 10:00 AM","60.6945347146425"
"Year 1 Jul 15 11:00 AM","58.7493418144141"
"Year 1 Jul 15 12:00 PM","52.6918587825532"
"Year 1 Jul 15 1:00 PM","55.2153808083507"
"Year 1 Jul 15 2:00 PM","58.6733609762681"
"Year 1 Jul 15 3:00 PM","57.3436557309689"
"Year 1 Jul 15 4:00 PM","47.6684327463852"
"Year 1 Jul 15 5:00 PM","39.7365173470451"
"Year 1 Jul 15 6:00 PM","19.1688679706791"
"Year 1 Jul 15 7:00 PM","8.65155808322656"
"Year 1 Jul 15 8:00 PM","0.911806875515583"
"Year 1 Jul 15 9:00 PM","0"
"Year 1 Jul 15 10:00 PM","0"
"Year 1 Jul 15 11:00 PM","0"
"Year 1 Jul 16 12:00 AM","0"
"Year 1 Jul 16 1:00 AM","0"
"Year 1 Jul 16 2:00 AM","0"
"Year 1 Jul 16 3:00 AM","0"
"Year 1 Jul 16 4:00 AM","0"
"Year 1 Jul 16 5:00 AM","14.2617034585897"
"Year 1 Jul 16 6:00 AM","42.0153785703857"
"Year 1 Jul 16 7:00 AM","39.8394898845798"
"Year 1 Jul 16 8:00 AM","31.3301527507701"
"Year 1 Jul 16 9:00 AM","32.2943941723483"
"Year 1 Jul 16 10:00 AM","34.2729016812609"
"Year 1 Jul 16 11:00 AM","30.7412706270434"
"Year 1 Jul 16 12:00 PM","30.9519539212224"
"Year 1 Jul 16 1:00 PM","38.6444969993577"
"Year 1 Jul 16 2:00 PM","46.6959784627722"
"Year 1 Jul 16 3:00 PM","47.6454166914615"
"Year 1 Jul 16 4:00 PM","35.2012388457563"
"Year 1 Jul 16 5:00 PM","34.6335065389384"
"Year 1 Jul 16 6:00 PM","40.415309430284"
"Year 1 Jul 16 7:00 PM","37.9780472171122"
"Year 1 Jul 16 8:00 PM","6.65386407578281"
"Year 1 Jul 16 9:00 PM","0"
"Year 1 Jul 16 10:00 PM","0"
"Year 1 Jul 16 11:00 PM","0"
"Year 1 Jul 17 12:00 AM","0"
"Year 1 Jul 17 1:00 AM","0"
"Year 1 Jul 17 2:00 AM","0"
"Year 1 Jul 17 3:00 AM","0"
"Year 1 Jul 17 4:00 AM","0"
"Year 1 Jul 17 5:00 AM","11.4050311469258"
"Year 1 Jul 17 6:00 AM","34.8700974799183"
"Year 1 Jul 17 7:00 AM","47.2490787392158"
"Year 1 Jul 17 8:00 AM","46.5733128134958"
"Year 1 Jul 17 9:00 AM","50.15456341875"
"Year 1 Jul 17 10:00 AM","52.4988129574236"
"Year 1 Jul 17 11:00 AM","54.1066708977145"
"Year 1 Jul 17 12:00 PM","59.8029866681406"
"Year 1 Jul 17 1:00 PM","57.1048807946989"
"Year 1 Jul 17 2:00 PM","60.0376060994145"
"Year 1 Jul 17 3:00 PM","60.1987989750106"
"Year 1 Jul 17 4:00 PM","52.9051523048433"
"Year 1 Jul 17 5:00 PM","49.2796152513286"
"Year 1 Jul 17 6:00 PM","41.6571919860957"
"Year 1 Jul 17 7:00 PM","20.5241528742311"
"Year 1 Jul 17 8:00 PM","2.34269212767973"
"Year 1 Jul 17 9:00 PM","0"
"Year 1 Jul 17 10:00 PM","0"
"Year 1 Jul 17 11:00 PM","0"
"Year 1 Jul 18 12:00 AM","0"
"Year 1 Jul 18 1:00 AM","0"
"Year 1 Jul 18 2:00 AM","0"
"Year 1 Jul 18 3:00 AM","0"
"Year 1 Jul 18 4:00 AM","0"
"Year 1 Jul 18 5:00 AM","10.5457252768206"
"Year 1 Jul 18 6:00 AM","32.0374806663478"
"Year 1 Jul 18 7:00 AM","43.0395750972475"
"Year 1 Jul 18 8:00 AM","41.3228524792628"
"Year 1 Jul 18 9:00 AM","44.5283625160478"
"Year 1 Jul 18 10:00 AM","45.4856261596589"
"Year 1 Jul 18 11:00 AM","43.0893109059193"
"Year 1 Jul 18 12:00 PM","40.750179833097"
"Year 1 Jul 18 1:00 PM","41.167970475899"
"Year 1 Jul 18 2:00 PM","43.7544773934316"
"Year 1 Jul 18 3:00 PM","45.6013856444574"
"Year 1 Jul 18 4:00 PM","43.4342271427623"
"Year 1 Jul 18 5:00 PM","42.7595573824536"
"Year 1 Jul 18 6:00 PM","44.3398206138054"
"Year 1 Jul 18 7:00 PM","32.2479839764745"
"Year 1 Jul 18 8:00 PM","3.29552542512055"
"Year 1 Jul 18 9:00 PM","0"
"Year 1 Jul 18 10:00 PM","0"
"Year 1 Jul 18 11:00 PM","0"
"Year 1 Jul 19 12:00 AM","0"
"Year 1 Jul 19 1:00 AM","0"
"Year 1 Jul 19 2:00 AM","0"
"Year 1 Jul 19 3:00 AM","0"
"Year 1 Jul 19 4:00 AM","0"
"Year 1 Jul 19 5:00 AM","13.7713389288291"
"Year 1 Jul 19 6:00 AM","43.8506748786247"
"Year 1 Jul 19 7:00 AM","49.287569319604"
"Year 1 Jul 19 8:00 AM","44.1107516717579"
"Year 1 Jul 19 9:00 AM","53.5278341862937"
"Year 1 Jul 19 10:00 AM","72.2422914933183"
"Year 1 Jul 19 11:00 AM","78.1944608796047"
"Year 1 Jul 19 12:00 PM","73.0898442066461"
"Year 1 Jul 19 1:00 PM","63.7484437584337"
"Year 1 Jul 19 2:00 PM","56.7550701605572"
"Year 1 Jul 19 3:00 PM","52.8146678363331"
"Year 1 Jul 19 4:00 PM","46.5297839305324"
"Year 1 Jul 19 5:00 PM","46.7793175870223"
"Year 1 Jul 19 6:00 PM","36.4787195800119"
"Year 1 Jul 19 7:00 PM","5.39153259312739"
"Year 1 Jul 19 8:00 PM","0.251835416918231"
"Year 1 Jul 19 9:00 PM","0"
"Year 1 Jul 19 10:00 PM","0"
"Year 1 Jul 19 11:00 PM","0"
"Year 1 Jul 20 12:00 AM","0"
"Year 1 Jul 20 1:00 AM","0"
"Year 1 Jul 20 2:00 AM","0"
"Year 1 Jul 20 3:00 AM","0"
"Year 1 Jul 20 4:00 AM","0"
"Year 1 Jul 20 5:00 AM","8.92077037973111"
"Year 1 Jul 20 6:00 AM","35.0720939264008"
"Year 1 Jul 20 7:00 AM","45.1395777351329"
"Year 1 Jul 20 8:00 AM","47.484928108833"
"Year 1 Jul 20 9:00 AM","49.1667843416545"
"Year 1 Jul 20 10:00 AM","53.01412037387"
"Year 1 Jul 20 11:00 AM","52.9893177240231"
"Year 1 Jul 20 12:00 PM","51.6063199869286"
"Year 1 Jul 20 1:00 PM","45.5482097341755"
"Year 1 Jul 20 2:00 PM","49.4657348061145"
"Year 1 Jul 20 3:00 PM","49.5770723617671"
"Year 1 Jul 20 4:00 PM","48.3466316634988"
"Year 1 Jul 20 5:00 PM","45.0871705020459"
"Year 1 Jul 20 6:00 PM","43.9402392719515"
"Year 1 Jul 20 7:00 PM","29.0086501302928"
"Year 1 Jul 20 8:00 PM","0.752593593154727"
"Year 1 Jul 20 9:00 PM","0"
"Year 1 Jul 20 10:00 PM","0"
"Year 1 Jul 20 11:00 PM","0"
"Year 1 Jul 21 12:00 AM","0"
"Year 1 Jul 21 1:00 AM","0"
"Year 1 Jul 21 2:00 AM","0"
"Year 1 Jul 21 3:00 AM","0"
"Year 1 Jul 21 4:00 AM","0"
"Year 1 Jul 21 5:00 AM","10.0564437813383"
"Year 1 Jul 21 6:00 AM","38.4726286910503"
"Year 1 Jul 21 7:00 AM","30.6301397067871"
"Year 1 Jul 21 8:00 AM","25.0340440780197"
"Year 1 Jul 21 9:00 AM","25.9724306369918"
"Year 1 Jul 21 10:00 AM","32.3342108979964"
"Year 1 Jul 21 11:00 AM","27.3320861347027"
"Year 1 Jul 21 12:00 PM","31.5238078708551"
"Year 1 Jul 21 1:00 PM","31.2854012698665"
"Year 1 Jul 21 2:00 PM","30.9827588418263"
"Year 1 Jul 21 3:00 PM","54.0399654712474"
"Year 1 Jul 21 4:00 PM","54.8144127777957"
"Year 1 Jul 21 5:00 PM","27.6674190015239"
"Year 1 Jul 21 6:00 PM","22.667327968764"
"Year 1 Jul 21 7:00 PM","30.9637843149605"
"Year 1 Jul 21 8:00 PM","0.685131166414243"
"Year 1 Jul 21 9:00 PM","0"
"Year 1 Jul 21 10:00 PM","0"
"Year 1 Jul 21 11:00 PM","0"
"Year 1 Jul 22 12:00 AM","0"
"Year 1 Jul 22 1:00 AM","0"
"Year 1 Jul 22 2:00 AM","0"
"Year 1 Jul 22 3:00 AM","0"
"Year 1 Jul 22 4:00 AM","0"
"Year 1 Jul 22 5:00 AM","9.84167617074979"
"Year 1 Jul 22 6:00 AM","37.9888740941108"
"Year 1 Jul 22 7:00 AM","40.3020239723383"
"Year 1 Jul 22 8:00 AM","36.9044362528683"
"Year 1 Jul 22 9:00 AM","40.6338948951538"
"Year 1 Jul 22 10:00 AM","48.583430101728"
"Year 1 Jul 22 11:00 AM","59.0490097073294"
"Year 1 Jul 22 12:00 PM","53.0713981015851"
"Year 1 Jul 22 1:00 PM","61.3447742258559"
"Year 1 Jul 22 2:00 PM","61.7913655173"
"Year 1 Jul 22 3:00 PM","54.9703135945315"
"Year 1 Jul 22 4:00 PM","51.3818378897948"
"Year 1 Jul 22 5:00 PM","47.875343990297"
"Year 1 Jul 22 6:00 PM","38.0259234636262"
"Year 1 Jul 22 7:00 PM","27.8563850834784"
"Year 1 Jul 22 8:00 PM","0.660241866243669"
"Year 1 Jul 22 9:00 PM","0"
"Year 1 Jul 22 10:00 PM","0"
"Year 1 Jul 22 11:00 PM","0"
"Year 1 Jul 23 12:00 AM","0"
"Year 1 Jul 23 1:00 AM","0"
"Year 1 Jul 23 2:00 AM","0"
"Year 1 Jul 23 3:00 AM","0"
"Year 1 Jul 23 4:00 AM","0"
"Year 1 Jul 23 5:00 AM","8.16620860268212"
"Year 1 Jul 23 6:00 AM","33.3413872315809"
"Year 1 Jul 23 7:00 AM","41.8191847581663"
"Year 1 Jul 23 8:00 AM","39.4414761434658"
"Year 1 Jul 23 9:00 AM","43.8681832853981"
"Year 1 Jul 23 10:00 AM","55.8449162093358"
"Year 1 Jul 23 11:00 AM","55.1261913583647"
"Year 1 Jul 23 12:00 PM","47.4004107860181"
"Year 1 Jul 23 1:00 PM","45.9002135780709"
"Year 1 Jul 23 2:00 PM","55.7134637244605"
"Year 1 Jul 23 3:00 PM","56.0749669974503"
"Year 1 Jul 23 4:00 PM","48.2701016088413"
"Year 1 Jul 23 5:00 PM","43.7905665699227"
"Year 1 Jul 23 6:00 PM","41.2017807964752"
"Year 1 Jul 23 7:00 PM","24.6885451293857"
"Year 1 Jul 23 8:00 PM","0.622889241571183"
"Year 1 Jul 23 9:00 PM","0"
"Year 1 Jul 23 10:00 PM","0"
"Year 1 Jul 23 11:00 PM","0"
"Year 1 Jul 24 12:00 AM","0"
"Year 1 Jul 24 1:00 AM","0"
"Year 1 Jul 24 2:00 AM","0"
"Year 1 Jul 24 3:00 AM","0"
"Year 1 Jul 24 4:00 AM","0"
"Year 1 Jul 24 5:00 AM","5.78332477638076"
"Year 1 Jul 24 6:00 AM","27.4778105599478"
"Year 1 Jul 24 7:00 AM","41.5914687359682"
"Year 1 Jul 24 8:00 AM","42.631485199739"
"Year 1 Jul 24 9:00 AM","54.7852427690087"
"Year 1 Jul 24 10:00 AM","67.3457305316523"
"Year 1 Jul 24 11:00 AM","64.6355036010147"
"Year 1 Jul 24 12:00 PM","54.8534709669297"
"Year 1 Jul 24 1:00 PM","64.0946017495135"
"Year 1 Jul 24 2:00 PM","63.4005553798218"
"Year 1 Jul 24 3:00 PM","50.7138179810581"
"Year 1 Jul 24 4:00 PM","43.9623021746391"
"Year 1 Jul 24 5:00 PM","42.1945046788615"
"Year 1 Jul 24 6:00 PM","40.7845488767952"
"Year 1 Jul 24 7:00 PM","29.23448073218"
"Year 1 Jul 24 8:00 PM","0.627236078929346"
"Year 1 Jul 24 9:00 PM","0"
"Year 1 Jul 24 10:00 PM","0"
"Year 1 Jul 24 11:00 PM","0"
"Year 1 Jul 25 12:00 AM","0"
"Year 1 Jul 25 1:00 AM","0"
"Year 1 Jul 25 2:00 AM","0"
"Year 1 Jul 25 3:00 AM","0"
"Year 1 Jul 25 4:00 AM","0"
"Year 1 Jul 25 5:00 AM","0.870362619951787"
"Year 1 Jul 25 6:00 AM","6.90665916281248"
"Year 1 Jul 25 7:00 AM","18.3171693400271"
"Year 1 Jul 25 8:00 AM","38.4346148712217"
"Year 1 Jul 25 9:00 AM","53.0824068956366"
"Year 1 Jul 25 10:00 AM","68.5650859852199"
"Year 1 Jul 25 11:00 AM","70.4539112453387"
"Year 1 Jul 25 12:00 PM","74.267062858929"
"Year 1 Jul 25 1:00 PM","54.7449827338328"
"Year 1 Jul 25 2:00 PM","44.6541298233738"
"Year 1 Jul 25 3:00 PM","58.073096577216"
"Year 1 Jul 25 4:00 PM","33.3691809733987"
"Year 1 Jul 25 5:00 PM","30.469174965623"
"Year 1 Jul 25 6:00 PM","37.4681379501847"
"Year 1 Jul 25 7:00 PM","35.0709198120157"
"Year 1 Jul 25 8:00 PM","0.668206969355161"
"Year 1 Jul 25 9:00 PM","0"
"Year 1 Jul 25 10:00 PM","0"
"Year 1 Jul 25 11:00 PM","0"
"Year 1 Jul 26 12:00 AM","0"
"Year 1 Jul 26 1:00 AM","0"
"Year 1 Jul 26 2:00 AM","0"
"Year 1 Jul 26 3:00 AM","0"
"Year 1 Jul 26 4:00 AM","0"
"Year 1 Jul 26 5:00 AM","8.03324311004334"
"Year 1 Jul 26 6:00 AM","37.4838337272883"
"Year 1 Jul 26 7:00 AM","41.0260729513705"
"Year 1 Jul 26 8:00 AM","45.6991654677704"
"Year 1 Jul 26 9:00 AM","43.9415579848234"
"Year 1 Jul 26 10:00 AM","37.2380133342263"
"Year 1 Jul 26 11:00 AM","43.178079873206"
"Year 1 Jul 26 12:00 PM","39.2201932000637"
"Year 1 Jul 26 1:00 PM","34.200373149831"
"Year 1 Jul 26 2:00 PM","46.1034047556086"
"Year 1 Jul 26 3:00 PM","51.4026266743923"
"Year 1 Jul 26 4:00 PM","57.9995086452602"
"Year 1 Jul 26 5:00 PM","43.266662784826"
"Year 1 Jul 26 6:00 PM","42.4459518476983"
"Year 1 Jul 26 7:00 PM","35.0877662705357"
"Year 1 Jul 26 8:00 PM","0.716507418138865"
"Year 1 Jul 26 9:00 PM","0"
"Year 1 Jul 26 10:00 PM","0"
"Year 1 Jul 26 11:00 PM","0"
"Year 1 Jul 27 12:00 AM","0"
"Year 1 Jul 27 1:00 AM","0"
"Year 1 Jul 27 2:00 AM","0"
"Year 1 Jul 27 3:00 AM","0"
"Year 1 Jul 27 4:00 AM","0"
"Year 1 Jul 27 5:00 AM","7.52158344433705"
"Year 1 Jul 27 6:00 AM","38.7817970309346"
"Year 1 Jul 27 7:00 AM","37.0137669466434"
"Year 1 Jul 27 8:00 AM","31.108433329326"
"Year 1 Jul 27 9:00 AM","33.7525556185369"
"Year 1 Jul 27 10:00 AM","34.4583668682239"
"Year 1 Jul 27 11:00 AM","32.8115965212847"
"Year 1 Jul 27 12:00 PM","31.0643606197671"
"Year 1 Jul 27 1:00 PM","32.6586902187654"
"Year 1 Jul 27 2:00 PM","40.2345879481504"
"Year 1 Jul 27 3:00 PM","40.595708294684"
"Year 1 Jul 27 4:00 PM","46.1855499618007"
"Year 1 Jul 27 5:00 PM","43.918168751531"
"Year 1 Jul 27 6:00 PM","41.2022548968254"
"Year 1 Jul 27 7:00 PM","24.3915314889723"
"Year 1 Jul 27 8:00 PM","0.566411246637498"
"Year 1 Jul 27 9:00 PM","0"
"Year 1 Jul 27 10:00 PM","0"
"Year 1 Jul 27 11:00 PM","0"
"Year 1 Jul 28 12:00 AM","0"
"Year 1 Jul 28 1:00 AM","0"
"Year 1 Jul 28 2:00 AM","0"
"Year 1 Jul 28 3:00 AM","0"
"Year 1 Jul 28 4:00 AM","0"
"Year 1 Jul 28 5:00 AM","1.21126172925822"
"Year 1 Jul 28 6:00 AM","15.758861046803"
"Year 1 Jul 28 7:00 AM","39.6097141525645"
"Year 1 Jul 28 8:00 AM","48.1816334693888"
"Year 1 Jul 28 9:00 AM","57.3685355607811"
"Year 1 Jul 28 10:00 AM","59.8601871266956"
"Year 1 Jul 28 11:00 AM","55.4131435508772"
"Year 1 Jul 28 12:00 PM","69.4406552111111"
"Year 1 Jul 28 1:00 PM","61.6007130396747"
"Year 1 Jul 28 2:00 PM","67.879744722281"
"Year 1 Jul 28 3:00 PM","60.5212174612763"
"Year 1 Jul 28 4:00 PM","51.6483835354511"
"Year 1 Jul 28 5:00 PM","39.9197062805075"
"Year 1 Jul 28 6:00 PM","39.4910542690319"
"Year 1 Jul 28 7:00 PM","29.6716228592428"
"Year 1 Jul 28 8:00 PM","0.604209415975988"
"Year 1 Jul 28 9:00 PM","0"
"Year 1 Jul 28 10:00 PM","0"
"Year 1 Jul 28 11:00 PM","0"
"Year 1 Jul 29 12:00 AM","0"
"Year 1 Jul 29 1:00 AM","0"
"Year 1 Jul 29 2:00 AM","0"
"Year 1 Jul 29 3:00 AM","0"
"Year 1 Jul 29 4:00 AM","0"
"Year 1 Jul 29 5:00 AM","6.16753119990727"
"Year 1 Jul 29 6:00 AM","35.2979892244615"
"Year 1 Jul 29 7:00 AM","34.6139144566222"
"Year 1 Jul 29 8:00 AM","27.6812227295008"
"Year 1 Jul 29 9:00 AM","32.7236683152914"
"Year 1 Jul 29 10:00 AM","41.549768960436"
"Year 1 Jul 29 11:00 AM","30.5541101829698"
"Year 1 Jul 29 12:00 PM","28.2945917655494"
"Year 1 Jul 29 1:00 PM","28.5908606613599"
"Year 1 Jul 29 2:00 PM","30.3899819732925"
"Year 1 Jul 29 3:00 PM","31.8674047912257"
"Year 1 Jul 29 4:00 PM","30.6021097183408"
"Year 1 Jul 29 5:00 PM","28.4381902804671"
"Year 1 Jul 29 6:00 PM","35.0240205708852"
"Year 1 Jul 29 7:00 PM","31.5392312490439"
"Year 1 Jul 29 8:00 PM","0"
"Year 1 Jul 29 9:00 PM","0"
"Year 1 Jul 29 10:00 PM","0"
"Year 1 Jul 29 11:00 PM","0"
"Year 1 Jul 30 12:00 AM","0"
"Year 1 Jul 30 1:00 AM","0"
"Year 1 Jul 30 2:00 AM","0"
"Year 1 Jul 30 3:00 AM","0"
"Year 1 Jul 30 4:00 AM","0"
"Year 1 Jul 30 5:00 AM","2.21195063919552"
"Year 1 Jul 30 6:00 AM","13.6066171733794"
"Year 1 Jul 30 7:00 AM","35.9231144520071"
"Year 1 Jul 30 8:00 AM","47.3601855932166"
"Year 1 Jul 30 9:00 AM","60.1734212931529"
"Year 1 Jul 30 10:00 AM","59.8536376861438"
"Year 1 Jul 30 11:00 AM","55.0492221957554"
"Year 1 Jul 30 12:00 PM","51.3568466989018"
"Year 1 Jul 30 1:00 PM","53.242953604876"
"Year 1 Jul 30 2:00 PM","70.1694865805604"
"Year 1 Jul 30 3:00 PM","50.7766235866387"
"Year 1 Jul 30 4:00 PM","50.7553746546031"
"Year 1 Jul 30 5:00 PM","37.1592248961114"
"Year 1 Jul 30 6:00 PM","31.2808315858088"
"Year 1 Jul 30 7:00 PM","26.4738436810438"
"Year 1 Jul 30 8:00 PM","0"
"Year 1 Jul 30 9:00 PM","0"
"Year 1 Jul 30 10:00 PM","0"
"Year 1 Jul 30 11:00 PM","0"
"Year 1 Jul 31 12:00 AM","0"
"Year 1 Jul 31 1:00 AM","0"
"Year 1 Jul 31 2:00 AM","0"
"Year 1 Jul 31 3:00 AM","0"
"Year 1 Jul 31 4:00 AM","0"
"Year 1 Jul 31 5:00 AM","1.7516823884846"
"Year 1 Jul 31 6:00 AM","14.9479540951199"
"Year 1 Jul 31 7:00 AM","39.5981789305752"
"Year 1 Jul 31 8:00 AM","42.1656460947496"
"Year 1 Jul 31 9:00 AM","48.7245625301119"
"Year 1 Jul 31 10:00 AM","51.4887333443432"
"Year 1 Jul 31 11:00 AM","49.8325137627235"
"Year 1 Jul 31 12:00 PM","48.7763704126726"
"Year 1 Jul 31 1:00 PM","57.3821367787563"
"Year 1 Jul 31 2:00 PM","73.5181346986333"
"Year 1 Jul 31 3:00 PM","76.4720451313657"
"Year 1 Jul 31 4:00 PM","61.4800834542799"
"Year 1 Jul 31 5:00 PM","45.7944371317409"
"Year 1 Jul 31 6:00 PM","28.8129225042625"
"Year 1 Jul 31 7:00 PM","7.99194891027409"
"Year 1 Jul 31 8:00 PM","0"
"Year 1 Jul 31 9:00 PM","0"
"Year 1 Jul 31 10:00 PM","0"
"Year 1 Jul 31 11:00 PM","0"
"Year 1 Aug 01 12:00 AM","0"
"Year 1 Aug 01 1:00 AM","0"
"Year 1 Aug 01 2:00 AM","0"
"Year 1 Aug 01 3:00 AM","0"
"Year 1 Aug 01 4:00 AM","0"
"Year 1 Aug 01 5:00 AM","2.17337133886362"
"Year 1 Aug 01 6:00 AM","18.9691846067245"
"Year 1 Aug 01 7:00 AM","41.4580402570361"
"Year 1 Aug 01 8:00 AM","43.6537270754649"
"Year 1 Aug 01 9:00 AM","40.3791346383241"
"Year 1 Aug 01 10:00 AM","33.4542984353595"
"Year 1 Aug 01 11:00 AM","28.9626839226461"
"Year 1 Aug 01 12:00 PM","27.600982831118"
"Year 1 Aug 01 1:00 PM","30.3271031643837"
"Year 1 Aug 01 2:00 PM","39.2800003699585"
"Year 1 Aug 01 3:00 PM","32.2287237033525"
"Year 1 Aug 01 4:00 PM","29.5016469511878"
"Year 1 Aug 01 5:00 PM","26.0845415291392"
"Year 1 Aug 01 6:00 PM","32.7667928916765"
"Year 1 Aug 01 7:00 PM","31.1207563738067"
"Year 1 Aug 01 8:00 PM","0"
"Year 1 Aug 01 9:00 PM","0"
"Year 1 Aug 01 10:00 PM","0"
"Year 1 Aug 01 11:00 PM","0"
"Year 1 Aug 02 12:00 AM","0"
"Year 1 Aug 02 1:00 AM","0"
"Year 1 Aug 02 2:00 AM","0"
"Year 1 Aug 02 3:00 AM","0"
"Year 1 Aug 02 4:00 AM","0"
"Year 1 Aug 02 5:00 AM","3.75693074607246"
"Year 1 Aug 02 6:00 AM","34.0655091241659"
"Year 1 Aug 02 7:00 AM","33.1121607136762"
"Year 1 Aug 02 8:00 AM","27.4419553514099"
"Year 1 Aug 02 9:00 AM","31.6888505177102"
"Year 1 Aug 02 10:00 AM","34.1909892062938"
"Year 1 Aug 02 11:00 AM","32.6779775582085"
"Year 1 Aug 02 12:00 PM","30.8054136403069"
"Year 1 Aug 02 1:00 PM","29.4846411976008"
"Year 1 Aug 02 2:00 PM","30.9285819960335"
"Year 1 Aug 02 3:00 PM","32.3026336316827"
"Year 1 Aug 02 4:00 PM","30.3616755838666"
"Year 1 Aug 02 5:00 PM","27.8242311650128"
"Year 1 Aug 02 6:00 PM","33.7963045632551"
"Year 1 Aug 02 7:00 PM","30.3968878747019"
"Year 1 Aug 02 8:00 PM","0"
"Year 1 Aug 02 9:00 PM","0"
"Year 1 Aug 02 10:00 PM","0"
"Year 1 Aug 02 11:00 PM","0"
"Year 1 Aug 03 12:00 AM","0"
"Year 1 Aug 03 1:00 AM","0"
"Year 1 Aug 03 2:00 AM","0"
"Year 1 Aug 03 3:00 AM","0"
"Year 1 Aug 03 4:00 AM","0"
"Year 1 Aug 03 5:00 AM","3.83173823157677"
"Year 1 Aug 03 6:00 AM","32.6852683373183"
"Year 1 Aug 03 7:00 AM","37.0651082265599"
"Year 1 Aug 03 8:00 AM","35.8031402984841"
"Year 1 Aug 03 9:00 AM","45.6337344201179"
"Year 1 Aug 03 10:00 AM","48.1352834697979"
"Year 1 Aug 03 11:00 AM","55.0974651542825"
"Year 1 Aug 03 12:00 PM","55.715309263572"
"Year 1 Aug 03 1:00 PM","55.6048150318147"
"Year 1 Aug 03 2:00 PM","52.9357381387202"
"Year 1 Aug 03 3:00 PM","51.8429606796784"
"Year 1 Aug 03 4:00 PM","47.3652724667586"
"Year 1 Aug 03 5:00 PM","42.0991310454371"
"Year 1 Aug 03 6:00 PM","37.890490313679"
"Year 1 Aug 03 7:00 PM","23.2907367473366"
"Year 1 Aug 03 8:00 PM","0"
"Year 1 Aug 03 9:00 PM","0"
"Year 1 Aug 03 10:00 PM","0"
"Year 1 Aug 03 11:00 PM","0"
"Year 1 Aug 04 12:00 AM","0"
"Year 1 Aug 04 1:00 AM","0"
"Year 1 Aug 04 2:00 AM","0"
"Year 1 Aug 04 3:00 AM","0"
"Year 1 Aug 04 4:00 AM","0"
"Year 1 Aug 04 5:00 AM","1.08091130588156"
"Year 1 Aug 04 6:00 AM","10.6265622052251"
"Year 1 Aug 04 7:00 AM","22.4621161592038"
"Year 1 Aug 04 8:00 AM","26.4359590302843"
"Year 1 Aug 04 9:00 AM","50.1847403972944"
"Year 1 Aug 04 10:00 AM","66.7343823974849"
"Year 1 Aug 04 11:00 AM","78.3845730362733"
"Year 1 Aug 04 12:00 PM","78.3536163289564"
"Year 1 Aug 04 1:00 PM","52.8780539175349"
"Year 1 Aug 04 2:00 PM","46.4348504077496"
"Year 1 Aug 04 3:00 PM","46.4112251451073"
"Year 1 Aug 04 4:00 PM","43.3350765601991"
"Year 1 Aug 04 5:00 PM","37.2631505654966"
"Year 1 Aug 04 6:00 PM","35.2162136851781"
"Year 1 Aug 04 7:00 PM","22.0567439143751"
"Year 1 Aug 04 8:00 PM","0"
"Year 1 Aug 04 9:00 PM","0"
"Year 1 Aug 04 10:00 PM","0"
"Year 1 Aug 04 11:00 PM","0"
"Year 1 Aug 05 12:00 AM","0"
"Year 1 Aug 05 1:00 AM","0"
"Year 1 Aug 05 2:00 AM","0"
"Year 1 Aug 05 3:00 AM","0"
"Year 1 Aug 05 4:00 AM","0"
"Year 1 Aug 05 5:00 AM","1.25371461255487"
"Year 1 Aug 05 6:00 AM","12.0010209368704"
"Year 1 Aug 05 7:00 AM","27.9485520930687"
"Year 1 Aug 05 8:00 AM","36.4793995052943"
"Year 1 Aug 05 9:00 AM","42.6875375140097"
"Year 1 Aug 05 10:00 AM","31.8057345926972"
"Year 1 Aug 05 11:00 AM","46.9596693394996"
"Year 1 Aug 05 12:00 PM","29.6156429720399"
"Year 1 Aug 05 1:00 PM","55.4900919646713"
"Year 1 Aug 05 2:00 PM","56.4934693985407"
"Year 1 Aug 05 3:00 PM","44.2721747957556"
"Year 1 Aug 05 4:00 PM","36.6184728304103"
"Year 1 Aug 05 5:00 PM","22.9323095781633"
"Year 1 Aug 05 6:00 PM","26.7392411814539"
"Year 1 Aug 05 7:00 PM","26.071795666724"
"Year 1 Aug 05 8:00 PM","0"
"Year 1 Aug 05 9:00 PM","0"
"Year 1 Aug 05 10:00 PM","0"
"Year 1 Aug 05 11:00 PM","0"
"Year 1 Aug 06 12:00 AM","0"
"Year 1 Aug 06 1:00 AM","0"
"Year 1 Aug 06 2:00 AM","0"
"Year 1 Aug 06 3:00 AM","0"
"Year 1 Aug 06 4:00 AM","0"
"Year 1 Aug 06 5:00 AM","2.99049643770833"
"Year 1 Aug 06 6:00 AM","31.2883063908468"
"Year 1 Aug 06 7:00 AM","27.547011720803"
"Year 1 Aug 06 8:00 AM","27.4078596898238"
"Year 1 Aug 06 9:00 AM","45.946868783623"
"Year 1 Aug 06 10:00 AM","58.5494109516863"
"Year 1 Aug 06 11:00 AM","49.0774783114001"
"Year 1 Aug 06 12:00 PM","58.6383363567349"
"Year 1 Aug 06 1:00 PM","76.0879664680062"
"Year 1 Aug 06 2:00 PM","66.2317300216389"
"Year 1 Aug 06 3:00 PM","53.5562031837169"
"Year 1 Aug 06 4:00 PM","52.9501764020752"
"Year 1 Aug 06 5:00 PM","35.4311708705086"
"Year 1 Aug 06 6:00 PM","36.5020642034802"
"Year 1 Aug 06 7:00 PM","26.447317350878"
"Year 1 Aug 06 8:00 PM","0"
"Year 1 Aug 06 9:00 PM","0"
"Year 1 Aug 06 10:00 PM","0"
"Year 1 Aug 06 11:00 PM","0"
"Year 1 Aug 07 12:00 AM","0"
"Year 1 Aug 07 1:00 AM","0"
"Year 1 Aug 07 2:00 AM","0"
"Year 1 Aug 07 3:00 AM","0"
"Year 1 Aug 07 4:00 AM","0"
"Year 1 Aug 07 5:00 AM","2.78862675677262"
"Year 1 Aug 07 6:00 AM","31.2283900116232"
"Year 1 Aug 07 7:00 AM","30.0320390464252"
"Year 1 Aug 07 8:00 AM","28.0086776663488"
"Year 1 Aug 07 9:00 AM","30.5679349619145"
"Year 1 Aug 07 10:00 AM","35.7290521420656"
"Year 1 Aug 07 11:00 AM","43.7261349332799"
"Year 1 Aug 07 12:00 PM","62.3381886681491"
"Year 1 Aug 07 1:00 PM","51.8707798372634"
"Year 1 Aug 07 2:00 PM","43.5231943491705"
"Year 1 Aug 07 3:00 PM","36.2714073536389"
"Year 1 Aug 07 4:00 PM","35.8535032316666"
"Year 1 Aug 07 5:00 PM","37.3898832764278"
"Year 1 Aug 07 6:00 PM","32.6512299759312"
"Year 1 Aug 07 7:00 PM","23.2310079110172"
"Year 1 Aug 07 8:00 PM","0"
"Year 1 Aug 07 9:00 PM","0"
"Year 1 Aug 07 10:00 PM","0"
"Year 1 Aug 07 11:00 PM","0"
"Year 1 Aug 08 12:00 AM","0"
"Year 1 Aug 08 1:00 AM","0"
"Year 1 Aug 08 2:00 AM","0"
"Year 1 Aug 08 3:00 AM","0"
"Year 1 Aug 08 4:00 AM","0"
"Year 1 Aug 08 5:00 AM","2.76669243324826"
"Year 1 Aug 08 6:00 AM","30.2365283533483"
"Year 1 Aug 08 7:00 AM","30.5119706855155"
"Year 1 Aug 08 8:00 AM","26.8681559184726"
"Year 1 Aug 08 9:00 AM","32.1501244831218"
"Year 1 Aug 08 10:00 AM","45.3940732804228"
"Year 1 Aug 08 11:00 AM","63.481827974769"
"Year 1 Aug 08 12:00 PM","52.4150252821305"
"Year 1 Aug 08 1:00 PM","47.5735725178198"
"Year 1 Aug 08 2:00 PM","60.5062877424965"
"Year 1 Aug 08 3:00 PM","67.9849786738992"
"Year 1 Aug 08 4:00 PM","52.2677447889806"
"Year 1 Aug 08 5:00 PM","42.7994372463166"
"Year 1 Aug 08 6:00 PM","33.4838667702608"
"Year 1 Aug 08 7:00 PM","5.49141482747948"
"Year 1 Aug 08 8:00 PM","0"
"Year 1 Aug 08 9:00 PM","0"
"Year 1 Aug 08 10:00 PM","0"
"Year 1 Aug 08 11:00 PM","0"
"Year 1 Aug 09 12:00 AM","0"
"Year 1 Aug 09 1:00 AM","0"
"Year 1 Aug 09 2:00 AM","0"
"Year 1 Aug 09 3:00 AM","0"
"Year 1 Aug 09 4:00 AM","0"
"Year 1 Aug 09 5:00 AM","0.769684380000586"
"Year 1 Aug 09 6:00 AM","28.7639967535448"
"Year 1 Aug 09 7:00 AM","30.3970517138655"
"Year 1 Aug 09 8:00 AM","34.3184077109817"
"Year 1 Aug 09 9:00 AM","34.0962576061183"
"Year 1 Aug 09 10:00 AM","35.7562330918527"
"Year 1 Aug 09 11:00 AM","35.4419768727999"
"Year 1 Aug 09 12:00 PM","40.9054914517773"
"Year 1 Aug 09 1:00 PM","59.5061319852474"
"Year 1 Aug 09 2:00 PM","71.1839973031417"
"Year 1 Aug 09 3:00 PM","71.151968323661"
"Year 1 Aug 09 4:00 PM","44.532009623221"
"Year 1 Aug 09 5:00 PM","36.6898640623038"
"Year 1 Aug 09 6:00 PM","26.2587397739575"
"Year 1 Aug 09 7:00 PM","6.46993612771299"
"Year 1 Aug 09 8:00 PM","0"
"Year 1 Aug 09 9:00 PM","0"
"Year 1 Aug 09 10:00 PM","0"
"Year 1 Aug 09 11:00 PM","0"
"Year 1 Aug 10 12:00 AM","0"
"Year 1 Aug 10 1:00 AM","0"
"Year 1 Aug 10 2:00 AM","0"
"Year 1 Aug 10 3:00 AM","0"
"Year 1 Aug 10 4:00 AM","0"
"Year 1 Aug 10 5:00 AM","0.64349201497906"
"Year 1 Aug 10 6:00 AM","23.023744565436"
"Year 1 Aug 10 7:00 AM","33.269531113815"
"Year 1 Aug 10 8:00 AM","36.6254922021974"
"Year 1 Aug 10 9:00 AM","44.0277277661847"
"Year 1 Aug 10 10:00 AM","52.5872699263095"
"Year 1 Aug 10 11:00 AM","52.3851598616321"
"Year 1 Aug 10 12:00 PM","53.575678569149"
"Year 1 Aug 10 1:00 PM","57.6564200041165"
"Year 1 Aug 10 2:00 PM","62.496830162485"
"Year 1 Aug 10 3:00 PM","61.9231018335341"
"Year 1 Aug 10 4:00 PM","34.2482681847515"
"Year 1 Aug 10 5:00 PM","20.9210513093598"
"Year 1 Aug 10 6:00 PM","9.40763953696258"
"Year 1 Aug 10 7:00 PM","6.38997324355247"
"Year 1 Aug 10 8:00 PM","0"
"Year 1 Aug 10 9:00 PM","0"
"Year 1 Aug 10 10:00 PM","0"
"Year 1 Aug 10 11:00 PM","0"
"Year 1 Aug 11 12:00 AM","0"
"Year 1 Aug 11 1:00 AM","0"
"Year 1 Aug 11 2:00 AM","0"
"Year 1 Aug 11 3:00 AM","0"
"Year 1 Aug 11 4:00 AM","0"
"Year 1 Aug 11 5:00 AM","0.608997671986447"
"Year 1 Aug 11 6:00 AM","27.0469995721058"
"Year 1 Aug 11 7:00 AM","23.8470764877156"
"Year 1 Aug 11 8:00 AM","23.852227911829"
"Year 1 Aug 11 9:00 AM","32.2123674099316"
"Year 1 Aug 11 10:00 AM","35.6998447994281"
"Year 1 Aug 11 11:00 AM","44.0788707956158"
"Year 1 Aug 11 12:00 PM","56.3015370227181"
"Year 1 Aug 11 1:00 PM","37.6518563007346"
"Year 1 Aug 11 2:00 PM","50.2395387537083"
"Year 1 Aug 11 3:00 PM","50.3182447538462"
"Year 1 Aug 11 4:00 PM","36.8425350368619"
"Year 1 Aug 11 5:00 PM","23.5376585768678"
"Year 1 Aug 11 6:00 PM","28.7091319459339"
"Year 1 Aug 11 7:00 PM","18.3526712878349"
"Year 1 Aug 11 8:00 PM","0"
"Year 1 Aug 11 9:00 PM","0"
"Year 1 Aug 11 10:00 PM","0"
"Year 1 Aug 11 11:00 PM","0"
"Year 1 Aug 12 12:00 AM","0"
"Year 1 Aug 12 1:00 AM","0"
"Year 1 Aug 12 2:00 AM","0"
"Year 1 Aug 12 3:00 AM","0"
"Year 1 Aug 12 4:00 AM","0"
"Year 1 Aug 12 5:00 AM","0"
"Year 1 Aug 12 6:00 AM","15.5486456887411"
"Year 1 Aug 12 7:00 AM","33.4900210441023"
"Year 1 Aug 12 8:00 AM","39.8069405365575"
"Year 1 Aug 12 9:00 AM","48.3082126940502"
"Year 1 Aug 12 10:00 AM","52.6228268360606"
"Year 1 Aug 12 11:00 AM","56.8287620733015"
"Year 1 Aug 12 12:00 PM","59.4749906624102"
"Year 1 Aug 12 1:00 PM","66.7246424965472"
"Year 1 Aug 12 2:00 PM","77.071515605994"
"Year 1 Aug 12 3:00 PM","58.8468872435466"
"Year 1 Aug 12 4:00 PM","54.0141412018492"
"Year 1 Aug 12 5:00 PM","40.5209631732272"
"Year 1 Aug 12 6:00 PM","19.9881262726964"
"Year 1 Aug 12 7:00 PM","8.89682836052349"
"Year 1 Aug 12 8:00 PM","0"
"Year 1 Aug 12 9:00 PM","0"
"Year 1 Aug 12 10:00 PM","0"
"Year 1 Aug 12 11:00 PM","0"
"Year 1 Aug 13 12:00 AM","0"
"Year 1 Aug 13 1:00 AM","0"
"Year 1 Aug 13 2:00 AM","0"
"Year 1 Aug 13 3:00 AM","0"
"Year 1 Aug 13 4:00 AM","0"
"Year 1 Aug 13 5:00 AM","0"
"Year 1 Aug 13 6:00 AM","22.5776090615695"
"Year 1 Aug 13 7:00 AM","28.936651728868"
"Year 1 Aug 13 8:00 AM","31.1442018127561"
"Year 1 Aug 13 9:00 AM","35.0069702355785"
"Year 1 Aug 13 10:00 AM","35.9315170100855"
"Year 1 Aug 13 11:00 AM","36.252859993197"
"Year 1 Aug 13 12:00 PM","37.4744424376328"
"Year 1 Aug 13 1:00 PM","50.0228811903657"
"Year 1 Aug 13 2:00 PM","52.3696144191546"
"Year 1 Aug 13 3:00 PM","51.4413667844124"
"Year 1 Aug 13 4:00 PM","47.5840179117495"
"Year 1 Aug 13 5:00 PM","40.6246976579311"
"Year 1 Aug 13 6:00 PM","14.6913146872133"
"Year 1 Aug 13 7:00 PM","3.3780360097372"
"Year 1 Aug 13 8:00 PM","0"
"Year 1 Aug 13 9:00 PM","0"
"Year 1 Aug 13 10:00 PM","0"
"Year 1 Aug 13 11:00 PM","0"
"Year 1 Aug 14 12:00 AM","0"
"Year 1 Aug 14 1:00 AM","0"
"Year 1 Aug 14 2:00 AM","0"
"Year 1 Aug 14 3:00 AM","0"
"Year 1 Aug 14 4:00 AM","0"
"Year 1 Aug 14 5:00 AM","0"
"Year 1 Aug 14 6:00 AM","9.39933923609352"
"Year 1 Aug 14 7:00 AM","22.2820163806938"
"Year 1 Aug 14 8:00 AM","39.6950242206752"
"Year 1 Aug 14 9:00 AM","51.7258228505568"
"Year 1 Aug 14 10:00 AM","57.8319459529741"
"Year 1 Aug 14 11:00 AM","72.5164660662404"
"Year 1 Aug 14 12:00 PM","53.8606132890065"
"Year 1 Aug 14 1:00 PM","70.9179676697074"
"Year 1 Aug 14 2:00 PM","67.2586990694206"
"Year 1 Aug 14 3:00 PM","42.1803534160411"
"Year 1 Aug 14 4:00 PM","48.735265571391"
"Year 1 Aug 14 5:00 PM","32.1433675458311"
"Year 1 Aug 14 6:00 PM","11.0868981789918"
"Year 1 Aug 14 7:00 PM","2.87902153686128"
"Year 1 Aug 14 8:00 PM","0"
"Year 1 Aug 14 9:00 PM","0"
"Year 1 Aug 14 10:00 PM","0"
"Year 1 Aug 14 11:00 PM","0"
"Year 1 Aug 15 12:00 AM","0"
"Year 1 Aug 15 1:00 AM","0"
"Year 1 Aug 15 2:00 AM","0"
"Year 1 Aug 15 3:00 AM","0"
"Year 1 Aug 15 4:00 AM","0"
"Year 1 Aug 15 5:00 AM","0"
"Year 1 Aug 15 6:00 AM","7.69128325327404"
"Year 1 Aug 15 7:00 AM","18.5816123548342"
"Year 1 Aug 15 8:00 AM","40.5571611016441"
"Year 1 Aug 15 9:00 AM","55.9047758584054"
"Year 1 Aug 15 10:00 AM","60.0577927112595"
"Year 1 Aug 15 11:00 AM","65.2011493054718"
"Year 1 Aug 15 12:00 PM","66.3196580355763"
"Year 1 Aug 15 1:00 PM","59.258125687138"
"Year 1 Aug 15 2:00 PM","59.6608938301562"
"Year 1 Aug 15 3:00 PM","65.1677319972574"
"Year 1 Aug 15 4:00 PM","46.9368094796774"
"Year 1 Aug 15 5:00 PM","41.7395963943936"
"Year 1 Aug 15 6:00 PM","22.8032462670864"
"Year 1 Aug 15 7:00 PM","2.85568835639429"
"Year 1 Aug 15 8:00 PM","0"
"Year 1 Aug 15 9:00 PM","0"
"Year 1 Aug 15 10:00 PM","0"
"Year 1 Aug 15 11:00 PM","0"
"Year 1 Aug 16 12:00 AM","0"
"Year 1 Aug 16 1:00 AM","0"
"Year 1 Aug 16 2:00 AM","0"
"Year 1 Aug 16 3:00 AM","0"
"Year 1 Aug 16 4:00 AM","0"
"Year 1 Aug 16 5:00 AM","0"
"Year 1 Aug 16 6:00 AM","13.9949945151632"
"Year 1 Aug 16 7:00 AM","22.0697506082181"
"Year 1 Aug 16 8:00 AM","43.3045646722636"
"Year 1 Aug 16 9:00 AM","50.1065416141175"
"Year 1 Aug 16 10:00 AM","54.3933527308139"
"Year 1 Aug 16 11:00 AM","50.3903465604607"
"Year 1 Aug 16 12:00 PM","54.9134020271451"
"Year 1 Aug 16 1:00 PM","53.2543236364487"
"Year 1 Aug 16 2:00 PM","46.0190221973997"
"Year 1 Aug 16 3:00 PM","36.2775821480739"
"Year 1 Aug 16 4:00 PM","30.486734545691"
"Year 1 Aug 16 5:00 PM","26.3681175758391"
"Year 1 Aug 16 6:00 PM","26.6453483132057"
"Year 1 Aug 16 7:00 PM","15.8404820664162"
"Year 1 Aug 16 8:00 PM","0"
"Year 1 Aug 16 9:00 PM","0"
"Year 1 Aug 16 10:00 PM","0"
"Year 1 Aug 16 11:00 PM","0"
"Year 1 Aug 17 12:00 AM","0"
"Year 1 Aug 17 1:00 AM","0"
"Year 1 Aug 17 2:00 AM","0"
"Year 1 Aug 17 3:00 AM","0"
"Year 1 Aug 17 4:00 AM","0"
"Year 1 Aug 17 5:00 AM","0"
"Year 1 Aug 17 6:00 AM","14.4843674352779"
"Year 1 Aug 17 7:00 AM","24.8257463154691"
"Year 1 Aug 17 8:00 AM","39.2939896618395"
"Year 1 Aug 17 9:00 AM","54.2924589047995"
"Year 1 Aug 17 10:00 AM","58.580695634901"
"Year 1 Aug 17 11:00 AM","57.658572571926"
"Year 1 Aug 17 12:00 PM","57.1222137376248"
"Year 1 Aug 17 1:00 PM","57.6177974527889"
"Year 1 Aug 17 2:00 PM","58.7294649934599"
"Year 1 Aug 17 3:00 PM","50.5577724208141"
"Year 1 Aug 17 4:00 PM","44.948528159872"
"Year 1 Aug 17 5:00 PM","34.91359868045"
"Year 1 Aug 17 6:00 PM","27.9608891945555"
"Year 1 Aug 17 7:00 PM","10.7841602611647"
"Year 1 Aug 17 8:00 PM","0"
"Year 1 Aug 17 9:00 PM","0"
"Year 1 Aug 17 10:00 PM","0"
"Year 1 Aug 17 11:00 PM","0"
"Year 1 Aug 18 12:00 AM","0"
"Year 1 Aug 18 1:00 AM","0"
"Year 1 Aug 18 2:00 AM","0"
"Year 1 Aug 18 3:00 AM","0"
"Year 1 Aug 18 4:00 AM","0"
"Year 1 Aug 18 5:00 AM","0"
"Year 1 Aug 18 6:00 AM","21.270778489842"
"Year 1 Aug 18 7:00 AM","20.7328352433479"
"Year 1 Aug 18 8:00 AM","22.4547026559292"
"Year 1 Aug 18 9:00 AM","29.002902455773"
"Year 1 Aug 18 10:00 AM","28.1132580770841"
"Year 1 Aug 18 11:00 AM","28.2007187700394"
"Year 1 Aug 18 12:00 PM","28.5048145132753"
"Year 1 Aug 18 1:00 PM","26.4498858289266"
"Year 1 Aug 18 2:00 PM","25.1205247523717"
"Year 1 Aug 18 3:00 PM","26.5413804868644"
"Year 1 Aug 18 4:00 PM","23.6130864007094"
"Year 1 Aug 18 5:00 PM","20.2652075685404"
"Year 1 Aug 18 6:00 PM","22.4995008767507"
"Year 1 Aug 18 7:00 PM","14.5089077361882"
"Year 1 Aug 18 8:00 PM","0"
"Year 1 Aug 18 9:00 PM","0"
"Year 1 Aug 18 10:00 PM","0"
"Year 1 Aug 18 11:00 PM","0"
"Year 1 Aug 19 12:00 AM","0"
"Year 1 Aug 19 1:00 AM","0"
"Year 1 Aug 19 2:00 AM","0"
"Year 1 Aug 19 3:00 AM","0"
"Year 1 Aug 19 4:00 AM","0"
"Year 1 Aug 19 5:00 AM","0"
"Year 1 Aug 19 6:00 AM","19.4072880028781"
"Year 1 Aug 19 7:00 AM","25.6415916347854"
"Year 1 Aug 19 8:00 AM","30.1753636250489"
"Year 1 Aug 19 9:00 AM","34.1973810677943"
"Year 1 Aug 19 10:00 AM","38.5303014685553"
"Year 1 Aug 19 11:00 AM","52.8403175465827"
"Year 1 Aug 19 12:00 PM","48.0912951337482"
"Year 1 Aug 19 1:00 PM","62.866505379856"
"Year 1 Aug 19 2:00 PM","60.0267523428012"
"Year 1 Aug 19 3:00 PM","58.2974646367271"
"Year 1 Aug 19 4:00 PM","51.2771824532764"
"Year 1 Aug 19 5:00 PM","35.9568719255728"
"Year 1 Aug 19 6:00 PM","20.8349803818792"
"Year 1 Aug 19 7:00 PM","7.07232021169763"
"Year 1 Aug 19 8:00 PM","0"
"Year 1 Aug 19 9:00 PM","0"
"Year 1 Aug 19 10:00 PM","0"
"Year 1 Aug 19 11:00 PM","0"
"Year 1 Aug 20 12:00 AM","0"
"Year 1 Aug 20 1:00 AM","0"
"Year 1 Aug 20 2:00 AM","0"
"Year 1 Aug 20 3:00 AM","0"
"Year 1 Aug 20 4:00 AM","0"
"Year 1 Aug 20 5:00 AM","0"
"Year 1 Aug 20 6:00 AM","11.3046203107104"
"Year 1 Aug 20 7:00 AM","23.8055875303389"
"Year 1 Aug 20 8:00 AM","38.3681586367549"
"Year 1 Aug 20 9:00 AM","62.1516316567414"
"Year 1 Aug 20 10:00 AM","64.1545372022661"
"Year 1 Aug 20 11:00 AM","63.7993473987345"
"Year 1 Aug 20 12:00 PM","62.7542581195033"
"Year 1 Aug 20 1:00 PM","62.1752646435475"
"Year 1 Aug 20 2:00 PM","72.9283806260035"
"Year 1 Aug 20 3:00 PM","61.9905974436065"
"Year 1 Aug 20 4:00 PM","51.3191113524993"
"Year 1 Aug 20 5:00 PM","36.6618553361226"
"Year 1 Aug 20 6:00 PM","22.790387142677"
"Year 1 Aug 20 7:00 PM","7.21453318398987"
"Year 1 Aug 20 8:00 PM","0"
"Year 1 Aug 20 9:00 PM","0"
"Year 1 Aug 20 10:00 PM","0"
"Year 1 Aug 20 11:00 PM","0"
"Year 1 Aug 21 12:00 AM","0"
"Year 1 Aug 21 1:00 AM","0"
"Year 1 Aug 21 2:00 AM","0"
"Year 1 Aug 21 3:00 AM","0"
"Year 1 Aug 21 4:00 AM","0"
"Year 1 Aug 21 5:00 AM","0"
"Year 1 Aug 21 6:00 AM","17.1993630050115"
"Year 1 Aug 21 7:00 AM","26.9782374815292"
"Year 1 Aug 21 8:00 AM","35.2720631397622"
"Year 1 Aug 21 9:00 AM","40.9016540250736"
"Year 1 Aug 21 10:00 AM","44.149039516723"
"Year 1 Aug 21 11:00 AM","40.4804578379816"
"Year 1 Aug 21 12:00 PM","38.6292449649684"
"Year 1 Aug 21 1:00 PM","42.998025356605"
"Year 1 Aug 21 2:00 PM","53.392976514409"
"Year 1 Aug 21 3:00 PM","50.2484546232682"
"Year 1 Aug 21 4:00 PM","42.4802332409917"
"Year 1 Aug 21 5:00 PM","32.1238940655976"
"Year 1 Aug 21 6:00 PM","20.919364484707"
"Year 1 Aug 21 7:00 PM","4.92863074156671"
"Year 1 Aug 21 8:00 PM","0"
"Year 1 Aug 21 9:00 PM","0"
"Year 1 Aug 21 10:00 PM","0"
"Year 1 Aug 21 11:00 PM","0"
"Year 1 Aug 22 12:00 AM","0"
"Year 1 Aug 22 1:00 AM","0"
"Year 1 Aug 22 2:00 AM","0"
"Year 1 Aug 22 3:00 AM","0"
"Year 1 Aug 22 4:00 AM","0"
"Year 1 Aug 22 5:00 AM","0"
"Year 1 Aug 22 6:00 AM","2.58797788784144"
"Year 1 Aug 22 7:00 AM","12.5083095823428"
"Year 1 Aug 22 8:00 AM","25.4090600833046"
"Year 1 Aug 22 9:00 AM","49.6794213343806"
"Year 1 Aug 22 10:00 AM","68.1454643677277"
"Year 1 Aug 22 11:00 AM","73.1066748076281"
"Year 1 Aug 22 12:00 PM","86.7083788192798"
"Year 1 Aug 22 1:00 PM","76.4674650159902"
"Year 1 Aug 22 2:00 PM","57.5424766926863"
"Year 1 Aug 22 3:00 PM","48.5968466953974"
"Year 1 Aug 22 4:00 PM","38.4320780836059"
"Year 1 Aug 22 5:00 PM","26.352373447322"
"Year 1 Aug 22 6:00 PM","22.6753220386986"
"Year 1 Aug 22 7:00 PM","8.60274806085802"
"Year 1 Aug 22 8:00 PM","0"
"Year 1 Aug 22 9:00 PM","0"
"Year 1 Aug 22 10:00 PM","0"
"Year 1 Aug 22 11:00 PM","0"
"Year 1 Aug 23 12:00 AM","0"
"Year 1 Aug 23 1:00 AM","0"
"Year 1 Aug 23 2:00 AM","0"
"Year 1 Aug 23 3:00 AM","0"
"Year 1 Aug 23 4:00 AM","0"
"Year 1 Aug 23 5:00 AM","0"
"Year 1 Aug 23 6:00 AM","5.20047332271551"
"Year 1 Aug 23 7:00 AM","14.8011066664903"
"Year 1 Aug 23 8:00 AM","35.0315829366019"
"Year 1 Aug 23 9:00 AM","44.0938566285363"
"Year 1 Aug 23 10:00 AM","40.3236775630178"
"Year 1 Aug 23 11:00 AM","52.7576758781078"
"Year 1 Aug 23 12:00 PM","55.3580138604659"
"Year 1 Aug 23 1:00 PM","78.3194902501448"
"Year 1 Aug 23 2:00 PM","74.1522207393498"
"Year 1 Aug 23 3:00 PM","62.4110402138887"
"Year 1 Aug 23 4:00 PM","40.9105341737199"
"Year 1 Aug 23 5:00 PM","29.0930819448968"
"Year 1 Aug 23 6:00 PM","18.3268968633253"
"Year 1 Aug 23 7:00 PM","4.90148835478328"
"Year 1 Aug 23 8:00 PM","0"
"Year 1 Aug 23 9:00 PM","0"
"Year 1 Aug 23 10:00 PM","0"
"Year 1 Aug 23 11:00 PM","0"
"Year 1 Aug 24 12:00 AM","0"
"Year 1 Aug 24 1:00 AM","0"
"Year 1 Aug 24 2:00 AM","0"
"Year 1 Aug 24 3:00 AM","0"
"Year 1 Aug 24 4:00 AM","0"
"Year 1 Aug 24 5:00 AM","0"
"Year 1 Aug 24 6:00 AM","5.22863542044809"
"Year 1 Aug 24 7:00 AM","18.6402777646057"
"Year 1 Aug 24 8:00 AM","36.2809350319812"
"Year 1 Aug 24 9:00 AM","57.2865964954395"
"Year 1 Aug 24 10:00 AM","65.0102962188177"
"Year 1 Aug 24 11:00 AM","64.1005071305738"
"Year 1 Aug 24 12:00 PM","65.2383948231266"
"Year 1 Aug 24 1:00 PM","63.5607191532909"
"Year 1 Aug 24 2:00 PM","66.6680482073595"
"Year 1 Aug 24 3:00 PM","57.3890942746832"
"Year 1 Aug 24 4:00 PM","40.9188173452443"
"Year 1 Aug 24 5:00 PM","26.2640835367341"
"Year 1 Aug 24 6:00 PM","22.968264159402"
"Year 1 Aug 24 7:00 PM","8.29770894611443"
"Year 1 Aug 24 8:00 PM","0"
"Year 1 Aug 24 9:00 PM","0"
"Year 1 Aug 24 10:00 PM","0"
"Year 1 Aug 24 11:00 PM","0"
"Year 1 Aug 25 12:00 AM","0"
"Year 1 Aug 25 1:00 AM","0"
"Year 1 Aug 25 2:00 AM","0"
"Year 1 Aug 25 3:00 AM","0"
"Year 1 Aug 25 4:00 AM","0"
"Year 1 Aug 25 5:00 AM","0"
"Year 1 Aug 25 6:00 AM","16.0038963086953"
"Year 1 Aug 25 7:00 AM","27.618768152927"
"Year 1 Aug 25 8:00 AM","37.7182111047037"
"Year 1 Aug 25 9:00 AM","44.1917091992659"
"Year 1 Aug 25 10:00 AM","39.2471652281272"
"Year 1 Aug 25 11:00 AM","35.3989969637752"
"Year 1 Aug 25 12:00 PM","33.6542369364725"
"Year 1 Aug 25 1:00 PM","32.4654933684075"
"Year 1 Aug 25 2:00 PM","33.4796095847181"
"Year 1 Aug 25 3:00 PM","32.9511524568899"
"Year 1 Aug 25 4:00 PM","28.9539478923235"
"Year 1 Aug 25 5:00 PM","25.465544732697"
"Year 1 Aug 25 6:00 PM","22.365699255796"
"Year 1 Aug 25 7:00 PM","6.83897262586465"
"Year 1 Aug 25 8:00 PM","0"
"Year 1 Aug 25 9:00 PM","0"
"Year 1 Aug 25 10:00 PM","0"
"Year 1 Aug 25 11:00 PM","0"
"Year 1 Aug 26 12:00 AM","0"
"Year 1 Aug 26 1:00 AM","0"
"Year 1 Aug 26 2:00 AM","0"
"Year 1 Aug 26 3:00 AM","0"
"Year 1 Aug 26 4:00 AM","0"
"Year 1 Aug 26 5:00 AM","0"
"Year 1 Aug 26 6:00 AM","6.87312591413526"
"Year 1 Aug 26 7:00 AM","20.2799461556698"
"Year 1 Aug 26 8:00 AM","37.5834032052203"
"Year 1 Aug 26 9:00 AM","48.425638979694"
"Year 1 Aug 26 10:00 AM","66.1726881063253"
"Year 1 Aug 26 11:00 AM","73.7379768786436"
"Year 1 Aug 26 12:00 PM","71.7434012136985"
"Year 1 Aug 26 1:00 PM","72.3016091425921"
"Year 1 Aug 26 2:00 PM","71.6457688908582"
"Year 1 Aug 26 3:00 PM","55.1991376636776"
"Year 1 Aug 26 4:00 PM","43.2996099949023"
"Year 1 Aug 26 5:00 PM","17.0231618644289"
"Year 1 Aug 26 6:00 PM","12.448450954071"
"Year 1 Aug 26 7:00 PM","3.07117954392053"
"Year 1 Aug 26 8:00 PM","0"
"Year 1 Aug 26 9:00 PM","0"
"Year 1 Aug 26 10:00 PM","0"
"Year 1 Aug 26 11:00 PM","0"
"Year 1 Aug 27 12:00 AM","0"
"Year 1 Aug 27 1:00 AM","0"
"Year 1 Aug 27 2:00 AM","0"
"Year 1 Aug 27 3:00 AM","0"
"Year 1 Aug 27 4:00 AM","0"
"Year 1 Aug 27 5:00 AM","0"
"Year 1 Aug 27 6:00 AM","9.85042918977844"
"Year 1 Aug 27 7:00 AM","23.6124978080058"
"Year 1 Aug 27 8:00 AM","37.4553136681579"
"Year 1 Aug 27 9:00 AM","47.7053924595027"
"Year 1 Aug 27 10:00 AM","66.617660629425"
"Year 1 Aug 27 11:00 AM","71.1422860659214"
"Year 1 Aug 27 12:00 PM","72.0321077580615"
"Year 1 Aug 27 1:00 PM","56.6081377777255"
"Year 1 Aug 27 2:00 PM","51.2943815257224"
"Year 1 Aug 27 3:00 PM","54.1945679352131"
"Year 1 Aug 27 4:00 PM","49.7966097545743"
"Year 1 Aug 27 5:00 PM","33.8504812008019"
"Year 1 Aug 27 6:00 PM","19.8379956764745"
"Year 1 Aug 27 7:00 PM","4.75111666794378"
"Year 1 Aug 27 8:00 PM","0"
"Year 1 Aug 27 9:00 PM","0"
"Year 1 Aug 27 10:00 PM","0"
"Year 1 Aug 27 11:00 PM","0"
"Year 1 Aug 28 12:00 AM","0"
"Year 1 Aug 28 1:00 AM","0"
"Year 1 Aug 28 2:00 AM","0"
"Year 1 Aug 28 3:00 AM","0"
"Year 1 Aug 28 4:00 AM","0"
"Year 1 Aug 28 5:00 AM","0"
"Year 1 Aug 28 6:00 AM","3.29678560526884"
"Year 1 Aug 28 7:00 AM","10.2601307933843"
"Year 1 Aug 28 8:00 AM","23.0469605246661"
"Year 1 Aug 28 9:00 AM","53.0630760842547"
"Year 1 Aug 28 10:00 AM","64.8166875561101"
"Year 1 Aug 28 11:00 AM","56.9310619945712"
"Year 1 Aug 28 12:00 PM","65.4559528561783"
"Year 1 Aug 28 1:00 PM","53.7759507932291"
"Year 1 Aug 28 2:00 PM","67.0312392713106"
"Year 1 Aug 28 3:00 PM","60.5934711118268"
"Year 1 Aug 28 4:00 PM","45.4084227814345"
"Year 1 Aug 28 5:00 PM","24.1382713069705"
"Year 1 Aug 28 6:00 PM","11.6394814529342"
"Year 1 Aug 28 7:00 PM","2.40560469375149"
"Year 1 Aug 28 8:00 PM","0"
"Year 1 Aug 28 9:00 PM","0"
"Year 1 Aug 28 10:00 PM","0"
"Year 1 Aug 28 11:00 PM","0"
"Year 1 Aug 29 12:00 AM","0"
"Year 1 Aug 29 1:00 AM","0"
"Year 1 Aug 29 2:00 AM","0"
"Year 1 Aug 29 3:00 AM","0"
"Year 1 Aug 29 4:00 AM","0"
"Year 1 Aug 29 5:00 AM","0"
"Year 1 Aug 29 6:00 AM","6.74683364335455"
"Year 1 Aug 29 7:00 AM","16.3657521569237"
"Year 1 Aug 29 8:00 AM","20.2557037264094"
"Year 1 Aug 29 9:00 AM","33.3394121058654"
"Year 1 Aug 29 10:00 AM","60.8001432760917"
"Year 1 Aug 29 11:00 AM","59.3993890895281"
"Year 1 Aug 29 12:00 PM","47.1713450967731"
"Year 1 Aug 29 1:00 PM","60.0928577414152"
"Year 1 Aug 29 2:00 PM","53.760101544274"
"Year 1 Aug 29 3:00 PM","47.6643966283405"
"Year 1 Aug 29 4:00 PM","45.8245875199751"
"Year 1 Aug 29 5:00 PM","32.1089730677448"
"Year 1 Aug 29 6:00 PM","12.488769532372"
"Year 1 Aug 29 7:00 PM","2.01688597695993"
"Year 1 Aug 29 8:00 PM","0"
"Year 1 Aug 29 9:00 PM","0"
"Year 1 Aug 29 10:00 PM","0"
"Year 1 Aug 29 11:00 PM","0"
"Year 1 Aug 30 12:00 AM","0"
"Year 1 Aug 30 1:00 AM","0"
"Year 1 Aug 30 2:00 AM","0"
"Year 1 Aug 30 3:00 AM","0"
"Year 1 Aug 30 4:00 AM","0"
"Year 1 Aug 30 5:00 AM","0"
"Year 1 Aug 30 6:00 AM","11.9487902118119"
"Year 1 Aug 30 7:00 AM","21.6826635414482"
"Year 1 Aug 30 8:00 AM","30.1757442411192"
"Year 1 Aug 30 9:00 AM","37.3448977987679"
"Year 1 Aug 30 10:00 AM","35.4839315204515"
"Year 1 Aug 30 11:00 AM","42.3913118319544"
"Year 1 Aug 30 12:00 PM","47.8597814368984"
"Year 1 Aug 30 1:00 PM","35.0429414025029"
"Year 1 Aug 30 2:00 PM","33.8496655629431"
"Year 1 Aug 30 3:00 PM","34.0457669106683"
"Year 1 Aug 30 4:00 PM","31.1991333486334"
"Year 1 Aug 30 5:00 PM","24.2997672955086"
"Year 1 Aug 30 6:00 PM","19.5803919357245"
"Year 1 Aug 30 7:00 PM","3.25306882516485"
"Year 1 Aug 30 8:00 PM","0"
"Year 1 Aug 30 9:00 PM","0"
"Year 1 Aug 30 10:00 PM","0"
"Year 1 Aug 30 11:00 PM","0"
"Year 1 Aug 31 12:00 AM","0"
"Year 1 Aug 31 1:00 AM","0"
"Year 1 Aug 31 2:00 AM","0"
"Year 1 Aug 31 3:00 AM","0"
"Year 1 Aug 31 4:00 AM","0"
"Year 1 Aug 31 5:00 AM","0"
"Year 1 Aug 31 6:00 AM","11.3139896124216"
"Year 1 Aug 31 7:00 AM","19.562931513548"
"Year 1 Aug 31 8:00 AM","28.8463220268574"
"Year 1 Aug 31 9:00 AM","36.8630504548128"
"Year 1 Aug 31 10:00 AM","44.5504338616393"
"Year 1 Aug 31 11:00 AM","56.4086538688426"
"Year 1 Aug 31 12:00 PM","64.1017171518841"
"Year 1 Aug 31 1:00 PM","57.1235907472468"
"Year 1 Aug 31 2:00 PM","43.7810369864789"
"Year 1 Aug 31 3:00 PM","52.1539977322099"
"Year 1 Aug 31 4:00 PM","42.0775374220711"
"Year 1 Aug 31 5:00 PM","15.8952234736464"
"Year 1 Aug 31 6:00 PM","5.77424213417718"
"Year 1 Aug 31 7:00 PM","0.730194427926587"
"Year 1 Aug 31 8:00 PM","0"
"Year 1 Aug 31 9:00 PM","0"
"Year 1 Aug 31 10:00 PM","0"
"Year 1 Aug 31 11:00 PM","0"
"Year 1 Sep 01 12:00 AM","0"
"Year 1 Sep 01 1:00 AM","0"
"Year 1 Sep 01 2:00 AM","0"
"Year 1 Sep 01 3:00 AM","0"
"Year 1 Sep 01 4:00 AM","0"
"Year 1 Sep 01 5:00 AM","0"
"Year 1 Sep 01 6:00 AM","9.2524155064564"
"Year 1 Sep 01 7:00 AM","16.011593208943"
"Year 1 Sep 01 8:00 AM","21.9825217019773"
"Year 1 Sep 01 9:00 AM","26.2717922664225"
"Year 1 Sep 01 10:00 AM","31.8636023157762"
"Year 1 Sep 01 11:00 AM","34.4585715254631"
"Year 1 Sep 01 12:00 PM","32.5248818460924"
"Year 1 Sep 01 1:00 PM","38.8934377801255"
"Year 1 Sep 01 2:00 PM","36.9398526723634"
"Year 1 Sep 01 3:00 PM","42.9080479475417"
"Year 1 Sep 01 4:00 PM","31.2846199219788"
"Year 1 Sep 01 5:00 PM","19.6946507859524"
"Year 1 Sep 01 6:00 PM","16.9993432902246"
"Year 1 Sep 01 7:00 PM","3.03130437393898"
"Year 1 Sep 01 8:00 PM","0"
"Year 1 Sep 01 9:00 PM","0"
"Year 1 Sep 01 10:00 PM","0"
"Year 1 Sep 01 11:00 PM","0"
"Year 1 Sep 02 12:00 AM","0"
"Year 1 Sep 02 1:00 AM","0"
"Year 1 Sep 02 2:00 AM","0"
"Year 1 Sep 02 3:00 AM","0"
"Year 1 Sep 02 4:00 AM","0"
"Year 1 Sep 02 5:00 AM","0"
"Year 1 Sep 02 6:00 AM","8.30810664439146"
"Year 1 Sep 02 7:00 AM","20.8301498828545"
"Year 1 Sep 02 8:00 AM","39.7091236459525"
"Year 1 Sep 02 9:00 AM","54.0930729009224"
"Year 1 Sep 02 10:00 AM","62.0040821332296"
"Year 1 Sep 02 11:00 AM","53.0813195974288"
"Year 1 Sep 02 12:00 PM","54.857309413863"
"Year 1 Sep 02 1:00 PM","51.5616438948167"
"Year 1 Sep 02 2:00 PM","60.4416473385826"
"Year 1 Sep 02 3:00 PM","36.6470280046661"
"Year 1 Sep 02 4:00 PM","26.8303497887199"
"Year 1 Sep 02 5:00 PM","19.0607005750415"
"Year 1 Sep 02 6:00 PM","16.3472329164392"
"Year 1 Sep 02 7:00 PM","2.80773594393046"
"Year 1 Sep 02 8:00 PM","0"
"Year 1 Sep 02 9:00 PM","0"
"Year 1 Sep 02 10:00 PM","0"
"Year 1 Sep 02 11:00 PM","0"
"Year 1 Sep 03 12:00 AM","0"
"Year 1 Sep 03 1:00 AM","0"
"Year 1 Sep 03 2:00 AM","0"
"Year 1 Sep 03 3:00 AM","0"
"Year 1 Sep 03 4:00 AM","0"
"Year 1 Sep 03 5:00 AM","0"
"Year 1 Sep 03 6:00 AM","9.42433148117962"
"Year 1 Sep 03 7:00 AM","19.9982646673361"
"Year 1 Sep 03 8:00 AM","29.7489815058707"
"Year 1 Sep 03 9:00 AM","37.1458949755755"
"Year 1 Sep 03 10:00 AM","39.2238649650408"
"Year 1 Sep 03 11:00 AM","39.1661645966129"
"Year 1 Sep 03 12:00 PM","38.7533371397778"
"Year 1 Sep 03 1:00 PM","38.8322889258112"
"Year 1 Sep 03 2:00 PM","39.2667520135462"
"Year 1 Sep 03 3:00 PM","38.5385023694812"
"Year 1 Sep 03 4:00 PM","34.5350928991496"
"Year 1 Sep 03 5:00 PM","24.7855850470362"
"Year 1 Sep 03 6:00 PM","16.9798260938999"
"Year 1 Sep 03 7:00 PM","2.22516152372674"
"Year 1 Sep 03 8:00 PM","0"
"Year 1 Sep 03 9:00 PM","0"
"Year 1 Sep 03 10:00 PM","0"
"Year 1 Sep 03 11:00 PM","0"
"Year 1 Sep 04 12:00 AM","0"
"Year 1 Sep 04 1:00 AM","0"
"Year 1 Sep 04 2:00 AM","0"
"Year 1 Sep 04 3:00 AM","0"
"Year 1 Sep 04 4:00 AM","0"
"Year 1 Sep 04 5:00 AM","0"
"Year 1 Sep 04 6:00 AM","9.3025089748367"
"Year 1 Sep 04 7:00 AM","18.1302063629882"
"Year 1 Sep 04 8:00 AM","25.8645199001731"
"Year 1 Sep 04 9:00 AM","30.0915348072951"
"Year 1 Sep 04 10:00 AM","33.4218844491037"
"Year 1 Sep 04 11:00 AM","33.9962546481535"
"Year 1 Sep 04 12:00 PM","33.5136563092607"
"Year 1 Sep 04 1:00 PM","33.6992344310165"
"Year 1 Sep 04 2:00 PM","34.2549376264959"
"Year 1 Sep 04 3:00 PM","31.6641428249841"
"Year 1 Sep 04 4:00 PM","28.3277551213418"
"Year 1 Sep 04 5:00 PM","22.4013453155566"
"Year 1 Sep 04 6:00 PM","16.0709835879409"
"Year 1 Sep 04 7:00 PM","1.8601775175141"
"Year 1 Sep 04 8:00 PM","0"
"Year 1 Sep 04 9:00 PM","0"
"Year 1 Sep 04 10:00 PM","0"
"Year 1 Sep 04 11:00 PM","0"
"Year 1 Sep 05 12:00 AM","0"
"Year 1 Sep 05 1:00 AM","0"
"Year 1 Sep 05 2:00 AM","0"
"Year 1 Sep 05 3:00 AM","0"
"Year 1 Sep 05 4:00 AM","0"
"Year 1 Sep 05 5:00 AM","0"
"Year 1 Sep 05 6:00 AM","8.47392438585766"
"Year 1 Sep 05 7:00 AM","19.1663382867176"
"Year 1 Sep 05 8:00 AM","29.0429530884052"
"Year 1 Sep 05 9:00 AM","36.153545746449"
"Year 1 Sep 05 10:00 AM","38.22083859402"
"Year 1 Sep 05 11:00 AM","38.2942821593118"
"Year 1 Sep 05 12:00 PM","39.2059796556167"
"Year 1 Sep 05 1:00 PM","45.5590418582034"
"Year 1 Sep 05 2:00 PM","47.3864866834257"
"Year 1 Sep 05 3:00 PM","43.8101510778981"
"Year 1 Sep 05 4:00 PM","34.2010139270318"
"Year 1 Sep 05 5:00 PM","23.88343020618"
"Year 1 Sep 05 6:00 PM","15.4815913041508"
"Year 1 Sep 05 7:00 PM","1.74453584414039"
"Year 1 Sep 05 8:00 PM","0"
"Year 1 Sep 05 9:00 PM","0"
"Year 1 Sep 05 10:00 PM","0"
"Year 1 Sep 05 11:00 PM","0"
"Year 1 Sep 06 12:00 AM","0"
"Year 1 Sep 06 1:00 AM","0"
"Year 1 Sep 06 2:00 AM","0"
"Year 1 Sep 06 3:00 AM","0"
"Year 1 Sep 06 4:00 AM","0"
"Year 1 Sep 06 5:00 AM","0"
"Year 1 Sep 06 6:00 AM","8.41176163500796"
"Year 1 Sep 06 7:00 AM","17.016807284405"
"Year 1 Sep 06 8:00 AM","23.1890331672666"
"Year 1 Sep 06 9:00 AM","28.0864120196501"
"Year 1 Sep 06 10:00 AM","31.1158720371622"
"Year 1 Sep 06 11:00 AM","33.2052897158401"
"Year 1 Sep 06 12:00 PM","47.7580769615516"
"Year 1 Sep 06 1:00 PM","44.9572683411347"
"Year 1 Sep 06 2:00 PM","63.0060961300253"
"Year 1 Sep 06 3:00 PM","52.5959605107401"
"Year 1 Sep 06 4:00 PM","44.6994941195926"
"Year 1 Sep 06 5:00 PM","28.2855571280008"
"Year 1 Sep 06 6:00 PM","13.6581830425701"
"Year 1 Sep 06 7:00 PM","1.49705202009801"
"Year 1 Sep 06 8:00 PM","0"
"Year 1 Sep 06 9:00 PM","0"
"Year 1 Sep 06 10:00 PM","0"
"Year 1 Sep 06 11:00 PM","0"
"Year 1 Sep 07 12:00 AM","0"
"Year 1 Sep 07 1:00 AM","0"
"Year 1 Sep 07 2:00 AM","0"
"Year 1 Sep 07 3:00 AM","0"
"Year 1 Sep 07 4:00 AM","0"
"Year 1 Sep 07 5:00 AM","0"
"Year 1 Sep 07 6:00 AM","4.2434350470302"
"Year 1 Sep 07 7:00 AM","16.3404519110451"
"Year 1 Sep 07 8:00 AM","30.2794772954917"
"Year 1 Sep 07 9:00 AM","47.7961755375011"
"Year 1 Sep 07 10:00 AM","59.3449627566527"
"Year 1 Sep 07 11:00 AM","70.2921740485597"
"Year 1 Sep 07 12:00 PM","81.5007687244217"
"Year 1 Sep 07 1:00 PM","84.4841436332863"
"Year 1 Sep 07 2:00 PM","77.7505156966445"
"Year 1 Sep 07 3:00 PM","64.0353941714993"
"Year 1 Sep 07 4:00 PM","46.1362062653887"
"Year 1 Sep 07 5:00 PM","27.49017090141"
"Year 1 Sep 07 6:00 PM","12.284241219946"
"Year 1 Sep 07 7:00 PM","1.42777396770425"
"Year 1 Sep 07 8:00 PM","0"
"Year 1 Sep 07 9:00 PM","0"
"Year 1 Sep 07 10:00 PM","0"
"Year 1 Sep 07 11:00 PM","0"
"Year 1 Sep 08 12:00 AM","0"
"Year 1 Sep 08 1:00 AM","0"
"Year 1 Sep 08 2:00 AM","0"
"Year 1 Sep 08 3:00 AM","0"
"Year 1 Sep 08 4:00 AM","0"
"Year 1 Sep 08 5:00 AM","0"
"Year 1 Sep 08 6:00 AM","5.94193903126377"
"Year 1 Sep 08 7:00 AM","19.6107701847577"
"Year 1 Sep 08 8:00 AM","39.7650677865942"
"Year 1 Sep 08 9:00 AM","55.4222874013938"
"Year 1 Sep 08 10:00 AM","67.47296369497"
"Year 1 Sep 08 11:00 AM","71.0762494765216"
"Year 1 Sep 08 12:00 PM","73.7826153779874"
"Year 1 Sep 08 1:00 PM","55.377214173086"
"Year 1 Sep 08 2:00 PM","42.6130214713745"
"Year 1 Sep 08 3:00 PM","47.7542569846184"
"Year 1 Sep 08 4:00 PM","34.0207257483921"
"Year 1 Sep 08 5:00 PM","23.0979255827515"
"Year 1 Sep 08 6:00 PM","11.5351533113723"
"Year 1 Sep 08 7:00 PM","1.29996431575157"
"Year 1 Sep 08 8:00 PM","0"
"Year 1 Sep 08 9:00 PM","0"
"Year 1 Sep 08 10:00 PM","0"
"Year 1 Sep 08 11:00 PM","0"
"Year 1 Sep 09 12:00 AM","0"
"Year 1 Sep 09 1:00 AM","0"
"Year 1 Sep 09 2:00 AM","0"
"Year 1 Sep 09 3:00 AM","0"
"Year 1 Sep 09 4:00 AM","0"
"Year 1 Sep 09 5:00 AM","0"
"Year 1 Sep 09 6:00 AM","7.23188074587879"
"Year 1 Sep 09 7:00 AM","17.6134924556874"
"Year 1 Sep 09 8:00 AM","34.3921976434967"
"Year 1 Sep 09 9:00 AM","31.4610737039702"
"Year 1 Sep 09 10:00 AM","39.5946273660267"
"Year 1 Sep 09 11:00 AM","58.3685571486054"
"Year 1 Sep 09 12:00 PM","61.1085767116807"
"Year 1 Sep 09 1:00 PM","45.6499735632174"
"Year 1 Sep 09 2:00 PM","50.8974767462655"
"Year 1 Sep 09 3:00 PM","56.1042056684602"
"Year 1 Sep 09 4:00 PM","33.8818772497605"
"Year 1 Sep 09 5:00 PM","22.1901725118738"
"Year 1 Sep 09 6:00 PM","13.963231180812"
"Year 1 Sep 09 7:00 PM","0"
"Year 1 Sep 09 8:00 PM","0"
"Year 1 Sep 09 9:00 PM","0"
"Year 1 Sep 09 10:00 PM","0"
"Year 1 Sep 09 11:00 PM","0"
"Year 1 Sep 10 12:00 AM","0"
"Year 1 Sep 10 1:00 AM","0"
"Year 1 Sep 10 2:00 AM","0"
"Year 1 Sep 10 3:00 AM","0"
"Year 1 Sep 10 4:00 AM","0"
"Year 1 Sep 10 5:00 AM","0"
"Year 1 Sep 10 6:00 AM","5.9594860860388"
"Year 1 Sep 10 7:00 AM","18.6797287697363"
"Year 1 Sep 10 8:00 AM","33.7731377542913"
"Year 1 Sep 10 9:00 AM","42.0149384022069"
"Year 1 Sep 10 10:00 AM","43.5216316937488"
"Year 1 Sep 10 11:00 AM","46.5796339931335"
"Year 1 Sep 10 12:00 PM","47.9155888643531"
"Year 1 Sep 10 1:00 PM","52.6996801586505"
"Year 1 Sep 10 2:00 PM","57.356514193604"
"Year 1 Sep 10 3:00 PM","46.3750570220273"
"Year 1 Sep 10 4:00 PM","35.8408623246256"
"Year 1 Sep 10 5:00 PM","18.224277731951"
"Year 1 Sep 10 6:00 PM","6.85678884147239"
"Year 1 Sep 10 7:00 PM","0"
"Year 1 Sep 10 8:00 PM","0"
"Year 1 Sep 10 9:00 PM","0"
"Year 1 Sep 10 10:00 PM","0"
"Year 1 Sep 10 11:00 PM","0"
"Year 1 Sep 11 12:00 AM","0"
"Year 1 Sep 11 1:00 AM","0"
"Year 1 Sep 11 2:00 AM","0"
"Year 1 Sep 11 3:00 AM","0"
"Year 1 Sep 11 4:00 AM","0"
"Year 1 Sep 11 5:00 AM","0"
"Year 1 Sep 11 6:00 AM","6.11320535982372"
"Year 1 Sep 11 7:00 AM","18.226007020849"
"Year 1 Sep 11 8:00 AM","24.8634437099841"
"Year 1 Sep 11 9:00 AM","29.4235107446033"
"Year 1 Sep 11 10:00 AM","40.1268856363398"
"Year 1 Sep 11 11:00 AM","41.4180979884048"
"Year 1 Sep 11 12:00 PM","47.7308482308337"
"Year 1 Sep 11 1:00 PM","38.8412463829268"
"Year 1 Sep 11 2:00 PM","27.7291325999332"
"Year 1 Sep 11 3:00 PM","28.3625075125409"
"Year 1 Sep 11 4:00 PM","31.5061641316703"
"Year 1 Sep 11 5:00 PM","21.4850697840274"
"Year 1 Sep 11 6:00 PM","11.0874402298008"
"Year 1 Sep 11 7:00 PM","0"
"Year 1 Sep 11 8:00 PM","0"
"Year 1 Sep 11 9:00 PM","0"
"Year 1 Sep 11 10:00 PM","0"
"Year 1 Sep 11 11:00 PM","0"
"Year 1 Sep 12 12:00 AM","0"
"Year 1 Sep 12 1:00 AM","0"
"Year 1 Sep 12 2:00 AM","0"
"Year 1 Sep 12 3:00 AM","0"
"Year 1 Sep 12 4:00 AM","0"
"Year 1 Sep 12 5:00 AM","0"
"Year 1 Sep 12 6:00 AM","2.17174091181968"
"Year 1 Sep 12 7:00 AM","12.6972394946992"
"Year 1 Sep 12 8:00 AM","36.1350880534552"
"Year 1 Sep 12 9:00 AM","33.8972344955353"
"Year 1 Sep 12 10:00 AM","30.6015631847718"
"Year 1 Sep 12 11:00 AM","36.0594700677704"
"Year 1 Sep 12 12:00 PM","43.316776771255"
"Year 1 Sep 12 1:00 PM","54.3529605651152"
"Year 1 Sep 12 2:00 PM","43.3361186796669"
"Year 1 Sep 12 3:00 PM","36.3075736344743"
"Year 1 Sep 12 4:00 PM","26.9764338956421"
"Year 1 Sep 12 5:00 PM","23.0081090926059"
"Year 1 Sep 12 6:00 PM","11.5426482658932"
"Year 1 Sep 12 7:00 PM","0"
"Year 1 Sep 12 8:00 PM","0"
"Year 1 Sep 12 9:00 PM","0"
"Year 1 Sep 12 10:00 PM","0"
"Year 1 Sep 12 11:00 PM","0"
"Year 1 Sep 13 12:00 AM","0"
"Year 1 Sep 13 1:00 AM","0"
"Year 1 Sep 13 2:00 AM","0"
"Year 1 Sep 13 3:00 AM","0"
"Year 1 Sep 13 4:00 AM","0"
"Year 1 Sep 13 5:00 AM","0"
"Year 1 Sep 13 6:00 AM","4.44932816488055"
"Year 1 Sep 13 7:00 AM","15.1797462283919"
"Year 1 Sep 13 8:00 AM","31.5748178934552"
"Year 1 Sep 13 9:00 AM","47.7480157955079"
"Year 1 Sep 13 10:00 AM","38.817093727659"
"Year 1 Sep 13 11:00 AM","37.1559345855427"
"Year 1 Sep 13 12:00 PM","40.8364252805612"
"Year 1 Sep 13 1:00 PM","53.4311856243656"
"Year 1 Sep 13 2:00 PM","34.6995310952032"
"Year 1 Sep 13 3:00 PM","37.3155323074094"
"Year 1 Sep 13 4:00 PM","36.5438067000787"
"Year 1 Sep 13 5:00 PM","19.0699577701782"
"Year 1 Sep 13 6:00 PM","11.1813759037285"
"Year 1 Sep 13 7:00 PM","0"
"Year 1 Sep 13 8:00 PM","0"
"Year 1 Sep 13 9:00 PM","0"
"Year 1 Sep 13 10:00 PM","0"
"Year 1 Sep 13 11:00 PM","0"
"Year 1 Sep 14 12:00 AM","0"
"Year 1 Sep 14 1:00 AM","0"
"Year 1 Sep 14 2:00 AM","0"
"Year 1 Sep 14 3:00 AM","0"
"Year 1 Sep 14 4:00 AM","0"
"Year 1 Sep 14 5:00 AM","0"
"Year 1 Sep 14 6:00 AM","4.15701493241367"
"Year 1 Sep 14 7:00 AM","12.7679601145612"
"Year 1 Sep 14 8:00 AM","20.7036725723815"
"Year 1 Sep 14 9:00 AM","26.0253433484595"
"Year 1 Sep 14 10:00 AM","27.2142513089805"
"Year 1 Sep 14 11:00 AM","28.6428634262002"
"Year 1 Sep 14 12:00 PM","28.4863205816129"
"Year 1 Sep 14 1:00 PM","28.4698937313923"
"Year 1 Sep 14 2:00 PM","30.1871686164498"
"Year 1 Sep 14 3:00 PM","27.221586081393"
"Year 1 Sep 14 4:00 PM","29.222193310438"
"Year 1 Sep 14 5:00 PM","23.2209528161117"
"Year 1 Sep 14 6:00 PM","7.87252392424372"
"Year 1 Sep 14 7:00 PM","0"
"Year 1 Sep 14 8:00 PM","0"
"Year 1 Sep 14 9:00 PM","0"
"Year 1 Sep 14 10:00 PM","0"
"Year 1 Sep 14 11:00 PM","0"
"Year 1 Sep 15 12:00 AM","0"
"Year 1 Sep 15 1:00 AM","0"
"Year 1 Sep 15 2:00 AM","0"
"Year 1 Sep 15 3:00 AM","0"
"Year 1 Sep 15 4:00 AM","0"
"Year 1 Sep 15 5:00 AM","0"
"Year 1 Sep 15 6:00 AM","3.21916046906736"
"Year 1 Sep 15 7:00 AM","14.4769533782311"
"Year 1 Sep 15 8:00 AM","32.8684659441468"
"Year 1 Sep 15 9:00 AM","50.9714410137948"
"Year 1 Sep 15 10:00 AM","56.6623352199809"
"Year 1 Sep 15 11:00 AM","59.0620652548279"
"Year 1 Sep 15 12:00 PM","60.1762400428058"
"Year 1 Sep 15 1:00 PM","57.6005043419117"
"Year 1 Sep 15 2:00 PM","52.7769440023688"
"Year 1 Sep 15 3:00 PM","50.1170012511468"
"Year 1 Sep 15 4:00 PM","44.2155962865951"
"Year 1 Sep 15 5:00 PM","23.7415813745927"
"Year 1 Sep 15 6:00 PM","6.72806533627635"
"Year 1 Sep 15 7:00 PM","0"
"Year 1 Sep 15 8:00 PM","0"
"Year 1 Sep 15 9:00 PM","0"
"Year 1 Sep 15 10:00 PM","0"
"Year 1 Sep 15 11:00 PM","0"
"Year 1 Sep 16 12:00 AM","0"
"Year 1 Sep 16 1:00 AM","0"
"Year 1 Sep 16 2:00 AM","0"
"Year 1 Sep 16 3:00 AM","0"
"Year 1 Sep 16 4:00 AM","0"
"Year 1 Sep 16 5:00 AM","0"
"Year 1 Sep 16 6:00 AM","2.50795435865266"
"Year 1 Sep 16 7:00 AM","13.9420390781169"
"Year 1 Sep 16 8:00 AM","29.6995854503103"
"Year 1 Sep 16 9:00 AM","37.0642877743285"
"Year 1 Sep 16 10:00 AM","42.2211637223326"
"Year 1 Sep 16 11:00 AM","43.7081023626122"
"Year 1 Sep 16 12:00 PM","46.082328328958"
"Year 1 Sep 16 1:00 PM","53.3972755603844"
"Year 1 Sep 16 2:00 PM","66.2807313979385"
"Year 1 Sep 16 3:00 PM","52.9332385345495"
"Year 1 Sep 16 4:00 PM","36.1157725904968"
"Year 1 Sep 16 5:00 PM","25.3807172529536"
"Year 1 Sep 16 6:00 PM","7.63019543167001"
"Year 1 Sep 16 7:00 PM","0"
"Year 1 Sep 16 8:00 PM","0"
"Year 1 Sep 16 9:00 PM","0"
"Year 1 Sep 16 10:00 PM","0"
"Year 1 Sep 16 11:00 PM","0"
"Year 1 Sep 17 12:00 AM","0"
"Year 1 Sep 17 1:00 AM","0"
"Year 1 Sep 17 2:00 AM","0"
"Year 1 Sep 17 3:00 AM","0"
"Year 1 Sep 17 4:00 AM","0"
"Year 1 Sep 17 5:00 AM","0"
"Year 1 Sep 17 6:00 AM","1.80694162409803"
"Year 1 Sep 17 7:00 AM","8.67924916059246"
"Year 1 Sep 17 8:00 AM","15.0557948362272"
"Year 1 Sep 17 9:00 AM","23.7749253310365"
"Year 1 Sep 17 10:00 AM","35.3544207473258"
"Year 1 Sep 17 11:00 AM","61.3067578874936"
"Year 1 Sep 17 12:00 PM","69.8399877611997"
"Year 1 Sep 17 1:00 PM","66.6440646622341"
"Year 1 Sep 17 2:00 PM","62.0681352196708"
"Year 1 Sep 17 3:00 PM","39.6335823181542"
"Year 1 Sep 17 4:00 PM","38.6754484787065"
"Year 1 Sep 17 5:00 PM","19.1835193298311"
"Year 1 Sep 17 6:00 PM","5.18785352603519"
"Year 1 Sep 17 7:00 PM","0"
"Year 1 Sep 17 8:00 PM","0"
"Year 1 Sep 17 9:00 PM","0"
"Year 1 Sep 17 10:00 PM","0"
"Year 1 Sep 17 11:00 PM","0"
"Year 1 Sep 18 12:00 AM","0"
"Year 1 Sep 18 1:00 AM","0"
"Year 1 Sep 18 2:00 AM","0"
"Year 1 Sep 18 3:00 AM","0"
"Year 1 Sep 18 4:00 AM","0"
"Year 1 Sep 18 5:00 AM","0"
"Year 1 Sep 18 6:00 AM","2.09637197168851"
"Year 1 Sep 18 7:00 AM","11.4314940800702"
"Year 1 Sep 18 8:00 AM","23.9372574304063"
"Year 1 Sep 18 9:00 AM","42.2152550579351"
"Year 1 Sep 18 10:00 AM","52.3651364126375"
"Year 1 Sep 18 11:00 AM","64.1114531551587"
"Year 1 Sep 18 12:00 PM","67.9148945900307"
"Year 1 Sep 18 1:00 PM","63.0322487210552"
"Year 1 Sep 18 2:00 PM","42.1509190473451"
"Year 1 Sep 18 3:00 PM","36.7072508470669"
"Year 1 Sep 18 4:00 PM","23.862687617294"
"Year 1 Sep 18 5:00 PM","13.6694876297091"
"Year 1 Sep 18 6:00 PM","4.05286906946804"
"Year 1 Sep 18 7:00 PM","0"
"Year 1 Sep 18 8:00 PM","0"
"Year 1 Sep 18 9:00 PM","0"
"Year 1 Sep 18 10:00 PM","0"
"Year 1 Sep 18 11:00 PM","0"
"Year 1 Sep 19 12:00 AM","0"
"Year 1 Sep 19 1:00 AM","0"
"Year 1 Sep 19 2:00 AM","0"
"Year 1 Sep 19 3:00 AM","0"
"Year 1 Sep 19 4:00 AM","0"
"Year 1 Sep 19 5:00 AM","0"
"Year 1 Sep 19 6:00 AM","3.10390497662756"
"Year 1 Sep 19 7:00 AM","14.7076353649791"
"Year 1 Sep 19 8:00 AM","23.796666628393"
"Year 1 Sep 19 9:00 AM","28.7297510779759"
"Year 1 Sep 19 10:00 AM","33.9903502494388"
"Year 1 Sep 19 11:00 AM","49.3673057583688"
"Year 1 Sep 19 12:00 PM","62.8379479856976"
"Year 1 Sep 19 1:00 PM","66.5303267413029"
"Year 1 Sep 19 2:00 PM","57.4162284698817"
"Year 1 Sep 19 3:00 PM","46.9348740344417"
"Year 1 Sep 19 4:00 PM","30.7970749614559"
"Year 1 Sep 19 5:00 PM","11.9394712019372"
"Year 1 Sep 19 6:00 PM","3.60557111217753"
"Year 1 Sep 19 7:00 PM","0"
"Year 1 Sep 19 8:00 PM","0"
"Year 1 Sep 19 9:00 PM","0"
"Year 1 Sep 19 10:00 PM","0"
"Year 1 Sep 19 11:00 PM","0"
"Year 1 Sep 20 12:00 AM","0"
"Year 1 Sep 20 1:00 AM","0"
"Year 1 Sep 20 2:00 AM","0"
"Year 1 Sep 20 3:00 AM","0"
"Year 1 Sep 20 4:00 AM","0"
"Year 1 Sep 20 5:00 AM","0"
"Year 1 Sep 20 6:00 AM","1.74003636371204"
"Year 1 Sep 20 7:00 AM","14.0536161632093"
"Year 1 Sep 20 8:00 AM","28.3291599179904"
"Year 1 Sep 20 9:00 AM","43.0201799870053"
"Year 1 Sep 20 10:00 AM","56.9125023286433"
"Year 1 Sep 20 11:00 AM","42.7001331853253"
"Year 1 Sep 20 12:00 PM","65.4172426041721"
"Year 1 Sep 20 1:00 PM","64.2941807832768"
"Year 1 Sep 20 2:00 PM","54.1643321642876"
"Year 1 Sep 20 3:00 PM","43.1336582929136"
"Year 1 Sep 20 4:00 PM","25.7970633936758"
"Year 1 Sep 20 5:00 PM","19.1986447887396"
"Year 1 Sep 20 6:00 PM","4.09326190942546"
"Year 1 Sep 20 7:00 PM","0"
"Year 1 Sep 20 8:00 PM","0"
"Year 1 Sep 20 9:00 PM","0"
"Year 1 Sep 20 10:00 PM","0"
"Year 1 Sep 20 11:00 PM","0"
"Year 1 Sep 21 12:00 AM","0"
"Year 1 Sep 21 1:00 AM","0"
"Year 1 Sep 21 2:00 AM","0"
"Year 1 Sep 21 3:00 AM","0"
"Year 1 Sep 21 4:00 AM","0"
"Year 1 Sep 21 5:00 AM","0"
"Year 1 Sep 21 6:00 AM","2.09140309202117"
"Year 1 Sep 21 7:00 AM","14.1685534953628"
"Year 1 Sep 21 8:00 AM","22.9025778351499"
"Year 1 Sep 21 9:00 AM","39.0511841387912"
"Year 1 Sep 21 10:00 AM","53.1833585635593"
"Year 1 Sep 21 11:00 AM","42.6541381535295"
"Year 1 Sep 21 12:00 PM","50.2984431340765"
"Year 1 Sep 21 1:00 PM","62.1006020220691"
"Year 1 Sep 21 2:00 PM","45.4275320152836"
"Year 1 Sep 21 3:00 PM","36.4255895916093"
"Year 1 Sep 21 4:00 PM","25.2727742089197"
"Year 1 Sep 21 5:00 PM","13.520200584025"
"Year 1 Sep 21 6:00 PM","2.65970408177758"
"Year 1 Sep 21 7:00 PM","0"
"Year 1 Sep 21 8:00 PM","0"
"Year 1 Sep 21 9:00 PM","0"
"Year 1 Sep 21 10:00 PM","0"
"Year 1 Sep 21 11:00 PM","0"
"Year 1 Sep 22 12:00 AM","0"
"Year 1 Sep 22 1:00 AM","0"
"Year 1 Sep 22 2:00 AM","0"
"Year 1 Sep 22 3:00 AM","0"
"Year 1 Sep 22 4:00 AM","0"
"Year 1 Sep 22 5:00 AM","0"
"Year 1 Sep 22 6:00 AM","2.14573275653262"
"Year 1 Sep 22 7:00 AM","15.206502154474"
"Year 1 Sep 22 8:00 AM","26.4835672321599"
"Year 1 Sep 22 9:00 AM","50.0184773031044"
"Year 1 Sep 22 10:00 AM","64.8535172324952"
"Year 1 Sep 22 11:00 AM","61.8649468620814"
"Year 1 Sep 22 12:00 PM","60.2469456918724"
"Year 1 Sep 22 1:00 PM","61.2518829436319"
"Year 1 Sep 22 2:00 PM","51.0121464868897"
"Year 1 Sep 22 3:00 PM","29.7302584743084"
"Year 1 Sep 22 4:00 PM","28.518948944337"
"Year 1 Sep 22 5:00 PM","17.4122918472926"
"Year 1 Sep 22 6:00 PM","4.85370940258839"
"Year 1 Sep 22 7:00 PM","0"
"Year 1 Sep 22 8:00 PM","0"
"Year 1 Sep 22 9:00 PM","0"
"Year 1 Sep 22 10:00 PM","0"
"Year 1 Sep 22 11:00 PM","0"
"Year 1 Sep 23 12:00 AM","0"
"Year 1 Sep 23 1:00 AM","0"
"Year 1 Sep 23 2:00 AM","0"
"Year 1 Sep 23 3:00 AM","0"
"Year 1 Sep 23 4:00 AM","0"
"Year 1 Sep 23 5:00 AM","0"
"Year 1 Sep 23 6:00 AM","1.99702676644985"
"Year 1 Sep 23 7:00 AM","13.1580071664124"
"Year 1 Sep 23 8:00 AM","20.3437860492948"
"Year 1 Sep 23 9:00 AM","26.2140571404813"
"Year 1 Sep 23 10:00 AM","29.2043512016494"
"Year 1 Sep 23 11:00 AM","32.0703571874539"
"Year 1 Sep 23 12:00 PM","41.5179037242097"
"Year 1 Sep 23 1:00 PM","42.7799284519803"
"Year 1 Sep 23 2:00 PM","40.9255405623116"
"Year 1 Sep 23 3:00 PM","28.4058685263512"
"Year 1 Sep 23 4:00 PM","22.114605361323"
"Year 1 Sep 23 5:00 PM","15.5567695768139"
"Year 1 Sep 23 6:00 PM","4.7933650324038"
"Year 1 Sep 23 7:00 PM","0"
"Year 1 Sep 23 8:00 PM","0"
"Year 1 Sep 23 9:00 PM","0"
"Year 1 Sep 23 10:00 PM","0"
"Year 1 Sep 23 11:00 PM","0"
"Year 1 Sep 24 12:00 AM","0"
"Year 1 Sep 24 1:00 AM","0"
"Year 1 Sep 24 2:00 AM","0"
"Year 1 Sep 24 3:00 AM","0"
"Year 1 Sep 24 4:00 AM","0"
"Year 1 Sep 24 5:00 AM","0"
"Year 1 Sep 24 6:00 AM","1.75536330599813"
"Year 1 Sep 24 7:00 AM","12.828950645249"
"Year 1 Sep 24 8:00 AM","26.3606554617131"
"Year 1 Sep 24 9:00 AM","39.8449170615795"
"Year 1 Sep 24 10:00 AM","33.8287345591575"
"Year 1 Sep 24 11:00 AM","33.0388755893731"
"Year 1 Sep 24 12:00 PM","41.0350731678053"
"Year 1 Sep 24 1:00 PM","36.5409280175903"
"Year 1 Sep 24 2:00 PM","42.7975414931896"
"Year 1 Sep 24 3:00 PM","35.992601500808"
"Year 1 Sep 24 4:00 PM","27.8084070247695"
"Year 1 Sep 24 5:00 PM","18.3133354233223"
"Year 1 Sep 24 6:00 PM","3.30603905711877"
"Year 1 Sep 24 7:00 PM","0"
"Year 1 Sep 24 8:00 PM","0"
"Year 1 Sep 24 9:00 PM","0"
"Year 1 Sep 24 10:00 PM","0"
"Year 1 Sep 24 11:00 PM","0"
"Year 1 Sep 25 12:00 AM","0"
"Year 1 Sep 25 1:00 AM","0"
"Year 1 Sep 25 2:00 AM","0"
"Year 1 Sep 25 3:00 AM","0"
"Year 1 Sep 25 4:00 AM","0"
"Year 1 Sep 25 5:00 AM","0"
"Year 1 Sep 25 6:00 AM","1.73056730289038"
"Year 1 Sep 25 7:00 AM","13.4944453485718"
"Year 1 Sep 25 8:00 AM","25.4426813006915"
"Year 1 Sep 25 9:00 AM","32.652449547751"
"Year 1 Sep 25 10:00 AM","35.687618422041"
"Year 1 Sep 25 11:00 AM","32.9225585428187"
"Year 1 Sep 25 12:00 PM","32.5835487986728"
"Year 1 Sep 25 1:00 PM","33.2852186917583"
"Year 1 Sep 25 2:00 PM","32.366559720086"
"Year 1 Sep 25 3:00 PM","28.3407493615347"
"Year 1 Sep 25 4:00 PM","24.0981276315143"
"Year 1 Sep 25 5:00 PM","16.3492223749155"
"Year 1 Sep 25 6:00 PM","4.62090844791294"
"Year 1 Sep 25 7:00 PM","0"
"Year 1 Sep 25 8:00 PM","0"
"Year 1 Sep 25 9:00 PM","0"
"Year 1 Sep 25 10:00 PM","0"
"Year 1 Sep 25 11:00 PM","0"
"Year 1 Sep 26 12:00 AM","0"
"Year 1 Sep 26 1:00 AM","0"
"Year 1 Sep 26 2:00 AM","0"
"Year 1 Sep 26 3:00 AM","0"
"Year 1 Sep 26 4:00 AM","0"
"Year 1 Sep 26 5:00 AM","0"
"Year 1 Sep 26 6:00 AM","1.96858211463862"
"Year 1 Sep 26 7:00 AM","13.373852132153"
"Year 1 Sep 26 8:00 AM","23.7807940566981"
"Year 1 Sep 26 9:00 AM","29.4036240569995"
"Year 1 Sep 26 10:00 AM","32.0088125260652"
"Year 1 Sep 26 11:00 AM","34.6070532602668"
"Year 1 Sep 26 12:00 PM","35.5019083053874"
"Year 1 Sep 26 1:00 PM","35.4911880683914"
"Year 1 Sep 26 2:00 PM","32.1837947243727"
"Year 1 Sep 26 3:00 PM","31.3168761468967"
"Year 1 Sep 26 4:00 PM","30.055982741804"
"Year 1 Sep 26 5:00 PM","19.5055244700801"
"Year 1 Sep 26 6:00 PM","3.59804537449217"
"Year 1 Sep 26 7:00 PM","0"
"Year 1 Sep 26 8:00 PM","0"
"Year 1 Sep 26 9:00 PM","0"
"Year 1 Sep 26 10:00 PM","0"
"Year 1 Sep 26 11:00 PM","0"
"Year 1 Sep 27 12:00 AM","0"
"Year 1 Sep 27 1:00 AM","0"
"Year 1 Sep 27 2:00 AM","0"
"Year 1 Sep 27 3:00 AM","0"
"Year 1 Sep 27 4:00 AM","0"
"Year 1 Sep 27 5:00 AM","0"
"Year 1 Sep 27 6:00 AM","1.63054672121592"
"Year 1 Sep 27 7:00 AM","12.4974707848862"
"Year 1 Sep 27 8:00 AM","20.796291069132"
"Year 1 Sep 27 9:00 AM","28.3100758496021"
"Year 1 Sep 27 10:00 AM","45.7599652481599"
"Year 1 Sep 27 11:00 AM","56.6718500983143"
"Year 1 Sep 27 12:00 PM","64.4755530652134"
"Year 1 Sep 27 1:00 PM","47.3826513281446"
"Year 1 Sep 27 2:00 PM","31.0459707559683"
"Year 1 Sep 27 3:00 PM","27.1145096894201"
"Year 1 Sep 27 4:00 PM","21.8184338410529"
"Year 1 Sep 27 5:00 PM","16.4203090057207"
"Year 1 Sep 27 6:00 PM","3.54590161048237"
"Year 1 Sep 27 7:00 PM","0"
"Year 1 Sep 27 8:00 PM","0"
"Year 1 Sep 27 9:00 PM","0"
"Year 1 Sep 27 10:00 PM","0"
"Year 1 Sep 27 11:00 PM","0"
"Year 1 Sep 28 12:00 AM","0"
"Year 1 Sep 28 1:00 AM","0"
"Year 1 Sep 28 2:00 AM","0"
"Year 1 Sep 28 3:00 AM","0"
"Year 1 Sep 28 4:00 AM","0"
"Year 1 Sep 28 5:00 AM","0"
"Year 1 Sep 28 6:00 AM","1.90544224262253"
"Year 1 Sep 28 7:00 AM","13.0596126944029"
"Year 1 Sep 28 8:00 AM","18.5960520734107"
"Year 1 Sep 28 9:00 AM","27.8627230972444"
"Year 1 Sep 28 10:00 AM","41.1458626436609"
"Year 1 Sep 28 11:00 AM","31.5310226855703"
"Year 1 Sep 28 12:00 PM","51.0489048285426"
"Year 1 Sep 28 1:00 PM","44.3937177182234"
"Year 1 Sep 28 2:00 PM","48.5898746790768"
"Year 1 Sep 28 3:00 PM","45.4004831514523"
"Year 1 Sep 28 4:00 PM","34.6517363837227"
"Year 1 Sep 28 5:00 PM","16.4685794237575"
"Year 1 Sep 28 6:00 PM","2.74979159209454"
"Year 1 Sep 28 7:00 PM","0"
"Year 1 Sep 28 8:00 PM","0"
"Year 1 Sep 28 9:00 PM","0"
"Year 1 Sep 28 10:00 PM","0"
"Year 1 Sep 28 11:00 PM","0"
"Year 1 Sep 29 12:00 AM","0"
"Year 1 Sep 29 1:00 AM","0"
"Year 1 Sep 29 2:00 AM","0"
"Year 1 Sep 29 3:00 AM","0"
"Year 1 Sep 29 4:00 AM","0"
"Year 1 Sep 29 5:00 AM","0"
"Year 1 Sep 29 6:00 AM","1.51610989977287"
"Year 1 Sep 29 7:00 AM","12.0933813293085"
"Year 1 Sep 29 8:00 AM","19.9141958624683"
"Year 1 Sep 29 9:00 AM","25.4366930385852"
"Year 1 Sep 29 10:00 AM","36.984915959166"
"Year 1 Sep 29 11:00 AM","59.7027776294632"
"Year 1 Sep 29 12:00 PM","63.1949559431363"
"Year 1 Sep 29 1:00 PM","57.9051869990616"
"Year 1 Sep 29 2:00 PM","49.7344779815123"
"Year 1 Sep 29 3:00 PM","39.5147531335967"
"Year 1 Sep 29 4:00 PM","30.9878513940499"
"Year 1 Sep 29 5:00 PM","15.5259443961614"
"Year 1 Sep 29 6:00 PM","3.10271405424527"
"Year 1 Sep 29 7:00 PM","0"
"Year 1 Sep 29 8:00 PM","0"
"Year 1 Sep 29 9:00 PM","0"
"Year 1 Sep 29 10:00 PM","0"
"Year 1 Sep 29 11:00 PM","0"
"Year 1 Sep 30 12:00 AM","0"
"Year 1 Sep 30 1:00 AM","0"
"Year 1 Sep 30 2:00 AM","0"
"Year 1 Sep 30 3:00 AM","0"
"Year 1 Sep 30 4:00 AM","0"
"Year 1 Sep 30 5:00 AM","0"
"Year 1 Sep 30 6:00 AM","0.908676292623336"
"Year 1 Sep 30 7:00 AM","12.957534178635"
"Year 1 Sep 30 8:00 AM","29.0140685148906"
"Year 1 Sep 30 9:00 AM","42.4640349608793"
"Year 1 Sep 30 10:00 AM","49.9083384381344"
"Year 1 Sep 30 11:00 AM","53.166790074523"
"Year 1 Sep 30 12:00 PM","51.1950195803572"
"Year 1 Sep 30 1:00 PM","49.383579925935"
"Year 1 Sep 30 2:00 PM","49.4369450821813"
"Year 1 Sep 30 3:00 PM","43.0052112627811"
"Year 1 Sep 30 4:00 PM","32.7342858796412"
"Year 1 Sep 30 5:00 PM","17.5288194399548"
"Year 1 Sep 30 6:00 PM","2.75097550071574"
"Year 1 Sep 30 7:00 PM","0"
"Year 1 Sep 30 8:00 PM","0"
"Year 1 Sep 30 9:00 PM","0"
"Year 1 Sep 30 10:00 PM","0"
"Year 1 Sep 30 11:00 PM","0"
"Year 1 Oct 01 12:00 AM","0"
"Year 1 Oct 01 1:00 AM","0"
"Year 1 Oct 01 2:00 AM","0"
"Year 1 Oct 01 3:00 AM","0"
"Year 1 Oct 01 4:00 AM","0"
"Year 1 Oct 01 5:00 AM","0"
"Year 1 Oct 01 6:00 AM","0.95322860399931"
"Year 1 Oct 01 7:00 AM","12.7934081470885"
"Year 1 Oct 01 8:00 AM","23.8895933120972"
"Year 1 Oct 01 9:00 AM","32.4444859465392"
"Year 1 Oct 01 10:00 AM","35.4052024002399"
"Year 1 Oct 01 11:00 AM","36.5909925184721"
"Year 1 Oct 01 12:00 PM","44.8891719272073"
"Year 1 Oct 01 1:00 PM","47.3442638385894"
"Year 1 Oct 01 2:00 PM","44.324887288957"
"Year 1 Oct 01 3:00 PM","36.7400482932986"
"Year 1 Oct 01 4:00 PM","27.0033880549397"
"Year 1 Oct 01 5:00 PM","15.6426441690908"
"Year 1 Oct 01 6:00 PM","2.90019146095044"
"Year 1 Oct 01 7:00 PM","0"
"Year 1 Oct 01 8:00 PM","0"
"Year 1 Oct 01 9:00 PM","0"
"Year 1 Oct 01 10:00 PM","0"
"Year 1 Oct 01 11:00 PM","0"
"Year 1 Oct 02 12:00 AM","0"
"Year 1 Oct 02 1:00 AM","0"
"Year 1 Oct 02 2:00 AM","0"
"Year 1 Oct 02 3:00 AM","0"
"Year 1 Oct 02 4:00 AM","0"
"Year 1 Oct 02 5:00 AM","0"
"Year 1 Oct 02 6:00 AM","0.885867483255286"
"Year 1 Oct 02 7:00 AM","11.2171036712336"
"Year 1 Oct 02 8:00 AM","21.7251593333519"
"Year 1 Oct 02 9:00 AM","29.1954973414147"
"Year 1 Oct 02 10:00 AM","34.5456837691355"
"Year 1 Oct 02 11:00 AM","29.6732581100559"
"Year 1 Oct 02 12:00 PM","31.1081377190694"
"Year 1 Oct 02 1:00 PM","25.1168850587145"
"Year 1 Oct 02 2:00 PM","32.764384604774"
"Year 1 Oct 02 3:00 PM","37.1659307195113"
"Year 1 Oct 02 4:00 PM","25.4299646163231"
"Year 1 Oct 02 5:00 PM","11.1680555214489"
"Year 1 Oct 02 6:00 PM","1.31487992025149"
"Year 1 Oct 02 7:00 PM","0"
"Year 1 Oct 02 8:00 PM","0"
"Year 1 Oct 02 9:00 PM","0"
"Year 1 Oct 02 10:00 PM","0"
"Year 1 Oct 02 11:00 PM","0"
"Year 1 Oct 03 12:00 AM","0"
"Year 1 Oct 03 1:00 AM","0"
"Year 1 Oct 03 2:00 AM","0"
"Year 1 Oct 03 3:00 AM","0"
"Year 1 Oct 03 4:00 AM","0"
"Year 1 Oct 03 5:00 AM","0"
"Year 1 Oct 03 6:00 AM","0.547291834985926"
"Year 1 Oct 03 7:00 AM","9.2428651806106"
"Year 1 Oct 03 8:00 AM","25.929522248396"
"Year 1 Oct 03 9:00 AM","43.3330055126829"
"Year 1 Oct 03 10:00 AM","55.6255038723243"
"Year 1 Oct 03 11:00 AM","61.823033662712"
"Year 1 Oct 03 12:00 PM","58.4438091833024"
"Year 1 Oct 03 1:00 PM","56.0717113674005"
"Year 1 Oct 03 2:00 PM","50.0739609166541"
"Year 1 Oct 03 3:00 PM","41.8472287756682"
"Year 1 Oct 03 4:00 PM","29.2417439385165"
"Year 1 Oct 03 5:00 PM","16.174377827609"
"Year 1 Oct 03 6:00 PM","2.20999895421037"
"Year 1 Oct 03 7:00 PM","0"
"Year 1 Oct 03 8:00 PM","0"
"Year 1 Oct 03 9:00 PM","0"
"Year 1 Oct 03 10:00 PM","0"
"Year 1 Oct 03 11:00 PM","0"
"Year 1 Oct 04 12:00 AM","0"
"Year 1 Oct 04 1:00 AM","0"
"Year 1 Oct 04 2:00 AM","0"
"Year 1 Oct 04 3:00 AM","0"
"Year 1 Oct 04 4:00 AM","0"
"Year 1 Oct 04 5:00 AM","0"
"Year 1 Oct 04 6:00 AM","0.781529236346439"
"Year 1 Oct 04 7:00 AM","11.5491486736682"
"Year 1 Oct 04 8:00 AM","23.1512655968081"
"Year 1 Oct 04 9:00 AM","33.2629563927353"
"Year 1 Oct 04 10:00 AM","44.8123145535497"
"Year 1 Oct 04 11:00 AM","43.0187395338564"
"Year 1 Oct 04 12:00 PM","48.5463453583994"
"Year 1 Oct 04 1:00 PM","50.3809264359838"
"Year 1 Oct 04 2:00 PM","52.0517945937082"
"Year 1 Oct 04 3:00 PM","43.5387924561807"
"Year 1 Oct 04 4:00 PM","30.2951332783466"
"Year 1 Oct 04 5:00 PM","16.6873881157692"
"Year 1 Oct 04 6:00 PM","2.12768008133339"
"Year 1 Oct 04 7:00 PM","0"
"Year 1 Oct 04 8:00 PM","0"
"Year 1 Oct 04 9:00 PM","0"
"Year 1 Oct 04 10:00 PM","0"
"Year 1 Oct 04 11:00 PM","0"
"Year 1 Oct 05 12:00 AM","0"
"Year 1 Oct 05 1:00 AM","0"
"Year 1 Oct 05 2:00 AM","0"
"Year 1 Oct 05 3:00 AM","0"
"Year 1 Oct 05 4:00 AM","0"
"Year 1 Oct 05 5:00 AM","0"
"Year 1 Oct 05 6:00 AM","0.780862102159154"
"Year 1 Oct 05 7:00 AM","12.066069555531"
"Year 1 Oct 05 8:00 AM","24.3883925617103"
"Year 1 Oct 05 9:00 AM","29.351226913691"
"Year 1 Oct 05 10:00 AM","34.226579773628"
"Year 1 Oct 05 11:00 AM","43.7875579798081"
"Year 1 Oct 05 12:00 PM","49.395119525262"
"Year 1 Oct 05 1:00 PM","45.7425139367352"
"Year 1 Oct 05 2:00 PM","32.4381762108151"
"Year 1 Oct 05 3:00 PM","23.1115471117718"
"Year 1 Oct 05 4:00 PM","18.8309303542698"
"Year 1 Oct 05 5:00 PM","6.6057959203308"
"Year 1 Oct 05 6:00 PM","1.01786998735934"
"Year 1 Oct 05 7:00 PM","0"
"Year 1 Oct 05 8:00 PM","0"
"Year 1 Oct 05 9:00 PM","0"
"Year 1 Oct 05 10:00 PM","0"
"Year 1 Oct 05 11:00 PM","0"
"Year 1 Oct 06 12:00 AM","0"
"Year 1 Oct 06 1:00 AM","0"
"Year 1 Oct 06 2:00 AM","0"
"Year 1 Oct 06 3:00 AM","0"
"Year 1 Oct 06 4:00 AM","0"
"Year 1 Oct 06 5:00 AM","0"
"Year 1 Oct 06 6:00 AM","0.628287364124714"
"Year 1 Oct 06 7:00 AM","10.2340022638596"
"Year 1 Oct 06 8:00 AM","25.2971140407669"
"Year 1 Oct 06 9:00 AM","34.3575140876436"
"Year 1 Oct 06 10:00 AM","47.9347773929668"
"Year 1 Oct 06 11:00 AM","55.9471479270213"
"Year 1 Oct 06 12:00 PM","57.6968355643603"
"Year 1 Oct 06 1:00 PM","56.5767658693617"
"Year 1 Oct 06 2:00 PM","47.2778701465502"
"Year 1 Oct 06 3:00 PM","37.9586831349068"
"Year 1 Oct 06 4:00 PM","28.0181430124404"
"Year 1 Oct 06 5:00 PM","12.0250060864748"
"Year 1 Oct 06 6:00 PM","1.4131726691926"
"Year 1 Oct 06 7:00 PM","0"
"Year 1 Oct 06 8:00 PM","0"
"Year 1 Oct 06 9:00 PM","0"
"Year 1 Oct 06 10:00 PM","0"
"Year 1 Oct 06 11:00 PM","0"
"Year 1 Oct 07 12:00 AM","0"
"Year 1 Oct 07 1:00 AM","0"
"Year 1 Oct 07 2:00 AM","0"
"Year 1 Oct 07 3:00 AM","0"
"Year 1 Oct 07 4:00 AM","0"
"Year 1 Oct 07 5:00 AM","0"
"Year 1 Oct 07 6:00 AM","0.728883793932126"
"Year 1 Oct 07 7:00 AM","10.7354041007301"
"Year 1 Oct 07 8:00 AM","24.68991587706"
"Year 1 Oct 07 9:00 AM","42.8586167229303"
"Year 1 Oct 07 10:00 AM","53.8940370704338"
"Year 1 Oct 07 11:00 AM","56.5946816877816"
"Year 1 Oct 07 12:00 PM","56.1503257736082"
"Year 1 Oct 07 1:00 PM","57.8363958745536"
"Year 1 Oct 07 2:00 PM","49.9521616580327"
"Year 1 Oct 07 3:00 PM","32.8579987601847"
"Year 1 Oct 07 4:00 PM","24.5330882311607"
"Year 1 Oct 07 5:00 PM","9.84786943796217"
"Year 1 Oct 07 6:00 PM","1.07661245841345"
"Year 1 Oct 07 7:00 PM","0"
"Year 1 Oct 07 8:00 PM","0"
"Year 1 Oct 07 9:00 PM","0"
"Year 1 Oct 07 10:00 PM","0"
"Year 1 Oct 07 11:00 PM","0"
"Year 1 Oct 08 12:00 AM","0"
"Year 1 Oct 08 1:00 AM","0"
"Year 1 Oct 08 2:00 AM","0"
"Year 1 Oct 08 3:00 AM","0"
"Year 1 Oct 08 4:00 AM","0"
"Year 1 Oct 08 5:00 AM","0"
"Year 1 Oct 08 6:00 AM","0.738510726411539"
"Year 1 Oct 08 7:00 AM","9.41089203640679"
"Year 1 Oct 08 8:00 AM","17.0057668791779"
"Year 1 Oct 08 9:00 AM","21.7258739661925"
"Year 1 Oct 08 10:00 AM","27.2794775055259"
"Year 1 Oct 08 11:00 AM","30.4869980290876"
"Year 1 Oct 08 12:00 PM","27.0520180299299"
"Year 1 Oct 08 1:00 PM","27.7156307634142"
"Year 1 Oct 08 2:00 PM","32.8359713109166"
"Year 1 Oct 08 3:00 PM","33.1770040785151"
"Year 1 Oct 08 4:00 PM","24.314724216519"
"Year 1 Oct 08 5:00 PM","13.1611141708133"
"Year 1 Oct 08 6:00 PM","0.987602402495084"
"Year 1 Oct 08 7:00 PM","0"
"Year 1 Oct 08 8:00 PM","0"
"Year 1 Oct 08 9:00 PM","0"
"Year 1 Oct 08 10:00 PM","0"
"Year 1 Oct 08 11:00 PM","0"
"Year 1 Oct 09 12:00 AM","0"
"Year 1 Oct 09 1:00 AM","0"
"Year 1 Oct 09 2:00 AM","0"
"Year 1 Oct 09 3:00 AM","0"
"Year 1 Oct 09 4:00 AM","0"
"Year 1 Oct 09 5:00 AM","0"
"Year 1 Oct 09 6:00 AM","0"
"Year 1 Oct 09 7:00 AM","12.7926393062097"
"Year 1 Oct 09 8:00 AM","27.9498782191936"
"Year 1 Oct 09 9:00 AM","27.1639532467445"
"Year 1 Oct 09 10:00 AM","30.391377303212"
"Year 1 Oct 09 11:00 AM","34.5592145446622"
"Year 1 Oct 09 12:00 PM","45.0511382928987"
"Year 1 Oct 09 1:00 PM","36.9677937151027"
"Year 1 Oct 09 2:00 PM","39.8698941574974"
"Year 1 Oct 09 3:00 PM","37.6908965134895"
"Year 1 Oct 09 4:00 PM","26.2225976032231"
"Year 1 Oct 09 5:00 PM","13.1905161587595"
"Year 1 Oct 09 6:00 PM","0.948613150124431"
"Year 1 Oct 09 7:00 PM","0"
"Year 1 Oct 09 8:00 PM","0"
"Year 1 Oct 09 9:00 PM","0"
"Year 1 Oct 09 10:00 PM","0"
"Year 1 Oct 09 11:00 PM","0"
"Year 1 Oct 10 12:00 AM","0"
"Year 1 Oct 10 1:00 AM","0"
"Year 1 Oct 10 2:00 AM","0"
"Year 1 Oct 10 3:00 AM","0"
"Year 1 Oct 10 4:00 AM","0"
"Year 1 Oct 10 5:00 AM","0"
"Year 1 Oct 10 6:00 AM","0"
"Year 1 Oct 10 7:00 AM","7.23180258051203"
"Year 1 Oct 10 8:00 AM","21.6812872107647"
"Year 1 Oct 10 9:00 AM","32.0509002253826"
"Year 1 Oct 10 10:00 AM","45.5127511240817"
"Year 1 Oct 10 11:00 AM","54.2171744836782"
"Year 1 Oct 10 12:00 PM","59.1207635484742"
"Year 1 Oct 10 1:00 PM","56.9953671992488"
"Year 1 Oct 10 2:00 PM","55.56578824537"
"Year 1 Oct 10 3:00 PM","40.993647912546"
"Year 1 Oct 10 4:00 PM","26.8066599240914"
"Year 1 Oct 10 5:00 PM","8.85595024284808"
"Year 1 Oct 10 6:00 PM","0.497067571600296"
"Year 1 Oct 10 7:00 PM","0"
"Year 1 Oct 10 8:00 PM","0"
"Year 1 Oct 10 9:00 PM","0"
"Year 1 Oct 10 10:00 PM","0"
"Year 1 Oct 10 11:00 PM","0"
"Year 1 Oct 11 12:00 AM","0"
"Year 1 Oct 11 1:00 AM","0"
"Year 1 Oct 11 2:00 AM","0"
"Year 1 Oct 11 3:00 AM","0"
"Year 1 Oct 11 4:00 AM","0"
"Year 1 Oct 11 5:00 AM","0"
"Year 1 Oct 11 6:00 AM","0"
"Year 1 Oct 11 7:00 AM","8.61262496136906"
"Year 1 Oct 11 8:00 AM","20.9107129045622"
"Year 1 Oct 11 9:00 AM","37.4357607757679"
"Year 1 Oct 11 10:00 AM","42.4038924299836"
"Year 1 Oct 11 11:00 AM","49.3612422688715"
"Year 1 Oct 11 12:00 PM","55.4274105356827"
"Year 1 Oct 11 1:00 PM","55.6748878806762"
"Year 1 Oct 11 2:00 PM","47.1528573455248"
"Year 1 Oct 11 3:00 PM","38.7645443361438"
"Year 1 Oct 11 4:00 PM","26.870170564078"
"Year 1 Oct 11 5:00 PM","12.1477243838405"
"Year 1 Oct 11 6:00 PM","0.728094821850318"
"Year 1 Oct 11 7:00 PM","0"
"Year 1 Oct 11 8:00 PM","0"
"Year 1 Oct 11 9:00 PM","0"
"Year 1 Oct 11 10:00 PM","0"
"Year 1 Oct 11 11:00 PM","0"
"Year 1 Oct 12 12:00 AM","0"
"Year 1 Oct 12 1:00 AM","0"
"Year 1 Oct 12 2:00 AM","0"
"Year 1 Oct 12 3:00 AM","0"
"Year 1 Oct 12 4:00 AM","0"
"Year 1 Oct 12 5:00 AM","0"
"Year 1 Oct 12 6:00 AM","0"
"Year 1 Oct 12 7:00 AM","10.3805090238449"
"Year 1 Oct 12 8:00 AM","28.4253269706641"
"Year 1 Oct 12 9:00 AM","43.6944651946719"
"Year 1 Oct 12 10:00 AM","52.5141539203128"
"Year 1 Oct 12 11:00 AM","58.3701203256934"
"Year 1 Oct 12 12:00 PM","58.5482483302779"
"Year 1 Oct 12 1:00 PM","56.373731570082"
"Year 1 Oct 12 2:00 PM","29.8462532350163"
"Year 1 Oct 12 3:00 PM","27.6377376888802"
"Year 1 Oct 12 4:00 PM","13.676392122894"
"Year 1 Oct 12 5:00 PM","4.80359750367498"
"Year 1 Oct 12 6:00 PM","0.340721494527998"
"Year 1 Oct 12 7:00 PM","0"
"Year 1 Oct 12 8:00 PM","0"
"Year 1 Oct 12 9:00 PM","0"
"Year 1 Oct 12 10:00 PM","0"
"Year 1 Oct 12 11:00 PM","0"
"Year 1 Oct 13 12:00 AM","0"
"Year 1 Oct 13 1:00 AM","0"
"Year 1 Oct 13 2:00 AM","0"
"Year 1 Oct 13 3:00 AM","0"
"Year 1 Oct 13 4:00 AM","0"
"Year 1 Oct 13 5:00 AM","0"
"Year 1 Oct 13 6:00 AM","0"
"Year 1 Oct 13 7:00 AM","8.38849986799648"
"Year 1 Oct 13 8:00 AM","16.4973617670095"
"Year 1 Oct 13 9:00 AM","22.002959779746"
"Year 1 Oct 13 10:00 AM","29.0303403855198"
"Year 1 Oct 13 11:00 AM","37.8470389602191"
"Year 1 Oct 13 12:00 PM","42.1615708487884"
"Year 1 Oct 13 1:00 PM","41.8881774679631"
"Year 1 Oct 13 2:00 PM","44.3859190615253"
"Year 1 Oct 13 3:00 PM","33.7120149418945"
"Year 1 Oct 13 4:00 PM","21.6720203465295"
"Year 1 Oct 13 5:00 PM","10.6843335284299"
"Year 1 Oct 13 6:00 PM","0.646605556248482"
"Year 1 Oct 13 7:00 PM","0"
"Year 1 Oct 13 8:00 PM","0"
"Year 1 Oct 13 9:00 PM","0"
"Year 1 Oct 13 10:00 PM","0"
"Year 1 Oct 13 11:00 PM","0"
"Year 1 Oct 14 12:00 AM","0"
"Year 1 Oct 14 1:00 AM","0"
"Year 1 Oct 14 2:00 AM","0"
"Year 1 Oct 14 3:00 AM","0"
"Year 1 Oct 14 4:00 AM","0"
"Year 1 Oct 14 5:00 AM","0"
"Year 1 Oct 14 6:00 AM","0"
"Year 1 Oct 14 7:00 AM","9.0262902250236"
"Year 1 Oct 14 8:00 AM","19.4386692875018"
"Year 1 Oct 14 9:00 AM","30.4550564591887"
"Year 1 Oct 14 10:00 AM","46.5350996794158"
"Year 1 Oct 14 11:00 AM","49.6591854594764"
"Year 1 Oct 14 12:00 PM","53.6302047560173"
"Year 1 Oct 14 1:00 PM","57.9224070453139"
"Year 1 Oct 14 2:00 PM","45.8024749128906"
"Year 1 Oct 14 3:00 PM","37.9992152344746"
"Year 1 Oct 14 4:00 PM","25.8491014862666"
"Year 1 Oct 14 5:00 PM","11.5484336161553"
"Year 1 Oct 14 6:00 PM","0"
"Year 1 Oct 14 7:00 PM","0"
"Year 1 Oct 14 8:00 PM","0"
"Year 1 Oct 14 9:00 PM","0"
"Year 1 Oct 14 10:00 PM","0"
"Year 1 Oct 14 11:00 PM","0"
"Year 1 Oct 15 12:00 AM","0"
"Year 1 Oct 15 1:00 AM","0"
"Year 1 Oct 15 2:00 AM","0"
"Year 1 Oct 15 3:00 AM","0"
"Year 1 Oct 15 4:00 AM","0"
"Year 1 Oct 15 5:00 AM","0"
"Year 1 Oct 15 6:00 AM","0"
"Year 1 Oct 15 7:00 AM","5.93189944422206"
"Year 1 Oct 15 8:00 AM","17.7356981330232"
"Year 1 Oct 15 9:00 AM","23.3389458417349"
"Year 1 Oct 15 10:00 AM","31.2045691330933"
"Year 1 Oct 15 11:00 AM","39.3964623092113"
"Year 1 Oct 15 12:00 PM","54.114175233479"
"Year 1 Oct 15 1:00 PM","39.8378990069046"
"Year 1 Oct 15 2:00 PM","47.4228962181591"
"Year 1 Oct 15 3:00 PM","41.4041876214276"
"Year 1 Oct 15 4:00 PM","25.4573001454111"
"Year 1 Oct 15 5:00 PM","8.70851639841578"
"Year 1 Oct 15 6:00 PM","0"
"Year 1 Oct 15 7:00 PM","0"
"Year 1 Oct 15 8:00 PM","0"
"Year 1 Oct 15 9:00 PM","0"
"Year 1 Oct 15 10:00 PM","0"
"Year 1 Oct 15 11:00 PM","0"
"Year 1 Oct 16 12:00 AM","0"
"Year 1 Oct 16 1:00 AM","0"
"Year 1 Oct 16 2:00 AM","0"
"Year 1 Oct 16 3:00 AM","0"
"Year 1 Oct 16 4:00 AM","0"
"Year 1 Oct 16 5:00 AM","0"
"Year 1 Oct 16 6:00 AM","0"
"Year 1 Oct 16 7:00 AM","5.31416170073663"
"Year 1 Oct 16 8:00 AM","15.0879202748182"
"Year 1 Oct 16 9:00 AM","24.2487639637092"
"Year 1 Oct 16 10:00 AM","51.5315168975325"
"Year 1 Oct 16 11:00 AM","44.6084545400749"
"Year 1 Oct 16 12:00 PM","56.3403432704246"
"Year 1 Oct 16 1:00 PM","54.5895575138724"
"Year 1 Oct 16 2:00 PM","41.5957582281295"
"Year 1 Oct 16 3:00 PM","35.6320375446193"
"Year 1 Oct 16 4:00 PM","27.8217219618917"
"Year 1 Oct 16 5:00 PM","10.3520578645721"
"Year 1 Oct 16 6:00 PM","0"
"Year 1 Oct 16 7:00 PM","0"
"Year 1 Oct 16 8:00 PM","0"
"Year 1 Oct 16 9:00 PM","0"
"Year 1 Oct 16 10:00 PM","0"
"Year 1 Oct 16 11:00 PM","0"
"Year 1 Oct 17 12:00 AM","0"
"Year 1 Oct 17 1:00 AM","0"
"Year 1 Oct 17 2:00 AM","0"
"Year 1 Oct 17 3:00 AM","0"
"Year 1 Oct 17 4:00 AM","0"
"Year 1 Oct 17 5:00 AM","0"
"Year 1 Oct 17 6:00 AM","0"
"Year 1 Oct 17 7:00 AM","8.86149414600463"
"Year 1 Oct 17 8:00 AM","20.1725935901496"
"Year 1 Oct 17 9:00 AM","29.8084427952218"
"Year 1 Oct 17 10:00 AM","37.8914942376317"
"Year 1 Oct 17 11:00 AM","46.5776489195344"
"Year 1 Oct 17 12:00 PM","48.9287921282688"
"Year 1 Oct 17 1:00 PM","48.6273694131624"
"Year 1 Oct 17 2:00 PM","42.2860038564007"
"Year 1 Oct 17 3:00 PM","21.1747387729327"
"Year 1 Oct 17 4:00 PM","15.1027725049726"
"Year 1 Oct 17 5:00 PM","8.18563333548207"
"Year 1 Oct 17 6:00 PM","0"
"Year 1 Oct 17 7:00 PM","0"
"Year 1 Oct 17 8:00 PM","0"
"Year 1 Oct 17 9:00 PM","0"
"Year 1 Oct 17 10:00 PM","0"
"Year 1 Oct 17 11:00 PM","0"
"Year 1 Oct 18 12:00 AM","0"
"Year 1 Oct 18 1:00 AM","0"
"Year 1 Oct 18 2:00 AM","0"
"Year 1 Oct 18 3:00 AM","0"
"Year 1 Oct 18 4:00 AM","0"
"Year 1 Oct 18 5:00 AM","0"
"Year 1 Oct 18 6:00 AM","0"
"Year 1 Oct 18 7:00 AM","7.57254734907146"
"Year 1 Oct 18 8:00 AM","23.8237236732968"
"Year 1 Oct 18 9:00 AM","33.6201107368269"
"Year 1 Oct 18 10:00 AM","39.6373326571026"
"Year 1 Oct 18 11:00 AM","50.343004472005"
"Year 1 Oct 18 12:00 PM","47.5996333495594"
"Year 1 Oct 18 1:00 PM","49.6581744662834"
"Year 1 Oct 18 2:00 PM","42.2112628169861"
"Year 1 Oct 18 3:00 PM","39.4608294050779"
"Year 1 Oct 18 4:00 PM","16.4653908930031"
"Year 1 Oct 18 5:00 PM","8.02186492260513"
"Year 1 Oct 18 6:00 PM","0"
"Year 1 Oct 18 7:00 PM","0"
"Year 1 Oct 18 8:00 PM","0"
"Year 1 Oct 18 9:00 PM","0"
"Year 1 Oct 18 10:00 PM","0"
"Year 1 Oct 18 11:00 PM","0"
"Year 1 Oct 19 12:00 AM","0"
"Year 1 Oct 19 1:00 AM","0"
"Year 1 Oct 19 2:00 AM","0"
"Year 1 Oct 19 3:00 AM","0"
"Year 1 Oct 19 4:00 AM","0"
"Year 1 Oct 19 5:00 AM","0"
"Year 1 Oct 19 6:00 AM","0"
"Year 1 Oct 19 7:00 AM","6.90074874439646"
"Year 1 Oct 19 8:00 AM","21.7008973463636"
"Year 1 Oct 19 9:00 AM","34.4094202416714"
"Year 1 Oct 19 10:00 AM","40.8969589783381"
"Year 1 Oct 19 11:00 AM","46.227919911733"
"Year 1 Oct 19 12:00 PM","48.0980099096344"
"Year 1 Oct 19 1:00 PM","45.0295877124034"
"Year 1 Oct 19 2:00 PM","41.8339003028048"
"Year 1 Oct 19 3:00 PM","38.5132763371607"
"Year 1 Oct 19 4:00 PM","22.9226823875182"
"Year 1 Oct 19 5:00 PM","7.74253146712815"
"Year 1 Oct 19 6:00 PM","0"
"Year 1 Oct 19 7:00 PM","0"
"Year 1 Oct 19 8:00 PM","0"
"Year 1 Oct 19 9:00 PM","0"
"Year 1 Oct 19 10:00 PM","0"
"Year 1 Oct 19 11:00 PM","0"
"Year 1 Oct 20 12:00 AM","0"
"Year 1 Oct 20 1:00 AM","0"
"Year 1 Oct 20 2:00 AM","0"
"Year 1 Oct 20 3:00 AM","0"
"Year 1 Oct 20 4:00 AM","0"
"Year 1 Oct 20 5:00 AM","0"
"Year 1 Oct 20 6:00 AM","0"
"Year 1 Oct 20 7:00 AM","7.02330753516492"
"Year 1 Oct 20 8:00 AM","17.8845725308409"
"Year 1 Oct 20 9:00 AM","23.5470925480791"
"Year 1 Oct 20 10:00 AM","27.2183254193763"
"Year 1 Oct 20 11:00 AM","30.7869352278278"
"Year 1 Oct 20 12:00 PM","31.0984999325058"
"Year 1 Oct 20 1:00 PM","30.7333399238517"
"Year 1 Oct 20 2:00 PM","27.2637752707302"
"Year 1 Oct 20 3:00 PM","23.5814448623993"
"Year 1 Oct 20 4:00 PM","17.9101187789349"
"Year 1 Oct 20 5:00 PM","7.30109223884946"
"Year 1 Oct 20 6:00 PM","0"
"Year 1 Oct 20 7:00 PM","0"
"Year 1 Oct 20 8:00 PM","0"
"Year 1 Oct 20 9:00 PM","0"
"Year 1 Oct 20 10:00 PM","0"
"Year 1 Oct 20 11:00 PM","0"
"Year 1 Oct 21 12:00 AM","0"
"Year 1 Oct 21 1:00 AM","0"
"Year 1 Oct 21 2:00 AM","0"
"Year 1 Oct 21 3:00 AM","0"
"Year 1 Oct 21 4:00 AM","0"
"Year 1 Oct 21 5:00 AM","0"
"Year 1 Oct 21 6:00 AM","0"
"Year 1 Oct 21 7:00 AM","7.42106555967066"
"Year 1 Oct 21 8:00 AM","20.5216044773569"
"Year 1 Oct 21 9:00 AM","28.2980454203609"
"Year 1 Oct 21 10:00 AM","38.4811949844217"
"Year 1 Oct 21 11:00 AM","43.0716321315633"
"Year 1 Oct 21 12:00 PM","46.0453138680945"
"Year 1 Oct 21 1:00 PM","46.7519711958792"
"Year 1 Oct 21 2:00 PM","43.5939265603791"
"Year 1 Oct 21 3:00 PM","34.0788126668017"
"Year 1 Oct 21 4:00 PM","23.2973924642667"
"Year 1 Oct 21 5:00 PM","6.90976337565367"
"Year 1 Oct 21 6:00 PM","0"
"Year 1 Oct 21 7:00 PM","0"
"Year 1 Oct 21 8:00 PM","0"
"Year 1 Oct 21 9:00 PM","0"
"Year 1 Oct 21 10:00 PM","0"
"Year 1 Oct 21 11:00 PM","0"
"Year 1 Oct 22 12:00 AM","0"
"Year 1 Oct 22 1:00 AM","0"
"Year 1 Oct 22 2:00 AM","0"
"Year 1 Oct 22 3:00 AM","0"
"Year 1 Oct 22 4:00 AM","0"
"Year 1 Oct 22 5:00 AM","0"
"Year 1 Oct 22 6:00 AM","0"
"Year 1 Oct 22 7:00 AM","5.17726503326457"
"Year 1 Oct 22 8:00 AM","15.7534049615037"
"Year 1 Oct 22 9:00 AM","25.0460722696295"
"Year 1 Oct 22 10:00 AM","37.8020240906976"
"Year 1 Oct 22 11:00 AM","55.3954754529442"
"Year 1 Oct 22 12:00 PM","49.346267918789"
"Year 1 Oct 22 1:00 PM","50.0972260974729"
"Year 1 Oct 22 2:00 PM","37.6881307706741"
"Year 1 Oct 22 3:00 PM","27.8101489797884"
"Year 1 Oct 22 4:00 PM","16.3928123150956"
"Year 1 Oct 22 5:00 PM","5.0708867490207"
"Year 1 Oct 22 6:00 PM","0"
"Year 1 Oct 22 7:00 PM","0"
"Year 1 Oct 22 8:00 PM","0"
"Year 1 Oct 22 9:00 PM","0"
"Year 1 Oct 22 10:00 PM","0"
"Year 1 Oct 22 11:00 PM","0"
"Year 1 Oct 23 12:00 AM","0"
"Year 1 Oct 23 1:00 AM","0"
"Year 1 Oct 23 2:00 AM","0"
"Year 1 Oct 23 3:00 AM","0"
"Year 1 Oct 23 4:00 AM","0"
"Year 1 Oct 23 5:00 AM","0"
"Year 1 Oct 23 6:00 AM","0"
"Year 1 Oct 23 7:00 AM","6.23580827012991"
"Year 1 Oct 23 8:00 AM","19.7337167123772"
"Year 1 Oct 23 9:00 AM","30.2145638470941"
"Year 1 Oct 23 10:00 AM","44.2814408289752"
"Year 1 Oct 23 11:00 AM","49.0508291610761"
"Year 1 Oct 23 12:00 PM","46.9708833595895"
"Year 1 Oct 23 1:00 PM","53.3590585200798"
"Year 1 Oct 23 2:00 PM","42.0284812858042"
"Year 1 Oct 23 3:00 PM","33.8738132791317"
"Year 1 Oct 23 4:00 PM","21.4441851781428"
"Year 1 Oct 23 5:00 PM","6.70503391676168"
"Year 1 Oct 23 6:00 PM","0"
"Year 1 Oct 23 7:00 PM","0"
"Year 1 Oct 23 8:00 PM","0"
"Year 1 Oct 23 9:00 PM","0"
"Year 1 Oct 23 10:00 PM","0"
"Year 1 Oct 23 11:00 PM","0"
"Year 1 Oct 24 12:00 AM","0"
"Year 1 Oct 24 1:00 AM","0"
"Year 1 Oct 24 2:00 AM","0"
"Year 1 Oct 24 3:00 AM","0"
"Year 1 Oct 24 4:00 AM","0"
"Year 1 Oct 24 5:00 AM","0"
"Year 1 Oct 24 6:00 AM","0"
"Year 1 Oct 24 7:00 AM","6.27735476466688"
"Year 1 Oct 24 8:00 AM","14.7625111411882"
"Year 1 Oct 24 9:00 AM","21.4519980132762"
"Year 1 Oct 24 10:00 AM","25.761812828322"
"Year 1 Oct 24 11:00 AM","28.3924613650232"
"Year 1 Oct 24 12:00 PM","30.0682317410742"
"Year 1 Oct 24 1:00 PM","27.8014882948973"
"Year 1 Oct 24 2:00 PM","22.9344783351412"
"Year 1 Oct 24 3:00 PM","19.3049849417697"
"Year 1 Oct 24 4:00 PM","14.4923750612543"
"Year 1 Oct 24 5:00 PM","6.38294908315783"
"Year 1 Oct 24 6:00 PM","0"
"Year 1 Oct 24 7:00 PM","0"
"Year 1 Oct 24 8:00 PM","0"
"Year 1 Oct 24 9:00 PM","0"
"Year 1 Oct 24 10:00 PM","0"
"Year 1 Oct 24 11:00 PM","0"
"Year 1 Oct 25 12:00 AM","0"
"Year 1 Oct 25 1:00 AM","0"
"Year 1 Oct 25 2:00 AM","0"
"Year 1 Oct 25 3:00 AM","0"
"Year 1 Oct 25 4:00 AM","0"
"Year 1 Oct 25 5:00 AM","0"
"Year 1 Oct 25 6:00 AM","0"
"Year 1 Oct 25 7:00 AM","3.13607118982418"
"Year 1 Oct 25 8:00 AM","10.6613688160398"
"Year 1 Oct 25 9:00 AM","19.5942309701684"
"Year 1 Oct 25 10:00 AM","24.7357126048142"
"Year 1 Oct 25 11:00 AM","31.3966677045819"
"Year 1 Oct 25 12:00 PM","39.0794378021254"
"Year 1 Oct 25 1:00 PM","48.1144146211026"
"Year 1 Oct 25 2:00 PM","48.7887330812258"
"Year 1 Oct 25 3:00 PM","32.5809483990662"
"Year 1 Oct 25 4:00 PM","18.5764149061419"
"Year 1 Oct 25 5:00 PM","5.4422643642128"
"Year 1 Oct 25 6:00 PM","0"
"Year 1 Oct 25 7:00 PM","0"
"Year 1 Oct 25 8:00 PM","0"
"Year 1 Oct 25 9:00 PM","0"
"Year 1 Oct 25 10:00 PM","0"
"Year 1 Oct 25 11:00 PM","0"
"Year 1 Oct 26 12:00 AM","0"
"Year 1 Oct 26 1:00 AM","0"
"Year 1 Oct 26 2:00 AM","0"
"Year 1 Oct 26 3:00 AM","0"
"Year 1 Oct 26 4:00 AM","0"
"Year 1 Oct 26 5:00 AM","0"
"Year 1 Oct 26 6:00 AM","0"
"Year 1 Oct 26 7:00 AM","4.09825239768633"
"Year 1 Oct 26 8:00 AM","16.6212049592629"
"Year 1 Oct 26 9:00 AM","29.0604273669206"
"Year 1 Oct 26 10:00 AM","34.7198547307445"
"Year 1 Oct 26 11:00 AM","32.6276426889792"
"Year 1 Oct 26 12:00 PM","34.8887368836644"
"Year 1 Oct 26 1:00 PM","38.9449925774236"
"Year 1 Oct 26 2:00 PM","37.8388223710898"
"Year 1 Oct 26 3:00 PM","31.6454434223646"
"Year 1 Oct 26 4:00 PM","20.4998376579579"
"Year 1 Oct 26 5:00 PM","6.77650707920921"
"Year 1 Oct 26 6:00 PM","0"
"Year 1 Oct 26 7:00 PM","0"
"Year 1 Oct 26 8:00 PM","0"
"Year 1 Oct 26 9:00 PM","0"
"Year 1 Oct 26 10:00 PM","0"
"Year 1 Oct 26 11:00 PM","0"
"Year 1 Oct 27 12:00 AM","0"
"Year 1 Oct 27 1:00 AM","0"
"Year 1 Oct 27 2:00 AM","0"
"Year 1 Oct 27 3:00 AM","0"
"Year 1 Oct 27 4:00 AM","0"
"Year 1 Oct 27 5:00 AM","0"
"Year 1 Oct 27 6:00 AM","0"
"Year 1 Oct 27 7:00 AM","4.6068899874998"
"Year 1 Oct 27 8:00 AM","12.4269075184789"
"Year 1 Oct 27 9:00 AM","17.8992344531628"
"Year 1 Oct 27 10:00 AM","20.5029912455487"
"Year 1 Oct 27 11:00 AM","21.8577047840589"
"Year 1 Oct 27 12:00 PM","22.6680481320657"
"Year 1 Oct 27 1:00 PM","22.2271584146263"
"Year 1 Oct 27 2:00 PM","20.4390070740502"
"Year 1 Oct 27 3:00 PM","17.8413913341512"
"Year 1 Oct 27 4:00 PM","12.770063246329"
"Year 1 Oct 27 5:00 PM","4.71266915909054"
"Year 1 Oct 27 6:00 PM","0"
"Year 1 Oct 27 7:00 PM","0"
"Year 1 Oct 27 8:00 PM","0"
"Year 1 Oct 27 9:00 PM","0"
"Year 1 Oct 27 10:00 PM","0"
"Year 1 Oct 27 11:00 PM","0"
"Year 1 Oct 28 12:00 AM","0"
"Year 1 Oct 28 1:00 AM","0"
"Year 1 Oct 28 2:00 AM","0"
"Year 1 Oct 28 3:00 AM","0"
"Year 1 Oct 28 4:00 AM","0"
"Year 1 Oct 28 5:00 AM","0"
"Year 1 Oct 28 6:00 AM","0"
"Year 1 Oct 28 7:00 AM","5.28784374895345"
"Year 1 Oct 28 8:00 AM","15.78579718775"
"Year 1 Oct 28 9:00 AM","20.4553243597685"
"Year 1 Oct 28 10:00 AM","24.8429527832853"
"Year 1 Oct 28 11:00 AM","23.8035226716515"
"Year 1 Oct 28 12:00 PM","35.720427366919"
"Year 1 Oct 28 1:00 PM","31.8359597632734"
"Year 1 Oct 28 2:00 PM","27.3536491557488"
"Year 1 Oct 28 3:00 PM","19.8427409907525"
"Year 1 Oct 28 4:00 PM","13.5467322292655"
"Year 1 Oct 28 5:00 PM","4.40282175624135"
"Year 1 Oct 28 6:00 PM","0"
"Year 1 Oct 28 7:00 PM","0"
"Year 1 Oct 28 8:00 PM","0"
"Year 1 Oct 28 9:00 PM","0"
"Year 1 Oct 28 10:00 PM","0"
"Year 1 Oct 28 11:00 PM","0"
"Year 1 Oct 29 12:00 AM","0"
"Year 1 Oct 29 1:00 AM","0"
"Year 1 Oct 29 2:00 AM","0"
"Year 1 Oct 29 3:00 AM","0"
"Year 1 Oct 29 4:00 AM","0"
"Year 1 Oct 29 5:00 AM","0"
"Year 1 Oct 29 6:00 AM","0"
"Year 1 Oct 29 7:00 AM","4.36281545728899"
"Year 1 Oct 29 8:00 AM","15.5695259049604"
"Year 1 Oct 29 9:00 AM","22.8622143511922"
"Year 1 Oct 29 10:00 AM","38.9332473303957"
"Year 1 Oct 29 11:00 AM","42.823743994574"
"Year 1 Oct 29 12:00 PM","42.9258291123441"
"Year 1 Oct 29 1:00 PM","36.5866203463229"
"Year 1 Oct 29 2:00 PM","28.3596441702737"
"Year 1 Oct 29 3:00 PM","23.0677377489244"
"Year 1 Oct 29 4:00 PM","16.322476876148"
"Year 1 Oct 29 5:00 PM","4.96889465434672"
"Year 1 Oct 29 6:00 PM","0"
"Year 1 Oct 29 7:00 PM","0"
"Year 1 Oct 29 8:00 PM","0"
"Year 1 Oct 29 9:00 PM","0"
"Year 1 Oct 29 10:00 PM","0"
"Year 1 Oct 29 11:00 PM","0"
"Year 1 Oct 30 12:00 AM","0"
"Year 1 Oct 30 1:00 AM","0"
"Year 1 Oct 30 2:00 AM","0"
"Year 1 Oct 30 3:00 AM","0"
"Year 1 Oct 30 4:00 AM","0"
"Year 1 Oct 30 5:00 AM","0"
"Year 1 Oct 30 6:00 AM","0"
"Year 1 Oct 30 7:00 AM","4.68623361433646"
"Year 1 Oct 30 8:00 AM","14.4661739677501"
"Year 1 Oct 30 9:00 AM","20.7771418439988"
"Year 1 Oct 30 10:00 AM","24.6843545095738"
"Year 1 Oct 30 11:00 AM","26.2268715132635"
"Year 1 Oct 30 12:00 PM","26.5129727017819"
"Year 1 Oct 30 1:00 PM","26.0173622992161"
"Year 1 Oct 30 2:00 PM","24.6203525335303"
"Year 1 Oct 30 3:00 PM","20.3957686478554"
"Year 1 Oct 30 4:00 PM","14.2399569842729"
"Year 1 Oct 30 5:00 PM","4.77780615626764"
"Year 1 Oct 30 6:00 PM","0"
"Year 1 Oct 30 7:00 PM","0"
"Year 1 Oct 30 8:00 PM","0"
"Year 1 Oct 30 9:00 PM","0"
"Year 1 Oct 30 10:00 PM","0"
"Year 1 Oct 30 11:00 PM","0"
"Year 1 Oct 31 12:00 AM","0"
"Year 1 Oct 31 1:00 AM","0"
"Year 1 Oct 31 2:00 AM","0"
"Year 1 Oct 31 3:00 AM","0"
"Year 1 Oct 31 4:00 AM","0"
"Year 1 Oct 31 5:00 AM","0"
"Year 1 Oct 31 6:00 AM","0"
"Year 1 Oct 31 7:00 AM","4.78640118777476"
"Year 1 Oct 31 8:00 AM","16.1607352411428"
"Year 1 Oct 31 9:00 AM","25.7217953739715"
"Year 1 Oct 31 10:00 AM","35.4474999474819"
"Year 1 Oct 31 11:00 AM","39.4084954381192"
"Year 1 Oct 31 12:00 PM","50.4975696085244"
"Year 1 Oct 31 1:00 PM","41.7606221506786"
"Year 1 Oct 31 2:00 PM","33.847415975125"
"Year 1 Oct 31 3:00 PM","30.0710210758818"
"Year 1 Oct 31 4:00 PM","19.3704427536614"
"Year 1 Oct 31 5:00 PM","4.25857770994984"
"Year 1 Oct 31 6:00 PM","0"
"Year 1 Oct 31 7:00 PM","0"
"Year 1 Oct 31 8:00 PM","0"
"Year 1 Oct 31 9:00 PM","0"
"Year 1 Oct 31 10:00 PM","0"
"Year 1 Oct 31 11:00 PM","0"
"Year 1 Nov 01 12:00 AM","0"
"Year 1 Nov 01 1:00 AM","0"
"Year 1 Nov 01 2:00 AM","0"
"Year 1 Nov 01 3:00 AM","0"
"Year 1 Nov 01 4:00 AM","0"
"Year 1 Nov 01 5:00 AM","0"
"Year 1 Nov 01 6:00 AM","0"
"Year 1 Nov 01 7:00 AM","2.86184305988884"
"Year 1 Nov 01 8:00 AM","11.6030125306825"
"Year 1 Nov 01 9:00 AM","22.3378719271157"
"Year 1 Nov 01 10:00 AM","29.4155578118091"
"Year 1 Nov 01 11:00 AM","34.1517566075949"
"Year 1 Nov 01 12:00 PM","35.9603574248802"
"Year 1 Nov 01 1:00 PM","34.3969709167208"
"Year 1 Nov 01 2:00 PM","30.9717665925066"
"Year 1 Nov 01 3:00 PM","22.6073701863447"
"Year 1 Nov 01 4:00 PM","11.9367718266229"
"Year 1 Nov 01 5:00 PM","2.7551292487426"
"Year 1 Nov 01 6:00 PM","0"
"Year 1 Nov 01 7:00 PM","0"
"Year 1 Nov 01 8:00 PM","0"
"Year 1 Nov 01 9:00 PM","0"
"Year 1 Nov 01 10:00 PM","0"
"Year 1 Nov 01 11:00 PM","0"
"Year 1 Nov 02 12:00 AM","0"
"Year 1 Nov 02 1:00 AM","0"
"Year 1 Nov 02 2:00 AM","0"
"Year 1 Nov 02 3:00 AM","0"
"Year 1 Nov 02 4:00 AM","0"
"Year 1 Nov 02 5:00 AM","0"
"Year 1 Nov 02 6:00 AM","0"
"Year 1 Nov 02 7:00 AM","4.65475732571537"
"Year 1 Nov 02 8:00 AM","18.2264472276878"
"Year 1 Nov 02 9:00 AM","23.6027788042218"
"Year 1 Nov 02 10:00 AM","32.8383175127901"
"Year 1 Nov 02 11:00 AM","37.3100495130558"
"Year 1 Nov 02 12:00 PM","36.5820445278973"
"Year 1 Nov 02 1:00 PM","36.4426985176842"
"Year 1 Nov 02 2:00 PM","38.7787491741871"
"Year 1 Nov 02 3:00 PM","24.6805948780029"
"Year 1 Nov 02 4:00 PM","18.9465072933072"
"Year 1 Nov 02 5:00 PM","4.48743475839307"
"Year 1 Nov 02 6:00 PM","0"
"Year 1 Nov 02 7:00 PM","0"
"Year 1 Nov 02 8:00 PM","0"
"Year 1 Nov 02 9:00 PM","0"
"Year 1 Nov 02 10:00 PM","0"
"Year 1 Nov 02 11:00 PM","0"
"Year 1 Nov 03 12:00 AM","0"
"Year 1 Nov 03 1:00 AM","0"
"Year 1 Nov 03 2:00 AM","0"
"Year 1 Nov 03 3:00 AM","0"
"Year 1 Nov 03 4:00 AM","0"
"Year 1 Nov 03 5:00 AM","0"
"Year 1 Nov 03 6:00 AM","0"
"Year 1 Nov 03 7:00 AM","2.13363896436481"
"Year 1 Nov 03 8:00 AM","12.9230589535614"
"Year 1 Nov 03 9:00 AM","26.3873884928863"
"Year 1 Nov 03 10:00 AM","36.285885366946"
"Year 1 Nov 03 11:00 AM","46.8163129268376"
"Year 1 Nov 03 12:00 PM","51.3638061939388"
"Year 1 Nov 03 1:00 PM","41.4866999296841"
"Year 1 Nov 03 2:00 PM","42.4342028589737"
"Year 1 Nov 03 3:00 PM","28.1777825827628"
"Year 1 Nov 03 4:00 PM","13.6951676228621"
"Year 1 Nov 03 5:00 PM","3.08929025590935"
"Year 1 Nov 03 6:00 PM","0"
"Year 1 Nov 03 7:00 PM","0"
"Year 1 Nov 03 8:00 PM","0"
"Year 1 Nov 03 9:00 PM","0"
"Year 1 Nov 03 10:00 PM","0"
"Year 1 Nov 03 11:00 PM","0"
"Year 1 Nov 04 12:00 AM","0"
"Year 1 Nov 04 1:00 AM","0"
"Year 1 Nov 04 2:00 AM","0"
"Year 1 Nov 04 3:00 AM","0"
"Year 1 Nov 04 4:00 AM","0"
"Year 1 Nov 04 5:00 AM","0"
"Year 1 Nov 04 6:00 AM","0"
"Year 1 Nov 04 7:00 AM","3.33768623101102"
"Year 1 Nov 04 8:00 AM","14.5947692760586"
"Year 1 Nov 04 9:00 AM","24.4632805602333"
"Year 1 Nov 04 10:00 AM","31.9237737376585"
"Year 1 Nov 04 11:00 AM","36.9571238766734"
"Year 1 Nov 04 12:00 PM","29.5166906424639"
"Year 1 Nov 04 1:00 PM","27.0188526222131"
"Year 1 Nov 04 2:00 PM","24.6769630561959"
"Year 1 Nov 04 3:00 PM","19.6451907249681"
"Year 1 Nov 04 4:00 PM","13.6647696015229"
"Year 1 Nov 04 5:00 PM","3.34225836100004"
"Year 1 Nov 04 6:00 PM","0"
"Year 1 Nov 04 7:00 PM","0"
"Year 1 Nov 04 8:00 PM","0"
"Year 1 Nov 04 9:00 PM","0"
"Year 1 Nov 04 10:00 PM","0"
"Year 1 Nov 04 11:00 PM","0"
"Year 1 Nov 05 12:00 AM","0"
"Year 1 Nov 05 1:00 AM","0"
"Year 1 Nov 05 2:00 AM","0"
"Year 1 Nov 05 3:00 AM","0"
"Year 1 Nov 05 4:00 AM","0"
"Year 1 Nov 05 5:00 AM","0"
"Year 1 Nov 05 6:00 AM","0"
"Year 1 Nov 05 7:00 AM","1.82423292600934"
"Year 1 Nov 05 8:00 AM","10.1585112053932"
"Year 1 Nov 05 9:00 AM","24.3171700131524"
"Year 1 Nov 05 10:00 AM","37.6419245117053"
"Year 1 Nov 05 11:00 AM","48.2459494848122"
"Year 1 Nov 05 12:00 PM","53.0037867390828"
"Year 1 Nov 05 1:00 PM","41.511272990131"
"Year 1 Nov 05 2:00 PM","31.0133338391371"
"Year 1 Nov 05 3:00 PM","26.0833487492993"
"Year 1 Nov 05 4:00 PM","16.7808719537242"
"Year 1 Nov 05 5:00 PM","2.83912993550616"
"Year 1 Nov 05 6:00 PM","0"
"Year 1 Nov 05 7:00 PM","0"
"Year 1 Nov 05 8:00 PM","0"
"Year 1 Nov 05 9:00 PM","0"
"Year 1 Nov 05 10:00 PM","0"
"Year 1 Nov 05 11:00 PM","0"
"Year 1 Nov 06 12:00 AM","0"
"Year 1 Nov 06 1:00 AM","0"
"Year 1 Nov 06 2:00 AM","0"
"Year 1 Nov 06 3:00 AM","0"
"Year 1 Nov 06 4:00 AM","0"
"Year 1 Nov 06 5:00 AM","0"
"Year 1 Nov 06 6:00 AM","0"
"Year 1 Nov 06 7:00 AM","2.00022681034172"
"Year 1 Nov 06 8:00 AM","10.7915864621379"
"Year 1 Nov 06 9:00 AM","24.0228829289022"
"Year 1 Nov 06 10:00 AM","32.7035902622806"
"Year 1 Nov 06 11:00 AM","40.7633789461956"
"Year 1 Nov 06 12:00 PM","52.3779815548511"
"Year 1 Nov 06 1:00 PM","44.7873455658326"
"Year 1 Nov 06 2:00 PM","36.9947496828731"
"Year 1 Nov 06 3:00 PM","29.0090262768752"
"Year 1 Nov 06 4:00 PM","10.4075060104299"
"Year 1 Nov 06 5:00 PM","1.88009927315486"
"Year 1 Nov 06 6:00 PM","0"
"Year 1 Nov 06 7:00 PM","0"
"Year 1 Nov 06 8:00 PM","0"
"Year 1 Nov 06 9:00 PM","0"
"Year 1 Nov 06 10:00 PM","0"
"Year 1 Nov 06 11:00 PM","0"
"Year 1 Nov 07 12:00 AM","0"
"Year 1 Nov 07 1:00 AM","0"
"Year 1 Nov 07 2:00 AM","0"
"Year 1 Nov 07 3:00 AM","0"
"Year 1 Nov 07 4:00 AM","0"
"Year 1 Nov 07 5:00 AM","0"
"Year 1 Nov 07 6:00 AM","0"
"Year 1 Nov 07 7:00 AM","2.22092068527246"
"Year 1 Nov 07 8:00 AM","10.1884973268467"
"Year 1 Nov 07 9:00 AM","21.3679781123081"
"Year 1 Nov 07 10:00 AM","29.546299136054"
"Year 1 Nov 07 11:00 AM","36.8313278598186"
"Year 1 Nov 07 12:00 PM","52.4703274716027"
"Year 1 Nov 07 1:00 PM","53.1305969602375"
"Year 1 Nov 07 2:00 PM","43.9321849990187"
"Year 1 Nov 07 3:00 PM","29.8067679417085"
"Year 1 Nov 07 4:00 PM","15.2651786630282"
"Year 1 Nov 07 5:00 PM","2.87907396051209"
"Year 1 Nov 07 6:00 PM","0"
"Year 1 Nov 07 7:00 PM","0"
"Year 1 Nov 07 8:00 PM","0"
"Year 1 Nov 07 9:00 PM","0"
"Year 1 Nov 07 10:00 PM","0"
"Year 1 Nov 07 11:00 PM","0"
"Year 1 Nov 08 12:00 AM","0"
"Year 1 Nov 08 1:00 AM","0"
"Year 1 Nov 08 2:00 AM","0"
"Year 1 Nov 08 3:00 AM","0"
"Year 1 Nov 08 4:00 AM","0"
"Year 1 Nov 08 5:00 AM","0"
"Year 1 Nov 08 6:00 AM","0"
"Year 1 Nov 08 7:00 AM","3.29950434151401"
"Year 1 Nov 08 8:00 AM","17.0252795403163"
"Year 1 Nov 08 9:00 AM","31.9071402797351"
"Year 1 Nov 08 10:00 AM","44.7780723937556"
"Year 1 Nov 08 11:00 AM","51.0146609332002"
"Year 1 Nov 08 12:00 PM","54.3043684797253"
"Year 1 Nov 08 1:00 PM","53.0082125233551"
"Year 1 Nov 08 2:00 PM","42.4097788618432"
"Year 1 Nov 08 3:00 PM","30.3345064677792"
"Year 1 Nov 08 4:00 PM","17.0087011633627"
"Year 1 Nov 08 5:00 PM","3.23974166296353"
"Year 1 Nov 08 6:00 PM","0"
"Year 1 Nov 08 7:00 PM","0"
"Year 1 Nov 08 8:00 PM","0"
"Year 1 Nov 08 9:00 PM","0"
"Year 1 Nov 08 10:00 PM","0"
"Year 1 Nov 08 11:00 PM","0"
"Year 1 Nov 09 12:00 AM","0"
"Year 1 Nov 09 1:00 AM","0"
"Year 1 Nov 09 2:00 AM","0"
"Year 1 Nov 09 3:00 AM","0"
"Year 1 Nov 09 4:00 AM","0"
"Year 1 Nov 09 5:00 AM","0"
"Year 1 Nov 09 6:00 AM","0"
"Year 1 Nov 09 7:00 AM","2.62062979777314"
"Year 1 Nov 09 8:00 AM","13.6154837895632"
"Year 1 Nov 09 9:00 AM","26.5811311261063"
"Year 1 Nov 09 10:00 AM","28.8251631284"
"Year 1 Nov 09 11:00 AM","41.3502016599016"
"Year 1 Nov 09 12:00 PM","38.9756677560269"
"Year 1 Nov 09 1:00 PM","36.0782037017107"
"Year 1 Nov 09 2:00 PM","33.8899971424416"
"Year 1 Nov 09 3:00 PM","28.8998892904243"
"Year 1 Nov 09 4:00 PM","16.1768788553813"
"Year 1 Nov 09 5:00 PM","2.79875164453036"
"Year 1 Nov 09 6:00 PM","0"
"Year 1 Nov 09 7:00 PM","0"
"Year 1 Nov 09 8:00 PM","0"
"Year 1 Nov 09 9:00 PM","0"
"Year 1 Nov 09 10:00 PM","0"
"Year 1 Nov 09 11:00 PM","0"
"Year 1 Nov 10 12:00 AM","0"
"Year 1 Nov 10 1:00 AM","0"
"Year 1 Nov 10 2:00 AM","0"
"Year 1 Nov 10 3:00 AM","0"
"Year 1 Nov 10 4:00 AM","0"
"Year 1 Nov 10 5:00 AM","0"
"Year 1 Nov 10 6:00 AM","0"
"Year 1 Nov 10 7:00 AM","2.68842469706803"
"Year 1 Nov 10 8:00 AM","15.0182702321936"
"Year 1 Nov 10 9:00 AM","23.3419972437759"
"Year 1 Nov 10 10:00 AM","34.5895363174955"
"Year 1 Nov 10 11:00 AM","42.0535324120655"
"Year 1 Nov 10 12:00 PM","53.0728261410407"
"Year 1 Nov 10 1:00 PM","52.4115595184477"
"Year 1 Nov 10 2:00 PM","42.2932960158908"
"Year 1 Nov 10 3:00 PM","31.0336303551046"
"Year 1 Nov 10 4:00 PM","16.5299564504898"
"Year 1 Nov 10 5:00 PM","2.99562455868732"
"Year 1 Nov 10 6:00 PM","0"
"Year 1 Nov 10 7:00 PM","0"
"Year 1 Nov 10 8:00 PM","0"
"Year 1 Nov 10 9:00 PM","0"
"Year 1 Nov 10 10:00 PM","0"
"Year 1 Nov 10 11:00 PM","0"
"Year 1 Nov 11 12:00 AM","0"
"Year 1 Nov 11 1:00 AM","0"
"Year 1 Nov 11 2:00 AM","0"
"Year 1 Nov 11 3:00 AM","0"
"Year 1 Nov 11 4:00 AM","0"
"Year 1 Nov 11 5:00 AM","0"
"Year 1 Nov 11 6:00 AM","0"
"Year 1 Nov 11 7:00 AM","1.92080093634903"
"Year 1 Nov 11 8:00 AM","12.283099344258"
"Year 1 Nov 11 9:00 AM","20.5225590077309"
"Year 1 Nov 11 10:00 AM","34.1043689905917"
"Year 1 Nov 11 11:00 AM","42.6241513818496"
"Year 1 Nov 11 12:00 PM","40.209020760283"
"Year 1 Nov 11 1:00 PM","40.8751702061904"
"Year 1 Nov 11 2:00 PM","32.8737181361765"
"Year 1 Nov 11 3:00 PM","27.3641788463384"
"Year 1 Nov 11 4:00 PM","15.4419720131995"
"Year 1 Nov 11 5:00 PM","2.91694200999959"
"Year 1 Nov 11 6:00 PM","0"
"Year 1 Nov 11 7:00 PM","0"
"Year 1 Nov 11 8:00 PM","0"
"Year 1 Nov 11 9:00 PM","0"
"Year 1 Nov 11 10:00 PM","0"
"Year 1 Nov 11 11:00 PM","0"
"Year 1 Nov 12 12:00 AM","0"
"Year 1 Nov 12 1:00 AM","0"
"Year 1 Nov 12 2:00 AM","0"
"Year 1 Nov 12 3:00 AM","0"
"Year 1 Nov 12 4:00 AM","0"
"Year 1 Nov 12 5:00 AM","0"
"Year 1 Nov 12 6:00 AM","0"
"Year 1 Nov 12 7:00 AM","1.90086020233529"
"Year 1 Nov 12 8:00 AM","13.0807489019387"
"Year 1 Nov 12 9:00 AM","20.5588011618238"
"Year 1 Nov 12 10:00 AM","24.5527071285552"
"Year 1 Nov 12 11:00 AM","26.5860752112948"
"Year 1 Nov 12 12:00 PM","27.1169581285749"
"Year 1 Nov 12 1:00 PM","26.5897311309615"
"Year 1 Nov 12 2:00 PM","26.0899414050303"
"Year 1 Nov 12 3:00 PM","24.3075543298699"
"Year 1 Nov 12 4:00 PM","14.0968841427998"
"Year 1 Nov 12 5:00 PM","1.86628536654092"
"Year 1 Nov 12 6:00 PM","0"
"Year 1 Nov 12 7:00 PM","0"
"Year 1 Nov 12 8:00 PM","0"
"Year 1 Nov 12 9:00 PM","0"
"Year 1 Nov 12 10:00 PM","0"
"Year 1 Nov 12 11:00 PM","0"
"Year 1 Nov 13 12:00 AM","0"
"Year 1 Nov 13 1:00 AM","0"
"Year 1 Nov 13 2:00 AM","0"
"Year 1 Nov 13 3:00 AM","0"
"Year 1 Nov 13 4:00 AM","0"
"Year 1 Nov 13 5:00 AM","0"
"Year 1 Nov 13 6:00 AM","0"
"Year 1 Nov 13 7:00 AM","1.91650138157464"
"Year 1 Nov 13 8:00 AM","14.4507266633572"
"Year 1 Nov 13 9:00 AM","27.7586376550429"
"Year 1 Nov 13 10:00 AM","35.4189805726027"
"Year 1 Nov 13 11:00 AM","45.0954894342757"
"Year 1 Nov 13 12:00 PM","46.100149548803"
"Year 1 Nov 13 1:00 PM","41.9748598488376"
"Year 1 Nov 13 2:00 PM","36.2459345530328"
"Year 1 Nov 13 3:00 PM","22.524145719129"
"Year 1 Nov 13 4:00 PM","6.82383249869604"
"Year 1 Nov 13 5:00 PM","0.950559170186132"
"Year 1 Nov 13 6:00 PM","0"
"Year 1 Nov 13 7:00 PM","0"
"Year 1 Nov 13 8:00 PM","0"
"Year 1 Nov 13 9:00 PM","0"
"Year 1 Nov 13 10:00 PM","0"
"Year 1 Nov 13 11:00 PM","0"
"Year 1 Nov 14 12:00 AM","0"
"Year 1 Nov 14 1:00 AM","0"
"Year 1 Nov 14 2:00 AM","0"
"Year 1 Nov 14 3:00 AM","0"
"Year 1 Nov 14 4:00 AM","0"
"Year 1 Nov 14 5:00 AM","0"
"Year 1 Nov 14 6:00 AM","0"
"Year 1 Nov 14 7:00 AM","1.7320530335264"
"Year 1 Nov 14 8:00 AM","10.900327190289"
"Year 1 Nov 14 9:00 AM","17.5714145500139"
"Year 1 Nov 14 10:00 AM","20.9740206414891"
"Year 1 Nov 14 11:00 AM","23.2838258487816"
"Year 1 Nov 14 12:00 PM","23.7882443708021"
"Year 1 Nov 14 1:00 PM","24.1939050875741"
"Year 1 Nov 14 2:00 PM","24.8576702775937"
"Year 1 Nov 14 3:00 PM","23.3961123038189"
"Year 1 Nov 14 4:00 PM","13.1608596064011"
"Year 1 Nov 14 5:00 PM","1.99443361383783"
"Year 1 Nov 14 6:00 PM","0"
"Year 1 Nov 14 7:00 PM","0"
"Year 1 Nov 14 8:00 PM","0"
"Year 1 Nov 14 9:00 PM","0"
"Year 1 Nov 14 10:00 PM","0"
"Year 1 Nov 14 11:00 PM","0"
"Year 1 Nov 15 12:00 AM","0"
"Year 1 Nov 15 1:00 AM","0"
"Year 1 Nov 15 2:00 AM","0"
"Year 1 Nov 15 3:00 AM","0"
"Year 1 Nov 15 4:00 AM","0"
"Year 1 Nov 15 5:00 AM","0"
"Year 1 Nov 15 6:00 AM","0"
"Year 1 Nov 15 7:00 AM","1.80009083333729"
"Year 1 Nov 15 8:00 AM","13.0949698258292"
"Year 1 Nov 15 9:00 AM","26.5336558625441"
"Year 1 Nov 15 10:00 AM","42.5694218075608"
"Year 1 Nov 15 11:00 AM","41.4014610733347"
"Year 1 Nov 15 12:00 PM","35.1392783087648"
"Year 1 Nov 15 1:00 PM","39.5460284519889"
"Year 1 Nov 15 2:00 PM","27.478062190126"
"Year 1 Nov 15 3:00 PM","22.3422859323571"
"Year 1 Nov 15 4:00 PM","9.95900920166203"
"Year 1 Nov 15 5:00 PM","1.44103222361228"
"Year 1 Nov 15 6:00 PM","0"
"Year 1 Nov 15 7:00 PM","0"
"Year 1 Nov 15 8:00 PM","0"
"Year 1 Nov 15 9:00 PM","0"
"Year 1 Nov 15 10:00 PM","0"
"Year 1 Nov 15 11:00 PM","0"
"Year 1 Nov 16 12:00 AM","0"
"Year 1 Nov 16 1:00 AM","0"
"Year 1 Nov 16 2:00 AM","0"
"Year 1 Nov 16 3:00 AM","0"
"Year 1 Nov 16 4:00 AM","0"
"Year 1 Nov 16 5:00 AM","0"
"Year 1 Nov 16 6:00 AM","0"
"Year 1 Nov 16 7:00 AM","1.63786844710781"
"Year 1 Nov 16 8:00 AM","11.4867345647075"
"Year 1 Nov 16 9:00 AM","20.6220151552119"
"Year 1 Nov 16 10:00 AM","28.700203673865"
"Year 1 Nov 16 11:00 AM","41.8582870438885"
"Year 1 Nov 16 12:00 PM","47.6035523353468"
"Year 1 Nov 16 1:00 PM","37.0569104510301"
"Year 1 Nov 16 2:00 PM","28.8732192628323"
"Year 1 Nov 16 3:00 PM","17.2395775556444"
"Year 1 Nov 16 4:00 PM","9.5571668988367"
"Year 1 Nov 16 5:00 PM","1.39533546498473"
"Year 1 Nov 16 6:00 PM","0"
"Year 1 Nov 16 7:00 PM","0"
"Year 1 Nov 16 8:00 PM","0"
"Year 1 Nov 16 9:00 PM","0"
"Year 1 Nov 16 10:00 PM","0"
"Year 1 Nov 16 11:00 PM","0"
"Year 1 Nov 17 12:00 AM","0"
"Year 1 Nov 17 1:00 AM","0"
"Year 1 Nov 17 2:00 AM","0"
"Year 1 Nov 17 3:00 AM","0"
"Year 1 Nov 17 4:00 AM","0"
"Year 1 Nov 17 5:00 AM","0"
"Year 1 Nov 17 6:00 AM","0"
"Year 1 Nov 17 7:00 AM","1.49063235158715"
"Year 1 Nov 17 8:00 AM","10.8915485966446"
"Year 1 Nov 17 9:00 AM","21.2254571504252"
"Year 1 Nov 17 10:00 AM","31.0582932862414"
"Year 1 Nov 17 11:00 AM","32.1602141742902"
"Year 1 Nov 17 12:00 PM","39.9889100944315"
"Year 1 Nov 17 1:00 PM","45.579150167209"
"Year 1 Nov 17 2:00 PM","34.2668414658378"
"Year 1 Nov 17 3:00 PM","23.8232053059441"
"Year 1 Nov 17 4:00 PM","9.21368436882827"
"Year 1 Nov 17 5:00 PM","1.44778316213065"
"Year 1 Nov 17 6:00 PM","0"
"Year 1 Nov 17 7:00 PM","0"
"Year 1 Nov 17 8:00 PM","0"
"Year 1 Nov 17 9:00 PM","0"
"Year 1 Nov 17 10:00 PM","0"
"Year 1 Nov 17 11:00 PM","0"
"Year 1 Nov 18 12:00 AM","0"
"Year 1 Nov 18 1:00 AM","0"
"Year 1 Nov 18 2:00 AM","0"
"Year 1 Nov 18 3:00 AM","0"
"Year 1 Nov 18 4:00 AM","0"
"Year 1 Nov 18 5:00 AM","0"
"Year 1 Nov 18 6:00 AM","0"
"Year 1 Nov 18 7:00 AM","0.88812410263729"
"Year 1 Nov 18 8:00 AM","9.27348914346195"
"Year 1 Nov 18 9:00 AM","25.4956094214025"
"Year 1 Nov 18 10:00 AM","30.3570926521193"
"Year 1 Nov 18 11:00 AM","24.9880799877324"
"Year 1 Nov 18 12:00 PM","31.4669445873919"
"Year 1 Nov 18 1:00 PM","33.0609680201072"
"Year 1 Nov 18 2:00 PM","23.3321781426953"
"Year 1 Nov 18 3:00 PM","16.9844799402151"
"Year 1 Nov 18 4:00 PM","10.4695214544967"
"Year 1 Nov 18 5:00 PM","1.75694377502675"
"Year 1 Nov 18 6:00 PM","0"
"Year 1 Nov 18 7:00 PM","0"
"Year 1 Nov 18 8:00 PM","0"
"Year 1 Nov 18 9:00 PM","0"
"Year 1 Nov 18 10:00 PM","0"
"Year 1 Nov 18 11:00 PM","0"
"Year 1 Nov 19 12:00 AM","0"
"Year 1 Nov 19 1:00 AM","0"
"Year 1 Nov 19 2:00 AM","0"
"Year 1 Nov 19 3:00 AM","0"
"Year 1 Nov 19 4:00 AM","0"
"Year 1 Nov 19 5:00 AM","0"
"Year 1 Nov 19 6:00 AM","0"
"Year 1 Nov 19 7:00 AM","0.793752220765219"
"Year 1 Nov 19 8:00 AM","10.7162834875987"
"Year 1 Nov 19 9:00 AM","20.9536882455178"
"Year 1 Nov 19 10:00 AM","32.8202206806177"
"Year 1 Nov 19 11:00 AM","39.6493221242467"
"Year 1 Nov 19 12:00 PM","40.7845029730317"
"Year 1 Nov 19 1:00 PM","40.4195737639428"
"Year 1 Nov 19 2:00 PM","35.0775723246163"
"Year 1 Nov 19 3:00 PM","24.6313959814579"
"Year 1 Nov 19 4:00 PM","12.7706510841541"
"Year 1 Nov 19 5:00 PM","1.50351480507797"
"Year 1 Nov 19 6:00 PM","0"
"Year 1 Nov 19 7:00 PM","0"
"Year 1 Nov 19 8:00 PM","0"
"Year 1 Nov 19 9:00 PM","0"
"Year 1 Nov 19 10:00 PM","0"
"Year 1 Nov 19 11:00 PM","0"
"Year 1 Nov 20 12:00 AM","0"
"Year 1 Nov 20 1:00 AM","0"
"Year 1 Nov 20 2:00 AM","0"
"Year 1 Nov 20 3:00 AM","0"
"Year 1 Nov 20 4:00 AM","0"
"Year 1 Nov 20 5:00 AM","0"
"Year 1 Nov 20 6:00 AM","0"
"Year 1 Nov 20 7:00 AM","0.79740927638929"
"Year 1 Nov 20 8:00 AM","11.4858684884623"
"Year 1 Nov 20 9:00 AM","24.0879784013303"
"Year 1 Nov 20 10:00 AM","24.6225968287462"
"Year 1 Nov 20 11:00 AM","33.0517960740218"
"Year 1 Nov 20 12:00 PM","48.3320607590771"
"Year 1 Nov 20 1:00 PM","45.3920529331746"
"Year 1 Nov 20 2:00 PM","38.1139954602153"
"Year 1 Nov 20 3:00 PM","28.1550728418249"
"Year 1 Nov 20 4:00 PM","12.4076911481458"
"Year 1 Nov 20 5:00 PM","1.37516142466781"
"Year 1 Nov 20 6:00 PM","0"
"Year 1 Nov 20 7:00 PM","0"
"Year 1 Nov 20 8:00 PM","0"
"Year 1 Nov 20 9:00 PM","0"
"Year 1 Nov 20 10:00 PM","0"
"Year 1 Nov 20 11:00 PM","0"
"Year 1 Nov 21 12:00 AM","0"
"Year 1 Nov 21 1:00 AM","0"
"Year 1 Nov 21 2:00 AM","0"
"Year 1 Nov 21 3:00 AM","0"
"Year 1 Nov 21 4:00 AM","0"
"Year 1 Nov 21 5:00 AM","0"
"Year 1 Nov 21 6:00 AM","0"
"Year 1 Nov 21 7:00 AM","0.844787980253326"
"Year 1 Nov 21 8:00 AM","10.8720350787394"
"Year 1 Nov 21 9:00 AM","21.6070270274531"
"Year 1 Nov 21 10:00 AM","27.9618247232592"
"Year 1 Nov 21 11:00 AM","26.4324481380757"
"Year 1 Nov 21 12:00 PM","25.7131516903267"
"Year 1 Nov 21 1:00 PM","25.8142856102083"
"Year 1 Nov 21 2:00 PM","27.0606279495829"
"Year 1 Nov 21 3:00 PM","24.4935001785839"
"Year 1 Nov 21 4:00 PM","12.6083391271559"
"Year 1 Nov 21 5:00 PM","1.55951336240561"
"Year 1 Nov 21 6:00 PM","0"
"Year 1 Nov 21 7:00 PM","0"
"Year 1 Nov 21 8:00 PM","0"
"Year 1 Nov 21 9:00 PM","0"
"Year 1 Nov 21 10:00 PM","0"
"Year 1 Nov 21 11:00 PM","0"
"Year 1 Nov 22 12:00 AM","0"
"Year 1 Nov 22 1:00 AM","0"
"Year 1 Nov 22 2:00 AM","0"
"Year 1 Nov 22 3:00 AM","0"
"Year 1 Nov 22 4:00 AM","0"
"Year 1 Nov 22 5:00 AM","0"
"Year 1 Nov 22 6:00 AM","0"
"Year 1 Nov 22 7:00 AM","0.5500798888721"
"Year 1 Nov 22 8:00 AM","8.15935998218896"
"Year 1 Nov 22 9:00 AM","18.3204873107455"
"Year 1 Nov 22 10:00 AM","27.0388732316864"
"Year 1 Nov 22 11:00 AM","35.7541390525946"
"Year 1 Nov 22 12:00 PM","38.2995780121017"
"Year 1 Nov 22 1:00 PM","35.59129809373"
"Year 1 Nov 22 2:00 PM","31.9765964729236"
"Year 1 Nov 22 3:00 PM","24.6339206663983"
"Year 1 Nov 22 4:00 PM","12.1532810399161"
"Year 1 Nov 22 5:00 PM","1.44022847613845"
"Year 1 Nov 22 6:00 PM","0"
"Year 1 Nov 22 7:00 PM","0"
"Year 1 Nov 22 8:00 PM","0"
"Year 1 Nov 22 9:00 PM","0"
"Year 1 Nov 22 10:00 PM","0"
"Year 1 Nov 22 11:00 PM","0"
"Year 1 Nov 23 12:00 AM","0"
"Year 1 Nov 23 1:00 AM","0"
"Year 1 Nov 23 2:00 AM","0"
"Year 1 Nov 23 3:00 AM","0"
"Year 1 Nov 23 4:00 AM","0"
"Year 1 Nov 23 5:00 AM","0"
"Year 1 Nov 23 6:00 AM","0"
"Year 1 Nov 23 7:00 AM","0.391483260461156"
"Year 1 Nov 23 8:00 AM","5.31275466109496"
"Year 1 Nov 23 9:00 AM","11.7740841997103"
"Year 1 Nov 23 10:00 AM","23.0145055001442"
"Year 1 Nov 23 11:00 AM","37.3443143835984"
"Year 1 Nov 23 12:00 PM","38.1744813847513"
"Year 1 Nov 23 1:00 PM","41.4912082584941"
"Year 1 Nov 23 2:00 PM","32.7291821830486"
"Year 1 Nov 23 3:00 PM","23.1499755882133"
"Year 1 Nov 23 4:00 PM","11.5151356779853"
"Year 1 Nov 23 5:00 PM","1.46802569873395"
"Year 1 Nov 23 6:00 PM","0"
"Year 1 Nov 23 7:00 PM","0"
"Year 1 Nov 23 8:00 PM","0"
"Year 1 Nov 23 9:00 PM","0"
"Year 1 Nov 23 10:00 PM","0"
"Year 1 Nov 23 11:00 PM","0"
"Year 1 Nov 24 12:00 AM","0"
"Year 1 Nov 24 1:00 AM","0"
"Year 1 Nov 24 2:00 AM","0"
"Year 1 Nov 24 3:00 AM","0"
"Year 1 Nov 24 4:00 AM","0"
"Year 1 Nov 24 5:00 AM","0"
"Year 1 Nov 24 6:00 AM","0"
"Year 1 Nov 24 7:00 AM","0.605998747821607"
"Year 1 Nov 24 8:00 AM","9.61289774397826"
"Year 1 Nov 24 9:00 AM","23.5732286093121"
"Year 1 Nov 24 10:00 AM","30.5431784035022"
"Year 1 Nov 24 11:00 AM","26.1588638884835"
"Year 1 Nov 24 12:00 PM","32.9068163554558"
"Year 1 Nov 24 1:00 PM","31.452541122698"
"Year 1 Nov 24 2:00 PM","20.2265241353961"
"Year 1 Nov 24 3:00 PM","18.2870934773188"
"Year 1 Nov 24 4:00 PM","11.6735786737211"
"Year 1 Nov 24 5:00 PM","1.49844430417995"
"Year 1 Nov 24 6:00 PM","0"
"Year 1 Nov 24 7:00 PM","0"
"Year 1 Nov 24 8:00 PM","0"
"Year 1 Nov 24 9:00 PM","0"
"Year 1 Nov 24 10:00 PM","0"
"Year 1 Nov 24 11:00 PM","0"
"Year 1 Nov 25 12:00 AM","0"
"Year 1 Nov 25 1:00 AM","0"
"Year 1 Nov 25 2:00 AM","0"
"Year 1 Nov 25 3:00 AM","0"
"Year 1 Nov 25 4:00 AM","0"
"Year 1 Nov 25 5:00 AM","0"
"Year 1 Nov 25 6:00 AM","0"
"Year 1 Nov 25 7:00 AM","0.497391277427694"
"Year 1 Nov 25 8:00 AM","8.90041301846254"
"Year 1 Nov 25 9:00 AM","23.7812071009953"
"Year 1 Nov 25 10:00 AM","30.3209886912638"
"Year 1 Nov 25 11:00 AM","39.1062140105596"
"Year 1 Nov 25 12:00 PM","40.9484032016198"
"Year 1 Nov 25 1:00 PM","43.0928583116795"
"Year 1 Nov 25 2:00 PM","29.0482486600292"
"Year 1 Nov 25 3:00 PM","26.5812451524409"
"Year 1 Nov 25 4:00 PM","8.9215449350702"
"Year 1 Nov 25 5:00 PM","0.541697343472093"
"Year 1 Nov 25 6:00 PM","0"
"Year 1 Nov 25 7:00 PM","0"
"Year 1 Nov 25 8:00 PM","0"
"Year 1 Nov 25 9:00 PM","0"
"Year 1 Nov 25 10:00 PM","0"
"Year 1 Nov 25 11:00 PM","0"
"Year 1 Nov 26 12:00 AM","0"
"Year 1 Nov 26 1:00 AM","0"
"Year 1 Nov 26 2:00 AM","0"
"Year 1 Nov 26 3:00 AM","0"
"Year 1 Nov 26 4:00 AM","0"
"Year 1 Nov 26 5:00 AM","0"
"Year 1 Nov 26 6:00 AM","0"
"Year 1 Nov 26 7:00 AM","0.656635550412613"
"Year 1 Nov 26 8:00 AM","9.46909211501523"
"Year 1 Nov 26 9:00 AM","17.4098900823788"
"Year 1 Nov 26 10:00 AM","21.6355247733423"
"Year 1 Nov 26 11:00 AM","26.1381178421435"
"Year 1 Nov 26 12:00 PM","26.5925448160411"
"Year 1 Nov 26 1:00 PM","27.7726260801235"
"Year 1 Nov 26 2:00 PM","29.728997359973"
"Year 1 Nov 26 3:00 PM","23.4640248142369"
"Year 1 Nov 26 4:00 PM","11.6470028638212"
"Year 1 Nov 26 5:00 PM","0.825327761452257"
"Year 1 Nov 26 6:00 PM","0"
"Year 1 Nov 26 7:00 PM","0"
"Year 1 Nov 26 8:00 PM","0"
"Year 1 Nov 26 9:00 PM","0"
"Year 1 Nov 26 10:00 PM","0"
"Year 1 Nov 26 11:00 PM","0"
"Year 1 Nov 27 12:00 AM","0"
"Year 1 Nov 27 1:00 AM","0"
"Year 1 Nov 27 2:00 AM","0"
"Year 1 Nov 27 3:00 AM","0"
"Year 1 Nov 27 4:00 AM","0"
"Year 1 Nov 27 5:00 AM","0"
"Year 1 Nov 27 6:00 AM","0"
"Year 1 Nov 27 7:00 AM","0.566037396082643"
"Year 1 Nov 27 8:00 AM","8.21093320775341"
"Year 1 Nov 27 9:00 AM","16.7753782783388"
"Year 1 Nov 27 10:00 AM","27.9786191095652"
"Year 1 Nov 27 11:00 AM","39.8146456305159"
"Year 1 Nov 27 12:00 PM","40.3491985127592"
"Year 1 Nov 27 1:00 PM","39.6425826722787"
"Year 1 Nov 27 2:00 PM","31.4224276042542"
"Year 1 Nov 27 3:00 PM","22.246241173733"
"Year 1 Nov 27 4:00 PM","10.7542105282509"
"Year 1 Nov 27 5:00 PM","0.799776455195223"
"Year 1 Nov 27 6:00 PM","0"
"Year 1 Nov 27 7:00 PM","0"
"Year 1 Nov 27 8:00 PM","0"
"Year 1 Nov 27 9:00 PM","0"
"Year 1 Nov 27 10:00 PM","0"
"Year 1 Nov 27 11:00 PM","0"
"Year 1 Nov 28 12:00 AM","0"
"Year 1 Nov 28 1:00 AM","0"
"Year 1 Nov 28 2:00 AM","0"
"Year 1 Nov 28 3:00 AM","0"
"Year 1 Nov 28 4:00 AM","0"
"Year 1 Nov 28 5:00 AM","0"
"Year 1 Nov 28 6:00 AM","0"
"Year 1 Nov 28 7:00 AM","0"
"Year 1 Nov 28 8:00 AM","9.33677179116341"
"Year 1 Nov 28 9:00 AM","17.9770973079752"
"Year 1 Nov 28 10:00 AM","22.7815355882194"
"Year 1 Nov 28 11:00 AM","28.5745773904104"
"Year 1 Nov 28 12:00 PM","36.9648564394639"
"Year 1 Nov 28 1:00 PM","40.4810274192721"
"Year 1 Nov 28 2:00 PM","33.8363174461626"
"Year 1 Nov 28 3:00 PM","26.1190352465137"
"Year 1 Nov 28 4:00 PM","13.0562648546354"
"Year 1 Nov 28 5:00 PM","0.846738703711083"
"Year 1 Nov 28 6:00 PM","0"
"Year 1 Nov 28 7:00 PM","0"
"Year 1 Nov 28 8:00 PM","0"
"Year 1 Nov 28 9:00 PM","0"
"Year 1 Nov 28 10:00 PM","0"
"Year 1 Nov 28 11:00 PM","0"
"Year 1 Nov 29 12:00 AM","0"
"Year 1 Nov 29 1:00 AM","0"
"Year 1 Nov 29 2:00 AM","0"
"Year 1 Nov 29 3:00 AM","0"
"Year 1 Nov 29 4:00 AM","0"
"Year 1 Nov 29 5:00 AM","0"
"Year 1 Nov 29 6:00 AM","0"
"Year 1 Nov 29 7:00 AM","0"
"Year 1 Nov 29 8:00 AM","9.70209426906035"
"Year 1 Nov 29 9:00 AM","23.042517043092"
"Year 1 Nov 29 10:00 AM","35.3776863965784"
"Year 1 Nov 29 11:00 AM","40.5810932124171"
"Year 1 Nov 29 12:00 PM","43.4784278963548"
"Year 1 Nov 29 1:00 PM","43.5058519814875"
"Year 1 Nov 29 2:00 PM","35.5070624061363"
"Year 1 Nov 29 3:00 PM","27.2646457108393"
"Year 1 Nov 29 4:00 PM","13.5077920437158"
"Year 1 Nov 29 5:00 PM","0.875419397699086"
"Year 1 Nov 29 6:00 PM","0"
"Year 1 Nov 29 7:00 PM","0"
"Year 1 Nov 29 8:00 PM","0"
"Year 1 Nov 29 9:00 PM","0"
"Year 1 Nov 29 10:00 PM","0"
"Year 1 Nov 29 11:00 PM","0"
"Year 1 Nov 30 12:00 AM","0"
"Year 1 Nov 30 1:00 AM","0"
"Year 1 Nov 30 2:00 AM","0"
"Year 1 Nov 30 3:00 AM","0"
"Year 1 Nov 30 4:00 AM","0"
"Year 1 Nov 30 5:00 AM","0"
"Year 1 Nov 30 6:00 AM","0"
"Year 1 Nov 30 7:00 AM","0"
"Year 1 Nov 30 8:00 AM","5.95837594452973"
"Year 1 Nov 30 9:00 AM","19.499930388433"
"Year 1 Nov 30 10:00 AM","30.340098439203"
"Year 1 Nov 30 11:00 AM","41.3656094107163"
"Year 1 Nov 30 12:00 PM","41.4452855549133"
"Year 1 Nov 30 1:00 PM","41.9913299846674"
"Year 1 Nov 30 2:00 PM","37.2954841272798"
"Year 1 Nov 30 3:00 PM","22.4755923584204"
"Year 1 Nov 30 4:00 PM","10.2061503758235"
"Year 1 Nov 30 5:00 PM","0.741897849276703"
"Year 1 Nov 30 6:00 PM","0"
"Year 1 Nov 30 7:00 PM","0"
"Year 1 Nov 30 8:00 PM","0"
"Year 1 Nov 30 9:00 PM","0"
"Year 1 Nov 30 10:00 PM","0"
"Year 1 Nov 30 11:00 PM","0"
"Year 1 Dec 01 12:00 AM","0"
"Year 1 Dec 01 1:00 AM","0"
"Year 1 Dec 01 2:00 AM","0"
"Year 1 Dec 01 3:00 AM","0"
"Year 1 Dec 01 4:00 AM","0"
"Year 1 Dec 01 5:00 AM","0"
"Year 1 Dec 01 6:00 AM","0"
"Year 1 Dec 01 7:00 AM","0"
"Year 1 Dec 01 8:00 AM","4.56156748985766"
"Year 1 Dec 01 9:00 AM","13.3264609601564"
"Year 1 Dec 01 10:00 AM","22.6673777066828"
"Year 1 Dec 01 11:00 AM","28.4983628036674"
"Year 1 Dec 01 12:00 PM","28.5510608332016"
"Year 1 Dec 01 1:00 PM","26.2769701617646"
"Year 1 Dec 01 2:00 PM","21.9707349783133"
"Year 1 Dec 01 3:00 PM","14.3225898741698"
"Year 1 Dec 01 4:00 PM","6.63692363481785"
"Year 1 Dec 01 5:00 PM","0.498163441349137"
"Year 1 Dec 01 6:00 PM","0"
"Year 1 Dec 01 7:00 PM","0"
"Year 1 Dec 01 8:00 PM","0"
"Year 1 Dec 01 9:00 PM","0"
"Year 1 Dec 01 10:00 PM","0"
"Year 1 Dec 01 11:00 PM","0"
"Year 1 Dec 02 12:00 AM","0"
"Year 1 Dec 02 1:00 AM","0"
"Year 1 Dec 02 2:00 AM","0"
"Year 1 Dec 02 3:00 AM","0"
"Year 1 Dec 02 4:00 AM","0"
"Year 1 Dec 02 5:00 AM","0"
"Year 1 Dec 02 6:00 AM","0"
"Year 1 Dec 02 7:00 AM","0"
"Year 1 Dec 02 8:00 AM","7.89498788364601"
"Year 1 Dec 02 9:00 AM","22.2792511670818"
"Year 1 Dec 02 10:00 AM","34.2762501251638"
"Year 1 Dec 02 11:00 AM","41.5555629679655"
"Year 1 Dec 02 12:00 PM","42.8209656557168"
"Year 1 Dec 02 1:00 PM","42.4463068980214"
"Year 1 Dec 02 2:00 PM","33.4737372438917"
"Year 1 Dec 02 3:00 PM","22.7050598266162"
"Year 1 Dec 02 4:00 PM","9.68385587680095"
"Year 1 Dec 02 5:00 PM","0.612552144518985"
"Year 1 Dec 02 6:00 PM","0"
"Year 1 Dec 02 7:00 PM","0"
"Year 1 Dec 02 8:00 PM","0"
"Year 1 Dec 02 9:00 PM","0"
"Year 1 Dec 02 10:00 PM","0"
"Year 1 Dec 02 11:00 PM","0"
"Year 1 Dec 03 12:00 AM","0"
"Year 1 Dec 03 1:00 AM","0"
"Year 1 Dec 03 2:00 AM","0"
"Year 1 Dec 03 3:00 AM","0"
"Year 1 Dec 03 4:00 AM","0"
"Year 1 Dec 03 5:00 AM","0"
"Year 1 Dec 03 6:00 AM","0"
"Year 1 Dec 03 7:00 AM","0"
"Year 1 Dec 03 8:00 AM","7.92722571734381"
"Year 1 Dec 03 9:00 AM","15.4404931563677"
"Year 1 Dec 03 10:00 AM","22.9842801746567"
"Year 1 Dec 03 11:00 AM","30.3518044270554"
"Year 1 Dec 03 12:00 PM","39.3375271129122"
"Year 1 Dec 03 1:00 PM","37.4074633236172"
"Year 1 Dec 03 2:00 PM","30.9647674848373"
"Year 1 Dec 03 3:00 PM","19.1738569730217"
"Year 1 Dec 03 4:00 PM","6.3141175207338"
"Year 1 Dec 03 5:00 PM","0.381860601304586"
"Year 1 Dec 03 6:00 PM","0"
"Year 1 Dec 03 7:00 PM","0"
"Year 1 Dec 03 8:00 PM","0"
"Year 1 Dec 03 9:00 PM","0"
"Year 1 Dec 03 10:00 PM","0"
"Year 1 Dec 03 11:00 PM","0"
"Year 1 Dec 04 12:00 AM","0"
"Year 1 Dec 04 1:00 AM","0"
"Year 1 Dec 04 2:00 AM","0"
"Year 1 Dec 04 3:00 AM","0"
"Year 1 Dec 04 4:00 AM","0"
"Year 1 Dec 04 5:00 AM","0"
"Year 1 Dec 04 6:00 AM","0"
"Year 1 Dec 04 7:00 AM","0"
"Year 1 Dec 04 8:00 AM","8.04649422515828"
"Year 1 Dec 04 9:00 AM","20.6492404437294"
"Year 1 Dec 04 10:00 AM","30.6993383105999"
"Year 1 Dec 04 11:00 AM","37.3187908945284"
"Year 1 Dec 04 12:00 PM","32.9837748089815"
"Year 1 Dec 04 1:00 PM","25.6533083005783"
"Year 1 Dec 04 2:00 PM","27.0806284751078"
"Year 1 Dec 04 3:00 PM","19.1511900864794"
"Year 1 Dec 04 4:00 PM","10.69751410276"
"Year 1 Dec 04 5:00 PM","0.726327236665075"
"Year 1 Dec 04 6:00 PM","0"
"Year 1 Dec 04 7:00 PM","0"
"Year 1 Dec 04 8:00 PM","0"
"Year 1 Dec 04 9:00 PM","0"
"Year 1 Dec 04 10:00 PM","0"
"Year 1 Dec 04 11:00 PM","0"
"Year 1 Dec 05 12:00 AM","0"
"Year 1 Dec 05 1:00 AM","0"
"Year 1 Dec 05 2:00 AM","0"
"Year 1 Dec 05 3:00 AM","0"
"Year 1 Dec 05 4:00 AM","0"
"Year 1 Dec 05 5:00 AM","0"
"Year 1 Dec 05 6:00 AM","0"
"Year 1 Dec 05 7:00 AM","0"
"Year 1 Dec 05 8:00 AM","6.52818213964124"
"Year 1 Dec 05 9:00 AM","12.4674136777283"
"Year 1 Dec 05 10:00 AM","15.6590266247173"
"Year 1 Dec 05 11:00 AM","17.2943456411154"
"Year 1 Dec 05 12:00 PM","17.9596287719911"
"Year 1 Dec 05 1:00 PM","17.6349673676158"
"Year 1 Dec 05 2:00 PM","16.2833947683482"
"Year 1 Dec 05 3:00 PM","13.8082885914667"
"Year 1 Dec 05 4:00 PM","8.14387863623737"
"Year 1 Dec 05 5:00 PM","0.689282387798692"
"Year 1 Dec 05 6:00 PM","0"
"Year 1 Dec 05 7:00 PM","0"
"Year 1 Dec 05 8:00 PM","0"
"Year 1 Dec 05 9:00 PM","0"
"Year 1 Dec 05 10:00 PM","0"
"Year 1 Dec 05 11:00 PM","0"
"Year 1 Dec 06 12:00 AM","0"
"Year 1 Dec 06 1:00 AM","0"
"Year 1 Dec 06 2:00 AM","0"
"Year 1 Dec 06 3:00 AM","0"
"Year 1 Dec 06 4:00 AM","0"
"Year 1 Dec 06 5:00 AM","0"
"Year 1 Dec 06 6:00 AM","0"
"Year 1 Dec 06 7:00 AM","0"
"Year 1 Dec 06 8:00 AM","6.64022937804653"
"Year 1 Dec 06 9:00 AM","19.8613055036075"
"Year 1 Dec 06 10:00 AM","26.9886811190444"
"Year 1 Dec 06 11:00 AM","32.8326620578955"
"Year 1 Dec 06 12:00 PM","35.8162038083972"
"Year 1 Dec 06 1:00 PM","40.5269045488883"
"Year 1 Dec 06 2:00 PM","28.7982049850443"
"Year 1 Dec 06 3:00 PM","20.8306368287337"
"Year 1 Dec 06 4:00 PM","11.6127597235501"
"Year 1 Dec 06 5:00 PM","0.732563415916544"
"Year 1 Dec 06 6:00 PM","0"
"Year 1 Dec 06 7:00 PM","0"
"Year 1 Dec 06 8:00 PM","0"
"Year 1 Dec 06 9:00 PM","0"
"Year 1 Dec 06 10:00 PM","0"
"Year 1 Dec 06 11:00 PM","0"
"Year 1 Dec 07 12:00 AM","0"
"Year 1 Dec 07 1:00 AM","0"
"Year 1 Dec 07 2:00 AM","0"
"Year 1 Dec 07 3:00 AM","0"
"Year 1 Dec 07 4:00 AM","0"
"Year 1 Dec 07 5:00 AM","0"
"Year 1 Dec 07 6:00 AM","0"
"Year 1 Dec 07 7:00 AM","0"
"Year 1 Dec 07 8:00 AM","5.51869405191596"
"Year 1 Dec 07 9:00 AM","16.8268684388524"
"Year 1 Dec 07 10:00 AM","29.0369198348852"
"Year 1 Dec 07 11:00 AM","32.3514059425331"
"Year 1 Dec 07 12:00 PM","34.4187667610717"
"Year 1 Dec 07 1:00 PM","28.2929651565616"
"Year 1 Dec 07 2:00 PM","30.7933980347702"
"Year 1 Dec 07 3:00 PM","21.3939536554269"
"Year 1 Dec 07 4:00 PM","10.0308021286276"
"Year 1 Dec 07 5:00 PM","0.649630390037991"
"Year 1 Dec 07 6:00 PM","0"
"Year 1 Dec 07 7:00 PM","0"
"Year 1 Dec 07 8:00 PM","0"
"Year 1 Dec 07 9:00 PM","0"
"Year 1 Dec 07 10:00 PM","0"
"Year 1 Dec 07 11:00 PM","0"
"Year 1 Dec 08 12:00 AM","0"
"Year 1 Dec 08 1:00 AM","0"
"Year 1 Dec 08 2:00 AM","0"
"Year 1 Dec 08 3:00 AM","0"
"Year 1 Dec 08 4:00 AM","0"
"Year 1 Dec 08 5:00 AM","0"
"Year 1 Dec 08 6:00 AM","0"
"Year 1 Dec 08 7:00 AM","0"
"Year 1 Dec 08 8:00 AM","5.64937394735154"
"Year 1 Dec 08 9:00 AM","17.6655350004103"
"Year 1 Dec 08 10:00 AM","24.862869993026"
"Year 1 Dec 08 11:00 AM","37.6060792657085"
"Year 1 Dec 08 12:00 PM","37.454658345946"
"Year 1 Dec 08 1:00 PM","38.8210703196296"
"Year 1 Dec 08 2:00 PM","31.2572443676103"
"Year 1 Dec 08 3:00 PM","21.2856006388866"
"Year 1 Dec 08 4:00 PM","10.0083286017949"
"Year 1 Dec 08 5:00 PM","0.688352593194511"
"Year 1 Dec 08 6:00 PM","0"
"Year 1 Dec 08 7:00 PM","0"
"Year 1 Dec 08 8:00 PM","0"
"Year 1 Dec 08 9:00 PM","0"
"Year 1 Dec 08 10:00 PM","0"
"Year 1 Dec 08 11:00 PM","0"
"Year 1 Dec 09 12:00 AM","0"
"Year 1 Dec 09 1:00 AM","0"
"Year 1 Dec 09 2:00 AM","0"
"Year 1 Dec 09 3:00 AM","0"
"Year 1 Dec 09 4:00 AM","0"
"Year 1 Dec 09 5:00 AM","0"
"Year 1 Dec 09 6:00 AM","0"
"Year 1 Dec 09 7:00 AM","0"
"Year 1 Dec 09 8:00 AM","6.21972111424741"
"Year 1 Dec 09 9:00 AM","17.0531744364036"
"Year 1 Dec 09 10:00 AM","26.2461233974248"
"Year 1 Dec 09 11:00 AM","33.7990749958867"
"Year 1 Dec 09 12:00 PM","25.4858255758376"
"Year 1 Dec 09 1:00 PM","29.866847303589"
"Year 1 Dec 09 2:00 PM","25.0122700587253"
"Year 1 Dec 09 3:00 PM","19.6602067791138"
"Year 1 Dec 09 4:00 PM","8.98735245308613"
"Year 1 Dec 09 5:00 PM","0.522401196565092"
"Year 1 Dec 09 6:00 PM","0"
"Year 1 Dec 09 7:00 PM","0"
"Year 1 Dec 09 8:00 PM","0"
"Year 1 Dec 09 9:00 PM","0"
"Year 1 Dec 09 10:00 PM","0"
"Year 1 Dec 09 11:00 PM","0"
"Year 1 Dec 10 12:00 AM","0"
"Year 1 Dec 10 1:00 AM","0"
"Year 1 Dec 10 2:00 AM","0"
"Year 1 Dec 10 3:00 AM","0"
"Year 1 Dec 10 4:00 AM","0"
"Year 1 Dec 10 5:00 AM","0"
"Year 1 Dec 10 6:00 AM","0"
"Year 1 Dec 10 7:00 AM","0"
"Year 1 Dec 10 8:00 AM","5.69241508149102"
"Year 1 Dec 10 9:00 AM","12.2665802604699"
"Year 1 Dec 10 10:00 AM","16.5130621539979"
"Year 1 Dec 10 11:00 AM","19.0345060698796"
"Year 1 Dec 10 12:00 PM","20.0579855223841"
"Year 1 Dec 10 1:00 PM","19.1371772778196"
"Year 1 Dec 10 2:00 PM","19.4696285304871"
"Year 1 Dec 10 3:00 PM","19.6454953685794"
"Year 1 Dec 10 4:00 PM","11.0736437037362"
"Year 1 Dec 10 5:00 PM","0.771457584832654"
"Year 1 Dec 10 6:00 PM","0"
"Year 1 Dec 10 7:00 PM","0"
"Year 1 Dec 10 8:00 PM","0"
"Year 1 Dec 10 9:00 PM","0"
"Year 1 Dec 10 10:00 PM","0"
"Year 1 Dec 10 11:00 PM","0"
"Year 1 Dec 11 12:00 AM","0"
"Year 1 Dec 11 1:00 AM","0"
"Year 1 Dec 11 2:00 AM","0"
"Year 1 Dec 11 3:00 AM","0"
"Year 1 Dec 11 4:00 AM","0"
"Year 1 Dec 11 5:00 AM","0"
"Year 1 Dec 11 6:00 AM","0"
"Year 1 Dec 11 7:00 AM","0"
"Year 1 Dec 11 8:00 AM","5.24620079347454"
"Year 1 Dec 11 9:00 AM","16.6171834042148"
"Year 1 Dec 11 10:00 AM","27.1337329179771"
"Year 1 Dec 11 11:00 AM","30.9299104573024"
"Year 1 Dec 11 12:00 PM","32.9811349503589"
"Year 1 Dec 11 1:00 PM","34.3732325308047"
"Year 1 Dec 11 2:00 PM","20.9722737858209"
"Year 1 Dec 11 3:00 PM","15.0251773275432"
"Year 1 Dec 11 4:00 PM","8.96530944268196"
"Year 1 Dec 11 5:00 PM","0.755147783143879"
"Year 1 Dec 11 6:00 PM","0"
"Year 1 Dec 11 7:00 PM","0"
"Year 1 Dec 11 8:00 PM","0"
"Year 1 Dec 11 9:00 PM","0"
"Year 1 Dec 11 10:00 PM","0"
"Year 1 Dec 11 11:00 PM","0"
"Year 1 Dec 12 12:00 AM","0"
"Year 1 Dec 12 1:00 AM","0"
"Year 1 Dec 12 2:00 AM","0"
"Year 1 Dec 12 3:00 AM","0"
"Year 1 Dec 12 4:00 AM","0"
"Year 1 Dec 12 5:00 AM","0"
"Year 1 Dec 12 6:00 AM","0"
"Year 1 Dec 12 7:00 AM","0"
"Year 1 Dec 12 8:00 AM","6.03396752132735"
"Year 1 Dec 12 9:00 AM","17.5212356398004"
"Year 1 Dec 12 10:00 AM","25.2252219869281"
"Year 1 Dec 12 11:00 AM","33.7069587382179"
"Year 1 Dec 12 12:00 PM","33.2099743501743"
"Year 1 Dec 12 1:00 PM","35.2017756239609"
"Year 1 Dec 12 2:00 PM","30.8640500107045"
"Year 1 Dec 12 3:00 PM","19.3278905106115"
"Year 1 Dec 12 4:00 PM","8.44590786928103"
"Year 1 Dec 12 5:00 PM","0.544573452104429"
"Year 1 Dec 12 6:00 PM","0"
"Year 1 Dec 12 7:00 PM","0"
"Year 1 Dec 12 8:00 PM","0"
"Year 1 Dec 12 9:00 PM","0"
"Year 1 Dec 12 10:00 PM","0"
"Year 1 Dec 12 11:00 PM","0"
"Year 1 Dec 13 12:00 AM","0"
"Year 1 Dec 13 1:00 AM","0"
"Year 1 Dec 13 2:00 AM","0"
"Year 1 Dec 13 3:00 AM","0"
"Year 1 Dec 13 4:00 AM","0"
"Year 1 Dec 13 5:00 AM","0"
"Year 1 Dec 13 6:00 AM","0"
"Year 1 Dec 13 7:00 AM","0"
"Year 1 Dec 13 8:00 AM","4.58534217633611"
"Year 1 Dec 13 9:00 AM","12.6104038635576"
"Year 1 Dec 13 10:00 AM","24.6075421563945"
"Year 1 Dec 13 11:00 AM","33.9216201737577"
"Year 1 Dec 13 12:00 PM","36.8116666882863"
"Year 1 Dec 13 1:00 PM","35.7355766663169"
"Year 1 Dec 13 2:00 PM","32.9484180752392"
"Year 1 Dec 13 3:00 PM","21.3932874817129"
"Year 1 Dec 13 4:00 PM","10.0639989452009"
"Year 1 Dec 13 5:00 PM","0.661557392962451"
"Year 1 Dec 13 6:00 PM","0"
"Year 1 Dec 13 7:00 PM","0"
"Year 1 Dec 13 8:00 PM","0"
"Year 1 Dec 13 9:00 PM","0"
"Year 1 Dec 13 10:00 PM","0"
"Year 1 Dec 13 11:00 PM","0"
"Year 1 Dec 14 12:00 AM","0"
"Year 1 Dec 14 1:00 AM","0"
"Year 1 Dec 14 2:00 AM","0"
"Year 1 Dec 14 3:00 AM","0"
"Year 1 Dec 14 4:00 AM","0"
"Year 1 Dec 14 5:00 AM","0"
"Year 1 Dec 14 6:00 AM","0"
"Year 1 Dec 14 7:00 AM","0"
"Year 1 Dec 14 8:00 AM","6.33447617684525"
"Year 1 Dec 14 9:00 AM","20.1314973676141"
"Year 1 Dec 14 10:00 AM","33.0399817485553"
"Year 1 Dec 14 11:00 AM","39.2160662300288"
"Year 1 Dec 14 12:00 PM","43.4375726281825"
"Year 1 Dec 14 1:00 PM","41.1323271692508"
"Year 1 Dec 14 2:00 PM","34.5940559147937"
"Year 1 Dec 14 3:00 PM","21.5928683194395"
"Year 1 Dec 14 4:00 PM","8.37321530922241"
"Year 1 Dec 14 5:00 PM","0.555136194277319"
"Year 1 Dec 14 6:00 PM","0"
"Year 1 Dec 14 7:00 PM","0"
"Year 1 Dec 14 8:00 PM","0"
"Year 1 Dec 14 9:00 PM","0"
"Year 1 Dec 14 10:00 PM","0"
"Year 1 Dec 14 11:00 PM","0"
"Year 1 Dec 15 12:00 AM","0"
"Year 1 Dec 15 1:00 AM","0"
"Year 1 Dec 15 2:00 AM","0"
"Year 1 Dec 15 3:00 AM","0"
"Year 1 Dec 15 4:00 AM","0"
"Year 1 Dec 15 5:00 AM","0"
"Year 1 Dec 15 6:00 AM","0"
"Year 1 Dec 15 7:00 AM","0"
"Year 1 Dec 15 8:00 AM","5.18953892388205"
"Year 1 Dec 15 9:00 AM","17.7977744844632"
"Year 1 Dec 15 10:00 AM","27.0554999979026"
"Year 1 Dec 15 11:00 AM","31.0807348783571"
"Year 1 Dec 15 12:00 PM","31.5856805724291"
"Year 1 Dec 15 1:00 PM","29.3509238378367"
"Year 1 Dec 15 2:00 PM","26.693928778675"
"Year 1 Dec 15 3:00 PM","21.6210910687489"
"Year 1 Dec 15 4:00 PM","10.2471178001114"
"Year 1 Dec 15 5:00 PM","0.736842889789003"
"Year 1 Dec 15 6:00 PM","0"
"Year 1 Dec 15 7:00 PM","0"
"Year 1 Dec 15 8:00 PM","0"
"Year 1 Dec 15 9:00 PM","0"
"Year 1 Dec 15 10:00 PM","0"
"Year 1 Dec 15 11:00 PM","0"
"Year 1 Dec 16 12:00 AM","0"
"Year 1 Dec 16 1:00 AM","0"
"Year 1 Dec 16 2:00 AM","0"
"Year 1 Dec 16 3:00 AM","0"
"Year 1 Dec 16 4:00 AM","0"
"Year 1 Dec 16 5:00 AM","0"
"Year 1 Dec 16 6:00 AM","0"
"Year 1 Dec 16 7:00 AM","0"
"Year 1 Dec 16 8:00 AM","5.27356352781793"
"Year 1 Dec 16 9:00 AM","12.1291477860986"
"Year 1 Dec 16 10:00 AM","18.4654939249195"
"Year 1 Dec 16 11:00 AM","28.9410927453078"
"Year 1 Dec 16 12:00 PM","35.0406532261868"
"Year 1 Dec 16 1:00 PM","40.2645184679924"
"Year 1 Dec 16 2:00 PM","28.1936505255882"
"Year 1 Dec 16 3:00 PM","20.6816979842637"
"Year 1 Dec 16 4:00 PM","7.64328128445242"
"Year 1 Dec 16 5:00 PM","0.438705450126675"
"Year 1 Dec 16 6:00 PM","0"
"Year 1 Dec 16 7:00 PM","0"
"Year 1 Dec 16 8:00 PM","0"
"Year 1 Dec 16 9:00 PM","0"
"Year 1 Dec 16 10:00 PM","0"
"Year 1 Dec 16 11:00 PM","0"
"Year 1 Dec 17 12:00 AM","0"
"Year 1 Dec 17 1:00 AM","0"
"Year 1 Dec 17 2:00 AM","0"
"Year 1 Dec 17 3:00 AM","0"
"Year 1 Dec 17 4:00 AM","0"
"Year 1 Dec 17 5:00 AM","0"
"Year 1 Dec 17 6:00 AM","0"
"Year 1 Dec 17 7:00 AM","0"
"Year 1 Dec 17 8:00 AM","2.7561686111105"
"Year 1 Dec 17 9:00 AM","13.1296987327296"
"Year 1 Dec 17 10:00 AM","27.1276808012121"
"Year 1 Dec 17 11:00 AM","27.3749054096727"
"Year 1 Dec 17 12:00 PM","29.4656228335029"
"Year 1 Dec 17 1:00 PM","31.7734718042657"
"Year 1 Dec 17 2:00 PM","26.1466159819689"
"Year 1 Dec 17 3:00 PM","18.9608392733941"
"Year 1 Dec 17 4:00 PM","10.1736673220665"
"Year 1 Dec 17 5:00 PM","0.721001788447534"
"Year 1 Dec 17 6:00 PM","0"
"Year 1 Dec 17 7:00 PM","0"
"Year 1 Dec 17 8:00 PM","0"
"Year 1 Dec 17 9:00 PM","0"
"Year 1 Dec 17 10:00 PM","0"
"Year 1 Dec 17 11:00 PM","0"
"Year 1 Dec 18 12:00 AM","0"
"Year 1 Dec 18 1:00 AM","0"
"Year 1 Dec 18 2:00 AM","0"
"Year 1 Dec 18 3:00 AM","0"
"Year 1 Dec 18 4:00 AM","0"
"Year 1 Dec 18 5:00 AM","0"
"Year 1 Dec 18 6:00 AM","0"
"Year 1 Dec 18 7:00 AM","0"
"Year 1 Dec 18 8:00 AM","5.52564517506781"
"Year 1 Dec 18 9:00 AM","15.2651460400302"
"Year 1 Dec 18 10:00 AM","20.1431629527311"
"Year 1 Dec 18 11:00 AM","22.886782588304"
"Year 1 Dec 18 12:00 PM","23.949586920134"
"Year 1 Dec 18 1:00 PM","23.4721900747367"
"Year 1 Dec 18 2:00 PM","21.6284735140537"
"Year 1 Dec 18 3:00 PM","17.7114670802841"
"Year 1 Dec 18 4:00 PM","10.6171716379896"
"Year 1 Dec 18 5:00 PM","0.779072430455542"
"Year 1 Dec 18 6:00 PM","0"
"Year 1 Dec 18 7:00 PM","0"
"Year 1 Dec 18 8:00 PM","0"
"Year 1 Dec 18 9:00 PM","0"
"Year 1 Dec 18 10:00 PM","0"
"Year 1 Dec 18 11:00 PM","0"
"Year 1 Dec 19 12:00 AM","0"
"Year 1 Dec 19 1:00 AM","0"
"Year 1 Dec 19 2:00 AM","0"
"Year 1 Dec 19 3:00 AM","0"
"Year 1 Dec 19 4:00 AM","0"
"Year 1 Dec 19 5:00 AM","0"
"Year 1 Dec 19 6:00 AM","0"
"Year 1 Dec 19 7:00 AM","0"
"Year 1 Dec 19 8:00 AM","4.47049273404029"
"Year 1 Dec 19 9:00 AM","11.9177202454658"
"Year 1 Dec 19 10:00 AM","16.3740620392956"
"Year 1 Dec 19 11:00 AM","18.5434027133138"
"Year 1 Dec 19 12:00 PM","20.7415188307671"
"Year 1 Dec 19 1:00 PM","27.1706750503218"
"Year 1 Dec 19 2:00 PM","22.1248177973822"
"Year 1 Dec 19 3:00 PM","15.957099810793"
"Year 1 Dec 19 4:00 PM","8.81975368561609"
"Year 1 Dec 19 5:00 PM","0.693140404740126"
"Year 1 Dec 19 6:00 PM","0"
"Year 1 Dec 19 7:00 PM","0"
"Year 1 Dec 19 8:00 PM","0"
"Year 1 Dec 19 9:00 PM","0"
"Year 1 Dec 19 10:00 PM","0"
"Year 1 Dec 19 11:00 PM","0"
"Year 1 Dec 20 12:00 AM","0"
"Year 1 Dec 20 1:00 AM","0"
"Year 1 Dec 20 2:00 AM","0"
"Year 1 Dec 20 3:00 AM","0"
"Year 1 Dec 20 4:00 AM","0"
"Year 1 Dec 20 5:00 AM","0"
"Year 1 Dec 20 6:00 AM","0"
"Year 1 Dec 20 7:00 AM","0"
"Year 1 Dec 20 8:00 AM","4.9197706795832"
"Year 1 Dec 20 9:00 AM","15.2630520175355"
"Year 1 Dec 20 10:00 AM","20.8905333091707"
"Year 1 Dec 20 11:00 AM","25.5720461206563"
"Year 1 Dec 20 12:00 PM","29.7000209759533"
"Year 1 Dec 20 1:00 PM","30.5214405334951"
"Year 1 Dec 20 2:00 PM","24.9645152696179"
"Year 1 Dec 20 3:00 PM","21.6158526993652"
"Year 1 Dec 20 4:00 PM","12.0403634793171"
"Year 1 Dec 20 5:00 PM","0.886887961098298"
"Year 1 Dec 20 6:00 PM","0"
"Year 1 Dec 20 7:00 PM","0"
"Year 1 Dec 20 8:00 PM","0"
"Year 1 Dec 20 9:00 PM","0"
"Year 1 Dec 20 10:00 PM","0"
"Year 1 Dec 20 11:00 PM","0"
"Year 1 Dec 21 12:00 AM","0"
"Year 1 Dec 21 1:00 AM","0"
"Year 1 Dec 21 2:00 AM","0"
"Year 1 Dec 21 3:00 AM","0"
"Year 1 Dec 21 4:00 AM","0"
"Year 1 Dec 21 5:00 AM","0"
"Year 1 Dec 21 6:00 AM","0"
"Year 1 Dec 21 7:00 AM","0"
"Year 1 Dec 21 8:00 AM","3.49907453801829"
"Year 1 Dec 21 9:00 AM","14.44300039234"
"Year 1 Dec 21 10:00 AM","27.6369918168506"
"Year 1 Dec 21 11:00 AM","39.3707023701935"
"Year 1 Dec 21 12:00 PM","34.5096062126018"
"Year 1 Dec 21 1:00 PM","36.2285925792188"
"Year 1 Dec 21 2:00 PM","30.8555486198447"
"Year 1 Dec 21 3:00 PM","20.7934798083117"
"Year 1 Dec 21 4:00 PM","9.7221283729164"
"Year 1 Dec 21 5:00 PM","0.68616199126371"
"Year 1 Dec 21 6:00 PM","0"
"Year 1 Dec 21 7:00 PM","0"
"Year 1 Dec 21 8:00 PM","0"
"Year 1 Dec 21 9:00 PM","0"
"Year 1 Dec 21 10:00 PM","0"
"Year 1 Dec 21 11:00 PM","0"
"Year 1 Dec 22 12:00 AM","0"
"Year 1 Dec 22 1:00 AM","0"
"Year 1 Dec 22 2:00 AM","0"
"Year 1 Dec 22 3:00 AM","0"
"Year 1 Dec 22 4:00 AM","0"
"Year 1 Dec 22 5:00 AM","0"
"Year 1 Dec 22 6:00 AM","0"
"Year 1 Dec 22 7:00 AM","0"
"Year 1 Dec 22 8:00 AM","3.9646460317615"
"Year 1 Dec 22 9:00 AM","12.8014828009423"
"Year 1 Dec 22 10:00 AM","30.2453230463694"
"Year 1 Dec 22 11:00 AM","36.7490849138358"
"Year 1 Dec 22 12:00 PM","41.4433393680869"
"Year 1 Dec 22 1:00 PM","42.4021265065949"
"Year 1 Dec 22 2:00 PM","36.4474431006038"
"Year 1 Dec 22 3:00 PM","24.4185259237218"
"Year 1 Dec 22 4:00 PM","11.6442368208409"
"Year 1 Dec 22 5:00 PM","0.825093960494412"
"Year 1 Dec 22 6:00 PM","0"
"Year 1 Dec 22 7:00 PM","0"
"Year 1 Dec 22 8:00 PM","0"
"Year 1 Dec 22 9:00 PM","0"
"Year 1 Dec 22 10:00 PM","0"
"Year 1 Dec 22 11:00 PM","0"
"Year 1 Dec 23 12:00 AM","0"
"Year 1 Dec 23 1:00 AM","0"
"Year 1 Dec 23 2:00 AM","0"
"Year 1 Dec 23 3:00 AM","0"
"Year 1 Dec 23 4:00 AM","0"
"Year 1 Dec 23 5:00 AM","0"
"Year 1 Dec 23 6:00 AM","0"
"Year 1 Dec 23 7:00 AM","0"
"Year 1 Dec 23 8:00 AM","5.03336017980118"
"Year 1 Dec 23 9:00 AM","14.6903989878113"
"Year 1 Dec 23 10:00 AM","17.4049687362005"
"Year 1 Dec 23 11:00 AM","18.1498426307128"
"Year 1 Dec 23 12:00 PM","17.9036268162697"
"Year 1 Dec 23 1:00 PM","17.438253957867"
"Year 1 Dec 23 2:00 PM","16.1680828616534"
"Year 1 Dec 23 3:00 PM","13.3257359478384"
"Year 1 Dec 23 4:00 PM","8.46262225380248"
"Year 1 Dec 23 5:00 PM","0.733001554978566"
"Year 1 Dec 23 6:00 PM","0"
"Year 1 Dec 23 7:00 PM","0"
"Year 1 Dec 23 8:00 PM","0"
"Year 1 Dec 23 9:00 PM","0"
"Year 1 Dec 23 10:00 PM","0"
"Year 1 Dec 23 11:00 PM","0"
"Year 1 Dec 24 12:00 AM","0"
"Year 1 Dec 24 1:00 AM","0"
"Year 1 Dec 24 2:00 AM","0"
"Year 1 Dec 24 3:00 AM","0"
"Year 1 Dec 24 4:00 AM","0"
"Year 1 Dec 24 5:00 AM","0"
"Year 1 Dec 24 6:00 AM","0"
"Year 1 Dec 24 7:00 AM","0"
"Year 1 Dec 24 8:00 AM","4.31733099282738"
"Year 1 Dec 24 9:00 AM","12.9601601688622"
"Year 1 Dec 24 10:00 AM","18.5604369963724"
"Year 1 Dec 24 11:00 AM","20.6468129273107"
"Year 1 Dec 24 12:00 PM","21.3862565186927"
"Year 1 Dec 24 1:00 PM","21.0752796363311"
"Year 1 Dec 24 2:00 PM","19.5779977913321"
"Year 1 Dec 24 3:00 PM","16.0866250615871"
"Year 1 Dec 24 4:00 PM","9.61478862378123"
"Year 1 Dec 24 5:00 PM","0.846947916169431"
"Year 1 Dec 24 6:00 PM","0"
"Year 1 Dec 24 7:00 PM","0"
"Year 1 Dec 24 8:00 PM","0"
"Year 1 Dec 24 9:00 PM","0"
"Year 1 Dec 24 10:00 PM","0"
"Year 1 Dec 24 11:00 PM","0"
"Year 1 Dec 25 12:00 AM","0"
"Year 1 Dec 25 1:00 AM","0"
"Year 1 Dec 25 2:00 AM","0"
"Year 1 Dec 25 3:00 AM","0"
"Year 1 Dec 25 4:00 AM","0"
"Year 1 Dec 25 5:00 AM","0"
"Year 1 Dec 25 6:00 AM","0"
"Year 1 Dec 25 7:00 AM","0"
"Year 1 Dec 25 8:00 AM","4.72327877587254"
"Year 1 Dec 25 9:00 AM","14.7469305397273"
"Year 1 Dec 25 10:00 AM","18.1692215106724"
"Year 1 Dec 25 11:00 AM","22.5993768866551"
"Year 1 Dec 25 12:00 PM","23.6616131683486"
"Year 1 Dec 25 1:00 PM","25.3325572579243"
"Year 1 Dec 25 2:00 PM","30.2770422278504"
"Year 1 Dec 25 3:00 PM","19.1262822250604"
"Year 1 Dec 25 4:00 PM","11.2576548287527"
"Year 1 Dec 25 5:00 PM","0.826993668659527"
"Year 1 Dec 25 6:00 PM","0"
"Year 1 Dec 25 7:00 PM","0"
"Year 1 Dec 25 8:00 PM","0"
"Year 1 Dec 25 9:00 PM","0"
"Year 1 Dec 25 10:00 PM","0"
"Year 1 Dec 25 11:00 PM","0"
"Year 1 Dec 26 12:00 AM","0"
"Year 1 Dec 26 1:00 AM","0"
"Year 1 Dec 26 2:00 AM","0"
"Year 1 Dec 26 3:00 AM","0"
"Year 1 Dec 26 4:00 AM","0"
"Year 1 Dec 26 5:00 AM","0"
"Year 1 Dec 26 6:00 AM","0"
"Year 1 Dec 26 7:00 AM","0"
"Year 1 Dec 26 8:00 AM","4.38667898668302"
"Year 1 Dec 26 9:00 AM","14.4602217851648"
"Year 1 Dec 26 10:00 AM","25.8983518820833"
"Year 1 Dec 26 11:00 AM","32.0339748995078"
"Year 1 Dec 26 12:00 PM","39.2561016230694"
"Year 1 Dec 26 1:00 PM","36.4247131121464"
"Year 1 Dec 26 2:00 PM","30.9546993793729"
"Year 1 Dec 26 3:00 PM","22.5776796138062"
"Year 1 Dec 26 4:00 PM","10.5820548942878"
"Year 1 Dec 26 5:00 PM","0.784504402993329"
"Year 1 Dec 26 6:00 PM","0"
"Year 1 Dec 26 7:00 PM","0"
"Year 1 Dec 26 8:00 PM","0"
"Year 1 Dec 26 9:00 PM","0"
"Year 1 Dec 26 10:00 PM","0"
"Year 1 Dec 26 11:00 PM","0"
"Year 1 Dec 27 12:00 AM","0"
"Year 1 Dec 27 1:00 AM","0"
"Year 1 Dec 27 2:00 AM","0"
"Year 1 Dec 27 3:00 AM","0"
"Year 1 Dec 27 4:00 AM","0"
"Year 1 Dec 27 5:00 AM","0"
"Year 1 Dec 27 6:00 AM","0"
"Year 1 Dec 27 7:00 AM","0"
"Year 1 Dec 27 8:00 AM","2.67050633181569"
"Year 1 Dec 27 9:00 AM","12.2696475820129"
"Year 1 Dec 27 10:00 AM","27.0809923001714"
"Year 1 Dec 27 11:00 AM","34.3659261344423"
"Year 1 Dec 27 12:00 PM","36.6524248782832"
"Year 1 Dec 27 1:00 PM","41.3752894025745"
"Year 1 Dec 27 2:00 PM","29.7719577999625"
"Year 1 Dec 27 3:00 PM","16.9332666798548"
"Year 1 Dec 27 4:00 PM","9.11905101520909"
"Year 1 Dec 27 5:00 PM","1.17308583909707"
"Year 1 Dec 27 6:00 PM","0"
"Year 1 Dec 27 7:00 PM","0"
"Year 1 Dec 27 8:00 PM","0"
"Year 1 Dec 27 9:00 PM","0"
"Year 1 Dec 27 10:00 PM","0"
"Year 1 Dec 27 11:00 PM","0"
"Year 1 Dec 28 12:00 AM","0"
"Year 1 Dec 28 1:00 AM","0"
"Year 1 Dec 28 2:00 AM","0"
"Year 1 Dec 28 3:00 AM","0"
"Year 1 Dec 28 4:00 AM","0"
"Year 1 Dec 28 5:00 AM","0"
"Year 1 Dec 28 6:00 AM","0"
"Year 1 Dec 28 7:00 AM","0"
"Year 1 Dec 28 8:00 AM","3.15459452865366"
"Year 1 Dec 28 9:00 AM","12.8294883172414"
"Year 1 Dec 28 10:00 AM","22.2992679445197"
"Year 1 Dec 28 11:00 AM","37.5793737248616"
"Year 1 Dec 28 12:00 PM","39.9134549801894"
"Year 1 Dec 28 1:00 PM","36.4156141305552"
"Year 1 Dec 28 2:00 PM","35.3180250010937"
"Year 1 Dec 28 3:00 PM","24.9665623801674"
"Year 1 Dec 28 4:00 PM","12.6578319457263"
"Year 1 Dec 28 5:00 PM","1.4038952751001"
"Year 1 Dec 28 6:00 PM","0"
"Year 1 Dec 28 7:00 PM","0"
"Year 1 Dec 28 8:00 PM","0"
"Year 1 Dec 28 9:00 PM","0"
"Year 1 Dec 28 10:00 PM","0"
"Year 1 Dec 28 11:00 PM","0"
"Year 1 Dec 29 12:00 AM","0"
"Year 1 Dec 29 1:00 AM","0"
"Year 1 Dec 29 2:00 AM","0"
"Year 1 Dec 29 3:00 AM","0"
"Year 1 Dec 29 4:00 AM","0"
"Year 1 Dec 29 5:00 AM","0"
"Year 1 Dec 29 6:00 AM","0"
"Year 1 Dec 29 7:00 AM","0"
"Year 1 Dec 29 8:00 AM","4.17952309065622"
"Year 1 Dec 29 9:00 AM","12.4273094419361"
"Year 1 Dec 29 10:00 AM","16.1762499839544"
"Year 1 Dec 29 11:00 AM","20.3610114944363"
"Year 1 Dec 29 12:00 PM","21.4829129733524"
"Year 1 Dec 29 1:00 PM","21.1406722186842"
"Year 1 Dec 29 2:00 PM","18.6368565834571"
"Year 1 Dec 29 3:00 PM","15.785047116634"
"Year 1 Dec 29 4:00 PM","11.4508103596504"
"Year 1 Dec 29 5:00 PM","1.69804430790185"
"Year 1 Dec 29 6:00 PM","0"
"Year 1 Dec 29 7:00 PM","0"
"Year 1 Dec 29 8:00 PM","0"
"Year 1 Dec 29 9:00 PM","0"
"Year 1 Dec 29 10:00 PM","0"
"Year 1 Dec 29 11:00 PM","0"
"Year 1 Dec 30 12:00 AM","0"
"Year 1 Dec 30 1:00 AM","0"
"Year 1 Dec 30 2:00 AM","0"
"Year 1 Dec 30 3:00 AM","0"
"Year 1 Dec 30 4:00 AM","0"
"Year 1 Dec 30 5:00 AM","0"
"Year 1 Dec 30 6:00 AM","0"
"Year 1 Dec 30 7:00 AM","0"
"Year 1 Dec 30 8:00 AM","4.30225153660411"
"Year 1 Dec 30 9:00 AM","15.808238514646"
"Year 1 Dec 30 10:00 AM","25.232971267573"
"Year 1 Dec 30 11:00 AM","33.1754885477253"
"Year 1 Dec 30 12:00 PM","37.1569855734739"
"Year 1 Dec 30 1:00 PM","35.1180159984233"
"Year 1 Dec 30 2:00 PM","28.1844018952133"
"Year 1 Dec 30 3:00 PM","21.6408881422855"
"Year 1 Dec 30 4:00 PM","11.7653211473706"
"Year 1 Dec 30 5:00 PM","1.46421066312604"
"Year 1 Dec 30 6:00 PM","0"
"Year 1 Dec 30 7:00 PM","0"
"Year 1 Dec 30 8:00 PM","0"
"Year 1 Dec 30 9:00 PM","0"
"Year 1 Dec 30 10:00 PM","0"
"Year 1 Dec 30 11:00 PM","0"
"Year 1 Dec 31 12:00 AM","0"
"Year 1 Dec 31 1:00 AM","0"
"Year 1 Dec 31 2:00 AM","0"
"Year 1 Dec 31 3:00 AM","0"
"Year 1 Dec 31 4:00 AM","0"
"Year 1 Dec 31 5:00 AM","0"
"Year 1 Dec 31 6:00 AM","0"
"Year 1 Dec 31 7:00 AM","0"
"Year 1 Dec 31 8:00 AM","3.31911749352192"
"Year 1 Dec 31 9:00 AM","13.4444248566444"
"Year 1 Dec 31 10:00 AM","24.8257906229158"
"Year 1 Dec 31 11:00 AM","32.9766416360609"
"Year 1 Dec 31 12:00 PM","28.4224587192451"
"Year 1 Dec 31 1:00 PM","23.7567692480809"
"Year 1 Dec 31 2:00 PM","20.7416133391125"
"Year 1 Dec 31 3:00 PM","15.3787696209633"
"Year 1 Dec 31 4:00 PM","11.7552876727988"
"Year 1 Dec 31 5:00 PM","1.60089295128606"
"Year 1 Dec 31 6:00 PM","0"
"Year 1 Dec 31 7:00 PM","0"
"Year 1 Dec 31 8:00 PM","0"
"Year 1 Dec 31 9:00 PM","0"
"Year 1 Dec 31 10:00 PM","0"
"Year 1 Dec 31 11:00 PM","0"
"Year 2 Jan 01 12:00 AM","0"