1,"eplusout (RUN PERIOD 1).eso"

"Date/Time","[1] Surface Outside Face Incident Sky Diffuse Solar Radiation Rate per Area  (W/m2)"
,"ZN001:ROOF001"
"Year 1 Jan 01 1:00 AM","0"
"Year 1 Jan 01 2:00 AM","0"
"Year 1 Jan 01 3:00 AM","0"
"Year 1 Jan 01 4:00 AM","0"
"Year 1 Jan 01 5:00 AM","0"
"Year 1 Jan 01 6:00 AM","0"
"Year 1 Jan 01 7:00 AM","0"
"Year 1 Jan 01 8:00 AM","11.6344365846566"
"Year 1 Jan 01 9:00 AM","40.9199966738794"
"Year 1 Jan 01 10:00 AM","60.5008436901078"
"Year 1 Jan 01 11:00 AM","78.4115370770568"
"Year 1 Jan 01 12:00 PM","120.742858980599"
"Year 1 Jan 01 1:00 PM","133.613767918552"
"Year 1 Jan 01 2:00 PM","117.309821948061"
"Year 1 Jan 01 3:00 PM","69.4559005101436"
"Year 1 Jan 01 4:00 PM","30.043179485888"
"Year 1 Jan 01 5:00 PM","2.76988510693279"
"Year 1 Jan 01 6:00 PM","0"
"Year 1 Jan 01 7:00 PM","0"
"Year 1 Jan 01 8:00 PM","0"
"Year 1 Jan 01 9:00 PM","0"
"Year 1 Jan 01 10:00 PM","0"
"Year 1 Jan 01 11:00 PM","0"
"Year 1 Jan 02 12:00 AM","0"
"Year 1 Jan 02 1:00 AM","0"
"Year 1 Jan 02 2:00 AM","0"
"Year 1 Jan 02 3:00 AM","0"
"Year 1 Jan 02 4:00 AM","0"
"Year 1 Jan 02 5:00 AM","0"
"Year 1 Jan 02 6:00 AM","0"
"Year 1 Jan 02 7:00 AM","0"
"Year 1 Jan 02 8:00 AM","9.73008168121015"
"Year 1 Jan 02 9:00 AM","43.3910230982116"
"Year 1 Jan 02 10:00 AM","91.8898013234294"
"Year 1 Jan 02 11:00 AM","107.920952578397"
"Year 1 Jan 02 12:00 PM","135.580159306581"
"Year 1 Jan 02 1:00 PM","140.558613529126"
"Year 1 Jan 02 2:00 PM","123.480646939943"
"Year 1 Jan 02 3:00 PM","86.6486165985451"
"Year 1 Jan 02 4:00 PM","38.2878164457236"
"Year 1 Jan 02 5:00 PM","4.05317647043658"
"Year 1 Jan 02 6:00 PM","0"
"Year 1 Jan 02 7:00 PM","0"
"Year 1 Jan 02 8:00 PM","0"
"Year 1 Jan 02 9:00 PM","0"
"Year 1 Jan 02 10:00 PM","0"
"Year 1 Jan 02 11:00 PM","0"
"Year 1 Jan 03 12:00 AM","0"
"Year 1 Jan 03 1:00 AM","0"
"Year 1 Jan 03 2:00 AM","0"
"Year 1 Jan 03 3:00 AM","0"
"Year 1 Jan 03 4:00 AM","0"
"Year 1 Jan 03 5:00 AM","0"
"Year 1 Jan 03 6:00 AM","0"
"Year 1 Jan 03 7:00 AM","0"
"Year 1 Jan 03 8:00 AM","20.6282456992038"
"Year 1 Jan 03 9:00 AM","72.5892755586289"
"Year 1 Jan 03 10:00 AM","133.915020976228"
"Year 1 Jan 03 11:00 AM","167.613033864087"
"Year 1 Jan 03 12:00 PM","170.608100436152"
"Year 1 Jan 03 1:00 PM","167.83838505769"
"Year 1 Jan 03 2:00 PM","154.77050896442"
"Year 1 Jan 03 3:00 PM","108.482379411816"
"Year 1 Jan 03 4:00 PM","54.3474641073753"
"Year 1 Jan 03 5:00 PM","5.87152137421091"
"Year 1 Jan 03 6:00 PM","0"
"Year 1 Jan 03 7:00 PM","0"
"Year 1 Jan 03 8:00 PM","0"
"Year 1 Jan 03 9:00 PM","0"
"Year 1 Jan 03 10:00 PM","0"
"Year 1 Jan 03 11:00 PM","0"
"Year 1 Jan 04 12:00 AM","0"
"Year 1 Jan 04 1:00 AM","0"
"Year 1 Jan 04 2:00 AM","0"
"Year 1 Jan 04 3:00 AM","0"
"Year 1 Jan 04 4:00 AM","0"
"Year 1 Jan 04 5:00 AM","0"
"Year 1 Jan 04 6:00 AM","0"
"Year 1 Jan 04 7:00 AM","0"
"Year 1 Jan 04 8:00 AM","19.5334951003114"
"Year 1 Jan 04 9:00 AM","64.1539130421259"
"Year 1 Jan 04 10:00 AM","104.852311077374"
"Year 1 Jan 04 11:00 AM","141.36421355963"
"Year 1 Jan 04 12:00 PM","149.368134645603"
"Year 1 Jan 04 1:00 PM","145.348548938639"
"Year 1 Jan 04 2:00 PM","118.935990776229"
"Year 1 Jan 04 3:00 PM","92.0547571702596"
"Year 1 Jan 04 4:00 PM","43.4792288402144"
"Year 1 Jan 04 5:00 PM","5.01146219924631"
"Year 1 Jan 04 6:00 PM","0"
"Year 1 Jan 04 7:00 PM","0"
"Year 1 Jan 04 8:00 PM","0"
"Year 1 Jan 04 9:00 PM","0"
"Year 1 Jan 04 10:00 PM","0"
"Year 1 Jan 04 11:00 PM","0"
"Year 1 Jan 05 12:00 AM","0"
"Year 1 Jan 05 1:00 AM","0"
"Year 1 Jan 05 2:00 AM","0"
"Year 1 Jan 05 3:00 AM","0"
"Year 1 Jan 05 4:00 AM","0"
"Year 1 Jan 05 5:00 AM","0"
"Year 1 Jan 05 6:00 AM","0"
"Year 1 Jan 05 7:00 AM","0"
"Year 1 Jan 05 8:00 AM","16.8858703798077"
"Year 1 Jan 05 9:00 AM","40.4038738315951"
"Year 1 Jan 05 10:00 AM","48.336968731731"
"Year 1 Jan 05 11:00 AM","55.4869440163853"
"Year 1 Jan 05 12:00 PM","59.5021238490241"
"Year 1 Jan 05 1:00 PM","60.3954695638865"
"Year 1 Jan 05 2:00 PM","65.18211527299"
"Year 1 Jan 05 3:00 PM","67.1082796350207"
"Year 1 Jan 05 4:00 PM","38.8205289625941"
"Year 1 Jan 05 5:00 PM","4.46295849252668"
"Year 1 Jan 05 6:00 PM","0"
"Year 1 Jan 05 7:00 PM","0"
"Year 1 Jan 05 8:00 PM","0"
"Year 1 Jan 05 9:00 PM","0"
"Year 1 Jan 05 10:00 PM","0"
"Year 1 Jan 05 11:00 PM","0"
"Year 1 Jan 06 12:00 AM","0"
"Year 1 Jan 06 1:00 AM","0"
"Year 1 Jan 06 2:00 AM","0"
"Year 1 Jan 06 3:00 AM","0"
"Year 1 Jan 06 4:00 AM","0"
"Year 1 Jan 06 5:00 AM","0"
"Year 1 Jan 06 6:00 AM","0"
"Year 1 Jan 06 7:00 AM","0"
"Year 1 Jan 06 8:00 AM","15.6926102238789"
"Year 1 Jan 06 9:00 AM","42.3265426395568"
"Year 1 Jan 06 10:00 AM","64.5954046906053"
"Year 1 Jan 06 11:00 AM","108.064800699081"
"Year 1 Jan 06 12:00 PM","134.327556360694"
"Year 1 Jan 06 1:00 PM","141.970376920478"
"Year 1 Jan 06 2:00 PM","102.074424632311"
"Year 1 Jan 06 3:00 PM","91.2884618208769"
"Year 1 Jan 06 4:00 PM","54.796903352155"
"Year 1 Jan 06 5:00 PM","5.97163000136017"
"Year 1 Jan 06 6:00 PM","0"
"Year 1 Jan 06 7:00 PM","0"
"Year 1 Jan 06 8:00 PM","0"
"Year 1 Jan 06 9:00 PM","0"
"Year 1 Jan 06 10:00 PM","0"
"Year 1 Jan 06 11:00 PM","0"
"Year 1 Jan 07 12:00 AM","0"
"Year 1 Jan 07 1:00 AM","0"
"Year 1 Jan 07 2:00 AM","0"
"Year 1 Jan 07 3:00 AM","0"
"Year 1 Jan 07 4:00 AM","0"
"Year 1 Jan 07 5:00 AM","0"
"Year 1 Jan 07 6:00 AM","0"
"Year 1 Jan 07 7:00 AM","0"
"Year 1 Jan 07 8:00 AM","10.5947453319794"
"Year 1 Jan 07 9:00 AM","26.7974593180623"
"Year 1 Jan 07 10:00 AM","37.3313277125898"
"Year 1 Jan 07 11:00 AM","44.5671702254662"
"Year 1 Jan 07 12:00 PM","47.7155634773529"
"Year 1 Jan 07 1:00 PM","47.1059582559594"
"Year 1 Jan 07 2:00 PM","42.1859668310751"
"Year 1 Jan 07 3:00 PM","33.4919987045492"
"Year 1 Jan 07 4:00 PM","22.4642317132524"
"Year 1 Jan 07 5:00 PM","5.35535818583673"
"Year 1 Jan 07 6:00 PM","0"
"Year 1 Jan 07 7:00 PM","0"
"Year 1 Jan 07 8:00 PM","0"
"Year 1 Jan 07 9:00 PM","0"
"Year 1 Jan 07 10:00 PM","0"
"Year 1 Jan 07 11:00 PM","0"
"Year 1 Jan 08 12:00 AM","0"
"Year 1 Jan 08 1:00 AM","0"
"Year 1 Jan 08 2:00 AM","0"
"Year 1 Jan 08 3:00 AM","0"
"Year 1 Jan 08 4:00 AM","0"
"Year 1 Jan 08 5:00 AM","0"
"Year 1 Jan 08 6:00 AM","0"
"Year 1 Jan 08 7:00 AM","0"
"Year 1 Jan 08 8:00 AM","11.221596619354"
"Year 1 Jan 08 9:00 AM","30.8018438069348"
"Year 1 Jan 08 10:00 AM","56.8674362664934"
"Year 1 Jan 08 11:00 AM","82.3425319997485"
"Year 1 Jan 08 12:00 PM","108.730871435294"
"Year 1 Jan 08 1:00 PM","83.2476134645328"
"Year 1 Jan 08 2:00 PM","63.4932232293267"
"Year 1 Jan 08 3:00 PM","38.9722653062189"
"Year 1 Jan 08 4:00 PM","25.5445035705309"
"Year 1 Jan 08 5:00 PM","6.26504030767259"
"Year 1 Jan 08 6:00 PM","0"
"Year 1 Jan 08 7:00 PM","0"
"Year 1 Jan 08 8:00 PM","0"
"Year 1 Jan 08 9:00 PM","0"
"Year 1 Jan 08 10:00 PM","0"
"Year 1 Jan 08 11:00 PM","0"
"Year 1 Jan 09 12:00 AM","0"
"Year 1 Jan 09 1:00 AM","0"
"Year 1 Jan 09 2:00 AM","0"
"Year 1 Jan 09 3:00 AM","0"
"Year 1 Jan 09 4:00 AM","0"
"Year 1 Jan 09 5:00 AM","0"
"Year 1 Jan 09 6:00 AM","0"
"Year 1 Jan 09 7:00 AM","0"
"Year 1 Jan 09 8:00 AM","16.5789088755734"
"Year 1 Jan 09 9:00 AM","57.8012687816581"
"Year 1 Jan 09 10:00 AM","115.686345633842"
"Year 1 Jan 09 11:00 AM","160.659958927568"
"Year 1 Jan 09 12:00 PM","155.350361686691"
"Year 1 Jan 09 1:00 PM","163.165010351282"
"Year 1 Jan 09 2:00 PM","123.134110452476"
"Year 1 Jan 09 3:00 PM","77.2964831025587"
"Year 1 Jan 09 4:00 PM","41.2654430940808"
"Year 1 Jan 09 5:00 PM","7.21595825383438"
"Year 1 Jan 09 6:00 PM","0"
"Year 1 Jan 09 7:00 PM","0"
"Year 1 Jan 09 8:00 PM","0"
"Year 1 Jan 09 9:00 PM","0"
"Year 1 Jan 09 10:00 PM","0"
"Year 1 Jan 09 11:00 PM","0"
"Year 1 Jan 10 12:00 AM","0"
"Year 1 Jan 10 1:00 AM","0"
"Year 1 Jan 10 2:00 AM","0"
"Year 1 Jan 10 3:00 AM","0"
"Year 1 Jan 10 4:00 AM","0"
"Year 1 Jan 10 5:00 AM","0"
"Year 1 Jan 10 6:00 AM","0"
"Year 1 Jan 10 7:00 AM","0"
"Year 1 Jan 10 8:00 AM","14.3688792412076"
"Year 1 Jan 10 9:00 AM","40.7184297162834"
"Year 1 Jan 10 10:00 AM","58.4142548231967"
"Year 1 Jan 10 11:00 AM","70.4168673669142"
"Year 1 Jan 10 12:00 PM","74.1697208991129"
"Year 1 Jan 10 1:00 PM","73.6275519116159"
"Year 1 Jan 10 2:00 PM","67.243835640544"
"Year 1 Jan 10 3:00 PM","53.5029871612983"
"Year 1 Jan 10 4:00 PM","33.8133058491826"
"Year 1 Jan 10 5:00 PM","7.85354707694983"
"Year 1 Jan 10 6:00 PM","0"
"Year 1 Jan 10 7:00 PM","0"
"Year 1 Jan 10 8:00 PM","0"
"Year 1 Jan 10 9:00 PM","0"
"Year 1 Jan 10 10:00 PM","0"
"Year 1 Jan 10 11:00 PM","0"
"Year 1 Jan 11 12:00 AM","0"
"Year 1 Jan 11 1:00 AM","0"
"Year 1 Jan 11 2:00 AM","0"
"Year 1 Jan 11 3:00 AM","0"
"Year 1 Jan 11 4:00 AM","0"
"Year 1 Jan 11 5:00 AM","0"
"Year 1 Jan 11 6:00 AM","0"
"Year 1 Jan 11 7:00 AM","0"
"Year 1 Jan 11 8:00 AM","12.6522081529518"
"Year 1 Jan 11 9:00 AM","52.6090545240149"
"Year 1 Jan 11 10:00 AM","103.644781358186"
"Year 1 Jan 11 11:00 AM","110.158591638902"
"Year 1 Jan 11 12:00 PM","118.732899937137"
"Year 1 Jan 11 1:00 PM","117.110895944053"
"Year 1 Jan 11 2:00 PM","86.376079096932"
"Year 1 Jan 11 3:00 PM","44.7641317025601"
"Year 1 Jan 11 4:00 PM","24.9905768091626"
"Year 1 Jan 11 5:00 PM","6.56326303170127"
"Year 1 Jan 11 6:00 PM","0"
"Year 1 Jan 11 7:00 PM","0"
"Year 1 Jan 11 8:00 PM","0"
"Year 1 Jan 11 9:00 PM","0"
"Year 1 Jan 11 10:00 PM","0"
"Year 1 Jan 11 11:00 PM","0"
"Year 1 Jan 12 12:00 AM","0"
"Year 1 Jan 12 1:00 AM","0"
"Year 1 Jan 12 2:00 AM","0"
"Year 1 Jan 12 3:00 AM","0"
"Year 1 Jan 12 4:00 AM","0"
"Year 1 Jan 12 5:00 AM","0"
"Year 1 Jan 12 6:00 AM","0"
"Year 1 Jan 12 7:00 AM","0"
"Year 1 Jan 12 8:00 AM","17.4440633753389"
"Year 1 Jan 12 9:00 AM","51.0379557924188"
"Year 1 Jan 12 10:00 AM","62.1716400817326"
"Year 1 Jan 12 11:00 AM","93.9468090477714"
"Year 1 Jan 12 12:00 PM","120.150749196425"
"Year 1 Jan 12 1:00 PM","130.147509807441"
"Year 1 Jan 12 2:00 PM","121.682143528295"
"Year 1 Jan 12 3:00 PM","82.0400843296941"
"Year 1 Jan 12 4:00 PM","40.2651036235994"
"Year 1 Jan 12 5:00 PM","6.74419025645713"
"Year 1 Jan 12 6:00 PM","0"
"Year 1 Jan 12 7:00 PM","0"
"Year 1 Jan 12 8:00 PM","0"
"Year 1 Jan 12 9:00 PM","0"
"Year 1 Jan 12 10:00 PM","0"
"Year 1 Jan 12 11:00 PM","0"
"Year 1 Jan 13 12:00 AM","0"
"Year 1 Jan 13 1:00 AM","0"
"Year 1 Jan 13 2:00 AM","0"
"Year 1 Jan 13 3:00 AM","0"
"Year 1 Jan 13 4:00 AM","0"
"Year 1 Jan 13 5:00 AM","0"
"Year 1 Jan 13 6:00 AM","0"
"Year 1 Jan 13 7:00 AM","0"
"Year 1 Jan 13 8:00 AM","16.8117586940267"
"Year 1 Jan 13 9:00 AM","46.5788880675647"
"Year 1 Jan 13 10:00 AM","64.4624249538933"
"Year 1 Jan 13 11:00 AM","78.3924946447721"
"Year 1 Jan 13 12:00 PM","89.2741049079679"
"Year 1 Jan 13 1:00 PM","115.31069031536"
"Year 1 Jan 13 2:00 PM","155.492680611817"
"Year 1 Jan 13 3:00 PM","88.5375152941803"
"Year 1 Jan 13 4:00 PM","21.9075133078637"
"Year 1 Jan 13 5:00 PM","4.171875"
"Year 1 Jan 13 6:00 PM","0"
"Year 1 Jan 13 7:00 PM","0"
"Year 1 Jan 13 8:00 PM","0"
"Year 1 Jan 13 9:00 PM","0"
"Year 1 Jan 13 10:00 PM","0"
"Year 1 Jan 13 11:00 PM","0"
"Year 1 Jan 14 12:00 AM","0"
"Year 1 Jan 14 1:00 AM","0"
"Year 1 Jan 14 2:00 AM","0"
"Year 1 Jan 14 3:00 AM","0"
"Year 1 Jan 14 4:00 AM","0"
"Year 1 Jan 14 5:00 AM","0"
"Year 1 Jan 14 6:00 AM","0"
"Year 1 Jan 14 7:00 AM","0"
"Year 1 Jan 14 8:00 AM","18.0476937417936"
"Year 1 Jan 14 9:00 AM","63.8267148076754"
"Year 1 Jan 14 10:00 AM","100.162979688173"
"Year 1 Jan 14 11:00 AM","122.269653182757"
"Year 1 Jan 14 12:00 PM","143.05280453182"
"Year 1 Jan 14 1:00 PM","131.364073479905"
"Year 1 Jan 14 2:00 PM","56.6267793727227"
"Year 1 Jan 14 3:00 PM","46.1216265366673"
"Year 1 Jan 14 4:00 PM","31.1095102518427"
"Year 1 Jan 14 5:00 PM","7.34218814527806"
"Year 1 Jan 14 6:00 PM","0"
"Year 1 Jan 14 7:00 PM","0"
"Year 1 Jan 14 8:00 PM","0"
"Year 1 Jan 14 9:00 PM","0"
"Year 1 Jan 14 10:00 PM","0"
"Year 1 Jan 14 11:00 PM","0"
"Year 1 Jan 15 12:00 AM","0"
"Year 1 Jan 15 1:00 AM","0"
"Year 1 Jan 15 2:00 AM","0"
"Year 1 Jan 15 3:00 AM","0"
"Year 1 Jan 15 4:00 AM","0"
"Year 1 Jan 15 5:00 AM","0"
"Year 1 Jan 15 6:00 AM","0"
"Year 1 Jan 15 7:00 AM","0"
"Year 1 Jan 15 8:00 AM","18.2670048245351"
"Year 1 Jan 15 9:00 AM","50.0818657832922"
"Year 1 Jan 15 10:00 AM","68.9683589925695"
"Year 1 Jan 15 11:00 AM","79.3000783616221"
"Year 1 Jan 15 12:00 PM","89.9016616568551"
"Year 1 Jan 15 1:00 PM","105.381893015931"
"Year 1 Jan 15 2:00 PM","98.3326689008603"
"Year 1 Jan 15 3:00 PM","86.2324043929595"
"Year 1 Jan 15 4:00 PM","48.072330760851"
"Year 1 Jan 15 5:00 PM","10.1464111350765"
"Year 1 Jan 15 6:00 PM","0"
"Year 1 Jan 15 7:00 PM","0"
"Year 1 Jan 15 8:00 PM","0"
"Year 1 Jan 15 9:00 PM","0"
"Year 1 Jan 15 10:00 PM","0"
"Year 1 Jan 15 11:00 PM","0"
"Year 1 Jan 16 12:00 AM","0"
"Year 1 Jan 16 1:00 AM","0"
"Year 1 Jan 16 2:00 AM","0"
"Year 1 Jan 16 3:00 AM","0"
"Year 1 Jan 16 4:00 AM","0"
"Year 1 Jan 16 5:00 AM","0"
"Year 1 Jan 16 6:00 AM","0"
"Year 1 Jan 16 7:00 AM","0"
"Year 1 Jan 16 8:00 AM","18.8946048087507"
"Year 1 Jan 16 9:00 AM","71.8408858753009"
"Year 1 Jan 16 10:00 AM","111.398383088627"
"Year 1 Jan 16 11:00 AM","116.119268535433"
"Year 1 Jan 16 12:00 PM","145.598418102704"
"Year 1 Jan 16 1:00 PM","107.380406528895"
"Year 1 Jan 16 2:00 PM","99.470695669954"
"Year 1 Jan 16 3:00 PM","97.8022993673415"
"Year 1 Jan 16 4:00 PM","51.785319648261"
"Year 1 Jan 16 5:00 PM","9.29124105713945"
"Year 1 Jan 16 6:00 PM","0"
"Year 1 Jan 16 7:00 PM","0"
"Year 1 Jan 16 8:00 PM","0"
"Year 1 Jan 16 9:00 PM","0"
"Year 1 Jan 16 10:00 PM","0"
"Year 1 Jan 16 11:00 PM","0"
"Year 1 Jan 17 12:00 AM","0"
"Year 1 Jan 17 1:00 AM","0"
"Year 1 Jan 17 2:00 AM","0"
"Year 1 Jan 17 3:00 AM","0"
"Year 1 Jan 17 4:00 AM","0"
"Year 1 Jan 17 5:00 AM","0"
"Year 1 Jan 17 6:00 AM","0"
"Year 1 Jan 17 7:00 AM","0"
"Year 1 Jan 17 8:00 AM","14.1788173456933"
"Year 1 Jan 17 9:00 AM","35.0092592986478"
"Year 1 Jan 17 10:00 AM","46.779501995245"
"Year 1 Jan 17 11:00 AM","69.1399872368778"
"Year 1 Jan 17 12:00 PM","76.7309903937998"
"Year 1 Jan 17 1:00 PM","101.583678800358"
"Year 1 Jan 17 2:00 PM","100.443440755853"
"Year 1 Jan 17 3:00 PM","75.4980318654626"
"Year 1 Jan 17 4:00 PM","48.888983654945"
"Year 1 Jan 17 5:00 PM","9.85373984389471"
"Year 1 Jan 17 6:00 PM","0"
"Year 1 Jan 17 7:00 PM","0"
"Year 1 Jan 17 8:00 PM","0"
"Year 1 Jan 17 9:00 PM","0"
"Year 1 Jan 17 10:00 PM","0"
"Year 1 Jan 17 11:00 PM","0"
"Year 1 Jan 18 12:00 AM","0"
"Year 1 Jan 18 1:00 AM","0"
"Year 1 Jan 18 2:00 AM","0"
"Year 1 Jan 18 3:00 AM","0"
"Year 1 Jan 18 4:00 AM","0"
"Year 1 Jan 18 5:00 AM","0"
"Year 1 Jan 18 6:00 AM","0"
"Year 1 Jan 18 7:00 AM","0"
"Year 1 Jan 18 8:00 AM","10.8411314014838"
"Year 1 Jan 18 9:00 AM","45.6220246910344"
"Year 1 Jan 18 10:00 AM","110.097229213714"
"Year 1 Jan 18 11:00 AM","134.7034925633"
"Year 1 Jan 18 12:00 PM","136.003542340756"
"Year 1 Jan 18 1:00 PM","117.594996721774"
"Year 1 Jan 18 2:00 PM","101.712131616133"
"Year 1 Jan 18 3:00 PM","75.5094775143502"
"Year 1 Jan 18 4:00 PM","32.7832345804464"
"Year 1 Jan 18 5:00 PM","6.09375"
"Year 1 Jan 18 6:00 PM","0"
"Year 1 Jan 18 7:00 PM","0"
"Year 1 Jan 18 8:00 PM","0"
"Year 1 Jan 18 9:00 PM","0"
"Year 1 Jan 18 10:00 PM","0"
"Year 1 Jan 18 11:00 PM","0"
"Year 1 Jan 19 12:00 AM","0"
"Year 1 Jan 19 1:00 AM","0"
"Year 1 Jan 19 2:00 AM","0"
"Year 1 Jan 19 3:00 AM","0"
"Year 1 Jan 19 4:00 AM","0"
"Year 1 Jan 19 5:00 AM","0"
"Year 1 Jan 19 6:00 AM","0"
"Year 1 Jan 19 7:00 AM","0"
"Year 1 Jan 19 8:00 AM","17.6739853743809"
"Year 1 Jan 19 9:00 AM","68.725079826271"
"Year 1 Jan 19 10:00 AM","108.007429098687"
"Year 1 Jan 19 11:00 AM","144.364636111202"
"Year 1 Jan 19 12:00 PM","172.662912935405"
"Year 1 Jan 19 1:00 PM","169.78065145091"
"Year 1 Jan 19 2:00 PM","158.288608385437"
"Year 1 Jan 19 3:00 PM","107.545869742607"
"Year 1 Jan 19 4:00 PM","60.8938247232466"
"Year 1 Jan 19 5:00 PM","12.2972337925348"
"Year 1 Jan 19 6:00 PM","0"
"Year 1 Jan 19 7:00 PM","0"
"Year 1 Jan 19 8:00 PM","0"
"Year 1 Jan 19 9:00 PM","0"
"Year 1 Jan 19 10:00 PM","0"
"Year 1 Jan 19 11:00 PM","0"
"Year 1 Jan 20 12:00 AM","0"
"Year 1 Jan 20 1:00 AM","0"
"Year 1 Jan 20 2:00 AM","0"
"Year 1 Jan 20 3:00 AM","0"
"Year 1 Jan 20 4:00 AM","0"
"Year 1 Jan 20 5:00 AM","0"
"Year 1 Jan 20 6:00 AM","0"
"Year 1 Jan 20 7:00 AM","0"
"Year 1 Jan 20 8:00 AM","19.4628474818921"
"Year 1 Jan 20 9:00 AM","65.2254775927566"
"Year 1 Jan 20 10:00 AM","115.054153239213"
"Year 1 Jan 20 11:00 AM","145.95816753005"
"Year 1 Jan 20 12:00 PM","164.131489441166"
"Year 1 Jan 20 1:00 PM","152.3246780056"
"Year 1 Jan 20 2:00 PM","84.4055967264616"
"Year 1 Jan 20 3:00 PM","49.0198103111222"
"Year 1 Jan 20 4:00 PM","33.6623310277364"
"Year 1 Jan 20 5:00 PM","10.2471561134306"
"Year 1 Jan 20 6:00 PM","0"
"Year 1 Jan 20 7:00 PM","0"
"Year 1 Jan 20 8:00 PM","0"
"Year 1 Jan 20 9:00 PM","0"
"Year 1 Jan 20 10:00 PM","0"
"Year 1 Jan 20 11:00 PM","0"
"Year 1 Jan 21 12:00 AM","0"
"Year 1 Jan 21 1:00 AM","0"
"Year 1 Jan 21 2:00 AM","0"
"Year 1 Jan 21 3:00 AM","0"
"Year 1 Jan 21 4:00 AM","0"
"Year 1 Jan 21 5:00 AM","0"
"Year 1 Jan 21 6:00 AM","0"
"Year 1 Jan 21 7:00 AM","0"
"Year 1 Jan 21 8:00 AM","19.8392148904573"
"Year 1 Jan 21 9:00 AM","65.7957930887346"
"Year 1 Jan 21 10:00 AM","117.265309985618"
"Year 1 Jan 21 11:00 AM","136.116788961163"
"Year 1 Jan 21 12:00 PM","150.41137638228"
"Year 1 Jan 21 1:00 PM","148.12284497285"
"Year 1 Jan 21 2:00 PM","142.321706262904"
"Year 1 Jan 21 3:00 PM","77.1725569007924"
"Year 1 Jan 21 4:00 PM","51.4684529005028"
"Year 1 Jan 21 5:00 PM","16.3536071650218"
"Year 1 Jan 21 6:00 PM","0"
"Year 1 Jan 21 7:00 PM","0"
"Year 1 Jan 21 8:00 PM","0"
"Year 1 Jan 21 9:00 PM","0"
"Year 1 Jan 21 10:00 PM","0"
"Year 1 Jan 21 11:00 PM","0"
"Year 1 Jan 22 12:00 AM","0"
"Year 1 Jan 22 1:00 AM","0"
"Year 1 Jan 22 2:00 AM","0"
"Year 1 Jan 22 3:00 AM","0"
"Year 1 Jan 22 4:00 AM","0"
"Year 1 Jan 22 5:00 AM","0"
"Year 1 Jan 22 6:00 AM","0"
"Year 1 Jan 22 7:00 AM","0"
"Year 1 Jan 22 8:00 AM","11.60154998784"
"Year 1 Jan 22 9:00 AM","52.0014079602795"
"Year 1 Jan 22 10:00 AM","115.070586674484"
"Year 1 Jan 22 11:00 AM","127.620671664547"
"Year 1 Jan 22 12:00 PM","108.339820545996"
"Year 1 Jan 22 1:00 PM","68.3369637267185"
"Year 1 Jan 22 2:00 PM","63.3515287213786"
"Year 1 Jan 22 3:00 PM","52.5686760747731"
"Year 1 Jan 22 4:00 PM","36.1713568644775"
"Year 1 Jan 22 5:00 PM","12.5021158289395"
"Year 1 Jan 22 6:00 PM","0"
"Year 1 Jan 22 7:00 PM","0"
"Year 1 Jan 22 8:00 PM","0"
"Year 1 Jan 22 9:00 PM","0"
"Year 1 Jan 22 10:00 PM","0"
"Year 1 Jan 22 11:00 PM","0"
"Year 1 Jan 23 12:00 AM","0"
"Year 1 Jan 23 1:00 AM","0"
"Year 1 Jan 23 2:00 AM","0"
"Year 1 Jan 23 3:00 AM","0"
"Year 1 Jan 23 4:00 AM","0"
"Year 1 Jan 23 5:00 AM","0"
"Year 1 Jan 23 6:00 AM","0"
"Year 1 Jan 23 7:00 AM","0"
"Year 1 Jan 23 8:00 AM","17.2464830861135"
"Year 1 Jan 23 9:00 AM","52.7346741957759"
"Year 1 Jan 23 10:00 AM","78.9528682422122"
"Year 1 Jan 23 11:00 AM","97.4123987407291"
"Year 1 Jan 23 12:00 PM","103.584464789487"
"Year 1 Jan 23 1:00 PM","102.887185383079"
"Year 1 Jan 23 2:00 PM","92.6588548568609"
"Year 1 Jan 23 3:00 PM","74.1257790194155"
"Year 1 Jan 23 4:00 PM","47.9467390796881"
"Year 1 Jan 23 5:00 PM","15.0077937020324"
"Year 1 Jan 23 6:00 PM","0"
"Year 1 Jan 23 7:00 PM","0"
"Year 1 Jan 23 8:00 PM","0"
"Year 1 Jan 23 9:00 PM","0"
"Year 1 Jan 23 10:00 PM","0"
"Year 1 Jan 23 11:00 PM","0"
"Year 1 Jan 24 12:00 AM","0"
"Year 1 Jan 24 1:00 AM","0"
"Year 1 Jan 24 2:00 AM","0"
"Year 1 Jan 24 3:00 AM","0"
"Year 1 Jan 24 4:00 AM","0"
"Year 1 Jan 24 5:00 AM","0"
"Year 1 Jan 24 6:00 AM","0"
"Year 1 Jan 24 7:00 AM","0"
"Year 1 Jan 24 8:00 AM","10.2893686867982"
"Year 1 Jan 24 9:00 AM","38.6739636616082"
"Year 1 Jan 24 10:00 AM","89.19302890681"
"Year 1 Jan 24 11:00 AM","134.116989235348"
"Year 1 Jan 24 12:00 PM","165.337166679326"
"Year 1 Jan 24 1:00 PM","161.209426546688"
"Year 1 Jan 24 2:00 PM","138.389048456695"
"Year 1 Jan 24 3:00 PM","102.453486580793"
"Year 1 Jan 24 4:00 PM","57.203958953218"
"Year 1 Jan 24 5:00 PM","14.9098943085759"
"Year 1 Jan 24 6:00 PM","0"
"Year 1 Jan 24 7:00 PM","0"
"Year 1 Jan 24 8:00 PM","0"
"Year 1 Jan 24 9:00 PM","0"
"Year 1 Jan 24 10:00 PM","0"
"Year 1 Jan 24 11:00 PM","0"
"Year 1 Jan 25 12:00 AM","0"
"Year 1 Jan 25 1:00 AM","0"
"Year 1 Jan 25 2:00 AM","0"
"Year 1 Jan 25 3:00 AM","0"
"Year 1 Jan 25 4:00 AM","0"
"Year 1 Jan 25 5:00 AM","0"
"Year 1 Jan 25 6:00 AM","0"
"Year 1 Jan 25 7:00 AM","0"
"Year 1 Jan 25 8:00 AM","16.0652711496185"
"Year 1 Jan 25 9:00 AM","50.1149004856102"
"Year 1 Jan 25 10:00 AM","104.372459643904"
"Year 1 Jan 25 11:00 AM","128.089604796478"
"Year 1 Jan 25 12:00 PM","136.69073073386"
"Year 1 Jan 25 1:00 PM","124.808801421059"
"Year 1 Jan 25 2:00 PM","120.855453016427"
"Year 1 Jan 25 3:00 PM","72.3036950631098"
"Year 1 Jan 25 4:00 PM","44.6169206982604"
"Year 1 Jan 25 5:00 PM","13.9879609726065"
"Year 1 Jan 25 6:00 PM","0"
"Year 1 Jan 25 7:00 PM","0"
"Year 1 Jan 25 8:00 PM","0"
"Year 1 Jan 25 9:00 PM","0"
"Year 1 Jan 25 10:00 PM","0"
"Year 1 Jan 25 11:00 PM","0"
"Year 1 Jan 26 12:00 AM","0"
"Year 1 Jan 26 1:00 AM","0"
"Year 1 Jan 26 2:00 AM","0"
"Year 1 Jan 26 3:00 AM","0"
"Year 1 Jan 26 4:00 AM","0"
"Year 1 Jan 26 5:00 AM","0"
"Year 1 Jan 26 6:00 AM","0"
"Year 1 Jan 26 7:00 AM","0"
"Year 1 Jan 26 8:00 AM","14.861829383184"
"Year 1 Jan 26 9:00 AM","50.8808386357597"
"Year 1 Jan 26 10:00 AM","99.783462903638"
"Year 1 Jan 26 11:00 AM","134.877339886286"
"Year 1 Jan 26 12:00 PM","140.798366633878"
"Year 1 Jan 26 1:00 PM","144.398816367516"
"Year 1 Jan 26 2:00 PM","124.044041178268"
"Year 1 Jan 26 3:00 PM","84.3423664042394"
"Year 1 Jan 26 4:00 PM","66.3323309051714"
"Year 1 Jan 26 5:00 PM","17.431762407787"
"Year 1 Jan 26 6:00 PM","0"
"Year 1 Jan 26 7:00 PM","0"
"Year 1 Jan 26 8:00 PM","0"
"Year 1 Jan 26 9:00 PM","0"
"Year 1 Jan 26 10:00 PM","0"
"Year 1 Jan 26 11:00 PM","0"
"Year 1 Jan 27 12:00 AM","0"
"Year 1 Jan 27 1:00 AM","0"
"Year 1 Jan 27 2:00 AM","0"
"Year 1 Jan 27 3:00 AM","0"
"Year 1 Jan 27 4:00 AM","0"
"Year 1 Jan 27 5:00 AM","0"
"Year 1 Jan 27 6:00 AM","0"
"Year 1 Jan 27 7:00 AM","0"
"Year 1 Jan 27 8:00 AM","13.3667078215663"
"Year 1 Jan 27 9:00 AM","31.1127727071152"
"Year 1 Jan 27 10:00 AM","41.0307502771181"
"Year 1 Jan 27 11:00 AM","49.0820304150119"
"Year 1 Jan 27 12:00 PM","52.9732275991868"
"Year 1 Jan 27 1:00 PM","52.5933327507688"
"Year 1 Jan 27 2:00 PM","52.7442250667566"
"Year 1 Jan 27 3:00 PM","57.2384197481326"
"Year 1 Jan 27 4:00 PM","31.048359575675"
"Year 1 Jan 27 5:00 PM","14.5958066470789"
"Year 1 Jan 27 6:00 PM","0"
"Year 1 Jan 27 7:00 PM","0"
"Year 1 Jan 27 8:00 PM","0"
"Year 1 Jan 27 9:00 PM","0"
"Year 1 Jan 27 10:00 PM","0"
"Year 1 Jan 27 11:00 PM","0"
"Year 1 Jan 28 12:00 AM","0"
"Year 1 Jan 28 1:00 AM","0"
"Year 1 Jan 28 2:00 AM","0"
"Year 1 Jan 28 3:00 AM","0"
"Year 1 Jan 28 4:00 AM","0"
"Year 1 Jan 28 5:00 AM","0"
"Year 1 Jan 28 6:00 AM","0"
"Year 1 Jan 28 7:00 AM","0"
"Year 1 Jan 28 8:00 AM","20.5859106593972"
"Year 1 Jan 28 9:00 AM","50.5362316344825"
"Year 1 Jan 28 10:00 AM","100.25988028475"
"Year 1 Jan 28 11:00 AM","136.005858871967"
"Year 1 Jan 28 12:00 PM","140.009081942239"
"Year 1 Jan 28 1:00 PM","161.322286578023"
"Year 1 Jan 28 2:00 PM","131.414974051015"
"Year 1 Jan 28 3:00 PM","87.0761311461743"
"Year 1 Jan 28 4:00 PM","49.3588624437359"
"Year 1 Jan 28 5:00 PM","12.3339305371674"
"Year 1 Jan 28 6:00 PM","0"
"Year 1 Jan 28 7:00 PM","0"
"Year 1 Jan 28 8:00 PM","0"
"Year 1 Jan 28 9:00 PM","0"
"Year 1 Jan 28 10:00 PM","0"
"Year 1 Jan 28 11:00 PM","0"
"Year 1 Jan 29 12:00 AM","0"
"Year 1 Jan 29 1:00 AM","0"
"Year 1 Jan 29 2:00 AM","0"
"Year 1 Jan 29 3:00 AM","0"
"Year 1 Jan 29 4:00 AM","0"
"Year 1 Jan 29 5:00 AM","0"
"Year 1 Jan 29 6:00 AM","0"
"Year 1 Jan 29 7:00 AM","0"
"Year 1 Jan 29 8:00 AM","26.6941767160735"
"Year 1 Jan 29 9:00 AM","66.8238987384587"
"Year 1 Jan 29 10:00 AM","87.3826840825027"
"Year 1 Jan 29 11:00 AM","153.984466524339"
"Year 1 Jan 29 12:00 PM","213.310080071064"
"Year 1 Jan 29 1:00 PM","143.340286940901"
"Year 1 Jan 29 2:00 PM","136.854479653723"
"Year 1 Jan 29 3:00 PM","104.505965726306"
"Year 1 Jan 29 4:00 PM","62.5537054551681"
"Year 1 Jan 29 5:00 PM","17.4228553847291"
"Year 1 Jan 29 6:00 PM","0"
"Year 1 Jan 29 7:00 PM","0"
"Year 1 Jan 29 8:00 PM","0"
"Year 1 Jan 29 9:00 PM","0"
"Year 1 Jan 29 10:00 PM","0"
"Year 1 Jan 29 11:00 PM","0"
"Year 1 Jan 30 12:00 AM","0"
"Year 1 Jan 30 1:00 AM","0"
"Year 1 Jan 30 2:00 AM","0"
"Year 1 Jan 30 3:00 AM","0"
"Year 1 Jan 30 4:00 AM","0"
"Year 1 Jan 30 5:00 AM","0"
"Year 1 Jan 30 6:00 AM","0"
"Year 1 Jan 30 7:00 AM","0"
"Year 1 Jan 30 8:00 AM","24.7298286158636"
"Year 1 Jan 30 9:00 AM","57.3514828387419"
"Year 1 Jan 30 10:00 AM","92.7805507986302"
"Year 1 Jan 30 11:00 AM","112.445412952437"
"Year 1 Jan 30 12:00 PM","141.332248118391"
"Year 1 Jan 30 1:00 PM","153.153451601697"
"Year 1 Jan 30 2:00 PM","146.107819133465"
"Year 1 Jan 30 3:00 PM","107.180931005542"
"Year 1 Jan 30 4:00 PM","63.8062769651568"
"Year 1 Jan 30 5:00 PM","19.163643536397"
"Year 1 Jan 30 6:00 PM","0"
"Year 1 Jan 30 7:00 PM","0"
"Year 1 Jan 30 8:00 PM","0"
"Year 1 Jan 30 9:00 PM","0"
"Year 1 Jan 30 10:00 PM","0"
"Year 1 Jan 30 11:00 PM","0"
"Year 1 Jan 31 12:00 AM","0"
"Year 1 Jan 31 1:00 AM","0"
"Year 1 Jan 31 2:00 AM","0"
"Year 1 Jan 31 3:00 AM","0"
"Year 1 Jan 31 4:00 AM","0"
"Year 1 Jan 31 5:00 AM","0"
"Year 1 Jan 31 6:00 AM","0"
"Year 1 Jan 31 7:00 AM","0"
"Year 1 Jan 31 8:00 AM","29.8335314089416"
"Year 1 Jan 31 9:00 AM","85.027165095555"
"Year 1 Jan 31 10:00 AM","146.691827245107"
"Year 1 Jan 31 11:00 AM","182.92261719928"
"Year 1 Jan 31 12:00 PM","189.438765852845"
"Year 1 Jan 31 1:00 PM","162.66056910714"
"Year 1 Jan 31 2:00 PM","131.555094026642"
"Year 1 Jan 31 3:00 PM","85.2532775175235"
"Year 1 Jan 31 4:00 PM","46.9486039473472"
"Year 1 Jan 31 5:00 PM","12.5824939359712"
"Year 1 Jan 31 6:00 PM","0"
"Year 1 Jan 31 7:00 PM","0"
"Year 1 Jan 31 8:00 PM","0"
"Year 1 Jan 31 9:00 PM","0"
"Year 1 Jan 31 10:00 PM","0"
"Year 1 Jan 31 11:00 PM","0"
"Year 1 Feb 01 12:00 AM","0"
"Year 1 Feb 01 1:00 AM","0"
"Year 1 Feb 01 2:00 AM","0"
"Year 1 Feb 01 3:00 AM","0"
"Year 1 Feb 01 4:00 AM","0"
"Year 1 Feb 01 5:00 AM","0"
"Year 1 Feb 01 6:00 AM","0"
"Year 1 Feb 01 7:00 AM","0"
"Year 1 Feb 01 8:00 AM","30.4619464425517"
"Year 1 Feb 01 9:00 AM","73.2989931410362"
"Year 1 Feb 01 10:00 AM","101.877400890948"
"Year 1 Feb 01 11:00 AM","91.3735010194245"
"Year 1 Feb 01 12:00 PM","93.1368033472255"
"Year 1 Feb 01 1:00 PM","92.784761931787"
"Year 1 Feb 01 2:00 PM","84.9261853030033"
"Year 1 Feb 01 3:00 PM","69.4595383673448"
"Year 1 Feb 01 4:00 PM","48.1737378413328"
"Year 1 Feb 01 5:00 PM","20.8144742934581"
"Year 1 Feb 01 6:00 PM","0"
"Year 1 Feb 01 7:00 PM","0"
"Year 1 Feb 01 8:00 PM","0"
"Year 1 Feb 01 9:00 PM","0"
"Year 1 Feb 01 10:00 PM","0"
"Year 1 Feb 01 11:00 PM","0"
"Year 1 Feb 02 12:00 AM","0"
"Year 1 Feb 02 1:00 AM","0"
"Year 1 Feb 02 2:00 AM","0"
"Year 1 Feb 02 3:00 AM","0"
"Year 1 Feb 02 4:00 AM","0"
"Year 1 Feb 02 5:00 AM","0"
"Year 1 Feb 02 6:00 AM","0"
"Year 1 Feb 02 7:00 AM","0"
"Year 1 Feb 02 8:00 AM","39.3371744237947"
"Year 1 Feb 02 9:00 AM","103.115847257724"
"Year 1 Feb 02 10:00 AM","185.173581685957"
"Year 1 Feb 02 11:00 AM","201.23431800195"
"Year 1 Feb 02 12:00 PM","187.817691408644"
"Year 1 Feb 02 1:00 PM","165.893568291844"
"Year 1 Feb 02 2:00 PM","156.843425477588"
"Year 1 Feb 02 3:00 PM","105.637709760811"
"Year 1 Feb 02 4:00 PM","69.6955670239091"
"Year 1 Feb 02 5:00 PM","25.529529589266"
"Year 1 Feb 02 6:00 PM","0"
"Year 1 Feb 02 7:00 PM","0"
"Year 1 Feb 02 8:00 PM","0"
"Year 1 Feb 02 9:00 PM","0"
"Year 1 Feb 02 10:00 PM","0"
"Year 1 Feb 02 11:00 PM","0"
"Year 1 Feb 03 12:00 AM","0"
"Year 1 Feb 03 1:00 AM","0"
"Year 1 Feb 03 2:00 AM","0"
"Year 1 Feb 03 3:00 AM","0"
"Year 1 Feb 03 4:00 AM","0"
"Year 1 Feb 03 5:00 AM","0"
"Year 1 Feb 03 6:00 AM","0"
"Year 1 Feb 03 7:00 AM","0"
"Year 1 Feb 03 8:00 AM","29.5221442990407"
"Year 1 Feb 03 9:00 AM","91.713299265938"
"Year 1 Feb 03 10:00 AM","146.850512150377"
"Year 1 Feb 03 11:00 AM","147.986253036704"
"Year 1 Feb 03 12:00 PM","219.00432290093"
"Year 1 Feb 03 1:00 PM","212.045653415313"
"Year 1 Feb 03 2:00 PM","187.958266405868"
"Year 1 Feb 03 3:00 PM","118.768357315177"
"Year 1 Feb 03 4:00 PM","78.8318921767311"
"Year 1 Feb 03 5:00 PM","34.3996325829715"
"Year 1 Feb 03 6:00 PM","0"
"Year 1 Feb 03 7:00 PM","0"
"Year 1 Feb 03 8:00 PM","0"
"Year 1 Feb 03 9:00 PM","0"
"Year 1 Feb 03 10:00 PM","0"
"Year 1 Feb 03 11:00 PM","0"
"Year 1 Feb 04 12:00 AM","0"
"Year 1 Feb 04 1:00 AM","0"
"Year 1 Feb 04 2:00 AM","0"
"Year 1 Feb 04 3:00 AM","0"
"Year 1 Feb 04 4:00 AM","0"
"Year 1 Feb 04 5:00 AM","0"
"Year 1 Feb 04 6:00 AM","0"
"Year 1 Feb 04 7:00 AM","0"
"Year 1 Feb 04 8:00 AM","28.4222968496224"
"Year 1 Feb 04 9:00 AM","76.9649699018406"
"Year 1 Feb 04 10:00 AM","144.431591313135"
"Year 1 Feb 04 11:00 AM","154.464896529881"
"Year 1 Feb 04 12:00 PM","210.676348682043"
"Year 1 Feb 04 1:00 PM","181.14749581298"
"Year 1 Feb 04 2:00 PM","163.197013591389"
"Year 1 Feb 04 3:00 PM","129.873571965343"
"Year 1 Feb 04 4:00 PM","80.5620576502406"
"Year 1 Feb 04 5:00 PM","26.4573918054888"
"Year 1 Feb 04 6:00 PM","0"
"Year 1 Feb 04 7:00 PM","0"
"Year 1 Feb 04 8:00 PM","0"
"Year 1 Feb 04 9:00 PM","0"
"Year 1 Feb 04 10:00 PM","0"
"Year 1 Feb 04 11:00 PM","0"
"Year 1 Feb 05 12:00 AM","0"
"Year 1 Feb 05 1:00 AM","0"
"Year 1 Feb 05 2:00 AM","0"
"Year 1 Feb 05 3:00 AM","0"
"Year 1 Feb 05 4:00 AM","0"
"Year 1 Feb 05 5:00 AM","0"
"Year 1 Feb 05 6:00 AM","0"
"Year 1 Feb 05 7:00 AM","0"
"Year 1 Feb 05 8:00 AM","26.4092074959233"
"Year 1 Feb 05 9:00 AM","56.6145710608573"
"Year 1 Feb 05 10:00 AM","79.5561407195114"
"Year 1 Feb 05 11:00 AM","95.5414513736723"
"Year 1 Feb 05 12:00 PM","103.963372196132"
"Year 1 Feb 05 1:00 PM","103.667998537432"
"Year 1 Feb 05 2:00 PM","94.4643940706255"
"Year 1 Feb 05 3:00 PM","78.2442363480961"
"Year 1 Feb 05 4:00 PM","54.6154537976204"
"Year 1 Feb 05 5:00 PM","24.8184929173327"
"Year 1 Feb 05 6:00 PM","0"
"Year 1 Feb 05 7:00 PM","0"
"Year 1 Feb 05 8:00 PM","0"
"Year 1 Feb 05 9:00 PM","0"
"Year 1 Feb 05 10:00 PM","0"
"Year 1 Feb 05 11:00 PM","0"
"Year 1 Feb 06 12:00 AM","0"
"Year 1 Feb 06 1:00 AM","0"
"Year 1 Feb 06 2:00 AM","0"
"Year 1 Feb 06 3:00 AM","0"
"Year 1 Feb 06 4:00 AM","0"
"Year 1 Feb 06 5:00 AM","0"
"Year 1 Feb 06 6:00 AM","0"
"Year 1 Feb 06 7:00 AM","0"
"Year 1 Feb 06 8:00 AM","29.5029203721325"
"Year 1 Feb 06 9:00 AM","60.8279026254685"
"Year 1 Feb 06 10:00 AM","85.3087850748065"
"Year 1 Feb 06 11:00 AM","103.197623395359"
"Year 1 Feb 06 12:00 PM","116.035562504746"
"Year 1 Feb 06 1:00 PM","115.025697776079"
"Year 1 Feb 06 2:00 PM","101.15653780099"
"Year 1 Feb 06 3:00 PM","83.1010077824583"
"Year 1 Feb 06 4:00 PM","58.2068812929869"
"Year 1 Feb 06 5:00 PM","26.2011527369939"
"Year 1 Feb 06 6:00 PM","0"
"Year 1 Feb 06 7:00 PM","0"
"Year 1 Feb 06 8:00 PM","0"
"Year 1 Feb 06 9:00 PM","0"
"Year 1 Feb 06 10:00 PM","0"
"Year 1 Feb 06 11:00 PM","0"
"Year 1 Feb 07 12:00 AM","0"
"Year 1 Feb 07 1:00 AM","0"
"Year 1 Feb 07 2:00 AM","0"
"Year 1 Feb 07 3:00 AM","0"
"Year 1 Feb 07 4:00 AM","0"
"Year 1 Feb 07 5:00 AM","0"
"Year 1 Feb 07 6:00 AM","0"
"Year 1 Feb 07 7:00 AM","0"
"Year 1 Feb 07 8:00 AM","25.2972849853957"
"Year 1 Feb 07 9:00 AM","50.1129699740975"
"Year 1 Feb 07 10:00 AM","67.6832409733393"
"Year 1 Feb 07 11:00 AM","80.7671515896316"
"Year 1 Feb 07 12:00 PM","87.5124668716537"
"Year 1 Feb 07 1:00 PM","87.433522507986"
"Year 1 Feb 07 2:00 PM","80.08275973356"
"Year 1 Feb 07 3:00 PM","66.4724312941362"
"Year 1 Feb 07 4:00 PM","48.4774300631433"
"Year 1 Feb 07 5:00 PM","23.8057537544377"
"Year 1 Feb 07 6:00 PM","0"
"Year 1 Feb 07 7:00 PM","0"
"Year 1 Feb 07 8:00 PM","0"
"Year 1 Feb 07 9:00 PM","0"
"Year 1 Feb 07 10:00 PM","0"
"Year 1 Feb 07 11:00 PM","0"
"Year 1 Feb 08 12:00 AM","0"
"Year 1 Feb 08 1:00 AM","0"
"Year 1 Feb 08 2:00 AM","0"
"Year 1 Feb 08 3:00 AM","0"
"Year 1 Feb 08 4:00 AM","0"
"Year 1 Feb 08 5:00 AM","0"
"Year 1 Feb 08 6:00 AM","0"
"Year 1 Feb 08 7:00 AM","0"
"Year 1 Feb 08 8:00 AM","34.2723298044336"
"Year 1 Feb 08 9:00 AM","88.4653208230358"
"Year 1 Feb 08 10:00 AM","112.351191530076"
"Year 1 Feb 08 11:00 AM","95.1594044031218"
"Year 1 Feb 08 12:00 PM","98.3597091600985"
"Year 1 Feb 08 1:00 PM","97.2342393494702"
"Year 1 Feb 08 2:00 PM","91.3933209420329"
"Year 1 Feb 08 3:00 PM","75.6148614758898"
"Year 1 Feb 08 4:00 PM","53.8095931003709"
"Year 1 Feb 08 5:00 PM","26.162516278923"
"Year 1 Feb 08 6:00 PM","0"
"Year 1 Feb 08 7:00 PM","0"
"Year 1 Feb 08 8:00 PM","0"
"Year 1 Feb 08 9:00 PM","0"
"Year 1 Feb 08 10:00 PM","0"
"Year 1 Feb 08 11:00 PM","0"
"Year 1 Feb 09 12:00 AM","0"
"Year 1 Feb 09 1:00 AM","0"
"Year 1 Feb 09 2:00 AM","0"
"Year 1 Feb 09 3:00 AM","0"
"Year 1 Feb 09 4:00 AM","0"
"Year 1 Feb 09 5:00 AM","0"
"Year 1 Feb 09 6:00 AM","0"
"Year 1 Feb 09 7:00 AM","0"
"Year 1 Feb 09 8:00 AM","52.2118893190418"
"Year 1 Feb 09 9:00 AM","123.807948627924"
"Year 1 Feb 09 10:00 AM","163.140897202841"
"Year 1 Feb 09 11:00 AM","199.696583637953"
"Year 1 Feb 09 12:00 PM","209.107794343444"
"Year 1 Feb 09 1:00 PM","143.717984504495"
"Year 1 Feb 09 2:00 PM","131.231901020948"
"Year 1 Feb 09 3:00 PM","60.815935820779"
"Year 1 Feb 09 4:00 PM","36.4828927187425"
"Year 1 Feb 09 5:00 PM","18.1880161966018"
"Year 1 Feb 09 6:00 PM","0"
"Year 1 Feb 09 7:00 PM","0"
"Year 1 Feb 09 8:00 PM","0"
"Year 1 Feb 09 9:00 PM","0"
"Year 1 Feb 09 10:00 PM","0"
"Year 1 Feb 09 11:00 PM","0"
"Year 1 Feb 10 12:00 AM","0"
"Year 1 Feb 10 1:00 AM","0"
"Year 1 Feb 10 2:00 AM","0"
"Year 1 Feb 10 3:00 AM","0"
"Year 1 Feb 10 4:00 AM","0"
"Year 1 Feb 10 5:00 AM","0"
"Year 1 Feb 10 6:00 AM","0"
"Year 1 Feb 10 7:00 AM","0"
"Year 1 Feb 10 8:00 AM","31.9213365354618"
"Year 1 Feb 10 9:00 AM","75.1155344665612"
"Year 1 Feb 10 10:00 AM","109.094716692143"
"Year 1 Feb 10 11:00 AM","127.260705386006"
"Year 1 Feb 10 12:00 PM","137.101089829812"
"Year 1 Feb 10 1:00 PM","133.650168420228"
"Year 1 Feb 10 2:00 PM","121.776030938615"
"Year 1 Feb 10 3:00 PM","99.9182264003448"
"Year 1 Feb 10 4:00 PM","69.6068165356535"
"Year 1 Feb 10 5:00 PM","33.4558428813119"
"Year 1 Feb 10 6:00 PM","0"
"Year 1 Feb 10 7:00 PM","0"
"Year 1 Feb 10 8:00 PM","0"
"Year 1 Feb 10 9:00 PM","0"
"Year 1 Feb 10 10:00 PM","0"
"Year 1 Feb 10 11:00 PM","0"
"Year 1 Feb 11 12:00 AM","0"
"Year 1 Feb 11 1:00 AM","0"
"Year 1 Feb 11 2:00 AM","0"
"Year 1 Feb 11 3:00 AM","0"
"Year 1 Feb 11 4:00 AM","0"
"Year 1 Feb 11 5:00 AM","0"
"Year 1 Feb 11 6:00 AM","0"
"Year 1 Feb 11 7:00 AM","3.92349882784959"
"Year 1 Feb 11 8:00 AM","40.3246916115524"
"Year 1 Feb 11 9:00 AM","95.1049433877192"
"Year 1 Feb 11 10:00 AM","127.927612426534"
"Year 1 Feb 11 11:00 AM","149.865378370089"
"Year 1 Feb 11 12:00 PM","178.351158956106"
"Year 1 Feb 11 1:00 PM","159.298569988092"
"Year 1 Feb 11 2:00 PM","143.58784259995"
"Year 1 Feb 11 3:00 PM","95.6865395093358"
"Year 1 Feb 11 4:00 PM","62.7906554273351"
"Year 1 Feb 11 5:00 PM","32.0068854630842"
"Year 1 Feb 11 6:00 PM","0"
"Year 1 Feb 11 7:00 PM","0"
"Year 1 Feb 11 8:00 PM","0"
"Year 1 Feb 11 9:00 PM","0"
"Year 1 Feb 11 10:00 PM","0"
"Year 1 Feb 11 11:00 PM","0"
"Year 1 Feb 12 12:00 AM","0"
"Year 1 Feb 12 1:00 AM","0"
"Year 1 Feb 12 2:00 AM","0"
"Year 1 Feb 12 3:00 AM","0"
"Year 1 Feb 12 4:00 AM","0"
"Year 1 Feb 12 5:00 AM","0"
"Year 1 Feb 12 6:00 AM","0"
"Year 1 Feb 12 7:00 AM","2.39379740850352"
"Year 1 Feb 12 8:00 AM","28.1102406628429"
"Year 1 Feb 12 9:00 AM","70.6040617902965"
"Year 1 Feb 12 10:00 AM","74.330269034939"
"Year 1 Feb 12 11:00 AM","106.719309563672"
"Year 1 Feb 12 12:00 PM","163.769800661903"
"Year 1 Feb 12 1:00 PM","132.314099200091"
"Year 1 Feb 12 2:00 PM","190.451031373805"
"Year 1 Feb 12 3:00 PM","140.604084319037"
"Year 1 Feb 12 4:00 PM","73.6964337262052"
"Year 1 Feb 12 5:00 PM","37.9181035613336"
"Year 1 Feb 12 6:00 PM","0"
"Year 1 Feb 12 7:00 PM","0"
"Year 1 Feb 12 8:00 PM","0"
"Year 1 Feb 12 9:00 PM","0"
"Year 1 Feb 12 10:00 PM","0"
"Year 1 Feb 12 11:00 PM","0"
"Year 1 Feb 13 12:00 AM","0"
"Year 1 Feb 13 1:00 AM","0"
"Year 1 Feb 13 2:00 AM","0"
"Year 1 Feb 13 3:00 AM","0"
"Year 1 Feb 13 4:00 AM","0"
"Year 1 Feb 13 5:00 AM","0"
"Year 1 Feb 13 6:00 AM","0"
"Year 1 Feb 13 7:00 AM","2.68669989673974"
"Year 1 Feb 13 8:00 AM","31.8455759936214"
"Year 1 Feb 13 9:00 AM","90.7418698958464"
"Year 1 Feb 13 10:00 AM","130.401242744073"
"Year 1 Feb 13 11:00 AM","180.920843889483"
"Year 1 Feb 13 12:00 PM","207.727438954032"
"Year 1 Feb 13 1:00 PM","204.31437179737"
"Year 1 Feb 13 2:00 PM","174.302483554827"
"Year 1 Feb 13 3:00 PM","106.260398109962"
"Year 1 Feb 13 4:00 PM","58.8251981122873"
"Year 1 Feb 13 5:00 PM","33.1593664189125"
"Year 1 Feb 13 6:00 PM","3.19244679752263"
"Year 1 Feb 13 7:00 PM","0"
"Year 1 Feb 13 8:00 PM","0"
"Year 1 Feb 13 9:00 PM","0"
"Year 1 Feb 13 10:00 PM","0"
"Year 1 Feb 13 11:00 PM","0"
"Year 1 Feb 14 12:00 AM","0"
"Year 1 Feb 14 1:00 AM","0"
"Year 1 Feb 14 2:00 AM","0"
"Year 1 Feb 14 3:00 AM","0"
"Year 1 Feb 14 4:00 AM","0"
"Year 1 Feb 14 5:00 AM","0"
"Year 1 Feb 14 6:00 AM","0"
"Year 1 Feb 14 7:00 AM","3.5292561560784"
"Year 1 Feb 14 8:00 AM","28.6721171038604"
"Year 1 Feb 14 9:00 AM","59.3409299315441"
"Year 1 Feb 14 10:00 AM","129.216905594738"
"Year 1 Feb 14 11:00 AM","166.25968364213"
"Year 1 Feb 14 12:00 PM","193.944009596667"
"Year 1 Feb 14 1:00 PM","178.632747355821"
"Year 1 Feb 14 2:00 PM","146.069023279492"
"Year 1 Feb 14 3:00 PM","117.880000671736"
"Year 1 Feb 14 4:00 PM","90.5704262931258"
"Year 1 Feb 14 5:00 PM","34.2887160265455"
"Year 1 Feb 14 6:00 PM","2.62490324169795"
"Year 1 Feb 14 7:00 PM","0"
"Year 1 Feb 14 8:00 PM","0"
"Year 1 Feb 14 9:00 PM","0"
"Year 1 Feb 14 10:00 PM","0"
"Year 1 Feb 14 11:00 PM","0"
"Year 1 Feb 15 12:00 AM","0"
"Year 1 Feb 15 1:00 AM","0"
"Year 1 Feb 15 2:00 AM","0"
"Year 1 Feb 15 3:00 AM","0"
"Year 1 Feb 15 4:00 AM","0"
"Year 1 Feb 15 5:00 AM","0"
"Year 1 Feb 15 6:00 AM","0"
"Year 1 Feb 15 7:00 AM","2.95766853623072"
"Year 1 Feb 15 8:00 AM","26.553009753602"
"Year 1 Feb 15 9:00 AM","49.7388612919225"
"Year 1 Feb 15 10:00 AM","66.695468222355"
"Year 1 Feb 15 11:00 AM","78.0075859649694"
"Year 1 Feb 15 12:00 PM","78.6505712547834"
"Year 1 Feb 15 1:00 PM","72.5566279760746"
"Year 1 Feb 15 2:00 PM","65.9500363150639"
"Year 1 Feb 15 3:00 PM","51.6472966343074"
"Year 1 Feb 15 4:00 PM","39.8444185925496"
"Year 1 Feb 15 5:00 PM","23.4949678095716"
"Year 1 Feb 15 6:00 PM","2.59277606238657"
"Year 1 Feb 15 7:00 PM","0"
"Year 1 Feb 15 8:00 PM","0"
"Year 1 Feb 15 9:00 PM","0"
"Year 1 Feb 15 10:00 PM","0"
"Year 1 Feb 15 11:00 PM","0"
"Year 1 Feb 16 12:00 AM","0"
"Year 1 Feb 16 1:00 AM","0"
"Year 1 Feb 16 2:00 AM","0"
"Year 1 Feb 16 3:00 AM","0"
"Year 1 Feb 16 4:00 AM","0"
"Year 1 Feb 16 5:00 AM","0"
"Year 1 Feb 16 6:00 AM","0"
"Year 1 Feb 16 7:00 AM","5.20341974732975"
"Year 1 Feb 16 8:00 AM","43.3117214988944"
"Year 1 Feb 16 9:00 AM","67.288095317168"
"Year 1 Feb 16 10:00 AM","63.2165730115279"
"Year 1 Feb 16 11:00 AM","67.6029924318688"
"Year 1 Feb 16 12:00 PM","53.8249787759895"
"Year 1 Feb 16 1:00 PM","51.8069388461195"
"Year 1 Feb 16 2:00 PM","58.8009286226619"
"Year 1 Feb 16 3:00 PM","42.7689960532951"
"Year 1 Feb 16 4:00 PM","33.3696158906078"
"Year 1 Feb 16 5:00 PM","21.459367571305"
"Year 1 Feb 16 6:00 PM","2.61582508063418"
"Year 1 Feb 16 7:00 PM","0"
"Year 1 Feb 16 8:00 PM","0"
"Year 1 Feb 16 9:00 PM","0"
"Year 1 Feb 16 10:00 PM","0"
"Year 1 Feb 16 11:00 PM","0"
"Year 1 Feb 17 12:00 AM","0"
"Year 1 Feb 17 1:00 AM","0"
"Year 1 Feb 17 2:00 AM","0"
"Year 1 Feb 17 3:00 AM","0"
"Year 1 Feb 17 4:00 AM","0"
"Year 1 Feb 17 5:00 AM","0"
"Year 1 Feb 17 6:00 AM","0"
"Year 1 Feb 17 7:00 AM","2.66585363517065"
"Year 1 Feb 17 8:00 AM","29.3735771913875"
"Year 1 Feb 17 9:00 AM","74.296723727485"
"Year 1 Feb 17 10:00 AM","113.066688623511"
"Year 1 Feb 17 11:00 AM","212.381407391617"
"Year 1 Feb 17 12:00 PM","211.992861211838"
"Year 1 Feb 17 1:00 PM","160.012906128227"
"Year 1 Feb 17 2:00 PM","136.695431676274"
"Year 1 Feb 17 3:00 PM","118.539100723657"
"Year 1 Feb 17 4:00 PM","39.5915855623111"
"Year 1 Feb 17 5:00 PM","19.4532723811343"
"Year 1 Feb 17 6:00 PM","2.23700991819487"
"Year 1 Feb 17 7:00 PM","0"
"Year 1 Feb 17 8:00 PM","0"
"Year 1 Feb 17 9:00 PM","0"
"Year 1 Feb 17 10:00 PM","0"
"Year 1 Feb 17 11:00 PM","0"
"Year 1 Feb 18 12:00 AM","0"
"Year 1 Feb 18 1:00 AM","0"
"Year 1 Feb 18 2:00 AM","0"
"Year 1 Feb 18 3:00 AM","0"
"Year 1 Feb 18 4:00 AM","0"
"Year 1 Feb 18 5:00 AM","0"
"Year 1 Feb 18 6:00 AM","0"
"Year 1 Feb 18 7:00 AM","3.4322456689738"
"Year 1 Feb 18 8:00 AM","35.2408119999808"
"Year 1 Feb 18 9:00 AM","84.1900067975348"
"Year 1 Feb 18 10:00 AM","105.202862235965"
"Year 1 Feb 18 11:00 AM","157.526954115047"
"Year 1 Feb 18 12:00 PM","195.707418374108"
"Year 1 Feb 18 1:00 PM","173.789289202021"
"Year 1 Feb 18 2:00 PM","154.468675008523"
"Year 1 Feb 18 3:00 PM","125.406655020831"
"Year 1 Feb 18 4:00 PM","69.8683271057769"
"Year 1 Feb 18 5:00 PM","35.6246245206603"
"Year 1 Feb 18 6:00 PM","3.61711268759439"
"Year 1 Feb 18 7:00 PM","0"
"Year 1 Feb 18 8:00 PM","0"
"Year 1 Feb 18 9:00 PM","0"
"Year 1 Feb 18 10:00 PM","0"
"Year 1 Feb 18 11:00 PM","0"
"Year 1 Feb 19 12:00 AM","0"
"Year 1 Feb 19 1:00 AM","0"
"Year 1 Feb 19 2:00 AM","0"
"Year 1 Feb 19 3:00 AM","0"
"Year 1 Feb 19 4:00 AM","0"
"Year 1 Feb 19 5:00 AM","0"
"Year 1 Feb 19 6:00 AM","0"
"Year 1 Feb 19 7:00 AM","3.34748721417962"
"Year 1 Feb 19 8:00 AM","33.9192958497261"
"Year 1 Feb 19 9:00 AM","83.9952397674129"
"Year 1 Feb 19 10:00 AM","122.677165578716"
"Year 1 Feb 19 11:00 AM","154.318815375073"
"Year 1 Feb 19 12:00 PM","177.365509837301"
"Year 1 Feb 19 1:00 PM","214.785053502858"
"Year 1 Feb 19 2:00 PM","167.158188644224"
"Year 1 Feb 19 3:00 PM","140.546666149129"
"Year 1 Feb 19 4:00 PM","90.924215249322"
"Year 1 Feb 19 5:00 PM","38.5709798209095"
"Year 1 Feb 19 6:00 PM","4.22087632672274"
"Year 1 Feb 19 7:00 PM","0"
"Year 1 Feb 19 8:00 PM","0"
"Year 1 Feb 19 9:00 PM","0"
"Year 1 Feb 19 10:00 PM","0"
"Year 1 Feb 19 11:00 PM","0"
"Year 1 Feb 20 12:00 AM","0"
"Year 1 Feb 20 1:00 AM","0"
"Year 1 Feb 20 2:00 AM","0"
"Year 1 Feb 20 3:00 AM","0"
"Year 1 Feb 20 4:00 AM","0"
"Year 1 Feb 20 5:00 AM","0"
"Year 1 Feb 20 6:00 AM","0"
"Year 1 Feb 20 7:00 AM","4.16396923217494"
"Year 1 Feb 20 8:00 AM","33.0418645932339"
"Year 1 Feb 20 9:00 AM","54.5274640724632"
"Year 1 Feb 20 10:00 AM","97.1668317028037"
"Year 1 Feb 20 11:00 AM","195.510520686721"
"Year 1 Feb 20 12:00 PM","152.356146859113"
"Year 1 Feb 20 1:00 PM","186.005486293873"
"Year 1 Feb 20 2:00 PM","190.483430381774"
"Year 1 Feb 20 3:00 PM","119.239842139681"
"Year 1 Feb 20 4:00 PM","87.8147620981203"
"Year 1 Feb 20 5:00 PM","39.3189412910086"
"Year 1 Feb 20 6:00 PM","3.5914668536322"
"Year 1 Feb 20 7:00 PM","0"
"Year 1 Feb 20 8:00 PM","0"
"Year 1 Feb 20 9:00 PM","0"
"Year 1 Feb 20 10:00 PM","0"
"Year 1 Feb 20 11:00 PM","0"
"Year 1 Feb 21 12:00 AM","0"
"Year 1 Feb 21 1:00 AM","0"
"Year 1 Feb 21 2:00 AM","0"
"Year 1 Feb 21 3:00 AM","0"
"Year 1 Feb 21 4:00 AM","0"
"Year 1 Feb 21 5:00 AM","0"
"Year 1 Feb 21 6:00 AM","0"
"Year 1 Feb 21 7:00 AM","1.6875"
"Year 1 Feb 21 8:00 AM","24.9656821123463"
"Year 1 Feb 21 9:00 AM","96.060774386678"
"Year 1 Feb 21 10:00 AM","117.297371603147"
"Year 1 Feb 21 11:00 AM","147.944809167309"
"Year 1 Feb 21 12:00 PM","195.240631564026"
"Year 1 Feb 21 1:00 PM","169.61861621573"
"Year 1 Feb 21 2:00 PM","153.844073584155"
"Year 1 Feb 21 3:00 PM","173.639877587244"
"Year 1 Feb 21 4:00 PM","96.9219978235378"
"Year 1 Feb 21 5:00 PM","45.0287450690951"
"Year 1 Feb 21 6:00 PM","4.16215747887496"
"Year 1 Feb 21 7:00 PM","0"
"Year 1 Feb 21 8:00 PM","0"
"Year 1 Feb 21 9:00 PM","0"
"Year 1 Feb 21 10:00 PM","0"
"Year 1 Feb 21 11:00 PM","0"
"Year 1 Feb 22 12:00 AM","0"
"Year 1 Feb 22 1:00 AM","0"
"Year 1 Feb 22 2:00 AM","0"
"Year 1 Feb 22 3:00 AM","0"
"Year 1 Feb 22 4:00 AM","0"
"Year 1 Feb 22 5:00 AM","0"
"Year 1 Feb 22 6:00 AM","0"
"Year 1 Feb 22 7:00 AM","8.59074601696536"
"Year 1 Feb 22 8:00 AM","47.7033173040471"
"Year 1 Feb 22 9:00 AM","96.6367005959936"
"Year 1 Feb 22 10:00 AM","156.829675846052"
"Year 1 Feb 22 11:00 AM","184.138002413371"
"Year 1 Feb 22 12:00 PM","226.357963260086"
"Year 1 Feb 22 1:00 PM","231.553004110001"
"Year 1 Feb 22 2:00 PM","205.071354841715"
"Year 1 Feb 22 3:00 PM","164.165376794737"
"Year 1 Feb 22 4:00 PM","84.0091090728785"
"Year 1 Feb 22 5:00 PM","29.2971014956644"
"Year 1 Feb 22 6:00 PM","2.89594395581938"
"Year 1 Feb 22 7:00 PM","0"
"Year 1 Feb 22 8:00 PM","0"
"Year 1 Feb 22 9:00 PM","0"
"Year 1 Feb 22 10:00 PM","0"
"Year 1 Feb 22 11:00 PM","0"
"Year 1 Feb 23 12:00 AM","0"
"Year 1 Feb 23 1:00 AM","0"
"Year 1 Feb 23 2:00 AM","0"
"Year 1 Feb 23 3:00 AM","0"
"Year 1 Feb 23 4:00 AM","0"
"Year 1 Feb 23 5:00 AM","0"
"Year 1 Feb 23 6:00 AM","0"
"Year 1 Feb 23 7:00 AM","7.48493878188814"
"Year 1 Feb 23 8:00 AM","44.9609722858488"
"Year 1 Feb 23 9:00 AM","97.203155084009"
"Year 1 Feb 23 10:00 AM","138.964251933468"
"Year 1 Feb 23 11:00 AM","136.909701563982"
"Year 1 Feb 23 12:00 PM","143.542200241023"
"Year 1 Feb 23 1:00 PM","124.973376706778"
"Year 1 Feb 23 2:00 PM","148.326477106309"
"Year 1 Feb 23 3:00 PM","102.878171714813"
"Year 1 Feb 23 4:00 PM","89.0921512388251"
"Year 1 Feb 23 5:00 PM","42.0279640959965"
"Year 1 Feb 23 6:00 PM","4.46192240299734"
"Year 1 Feb 23 7:00 PM","0"
"Year 1 Feb 23 8:00 PM","0"
"Year 1 Feb 23 9:00 PM","0"
"Year 1 Feb 23 10:00 PM","0"
"Year 1 Feb 23 11:00 PM","0"
"Year 1 Feb 24 12:00 AM","0"
"Year 1 Feb 24 1:00 AM","0"
"Year 1 Feb 24 2:00 AM","0"
"Year 1 Feb 24 3:00 AM","0"
"Year 1 Feb 24 4:00 AM","0"
"Year 1 Feb 24 5:00 AM","0"
"Year 1 Feb 24 6:00 AM","0"
"Year 1 Feb 24 7:00 AM","5.73572973295367"
"Year 1 Feb 24 8:00 AM","35.8050876012168"
"Year 1 Feb 24 9:00 AM","96.861107360064"
"Year 1 Feb 24 10:00 AM","148.667605406733"
"Year 1 Feb 24 11:00 AM","193.34168275768"
"Year 1 Feb 24 12:00 PM","221.730068267229"
"Year 1 Feb 24 1:00 PM","222.961021368096"
"Year 1 Feb 24 2:00 PM","200.534363639707"
"Year 1 Feb 24 3:00 PM","151.165248384492"
"Year 1 Feb 24 4:00 PM","95.9563476995579"
"Year 1 Feb 24 5:00 PM","43.4319563936051"
"Year 1 Feb 24 6:00 PM","5.10818363542926"
"Year 1 Feb 24 7:00 PM","0"
"Year 1 Feb 24 8:00 PM","0"
"Year 1 Feb 24 9:00 PM","0"
"Year 1 Feb 24 10:00 PM","0"
"Year 1 Feb 24 11:00 PM","0"
"Year 1 Feb 25 12:00 AM","0"
"Year 1 Feb 25 1:00 AM","0"
"Year 1 Feb 25 2:00 AM","0"
"Year 1 Feb 25 3:00 AM","0"
"Year 1 Feb 25 4:00 AM","0"
"Year 1 Feb 25 5:00 AM","0"
"Year 1 Feb 25 6:00 AM","0"
"Year 1 Feb 25 7:00 AM","9.74303331517587"
"Year 1 Feb 25 8:00 AM","46.6374074402496"
"Year 1 Feb 25 9:00 AM","78.1807736092134"
"Year 1 Feb 25 10:00 AM","149.586862123729"
"Year 1 Feb 25 11:00 AM","184.338801263247"
"Year 1 Feb 25 12:00 PM","189.438730382979"
"Year 1 Feb 25 1:00 PM","187.574800910952"
"Year 1 Feb 25 2:00 PM","150.591803082665"
"Year 1 Feb 25 3:00 PM","145.517885619413"
"Year 1 Feb 25 4:00 PM","114.417180850805"
"Year 1 Feb 25 5:00 PM","59.2930493949991"
"Year 1 Feb 25 6:00 PM","7.86144370721551"
"Year 1 Feb 25 7:00 PM","0"
"Year 1 Feb 25 8:00 PM","0"
"Year 1 Feb 25 9:00 PM","0"
"Year 1 Feb 25 10:00 PM","0"
"Year 1 Feb 25 11:00 PM","0"
"Year 1 Feb 26 12:00 AM","0"
"Year 1 Feb 26 1:00 AM","0"
"Year 1 Feb 26 2:00 AM","0"
"Year 1 Feb 26 3:00 AM","0"
"Year 1 Feb 26 4:00 AM","0"
"Year 1 Feb 26 5:00 AM","0"
"Year 1 Feb 26 6:00 AM","0"
"Year 1 Feb 26 7:00 AM","11.7857083528455"
"Year 1 Feb 26 8:00 AM","58.3966333606402"
"Year 1 Feb 26 9:00 AM","72.2152503886031"
"Year 1 Feb 26 10:00 AM","80.0544434114029"
"Year 1 Feb 26 11:00 AM","139.160011609017"
"Year 1 Feb 26 12:00 PM","158.652998457979"
"Year 1 Feb 26 1:00 PM","161.085744357623"
"Year 1 Feb 26 2:00 PM","155.845493712549"
"Year 1 Feb 26 3:00 PM","140.871160295047"
"Year 1 Feb 26 4:00 PM","87.8893016305633"
"Year 1 Feb 26 5:00 PM","44.1904050104916"
"Year 1 Feb 26 6:00 PM","8.26129676887781"
"Year 1 Feb 26 7:00 PM","0"
"Year 1 Feb 26 8:00 PM","0"
"Year 1 Feb 26 9:00 PM","0"
"Year 1 Feb 26 10:00 PM","0"
"Year 1 Feb 26 11:00 PM","0"
"Year 1 Feb 27 12:00 AM","0"
"Year 1 Feb 27 1:00 AM","0"
"Year 1 Feb 27 2:00 AM","0"
"Year 1 Feb 27 3:00 AM","0"
"Year 1 Feb 27 4:00 AM","0"
"Year 1 Feb 27 5:00 AM","0"
"Year 1 Feb 27 6:00 AM","0"
"Year 1 Feb 27 7:00 AM","12.1621017736973"
"Year 1 Feb 27 8:00 AM","58.2993529243597"
"Year 1 Feb 27 9:00 AM","104.461111943809"
"Year 1 Feb 27 10:00 AM","174.806666422552"
"Year 1 Feb 27 11:00 AM","179.616342710803"
"Year 1 Feb 27 12:00 PM","125.636106835192"
"Year 1 Feb 27 1:00 PM","171.178841662975"
"Year 1 Feb 27 2:00 PM","167.706029960886"
"Year 1 Feb 27 3:00 PM","144.885854779541"
"Year 1 Feb 27 4:00 PM","87.6500711563954"
"Year 1 Feb 27 5:00 PM","39.7393081630318"
"Year 1 Feb 27 6:00 PM","7.38325369287475"
"Year 1 Feb 27 7:00 PM","0"
"Year 1 Feb 27 8:00 PM","0"
"Year 1 Feb 27 9:00 PM","0"
"Year 1 Feb 27 10:00 PM","0"
"Year 1 Feb 27 11:00 PM","0"
"Year 1 Feb 28 12:00 AM","0"
"Year 1 Feb 28 1:00 AM","0"
"Year 1 Feb 28 2:00 AM","0"
"Year 1 Feb 28 3:00 AM","0"
"Year 1 Feb 28 4:00 AM","0"
"Year 1 Feb 28 5:00 AM","0"
"Year 1 Feb 28 6:00 AM","0"
"Year 1 Feb 28 7:00 AM","11.8741857001837"
"Year 1 Feb 28 8:00 AM","64.2628495405058"
"Year 1 Feb 28 9:00 AM","122.200235518359"
"Year 1 Feb 28 10:00 AM","162.471339761696"
"Year 1 Feb 28 11:00 AM","192.237130254176"
"Year 1 Feb 28 12:00 PM","178.900394951594"
"Year 1 Feb 28 1:00 PM","168.00920782172"
"Year 1 Feb 28 2:00 PM","157.255171870831"
"Year 1 Feb 28 3:00 PM","135.915099000549"
"Year 1 Feb 28 4:00 PM","96.2363050072061"
"Year 1 Feb 28 5:00 PM","53.4921191862765"
"Year 1 Feb 28 6:00 PM","8.61151079298515"
"Year 1 Feb 28 7:00 PM","0"
"Year 1 Feb 28 8:00 PM","0"
"Year 1 Feb 28 9:00 PM","0"
"Year 1 Feb 28 10:00 PM","0"
"Year 1 Feb 28 11:00 PM","0"
"Year 1 Mar 01 12:00 AM","0"
"Year 1 Mar 01 1:00 AM","0"
"Year 1 Mar 01 2:00 AM","0"
"Year 1 Mar 01 3:00 AM","0"
"Year 1 Mar 01 4:00 AM","0"
"Year 1 Mar 01 5:00 AM","0"
"Year 1 Mar 01 6:00 AM","0"
"Year 1 Mar 01 7:00 AM","7.08781259902179"
"Year 1 Mar 01 8:00 AM","32.3906618051778"
"Year 1 Mar 01 9:00 AM","72.3995765490887"
"Year 1 Mar 01 10:00 AM","160.794272661235"
"Year 1 Mar 01 11:00 AM","176.723067539564"
"Year 1 Mar 01 12:00 PM","123.347535320939"
"Year 1 Mar 01 1:00 PM","130.057715574632"
"Year 1 Mar 01 2:00 PM","129.163312166312"
"Year 1 Mar 01 3:00 PM","168.467086383507"
"Year 1 Mar 01 4:00 PM","109.953605652714"
"Year 1 Mar 01 5:00 PM","48.3067066196745"
"Year 1 Mar 01 6:00 PM","8.63060262402741"
"Year 1 Mar 01 7:00 PM","0"
"Year 1 Mar 01 8:00 PM","0"
"Year 1 Mar 01 9:00 PM","0"
"Year 1 Mar 01 10:00 PM","0"
"Year 1 Mar 01 11:00 PM","0"
"Year 1 Mar 02 12:00 AM","0"
"Year 1 Mar 02 1:00 AM","0"
"Year 1 Mar 02 2:00 AM","0"
"Year 1 Mar 02 3:00 AM","0"
"Year 1 Mar 02 4:00 AM","0"
"Year 1 Mar 02 5:00 AM","0"
"Year 1 Mar 02 6:00 AM","0"
"Year 1 Mar 02 7:00 AM","11.4026699464672"
"Year 1 Mar 02 8:00 AM","46.937077266631"
"Year 1 Mar 02 9:00 AM","81.6189296741059"
"Year 1 Mar 02 10:00 AM","123.25850309825"
"Year 1 Mar 02 11:00 AM","151.529556166181"
"Year 1 Mar 02 12:00 PM","176.097105768881"
"Year 1 Mar 02 1:00 PM","179.109658740278"
"Year 1 Mar 02 2:00 PM","191.083375620499"
"Year 1 Mar 02 3:00 PM","162.299637085695"
"Year 1 Mar 02 4:00 PM","113.606487288653"
"Year 1 Mar 02 5:00 PM","66.3153538200529"
"Year 1 Mar 02 6:00 PM","10.4150647015873"
"Year 1 Mar 02 7:00 PM","0"
"Year 1 Mar 02 8:00 PM","0"
"Year 1 Mar 02 9:00 PM","0"
"Year 1 Mar 02 10:00 PM","0"
"Year 1 Mar 02 11:00 PM","0"
"Year 1 Mar 03 12:00 AM","0"
"Year 1 Mar 03 1:00 AM","0"
"Year 1 Mar 03 2:00 AM","0"
"Year 1 Mar 03 3:00 AM","0"
"Year 1 Mar 03 4:00 AM","0"
"Year 1 Mar 03 5:00 AM","0"
"Year 1 Mar 03 6:00 AM","0"
"Year 1 Mar 03 7:00 AM","10.6295214077344"
"Year 1 Mar 03 8:00 AM","50.6448287506947"
"Year 1 Mar 03 9:00 AM","133.62172726764"
"Year 1 Mar 03 10:00 AM","135.878292092525"
"Year 1 Mar 03 11:00 AM","162.675492277839"
"Year 1 Mar 03 12:00 PM","193.189737863954"
"Year 1 Mar 03 1:00 PM","164.42666291506"
"Year 1 Mar 03 2:00 PM","169.43638523476"
"Year 1 Mar 03 3:00 PM","132.463315402932"
"Year 1 Mar 03 4:00 PM","94.6800679041196"
"Year 1 Mar 03 5:00 PM","45.0856039152654"
"Year 1 Mar 03 6:00 PM","8.36938063238781"
"Year 1 Mar 03 7:00 PM","0"
"Year 1 Mar 03 8:00 PM","0"
"Year 1 Mar 03 9:00 PM","0"
"Year 1 Mar 03 10:00 PM","0"
"Year 1 Mar 03 11:00 PM","0"
"Year 1 Mar 04 12:00 AM","0"
"Year 1 Mar 04 1:00 AM","0"
"Year 1 Mar 04 2:00 AM","0"
"Year 1 Mar 04 3:00 AM","0"
"Year 1 Mar 04 4:00 AM","0"
"Year 1 Mar 04 5:00 AM","0"
"Year 1 Mar 04 6:00 AM","0"
"Year 1 Mar 04 7:00 AM","9.57827813083907"
"Year 1 Mar 04 8:00 AM","37.3622029045437"
"Year 1 Mar 04 9:00 AM","76.9990724047875"
"Year 1 Mar 04 10:00 AM","107.427414750723"
"Year 1 Mar 04 11:00 AM","136.901482803403"
"Year 1 Mar 04 12:00 PM","167.069761407151"
"Year 1 Mar 04 1:00 PM","198.723921030907"
"Year 1 Mar 04 2:00 PM","181.487912480557"
"Year 1 Mar 04 3:00 PM","138.740943469228"
"Year 1 Mar 04 4:00 PM","87.4830100479483"
"Year 1 Mar 04 5:00 PM","36.8669341114438"
"Year 1 Mar 04 6:00 PM","6.38555573864705"
"Year 1 Mar 04 7:00 PM","0"
"Year 1 Mar 04 8:00 PM","0"
"Year 1 Mar 04 9:00 PM","0"
"Year 1 Mar 04 10:00 PM","0"
"Year 1 Mar 04 11:00 PM","0"
"Year 1 Mar 05 12:00 AM","0"
"Year 1 Mar 05 1:00 AM","0"
"Year 1 Mar 05 2:00 AM","0"
"Year 1 Mar 05 3:00 AM","0"
"Year 1 Mar 05 4:00 AM","0"
"Year 1 Mar 05 5:00 AM","0"
"Year 1 Mar 05 6:00 AM","0"
"Year 1 Mar 05 7:00 AM","15.9183639823277"
"Year 1 Mar 05 8:00 AM","55.6653220606532"
"Year 1 Mar 05 9:00 AM","98.1994856841244"
"Year 1 Mar 05 10:00 AM","176.81813501029"
"Year 1 Mar 05 11:00 AM","220.604912473807"
"Year 1 Mar 05 12:00 PM","235.595111674486"
"Year 1 Mar 05 1:00 PM","239.951882386069"
"Year 1 Mar 05 2:00 PM","239.624155719466"
"Year 1 Mar 05 3:00 PM","180.674535045763"
"Year 1 Mar 05 4:00 PM","111.081391706487"
"Year 1 Mar 05 5:00 PM","43.5336776865687"
"Year 1 Mar 05 6:00 PM","8.78059871214101"
"Year 1 Mar 05 7:00 PM","0"
"Year 1 Mar 05 8:00 PM","0"
"Year 1 Mar 05 9:00 PM","0"
"Year 1 Mar 05 10:00 PM","0"
"Year 1 Mar 05 11:00 PM","0"
"Year 1 Mar 06 12:00 AM","0"
"Year 1 Mar 06 1:00 AM","0"
"Year 1 Mar 06 2:00 AM","0"
"Year 1 Mar 06 3:00 AM","0"
"Year 1 Mar 06 4:00 AM","0"
"Year 1 Mar 06 5:00 AM","0"
"Year 1 Mar 06 6:00 AM","0"
"Year 1 Mar 06 7:00 AM","17.7047371714643"
"Year 1 Mar 06 8:00 AM","78.4493936149289"
"Year 1 Mar 06 9:00 AM","141.70196421528"
"Year 1 Mar 06 10:00 AM","129.122848561668"
"Year 1 Mar 06 11:00 AM","87.8830481645823"
"Year 1 Mar 06 12:00 PM","119.865122256243"
"Year 1 Mar 06 1:00 PM","114.72635161078"
"Year 1 Mar 06 2:00 PM","113.838680939846"
"Year 1 Mar 06 3:00 PM","100.57909104979"
"Year 1 Mar 06 4:00 PM","97.023683481313"
"Year 1 Mar 06 5:00 PM","50.9829630982476"
"Year 1 Mar 06 6:00 PM","11.8917423800946"
"Year 1 Mar 06 7:00 PM","0"
"Year 1 Mar 06 8:00 PM","0"
"Year 1 Mar 06 9:00 PM","0"
"Year 1 Mar 06 10:00 PM","0"
"Year 1 Mar 06 11:00 PM","0"
"Year 1 Mar 07 12:00 AM","0"
"Year 1 Mar 07 1:00 AM","0"
"Year 1 Mar 07 2:00 AM","0"
"Year 1 Mar 07 3:00 AM","0"
"Year 1 Mar 07 4:00 AM","0"
"Year 1 Mar 07 5:00 AM","0"
"Year 1 Mar 07 6:00 AM","0"
"Year 1 Mar 07 7:00 AM","12.1621036638402"
"Year 1 Mar 07 8:00 AM","46.6643067219081"
"Year 1 Mar 07 9:00 AM","65.8730952213834"
"Year 1 Mar 07 10:00 AM","141.583525638231"
"Year 1 Mar 07 11:00 AM","199.626302961165"
"Year 1 Mar 07 12:00 PM","221.142587553431"
"Year 1 Mar 07 1:00 PM","208.483225773773"
"Year 1 Mar 07 2:00 PM","204.30329122761"
"Year 1 Mar 07 3:00 PM","187.380879484099"
"Year 1 Mar 07 4:00 PM","138.243119936896"
"Year 1 Mar 07 5:00 PM","62.0405400104219"
"Year 1 Mar 07 6:00 PM","11.486904300974"
"Year 1 Mar 07 7:00 PM","0"
"Year 1 Mar 07 8:00 PM","0"
"Year 1 Mar 07 9:00 PM","0"
"Year 1 Mar 07 10:00 PM","0"
"Year 1 Mar 07 11:00 PM","0"
"Year 1 Mar 08 12:00 AM","0"
"Year 1 Mar 08 1:00 AM","0"
"Year 1 Mar 08 2:00 AM","0"
"Year 1 Mar 08 3:00 AM","0"
"Year 1 Mar 08 4:00 AM","0"
"Year 1 Mar 08 5:00 AM","0"
"Year 1 Mar 08 6:00 AM","0"
"Year 1 Mar 08 7:00 AM","19.7565219877322"
"Year 1 Mar 08 8:00 AM","48.9484405973138"
"Year 1 Mar 08 9:00 AM","63.3892492345764"
"Year 1 Mar 08 10:00 AM","78.9578404526058"
"Year 1 Mar 08 11:00 AM","90.0493140613807"
"Year 1 Mar 08 12:00 PM","95.5457790401274"
"Year 1 Mar 08 1:00 PM","95.4657287257915"
"Year 1 Mar 08 2:00 PM","88.934135072431"
"Year 1 Mar 08 3:00 PM","77.1341820243177"
"Year 1 Mar 08 4:00 PM","60.0991706029522"
"Year 1 Mar 08 5:00 PM","39.6227339339029"
"Year 1 Mar 08 6:00 PM","10.378229986902"
"Year 1 Mar 08 7:00 PM","0"
"Year 1 Mar 08 8:00 PM","0"
"Year 1 Mar 08 9:00 PM","0"
"Year 1 Mar 08 10:00 PM","0"
"Year 1 Mar 08 11:00 PM","0"
"Year 1 Mar 09 12:00 AM","0"
"Year 1 Mar 09 1:00 AM","0"
"Year 1 Mar 09 2:00 AM","0"
"Year 1 Mar 09 3:00 AM","0"
"Year 1 Mar 09 4:00 AM","0"
"Year 1 Mar 09 5:00 AM","0"
"Year 1 Mar 09 6:00 AM","0"
"Year 1 Mar 09 7:00 AM","18.5072794855956"
"Year 1 Mar 09 8:00 AM","52.0880885611541"
"Year 1 Mar 09 9:00 AM","78.2938991642666"
"Year 1 Mar 09 10:00 AM","99.3176847840055"
"Year 1 Mar 09 11:00 AM","111.08967050639"
"Year 1 Mar 09 12:00 PM","118.02551672149"
"Year 1 Mar 09 1:00 PM","117.239800865762"
"Year 1 Mar 09 2:00 PM","109.337636650004"
"Year 1 Mar 09 3:00 PM","96.5170406135137"
"Year 1 Mar 09 4:00 PM","74.1010869857193"
"Year 1 Mar 09 5:00 PM","46.8392007866507"
"Year 1 Mar 09 6:00 PM","15.6079096976077"
"Year 1 Mar 09 7:00 PM","0"
"Year 1 Mar 09 8:00 PM","0"
"Year 1 Mar 09 9:00 PM","0"
"Year 1 Mar 09 10:00 PM","0"
"Year 1 Mar 09 11:00 PM","0"
"Year 1 Mar 10 12:00 AM","0"
"Year 1 Mar 10 1:00 AM","0"
"Year 1 Mar 10 2:00 AM","0"
"Year 1 Mar 10 3:00 AM","0"
"Year 1 Mar 10 4:00 AM","0"
"Year 1 Mar 10 5:00 AM","0"
"Year 1 Mar 10 6:00 AM","0"
"Year 1 Mar 10 7:00 AM","21.8603561677996"
"Year 1 Mar 10 8:00 AM","65.8968605674387"
"Year 1 Mar 10 9:00 AM","102.196055353102"
"Year 1 Mar 10 10:00 AM","132.692146458106"
"Year 1 Mar 10 11:00 AM","151.308715779749"
"Year 1 Mar 10 12:00 PM","165.050789163151"
"Year 1 Mar 10 1:00 PM","195.164636273636"
"Year 1 Mar 10 2:00 PM","191.465916462379"
"Year 1 Mar 10 3:00 PM","192.624781122813"
"Year 1 Mar 10 4:00 PM","137.46056849821"
"Year 1 Mar 10 5:00 PM","69.6992387255698"
"Year 1 Mar 10 6:00 PM","17.8110506323668"
"Year 1 Mar 10 7:00 PM","0"
"Year 1 Mar 10 8:00 PM","0"
"Year 1 Mar 10 9:00 PM","0"
"Year 1 Mar 10 10:00 PM","0"
"Year 1 Mar 10 11:00 PM","0"
"Year 1 Mar 11 12:00 AM","0"
"Year 1 Mar 11 1:00 AM","0"
"Year 1 Mar 11 2:00 AM","0"
"Year 1 Mar 11 3:00 AM","0"
"Year 1 Mar 11 4:00 AM","0"
"Year 1 Mar 11 5:00 AM","0"
"Year 1 Mar 11 6:00 AM","0"
"Year 1 Mar 11 7:00 AM","12.9552071706561"
"Year 1 Mar 11 8:00 AM","51.9522096534332"
"Year 1 Mar 11 9:00 AM","98.2811944271269"
"Year 1 Mar 11 10:00 AM","166.116324807368"
"Year 1 Mar 11 11:00 AM","217.880713268927"
"Year 1 Mar 11 12:00 PM","232.181733511386"
"Year 1 Mar 11 1:00 PM","245.527640327902"
"Year 1 Mar 11 2:00 PM","214.050061315668"
"Year 1 Mar 11 3:00 PM","175.036993715602"
"Year 1 Mar 11 4:00 PM","126.517979646022"
"Year 1 Mar 11 5:00 PM","45.9627962311407"
"Year 1 Mar 11 6:00 PM","9.97106168788964"
"Year 1 Mar 11 7:00 PM","0"
"Year 1 Mar 11 8:00 PM","0"
"Year 1 Mar 11 9:00 PM","0"
"Year 1 Mar 11 10:00 PM","0"
"Year 1 Mar 11 11:00 PM","0"
"Year 1 Mar 12 12:00 AM","0"
"Year 1 Mar 12 1:00 AM","0"
"Year 1 Mar 12 2:00 AM","0"
"Year 1 Mar 12 3:00 AM","0"
"Year 1 Mar 12 4:00 AM","0"
"Year 1 Mar 12 5:00 AM","0"
"Year 1 Mar 12 6:00 AM","0"
"Year 1 Mar 12 7:00 AM","22.4062699016153"
"Year 1 Mar 12 8:00 AM","50.6931867693921"
"Year 1 Mar 12 9:00 AM","73.81662961461"
"Year 1 Mar 12 10:00 AM","90.9487384406563"
"Year 1 Mar 12 11:00 AM","103.155808776896"
"Year 1 Mar 12 12:00 PM","109.294420454189"
"Year 1 Mar 12 1:00 PM","108.600331781611"
"Year 1 Mar 12 2:00 PM","103.849780481275"
"Year 1 Mar 12 3:00 PM","115.43048966109"
"Year 1 Mar 12 4:00 PM","139.067727960631"
"Year 1 Mar 12 5:00 PM","69.9013361574599"
"Year 1 Mar 12 6:00 PM","21.9334083715021"
"Year 1 Mar 12 7:00 PM","0"
"Year 1 Mar 12 8:00 PM","0"
"Year 1 Mar 12 9:00 PM","0"
"Year 1 Mar 12 10:00 PM","0"
"Year 1 Mar 12 11:00 PM","0"
"Year 1 Mar 13 12:00 AM","0"
"Year 1 Mar 13 1:00 AM","0"
"Year 1 Mar 13 2:00 AM","0"
"Year 1 Mar 13 3:00 AM","0"
"Year 1 Mar 13 4:00 AM","0"
"Year 1 Mar 13 5:00 AM","0"
"Year 1 Mar 13 6:00 AM","0"
"Year 1 Mar 13 7:00 AM","13.5623957754046"
"Year 1 Mar 13 8:00 AM","41.4288128810202"
"Year 1 Mar 13 9:00 AM","98.7734119105211"
"Year 1 Mar 13 10:00 AM","130.222601771921"
"Year 1 Mar 13 11:00 AM","121.660720921219"
"Year 1 Mar 13 12:00 PM","123.990667812551"
"Year 1 Mar 13 1:00 PM","125.525790946021"
"Year 1 Mar 13 2:00 PM","129.547054046842"
"Year 1 Mar 13 3:00 PM","175.916938050425"
"Year 1 Mar 13 4:00 PM","118.131604927477"
"Year 1 Mar 13 5:00 PM","59.0363399811507"
"Year 1 Mar 13 6:00 PM","8.67204721950482"
"Year 1 Mar 13 7:00 PM","0"
"Year 1 Mar 13 8:00 PM","0"
"Year 1 Mar 13 9:00 PM","0"
"Year 1 Mar 13 10:00 PM","0"
"Year 1 Mar 13 11:00 PM","0"
"Year 1 Mar 14 12:00 AM","0"
"Year 1 Mar 14 1:00 AM","0"
"Year 1 Mar 14 2:00 AM","0"
"Year 1 Mar 14 3:00 AM","0"
"Year 1 Mar 14 4:00 AM","0"
"Year 1 Mar 14 5:00 AM","0"
"Year 1 Mar 14 6:00 AM","0"
"Year 1 Mar 14 7:00 AM","17.9443491362901"
"Year 1 Mar 14 8:00 AM","34.7145318997937"
"Year 1 Mar 14 9:00 AM","55.8120759117577"
"Year 1 Mar 14 10:00 AM","94.4436134185198"
"Year 1 Mar 14 11:00 AM","104.545370708689"
"Year 1 Mar 14 12:00 PM","141.936428662558"
"Year 1 Mar 14 1:00 PM","225.333711571038"
"Year 1 Mar 14 2:00 PM","192.393937514178"
"Year 1 Mar 14 3:00 PM","151.060646561961"
"Year 1 Mar 14 4:00 PM","104.395525189152"
"Year 1 Mar 14 5:00 PM","56.4459316443766"
"Year 1 Mar 14 6:00 PM","19.1918132450865"
"Year 1 Mar 14 7:00 PM","0"
"Year 1 Mar 14 8:00 PM","0"
"Year 1 Mar 14 9:00 PM","0"
"Year 1 Mar 14 10:00 PM","0"
"Year 1 Mar 14 11:00 PM","0"
"Year 1 Mar 15 12:00 AM","0"
"Year 1 Mar 15 1:00 AM","0"
"Year 1 Mar 15 2:00 AM","0"
"Year 1 Mar 15 3:00 AM","0"
"Year 1 Mar 15 4:00 AM","0"
"Year 1 Mar 15 5:00 AM","0"
"Year 1 Mar 15 6:00 AM","0"
"Year 1 Mar 15 7:00 AM","19.0812954667731"
"Year 1 Mar 15 8:00 AM","38.3610007277962"
"Year 1 Mar 15 9:00 AM","53.0036753025901"
"Year 1 Mar 15 10:00 AM","64.5550764822733"
"Year 1 Mar 15 11:00 AM","72.4852708515578"
"Year 1 Mar 15 12:00 PM","76.537264545167"
"Year 1 Mar 15 1:00 PM","75.9549432060461"
"Year 1 Mar 15 2:00 PM","70.8695288959373"
"Year 1 Mar 15 3:00 PM","61.9622399139099"
"Year 1 Mar 15 4:00 PM","50.0225019838263"
"Year 1 Mar 15 5:00 PM","34.6377131464081"
"Year 1 Mar 15 6:00 PM","13.4934811952647"
"Year 1 Mar 15 7:00 PM","0"
"Year 1 Mar 15 8:00 PM","0"
"Year 1 Mar 15 9:00 PM","0"
"Year 1 Mar 15 10:00 PM","0"
"Year 1 Mar 15 11:00 PM","0"
"Year 1 Mar 16 12:00 AM","0"
"Year 1 Mar 16 1:00 AM","0"
"Year 1 Mar 16 2:00 AM","0"
"Year 1 Mar 16 3:00 AM","0"
"Year 1 Mar 16 4:00 AM","0"
"Year 1 Mar 16 5:00 AM","0"
"Year 1 Mar 16 6:00 AM","0"
"Year 1 Mar 16 7:00 AM","31.6999810378877"
"Year 1 Mar 16 8:00 AM","83.3002902854008"
"Year 1 Mar 16 9:00 AM","148.255485385859"
"Year 1 Mar 16 10:00 AM","213.150206461862"
"Year 1 Mar 16 11:00 AM","191.175769824446"
"Year 1 Mar 16 12:00 PM","233.804885161387"
"Year 1 Mar 16 1:00 PM","265.758288906842"
"Year 1 Mar 16 2:00 PM","215.145133796908"
"Year 1 Mar 16 3:00 PM","178.657726825744"
"Year 1 Mar 16 4:00 PM","123.273524365003"
"Year 1 Mar 16 5:00 PM","56.6902590654026"
"Year 1 Mar 16 6:00 PM","21.6137110692196"
"Year 1 Mar 16 7:00 PM","0"
"Year 1 Mar 16 8:00 PM","0"
"Year 1 Mar 16 9:00 PM","0"
"Year 1 Mar 16 10:00 PM","0"
"Year 1 Mar 16 11:00 PM","0"
"Year 1 Mar 17 12:00 AM","0"
"Year 1 Mar 17 1:00 AM","0"
"Year 1 Mar 17 2:00 AM","0"
"Year 1 Mar 17 3:00 AM","0"
"Year 1 Mar 17 4:00 AM","0"
"Year 1 Mar 17 5:00 AM","0"
"Year 1 Mar 17 6:00 AM","0"
"Year 1 Mar 17 7:00 AM","24.4394031575942"
"Year 1 Mar 17 8:00 AM","63.4740932347684"
"Year 1 Mar 17 9:00 AM","129.949402318531"
"Year 1 Mar 17 10:00 AM","203.432783734015"
"Year 1 Mar 17 11:00 AM","188.251826768509"
"Year 1 Mar 17 12:00 PM","227.564153742919"
"Year 1 Mar 17 1:00 PM","257.230840148387"
"Year 1 Mar 17 2:00 PM","159.99424230657"
"Year 1 Mar 17 3:00 PM","100.475667669776"
"Year 1 Mar 17 4:00 PM","83.1872161022986"
"Year 1 Mar 17 5:00 PM","45.6725010792916"
"Year 1 Mar 17 6:00 PM","15.2266781034851"
"Year 1 Mar 17 7:00 PM","0"
"Year 1 Mar 17 8:00 PM","0"
"Year 1 Mar 17 9:00 PM","0"
"Year 1 Mar 17 10:00 PM","0"
"Year 1 Mar 17 11:00 PM","0"
"Year 1 Mar 18 12:00 AM","0"
"Year 1 Mar 18 1:00 AM","0"
"Year 1 Mar 18 2:00 AM","0"
"Year 1 Mar 18 3:00 AM","0"
"Year 1 Mar 18 4:00 AM","0"
"Year 1 Mar 18 5:00 AM","0"
"Year 1 Mar 18 6:00 AM","0"
"Year 1 Mar 18 7:00 AM","28.7497416650982"
"Year 1 Mar 18 8:00 AM","63.4733604608533"
"Year 1 Mar 18 9:00 AM","91.6959023604921"
"Year 1 Mar 18 10:00 AM","114.034087288451"
"Year 1 Mar 18 11:00 AM","126.844436615426"
"Year 1 Mar 18 12:00 PM","132.625010366497"
"Year 1 Mar 18 1:00 PM","131.704925731258"
"Year 1 Mar 18 2:00 PM","124.634829253814"
"Year 1 Mar 18 3:00 PM","109.080106527693"
"Year 1 Mar 18 4:00 PM","85.0459427980831"
"Year 1 Mar 18 5:00 PM","54.1850729831147"
"Year 1 Mar 18 6:00 PM","17.1339925006926"
"Year 1 Mar 18 7:00 PM","0"
"Year 1 Mar 18 8:00 PM","0"
"Year 1 Mar 18 9:00 PM","0"
"Year 1 Mar 18 10:00 PM","0"
"Year 1 Mar 18 11:00 PM","0"
"Year 1 Mar 19 12:00 AM","0"
"Year 1 Mar 19 1:00 AM","0"
"Year 1 Mar 19 2:00 AM","0"
"Year 1 Mar 19 3:00 AM","0"
"Year 1 Mar 19 4:00 AM","0"
"Year 1 Mar 19 5:00 AM","0"
"Year 1 Mar 19 6:00 AM","0"
"Year 1 Mar 19 7:00 AM","39.4090354062182"
"Year 1 Mar 19 8:00 AM","95.0322350907919"
"Year 1 Mar 19 9:00 AM","147.879611430256"
"Year 1 Mar 19 10:00 AM","209.847998835792"
"Year 1 Mar 19 11:00 AM","212.250279304603"
"Year 1 Mar 19 12:00 PM","200.27721736636"
"Year 1 Mar 19 1:00 PM","176.027687586635"
"Year 1 Mar 19 2:00 PM","145.655370827502"
"Year 1 Mar 19 3:00 PM","121.256906561054"
"Year 1 Mar 19 4:00 PM","97.5066951591559"
"Year 1 Mar 19 5:00 PM","59.1958245967583"
"Year 1 Mar 19 6:00 PM","17.9897861032997"
"Year 1 Mar 19 7:00 PM","0"
"Year 1 Mar 19 8:00 PM","0"
"Year 1 Mar 19 9:00 PM","0"
"Year 1 Mar 19 10:00 PM","0"
"Year 1 Mar 19 11:00 PM","0"
"Year 1 Mar 20 12:00 AM","0"
"Year 1 Mar 20 1:00 AM","0"
"Year 1 Mar 20 2:00 AM","0"
"Year 1 Mar 20 3:00 AM","0"
"Year 1 Mar 20 4:00 AM","0"
"Year 1 Mar 20 5:00 AM","0"
"Year 1 Mar 20 6:00 AM","0"
"Year 1 Mar 20 7:00 AM","29.084794740385"
"Year 1 Mar 20 8:00 AM","62.0845950354376"
"Year 1 Mar 20 9:00 AM","89.0812307098216"
"Year 1 Mar 20 10:00 AM","114.432055055211"
"Year 1 Mar 20 11:00 AM","140.062520424279"
"Year 1 Mar 20 12:00 PM","158.387954002407"
"Year 1 Mar 20 1:00 PM","157.806297622293"
"Year 1 Mar 20 2:00 PM","155.040790750382"
"Year 1 Mar 20 3:00 PM","162.523456401752"
"Year 1 Mar 20 4:00 PM","114.386688001814"
"Year 1 Mar 20 5:00 PM","76.2522226923854"
"Year 1 Mar 20 6:00 PM","24.445353113008"
"Year 1 Mar 20 7:00 PM","0"
"Year 1 Mar 20 8:00 PM","0"
"Year 1 Mar 20 9:00 PM","0"
"Year 1 Mar 20 10:00 PM","0"
"Year 1 Mar 20 11:00 PM","0"
"Year 1 Mar 21 12:00 AM","0"
"Year 1 Mar 21 1:00 AM","0"
"Year 1 Mar 21 2:00 AM","0"
"Year 1 Mar 21 3:00 AM","0"
"Year 1 Mar 21 4:00 AM","0"
"Year 1 Mar 21 5:00 AM","0"
"Year 1 Mar 21 6:00 AM","2.46842722939272"
"Year 1 Mar 21 7:00 AM","26.7216142919327"
"Year 1 Mar 21 8:00 AM","53.6301316365947"
"Year 1 Mar 21 9:00 AM","74.0461790484789"
"Year 1 Mar 21 10:00 AM","93.502678027195"
"Year 1 Mar 21 11:00 AM","105.661645516327"
"Year 1 Mar 21 12:00 PM","101.521527161093"
"Year 1 Mar 21 1:00 PM","126.049197361211"
"Year 1 Mar 21 2:00 PM","158.397410623933"
"Year 1 Mar 21 3:00 PM","153.154540830301"
"Year 1 Mar 21 4:00 PM","122.160217277589"
"Year 1 Mar 21 5:00 PM","86.2498350693517"
"Year 1 Mar 21 6:00 PM","24.1868567365319"
"Year 1 Mar 21 7:00 PM","0"
"Year 1 Mar 21 8:00 PM","0"
"Year 1 Mar 21 9:00 PM","0"
"Year 1 Mar 21 10:00 PM","0"
"Year 1 Mar 21 11:00 PM","0"
"Year 1 Mar 22 12:00 AM","0"
"Year 1 Mar 22 1:00 AM","0"
"Year 1 Mar 22 2:00 AM","0"
"Year 1 Mar 22 3:00 AM","0"
"Year 1 Mar 22 4:00 AM","0"
"Year 1 Mar 22 5:00 AM","0"
"Year 1 Mar 22 6:00 AM","3.68439573772169"
"Year 1 Mar 22 7:00 AM","36.8306349408919"
"Year 1 Mar 22 8:00 AM","80.2637598901151"
"Year 1 Mar 22 9:00 AM","108.215086252537"
"Year 1 Mar 22 10:00 AM","154.904841672696"
"Year 1 Mar 22 11:00 AM","192.900263221089"
"Year 1 Mar 22 12:00 PM","232.136405116679"
"Year 1 Mar 22 1:00 PM","229.850399628084"
"Year 1 Mar 22 2:00 PM","229.552275495194"
"Year 1 Mar 22 3:00 PM","160.172510573378"
"Year 1 Mar 22 4:00 PM","103.660183360368"
"Year 1 Mar 22 5:00 PM","60.8551847752747"
"Year 1 Mar 22 6:00 PM","20.1083028984675"
"Year 1 Mar 22 7:00 PM","0"
"Year 1 Mar 22 8:00 PM","0"
"Year 1 Mar 22 9:00 PM","0"
"Year 1 Mar 22 10:00 PM","0"
"Year 1 Mar 22 11:00 PM","0"
"Year 1 Mar 23 12:00 AM","0"
"Year 1 Mar 23 1:00 AM","0"
"Year 1 Mar 23 2:00 AM","0"
"Year 1 Mar 23 3:00 AM","0"
"Year 1 Mar 23 4:00 AM","0"
"Year 1 Mar 23 5:00 AM","0"
"Year 1 Mar 23 6:00 AM","2.78297734480687"
"Year 1 Mar 23 7:00 AM","30.9923026609736"
"Year 1 Mar 23 8:00 AM","78.1587491533303"
"Year 1 Mar 23 9:00 AM","112.053205687627"
"Year 1 Mar 23 10:00 AM","206.63406705452"
"Year 1 Mar 23 11:00 AM","159.234981273351"
"Year 1 Mar 23 12:00 PM","165.064088159902"
"Year 1 Mar 23 1:00 PM","171.340378965081"
"Year 1 Mar 23 2:00 PM","151.143957801115"
"Year 1 Mar 23 3:00 PM","137.734494170189"
"Year 1 Mar 23 4:00 PM","146.998197132563"
"Year 1 Mar 23 5:00 PM","57.6095479181308"
"Year 1 Mar 23 6:00 PM","17.3384870223093"
"Year 1 Mar 23 7:00 PM","0"
"Year 1 Mar 23 8:00 PM","0"
"Year 1 Mar 23 9:00 PM","0"
"Year 1 Mar 23 10:00 PM","0"
"Year 1 Mar 23 11:00 PM","0"
"Year 1 Mar 24 12:00 AM","0"
"Year 1 Mar 24 1:00 AM","0"
"Year 1 Mar 24 2:00 AM","0"
"Year 1 Mar 24 3:00 AM","0"
"Year 1 Mar 24 4:00 AM","0"
"Year 1 Mar 24 5:00 AM","0"
"Year 1 Mar 24 6:00 AM","2.26991596280575"
"Year 1 Mar 24 7:00 AM","22.125"
"Year 1 Mar 24 8:00 AM","55.5909857338629"
"Year 1 Mar 24 9:00 AM","114.254444753864"
"Year 1 Mar 24 10:00 AM","195.301933338596"
"Year 1 Mar 24 11:00 AM","166.452371657094"
"Year 1 Mar 24 12:00 PM","183.802583369639"
"Year 1 Mar 24 1:00 PM","255.41179229239"
"Year 1 Mar 24 2:00 PM","164.35536307245"
"Year 1 Mar 24 3:00 PM","132.683394252746"
"Year 1 Mar 24 4:00 PM","131.058793307001"
"Year 1 Mar 24 5:00 PM","74.8574318350331"
"Year 1 Mar 24 6:00 PM","25.2705196895865"
"Year 1 Mar 24 7:00 PM","0"
"Year 1 Mar 24 8:00 PM","0"
"Year 1 Mar 24 9:00 PM","0"
"Year 1 Mar 24 10:00 PM","0"
"Year 1 Mar 24 11:00 PM","0"
"Year 1 Mar 25 12:00 AM","0"
"Year 1 Mar 25 1:00 AM","0"
"Year 1 Mar 25 2:00 AM","0"
"Year 1 Mar 25 3:00 AM","0"
"Year 1 Mar 25 4:00 AM","0"
"Year 1 Mar 25 5:00 AM","0"
"Year 1 Mar 25 6:00 AM","4.38527150301131"
"Year 1 Mar 25 7:00 AM","43.1632906797801"
"Year 1 Mar 25 8:00 AM","111.421900231964"
"Year 1 Mar 25 9:00 AM","188.754729155705"
"Year 1 Mar 25 10:00 AM","226.328632822395"
"Year 1 Mar 25 11:00 AM","264.408447215807"
"Year 1 Mar 25 12:00 PM","290.434173233692"
"Year 1 Mar 25 1:00 PM","295.570876754028"
"Year 1 Mar 25 2:00 PM","265.9213749419"
"Year 1 Mar 25 3:00 PM","213.613815743498"
"Year 1 Mar 25 4:00 PM","165.539277711246"
"Year 1 Mar 25 5:00 PM","91.8500355965269"
"Year 1 Mar 25 6:00 PM","28.4517067433017"
"Year 1 Mar 25 7:00 PM","0"
"Year 1 Mar 25 8:00 PM","0"
"Year 1 Mar 25 9:00 PM","0"
"Year 1 Mar 25 10:00 PM","0"
"Year 1 Mar 25 11:00 PM","0"
"Year 1 Mar 26 12:00 AM","0"
"Year 1 Mar 26 1:00 AM","0"
"Year 1 Mar 26 2:00 AM","0"
"Year 1 Mar 26 3:00 AM","0"
"Year 1 Mar 26 4:00 AM","0"
"Year 1 Mar 26 5:00 AM","0"
"Year 1 Mar 26 6:00 AM","4.28211491992464"
"Year 1 Mar 26 7:00 AM","37.32560499483"
"Year 1 Mar 26 8:00 AM","69.3465991612898"
"Year 1 Mar 26 9:00 AM","96.728921746522"
"Year 1 Mar 26 10:00 AM","120.015566957597"
"Year 1 Mar 26 11:00 AM","150.788559275551"
"Year 1 Mar 26 12:00 PM","199.155835440397"
"Year 1 Mar 26 1:00 PM","211.147001443248"
"Year 1 Mar 26 2:00 PM","198.349334878471"
"Year 1 Mar 26 3:00 PM","157.904194796089"
"Year 1 Mar 26 4:00 PM","136.221323616886"
"Year 1 Mar 26 5:00 PM","71.9867534356681"
"Year 1 Mar 26 6:00 PM","30.1552442675309"
"Year 1 Mar 26 7:00 PM","0"
"Year 1 Mar 26 8:00 PM","0"
"Year 1 Mar 26 9:00 PM","0"
"Year 1 Mar 26 10:00 PM","0"
"Year 1 Mar 26 11:00 PM","0"
"Year 1 Mar 27 12:00 AM","0"
"Year 1 Mar 27 1:00 AM","0"
"Year 1 Mar 27 2:00 AM","0"
"Year 1 Mar 27 3:00 AM","0"
"Year 1 Mar 27 4:00 AM","0"
"Year 1 Mar 27 5:00 AM","0"
"Year 1 Mar 27 6:00 AM","1.6875"
"Year 1 Mar 27 7:00 AM","26.1362552301207"
"Year 1 Mar 27 8:00 AM","79.5869491313299"
"Year 1 Mar 27 9:00 AM","80.2889463603421"
"Year 1 Mar 27 10:00 AM","119.760253260181"
"Year 1 Mar 27 11:00 AM","207.828849270548"
"Year 1 Mar 27 12:00 PM","221.999430069893"
"Year 1 Mar 27 1:00 PM","183.252703892254"
"Year 1 Mar 27 2:00 PM","217.642046916053"
"Year 1 Mar 27 3:00 PM","229.414826260589"
"Year 1 Mar 27 4:00 PM","139.342091402155"
"Year 1 Mar 27 5:00 PM","80.5057734848938"
"Year 1 Mar 27 6:00 PM","34.0832809541288"
"Year 1 Mar 27 7:00 PM","0"
"Year 1 Mar 27 8:00 PM","0"
"Year 1 Mar 27 9:00 PM","0"
"Year 1 Mar 27 10:00 PM","0"
"Year 1 Mar 27 11:00 PM","0"
"Year 1 Mar 28 12:00 AM","0"
"Year 1 Mar 28 1:00 AM","0"
"Year 1 Mar 28 2:00 AM","0"
"Year 1 Mar 28 3:00 AM","0"
"Year 1 Mar 28 4:00 AM","0"
"Year 1 Mar 28 5:00 AM","0"
"Year 1 Mar 28 6:00 AM","2.74228135616413"
"Year 1 Mar 28 7:00 AM","32.7365343662189"
"Year 1 Mar 28 8:00 AM","79.1680172696738"
"Year 1 Mar 28 9:00 AM","67.9827990488737"
"Year 1 Mar 28 10:00 AM","114.686121560975"
"Year 1 Mar 28 11:00 AM","222.443328440643"
"Year 1 Mar 28 12:00 PM","227.518987652944"
"Year 1 Mar 28 1:00 PM","250.321168745162"
"Year 1 Mar 28 2:00 PM","196.894983946634"
"Year 1 Mar 28 3:00 PM","135.587027170958"
"Year 1 Mar 28 4:00 PM","133.038066910828"
"Year 1 Mar 28 5:00 PM","51.6801294651674"
"Year 1 Mar 28 6:00 PM","16.4722090258195"
"Year 1 Mar 28 7:00 PM","0"
"Year 1 Mar 28 8:00 PM","0"
"Year 1 Mar 28 9:00 PM","0"
"Year 1 Mar 28 10:00 PM","0"
"Year 1 Mar 28 11:00 PM","0"
"Year 1 Mar 29 12:00 AM","0"
"Year 1 Mar 29 1:00 AM","0"
"Year 1 Mar 29 2:00 AM","0"
"Year 1 Mar 29 3:00 AM","0"
"Year 1 Mar 29 4:00 AM","0"
"Year 1 Mar 29 5:00 AM","0"
"Year 1 Mar 29 6:00 AM","6.03353136578623"
"Year 1 Mar 29 7:00 AM","50.5795316693438"
"Year 1 Mar 29 8:00 AM","99.910212259164"
"Year 1 Mar 29 9:00 AM","175.964470691074"
"Year 1 Mar 29 10:00 AM","206.086947202934"
"Year 1 Mar 29 11:00 AM","256.936374892645"
"Year 1 Mar 29 12:00 PM","278.1275692778"
"Year 1 Mar 29 1:00 PM","280.146680149596"
"Year 1 Mar 29 2:00 PM","239.92589231968"
"Year 1 Mar 29 3:00 PM","215.189969281332"
"Year 1 Mar 29 4:00 PM","116.348799520519"
"Year 1 Mar 29 5:00 PM","84.4246968738433"
"Year 1 Mar 29 6:00 PM","29.8576437117927"
"Year 1 Mar 29 7:00 PM","0"
"Year 1 Mar 29 8:00 PM","0"
"Year 1 Mar 29 9:00 PM","0"
"Year 1 Mar 29 10:00 PM","0"
"Year 1 Mar 29 11:00 PM","0"
"Year 1 Mar 30 12:00 AM","0"
"Year 1 Mar 30 1:00 AM","0"
"Year 1 Mar 30 2:00 AM","0"
"Year 1 Mar 30 3:00 AM","0"
"Year 1 Mar 30 4:00 AM","0"
"Year 1 Mar 30 5:00 AM","0"
"Year 1 Mar 30 6:00 AM","8.05499730347038"
"Year 1 Mar 30 7:00 AM","48.0468868512238"
"Year 1 Mar 30 8:00 AM","115.100547578798"
"Year 1 Mar 30 9:00 AM","180.676471965219"
"Year 1 Mar 30 10:00 AM","232.630742505291"
"Year 1 Mar 30 11:00 AM","280.630590527247"
"Year 1 Mar 30 12:00 PM","316.044318587198"
"Year 1 Mar 30 1:00 PM","298.060191014358"
"Year 1 Mar 30 2:00 PM","267.454725367634"
"Year 1 Mar 30 3:00 PM","236.249236541992"
"Year 1 Mar 30 4:00 PM","164.563729286522"
"Year 1 Mar 30 5:00 PM","98.8426015600498"
"Year 1 Mar 30 6:00 PM","34.2449148041684"
"Year 1 Mar 30 7:00 PM","0"
"Year 1 Mar 30 8:00 PM","0"
"Year 1 Mar 30 9:00 PM","0"
"Year 1 Mar 30 10:00 PM","0"
"Year 1 Mar 30 11:00 PM","0"
"Year 1 Mar 31 12:00 AM","0"
"Year 1 Mar 31 1:00 AM","0"
"Year 1 Mar 31 2:00 AM","0"
"Year 1 Mar 31 3:00 AM","0"
"Year 1 Mar 31 4:00 AM","0"
"Year 1 Mar 31 5:00 AM","0"
"Year 1 Mar 31 6:00 AM","5.61940515788053"
"Year 1 Mar 31 7:00 AM","31.6150532735271"
"Year 1 Mar 31 8:00 AM","74.0653356152626"
"Year 1 Mar 31 9:00 AM","130.390364864386"
"Year 1 Mar 31 10:00 AM","229.565082210681"
"Year 1 Mar 31 11:00 AM","274.210525080948"
"Year 1 Mar 31 12:00 PM","267.631718875632"
"Year 1 Mar 31 1:00 PM","176.241778955303"
"Year 1 Mar 31 2:00 PM","168.780272399983"
"Year 1 Mar 31 3:00 PM","193.864752127596"
"Year 1 Mar 31 4:00 PM","96.0452446392442"
"Year 1 Mar 31 5:00 PM","52.4107159765324"
"Year 1 Mar 31 6:00 PM","20.1418835802925"
"Year 1 Mar 31 7:00 PM","0"
"Year 1 Mar 31 8:00 PM","0"
"Year 1 Mar 31 9:00 PM","0"
"Year 1 Mar 31 10:00 PM","0"
"Year 1 Mar 31 11:00 PM","0"
"Year 1 Apr 01 12:00 AM","0"
"Year 1 Apr 01 1:00 AM","0"
"Year 1 Apr 01 2:00 AM","0"
"Year 1 Apr 01 3:00 AM","0"
"Year 1 Apr 01 4:00 AM","0"
"Year 1 Apr 01 5:00 AM","0"
"Year 1 Apr 01 6:00 AM","12.7358056737871"
"Year 1 Apr 01 7:00 AM","70.9082956566925"
"Year 1 Apr 01 8:00 AM","111.201236468039"
"Year 1 Apr 01 9:00 AM","165.232309893588"
"Year 1 Apr 01 10:00 AM","242.638821440927"
"Year 1 Apr 01 11:00 AM","234.095366902753"
"Year 1 Apr 01 12:00 PM","186.989070029645"
"Year 1 Apr 01 1:00 PM","129.911226344812"
"Year 1 Apr 01 2:00 PM","115.88389922137"
"Year 1 Apr 01 3:00 PM","93.2364422937504"
"Year 1 Apr 01 4:00 PM","62.8502519607852"
"Year 1 Apr 01 5:00 PM","51.5685335289817"
"Year 1 Apr 01 6:00 PM","25.0820875699535"
"Year 1 Apr 01 7:00 PM","0"
"Year 1 Apr 01 8:00 PM","0"
"Year 1 Apr 01 9:00 PM","0"
"Year 1 Apr 01 10:00 PM","0"
"Year 1 Apr 01 11:00 PM","0"
"Year 1 Apr 02 12:00 AM","0"
"Year 1 Apr 02 1:00 AM","0"
"Year 1 Apr 02 2:00 AM","0"
"Year 1 Apr 02 3:00 AM","0"
"Year 1 Apr 02 4:00 AM","0"
"Year 1 Apr 02 5:00 AM","0"
"Year 1 Apr 02 6:00 AM","7.25178410531004"
"Year 1 Apr 02 7:00 AM","36.059702772299"
"Year 1 Apr 02 8:00 AM","68.2743146941241"
"Year 1 Apr 02 9:00 AM","195.979342604024"
"Year 1 Apr 02 10:00 AM","213.977233576965"
"Year 1 Apr 02 11:00 AM","230.815396306226"
"Year 1 Apr 02 12:00 PM","166.893124703456"
"Year 1 Apr 02 1:00 PM","228.931844544639"
"Year 1 Apr 02 2:00 PM","172.011117811972"
"Year 1 Apr 02 3:00 PM","122.900296182931"
"Year 1 Apr 02 4:00 PM","75.2900209852254"
"Year 1 Apr 02 5:00 PM","41.296875"
"Year 1 Apr 02 6:00 PM","13.5"
"Year 1 Apr 02 7:00 PM","0"
"Year 1 Apr 02 8:00 PM","0"
"Year 1 Apr 02 9:00 PM","0"
"Year 1 Apr 02 10:00 PM","0"
"Year 1 Apr 02 11:00 PM","0"
"Year 1 Apr 03 12:00 AM","0"
"Year 1 Apr 03 1:00 AM","0"
"Year 1 Apr 03 2:00 AM","0"
"Year 1 Apr 03 3:00 AM","0"
"Year 1 Apr 03 4:00 AM","0"
"Year 1 Apr 03 5:00 AM","0"
"Year 1 Apr 03 6:00 AM","15.6036793124939"
"Year 1 Apr 03 7:00 AM","76.8731707370434"
"Year 1 Apr 03 8:00 AM","84.5875445301543"
"Year 1 Apr 03 9:00 AM","120.06168391004"
"Year 1 Apr 03 10:00 AM","152.912601656613"
"Year 1 Apr 03 11:00 AM","177.083987274334"
"Year 1 Apr 03 12:00 PM","194.586969861386"
"Year 1 Apr 03 1:00 PM","197.794638922227"
"Year 1 Apr 03 2:00 PM","264.693167492583"
"Year 1 Apr 03 3:00 PM","207.537493625431"
"Year 1 Apr 03 4:00 PM","157.022485796664"
"Year 1 Apr 03 5:00 PM","95.9755158260389"
"Year 1 Apr 03 6:00 PM","38.1104046327268"
"Year 1 Apr 03 7:00 PM","0"
"Year 1 Apr 03 8:00 PM","0"
"Year 1 Apr 03 9:00 PM","0"
"Year 1 Apr 03 10:00 PM","0"
"Year 1 Apr 03 11:00 PM","0"
"Year 1 Apr 04 12:00 AM","0"
"Year 1 Apr 04 1:00 AM","0"
"Year 1 Apr 04 2:00 AM","0"
"Year 1 Apr 04 3:00 AM","0"
"Year 1 Apr 04 4:00 AM","0"
"Year 1 Apr 04 5:00 AM","0"
"Year 1 Apr 04 6:00 AM","14.7883104614794"
"Year 1 Apr 04 7:00 AM","84.3039400735854"
"Year 1 Apr 04 8:00 AM","139.864290534007"
"Year 1 Apr 04 9:00 AM","204.857283150124"
"Year 1 Apr 04 10:00 AM","241.36536095245"
"Year 1 Apr 04 11:00 AM","178.541136459504"
"Year 1 Apr 04 12:00 PM","145.015893736756"
"Year 1 Apr 04 1:00 PM","139.16511905566"
"Year 1 Apr 04 2:00 PM","127.27619199262"
"Year 1 Apr 04 3:00 PM","96.4182162915437"
"Year 1 Apr 04 4:00 PM","73.6630703740967"
"Year 1 Apr 04 5:00 PM","58.8750156778562"
"Year 1 Apr 04 6:00 PM","26.1286895038769"
"Year 1 Apr 04 7:00 PM","0"
"Year 1 Apr 04 8:00 PM","0"
"Year 1 Apr 04 9:00 PM","0"
"Year 1 Apr 04 10:00 PM","0"
"Year 1 Apr 04 11:00 PM","0"
"Year 1 Apr 05 12:00 AM","0"
"Year 1 Apr 05 1:00 AM","0"
"Year 1 Apr 05 2:00 AM","0"
"Year 1 Apr 05 3:00 AM","0"
"Year 1 Apr 05 4:00 AM","0"
"Year 1 Apr 05 5:00 AM","0"
"Year 1 Apr 05 6:00 AM","13.7990215002223"
"Year 1 Apr 05 7:00 AM","81.5209766016057"
"Year 1 Apr 05 8:00 AM","146.244865394045"
"Year 1 Apr 05 9:00 AM","215.301546477721"
"Year 1 Apr 05 10:00 AM","268.6022514768"
"Year 1 Apr 05 11:00 AM","269.376588244145"
"Year 1 Apr 05 12:00 PM","263.142868314978"
"Year 1 Apr 05 1:00 PM","254.410388730377"
"Year 1 Apr 05 2:00 PM","137.627395862513"
"Year 1 Apr 05 3:00 PM","105.245646651529"
"Year 1 Apr 05 4:00 PM","139.083062593104"
"Year 1 Apr 05 5:00 PM","80.7926330219932"
"Year 1 Apr 05 6:00 PM","44.7028690157774"
"Year 1 Apr 05 7:00 PM","2.51134992587453"
"Year 1 Apr 05 8:00 PM","0"
"Year 1 Apr 05 9:00 PM","0"
"Year 1 Apr 05 10:00 PM","0"
"Year 1 Apr 05 11:00 PM","0"
"Year 1 Apr 06 12:00 AM","0"
"Year 1 Apr 06 1:00 AM","0"
"Year 1 Apr 06 2:00 AM","0"
"Year 1 Apr 06 3:00 AM","0"
"Year 1 Apr 06 4:00 AM","0"
"Year 1 Apr 06 5:00 AM","0"
"Year 1 Apr 06 6:00 AM","14.1861028484311"
"Year 1 Apr 06 7:00 AM","76.9455630896567"
"Year 1 Apr 06 8:00 AM","116.132161457993"
"Year 1 Apr 06 9:00 AM","152.909255260836"
"Year 1 Apr 06 10:00 AM","167.41966322984"
"Year 1 Apr 06 11:00 AM","192.863385262562"
"Year 1 Apr 06 12:00 PM","228.587569206577"
"Year 1 Apr 06 1:00 PM","192.255790711658"
"Year 1 Apr 06 2:00 PM","173.466847100292"
"Year 1 Apr 06 3:00 PM","153.027856633636"
"Year 1 Apr 06 4:00 PM","140.036023171661"
"Year 1 Apr 06 5:00 PM","96.4693383074637"
"Year 1 Apr 06 6:00 PM","39.4171987161224"
"Year 1 Apr 06 7:00 PM","2.07446226199108"
"Year 1 Apr 06 8:00 PM","0"
"Year 1 Apr 06 9:00 PM","0"
"Year 1 Apr 06 10:00 PM","0"
"Year 1 Apr 06 11:00 PM","0"
"Year 1 Apr 07 12:00 AM","0"
"Year 1 Apr 07 1:00 AM","0"
"Year 1 Apr 07 2:00 AM","0"
"Year 1 Apr 07 3:00 AM","0"
"Year 1 Apr 07 4:00 AM","0"
"Year 1 Apr 07 5:00 AM","0"
"Year 1 Apr 07 6:00 AM","6.703125"
"Year 1 Apr 07 7:00 AM","33.9575984563296"
"Year 1 Apr 07 8:00 AM","47.15625"
"Year 1 Apr 07 9:00 AM","72.4121012967245"
"Year 1 Apr 07 10:00 AM","95.5004334276047"
"Year 1 Apr 07 11:00 AM","105.57896617618"
"Year 1 Apr 07 12:00 PM","118.405696749828"
"Year 1 Apr 07 1:00 PM","119.771343508499"
"Year 1 Apr 07 2:00 PM","123.041021344433"
"Year 1 Apr 07 3:00 PM","105.456011677828"
"Year 1 Apr 07 4:00 PM","97.4547981181784"
"Year 1 Apr 07 5:00 PM","52.9381538987158"
"Year 1 Apr 07 6:00 PM","28.2640227611737"
"Year 1 Apr 07 7:00 PM","1.98144921216457"
"Year 1 Apr 07 8:00 PM","0"
"Year 1 Apr 07 9:00 PM","0"
"Year 1 Apr 07 10:00 PM","0"
"Year 1 Apr 07 11:00 PM","0"
"Year 1 Apr 08 12:00 AM","0"
"Year 1 Apr 08 1:00 AM","0"
"Year 1 Apr 08 2:00 AM","0"
"Year 1 Apr 08 3:00 AM","0"
"Year 1 Apr 08 4:00 AM","0"
"Year 1 Apr 08 5:00 AM","0"
"Year 1 Apr 08 6:00 AM","8.1727989254181"
"Year 1 Apr 08 7:00 AM","41.1493260622771"
"Year 1 Apr 08 8:00 AM","56.4482549016865"
"Year 1 Apr 08 9:00 AM","74.3611088566089"
"Year 1 Apr 08 10:00 AM","83.9634361132447"
"Year 1 Apr 08 11:00 AM","97.5451053765798"
"Year 1 Apr 08 12:00 PM","100.942804937281"
"Year 1 Apr 08 1:00 PM","103.838694800252"
"Year 1 Apr 08 2:00 PM","102.000098307688"
"Year 1 Apr 08 3:00 PM","86.5595540408223"
"Year 1 Apr 08 4:00 PM","76.1475390152055"
"Year 1 Apr 08 5:00 PM","43.40625"
"Year 1 Apr 08 6:00 PM","18.609375"
"Year 1 Apr 08 7:00 PM","1.3125"
"Year 1 Apr 08 8:00 PM","0"
"Year 1 Apr 08 9:00 PM","0"
"Year 1 Apr 08 10:00 PM","0"
"Year 1 Apr 08 11:00 PM","0"
"Year 1 Apr 09 12:00 AM","0"
"Year 1 Apr 09 1:00 AM","0"
"Year 1 Apr 09 2:00 AM","0"
"Year 1 Apr 09 3:00 AM","0"
"Year 1 Apr 09 4:00 AM","0"
"Year 1 Apr 09 5:00 AM","0"
"Year 1 Apr 09 6:00 AM","17.4782879522837"
"Year 1 Apr 09 7:00 AM","80.4206280045641"
"Year 1 Apr 09 8:00 AM","78.2431630048946"
"Year 1 Apr 09 9:00 AM","87.6028820520701"
"Year 1 Apr 09 10:00 AM","88.3438588691702"
"Year 1 Apr 09 11:00 AM","101.319724061705"
"Year 1 Apr 09 12:00 PM","147.539437426041"
"Year 1 Apr 09 1:00 PM","260.697501477353"
"Year 1 Apr 09 2:00 PM","226.604371499551"
"Year 1 Apr 09 3:00 PM","157.209745563967"
"Year 1 Apr 09 4:00 PM","155.136328265009"
"Year 1 Apr 09 5:00 PM","111.197578027702"
"Year 1 Apr 09 6:00 PM","47.7486075490389"
"Year 1 Apr 09 7:00 PM","2.6040540491849"
"Year 1 Apr 09 8:00 PM","0"
"Year 1 Apr 09 9:00 PM","0"
"Year 1 Apr 09 10:00 PM","0"
"Year 1 Apr 09 11:00 PM","0"
"Year 1 Apr 10 12:00 AM","0"
"Year 1 Apr 10 1:00 AM","0"
"Year 1 Apr 10 2:00 AM","0"
"Year 1 Apr 10 3:00 AM","0"
"Year 1 Apr 10 4:00 AM","0"
"Year 1 Apr 10 5:00 AM","0"
"Year 1 Apr 10 6:00 AM","15.8377996348308"
"Year 1 Apr 10 7:00 AM","80.826036514719"
"Year 1 Apr 10 8:00 AM","118.277428668174"
"Year 1 Apr 10 9:00 AM","145.457616920494"
"Year 1 Apr 10 10:00 AM","163.075995768921"
"Year 1 Apr 10 11:00 AM","176.078557814254"
"Year 1 Apr 10 12:00 PM","193.496095443731"
"Year 1 Apr 10 1:00 PM","154.720669483534"
"Year 1 Apr 10 2:00 PM","142.881668191414"
"Year 1 Apr 10 3:00 PM","144.074989253457"
"Year 1 Apr 10 4:00 PM","121.403243345509"
"Year 1 Apr 10 5:00 PM","86.1877619195643"
"Year 1 Apr 10 6:00 PM","41.164443791345"
"Year 1 Apr 10 7:00 PM","2.28288890708403"
"Year 1 Apr 10 8:00 PM","0"
"Year 1 Apr 10 9:00 PM","0"
"Year 1 Apr 10 10:00 PM","0"
"Year 1 Apr 10 11:00 PM","0"
"Year 1 Apr 11 12:00 AM","0"
"Year 1 Apr 11 1:00 AM","0"
"Year 1 Apr 11 2:00 AM","0"
"Year 1 Apr 11 3:00 AM","0"
"Year 1 Apr 11 4:00 AM","0"
"Year 1 Apr 11 5:00 AM","0"
"Year 1 Apr 11 6:00 AM","16.8849818643709"
"Year 1 Apr 11 7:00 AM","83.5817987228668"
"Year 1 Apr 11 8:00 AM","136.47419051102"
"Year 1 Apr 11 9:00 AM","201.8718904581"
"Year 1 Apr 11 10:00 AM","189.733849821747"
"Year 1 Apr 11 11:00 AM","192.812696843582"
"Year 1 Apr 11 12:00 PM","243.484375166235"
"Year 1 Apr 11 1:00 PM","263.674886482371"
"Year 1 Apr 11 2:00 PM","227.387057445388"
"Year 1 Apr 11 3:00 PM","160.884859196971"
"Year 1 Apr 11 4:00 PM","125.594639973993"
"Year 1 Apr 11 5:00 PM","88.4783883371207"
"Year 1 Apr 11 6:00 PM","41.9501432227079"
"Year 1 Apr 11 7:00 PM","2.96246791312233"
"Year 1 Apr 11 8:00 PM","0"
"Year 1 Apr 11 9:00 PM","0"
"Year 1 Apr 11 10:00 PM","0"
"Year 1 Apr 11 11:00 PM","0"
"Year 1 Apr 12 12:00 AM","0"
"Year 1 Apr 12 1:00 AM","0"
"Year 1 Apr 12 2:00 AM","0"
"Year 1 Apr 12 3:00 AM","0"
"Year 1 Apr 12 4:00 AM","0"
"Year 1 Apr 12 5:00 AM","0"
"Year 1 Apr 12 6:00 AM","22.3695710198831"
"Year 1 Apr 12 7:00 AM","92.87572249433"
"Year 1 Apr 12 8:00 AM","85.8104466664798"
"Year 1 Apr 12 9:00 AM","144.579472604708"
"Year 1 Apr 12 10:00 AM","159.252501246041"
"Year 1 Apr 12 11:00 AM","177.491302146172"
"Year 1 Apr 12 12:00 PM","171.862891543624"
"Year 1 Apr 12 1:00 PM","166.563182745327"
"Year 1 Apr 12 2:00 PM","152.808455471658"
"Year 1 Apr 12 3:00 PM","134.112241016159"
"Year 1 Apr 12 4:00 PM","112.401367672468"
"Year 1 Apr 12 5:00 PM","48.4708287050286"
"Year 1 Apr 12 6:00 PM","14.953125"
"Year 1 Apr 12 7:00 PM","0.984375"
"Year 1 Apr 12 8:00 PM","0"
"Year 1 Apr 12 9:00 PM","0"
"Year 1 Apr 12 10:00 PM","0"
"Year 1 Apr 12 11:00 PM","0"
"Year 1 Apr 13 12:00 AM","0"
"Year 1 Apr 13 1:00 AM","0"
"Year 1 Apr 13 2:00 AM","0"
"Year 1 Apr 13 3:00 AM","0"
"Year 1 Apr 13 4:00 AM","0"
"Year 1 Apr 13 5:00 AM","0"
"Year 1 Apr 13 6:00 AM","18.1045273083216"
"Year 1 Apr 13 7:00 AM","83.3454523748081"
"Year 1 Apr 13 8:00 AM","119.888827150431"
"Year 1 Apr 13 9:00 AM","168.783752445318"
"Year 1 Apr 13 10:00 AM","250.990916727079"
"Year 1 Apr 13 11:00 AM","304.343070203491"
"Year 1 Apr 13 12:00 PM","242.535485997974"
"Year 1 Apr 13 1:00 PM","158.503841374462"
"Year 1 Apr 13 2:00 PM","192.909976045478"
"Year 1 Apr 13 3:00 PM","216.108778182586"
"Year 1 Apr 13 4:00 PM","190.815619399074"
"Year 1 Apr 13 5:00 PM","114.395851123717"
"Year 1 Apr 13 6:00 PM","40.8734543166235"
"Year 1 Apr 13 7:00 PM","2.74303921829286"
"Year 1 Apr 13 8:00 PM","0"
"Year 1 Apr 13 9:00 PM","0"
"Year 1 Apr 13 10:00 PM","0"
"Year 1 Apr 13 11:00 PM","0"
"Year 1 Apr 14 12:00 AM","0"
"Year 1 Apr 14 1:00 AM","0"
"Year 1 Apr 14 2:00 AM","0"
"Year 1 Apr 14 3:00 AM","0"
"Year 1 Apr 14 4:00 AM","0"
"Year 1 Apr 14 5:00 AM","0"
"Year 1 Apr 14 6:00 AM","15.3771462838473"
"Year 1 Apr 14 7:00 AM","86.0749846883843"
"Year 1 Apr 14 8:00 AM","126.813468035332"
"Year 1 Apr 14 9:00 AM","146.974796082415"
"Year 1 Apr 14 10:00 AM","157.610723398369"
"Year 1 Apr 14 11:00 AM","168.543725469439"
"Year 1 Apr 14 12:00 PM","185.466526095788"
"Year 1 Apr 14 1:00 PM","219.611175132992"
"Year 1 Apr 14 2:00 PM","174.771634480595"
"Year 1 Apr 14 3:00 PM","188.572422996294"
"Year 1 Apr 14 4:00 PM","178.693983474046"
"Year 1 Apr 14 5:00 PM","113.67732791653"
"Year 1 Apr 14 6:00 PM","48.7801901895688"
"Year 1 Apr 14 7:00 PM","3.40529591385791"
"Year 1 Apr 14 8:00 PM","0"
"Year 1 Apr 14 9:00 PM","0"
"Year 1 Apr 14 10:00 PM","0"
"Year 1 Apr 14 11:00 PM","0"
"Year 1 Apr 15 12:00 AM","0"
"Year 1 Apr 15 1:00 AM","0"
"Year 1 Apr 15 2:00 AM","0"
"Year 1 Apr 15 3:00 AM","0"
"Year 1 Apr 15 4:00 AM","0"
"Year 1 Apr 15 5:00 AM","0"
"Year 1 Apr 15 6:00 AM","18.2951600680231"
"Year 1 Apr 15 7:00 AM","103.939275539009"
"Year 1 Apr 15 8:00 AM","156.507164138931"
"Year 1 Apr 15 9:00 AM","175.349061623564"
"Year 1 Apr 15 10:00 AM","177.103047044146"
"Year 1 Apr 15 11:00 AM","170.702866477553"
"Year 1 Apr 15 12:00 PM","152.881079579539"
"Year 1 Apr 15 1:00 PM","178.95703396931"
"Year 1 Apr 15 2:00 PM","172.93784337861"
"Year 1 Apr 15 3:00 PM","157.254523593272"
"Year 1 Apr 15 4:00 PM","134.042892295794"
"Year 1 Apr 15 5:00 PM","96.1618570838827"
"Year 1 Apr 15 6:00 PM","47.7969816393607"
"Year 1 Apr 15 7:00 PM","3.3567650454971"
"Year 1 Apr 15 8:00 PM","0"
"Year 1 Apr 15 9:00 PM","0"
"Year 1 Apr 15 10:00 PM","0"
"Year 1 Apr 15 11:00 PM","0"
"Year 1 Apr 16 12:00 AM","0"
"Year 1 Apr 16 1:00 AM","0"
"Year 1 Apr 16 2:00 AM","0"
"Year 1 Apr 16 3:00 AM","0"
"Year 1 Apr 16 4:00 AM","0"
"Year 1 Apr 16 5:00 AM","0"
"Year 1 Apr 16 6:00 AM","15.5268440506987"
"Year 1 Apr 16 7:00 AM","85.6700552963134"
"Year 1 Apr 16 8:00 AM","122.174385232371"
"Year 1 Apr 16 9:00 AM","150.734834267304"
"Year 1 Apr 16 10:00 AM","165.257139036542"
"Year 1 Apr 16 11:00 AM","192.453155981641"
"Year 1 Apr 16 12:00 PM","236.309407548705"
"Year 1 Apr 16 1:00 PM","177.20953141413"
"Year 1 Apr 16 2:00 PM","173.610519225989"
"Year 1 Apr 16 3:00 PM","200.311824051721"
"Year 1 Apr 16 4:00 PM","194.420777369588"
"Year 1 Apr 16 5:00 PM","105.502864551728"
"Year 1 Apr 16 6:00 PM","44.631304531899"
"Year 1 Apr 16 7:00 PM","3.11784278001133"
"Year 1 Apr 16 8:00 PM","0"
"Year 1 Apr 16 9:00 PM","0"
"Year 1 Apr 16 10:00 PM","0"
"Year 1 Apr 16 11:00 PM","0"
"Year 1 Apr 17 12:00 AM","0"
"Year 1 Apr 17 1:00 AM","0"
"Year 1 Apr 17 2:00 AM","0"
"Year 1 Apr 17 3:00 AM","0"
"Year 1 Apr 17 4:00 AM","0"
"Year 1 Apr 17 5:00 AM","0"
"Year 1 Apr 17 6:00 AM","18.8636363465462"
"Year 1 Apr 17 7:00 AM","103.479645846988"
"Year 1 Apr 17 8:00 AM","156.887881754982"
"Year 1 Apr 17 9:00 AM","228.775920983276"
"Year 1 Apr 17 10:00 AM","261.330305233132"
"Year 1 Apr 17 11:00 AM","267.701538975418"
"Year 1 Apr 17 12:00 PM","204.644185483408"
"Year 1 Apr 17 1:00 PM","196.339581285596"
"Year 1 Apr 17 2:00 PM","178.512398084152"
"Year 1 Apr 17 3:00 PM","167.227460713332"
"Year 1 Apr 17 4:00 PM","136.815873870775"
"Year 1 Apr 17 5:00 PM","98.0637737075219"
"Year 1 Apr 17 6:00 PM","45.3752322522765"
"Year 1 Apr 17 7:00 PM","3.34163589079501"
"Year 1 Apr 17 8:00 PM","0"
"Year 1 Apr 17 9:00 PM","0"
"Year 1 Apr 17 10:00 PM","0"
"Year 1 Apr 17 11:00 PM","0"
"Year 1 Apr 18 12:00 AM","0"
"Year 1 Apr 18 1:00 AM","0"
"Year 1 Apr 18 2:00 AM","0"
"Year 1 Apr 18 3:00 AM","0"
"Year 1 Apr 18 4:00 AM","0"
"Year 1 Apr 18 5:00 AM","0"
"Year 1 Apr 18 6:00 AM","17.9332584271026"
"Year 1 Apr 18 7:00 AM","101.243580712803"
"Year 1 Apr 18 8:00 AM","163.45103303588"
"Year 1 Apr 18 9:00 AM","239.196211537557"
"Year 1 Apr 18 10:00 AM","273.70986233352"
"Year 1 Apr 18 11:00 AM","259.236653886235"
"Year 1 Apr 18 12:00 PM","277.355141730919"
"Year 1 Apr 18 1:00 PM","258.748691646962"
"Year 1 Apr 18 2:00 PM","200.154644671028"
"Year 1 Apr 18 3:00 PM","209.071682456798"
"Year 1 Apr 18 4:00 PM","152.024938277047"
"Year 1 Apr 18 5:00 PM","82.3046060460205"
"Year 1 Apr 18 6:00 PM","58.3810192187435"
"Year 1 Apr 18 7:00 PM","4.5059680387508"
"Year 1 Apr 18 8:00 PM","0"
"Year 1 Apr 18 9:00 PM","0"
"Year 1 Apr 18 10:00 PM","0"
"Year 1 Apr 18 11:00 PM","0"
"Year 1 Apr 19 12:00 AM","0"
"Year 1 Apr 19 1:00 AM","0"
"Year 1 Apr 19 2:00 AM","0"
"Year 1 Apr 19 3:00 AM","0"
"Year 1 Apr 19 4:00 AM","0"
"Year 1 Apr 19 5:00 AM","0"
"Year 1 Apr 19 6:00 AM","17.765083140706"
"Year 1 Apr 19 7:00 AM","90.6499606377732"
"Year 1 Apr 19 8:00 AM","116.330006214757"
"Year 1 Apr 19 9:00 AM","213.513247262926"
"Year 1 Apr 19 10:00 AM","254.729896537982"
"Year 1 Apr 19 11:00 AM","223.286521288698"
"Year 1 Apr 19 12:00 PM","250.481207506135"
"Year 1 Apr 19 1:00 PM","218.304876720917"
"Year 1 Apr 19 2:00 PM","232.429778687776"
"Year 1 Apr 19 3:00 PM","250.582660584298"
"Year 1 Apr 19 4:00 PM","179.252578263465"
"Year 1 Apr 19 5:00 PM","126.994479678804"
"Year 1 Apr 19 6:00 PM","60.5417437754558"
"Year 1 Apr 19 7:00 PM","4.59119440386008"
"Year 1 Apr 19 8:00 PM","0"
"Year 1 Apr 19 9:00 PM","0"
"Year 1 Apr 19 10:00 PM","0"
"Year 1 Apr 19 11:00 PM","0"
"Year 1 Apr 20 12:00 AM","0"
"Year 1 Apr 20 1:00 AM","0"
"Year 1 Apr 20 2:00 AM","0"
"Year 1 Apr 20 3:00 AM","0"
"Year 1 Apr 20 4:00 AM","0"
"Year 1 Apr 20 5:00 AM","0"
"Year 1 Apr 20 6:00 AM","16.2146222357635"
"Year 1 Apr 20 7:00 AM","95.8027612561903"
"Year 1 Apr 20 8:00 AM","160.902284309549"
"Year 1 Apr 20 9:00 AM","204.360314312575"
"Year 1 Apr 20 10:00 AM","218.701642060318"
"Year 1 Apr 20 11:00 AM","294.120555384003"
"Year 1 Apr 20 12:00 PM","280.3246859686"
"Year 1 Apr 20 1:00 PM","280.089398589722"
"Year 1 Apr 20 2:00 PM","215.104226490346"
"Year 1 Apr 20 3:00 PM","202.680195720423"
"Year 1 Apr 20 4:00 PM","180.764991463018"
"Year 1 Apr 20 5:00 PM","76.8841079960903"
"Year 1 Apr 20 6:00 PM","37.2734127670827"
"Year 1 Apr 20 7:00 PM","3.328125"
"Year 1 Apr 20 8:00 PM","0"
"Year 1 Apr 20 9:00 PM","0"
"Year 1 Apr 20 10:00 PM","0"
"Year 1 Apr 20 11:00 PM","0"
"Year 1 Apr 21 12:00 AM","0"
"Year 1 Apr 21 1:00 AM","0"
"Year 1 Apr 21 2:00 AM","0"
"Year 1 Apr 21 3:00 AM","0"
"Year 1 Apr 21 4:00 AM","0"
"Year 1 Apr 21 5:00 AM","0"
"Year 1 Apr 21 6:00 AM","5.625"
"Year 1 Apr 21 7:00 AM","34.171875"
"Year 1 Apr 21 8:00 AM","61.3753790981379"
"Year 1 Apr 21 9:00 AM","79.245912171316"
"Year 1 Apr 21 10:00 AM","125.785167066394"
"Year 1 Apr 21 11:00 AM","132.082380919721"
"Year 1 Apr 21 12:00 PM","134.544919845999"
"Year 1 Apr 21 1:00 PM","118.432252036803"
"Year 1 Apr 21 2:00 PM","95.3316625220484"
"Year 1 Apr 21 3:00 PM","96.1769488728973"
"Year 1 Apr 21 4:00 PM","133.247231196399"
"Year 1 Apr 21 5:00 PM","50.1745290385006"
"Year 1 Apr 21 6:00 PM","25.6875"
"Year 1 Apr 21 7:00 PM","2.53125"
"Year 1 Apr 21 8:00 PM","0"
"Year 1 Apr 21 9:00 PM","0"
"Year 1 Apr 21 10:00 PM","0"
"Year 1 Apr 21 11:00 PM","0"
"Year 1 Apr 22 12:00 AM","0"
"Year 1 Apr 22 1:00 AM","0"
"Year 1 Apr 22 2:00 AM","0"
"Year 1 Apr 22 3:00 AM","0"
"Year 1 Apr 22 4:00 AM","0"
"Year 1 Apr 22 5:00 AM","0"
"Year 1 Apr 22 6:00 AM","19.5522903754319"
"Year 1 Apr 22 7:00 AM","108.331599032672"
"Year 1 Apr 22 8:00 AM","134.310259313064"
"Year 1 Apr 22 9:00 AM","92.945038009405"
"Year 1 Apr 22 10:00 AM","104.101598029105"
"Year 1 Apr 22 11:00 AM","136.697599696768"
"Year 1 Apr 22 12:00 PM","122.58735116581"
"Year 1 Apr 22 1:00 PM","177.963821206097"
"Year 1 Apr 22 2:00 PM","245.466928567954"
"Year 1 Apr 22 3:00 PM","136.264644198763"
"Year 1 Apr 22 4:00 PM","106.61141961344"
"Year 1 Apr 22 5:00 PM","82.0911495078258"
"Year 1 Apr 22 6:00 PM","46.3152757906025"
"Year 1 Apr 22 7:00 PM","5.43235334910827"
"Year 1 Apr 22 8:00 PM","0"
"Year 1 Apr 22 9:00 PM","0"
"Year 1 Apr 22 10:00 PM","0"
"Year 1 Apr 22 11:00 PM","0"
"Year 1 Apr 23 12:00 AM","0"
"Year 1 Apr 23 1:00 AM","0"
"Year 1 Apr 23 2:00 AM","0"
"Year 1 Apr 23 3:00 AM","0"
"Year 1 Apr 23 4:00 AM","0"
"Year 1 Apr 23 5:00 AM","0"
"Year 1 Apr 23 6:00 AM","16.4846001163156"
"Year 1 Apr 23 7:00 AM","86.0249831203299"
"Year 1 Apr 23 8:00 AM","110.319548762505"
"Year 1 Apr 23 9:00 AM","129.204503209868"
"Year 1 Apr 23 10:00 AM","140.894050487353"
"Year 1 Apr 23 11:00 AM","149.149743864493"
"Year 1 Apr 23 12:00 PM","155.205325549164"
"Year 1 Apr 23 1:00 PM","153.559835987868"
"Year 1 Apr 23 2:00 PM","150.013347613416"
"Year 1 Apr 23 3:00 PM","152.774104903863"
"Year 1 Apr 23 4:00 PM","138.455528165294"
"Year 1 Apr 23 5:00 PM","96.6672626196556"
"Year 1 Apr 23 6:00 PM","50.2894307075012"
"Year 1 Apr 23 7:00 PM","5.68701260938824"
"Year 1 Apr 23 8:00 PM","0"
"Year 1 Apr 23 9:00 PM","0"
"Year 1 Apr 23 10:00 PM","0"
"Year 1 Apr 23 11:00 PM","0"
"Year 1 Apr 24 12:00 AM","0"
"Year 1 Apr 24 1:00 AM","0"
"Year 1 Apr 24 2:00 AM","0"
"Year 1 Apr 24 3:00 AM","0"
"Year 1 Apr 24 4:00 AM","0"
"Year 1 Apr 24 5:00 AM","0"
"Year 1 Apr 24 6:00 AM","17.0475442471089"
"Year 1 Apr 24 7:00 AM","93.9408572999745"
"Year 1 Apr 24 8:00 AM","128.783355852435"
"Year 1 Apr 24 9:00 AM","150.761516602575"
"Year 1 Apr 24 10:00 AM","166.306927260601"
"Year 1 Apr 24 11:00 AM","194.220085522111"
"Year 1 Apr 24 12:00 PM","284.096023748404"
"Year 1 Apr 24 1:00 PM","312.822466540965"
"Year 1 Apr 24 2:00 PM","159.766335312901"
"Year 1 Apr 24 3:00 PM","86.8260455940407"
"Year 1 Apr 24 4:00 PM","62.8663216434178"
"Year 1 Apr 24 5:00 PM","39.984375"
"Year 1 Apr 24 6:00 PM","18.703125"
"Year 1 Apr 24 7:00 PM","3.234375"
"Year 1 Apr 24 8:00 PM","0"
"Year 1 Apr 24 9:00 PM","0"
"Year 1 Apr 24 10:00 PM","0"
"Year 1 Apr 24 11:00 PM","0"
"Year 1 Apr 25 12:00 AM","0"
"Year 1 Apr 25 1:00 AM","0"
"Year 1 Apr 25 2:00 AM","0"
"Year 1 Apr 25 3:00 AM","0"
"Year 1 Apr 25 4:00 AM","0"
"Year 1 Apr 25 5:00 AM","0"
"Year 1 Apr 25 6:00 AM","17.0496188686009"
"Year 1 Apr 25 7:00 AM","94.4819555822272"
"Year 1 Apr 25 8:00 AM","131.482902071624"
"Year 1 Apr 25 9:00 AM","154.429686714353"
"Year 1 Apr 25 10:00 AM","164.920127513476"
"Year 1 Apr 25 11:00 AM","160.363609480483"
"Year 1 Apr 25 12:00 PM","177.049604454136"
"Year 1 Apr 25 1:00 PM","186.559991242533"
"Year 1 Apr 25 2:00 PM","166.37552587409"
"Year 1 Apr 25 3:00 PM","155.521652687123"
"Year 1 Apr 25 4:00 PM","134.735255065275"
"Year 1 Apr 25 5:00 PM","91.9524771390239"
"Year 1 Apr 25 6:00 PM","50.2573051668919"
"Year 1 Apr 25 7:00 PM","6.40109520770533"
"Year 1 Apr 25 8:00 PM","0"
"Year 1 Apr 25 9:00 PM","0"
"Year 1 Apr 25 10:00 PM","0"
"Year 1 Apr 25 11:00 PM","0"
"Year 1 Apr 26 12:00 AM","0"
"Year 1 Apr 26 1:00 AM","0"
"Year 1 Apr 26 2:00 AM","0"
"Year 1 Apr 26 3:00 AM","0"
"Year 1 Apr 26 4:00 AM","0"
"Year 1 Apr 26 5:00 AM","0"
"Year 1 Apr 26 6:00 AM","17.2150206712034"
"Year 1 Apr 26 7:00 AM","93.6645066384421"
"Year 1 Apr 26 8:00 AM","130.610730960475"
"Year 1 Apr 26 9:00 AM","161.716037887229"
"Year 1 Apr 26 10:00 AM","194.221791573551"
"Year 1 Apr 26 11:00 AM","178.122668105795"
"Year 1 Apr 26 12:00 PM","152.873334102671"
"Year 1 Apr 26 1:00 PM","151.195044279739"
"Year 1 Apr 26 2:00 PM","166.755587952936"
"Year 1 Apr 26 3:00 PM","158.611681864489"
"Year 1 Apr 26 4:00 PM","135.44907214404"
"Year 1 Apr 26 5:00 PM","99.3228359184067"
"Year 1 Apr 26 6:00 PM","52.6974603583865"
"Year 1 Apr 26 7:00 PM","6.32318249772998"
"Year 1 Apr 26 8:00 PM","0"
"Year 1 Apr 26 9:00 PM","0"
"Year 1 Apr 26 10:00 PM","0"
"Year 1 Apr 26 11:00 PM","0"
"Year 1 Apr 27 12:00 AM","0"
"Year 1 Apr 27 1:00 AM","0"
"Year 1 Apr 27 2:00 AM","0"
"Year 1 Apr 27 3:00 AM","0"
"Year 1 Apr 27 4:00 AM","0"
"Year 1 Apr 27 5:00 AM","2.60163009675743"
"Year 1 Apr 27 6:00 AM","23.6338942142133"
"Year 1 Apr 27 7:00 AM","34.96875"
"Year 1 Apr 27 8:00 AM","67.2243599138706"
"Year 1 Apr 27 9:00 AM","103.393118671708"
"Year 1 Apr 27 10:00 AM","116.817001060289"
"Year 1 Apr 27 11:00 AM","113.029443266102"
"Year 1 Apr 27 12:00 PM","113.218251511621"
"Year 1 Apr 27 1:00 PM","107.379497738539"
"Year 1 Apr 27 2:00 PM","99.6811107005521"
"Year 1 Apr 27 3:00 PM","86.6615552777513"
"Year 1 Apr 27 4:00 PM","63.8588160252204"
"Year 1 Apr 27 5:00 PM","40.59375"
"Year 1 Apr 27 6:00 PM","18.609375"
"Year 1 Apr 27 7:00 PM","2.90625"
"Year 1 Apr 27 8:00 PM","0"
"Year 1 Apr 27 9:00 PM","0"
"Year 1 Apr 27 10:00 PM","0"
"Year 1 Apr 27 11:00 PM","0"
"Year 1 Apr 28 12:00 AM","0"
"Year 1 Apr 28 1:00 AM","0"
"Year 1 Apr 28 2:00 AM","0"
"Year 1 Apr 28 3:00 AM","0"
"Year 1 Apr 28 4:00 AM","0"
"Year 1 Apr 28 5:00 AM","3.40578747585785"
"Year 1 Apr 28 6:00 AM","42.1711173717334"
"Year 1 Apr 28 7:00 AM","75.7543392434889"
"Year 1 Apr 28 8:00 AM","68.6277988880149"
"Year 1 Apr 28 9:00 AM","90.2767802367146"
"Year 1 Apr 28 10:00 AM","93.2030417626495"
"Year 1 Apr 28 11:00 AM","107.698938200959"
"Year 1 Apr 28 12:00 PM","112.931787086058"
"Year 1 Apr 28 1:00 PM","107.383335949559"
"Year 1 Apr 28 2:00 PM","102.147883365113"
"Year 1 Apr 28 3:00 PM","101.309706708071"
"Year 1 Apr 28 4:00 PM","88.169722248163"
"Year 1 Apr 28 5:00 PM","58.4858717860086"
"Year 1 Apr 28 6:00 PM","14.578125"
"Year 1 Apr 28 7:00 PM","1.5"
"Year 1 Apr 28 8:00 PM","0"
"Year 1 Apr 28 9:00 PM","0"
"Year 1 Apr 28 10:00 PM","0"
"Year 1 Apr 28 11:00 PM","0"
"Year 1 Apr 29 12:00 AM","0"
"Year 1 Apr 29 1:00 AM","0"
"Year 1 Apr 29 2:00 AM","0"
"Year 1 Apr 29 3:00 AM","0"
"Year 1 Apr 29 4:00 AM","0"
"Year 1 Apr 29 5:00 AM","3.4107742457564"
"Year 1 Apr 29 6:00 AM","42.8538756999825"
"Year 1 Apr 29 7:00 AM","102.619110652053"
"Year 1 Apr 29 8:00 AM","162.317679270933"
"Year 1 Apr 29 9:00 AM","207.379358741268"
"Year 1 Apr 29 10:00 AM","306.274343829048"
"Year 1 Apr 29 11:00 AM","338.438746746399"
"Year 1 Apr 29 12:00 PM","314.325590532596"
"Year 1 Apr 29 1:00 PM","184.336071073607"
"Year 1 Apr 29 2:00 PM","270.235794815896"
"Year 1 Apr 29 3:00 PM","166.756124395265"
"Year 1 Apr 29 4:00 PM","138.666110780577"
"Year 1 Apr 29 5:00 PM","104.724184804689"
"Year 1 Apr 29 6:00 PM","63.4391054481878"
"Year 1 Apr 29 7:00 PM","8.26141912972561"
"Year 1 Apr 29 8:00 PM","0"
"Year 1 Apr 29 9:00 PM","0"
"Year 1 Apr 29 10:00 PM","0"
"Year 1 Apr 29 11:00 PM","0"
"Year 1 Apr 30 12:00 AM","0"
"Year 1 Apr 30 1:00 AM","0"
"Year 1 Apr 30 2:00 AM","0"
"Year 1 Apr 30 3:00 AM","0"
"Year 1 Apr 30 4:00 AM","0"
"Year 1 Apr 30 5:00 AM","4.03981962136229"
"Year 1 Apr 30 6:00 AM","56.2205449168898"
"Year 1 Apr 30 7:00 AM","128.469021915028"
"Year 1 Apr 30 8:00 AM","168.078183802708"
"Year 1 Apr 30 9:00 AM","214.592731061182"
"Year 1 Apr 30 10:00 AM","175.042408004281"
"Year 1 Apr 30 11:00 AM","220.378904416812"
"Year 1 Apr 30 12:00 PM","222.829035792769"
"Year 1 Apr 30 1:00 PM","305.304789058418"
"Year 1 Apr 30 2:00 PM","265.091270102821"
"Year 1 Apr 30 3:00 PM","214.007639948787"
"Year 1 Apr 30 4:00 PM","173.037231752005"
"Year 1 Apr 30 5:00 PM","143.227483038957"
"Year 1 Apr 30 6:00 PM","64.9467244365303"
"Year 1 Apr 30 7:00 PM","9.04358605365"
"Year 1 Apr 30 8:00 PM","0"
"Year 1 Apr 30 9:00 PM","0"
"Year 1 Apr 30 10:00 PM","0"
"Year 1 Apr 30 11:00 PM","0"
"Year 1 May 01 12:00 AM","0"
"Year 1 May 01 1:00 AM","0"
"Year 1 May 01 2:00 AM","0"
"Year 1 May 01 3:00 AM","0"
"Year 1 May 01 4:00 AM","0"
"Year 1 May 01 5:00 AM","2.17061777417586"
"Year 1 May 01 6:00 AM","28.2262559839797"
"Year 1 May 01 7:00 AM","95.4901049087422"
"Year 1 May 01 8:00 AM","174.496753886248"
"Year 1 May 01 9:00 AM","206.900131789128"
"Year 1 May 01 10:00 AM","230.138652944482"
"Year 1 May 01 11:00 AM","283.480438749124"
"Year 1 May 01 12:00 PM","336.85047621134"
"Year 1 May 01 1:00 PM","319.641343422599"
"Year 1 May 01 2:00 PM","253.524588763659"
"Year 1 May 01 3:00 PM","204.06692559498"
"Year 1 May 01 4:00 PM","168.860162193348"
"Year 1 May 01 5:00 PM","120.940444724715"
"Year 1 May 01 6:00 PM","57.744312874297"
"Year 1 May 01 7:00 PM","8.86797147080903"
"Year 1 May 01 8:00 PM","0"
"Year 1 May 01 9:00 PM","0"
"Year 1 May 01 10:00 PM","0"
"Year 1 May 01 11:00 PM","0"
"Year 1 May 02 12:00 AM","0"
"Year 1 May 02 1:00 AM","0"
"Year 1 May 02 2:00 AM","0"
"Year 1 May 02 3:00 AM","0"
"Year 1 May 02 4:00 AM","0"
"Year 1 May 02 5:00 AM","3.15767844950585"
"Year 1 May 02 6:00 AM","32.9547693411267"
"Year 1 May 02 7:00 AM","75.9109651567937"
"Year 1 May 02 8:00 AM","113.845562267108"
"Year 1 May 02 9:00 AM","216.604718746145"
"Year 1 May 02 10:00 AM","207.808364249163"
"Year 1 May 02 11:00 AM","226.278179499628"
"Year 1 May 02 12:00 PM","296.729240741029"
"Year 1 May 02 1:00 PM","315.907362699238"
"Year 1 May 02 2:00 PM","268.720709976244"
"Year 1 May 02 3:00 PM","190.63262689379"
"Year 1 May 02 4:00 PM","139.615787030602"
"Year 1 May 02 5:00 PM","101.934588741349"
"Year 1 May 02 6:00 PM","57.547855552544"
"Year 1 May 02 7:00 PM","15.6036367345545"
"Year 1 May 02 8:00 PM","0"
"Year 1 May 02 9:00 PM","0"
"Year 1 May 02 10:00 PM","0"
"Year 1 May 02 11:00 PM","0"
"Year 1 May 03 12:00 AM","0"
"Year 1 May 03 1:00 AM","0"
"Year 1 May 03 2:00 AM","0"
"Year 1 May 03 3:00 AM","0"
"Year 1 May 03 4:00 AM","0"
"Year 1 May 03 5:00 AM","3.44547648385218"
"Year 1 May 03 6:00 AM","29.6448769632367"
"Year 1 May 03 7:00 AM","50.9883576011209"
"Year 1 May 03 8:00 AM","70.9163641927367"
"Year 1 May 03 9:00 AM","85.8565350385905"
"Year 1 May 03 10:00 AM","95.3511446798239"
"Year 1 May 03 11:00 AM","102.913623406417"
"Year 1 May 03 12:00 PM","106.342843658838"
"Year 1 May 03 1:00 PM","104.829019646659"
"Year 1 May 03 2:00 PM","98.969445719474"
"Year 1 May 03 3:00 PM","88.6104757065799"
"Year 1 May 03 4:00 PM","77.0411870348025"
"Year 1 May 03 5:00 PM","57.8630746274191"
"Year 1 May 03 6:00 PM","37.5943566572231"
"Year 1 May 03 7:00 PM","13.0441292616705"
"Year 1 May 03 8:00 PM","0"
"Year 1 May 03 9:00 PM","0"
"Year 1 May 03 10:00 PM","0"
"Year 1 May 03 11:00 PM","0"
"Year 1 May 04 12:00 AM","0"
"Year 1 May 04 1:00 AM","0"
"Year 1 May 04 2:00 AM","0"
"Year 1 May 04 3:00 AM","0"
"Year 1 May 04 4:00 AM","0"
"Year 1 May 04 5:00 AM","4.67065976863243"
"Year 1 May 04 6:00 AM","40.3516526740573"
"Year 1 May 04 7:00 AM","77.8026172759034"
"Year 1 May 04 8:00 AM","113.339193235428"
"Year 1 May 04 9:00 AM","142.872344184076"
"Year 1 May 04 10:00 AM","164.998166338441"
"Year 1 May 04 11:00 AM","174.82705246459"
"Year 1 May 04 12:00 PM","179.558687835714"
"Year 1 May 04 1:00 PM","188.215768451282"
"Year 1 May 04 2:00 PM","207.915534302968"
"Year 1 May 04 3:00 PM","169.536251210336"
"Year 1 May 04 4:00 PM","136.30298748636"
"Year 1 May 04 5:00 PM","103.620124774048"
"Year 1 May 04 6:00 PM","58.2755338646078"
"Year 1 May 04 7:00 PM","14.243106147599"
"Year 1 May 04 8:00 PM","0"
"Year 1 May 04 9:00 PM","0"
"Year 1 May 04 10:00 PM","0"
"Year 1 May 04 11:00 PM","0"
"Year 1 May 05 12:00 AM","0"
"Year 1 May 05 1:00 AM","0"
"Year 1 May 05 2:00 AM","0"
"Year 1 May 05 3:00 AM","0"
"Year 1 May 05 4:00 AM","0"
"Year 1 May 05 5:00 AM","3.81461939948182"
"Year 1 May 05 6:00 AM","32.4023877109326"
"Year 1 May 05 7:00 AM","56.8258629896732"
"Year 1 May 05 8:00 AM","77.6753314034083"
"Year 1 May 05 9:00 AM","95.7467715614031"
"Year 1 May 05 10:00 AM","105.283293431745"
"Year 1 May 05 11:00 AM","112.499676356218"
"Year 1 May 05 12:00 PM","116.039068937419"
"Year 1 May 05 1:00 PM","137.99998469041"
"Year 1 May 05 2:00 PM","218.180172060533"
"Year 1 May 05 3:00 PM","199.289953599822"
"Year 1 May 05 4:00 PM","156.370668208564"
"Year 1 May 05 5:00 PM","118.180070398967"
"Year 1 May 05 6:00 PM","69.3540998671477"
"Year 1 May 05 7:00 PM","15.8923143757631"
"Year 1 May 05 8:00 PM","0"
"Year 1 May 05 9:00 PM","0"
"Year 1 May 05 10:00 PM","0"
"Year 1 May 05 11:00 PM","0"
"Year 1 May 06 12:00 AM","0"
"Year 1 May 06 1:00 AM","0"
"Year 1 May 06 2:00 AM","0"
"Year 1 May 06 3:00 AM","0"
"Year 1 May 06 4:00 AM","0"
"Year 1 May 06 5:00 AM","4.50162135404469"
"Year 1 May 06 6:00 AM","37.1959089460988"
"Year 1 May 06 7:00 AM","61.2136473187808"
"Year 1 May 06 8:00 AM","83.250432116398"
"Year 1 May 06 9:00 AM","102.759499930329"
"Year 1 May 06 10:00 AM","116.385887921244"
"Year 1 May 06 11:00 AM","123.017876972795"
"Year 1 May 06 12:00 PM","157.365801810729"
"Year 1 May 06 1:00 PM","237.771290182286"
"Year 1 May 06 2:00 PM","231.770165309371"
"Year 1 May 06 3:00 PM","209.684903679123"
"Year 1 May 06 4:00 PM","181.546221244358"
"Year 1 May 06 5:00 PM","112.402047870151"
"Year 1 May 06 6:00 PM","64.7544576285777"
"Year 1 May 06 7:00 PM","17.7767010086391"
"Year 1 May 06 8:00 PM","0"
"Year 1 May 06 9:00 PM","0"
"Year 1 May 06 10:00 PM","0"
"Year 1 May 06 11:00 PM","0"
"Year 1 May 07 12:00 AM","0"
"Year 1 May 07 1:00 AM","0"
"Year 1 May 07 2:00 AM","0"
"Year 1 May 07 3:00 AM","0"
"Year 1 May 07 4:00 AM","0"
"Year 1 May 07 5:00 AM","4.80175122850978"
"Year 1 May 07 6:00 AM","38.8669605212741"
"Year 1 May 07 7:00 AM","70.067861471249"
"Year 1 May 07 8:00 AM","109.294258547284"
"Year 1 May 07 9:00 AM","187.463664472804"
"Year 1 May 07 10:00 AM","259.029625469355"
"Year 1 May 07 11:00 AM","214.639975936136"
"Year 1 May 07 12:00 PM","282.832954659585"
"Year 1 May 07 1:00 PM","333.143925720132"
"Year 1 May 07 2:00 PM","278.652436076709"
"Year 1 May 07 3:00 PM","212.120466649904"
"Year 1 May 07 4:00 PM","170.595246566893"
"Year 1 May 07 5:00 PM","132.042773236278"
"Year 1 May 07 6:00 PM","62.8779806535978"
"Year 1 May 07 7:00 PM","16.3937390406126"
"Year 1 May 07 8:00 PM","0"
"Year 1 May 07 9:00 PM","0"
"Year 1 May 07 10:00 PM","0"
"Year 1 May 07 11:00 PM","0"
"Year 1 May 08 12:00 AM","0"
"Year 1 May 08 1:00 AM","0"
"Year 1 May 08 2:00 AM","0"
"Year 1 May 08 3:00 AM","0"
"Year 1 May 08 4:00 AM","0"
"Year 1 May 08 5:00 AM","7.13998885260318"
"Year 1 May 08 6:00 AM","43.6160928860259"
"Year 1 May 08 7:00 AM","99.3700190634727"
"Year 1 May 08 8:00 AM","141.24040079739"
"Year 1 May 08 9:00 AM","225.474587042048"
"Year 1 May 08 10:00 AM","241.654253102971"
"Year 1 May 08 11:00 AM","226.354535352721"
"Year 1 May 08 12:00 PM","256.316806128993"
"Year 1 May 08 1:00 PM","283.779500610116"
"Year 1 May 08 2:00 PM","272.020605267681"
"Year 1 May 08 3:00 PM","237.939225392261"
"Year 1 May 08 4:00 PM","191.372262682484"
"Year 1 May 08 5:00 PM","136.385678020532"
"Year 1 May 08 6:00 PM","75.8575214380518"
"Year 1 May 08 7:00 PM","14.8234298044529"
"Year 1 May 08 8:00 PM","0"
"Year 1 May 08 9:00 PM","0"
"Year 1 May 08 10:00 PM","0"
"Year 1 May 08 11:00 PM","0"
"Year 1 May 09 12:00 AM","0"
"Year 1 May 09 1:00 AM","0"
"Year 1 May 09 2:00 AM","0"
"Year 1 May 09 3:00 AM","0"
"Year 1 May 09 4:00 AM","0"
"Year 1 May 09 5:00 AM","6.40578254668597"
"Year 1 May 09 6:00 AM","30.1561008141273"
"Year 1 May 09 7:00 AM","50.0396946529766"
"Year 1 May 09 8:00 AM","61.0764527690052"
"Year 1 May 09 9:00 AM","78.9377514372809"
"Year 1 May 09 10:00 AM","188.130066072424"
"Year 1 May 09 11:00 AM","338.02213144487"
"Year 1 May 09 12:00 PM","260.343772404919"
"Year 1 May 09 1:00 PM","278.057294760092"
"Year 1 May 09 2:00 PM","222.250482314477"
"Year 1 May 09 3:00 PM","131.002861444382"
"Year 1 May 09 4:00 PM","89.7733781122311"
"Year 1 May 09 5:00 PM","54.8699682631456"
"Year 1 May 09 6:00 PM","35.2773582312388"
"Year 1 May 09 7:00 PM","13.0354824709105"
"Year 1 May 09 8:00 PM","0"
"Year 1 May 09 9:00 PM","0"
"Year 1 May 09 10:00 PM","0"
"Year 1 May 09 11:00 PM","0"
"Year 1 May 10 12:00 AM","0"
"Year 1 May 10 1:00 AM","0"
"Year 1 May 10 2:00 AM","0"
"Year 1 May 10 3:00 AM","0"
"Year 1 May 10 4:00 AM","0"
"Year 1 May 10 5:00 AM","3.93892275733602"
"Year 1 May 10 6:00 AM","26.0532337912278"
"Year 1 May 10 7:00 AM","81.2377256326189"
"Year 1 May 10 8:00 AM","156.239402781042"
"Year 1 May 10 9:00 AM","228.521425946709"
"Year 1 May 10 10:00 AM","303.430513620598"
"Year 1 May 10 11:00 AM","311.715881569356"
"Year 1 May 10 12:00 PM","296.774264486319"
"Year 1 May 10 1:00 PM","249.713145098462"
"Year 1 May 10 2:00 PM","224.160085771162"
"Year 1 May 10 3:00 PM","174.140246920556"
"Year 1 May 10 4:00 PM","146.680019320351"
"Year 1 May 10 5:00 PM","90.4229559973322"
"Year 1 May 10 6:00 PM","31.4682545948333"
"Year 1 May 10 7:00 PM","7.59375"
"Year 1 May 10 8:00 PM","0"
"Year 1 May 10 9:00 PM","0"
"Year 1 May 10 10:00 PM","0"
"Year 1 May 10 11:00 PM","0"
"Year 1 May 11 12:00 AM","0"
"Year 1 May 11 1:00 AM","0"
"Year 1 May 11 2:00 AM","0"
"Year 1 May 11 3:00 AM","0"
"Year 1 May 11 4:00 AM","0"
"Year 1 May 11 5:00 AM","8.00497421552545"
"Year 1 May 11 6:00 AM","40.3710062050868"
"Year 1 May 11 7:00 AM","70.7200367104616"
"Year 1 May 11 8:00 AM","113.00276270804"
"Year 1 May 11 9:00 AM","193.876551351318"
"Year 1 May 11 10:00 AM","234.10718761777"
"Year 1 May 11 11:00 AM","298.23125019465"
"Year 1 May 11 12:00 PM","261.96216469522"
"Year 1 May 11 1:00 PM","224.327540885839"
"Year 1 May 11 2:00 PM","232.766558954551"
"Year 1 May 11 3:00 PM","258.74899079516"
"Year 1 May 11 4:00 PM","164.060233964242"
"Year 1 May 11 5:00 PM","102.795981544776"
"Year 1 May 11 6:00 PM","48.8554718050145"
"Year 1 May 11 7:00 PM","10.2538510082173"
"Year 1 May 11 8:00 PM","0"
"Year 1 May 11 9:00 PM","0"
"Year 1 May 11 10:00 PM","0"
"Year 1 May 11 11:00 PM","0"
"Year 1 May 12 12:00 AM","0"
"Year 1 May 12 1:00 AM","0"
"Year 1 May 12 2:00 AM","0"
"Year 1 May 12 3:00 AM","0"
"Year 1 May 12 4:00 AM","0"
"Year 1 May 12 5:00 AM","6.05359562777957"
"Year 1 May 12 6:00 AM","34.7413715723607"
"Year 1 May 12 7:00 AM","98.3467258670908"
"Year 1 May 12 8:00 AM","157.384880716585"
"Year 1 May 12 9:00 AM","215.582881333785"
"Year 1 May 12 10:00 AM","285.594189159717"
"Year 1 May 12 11:00 AM","273.347567424133"
"Year 1 May 12 12:00 PM","270.514474460579"
"Year 1 May 12 1:00 PM","204.883034140752"
"Year 1 May 12 2:00 PM","238.615630308295"
"Year 1 May 12 3:00 PM","233.441047071911"
"Year 1 May 12 4:00 PM","168.000919233414"
"Year 1 May 12 5:00 PM","120.435946491736"
"Year 1 May 12 6:00 PM","48.050796618665"
"Year 1 May 12 7:00 PM","12.938182408032"
"Year 1 May 12 8:00 PM","0"
"Year 1 May 12 9:00 PM","0"
"Year 1 May 12 10:00 PM","0"
"Year 1 May 12 11:00 PM","0"
"Year 1 May 13 12:00 AM","0"
"Year 1 May 13 1:00 AM","0"
"Year 1 May 13 2:00 AM","0"
"Year 1 May 13 3:00 AM","0"
"Year 1 May 13 4:00 AM","0"
"Year 1 May 13 5:00 AM","7.77861023442352"
"Year 1 May 13 6:00 AM","42.9897745944508"
"Year 1 May 13 7:00 AM","103.358430394211"
"Year 1 May 13 8:00 AM","135.740809508784"
"Year 1 May 13 9:00 AM","196.308230747012"
"Year 1 May 13 10:00 AM","254.391341873991"
"Year 1 May 13 11:00 AM","285.39092289148"
"Year 1 May 13 12:00 PM","226.981817121032"
"Year 1 May 13 1:00 PM","352.155209473682"
"Year 1 May 13 2:00 PM","310.089993027544"
"Year 1 May 13 3:00 PM","262.411038671861"
"Year 1 May 13 4:00 PM","210.227405474797"
"Year 1 May 13 5:00 PM","135.95620566156"
"Year 1 May 13 6:00 PM","48.774123857122"
"Year 1 May 13 7:00 PM","13.8531361044541"
"Year 1 May 13 8:00 PM","0"
"Year 1 May 13 9:00 PM","0"
"Year 1 May 13 10:00 PM","0"
"Year 1 May 13 11:00 PM","0"
"Year 1 May 14 12:00 AM","0"
"Year 1 May 14 1:00 AM","0"
"Year 1 May 14 2:00 AM","0"
"Year 1 May 14 3:00 AM","0"
"Year 1 May 14 4:00 AM","0"
"Year 1 May 14 5:00 AM","9.46774671365756"
"Year 1 May 14 6:00 AM","38.859341226077"
"Year 1 May 14 7:00 AM","49.2887723194105"
"Year 1 May 14 8:00 AM","77.621398838246"
"Year 1 May 14 9:00 AM","148.666343311708"
"Year 1 May 14 10:00 AM","197.364829162993"
"Year 1 May 14 11:00 AM","236.689553760862"
"Year 1 May 14 12:00 PM","271.18252004114"
"Year 1 May 14 1:00 PM","294.602000137575"
"Year 1 May 14 2:00 PM","209.229000565621"
"Year 1 May 14 3:00 PM","162.411204898832"
"Year 1 May 14 4:00 PM","136.634457442761"
"Year 1 May 14 5:00 PM","120.240821251434"
"Year 1 May 14 6:00 PM","41.6765441311721"
"Year 1 May 14 7:00 PM","14.2215769767483"
"Year 1 May 14 8:00 PM","0"
"Year 1 May 14 9:00 PM","0"
"Year 1 May 14 10:00 PM","0"
"Year 1 May 14 11:00 PM","0"
"Year 1 May 15 12:00 AM","0"
"Year 1 May 15 1:00 AM","0"
"Year 1 May 15 2:00 AM","0"
"Year 1 May 15 3:00 AM","0"
"Year 1 May 15 4:00 AM","0"
"Year 1 May 15 5:00 AM","6.16816214244131"
"Year 1 May 15 6:00 AM","36.4617010732202"
"Year 1 May 15 7:00 AM","107.320449649736"
"Year 1 May 15 8:00 AM","153.181954875722"
"Year 1 May 15 9:00 AM","87.5839759784898"
"Year 1 May 15 10:00 AM","95.4199550528682"
"Year 1 May 15 11:00 AM","98.550033357877"
"Year 1 May 15 12:00 PM","82.4317165576617"
"Year 1 May 15 1:00 PM","91.59296431335"
"Year 1 May 15 2:00 PM","91.5999898479727"
"Year 1 May 15 3:00 PM","80.899868159998"
"Year 1 May 15 4:00 PM","69.3925875033905"
"Year 1 May 15 5:00 PM","55.1511674629886"
"Year 1 May 15 6:00 PM","36.4703982974754"
"Year 1 May 15 7:00 PM","14.2553261675148"
"Year 1 May 15 8:00 PM","0"
"Year 1 May 15 9:00 PM","0"
"Year 1 May 15 10:00 PM","0"
"Year 1 May 15 11:00 PM","0"
"Year 1 May 16 12:00 AM","0"
"Year 1 May 16 1:00 AM","0"
"Year 1 May 16 2:00 AM","0"
"Year 1 May 16 3:00 AM","0"
"Year 1 May 16 4:00 AM","0"
"Year 1 May 16 5:00 AM","12.3792329145393"
"Year 1 May 16 6:00 AM","62.554885608081"
"Year 1 May 16 7:00 AM","116.524963522197"
"Year 1 May 16 8:00 AM","176.762072464286"
"Year 1 May 16 9:00 AM","251.862918297074"
"Year 1 May 16 10:00 AM","301.376332999065"
"Year 1 May 16 11:00 AM","343.212166007695"
"Year 1 May 16 12:00 PM","335.060479489431"
"Year 1 May 16 1:00 PM","340.29191112019"
"Year 1 May 16 2:00 PM","307.530005796087"
"Year 1 May 16 3:00 PM","210.019539594445"
"Year 1 May 16 4:00 PM","164.713445313706"
"Year 1 May 16 5:00 PM","75.3796880347209"
"Year 1 May 16 6:00 PM","35.109375"
"Year 1 May 16 7:00 PM","11.6780175876786"
"Year 1 May 16 8:00 PM","0"
"Year 1 May 16 9:00 PM","0"
"Year 1 May 16 10:00 PM","0"
"Year 1 May 16 11:00 PM","0"
"Year 1 May 17 12:00 AM","0"
"Year 1 May 17 1:00 AM","0"
"Year 1 May 17 2:00 AM","0"
"Year 1 May 17 3:00 AM","0"
"Year 1 May 17 4:00 AM","0"
"Year 1 May 17 5:00 AM","10.0704410641337"
"Year 1 May 17 6:00 AM","50.6664842267077"
"Year 1 May 17 7:00 AM","114.617081703044"
"Year 1 May 17 8:00 AM","202.337981807258"
"Year 1 May 17 9:00 AM","264.176953471322"
"Year 1 May 17 10:00 AM","285.406321739138"
"Year 1 May 17 11:00 AM","320.892671627203"
"Year 1 May 17 12:00 PM","342.259494104839"
"Year 1 May 17 1:00 PM","343.965783779241"
"Year 1 May 17 2:00 PM","306.587721862309"
"Year 1 May 17 3:00 PM","160.463930261968"
"Year 1 May 17 4:00 PM","114.194638809605"
"Year 1 May 17 5:00 PM","76.9439205161356"
"Year 1 May 17 6:00 PM","38.4611610675544"
"Year 1 May 17 7:00 PM","12.1062112040879"
"Year 1 May 17 8:00 PM","0"
"Year 1 May 17 9:00 PM","0"
"Year 1 May 17 10:00 PM","0"
"Year 1 May 17 11:00 PM","0"
"Year 1 May 18 12:00 AM","0"
"Year 1 May 18 1:00 AM","0"
"Year 1 May 18 2:00 AM","0"
"Year 1 May 18 3:00 AM","0"
"Year 1 May 18 4:00 AM","0"
"Year 1 May 18 5:00 AM","7.75986515432496"
"Year 1 May 18 6:00 AM","40.1929585053375"
"Year 1 May 18 7:00 AM","106.854056828971"
"Year 1 May 18 8:00 AM","180.880174007049"
"Year 1 May 18 9:00 AM","260.059318045434"
"Year 1 May 18 10:00 AM","293.272949985883"
"Year 1 May 18 11:00 AM","342.588004372721"
"Year 1 May 18 12:00 PM","345.674183265305"
"Year 1 May 18 1:00 PM","326.243520454897"
"Year 1 May 18 2:00 PM","308.256240558786"
"Year 1 May 18 3:00 PM","265.816577499249"
"Year 1 May 18 4:00 PM","209.740234953793"
"Year 1 May 18 5:00 PM","125.880156658338"
"Year 1 May 18 6:00 PM","44.1776923499279"
"Year 1 May 18 7:00 PM","18.8910067073756"
"Year 1 May 18 8:00 PM","0"
"Year 1 May 18 9:00 PM","0"
"Year 1 May 18 10:00 PM","0"
"Year 1 May 18 11:00 PM","0"
"Year 1 May 19 12:00 AM","0"
"Year 1 May 19 1:00 AM","0"
"Year 1 May 19 2:00 AM","0"
"Year 1 May 19 3:00 AM","0"
"Year 1 May 19 4:00 AM","0"
"Year 1 May 19 5:00 AM","12.6312385413165"
"Year 1 May 19 6:00 AM","60.7400057177514"
"Year 1 May 19 7:00 AM","121.100105881285"
"Year 1 May 19 8:00 AM","175.888685699717"
"Year 1 May 19 9:00 AM","239.73618601459"
"Year 1 May 19 10:00 AM","304.585817430501"
"Year 1 May 19 11:00 AM","324.953148450531"
"Year 1 May 19 12:00 PM","346.137646698716"
"Year 1 May 19 1:00 PM","310.153031781793"
"Year 1 May 19 2:00 PM","248.227101647638"
"Year 1 May 19 3:00 PM","197.383965595125"
"Year 1 May 19 4:00 PM","160.52686556372"
"Year 1 May 19 5:00 PM","118.166024312297"
"Year 1 May 19 6:00 PM","70.1958394131521"
"Year 1 May 19 7:00 PM","24.3773578847084"
"Year 1 May 19 8:00 PM","0"
"Year 1 May 19 9:00 PM","0"
"Year 1 May 19 10:00 PM","0"
"Year 1 May 19 11:00 PM","0"
"Year 1 May 20 12:00 AM","0"
"Year 1 May 20 1:00 AM","0"
"Year 1 May 20 2:00 AM","0"
"Year 1 May 20 3:00 AM","0"
"Year 1 May 20 4:00 AM","0"
"Year 1 May 20 5:00 AM","9.85821330242186"
"Year 1 May 20 6:00 AM","47.67131203812"
"Year 1 May 20 7:00 AM","85.2751088806208"
"Year 1 May 20 8:00 AM","118.658400230299"
"Year 1 May 20 9:00 AM","151.538907940677"
"Year 1 May 20 10:00 AM","195.364679765424"
"Year 1 May 20 11:00 AM","234.295067261666"
"Year 1 May 20 12:00 PM","242.643842824365"
"Year 1 May 20 1:00 PM","219.183762686202"
"Year 1 May 20 2:00 PM","231.977135140669"
"Year 1 May 20 3:00 PM","185.669753273354"
"Year 1 May 20 4:00 PM","153.83274142722"
"Year 1 May 20 5:00 PM","112.864844483818"
"Year 1 May 20 6:00 PM","62.9564730642691"
"Year 1 May 20 7:00 PM","22.3102354740353"
"Year 1 May 20 8:00 PM","0"
"Year 1 May 20 9:00 PM","0"
"Year 1 May 20 10:00 PM","0"
"Year 1 May 20 11:00 PM","0"
"Year 1 May 21 12:00 AM","0"
"Year 1 May 21 1:00 AM","0"
"Year 1 May 21 2:00 AM","0"
"Year 1 May 21 3:00 AM","0"
"Year 1 May 21 4:00 AM","0"
"Year 1 May 21 5:00 AM","13.4630765499623"
"Year 1 May 21 6:00 AM","62.1164528673088"
"Year 1 May 21 7:00 AM","106.70950801381"
"Year 1 May 21 8:00 AM","100.589834029138"
"Year 1 May 21 9:00 AM","114.202647318121"
"Year 1 May 21 10:00 AM","122.692357445154"
"Year 1 May 21 11:00 AM","123.774843761245"
"Year 1 May 21 12:00 PM","127.171573038744"
"Year 1 May 21 1:00 PM","125.552997273023"
"Year 1 May 21 2:00 PM","126.574710057157"
"Year 1 May 21 3:00 PM","133.350018564346"
"Year 1 May 21 4:00 PM","106.220789457886"
"Year 1 May 21 5:00 PM","96.9187280382419"
"Year 1 May 21 6:00 PM","59.3179939271377"
"Year 1 May 21 7:00 PM","23.5498824780812"
"Year 1 May 21 8:00 PM","0"
"Year 1 May 21 9:00 PM","0"
"Year 1 May 21 10:00 PM","0"
"Year 1 May 21 11:00 PM","0"
"Year 1 May 22 12:00 AM","0"
"Year 1 May 22 1:00 AM","0"
"Year 1 May 22 2:00 AM","0"
"Year 1 May 22 3:00 AM","0"
"Year 1 May 22 4:00 AM","0"
"Year 1 May 22 5:00 AM","9.81798559170833"
"Year 1 May 22 6:00 AM","42.7398115417787"
"Year 1 May 22 7:00 AM","70.1668100462165"
"Year 1 May 22 8:00 AM","94.7371316901742"
"Year 1 May 22 9:00 AM","113.623694949434"
"Year 1 May 22 10:00 AM","128.972861367698"
"Year 1 May 22 11:00 AM","135.62623801686"
"Year 1 May 22 12:00 PM","136.623923237851"
"Year 1 May 22 1:00 PM","135.715387038327"
"Year 1 May 22 2:00 PM","132.261915964589"
"Year 1 May 22 3:00 PM","120.449509810798"
"Year 1 May 22 4:00 PM","108.946303996331"
"Year 1 May 22 5:00 PM","84.2377209156229"
"Year 1 May 22 6:00 PM","55.1142956823076"
"Year 1 May 22 7:00 PM","24.9985887361636"
"Year 1 May 22 8:00 PM","0"
"Year 1 May 22 9:00 PM","0"
"Year 1 May 22 10:00 PM","0"
"Year 1 May 22 11:00 PM","0"
"Year 1 May 23 12:00 AM","0"
"Year 1 May 23 1:00 AM","0"
"Year 1 May 23 2:00 AM","0"
"Year 1 May 23 3:00 AM","0"
"Year 1 May 23 4:00 AM","0"
"Year 1 May 23 5:00 AM","15.0088977078078"
"Year 1 May 23 6:00 AM","58.8243482493714"
"Year 1 May 23 7:00 AM","121.904451037531"
"Year 1 May 23 8:00 AM","193.409949188973"
"Year 1 May 23 9:00 AM","240.407481879863"
"Year 1 May 23 10:00 AM","251.905221745143"
"Year 1 May 23 11:00 AM","244.175291503956"
"Year 1 May 23 12:00 PM","298.280192277042"
"Year 1 May 23 1:00 PM","195.958883755346"
"Year 1 May 23 2:00 PM","265.467566201022"
"Year 1 May 23 3:00 PM","225.622916924766"
"Year 1 May 23 4:00 PM","181.751273081362"
"Year 1 May 23 5:00 PM","112.212493946199"
"Year 1 May 23 6:00 PM","60.526304919306"
"Year 1 May 23 7:00 PM","21.2307879104733"
"Year 1 May 23 8:00 PM","0"
"Year 1 May 23 9:00 PM","0"
"Year 1 May 23 10:00 PM","0"
"Year 1 May 23 11:00 PM","0"
"Year 1 May 24 12:00 AM","0"
"Year 1 May 24 1:00 AM","0"
"Year 1 May 24 2:00 AM","0"
"Year 1 May 24 3:00 AM","0"
"Year 1 May 24 4:00 AM","0"
"Year 1 May 24 5:00 AM","15.449685834863"
"Year 1 May 24 6:00 AM","61.4592625196149"
"Year 1 May 24 7:00 AM","136.272386664671"
"Year 1 May 24 8:00 AM","214.516803831193"
"Year 1 May 24 9:00 AM","274.52404542935"
"Year 1 May 24 10:00 AM","285.570321024183"
"Year 1 May 24 11:00 AM","204.9234517981"
"Year 1 May 24 12:00 PM","181.409872436147"
"Year 1 May 24 1:00 PM","153.722178984166"
"Year 1 May 24 2:00 PM","184.725186452908"
"Year 1 May 24 3:00 PM","211.889521961836"
"Year 1 May 24 4:00 PM","169.731359882924"
"Year 1 May 24 5:00 PM","121.778641422523"
"Year 1 May 24 6:00 PM","78.6603058041965"
"Year 1 May 24 7:00 PM","31.6124055454685"
"Year 1 May 24 8:00 PM","0"
"Year 1 May 24 9:00 PM","0"
"Year 1 May 24 10:00 PM","0"
"Year 1 May 24 11:00 PM","0"
"Year 1 May 25 12:00 AM","0"
"Year 1 May 25 1:00 AM","0"
"Year 1 May 25 2:00 AM","0"
"Year 1 May 25 3:00 AM","0"
"Year 1 May 25 4:00 AM","0"
"Year 1 May 25 5:00 AM","8.6366520474035"
"Year 1 May 25 6:00 AM","37.637836694087"
"Year 1 May 25 7:00 AM","96.2822157889363"
"Year 1 May 25 8:00 AM","123.721949916163"
"Year 1 May 25 9:00 AM","153.955758510465"
"Year 1 May 25 10:00 AM","152.33413406721"
"Year 1 May 25 11:00 AM","141.442791844154"
"Year 1 May 25 12:00 PM","138.742029314545"
"Year 1 May 25 1:00 PM","149.467826249585"
"Year 1 May 25 2:00 PM","197.752399091535"
"Year 1 May 25 3:00 PM","205.41494729956"
"Year 1 May 25 4:00 PM","180.277742163003"
"Year 1 May 25 5:00 PM","112.222413750737"
"Year 1 May 25 6:00 PM","55.4183707864112"
"Year 1 May 25 7:00 PM","24.3293154252028"
"Year 1 May 25 8:00 PM","0"
"Year 1 May 25 9:00 PM","0"
"Year 1 May 25 10:00 PM","0"
"Year 1 May 25 11:00 PM","0"
"Year 1 May 26 12:00 AM","0"
"Year 1 May 26 1:00 AM","0"
"Year 1 May 26 2:00 AM","0"
"Year 1 May 26 3:00 AM","0"
"Year 1 May 26 4:00 AM","0"
"Year 1 May 26 5:00 AM","15.7012654221104"
"Year 1 May 26 6:00 AM","57.978719793012"
"Year 1 May 26 7:00 AM","102.980389112253"
"Year 1 May 26 8:00 AM","144.623650801303"
"Year 1 May 26 9:00 AM","180.549221698934"
"Year 1 May 26 10:00 AM","206.914443566926"
"Year 1 May 26 11:00 AM","225.095122817481"
"Year 1 May 26 12:00 PM","232.111682061086"
"Year 1 May 26 1:00 PM","228.282723774363"
"Year 1 May 26 2:00 PM","214.231310435949"
"Year 1 May 26 3:00 PM","190.524374844442"
"Year 1 May 26 4:00 PM","162.410935459564"
"Year 1 May 26 5:00 PM","138.026944772976"
"Year 1 May 26 6:00 PM","89.5435278401824"
"Year 1 May 26 7:00 PM","34.3169324447208"
"Year 1 May 26 8:00 PM","0"
"Year 1 May 26 9:00 PM","0"
"Year 1 May 26 10:00 PM","0"
"Year 1 May 26 11:00 PM","0"
"Year 1 May 27 12:00 AM","0"
"Year 1 May 27 1:00 AM","0"
"Year 1 May 27 2:00 AM","0"
"Year 1 May 27 3:00 AM","0"
"Year 1 May 27 4:00 AM","0"
"Year 1 May 27 5:00 AM","13.4942472397349"
"Year 1 May 27 6:00 AM","54.5698995678652"
"Year 1 May 27 7:00 AM","118.99941835354"
"Year 1 May 27 8:00 AM","179.093308462738"
"Year 1 May 27 9:00 AM","217.399047833063"
"Year 1 May 27 10:00 AM","235.356147539511"
"Year 1 May 27 11:00 AM","206.503548014739"
"Year 1 May 27 12:00 PM","159.539041520162"
"Year 1 May 27 1:00 PM","155.639189066962"
"Year 1 May 27 2:00 PM","182.186919202484"
"Year 1 May 27 3:00 PM","204.278899013456"
"Year 1 May 27 4:00 PM","146.843132735704"
"Year 1 May 27 5:00 PM","95.4565319820772"
"Year 1 May 27 6:00 PM","62.6756815172156"
"Year 1 May 27 7:00 PM","25.809531450995"
"Year 1 May 27 8:00 PM","0"
"Year 1 May 27 9:00 PM","0"
"Year 1 May 27 10:00 PM","0"
"Year 1 May 27 11:00 PM","0"
"Year 1 May 28 12:00 AM","0"
"Year 1 May 28 1:00 AM","0"
"Year 1 May 28 2:00 AM","0"
"Year 1 May 28 3:00 AM","0"
"Year 1 May 28 4:00 AM","0"
"Year 1 May 28 5:00 AM","16.5197300150482"
"Year 1 May 28 6:00 AM","59.9621514907831"
"Year 1 May 28 7:00 AM","97.9520415963085"
"Year 1 May 28 8:00 AM","109.450588524474"
"Year 1 May 28 9:00 AM","136.227253911619"
"Year 1 May 28 10:00 AM","181.274540948137"
"Year 1 May 28 11:00 AM","261.371249608875"
"Year 1 May 28 12:00 PM","293.216470614753"
"Year 1 May 28 1:00 PM","250.057500324699"
"Year 1 May 28 2:00 PM","282.749671346355"
"Year 1 May 28 3:00 PM","196.414704717791"
"Year 1 May 28 4:00 PM","115.09435875047"
"Year 1 May 28 5:00 PM","67.6893291340582"
"Year 1 May 28 6:00 PM","42.0681436256887"
"Year 1 May 28 7:00 PM","28.1356432819535"
"Year 1 May 28 8:00 PM","0"
"Year 1 May 28 9:00 PM","0"
"Year 1 May 28 10:00 PM","0"
"Year 1 May 28 11:00 PM","0"
"Year 1 May 29 12:00 AM","0"
"Year 1 May 29 1:00 AM","0"
"Year 1 May 29 2:00 AM","0"
"Year 1 May 29 3:00 AM","0"
"Year 1 May 29 4:00 AM","0"
"Year 1 May 29 5:00 AM","12.9536702685663"
"Year 1 May 29 6:00 AM","45.3599889910206"
"Year 1 May 29 7:00 AM","87.2548572150249"
"Year 1 May 29 8:00 AM","198.627926447598"
"Year 1 May 29 9:00 AM","247.883623294667"
"Year 1 May 29 10:00 AM","269.87123365996"
"Year 1 May 29 11:00 AM","213.961179536008"
"Year 1 May 29 12:00 PM","285.432393144766"
"Year 1 May 29 1:00 PM","324.382360961893"
"Year 1 May 29 2:00 PM","191.104960337509"
"Year 1 May 29 3:00 PM","146.82842740152"
"Year 1 May 29 4:00 PM","217.595671189974"
"Year 1 May 29 5:00 PM","146.285017848098"
"Year 1 May 29 6:00 PM","79.7613751610911"
"Year 1 May 29 7:00 PM","28.0550166635188"
"Year 1 May 29 8:00 PM","0"
"Year 1 May 29 9:00 PM","0"
"Year 1 May 29 10:00 PM","0"
"Year 1 May 29 11:00 PM","0"
"Year 1 May 30 12:00 AM","0"
"Year 1 May 30 1:00 AM","0"
"Year 1 May 30 2:00 AM","0"
"Year 1 May 30 3:00 AM","0"
"Year 1 May 30 4:00 AM","0"
"Year 1 May 30 5:00 AM","14.3179536619347"
"Year 1 May 30 6:00 AM","38.5046531524592"
"Year 1 May 30 7:00 AM","78.1284951084254"
"Year 1 May 30 8:00 AM","169.655334355219"
"Year 1 May 30 9:00 AM","265.600982889764"
"Year 1 May 30 10:00 AM","284.642183782831"
"Year 1 May 30 11:00 AM","200.653794775147"
"Year 1 May 30 12:00 PM","228.693808425184"
"Year 1 May 30 1:00 PM","260.825671870737"
"Year 1 May 30 2:00 PM","229.371192859874"
"Year 1 May 30 3:00 PM","219.299818606613"
"Year 1 May 30 4:00 PM","204.160403218491"
"Year 1 May 30 5:00 PM","148.324369165602"
"Year 1 May 30 6:00 PM","70.5443056835341"
"Year 1 May 30 7:00 PM","27.816126857132"
"Year 1 May 30 8:00 PM","0"
"Year 1 May 30 9:00 PM","0"
"Year 1 May 30 10:00 PM","0"
"Year 1 May 30 11:00 PM","0"
"Year 1 May 31 12:00 AM","0"
"Year 1 May 31 1:00 AM","0"
"Year 1 May 31 2:00 AM","0"
"Year 1 May 31 3:00 AM","0"
"Year 1 May 31 4:00 AM","0"
"Year 1 May 31 5:00 AM","15.3309553664978"
"Year 1 May 31 6:00 AM","57.5976353894184"
"Year 1 May 31 7:00 AM","98.6385265712596"
"Year 1 May 31 8:00 AM","137.648715318033"
"Year 1 May 31 9:00 AM","169.907733479576"
"Year 1 May 31 10:00 AM","194.184476173466"
"Year 1 May 31 11:00 AM","210.901714703591"
"Year 1 May 31 12:00 PM","219.217602213082"
"Year 1 May 31 1:00 PM","226.319898134387"
"Year 1 May 31 2:00 PM","240.293878859939"
"Year 1 May 31 3:00 PM","219.120029927823"
"Year 1 May 31 4:00 PM","211.708304835162"
"Year 1 May 31 5:00 PM","147.629963366523"
"Year 1 May 31 6:00 PM","64.6241354152484"
"Year 1 May 31 7:00 PM","29.4980115562365"
"Year 1 May 31 8:00 PM","0"
"Year 1 May 31 9:00 PM","0"
"Year 1 May 31 10:00 PM","0"
"Year 1 May 31 11:00 PM","0"
"Year 1 Jun 01 12:00 AM","0"
"Year 1 Jun 01 1:00 AM","0"
"Year 1 Jun 01 2:00 AM","0"
"Year 1 Jun 01 3:00 AM","0"
"Year 1 Jun 01 4:00 AM","0"
"Year 1 Jun 01 5:00 AM","11.304509387653"
"Year 1 Jun 01 6:00 AM","41.6595457253193"
"Year 1 Jun 01 7:00 AM","98.3175305112016"
"Year 1 Jun 01 8:00 AM","183.336390811571"
"Year 1 Jun 01 9:00 AM","138.604263587987"
"Year 1 Jun 01 10:00 AM","139.670893117483"
"Year 1 Jun 01 11:00 AM","145.230255408474"
"Year 1 Jun 01 12:00 PM","181.415142402828"
"Year 1 Jun 01 1:00 PM","200.404739549088"
"Year 1 Jun 01 2:00 PM","194.646059839953"
"Year 1 Jun 01 3:00 PM","127.768241590752"
"Year 1 Jun 01 4:00 PM","100.244628170353"
"Year 1 Jun 01 5:00 PM","69.9573780295241"
"Year 1 Jun 01 6:00 PM","46.5199348594563"
"Year 1 Jun 01 7:00 PM","24.0382071822445"
"Year 1 Jun 01 8:00 PM","0"
"Year 1 Jun 01 9:00 PM","0"
"Year 1 Jun 01 10:00 PM","0"
"Year 1 Jun 01 11:00 PM","0"
"Year 1 Jun 02 12:00 AM","0"
"Year 1 Jun 02 1:00 AM","0"
"Year 1 Jun 02 2:00 AM","0"
"Year 1 Jun 02 3:00 AM","0"
"Year 1 Jun 02 4:00 AM","0"
"Year 1 Jun 02 5:00 AM","18.4366517312106"
"Year 1 Jun 02 6:00 AM","62.3436358204586"
"Year 1 Jun 02 7:00 AM","88.6142754896649"
"Year 1 Jun 02 8:00 AM","124.484320690347"
"Year 1 Jun 02 9:00 AM","176.602477167682"
"Year 1 Jun 02 10:00 AM","197.500145144256"
"Year 1 Jun 02 11:00 AM","263.20082855851"
"Year 1 Jun 02 12:00 PM","308.530485280908"
"Year 1 Jun 02 1:00 PM","265.763133266959"
"Year 1 Jun 02 2:00 PM","269.118528444166"
"Year 1 Jun 02 3:00 PM","240.190655546302"
"Year 1 Jun 02 4:00 PM","184.978561348201"
"Year 1 Jun 02 5:00 PM","124.679699763045"
"Year 1 Jun 02 6:00 PM","74.3941132156067"
"Year 1 Jun 02 7:00 PM","30.616243923451"
"Year 1 Jun 02 8:00 PM","2.13404709826715"
"Year 1 Jun 02 9:00 PM","0"
"Year 1 Jun 02 10:00 PM","0"
"Year 1 Jun 02 11:00 PM","0"
"Year 1 Jun 03 12:00 AM","0"
"Year 1 Jun 03 1:00 AM","0"
"Year 1 Jun 03 2:00 AM","0"
"Year 1 Jun 03 3:00 AM","0"
"Year 1 Jun 03 4:00 AM","0"
"Year 1 Jun 03 5:00 AM","12.8750739975353"
"Year 1 Jun 03 6:00 AM","38.7671573813781"
"Year 1 Jun 03 7:00 AM","62.2508184298932"
"Year 1 Jun 03 8:00 AM","75.7125463058944"
"Year 1 Jun 03 9:00 AM","84.7649752808992"
"Year 1 Jun 03 10:00 AM","95.0082967932262"
"Year 1 Jun 03 11:00 AM","107.936194440695"
"Year 1 Jun 03 12:00 PM","151.704469019955"
"Year 1 Jun 03 1:00 PM","199.598694960861"
"Year 1 Jun 03 2:00 PM","196.505309751111"
"Year 1 Jun 03 3:00 PM","213.060901002165"
"Year 1 Jun 03 4:00 PM","131.5329131952"
"Year 1 Jun 03 5:00 PM","91.4190402769133"
"Year 1 Jun 03 6:00 PM","63.6327158959771"
"Year 1 Jun 03 7:00 PM","29.1280289704866"
"Year 1 Jun 03 8:00 PM","1.87632534208664"
"Year 1 Jun 03 9:00 PM","0"
"Year 1 Jun 03 10:00 PM","0"
"Year 1 Jun 03 11:00 PM","0"
"Year 1 Jun 04 12:00 AM","0"
"Year 1 Jun 04 1:00 AM","0"
"Year 1 Jun 04 2:00 AM","0"
"Year 1 Jun 04 3:00 AM","0"
"Year 1 Jun 04 4:00 AM","0"
"Year 1 Jun 04 5:00 AM","16.0434851204281"
"Year 1 Jun 04 6:00 AM","56.3658463694591"
"Year 1 Jun 04 7:00 AM","94.7948806007261"
"Year 1 Jun 04 8:00 AM","133.352739614633"
"Year 1 Jun 04 9:00 AM","164.756216263254"
"Year 1 Jun 04 10:00 AM","198.161056704988"
"Year 1 Jun 04 11:00 AM","250.16749203017"
"Year 1 Jun 04 12:00 PM","286.904825976478"
"Year 1 Jun 04 1:00 PM","306.475043922889"
"Year 1 Jun 04 2:00 PM","302.235536815112"
"Year 1 Jun 04 3:00 PM","291.610882313525"
"Year 1 Jun 04 4:00 PM","223.73700274912"
"Year 1 Jun 04 5:00 PM","130.952769701107"
"Year 1 Jun 04 6:00 PM","79.2978054565585"
"Year 1 Jun 04 7:00 PM","35.5030372456711"
"Year 1 Jun 04 8:00 PM","2.43602677509304"
"Year 1 Jun 04 9:00 PM","0"
"Year 1 Jun 04 10:00 PM","0"
"Year 1 Jun 04 11:00 PM","0"
"Year 1 Jun 05 12:00 AM","0"
"Year 1 Jun 05 1:00 AM","0"
"Year 1 Jun 05 2:00 AM","0"
"Year 1 Jun 05 3:00 AM","0"
"Year 1 Jun 05 4:00 AM","0"
"Year 1 Jun 05 5:00 AM","14.5099293151015"
"Year 1 Jun 05 6:00 AM","43.065054604082"
"Year 1 Jun 05 7:00 AM","69.6609999424259"
"Year 1 Jun 05 8:00 AM","133.821537230945"
"Year 1 Jun 05 9:00 AM","165.075064408477"
"Year 1 Jun 05 10:00 AM","166.483644886977"
"Year 1 Jun 05 11:00 AM","111.117061809857"
"Year 1 Jun 05 12:00 PM","180.929087981274"
"Year 1 Jun 05 1:00 PM","292.817545228448"
"Year 1 Jun 05 2:00 PM","219.651423991455"
"Year 1 Jun 05 3:00 PM","95.6575258925572"
"Year 1 Jun 05 4:00 PM","74.1388296738709"
"Year 1 Jun 05 5:00 PM","60.6197188492736"
"Year 1 Jun 05 6:00 PM","42.3179531617917"
"Year 1 Jun 05 7:00 PM","23.45585568032"
"Year 1 Jun 05 8:00 PM","1.88588610273659"
"Year 1 Jun 05 9:00 PM","0"
"Year 1 Jun 05 10:00 PM","0"
"Year 1 Jun 05 11:00 PM","0"
"Year 1 Jun 06 12:00 AM","0"
"Year 1 Jun 06 1:00 AM","0"
"Year 1 Jun 06 2:00 AM","0"
"Year 1 Jun 06 3:00 AM","0"
"Year 1 Jun 06 4:00 AM","0"
"Year 1 Jun 06 5:00 AM","12.3250247493162"
"Year 1 Jun 06 6:00 AM","34.7004765609"
"Year 1 Jun 06 7:00 AM","55.3932074792734"
"Year 1 Jun 06 8:00 AM","84.4051551601075"
"Year 1 Jun 06 9:00 AM","131.01878631237"
"Year 1 Jun 06 10:00 AM","130.384787629249"
"Year 1 Jun 06 11:00 AM","124.867295200293"
"Year 1 Jun 06 12:00 PM","220.934412255221"
"Year 1 Jun 06 1:00 PM","194.043884048436"
"Year 1 Jun 06 2:00 PM","172.674238359056"
"Year 1 Jun 06 3:00 PM","129.99749641334"
"Year 1 Jun 06 4:00 PM","130.712002637449"
"Year 1 Jun 06 5:00 PM","93.3554654504563"
"Year 1 Jun 06 6:00 PM","70.8447080482468"
"Year 1 Jun 06 7:00 PM","28.7861820694254"
"Year 1 Jun 06 8:00 PM","1.88449527482896"
"Year 1 Jun 06 9:00 PM","0"
"Year 1 Jun 06 10:00 PM","0"
"Year 1 Jun 06 11:00 PM","0"
"Year 1 Jun 07 12:00 AM","0"
"Year 1 Jun 07 1:00 AM","0"
"Year 1 Jun 07 2:00 AM","0"
"Year 1 Jun 07 3:00 AM","0"
"Year 1 Jun 07 4:00 AM","0"
"Year 1 Jun 07 5:00 AM","18.5145340225054"
"Year 1 Jun 07 6:00 AM","66.7707929562454"
"Year 1 Jun 07 7:00 AM","102.48939423835"
"Year 1 Jun 07 8:00 AM","114.049601864057"
"Year 1 Jun 07 9:00 AM","153.677321057504"
"Year 1 Jun 07 10:00 AM","237.354175153959"
"Year 1 Jun 07 11:00 AM","165.257209420344"
"Year 1 Jun 07 12:00 PM","187.511118971499"
"Year 1 Jun 07 1:00 PM","266.136725261467"
"Year 1 Jun 07 2:00 PM","179.638319945461"
"Year 1 Jun 07 3:00 PM","187.050603212942"
"Year 1 Jun 07 4:00 PM","225.896901173251"
"Year 1 Jun 07 5:00 PM","166.112029992288"
"Year 1 Jun 07 6:00 PM","80.8553540603592"
"Year 1 Jun 07 7:00 PM","33.4686336720295"
"Year 1 Jun 07 8:00 PM","2.37017997579102"
"Year 1 Jun 07 9:00 PM","0"
"Year 1 Jun 07 10:00 PM","0"
"Year 1 Jun 07 11:00 PM","0"
"Year 1 Jun 08 12:00 AM","0"
"Year 1 Jun 08 1:00 AM","0"
"Year 1 Jun 08 2:00 AM","0"
"Year 1 Jun 08 3:00 AM","0"
"Year 1 Jun 08 4:00 AM","0"
"Year 1 Jun 08 5:00 AM","13.2156470281544"
"Year 1 Jun 08 6:00 AM","44.4502830235834"
"Year 1 Jun 08 7:00 AM","71.4665777693565"
"Year 1 Jun 08 8:00 AM","110.721131540351"
"Year 1 Jun 08 9:00 AM","131.987262143338"
"Year 1 Jun 08 10:00 AM","185.048030667592"
"Year 1 Jun 08 11:00 AM","292.590052614018"
"Year 1 Jun 08 12:00 PM","344.768747393781"
"Year 1 Jun 08 1:00 PM","332.206313392716"
"Year 1 Jun 08 2:00 PM","200.069364990055"
"Year 1 Jun 08 3:00 PM","113.421776384897"
"Year 1 Jun 08 4:00 PM","100.617496026568"
"Year 1 Jun 08 5:00 PM","130.979710014821"
"Year 1 Jun 08 6:00 PM","49.1455881039534"
"Year 1 Jun 08 7:00 PM","15.28125"
"Year 1 Jun 08 8:00 PM","1.40625"
"Year 1 Jun 08 9:00 PM","0"
"Year 1 Jun 08 10:00 PM","0"
"Year 1 Jun 08 11:00 PM","0"
"Year 1 Jun 09 12:00 AM","0"
"Year 1 Jun 09 1:00 AM","0"
"Year 1 Jun 09 2:00 AM","0"
"Year 1 Jun 09 3:00 AM","0"
"Year 1 Jun 09 4:00 AM","0"
"Year 1 Jun 09 5:00 AM","14.8098669173891"
"Year 1 Jun 09 6:00 AM","54.2272219141919"
"Year 1 Jun 09 7:00 AM","121.439283561508"
"Year 1 Jun 09 8:00 AM","210.545196536583"
"Year 1 Jun 09 9:00 AM","259.166961331691"
"Year 1 Jun 09 10:00 AM","258.683762325877"
"Year 1 Jun 09 11:00 AM","262.519952656908"
"Year 1 Jun 09 12:00 PM","310.809646160152"
"Year 1 Jun 09 1:00 PM","287.976366749385"
"Year 1 Jun 09 2:00 PM","270.354105957947"
"Year 1 Jun 09 3:00 PM","251.217661664003"
"Year 1 Jun 09 4:00 PM","185.038571812258"
"Year 1 Jun 09 5:00 PM","146.589370953912"
"Year 1 Jun 09 6:00 PM","85.3416009834257"
"Year 1 Jun 09 7:00 PM","20.0179883322366"
"Year 1 Jun 09 8:00 PM","1.3125"
"Year 1 Jun 09 9:00 PM","0"
"Year 1 Jun 09 10:00 PM","0"
"Year 1 Jun 09 11:00 PM","0"
"Year 1 Jun 10 12:00 AM","0"
"Year 1 Jun 10 1:00 AM","0"
"Year 1 Jun 10 2:00 AM","0"
"Year 1 Jun 10 3:00 AM","0"
"Year 1 Jun 10 4:00 AM","0"
"Year 1 Jun 10 5:00 AM","13.4436339042245"
"Year 1 Jun 10 6:00 AM","51.1320979695599"
"Year 1 Jun 10 7:00 AM","84.2353878443467"
"Year 1 Jun 10 8:00 AM","146.503891521245"
"Year 1 Jun 10 9:00 AM","202.945225161336"
"Year 1 Jun 10 10:00 AM","246.562431567872"
"Year 1 Jun 10 11:00 AM","278.942702987709"
"Year 1 Jun 10 12:00 PM","301.204540896917"
"Year 1 Jun 10 1:00 PM","314.109471306848"
"Year 1 Jun 10 2:00 PM","301.147979297378"
"Year 1 Jun 10 3:00 PM","281.489599211489"
"Year 1 Jun 10 4:00 PM","153.225021397677"
"Year 1 Jun 10 5:00 PM","166.270017803013"
"Year 1 Jun 10 6:00 PM","101.705747653088"
"Year 1 Jun 10 7:00 PM","34.1661355428324"
"Year 1 Jun 10 8:00 PM","3.23745374279599"
"Year 1 Jun 10 9:00 PM","0"
"Year 1 Jun 10 10:00 PM","0"
"Year 1 Jun 10 11:00 PM","0"
"Year 1 Jun 11 12:00 AM","0"
"Year 1 Jun 11 1:00 AM","0"
"Year 1 Jun 11 2:00 AM","0"
"Year 1 Jun 11 3:00 AM","0"
"Year 1 Jun 11 4:00 AM","0"
"Year 1 Jun 11 5:00 AM","18.0063620779977"
"Year 1 Jun 11 6:00 AM","63.7770186944718"
"Year 1 Jun 11 7:00 AM","113.911666352291"
"Year 1 Jun 11 8:00 AM","160.734676841937"
"Year 1 Jun 11 9:00 AM","199.6811029009"
"Year 1 Jun 11 10:00 AM","230.35842745027"
"Year 1 Jun 11 11:00 AM","251.102761992418"
"Year 1 Jun 11 12:00 PM","261.09088580459"
"Year 1 Jun 11 1:00 PM","283.847663031595"
"Year 1 Jun 11 2:00 PM","348.793637232409"
"Year 1 Jun 11 3:00 PM","320.096068828467"
"Year 1 Jun 11 4:00 PM","234.778572052701"
"Year 1 Jun 11 5:00 PM","159.354668701532"
"Year 1 Jun 11 6:00 PM","96.9670056176029"
"Year 1 Jun 11 7:00 PM","34.9728131379733"
"Year 1 Jun 11 8:00 PM","2.74683248393412"
"Year 1 Jun 11 9:00 PM","0"
"Year 1 Jun 11 10:00 PM","0"
"Year 1 Jun 11 11:00 PM","0"
"Year 1 Jun 12 12:00 AM","0"
"Year 1 Jun 12 1:00 AM","0"
"Year 1 Jun 12 2:00 AM","0"
"Year 1 Jun 12 3:00 AM","0"
"Year 1 Jun 12 4:00 AM","0"
"Year 1 Jun 12 5:00 AM","14.8640461078273"
"Year 1 Jun 12 6:00 AM","44.75696331197"
"Year 1 Jun 12 7:00 AM","70.4824347493314"
"Year 1 Jun 12 8:00 AM","98.0439317966747"
"Year 1 Jun 12 9:00 AM","142.762848195149"
"Year 1 Jun 12 10:00 AM","221.98420139191"
"Year 1 Jun 12 11:00 AM","309.296453928491"
"Year 1 Jun 12 12:00 PM","298.340946927835"
"Year 1 Jun 12 1:00 PM","328.269228716064"
"Year 1 Jun 12 2:00 PM","304.162149247408"
"Year 1 Jun 12 3:00 PM","236.654031684179"
"Year 1 Jun 12 4:00 PM","192.90931926076"
"Year 1 Jun 12 5:00 PM","144.400221290256"
"Year 1 Jun 12 6:00 PM","94.3495830958353"
"Year 1 Jun 12 7:00 PM","40.2717581804877"
"Year 1 Jun 12 8:00 PM","3.20561631583882"
"Year 1 Jun 12 9:00 PM","0"
"Year 1 Jun 12 10:00 PM","0"
"Year 1 Jun 12 11:00 PM","0"
"Year 1 Jun 13 12:00 AM","0"
"Year 1 Jun 13 1:00 AM","0"
"Year 1 Jun 13 2:00 AM","0"
"Year 1 Jun 13 3:00 AM","0"
"Year 1 Jun 13 4:00 AM","0"
"Year 1 Jun 13 5:00 AM","13.7875816214215"
"Year 1 Jun 13 6:00 AM","62.8308447466774"
"Year 1 Jun 13 7:00 AM","122.069990881126"
"Year 1 Jun 13 8:00 AM","136.644438994002"
"Year 1 Jun 13 9:00 AM","211.032395808294"
"Year 1 Jun 13 10:00 AM","262.183092135417"
"Year 1 Jun 13 11:00 AM","292.688542676668"
"Year 1 Jun 13 12:00 PM","301.473736544129"
"Year 1 Jun 13 1:00 PM","276.390680491361"
"Year 1 Jun 13 2:00 PM","239.476452523924"
"Year 1 Jun 13 3:00 PM","251.806272688989"
"Year 1 Jun 13 4:00 PM","225.480293581322"
"Year 1 Jun 13 5:00 PM","167.172541477851"
"Year 1 Jun 13 6:00 PM","78.9930341679738"
"Year 1 Jun 13 7:00 PM","29.9251801209192"
"Year 1 Jun 13 8:00 PM","2.85768930436945"
"Year 1 Jun 13 9:00 PM","0"
"Year 1 Jun 13 10:00 PM","0"
"Year 1 Jun 13 11:00 PM","0"
"Year 1 Jun 14 12:00 AM","0"
"Year 1 Jun 14 1:00 AM","0"
"Year 1 Jun 14 2:00 AM","0"
"Year 1 Jun 14 3:00 AM","0"
"Year 1 Jun 14 4:00 AM","0"
"Year 1 Jun 14 5:00 AM","19.9314908449286"
"Year 1 Jun 14 6:00 AM","75.3809790867286"
"Year 1 Jun 14 7:00 AM","129.695188976553"
"Year 1 Jun 14 8:00 AM","204.687143536409"
"Year 1 Jun 14 9:00 AM","277.830919929448"
"Year 1 Jun 14 10:00 AM","280.618857459708"
"Year 1 Jun 14 11:00 AM","296.763307844176"
"Year 1 Jun 14 12:00 PM","347.660238895521"
"Year 1 Jun 14 1:00 PM","311.313375170883"
"Year 1 Jun 14 2:00 PM","315.882377401277"
"Year 1 Jun 14 3:00 PM","263.450704817175"
"Year 1 Jun 14 4:00 PM","226.729819542026"
"Year 1 Jun 14 5:00 PM","154.034624468392"
"Year 1 Jun 14 6:00 PM","96.6141400617038"
"Year 1 Jun 14 7:00 PM","35.3313506740137"
"Year 1 Jun 14 8:00 PM","3.04117884439936"
"Year 1 Jun 14 9:00 PM","0"
"Year 1 Jun 14 10:00 PM","0"
"Year 1 Jun 14 11:00 PM","0"
"Year 1 Jun 15 12:00 AM","0"
"Year 1 Jun 15 1:00 AM","0"
"Year 1 Jun 15 2:00 AM","0"
"Year 1 Jun 15 3:00 AM","0"
"Year 1 Jun 15 4:00 AM","0"
"Year 1 Jun 15 5:00 AM","16.8891653389673"
"Year 1 Jun 15 6:00 AM","55.7654097690018"
"Year 1 Jun 15 7:00 AM","91.8758406398709"
"Year 1 Jun 15 8:00 AM","126.418756644484"
"Year 1 Jun 15 9:00 AM","154.898105986289"
"Year 1 Jun 15 10:00 AM","176.815520049423"
"Year 1 Jun 15 11:00 AM","191.532069165207"
"Year 1 Jun 15 12:00 PM","200.702530095387"
"Year 1 Jun 15 1:00 PM","198.979412104961"
"Year 1 Jun 15 2:00 PM","184.901440199848"
"Year 1 Jun 15 3:00 PM","165.593037912374"
"Year 1 Jun 15 4:00 PM","143.428077064941"
"Year 1 Jun 15 5:00 PM","118.221011548305"
"Year 1 Jun 15 6:00 PM","71.875632316084"
"Year 1 Jun 15 7:00 PM","35.9424808661248"
"Year 1 Jun 15 8:00 PM","3.24267946845683"
"Year 1 Jun 15 9:00 PM","0"
"Year 1 Jun 15 10:00 PM","0"
"Year 1 Jun 15 11:00 PM","0"
"Year 1 Jun 16 12:00 AM","0"
"Year 1 Jun 16 1:00 AM","0"
"Year 1 Jun 16 2:00 AM","0"
"Year 1 Jun 16 3:00 AM","0"
"Year 1 Jun 16 4:00 AM","0"
"Year 1 Jun 16 5:00 AM","17.987641282737"
"Year 1 Jun 16 6:00 AM","60.2321814827011"
"Year 1 Jun 16 7:00 AM","105.069396558334"
"Year 1 Jun 16 8:00 AM","160.61735734118"
"Year 1 Jun 16 9:00 AM","234.896841349044"
"Year 1 Jun 16 10:00 AM","249.494668122158"
"Year 1 Jun 16 11:00 AM","259.017672730396"
"Year 1 Jun 16 12:00 PM","285.354222231575"
"Year 1 Jun 16 1:00 PM","277.255817173119"
"Year 1 Jun 16 2:00 PM","254.733181411306"
"Year 1 Jun 16 3:00 PM","242.108950270485"
"Year 1 Jun 16 4:00 PM","205.940236861518"
"Year 1 Jun 16 5:00 PM","150.875984177837"
"Year 1 Jun 16 6:00 PM","91.7661323868909"
"Year 1 Jun 16 7:00 PM","34.5518593942947"
"Year 1 Jun 16 8:00 PM","3.18722626796074"
"Year 1 Jun 16 9:00 PM","0"
"Year 1 Jun 16 10:00 PM","0"
"Year 1 Jun 16 11:00 PM","0"
"Year 1 Jun 17 12:00 AM","0"
"Year 1 Jun 17 1:00 AM","0"
"Year 1 Jun 17 2:00 AM","0"
"Year 1 Jun 17 3:00 AM","0"
"Year 1 Jun 17 4:00 AM","0"
"Year 1 Jun 17 5:00 AM","14.4710841575249"
"Year 1 Jun 17 6:00 AM","48.8314537440101"
"Year 1 Jun 17 7:00 AM","101.939951892221"
"Year 1 Jun 17 8:00 AM","137.452518560843"
"Year 1 Jun 17 9:00 AM","233.802663023241"
"Year 1 Jun 17 10:00 AM","338.64735267325"
"Year 1 Jun 17 11:00 AM","315.165833799285"
"Year 1 Jun 17 12:00 PM","238.945167808422"
"Year 1 Jun 17 1:00 PM","255.266343206255"
"Year 1 Jun 17 2:00 PM","292.241864119073"
"Year 1 Jun 17 3:00 PM","236.430916903839"
"Year 1 Jun 17 4:00 PM","207.121920111493"
"Year 1 Jun 17 5:00 PM","80.1731100861747"
"Year 1 Jun 17 6:00 PM","76.0118169323859"
"Year 1 Jun 17 7:00 PM","34.9111063077786"
"Year 1 Jun 17 8:00 PM","2.96790950865125"
"Year 1 Jun 17 9:00 PM","0"
"Year 1 Jun 17 10:00 PM","0"
"Year 1 Jun 17 11:00 PM","0"
"Year 1 Jun 18 12:00 AM","0"
"Year 1 Jun 18 1:00 AM","0"
"Year 1 Jun 18 2:00 AM","0"
"Year 1 Jun 18 3:00 AM","0"
"Year 1 Jun 18 4:00 AM","0"
"Year 1 Jun 18 5:00 AM","14.5053185168986"
"Year 1 Jun 18 6:00 AM","59.232478645512"
"Year 1 Jun 18 7:00 AM","135.108004522799"
"Year 1 Jun 18 8:00 AM","145.654079984217"
"Year 1 Jun 18 9:00 AM","157.934353173347"
"Year 1 Jun 18 10:00 AM","220.164570645753"
"Year 1 Jun 18 11:00 AM","170.201852455667"
"Year 1 Jun 18 12:00 PM","210.885847085738"
"Year 1 Jun 18 1:00 PM","286.0458453159"
"Year 1 Jun 18 2:00 PM","315.982356229835"
"Year 1 Jun 18 3:00 PM","295.924332917537"
"Year 1 Jun 18 4:00 PM","235.400551890798"
"Year 1 Jun 18 5:00 PM","170.997372556318"
"Year 1 Jun 18 6:00 PM","77.0216872954514"
"Year 1 Jun 18 7:00 PM","36.5034728940085"
"Year 1 Jun 18 8:00 PM","3.59236668043437"
"Year 1 Jun 18 9:00 PM","0"
"Year 1 Jun 18 10:00 PM","0"
"Year 1 Jun 18 11:00 PM","0"
"Year 1 Jun 19 12:00 AM","0"
"Year 1 Jun 19 1:00 AM","0"
"Year 1 Jun 19 2:00 AM","0"
"Year 1 Jun 19 3:00 AM","0"
"Year 1 Jun 19 4:00 AM","0"
"Year 1 Jun 19 5:00 AM","14.955116091118"
"Year 1 Jun 19 6:00 AM","54.5645719494"
"Year 1 Jun 19 7:00 AM","121.6940696797"
"Year 1 Jun 19 8:00 AM","171.968902118711"
"Year 1 Jun 19 9:00 AM","220.058908893179"
"Year 1 Jun 19 10:00 AM","308.456973682272"
"Year 1 Jun 19 11:00 AM","348.401413011778"
"Year 1 Jun 19 12:00 PM","381.110513037212"
"Year 1 Jun 19 1:00 PM","390.701327289461"
"Year 1 Jun 19 2:00 PM","333.906309383772"
"Year 1 Jun 19 3:00 PM","288.535067483274"
"Year 1 Jun 19 4:00 PM","238.48606385478"
"Year 1 Jun 19 5:00 PM","147.731303816687"
"Year 1 Jun 19 6:00 PM","92.3860432387528"
"Year 1 Jun 19 7:00 PM","36.3309913323542"
"Year 1 Jun 19 8:00 PM","3.27989639991149"
"Year 1 Jun 19 9:00 PM","0"
"Year 1 Jun 19 10:00 PM","0"
"Year 1 Jun 19 11:00 PM","0"
"Year 1 Jun 20 12:00 AM","0"
"Year 1 Jun 20 1:00 AM","0"
"Year 1 Jun 20 2:00 AM","0"
"Year 1 Jun 20 3:00 AM","0"
"Year 1 Jun 20 4:00 AM","0"
"Year 1 Jun 20 5:00 AM","16.0056025597933"
"Year 1 Jun 20 6:00 AM","68.3006994839619"
"Year 1 Jun 20 7:00 AM","145.017225510858"
"Year 1 Jun 20 8:00 AM","202.094991767828"
"Year 1 Jun 20 9:00 AM","261.614976317666"
"Year 1 Jun 20 10:00 AM","311.876351162676"
"Year 1 Jun 20 11:00 AM","361.1158072648"
"Year 1 Jun 20 12:00 PM","332.034855185101"
"Year 1 Jun 20 1:00 PM","307.505643910789"
"Year 1 Jun 20 2:00 PM","292.680463446512"
"Year 1 Jun 20 3:00 PM","240.046378072792"
"Year 1 Jun 20 4:00 PM","221.195446474245"
"Year 1 Jun 20 5:00 PM","165.39791536054"
"Year 1 Jun 20 6:00 PM","95.8823206847083"
"Year 1 Jun 20 7:00 PM","34.2583770103343"
"Year 1 Jun 20 8:00 PM","3.24905823637209"
"Year 1 Jun 20 9:00 PM","0"
"Year 1 Jun 20 10:00 PM","0"
"Year 1 Jun 20 11:00 PM","0"
"Year 1 Jun 21 12:00 AM","0"
"Year 1 Jun 21 1:00 AM","0"
"Year 1 Jun 21 2:00 AM","0"
"Year 1 Jun 21 3:00 AM","0"
"Year 1 Jun 21 4:00 AM","0"
"Year 1 Jun 21 5:00 AM","16.43892442572"
"Year 1 Jun 21 6:00 AM","55.8460072585812"
"Year 1 Jun 21 7:00 AM","92.5997388141372"
"Year 1 Jun 21 8:00 AM","127.324984430888"
"Year 1 Jun 21 9:00 AM","156.470182046671"
"Year 1 Jun 21 10:00 AM","177.023564780594"
"Year 1 Jun 21 11:00 AM","186.78814844828"
"Year 1 Jun 21 12:00 PM","198.336912803723"
"Year 1 Jun 21 1:00 PM","197.508768877039"
"Year 1 Jun 21 2:00 PM","207.165187571933"
"Year 1 Jun 21 3:00 PM","200.94921875048"
"Year 1 Jun 21 4:00 PM","162.086246470036"
"Year 1 Jun 21 5:00 PM","111.323005664868"
"Year 1 Jun 21 6:00 PM","73.9956638786127"
"Year 1 Jun 21 7:00 PM","37.0168032174033"
"Year 1 Jun 21 8:00 PM","3.72479507003076"
"Year 1 Jun 21 9:00 PM","0"
"Year 1 Jun 21 10:00 PM","0"
"Year 1 Jun 21 11:00 PM","0"
"Year 1 Jun 22 12:00 AM","0"
"Year 1 Jun 22 1:00 AM","0"
"Year 1 Jun 22 2:00 AM","0"
"Year 1 Jun 22 3:00 AM","0"
"Year 1 Jun 22 4:00 AM","0"
"Year 1 Jun 22 5:00 AM","15.892432975781"
"Year 1 Jun 22 6:00 AM","55.2878972806986"
"Year 1 Jun 22 7:00 AM","102.782570235519"
"Year 1 Jun 22 8:00 AM","164.753609221214"
"Year 1 Jun 22 9:00 AM","213.530209197976"
"Year 1 Jun 22 10:00 AM","210.934346280224"
"Year 1 Jun 22 11:00 AM","153.813802374796"
"Year 1 Jun 22 12:00 PM","126.521348300547"
"Year 1 Jun 22 1:00 PM","157.134341335926"
"Year 1 Jun 22 2:00 PM","131.573784010947"
"Year 1 Jun 22 3:00 PM","180.80457996547"
"Year 1 Jun 22 4:00 PM","152.200192800403"
"Year 1 Jun 22 5:00 PM","120.366419564073"
"Year 1 Jun 22 6:00 PM","69.1853496363774"
"Year 1 Jun 22 7:00 PM","32.5446522505882"
"Year 1 Jun 22 8:00 PM","3.26437151006321"
"Year 1 Jun 22 9:00 PM","0"
"Year 1 Jun 22 10:00 PM","0"
"Year 1 Jun 22 11:00 PM","0"
"Year 1 Jun 23 12:00 AM","0"
"Year 1 Jun 23 1:00 AM","0"
"Year 1 Jun 23 2:00 AM","0"
"Year 1 Jun 23 3:00 AM","0"
"Year 1 Jun 23 4:00 AM","0"
"Year 1 Jun 23 5:00 AM","11.7191097052448"
"Year 1 Jun 23 6:00 AM","42.634392041352"
"Year 1 Jun 23 7:00 AM","93.2077891922042"
"Year 1 Jun 23 8:00 AM","126.126042129464"
"Year 1 Jun 23 9:00 AM","194.288864218041"
"Year 1 Jun 23 10:00 AM","277.637987012067"
"Year 1 Jun 23 11:00 AM","256.329902959275"
"Year 1 Jun 23 12:00 PM","240.08550835638"
"Year 1 Jun 23 1:00 PM","271.35071978384"
"Year 1 Jun 23 2:00 PM","299.453222421183"
"Year 1 Jun 23 3:00 PM","254.569538683132"
"Year 1 Jun 23 4:00 PM","250.42885000649"
"Year 1 Jun 23 5:00 PM","153.16599137296"
"Year 1 Jun 23 6:00 PM","86.457582301946"
"Year 1 Jun 23 7:00 PM","36.7009235250101"
"Year 1 Jun 23 8:00 PM","3.24367507060205"
"Year 1 Jun 23 9:00 PM","0"
"Year 1 Jun 23 10:00 PM","0"
"Year 1 Jun 23 11:00 PM","0"
"Year 1 Jun 24 12:00 AM","0"
"Year 1 Jun 24 1:00 AM","0"
"Year 1 Jun 24 2:00 AM","0"
"Year 1 Jun 24 3:00 AM","0"
"Year 1 Jun 24 4:00 AM","0"
"Year 1 Jun 24 5:00 AM","12.9679578874945"
"Year 1 Jun 24 6:00 AM","40.8178231824856"
"Year 1 Jun 24 7:00 AM","62.0165122216124"
"Year 1 Jun 24 8:00 AM","81.8765091016155"
"Year 1 Jun 24 9:00 AM","97.9859928780147"
"Year 1 Jun 24 10:00 AM","106.064498143792"
"Year 1 Jun 24 11:00 AM","144.221881994923"
"Year 1 Jun 24 12:00 PM","219.778539274748"
"Year 1 Jun 24 1:00 PM","112.911082362671"
"Year 1 Jun 24 2:00 PM","109.596380662616"
"Year 1 Jun 24 3:00 PM","102.621275331065"
"Year 1 Jun 24 4:00 PM","91.2339328886636"
"Year 1 Jun 24 5:00 PM","72.1868788438464"
"Year 1 Jun 24 6:00 PM","51.6810589483169"
"Year 1 Jun 24 7:00 PM","29.0052030733057"
"Year 1 Jun 24 8:00 PM","3.31516402114333"
"Year 1 Jun 24 9:00 PM","0"
"Year 1 Jun 24 10:00 PM","0"
"Year 1 Jun 24 11:00 PM","0"
"Year 1 Jun 25 12:00 AM","0"
"Year 1 Jun 25 1:00 AM","0"
"Year 1 Jun 25 2:00 AM","0"
"Year 1 Jun 25 3:00 AM","0"
"Year 1 Jun 25 4:00 AM","0"
"Year 1 Jun 25 5:00 AM","14.2533136532329"
"Year 1 Jun 25 6:00 AM","41.4039968123269"
"Year 1 Jun 25 7:00 AM","66.1703162952914"
"Year 1 Jun 25 8:00 AM","90.4472060146218"
"Year 1 Jun 25 9:00 AM","104.397101611426"
"Year 1 Jun 25 10:00 AM","124.020336805288"
"Year 1 Jun 25 11:00 AM","155.300418841506"
"Year 1 Jun 25 12:00 PM","177.324710044783"
"Year 1 Jun 25 1:00 PM","170.141237856779"
"Year 1 Jun 25 2:00 PM","141.6378811105"
"Year 1 Jun 25 3:00 PM","117.952319777999"
"Year 1 Jun 25 4:00 PM","93.3033563870569"
"Year 1 Jun 25 5:00 PM","75.4602345729449"
"Year 1 Jun 25 6:00 PM","53.8872335424981"
"Year 1 Jun 25 7:00 PM","29.7466538095671"
"Year 1 Jun 25 8:00 PM","3.36460811500418"
"Year 1 Jun 25 9:00 PM","0"
"Year 1 Jun 25 10:00 PM","0"
"Year 1 Jun 25 11:00 PM","0"
"Year 1 Jun 26 12:00 AM","0"
"Year 1 Jun 26 1:00 AM","0"
"Year 1 Jun 26 2:00 AM","0"
"Year 1 Jun 26 3:00 AM","0"
"Year 1 Jun 26 4:00 AM","0"
"Year 1 Jun 26 5:00 AM","13.45028966148"
"Year 1 Jun 26 6:00 AM","43.9876898476484"
"Year 1 Jun 26 7:00 AM","85.4003395881921"
"Year 1 Jun 26 8:00 AM","122.170868887886"
"Year 1 Jun 26 9:00 AM","83.2109761265324"
"Year 1 Jun 26 10:00 AM","95.5469082876266"
"Year 1 Jun 26 11:00 AM","108.686370411692"
"Year 1 Jun 26 12:00 PM","169.325799360151"
"Year 1 Jun 26 1:00 PM","178.805184845133"
"Year 1 Jun 26 2:00 PM","135.335631159098"
"Year 1 Jun 26 3:00 PM","83.1207278182299"
"Year 1 Jun 26 4:00 PM","112.104853056229"
"Year 1 Jun 26 5:00 PM","106.104662598071"
"Year 1 Jun 26 6:00 PM","69.5429855359449"
"Year 1 Jun 26 7:00 PM","33.8852952262482"
"Year 1 Jun 26 8:00 PM","3.31129459784911"
"Year 1 Jun 26 9:00 PM","0"
"Year 1 Jun 26 10:00 PM","0"
"Year 1 Jun 26 11:00 PM","0"
"Year 1 Jun 27 12:00 AM","0"
"Year 1 Jun 27 1:00 AM","0"
"Year 1 Jun 27 2:00 AM","0"
"Year 1 Jun 27 3:00 AM","0"
"Year 1 Jun 27 4:00 AM","0"
"Year 1 Jun 27 5:00 AM","14.6667672463618"
"Year 1 Jun 27 6:00 AM","63.5285011597201"
"Year 1 Jun 27 7:00 AM","132.80586850484"
"Year 1 Jun 27 8:00 AM","173.807927571471"
"Year 1 Jun 27 9:00 AM","241.485066292844"
"Year 1 Jun 27 10:00 AM","266.275721397822"
"Year 1 Jun 27 11:00 AM","347.046725133199"
"Year 1 Jun 27 12:00 PM","317.858440391408"
"Year 1 Jun 27 1:00 PM","301.658627400706"
"Year 1 Jun 27 2:00 PM","324.00171053894"
"Year 1 Jun 27 3:00 PM","287.985821155127"
"Year 1 Jun 27 4:00 PM","241.107696552495"
"Year 1 Jun 27 5:00 PM","175.455047013749"
"Year 1 Jun 27 6:00 PM","90.9654614602059"
"Year 1 Jun 27 7:00 PM","39.0702866792493"
"Year 1 Jun 27 8:00 PM","3.67638653161554"
"Year 1 Jun 27 9:00 PM","0"
"Year 1 Jun 27 10:00 PM","0"
"Year 1 Jun 27 11:00 PM","0"
"Year 1 Jun 28 12:00 AM","0"
"Year 1 Jun 28 1:00 AM","0"
"Year 1 Jun 28 2:00 AM","0"
"Year 1 Jun 28 3:00 AM","0"
"Year 1 Jun 28 4:00 AM","0"
"Year 1 Jun 28 5:00 AM","12.566213472068"
"Year 1 Jun 28 6:00 AM","36.9080762284465"
"Year 1 Jun 28 7:00 AM","59.324123203864"
"Year 1 Jun 28 8:00 AM","85.686510108857"
"Year 1 Jun 28 9:00 AM","103.175748735663"
"Year 1 Jun 28 10:00 AM","178.161849200548"
"Year 1 Jun 28 11:00 AM","238.057581820594"
"Year 1 Jun 28 12:00 PM","301.941385370023"
"Year 1 Jun 28 1:00 PM","267.849832788194"
"Year 1 Jun 28 2:00 PM","257.221359015775"
"Year 1 Jun 28 3:00 PM","257.704463205818"
"Year 1 Jun 28 4:00 PM","157.746142450118"
"Year 1 Jun 28 5:00 PM","130.668028973664"
"Year 1 Jun 28 6:00 PM","86.9957481600832"
"Year 1 Jun 28 7:00 PM","35.5134547193319"
"Year 1 Jun 28 8:00 PM","2.55720738490345"
"Year 1 Jun 28 9:00 PM","0"
"Year 1 Jun 28 10:00 PM","0"
"Year 1 Jun 28 11:00 PM","0"
"Year 1 Jun 29 12:00 AM","0"
"Year 1 Jun 29 1:00 AM","0"
"Year 1 Jun 29 2:00 AM","0"
"Year 1 Jun 29 3:00 AM","0"
"Year 1 Jun 29 4:00 AM","0"
"Year 1 Jun 29 5:00 AM","7.03125"
"Year 1 Jun 29 6:00 AM","29.8922308876731"
"Year 1 Jun 29 7:00 AM","98.676748830152"
"Year 1 Jun 29 8:00 AM","169.314398465352"
"Year 1 Jun 29 9:00 AM","217.827848875885"
"Year 1 Jun 29 10:00 AM","265.751744255088"
"Year 1 Jun 29 11:00 AM","329.609256931707"
"Year 1 Jun 29 12:00 PM","178.405413665632"
"Year 1 Jun 29 1:00 PM","140.146225389727"
"Year 1 Jun 29 2:00 PM","160.843150918035"
"Year 1 Jun 29 3:00 PM","161.52064989842"
"Year 1 Jun 29 4:00 PM","187.036908081554"
"Year 1 Jun 29 5:00 PM","142.135302033255"
"Year 1 Jun 29 6:00 PM","75.5947994417815"
"Year 1 Jun 29 7:00 PM","30.6049453884874"
"Year 1 Jun 29 8:00 PM","3.34002890021696"
"Year 1 Jun 29 9:00 PM","0"
"Year 1 Jun 29 10:00 PM","0"
"Year 1 Jun 29 11:00 PM","0"
"Year 1 Jun 30 12:00 AM","0"
"Year 1 Jun 30 1:00 AM","0"
"Year 1 Jun 30 2:00 AM","0"
"Year 1 Jun 30 3:00 AM","0"
"Year 1 Jun 30 4:00 AM","0"
"Year 1 Jun 30 5:00 AM","13.9401420087882"
"Year 1 Jun 30 6:00 AM","48.9829091574436"
"Year 1 Jun 30 7:00 AM","76.6214574043002"
"Year 1 Jun 30 8:00 AM","108.375331494321"
"Year 1 Jun 30 9:00 AM","134.745265084852"
"Year 1 Jun 30 10:00 AM","166.846819149419"
"Year 1 Jun 30 11:00 AM","259.329135104121"
"Year 1 Jun 30 12:00 PM","229.010020101534"
"Year 1 Jun 30 1:00 PM","279.324427423292"
"Year 1 Jun 30 2:00 PM","284.107654358118"
"Year 1 Jun 30 3:00 PM","252.139443827921"
"Year 1 Jun 30 4:00 PM","138.208672760788"
"Year 1 Jun 30 5:00 PM","139.081869375879"
"Year 1 Jun 30 6:00 PM","57.0651883321262"
"Year 1 Jun 30 7:00 PM","27.0363786217774"
"Year 1 Jun 30 8:00 PM","2.89144286453446"
"Year 1 Jun 30 9:00 PM","0"
"Year 1 Jun 30 10:00 PM","0"
"Year 1 Jun 30 11:00 PM","0"
"Year 1 Jul 01 12:00 AM","0"
"Year 1 Jul 01 1:00 AM","0"
"Year 1 Jul 01 2:00 AM","0"
"Year 1 Jul 01 3:00 AM","0"
"Year 1 Jul 01 4:00 AM","0"
"Year 1 Jul 01 5:00 AM","11.1691313637069"
"Year 1 Jul 01 6:00 AM","48.9754855449567"
"Year 1 Jul 01 7:00 AM","125.022365218556"
"Year 1 Jul 01 8:00 AM","180.852696806079"
"Year 1 Jul 01 9:00 AM","240.187423208222"
"Year 1 Jul 01 10:00 AM","290.967652352291"
"Year 1 Jul 01 11:00 AM","339.267727912472"
"Year 1 Jul 01 12:00 PM","348.412315037417"
"Year 1 Jul 01 1:00 PM","360.378260634728"
"Year 1 Jul 01 2:00 PM","327.85782639315"
"Year 1 Jul 01 3:00 PM","277.349283197174"
"Year 1 Jul 01 4:00 PM","136.714480889411"
"Year 1 Jul 01 5:00 PM","104.806087369477"
"Year 1 Jul 01 6:00 PM","84.4756214013607"
"Year 1 Jul 01 7:00 PM","40.4873693553913"
"Year 1 Jul 01 8:00 PM","4.25577140803512"
"Year 1 Jul 01 9:00 PM","0"
"Year 1 Jul 01 10:00 PM","0"
"Year 1 Jul 01 11:00 PM","0"
"Year 1 Jul 02 12:00 AM","0"
"Year 1 Jul 02 1:00 AM","0"
"Year 1 Jul 02 2:00 AM","0"
"Year 1 Jul 02 3:00 AM","0"
"Year 1 Jul 02 4:00 AM","0"
"Year 1 Jul 02 5:00 AM","16.7122799056983"
"Year 1 Jul 02 6:00 AM","65.6048474279235"
"Year 1 Jul 02 7:00 AM","128.165984624418"
"Year 1 Jul 02 8:00 AM","196.398240587915"
"Year 1 Jul 02 9:00 AM","258.96533572885"
"Year 1 Jul 02 10:00 AM","290.927171926733"
"Year 1 Jul 02 11:00 AM","290.898963364098"
"Year 1 Jul 02 12:00 PM","300.237886271658"
"Year 1 Jul 02 1:00 PM","298.797280964849"
"Year 1 Jul 02 2:00 PM","247.355957098694"
"Year 1 Jul 02 3:00 PM","253.258614616838"
"Year 1 Jul 02 4:00 PM","189.898802520197"
"Year 1 Jul 02 5:00 PM","145.668948805483"
"Year 1 Jul 02 6:00 PM","86.9331715794212"
"Year 1 Jul 02 7:00 PM","39.9362699750652"
"Year 1 Jul 02 8:00 PM","3.71211019210106"
"Year 1 Jul 02 9:00 PM","0"
"Year 1 Jul 02 10:00 PM","0"
"Year 1 Jul 02 11:00 PM","0"
"Year 1 Jul 03 12:00 AM","0"
"Year 1 Jul 03 1:00 AM","0"
"Year 1 Jul 03 2:00 AM","0"
"Year 1 Jul 03 3:00 AM","0"
"Year 1 Jul 03 4:00 AM","0"
"Year 1 Jul 03 5:00 AM","15.8134540911798"
"Year 1 Jul 03 6:00 AM","55.5297842432725"
"Year 1 Jul 03 7:00 AM","96.6668369318381"
"Year 1 Jul 03 8:00 AM","135.022208257389"
"Year 1 Jul 03 9:00 AM","166.543178510401"
"Year 1 Jul 03 10:00 AM","188.254329172805"
"Year 1 Jul 03 11:00 AM","204.84808477803"
"Year 1 Jul 03 12:00 PM","214.660521097518"
"Year 1 Jul 03 1:00 PM","233.337131582145"
"Year 1 Jul 03 2:00 PM","260.27229057686"
"Year 1 Jul 03 3:00 PM","193.870205929888"
"Year 1 Jul 03 4:00 PM","175.966226738283"
"Year 1 Jul 03 5:00 PM","126.509122037405"
"Year 1 Jul 03 6:00 PM","77.2065224133205"
"Year 1 Jul 03 7:00 PM","37.9273750191801"
"Year 1 Jul 03 8:00 PM","3.92540903059475"
"Year 1 Jul 03 9:00 PM","0"
"Year 1 Jul 03 10:00 PM","0"
"Year 1 Jul 03 11:00 PM","0"
"Year 1 Jul 04 12:00 AM","0"
"Year 1 Jul 04 1:00 AM","0"
"Year 1 Jul 04 2:00 AM","0"
"Year 1 Jul 04 3:00 AM","0"
"Year 1 Jul 04 4:00 AM","0"
"Year 1 Jul 04 5:00 AM","15.4556120756627"
"Year 1 Jul 04 6:00 AM","55.4583367737009"
"Year 1 Jul 04 7:00 AM","107.257978695134"
"Year 1 Jul 04 8:00 AM","192.601100255866"
"Year 1 Jul 04 9:00 AM","230.805729184757"
"Year 1 Jul 04 10:00 AM","268.061837520916"
"Year 1 Jul 04 11:00 AM","301.952966661494"
"Year 1 Jul 04 12:00 PM","233.059271106772"
"Year 1 Jul 04 1:00 PM","206.17065366422"
"Year 1 Jul 04 2:00 PM","235.350075273423"
"Year 1 Jul 04 3:00 PM","200.87089497175"
"Year 1 Jul 04 4:00 PM","156.909243315564"
"Year 1 Jul 04 5:00 PM","121.797753645337"
"Year 1 Jul 04 6:00 PM","85.9257882082296"
"Year 1 Jul 04 7:00 PM","39.1029809784699"
"Year 1 Jul 04 8:00 PM","3.56791300556162"
"Year 1 Jul 04 9:00 PM","0"
"Year 1 Jul 04 10:00 PM","0"
"Year 1 Jul 04 11:00 PM","0"
"Year 1 Jul 05 12:00 AM","0"
"Year 1 Jul 05 1:00 AM","0"
"Year 1 Jul 05 2:00 AM","0"
"Year 1 Jul 05 3:00 AM","0"
"Year 1 Jul 05 4:00 AM","0"
"Year 1 Jul 05 5:00 AM","13.9435158433547"
"Year 1 Jul 05 6:00 AM","48.4729737832309"
"Year 1 Jul 05 7:00 AM","69.0407240308787"
"Year 1 Jul 05 8:00 AM","92.7881650619356"
"Year 1 Jul 05 9:00 AM","113.697467905098"
"Year 1 Jul 05 10:00 AM","131.240868873531"
"Year 1 Jul 05 11:00 AM","146.227024483378"
"Year 1 Jul 05 12:00 PM","147.341409071217"
"Year 1 Jul 05 1:00 PM","140.309771286553"
"Year 1 Jul 05 2:00 PM","162.008283821181"
"Year 1 Jul 05 3:00 PM","185.381013350137"
"Year 1 Jul 05 4:00 PM","159.865889970739"
"Year 1 Jul 05 5:00 PM","115.954319913934"
"Year 1 Jul 05 6:00 PM","60.8967412897029"
"Year 1 Jul 05 7:00 PM","31.6760039166519"
"Year 1 Jul 05 8:00 PM","3.50721835772905"
"Year 1 Jul 05 9:00 PM","0"
"Year 1 Jul 05 10:00 PM","0"
"Year 1 Jul 05 11:00 PM","0"
"Year 1 Jul 06 12:00 AM","0"
"Year 1 Jul 06 1:00 AM","0"
"Year 1 Jul 06 2:00 AM","0"
"Year 1 Jul 06 3:00 AM","0"
"Year 1 Jul 06 4:00 AM","0"
"Year 1 Jul 06 5:00 AM","12.8612124706077"
"Year 1 Jul 06 6:00 AM","41.2630503158466"
"Year 1 Jul 06 7:00 AM","66.404208136107"
"Year 1 Jul 06 8:00 AM","87.0872835186307"
"Year 1 Jul 06 9:00 AM","105.183777852853"
"Year 1 Jul 06 10:00 AM","118.141994698554"
"Year 1 Jul 06 11:00 AM","123.008326017191"
"Year 1 Jul 06 12:00 PM","143.689013199414"
"Year 1 Jul 06 1:00 PM","207.745994983868"
"Year 1 Jul 06 2:00 PM","232.825685718481"
"Year 1 Jul 06 3:00 PM","220.864187810173"
"Year 1 Jul 06 4:00 PM","180.692864145164"
"Year 1 Jul 06 5:00 PM","105.025323268881"
"Year 1 Jul 06 6:00 PM","61.7556353224323"
"Year 1 Jul 06 7:00 PM","18.3131463671437"
"Year 1 Jul 06 8:00 PM","1.6875"
"Year 1 Jul 06 9:00 PM","0"
"Year 1 Jul 06 10:00 PM","0"
"Year 1 Jul 06 11:00 PM","0"
"Year 1 Jul 07 12:00 AM","0"
"Year 1 Jul 07 1:00 AM","0"
"Year 1 Jul 07 2:00 AM","0"
"Year 1 Jul 07 3:00 AM","0"
"Year 1 Jul 07 4:00 AM","0"
"Year 1 Jul 07 5:00 AM","11.7107696495262"
"Year 1 Jul 07 6:00 AM","58.9819019398675"
"Year 1 Jul 07 7:00 AM","105.475625770873"
"Year 1 Jul 07 8:00 AM","167.158461453556"
"Year 1 Jul 07 9:00 AM","262.022806736739"
"Year 1 Jul 07 10:00 AM","291.566378494641"
"Year 1 Jul 07 11:00 AM","295.127037068736"
"Year 1 Jul 07 12:00 PM","332.112118867236"
"Year 1 Jul 07 1:00 PM","331.13914978533"
"Year 1 Jul 07 2:00 PM","258.355251859987"
"Year 1 Jul 07 3:00 PM","184.070091403936"
"Year 1 Jul 07 4:00 PM","138.96643002473"
"Year 1 Jul 07 5:00 PM","79.7587276839757"
"Year 1 Jul 07 6:00 PM","64.8719461573795"
"Year 1 Jul 07 7:00 PM","32.4484436689987"
"Year 1 Jul 07 8:00 PM","3.55204562811391"
"Year 1 Jul 07 9:00 PM","0"
"Year 1 Jul 07 10:00 PM","0"
"Year 1 Jul 07 11:00 PM","0"
"Year 1 Jul 08 12:00 AM","0"
"Year 1 Jul 08 1:00 AM","0"
"Year 1 Jul 08 2:00 AM","0"
"Year 1 Jul 08 3:00 AM","0"
"Year 1 Jul 08 4:00 AM","0"
"Year 1 Jul 08 5:00 AM","8.58767789435294"
"Year 1 Jul 08 6:00 AM","33.8992514361024"
"Year 1 Jul 08 7:00 AM","79.1930930422512"
"Year 1 Jul 08 8:00 AM","149.824601377774"
"Year 1 Jul 08 9:00 AM","208.313403618472"
"Year 1 Jul 08 10:00 AM","245.181854799398"
"Year 1 Jul 08 11:00 AM","297.238555685683"
"Year 1 Jul 08 12:00 PM","314.663878669368"
"Year 1 Jul 08 1:00 PM","149.335452463741"
"Year 1 Jul 08 2:00 PM","157.529797771796"
"Year 1 Jul 08 3:00 PM","251.084075290474"
"Year 1 Jul 08 4:00 PM","167.024824695969"
"Year 1 Jul 08 5:00 PM","140.04355629016"
"Year 1 Jul 08 6:00 PM","92.4225912726199"
"Year 1 Jul 08 7:00 PM","29.3630352173544"
"Year 1 Jul 08 8:00 PM","2.3077222410529"
"Year 1 Jul 08 9:00 PM","0"
"Year 1 Jul 08 10:00 PM","0"
"Year 1 Jul 08 11:00 PM","0"
"Year 1 Jul 09 12:00 AM","0"
"Year 1 Jul 09 1:00 AM","0"
"Year 1 Jul 09 2:00 AM","0"
"Year 1 Jul 09 3:00 AM","0"
"Year 1 Jul 09 4:00 AM","0"
"Year 1 Jul 09 5:00 AM","12.5874968035805"
"Year 1 Jul 09 6:00 AM","44.0212793193327"
"Year 1 Jul 09 7:00 AM","83.9383959997615"
"Year 1 Jul 09 8:00 AM","146.284022350393"
"Year 1 Jul 09 9:00 AM","223.289406890744"
"Year 1 Jul 09 10:00 AM","318.577923525683"
"Year 1 Jul 09 11:00 AM","341.734668478586"
"Year 1 Jul 09 12:00 PM","340.602699665388"
"Year 1 Jul 09 1:00 PM","297.931183772156"
"Year 1 Jul 09 2:00 PM","276.016506274971"
"Year 1 Jul 09 3:00 PM","243.436325291719"
"Year 1 Jul 09 4:00 PM","225.325724047976"
"Year 1 Jul 09 5:00 PM","131.91209739785"
"Year 1 Jul 09 6:00 PM","79.0832818034172"
"Year 1 Jul 09 7:00 PM","36.4790311077184"
"Year 1 Jul 09 8:00 PM","3.27062662095154"
"Year 1 Jul 09 9:00 PM","0"
"Year 1 Jul 09 10:00 PM","0"
"Year 1 Jul 09 11:00 PM","0"
"Year 1 Jul 10 12:00 AM","0"
"Year 1 Jul 10 1:00 AM","0"
"Year 1 Jul 10 2:00 AM","0"
"Year 1 Jul 10 3:00 AM","0"
"Year 1 Jul 10 4:00 AM","0"
"Year 1 Jul 10 5:00 AM","10.5077945487133"
"Year 1 Jul 10 6:00 AM","40.9397695476661"
"Year 1 Jul 10 7:00 AM","94.3313825407644"
"Year 1 Jul 10 8:00 AM","188.557849279087"
"Year 1 Jul 10 9:00 AM","225.762711524652"
"Year 1 Jul 10 10:00 AM","284.283963310792"
"Year 1 Jul 10 11:00 AM","269.041175844555"
"Year 1 Jul 10 12:00 PM","235.368899098575"
"Year 1 Jul 10 1:00 PM","307.018075851111"
"Year 1 Jul 10 2:00 PM","302.984665482385"
"Year 1 Jul 10 3:00 PM","185.717823098003"
"Year 1 Jul 10 4:00 PM","154.374719707472"
"Year 1 Jul 10 5:00 PM","157.474781333874"
"Year 1 Jul 10 6:00 PM","95.7918965162331"
"Year 1 Jul 10 7:00 PM","37.8917030833991"
"Year 1 Jul 10 8:00 PM","3.71549440445643"
"Year 1 Jul 10 9:00 PM","0"
"Year 1 Jul 10 10:00 PM","0"
"Year 1 Jul 10 11:00 PM","0"
"Year 1 Jul 11 12:00 AM","0"
"Year 1 Jul 11 1:00 AM","0"
"Year 1 Jul 11 2:00 AM","0"
"Year 1 Jul 11 3:00 AM","0"
"Year 1 Jul 11 4:00 AM","0"
"Year 1 Jul 11 5:00 AM","11.9181766356344"
"Year 1 Jul 11 6:00 AM","54.0960637269938"
"Year 1 Jul 11 7:00 AM","108.593598144417"
"Year 1 Jul 11 8:00 AM","156.720875431797"
"Year 1 Jul 11 9:00 AM","141.220755902108"
"Year 1 Jul 11 10:00 AM","170.4149537981"
"Year 1 Jul 11 11:00 AM","233.301909524869"
"Year 1 Jul 11 12:00 PM","343.041158060434"
"Year 1 Jul 11 1:00 PM","331.087291849215"
"Year 1 Jul 11 2:00 PM","311.372487592097"
"Year 1 Jul 11 3:00 PM","273.959463551145"
"Year 1 Jul 11 4:00 PM","210.465435655248"
"Year 1 Jul 11 5:00 PM","155.447798608856"
"Year 1 Jul 11 6:00 PM","100.059591297167"
"Year 1 Jul 11 7:00 PM","36.8866255798637"
"Year 1 Jul 11 8:00 PM","3.46419128938157"
"Year 1 Jul 11 9:00 PM","0"
"Year 1 Jul 11 10:00 PM","0"
"Year 1 Jul 11 11:00 PM","0"
"Year 1 Jul 12 12:00 AM","0"
"Year 1 Jul 12 1:00 AM","0"
"Year 1 Jul 12 2:00 AM","0"
"Year 1 Jul 12 3:00 AM","0"
"Year 1 Jul 12 4:00 AM","0"
"Year 1 Jul 12 5:00 AM","12.5283348866841"
"Year 1 Jul 12 6:00 AM","49.5658757341795"
"Year 1 Jul 12 7:00 AM","72.4769716528591"
"Year 1 Jul 12 8:00 AM","157.701800604549"
"Year 1 Jul 12 9:00 AM","154.103349416225"
"Year 1 Jul 12 10:00 AM","297.881579492325"
"Year 1 Jul 12 11:00 AM","271.295147921569"
"Year 1 Jul 12 12:00 PM","293.600990790718"
"Year 1 Jul 12 1:00 PM","368.396163283495"
"Year 1 Jul 12 2:00 PM","334.50346454544"
"Year 1 Jul 12 3:00 PM","272.249366229984"
"Year 1 Jul 12 4:00 PM","137.715508878182"
"Year 1 Jul 12 5:00 PM","157.289803494791"
"Year 1 Jul 12 6:00 PM","99.1380039401749"
"Year 1 Jul 12 7:00 PM","49.3920925805615"
"Year 1 Jul 12 8:00 PM","3.98388798298411"
"Year 1 Jul 12 9:00 PM","0"
"Year 1 Jul 12 10:00 PM","0"
"Year 1 Jul 12 11:00 PM","0"
"Year 1 Jul 13 12:00 AM","0"
"Year 1 Jul 13 1:00 AM","0"
"Year 1 Jul 13 2:00 AM","0"
"Year 1 Jul 13 3:00 AM","0"
"Year 1 Jul 13 4:00 AM","0"
"Year 1 Jul 13 5:00 AM","10.364500283489"
"Year 1 Jul 13 6:00 AM","48.3103383878072"
"Year 1 Jul 13 7:00 AM","83.3317228813351"
"Year 1 Jul 13 8:00 AM","117.866828629876"
"Year 1 Jul 13 9:00 AM","150.062472432996"
"Year 1 Jul 13 10:00 AM","180.606536656129"
"Year 1 Jul 13 11:00 AM","193.508700886535"
"Year 1 Jul 13 12:00 PM","197.889044812716"
"Year 1 Jul 13 1:00 PM","229.687451040569"
"Year 1 Jul 13 2:00 PM","218.613029458395"
"Year 1 Jul 13 3:00 PM","181.121960904021"
"Year 1 Jul 13 4:00 PM","145.178371832035"
"Year 1 Jul 13 5:00 PM","107.32423501124"
"Year 1 Jul 13 6:00 PM","70.8404699463518"
"Year 1 Jul 13 7:00 PM","35.3293231060986"
"Year 1 Jul 13 8:00 PM","3.61892689370835"
"Year 1 Jul 13 9:00 PM","0"
"Year 1 Jul 13 10:00 PM","0"
"Year 1 Jul 13 11:00 PM","0"
"Year 1 Jul 14 12:00 AM","0"
"Year 1 Jul 14 1:00 AM","0"
"Year 1 Jul 14 2:00 AM","0"
"Year 1 Jul 14 3:00 AM","0"
"Year 1 Jul 14 4:00 AM","0"
"Year 1 Jul 14 5:00 AM","9.455440744599"
"Year 1 Jul 14 6:00 AM","52.2219191543932"
"Year 1 Jul 14 7:00 AM","115.496406402731"
"Year 1 Jul 14 8:00 AM","178.078666166395"
"Year 1 Jul 14 9:00 AM","248.651847219759"
"Year 1 Jul 14 10:00 AM","265.833307332711"
"Year 1 Jul 14 11:00 AM","304.071142508161"
"Year 1 Jul 14 12:00 PM","271.177885321758"
"Year 1 Jul 14 1:00 PM","242.963205540996"
"Year 1 Jul 14 2:00 PM","153.1796564846"
"Year 1 Jul 14 3:00 PM","182.746808129287"
"Year 1 Jul 14 4:00 PM","161.158640364399"
"Year 1 Jul 14 5:00 PM","139.616527714814"
"Year 1 Jul 14 6:00 PM","80.3063504595951"
"Year 1 Jul 14 7:00 PM","33.4330554521768"
"Year 1 Jul 14 8:00 PM","2.81436356092933"
"Year 1 Jul 14 9:00 PM","0"
"Year 1 Jul 14 10:00 PM","0"
"Year 1 Jul 14 11:00 PM","0"
"Year 1 Jul 15 12:00 AM","0"
"Year 1 Jul 15 1:00 AM","0"
"Year 1 Jul 15 2:00 AM","0"
"Year 1 Jul 15 3:00 AM","0"
"Year 1 Jul 15 4:00 AM","0"
"Year 1 Jul 15 5:00 AM","10.477206091421"
"Year 1 Jul 15 6:00 AM","48.4804158197194"
"Year 1 Jul 15 7:00 AM","90.5751246137417"
"Year 1 Jul 15 8:00 AM","153.525578301253"
"Year 1 Jul 15 9:00 AM","248.269356163903"
"Year 1 Jul 15 10:00 AM","286.914298008042"
"Year 1 Jul 15 11:00 AM","310.705995249615"
"Year 1 Jul 15 12:00 PM","296.756520771244"
"Year 1 Jul 15 1:00 PM","305.807005204256"
"Year 1 Jul 15 2:00 PM","301.319513335"
"Year 1 Jul 15 3:00 PM","261.277145733645"
"Year 1 Jul 15 4:00 PM","188.147614699078"
"Year 1 Jul 15 5:00 PM","127.105136499052"
"Year 1 Jul 15 6:00 PM","54.4712166609286"
"Year 1 Jul 15 7:00 PM","24.374443716865"
"Year 1 Jul 15 8:00 PM","1.88005681807898"
"Year 1 Jul 15 9:00 PM","0"
"Year 1 Jul 15 10:00 PM","0"
"Year 1 Jul 15 11:00 PM","0"
"Year 1 Jul 16 12:00 AM","0"
"Year 1 Jul 16 1:00 AM","0"
"Year 1 Jul 16 2:00 AM","0"
"Year 1 Jul 16 3:00 AM","0"
"Year 1 Jul 16 4:00 AM","0"
"Year 1 Jul 16 5:00 AM","9.57565617667064"
"Year 1 Jul 16 6:00 AM","41.9844031366783"
"Year 1 Jul 16 7:00 AM","71.0347408506778"
"Year 1 Jul 16 8:00 AM","98.4720408160068"
"Year 1 Jul 16 9:00 AM","121.532579570738"
"Year 1 Jul 16 10:00 AM","142.649450772386"
"Year 1 Jul 16 11:00 AM","148.252457810708"
"Year 1 Jul 16 12:00 PM","168.078940317806"
"Year 1 Jul 16 1:00 PM","225.63733508489"
"Year 1 Jul 16 2:00 PM","243.226678925985"
"Year 1 Jul 16 3:00 PM","210.662849894029"
"Year 1 Jul 16 4:00 PM","131.786986137993"
"Year 1 Jul 16 5:00 PM","93.9095046664513"
"Year 1 Jul 16 6:00 PM","63.362504511404"
"Year 1 Jul 16 7:00 PM","31.6084302316072"
"Year 1 Jul 16 8:00 PM","3.31999325572295"
"Year 1 Jul 16 9:00 PM","0"
"Year 1 Jul 16 10:00 PM","0"
"Year 1 Jul 16 11:00 PM","0"
"Year 1 Jul 17 12:00 AM","0"
"Year 1 Jul 17 1:00 AM","0"
"Year 1 Jul 17 2:00 AM","0"
"Year 1 Jul 17 3:00 AM","0"
"Year 1 Jul 17 4:00 AM","0"
"Year 1 Jul 17 5:00 AM","11.1230534826757"
"Year 1 Jul 17 6:00 AM","55.0662100049187"
"Year 1 Jul 17 7:00 AM","108.912071816523"
"Year 1 Jul 17 8:00 AM","163.231539354112"
"Year 1 Jul 17 9:00 AM","209.230757425377"
"Year 1 Jul 17 10:00 AM","243.486090064423"
"Year 1 Jul 17 11:00 AM","281.988615795547"
"Year 1 Jul 17 12:00 PM","343.130012257552"
"Year 1 Jul 17 1:00 PM","316.979949640788"
"Year 1 Jul 17 2:00 PM","309.620452850233"
"Year 1 Jul 17 3:00 PM","277.523154213315"
"Year 1 Jul 17 4:00 PM","212.503823269735"
"Year 1 Jul 17 5:00 PM","156.564363816735"
"Year 1 Jul 17 6:00 PM","83.0132353080923"
"Year 1 Jul 17 7:00 PM","31.6202652482078"
"Year 1 Jul 17 8:00 PM","3.01336547961638"
"Year 1 Jul 17 9:00 PM","0"
"Year 1 Jul 17 10:00 PM","0"
"Year 1 Jul 17 11:00 PM","0"
"Year 1 Jul 18 12:00 AM","0"
"Year 1 Jul 18 1:00 AM","0"
"Year 1 Jul 18 2:00 AM","0"
"Year 1 Jul 18 3:00 AM","0"
"Year 1 Jul 18 4:00 AM","0"
"Year 1 Jul 18 5:00 AM","9.70207970718302"
"Year 1 Jul 18 6:00 AM","46.3558161136094"
"Year 1 Jul 18 7:00 AM","92.869461318143"
"Year 1 Jul 18 8:00 AM","141.431251243631"
"Year 1 Jul 18 9:00 AM","180.83900334111"
"Year 1 Jul 18 10:00 AM","211.072816289768"
"Year 1 Jul 18 11:00 AM","230.816111856391"
"Year 1 Jul 18 12:00 PM","240.112034619768"
"Year 1 Jul 18 1:00 PM","238.41867071632"
"Year 1 Jul 18 2:00 PM","225.303615139507"
"Year 1 Jul 18 3:00 PM","201.704704355367"
"Year 1 Jul 18 4:00 PM","168.743121635516"
"Year 1 Jul 18 5:00 PM","128.319399455004"
"Year 1 Jul 18 6:00 PM","82.0404861445487"
"Year 1 Jul 18 7:00 PM","36.0897832996729"
"Year 1 Jul 18 8:00 PM","3.09819356708036"
"Year 1 Jul 18 9:00 PM","0"
"Year 1 Jul 18 10:00 PM","0"
"Year 1 Jul 18 11:00 PM","0"
"Year 1 Jul 19 12:00 AM","0"
"Year 1 Jul 19 1:00 AM","0"
"Year 1 Jul 19 2:00 AM","0"
"Year 1 Jul 19 3:00 AM","0"
"Year 1 Jul 19 4:00 AM","0"
"Year 1 Jul 19 5:00 AM","11.7077958417342"
"Year 1 Jul 19 6:00 AM","60.0655329263623"
"Year 1 Jul 19 7:00 AM","107.526090695985"
"Year 1 Jul 19 8:00 AM","152.220634257261"
"Year 1 Jul 19 9:00 AM","221.269107227806"
"Year 1 Jul 19 10:00 AM","316.884047388855"
"Year 1 Jul 19 11:00 AM","360.638796924372"
"Year 1 Jul 19 12:00 PM","352.257223784224"
"Year 1 Jul 19 1:00 PM","348.467521484294"
"Year 1 Jul 19 2:00 PM","285.834158152636"
"Year 1 Jul 19 3:00 PM","235.323500213933"
"Year 1 Jul 19 4:00 PM","183.831884139254"
"Year 1 Jul 19 5:00 PM","150.45397059376"
"Year 1 Jul 19 6:00 PM","89.4813657413208"
"Year 1 Jul 19 7:00 PM","12.4863662102226"
"Year 1 Jul 19 8:00 PM","1.03125"
"Year 1 Jul 19 9:00 PM","0"
"Year 1 Jul 19 10:00 PM","0"
"Year 1 Jul 19 11:00 PM","0"
"Year 1 Jul 20 12:00 AM","0"
"Year 1 Jul 20 1:00 AM","0"
"Year 1 Jul 20 2:00 AM","0"
"Year 1 Jul 20 3:00 AM","0"
"Year 1 Jul 20 4:00 AM","0"
"Year 1 Jul 20 5:00 AM","8.9555890112243"
"Year 1 Jul 20 6:00 AM","48.711180976747"
"Year 1 Jul 20 7:00 AM","105.895471748181"
"Year 1 Jul 20 8:00 AM","170.02998862662"
"Year 1 Jul 20 9:00 AM","203.559662591534"
"Year 1 Jul 20 10:00 AM","245.598657769728"
"Year 1 Jul 20 11:00 AM","271.401381211427"
"Year 1 Jul 20 12:00 PM","286.046512691919"
"Year 1 Jul 20 1:00 PM","264.241873444102"
"Year 1 Jul 20 2:00 PM","248.103566647288"
"Year 1 Jul 20 3:00 PM","218.646826640979"
"Year 1 Jul 20 4:00 PM","192.465587926191"
"Year 1 Jul 20 5:00 PM","143.296599997348"
"Year 1 Jul 20 6:00 PM","88.4457988418303"
"Year 1 Jul 20 7:00 PM","36.52103843876"
"Year 1 Jul 20 8:00 PM","2.62784179203529"
"Year 1 Jul 20 9:00 PM","0"
"Year 1 Jul 20 10:00 PM","0"
"Year 1 Jul 20 11:00 PM","0"
"Year 1 Jul 21 12:00 AM","0"
"Year 1 Jul 21 1:00 AM","0"
"Year 1 Jul 21 2:00 AM","0"
"Year 1 Jul 21 3:00 AM","0"
"Year 1 Jul 21 4:00 AM","0"
"Year 1 Jul 21 5:00 AM","6.84976395128186"
"Year 1 Jul 21 6:00 AM","32.6004555800409"
"Year 1 Jul 21 7:00 AM","51.4034509672313"
"Year 1 Jul 21 8:00 AM","71.0375039531275"
"Year 1 Jul 21 9:00 AM","87.3335185653188"
"Year 1 Jul 21 10:00 AM","137.263864259459"
"Year 1 Jul 21 11:00 AM","122.255217010495"
"Year 1 Jul 21 12:00 PM","179.025249099902"
"Year 1 Jul 21 1:00 PM","162.971088832342"
"Year 1 Jul 21 2:00 PM","145.986688899774"
"Year 1 Jul 21 3:00 PM","226.124522461579"
"Year 1 Jul 21 4:00 PM","193.844810931388"
"Year 1 Jul 21 5:00 PM","83.6737947386841"
"Year 1 Jul 21 6:00 PM","52.6439960524517"
"Year 1 Jul 21 7:00 PM","27.8301585676133"
"Year 1 Jul 21 8:00 PM","2.00045122220024"
"Year 1 Jul 21 9:00 PM","0"
"Year 1 Jul 21 10:00 PM","0"
"Year 1 Jul 21 11:00 PM","0"
"Year 1 Jul 22 12:00 AM","0"
"Year 1 Jul 22 1:00 AM","0"
"Year 1 Jul 22 2:00 AM","0"
"Year 1 Jul 22 3:00 AM","0"
"Year 1 Jul 22 4:00 AM","0"
"Year 1 Jul 22 5:00 AM","8.46182394154107"
"Year 1 Jul 22 6:00 AM","45.0597384508272"
"Year 1 Jul 22 7:00 AM","81.9833023097731"
"Year 1 Jul 22 8:00 AM","119.325058478156"
"Year 1 Jul 22 9:00 AM","161.967645600557"
"Year 1 Jul 22 10:00 AM","223.728366635407"
"Year 1 Jul 22 11:00 AM","267.37890740265"
"Year 1 Jul 22 12:00 PM","285.999053540204"
"Year 1 Jul 22 1:00 PM","304.05872874537"
"Year 1 Jul 22 2:00 PM","288.566352015781"
"Year 1 Jul 22 3:00 PM","246.348511667126"
"Year 1 Jul 22 4:00 PM","203.780956356714"
"Year 1 Jul 22 5:00 PM","155.795623674222"
"Year 1 Jul 22 6:00 PM","84.3603055313348"
"Year 1 Jul 22 7:00 PM","29.4474042673418"
"Year 1 Jul 22 8:00 PM","2.16075670725283"
"Year 1 Jul 22 9:00 PM","0"
"Year 1 Jul 22 10:00 PM","0"
"Year 1 Jul 22 11:00 PM","0"
"Year 1 Jul 23 12:00 AM","0"
"Year 1 Jul 23 1:00 AM","0"
"Year 1 Jul 23 2:00 AM","0"
"Year 1 Jul 23 3:00 AM","0"
"Year 1 Jul 23 4:00 AM","0"
"Year 1 Jul 23 5:00 AM","8.50395018138117"
"Year 1 Jul 23 6:00 AM","46.7418827875615"
"Year 1 Jul 23 7:00 AM","93.3649095522154"
"Year 1 Jul 23 8:00 AM","135.720703357157"
"Year 1 Jul 23 9:00 AM","178.451189795404"
"Year 1 Jul 23 10:00 AM","261.773768875763"
"Year 1 Jul 23 11:00 AM","282.255810601309"
"Year 1 Jul 23 12:00 PM","273.278930445732"
"Year 1 Jul 23 1:00 PM","260.822192101024"
"Year 1 Jul 23 2:00 PM","279.484052574636"
"Year 1 Jul 23 3:00 PM","239.647079981729"
"Year 1 Jul 23 4:00 PM","190.608367879868"
"Year 1 Jul 23 5:00 PM","139.121298316842"
"Year 1 Jul 23 6:00 PM","88.8155373876333"
"Year 1 Jul 23 7:00 PM","30.9297878955713"
"Year 1 Jul 23 8:00 PM","1.94803408833086"
"Year 1 Jul 23 9:00 PM","0"
"Year 1 Jul 23 10:00 PM","0"
"Year 1 Jul 23 11:00 PM","0"
"Year 1 Jul 24 12:00 AM","0"
"Year 1 Jul 24 1:00 AM","0"
"Year 1 Jul 24 2:00 AM","0"
"Year 1 Jul 24 3:00 AM","0"
"Year 1 Jul 24 4:00 AM","0"
"Year 1 Jul 24 5:00 AM","7.77140901908265"
"Year 1 Jul 24 6:00 AM","44.6848909424029"
"Year 1 Jul 24 7:00 AM","91.8709902873812"
"Year 1 Jul 24 8:00 AM","151.046418273364"
"Year 1 Jul 24 9:00 AM","228.639588666848"
"Year 1 Jul 24 10:00 AM","296.690768452845"
"Year 1 Jul 24 11:00 AM","317.205547008611"
"Year 1 Jul 24 12:00 PM","300.28801813667"
"Year 1 Jul 24 1:00 PM","326.330504759724"
"Year 1 Jul 24 2:00 PM","309.764718386087"
"Year 1 Jul 24 3:00 PM","221.906840970343"
"Year 1 Jul 24 4:00 PM","171.242615347552"
"Year 1 Jul 24 5:00 PM","131.412375229347"
"Year 1 Jul 24 6:00 PM","74.8595093354298"
"Year 1 Jul 24 7:00 PM","30.7113200269824"
"Year 1 Jul 24 8:00 PM","0"
"Year 1 Jul 24 9:00 PM","0"
"Year 1 Jul 24 10:00 PM","0"
"Year 1 Jul 24 11:00 PM","0"
"Year 1 Jul 25 12:00 AM","0"
"Year 1 Jul 25 1:00 AM","0"
"Year 1 Jul 25 2:00 AM","0"
"Year 1 Jul 25 3:00 AM","0"
"Year 1 Jul 25 4:00 AM","0"
"Year 1 Jul 25 5:00 AM","3.75"
"Year 1 Jul 25 6:00 AM","22.6875"
"Year 1 Jul 25 7:00 AM","58.9854405572994"
"Year 1 Jul 25 8:00 AM","134.853616861757"
"Year 1 Jul 25 9:00 AM","208.196658365588"
"Year 1 Jul 25 10:00 AM","256.205440441576"
"Year 1 Jul 25 11:00 AM","271.869814360202"
"Year 1 Jul 25 12:00 PM","288.553525695878"
"Year 1 Jul 25 1:00 PM","273.963969343857"
"Year 1 Jul 25 2:00 PM","224.264873598161"
"Year 1 Jul 25 3:00 PM","249.446801125357"
"Year 1 Jul 25 4:00 PM","121.930129616685"
"Year 1 Jul 25 5:00 PM","86.5208834597284"
"Year 1 Jul 25 6:00 PM","59.2359130507001"
"Year 1 Jul 25 7:00 PM","32.9290189178486"
"Year 1 Jul 25 8:00 PM","0"
"Year 1 Jul 25 9:00 PM","0"
"Year 1 Jul 25 10:00 PM","0"
"Year 1 Jul 25 11:00 PM","0"
"Year 1 Jul 26 12:00 AM","0"
"Year 1 Jul 26 1:00 AM","0"
"Year 1 Jul 26 2:00 AM","0"
"Year 1 Jul 26 3:00 AM","0"
"Year 1 Jul 26 4:00 AM","0"
"Year 1 Jul 26 5:00 AM","6.22743754709674"
"Year 1 Jul 26 6:00 AM","37.2233164428121"
"Year 1 Jul 26 7:00 AM","90.8876627704027"
"Year 1 Jul 26 8:00 AM","165.419548454459"
"Year 1 Jul 26 9:00 AM","173.841758590521"
"Year 1 Jul 26 10:00 AM","168.619841048185"
"Year 1 Jul 26 11:00 AM","227.23596559933"
"Year 1 Jul 26 12:00 PM","217.604639652963"
"Year 1 Jul 26 1:00 PM","184.85955735327"
"Year 1 Jul 26 2:00 PM","235.109095236793"
"Year 1 Jul 26 3:00 PM","228.956728652098"
"Year 1 Jul 26 4:00 PM","231.279975303268"
"Year 1 Jul 26 5:00 PM","139.381354602325"
"Year 1 Jul 26 6:00 PM","75.6769806083516"
"Year 1 Jul 26 7:00 PM","32.6925398496297"
"Year 1 Jul 26 8:00 PM","0"
"Year 1 Jul 26 9:00 PM","0"
"Year 1 Jul 26 10:00 PM","0"
"Year 1 Jul 26 11:00 PM","0"
"Year 1 Jul 27 12:00 AM","0"
"Year 1 Jul 27 1:00 AM","0"
"Year 1 Jul 27 2:00 AM","0"
"Year 1 Jul 27 3:00 AM","0"
"Year 1 Jul 27 4:00 AM","0"
"Year 1 Jul 27 5:00 AM","7.0020195159299"
"Year 1 Jul 27 6:00 AM","38.9083031842014"
"Year 1 Jul 27 7:00 AM","70.4750551895523"
"Year 1 Jul 27 8:00 AM","101.575702979744"
"Year 1 Jul 27 9:00 AM","131.55483644909"
"Year 1 Jul 27 10:00 AM","141.767383056893"
"Year 1 Jul 27 11:00 AM","154.061052002596"
"Year 1 Jul 27 12:00 PM","160.236155580419"
"Year 1 Jul 27 1:00 PM","170.377911201241"
"Year 1 Jul 27 2:00 PM","202.128588347679"
"Year 1 Jul 27 3:00 PM","175.872098348545"
"Year 1 Jul 27 4:00 PM","182.269721731586"
"Year 1 Jul 27 5:00 PM","144.5936800497"
"Year 1 Jul 27 6:00 PM","74.2723317772165"
"Year 1 Jul 27 7:00 PM","27.9347721928291"
"Year 1 Jul 27 8:00 PM","0"
"Year 1 Jul 27 9:00 PM","0"
"Year 1 Jul 27 10:00 PM","0"
"Year 1 Jul 27 11:00 PM","0"
"Year 1 Jul 28 12:00 AM","0"
"Year 1 Jul 28 1:00 AM","0"
"Year 1 Jul 28 2:00 AM","0"
"Year 1 Jul 28 3:00 AM","0"
"Year 1 Jul 28 4:00 AM","0"
"Year 1 Jul 28 5:00 AM","2.44513989437562"
"Year 1 Jul 28 6:00 AM","27.549679191526"
"Year 1 Jul 28 7:00 AM","89.9130036115959"
"Year 1 Jul 28 8:00 AM","176.588393825394"
"Year 1 Jul 28 9:00 AM","212.783292751192"
"Year 1 Jul 28 10:00 AM","240.74648575241"
"Year 1 Jul 28 11:00 AM","257.78144943571"
"Year 1 Jul 28 12:00 PM","358.565588731452"
"Year 1 Jul 28 1:00 PM","320.254087057328"
"Year 1 Jul 28 2:00 PM","288.672145802731"
"Year 1 Jul 28 3:00 PM","260.857708816165"
"Year 1 Jul 28 4:00 PM","202.50998209387"
"Year 1 Jul 28 5:00 PM","125.735577936791"
"Year 1 Jul 28 6:00 PM","68.7710796240779"
"Year 1 Jul 28 7:00 PM","28.9595360218061"
"Year 1 Jul 28 8:00 PM","0"
"Year 1 Jul 28 9:00 PM","0"
"Year 1 Jul 28 10:00 PM","0"
"Year 1 Jul 28 11:00 PM","0"
"Year 1 Jul 29 12:00 AM","0"
"Year 1 Jul 29 1:00 AM","0"
"Year 1 Jul 29 2:00 AM","0"
"Year 1 Jul 29 3:00 AM","0"
"Year 1 Jul 29 4:00 AM","0"
"Year 1 Jul 29 5:00 AM","4.15762142705223"
"Year 1 Jul 29 6:00 AM","36.267298815194"
"Year 1 Jul 29 7:00 AM","64.5663738990394"
"Year 1 Jul 29 8:00 AM","90.1723403370614"
"Year 1 Jul 29 9:00 AM","124.507309575276"
"Year 1 Jul 29 10:00 AM","184.937528028913"
"Year 1 Jul 29 11:00 AM","142.669664346574"
"Year 1 Jul 29 12:00 PM","143.585323181202"
"Year 1 Jul 29 1:00 PM","142.83545011587"
"Year 1 Jul 29 2:00 PM","135.749451308805"
"Year 1 Jul 29 3:00 PM","122.68972156549"
"Year 1 Jul 29 4:00 PM","105.271863820894"
"Year 1 Jul 29 5:00 PM","82.3071714107054"
"Year 1 Jul 29 6:00 PM","54.7932633665497"
"Year 1 Jul 29 7:00 PM","25.6363597696562"
"Year 1 Jul 29 8:00 PM","0"
"Year 1 Jul 29 9:00 PM","0"
"Year 1 Jul 29 10:00 PM","0"
"Year 1 Jul 29 11:00 PM","0"
"Year 1 Jul 30 12:00 AM","0"
"Year 1 Jul 30 1:00 AM","0"
"Year 1 Jul 30 2:00 AM","0"
"Year 1 Jul 30 3:00 AM","0"
"Year 1 Jul 30 4:00 AM","0"
"Year 1 Jul 30 5:00 AM","3.0456990856383"
"Year 1 Jul 30 6:00 AM","33.1329980538525"
"Year 1 Jul 30 7:00 AM","96.4532481946943"
"Year 1 Jul 30 8:00 AM","174.740421029854"
"Year 1 Jul 30 9:00 AM","241.622523316622"
"Year 1 Jul 30 10:00 AM","272.080818661548"
"Year 1 Jul 30 11:00 AM","277.09944549257"
"Year 1 Jul 30 12:00 PM","271.201254334882"
"Year 1 Jul 30 1:00 PM","284.106068468408"
"Year 1 Jul 30 2:00 PM","343.88172035462"
"Year 1 Jul 30 3:00 PM","219.969985597349"
"Year 1 Jul 30 4:00 PM","198.042869399371"
"Year 1 Jul 30 5:00 PM","121.979689925431"
"Year 1 Jul 30 6:00 PM","71.1598851593573"
"Year 1 Jul 30 7:00 PM","26.7318966480757"
"Year 1 Jul 30 8:00 PM","0"
"Year 1 Jul 30 9:00 PM","0"
"Year 1 Jul 30 10:00 PM","0"
"Year 1 Jul 30 11:00 PM","0"
"Year 1 Jul 31 12:00 AM","0"
"Year 1 Jul 31 1:00 AM","0"
"Year 1 Jul 31 2:00 AM","0"
"Year 1 Jul 31 3:00 AM","0"
"Year 1 Jul 31 4:00 AM","0"
"Year 1 Jul 31 5:00 AM","2.93058934038199"
"Year 1 Jul 31 6:00 AM","34.6858200608445"
"Year 1 Jul 31 7:00 AM","101.913013301122"
"Year 1 Jul 31 8:00 AM","153.177888771058"
"Year 1 Jul 31 9:00 AM","199.137920723348"
"Year 1 Jul 31 10:00 AM","234.036921251865"
"Year 1 Jul 31 11:00 AM","259.77881910262"
"Year 1 Jul 31 12:00 PM","278.911501084184"
"Year 1 Jul 31 1:00 PM","310.255258045388"
"Year 1 Jul 31 2:00 PM","350.993171177839"
"Year 1 Jul 31 3:00 PM","336.778258721572"
"Year 1 Jul 31 4:00 PM","237.753942755513"
"Year 1 Jul 31 5:00 PM","157.64855602659"
"Year 1 Jul 31 6:00 PM","80.4053492609242"
"Year 1 Jul 31 7:00 PM","20.1260734039483"
"Year 1 Jul 31 8:00 PM","0"
"Year 1 Jul 31 9:00 PM","0"
"Year 1 Jul 31 10:00 PM","0"
"Year 1 Jul 31 11:00 PM","0"
"Year 1 Aug 01 12:00 AM","0"
"Year 1 Aug 01 1:00 AM","0"
"Year 1 Aug 01 2:00 AM","0"
"Year 1 Aug 01 3:00 AM","0"
"Year 1 Aug 01 4:00 AM","0"
"Year 1 Aug 01 5:00 AM","2.60440874976725"
"Year 1 Aug 01 6:00 AM","33.0601355724203"
"Year 1 Aug 01 7:00 AM","103.278780415842"
"Year 1 Aug 01 8:00 AM","159.566733696684"
"Year 1 Aug 01 9:00 AM","156.154834934308"
"Year 1 Aug 01 10:00 AM","136.974940081979"
"Year 1 Aug 01 11:00 AM","123.378820331417"
"Year 1 Aug 01 12:00 PM","129.22485759874"
"Year 1 Aug 01 1:00 PM","156.109700162873"
"Year 1 Aug 01 2:00 PM","190.150734120126"
"Year 1 Aug 01 3:00 PM","135.573358900961"
"Year 1 Aug 01 4:00 PM","96.4976169302139"
"Year 1 Aug 01 5:00 PM","75.042412780651"
"Year 1 Aug 01 6:00 PM","50.2820250100503"
"Year 1 Aug 01 7:00 PM","23.5143988933407"
"Year 1 Aug 01 8:00 PM","0"
"Year 1 Aug 01 9:00 PM","0"
"Year 1 Aug 01 10:00 PM","0"
"Year 1 Aug 01 11:00 PM","0"
"Year 1 Aug 02 12:00 AM","0"
"Year 1 Aug 02 1:00 AM","0"
"Year 1 Aug 02 2:00 AM","0"
"Year 1 Aug 02 3:00 AM","0"
"Year 1 Aug 02 4:00 AM","0"
"Year 1 Aug 02 5:00 AM","3.89651960591781"
"Year 1 Aug 02 6:00 AM","33.8050036358836"
"Year 1 Aug 02 7:00 AM","63.5886166351726"
"Year 1 Aug 02 8:00 AM","90.4098074634287"
"Year 1 Aug 02 9:00 AM","113.328992253427"
"Year 1 Aug 02 10:00 AM","137.048057413796"
"Year 1 Aug 02 11:00 AM","150.208227373427"
"Year 1 Aug 02 12:00 PM","154.326991452129"
"Year 1 Aug 02 1:00 PM","144.850581413581"
"Year 1 Aug 02 2:00 PM","136.414706584529"
"Year 1 Aug 02 3:00 PM","123.149884611763"
"Year 1 Aug 02 4:00 PM","105.111143168865"
"Year 1 Aug 02 5:00 PM","81.9512252050432"
"Year 1 Aug 02 6:00 PM","53.8620472855342"
"Year 1 Aug 02 7:00 PM","24.7681116041174"
"Year 1 Aug 02 8:00 PM","0"
"Year 1 Aug 02 9:00 PM","0"
"Year 1 Aug 02 10:00 PM","0"
"Year 1 Aug 02 11:00 PM","0"
"Year 1 Aug 03 12:00 AM","0"
"Year 1 Aug 03 1:00 AM","0"
"Year 1 Aug 03 2:00 AM","0"
"Year 1 Aug 03 3:00 AM","0"
"Year 1 Aug 03 4:00 AM","0"
"Year 1 Aug 03 5:00 AM","4.37185078315093"
"Year 1 Aug 03 6:00 AM","41.278791311909"
"Year 1 Aug 03 7:00 AM","87.1421404913301"
"Year 1 Aug 03 8:00 AM","127.386583883337"
"Year 1 Aug 03 9:00 AM","183.936797518257"
"Year 1 Aug 03 10:00 AM","215.55973168383"
"Year 1 Aug 03 11:00 AM","277.169831335477"
"Year 1 Aug 03 12:00 PM","297.480394507154"
"Year 1 Aug 03 1:00 PM","292.675130331848"
"Year 1 Aug 03 2:00 PM","256.848909721627"
"Year 1 Aug 03 3:00 PM","225.615813157245"
"Year 1 Aug 03 4:00 PM","184.802863981757"
"Year 1 Aug 03 5:00 PM","141.596285718714"
"Year 1 Aug 03 6:00 PM","77.9232649084197"
"Year 1 Aug 03 7:00 PM","26.4402941402262"
"Year 1 Aug 03 8:00 PM","0"
"Year 1 Aug 03 9:00 PM","0"
"Year 1 Aug 03 10:00 PM","0"
"Year 1 Aug 03 11:00 PM","0"
"Year 1 Aug 04 12:00 AM","0"
"Year 1 Aug 04 1:00 AM","0"
"Year 1 Aug 04 2:00 AM","0"
"Year 1 Aug 04 3:00 AM","0"
"Year 1 Aug 04 4:00 AM","0"
"Year 1 Aug 04 5:00 AM","2.8561558825547"
"Year 1 Aug 04 6:00 AM","30.7574006512555"
"Year 1 Aug 04 7:00 AM","69.3224692914985"
"Year 1 Aug 04 8:00 AM","86.3134284448825"
"Year 1 Aug 04 9:00 AM","175.04138124112"
"Year 1 Aug 04 10:00 AM","238.048919561542"
"Year 1 Aug 04 11:00 AM","285.082109251731"
"Year 1 Aug 04 12:00 PM","322.142724172015"
"Year 1 Aug 04 1:00 PM","278.728067893622"
"Year 1 Aug 04 2:00 PM","225.708237521515"
"Year 1 Aug 04 3:00 PM","197.839687519873"
"Year 1 Aug 04 4:00 PM","166.400969928108"
"Year 1 Aug 04 5:00 PM","123.547530175018"
"Year 1 Aug 04 6:00 PM","72.5782497023433"
"Year 1 Aug 04 7:00 PM","23.4508755815048"
"Year 1 Aug 04 8:00 PM","0"
"Year 1 Aug 04 9:00 PM","0"
"Year 1 Aug 04 10:00 PM","0"
"Year 1 Aug 04 11:00 PM","0"
"Year 1 Aug 05 12:00 AM","0"
"Year 1 Aug 05 1:00 AM","0"
"Year 1 Aug 05 2:00 AM","0"
"Year 1 Aug 05 3:00 AM","0"
"Year 1 Aug 05 4:00 AM","0"
"Year 1 Aug 05 5:00 AM","2.96419594354586"
"Year 1 Aug 05 6:00 AM","33.001763787805"
"Year 1 Aug 05 7:00 AM","85.568153412192"
"Year 1 Aug 05 8:00 AM","127.353541105458"
"Year 1 Aug 05 9:00 AM","158.087143164422"
"Year 1 Aug 05 10:00 AM","131.410128983924"
"Year 1 Aug 05 11:00 AM","232.57094331857"
"Year 1 Aug 05 12:00 PM","147.195976995475"
"Year 1 Aug 05 1:00 PM","243.03183148026"
"Year 1 Aug 05 2:00 PM","216.751138116226"
"Year 1 Aug 05 3:00 PM","185.979850611391"
"Year 1 Aug 05 4:00 PM","132.788442980343"
"Year 1 Aug 05 5:00 PM","62.8954040036172"
"Year 1 Aug 05 6:00 PM","39.2296218735985"
"Year 1 Aug 05 7:00 PM","18.6437319589634"
"Year 1 Aug 05 8:00 PM","0"
"Year 1 Aug 05 9:00 PM","0"
"Year 1 Aug 05 10:00 PM","0"
"Year 1 Aug 05 11:00 PM","0"
"Year 1 Aug 06 12:00 AM","0"
"Year 1 Aug 06 1:00 AM","0"
"Year 1 Aug 06 2:00 AM","0"
"Year 1 Aug 06 3:00 AM","0"
"Year 1 Aug 06 4:00 AM","0"
"Year 1 Aug 06 5:00 AM","3.28779932467498"
"Year 1 Aug 06 6:00 AM","29.1056224645375"
"Year 1 Aug 06 7:00 AM","53.2686779206144"
"Year 1 Aug 06 8:00 AM","90.8027050785346"
"Year 1 Aug 06 9:00 AM","176.664630985943"
"Year 1 Aug 06 10:00 AM","205.480907314147"
"Year 1 Aug 06 11:00 AM","160.49434662334"
"Year 1 Aug 06 12:00 PM","201.059456984276"
"Year 1 Aug 06 1:00 PM","296.539687768907"
"Year 1 Aug 06 2:00 PM","275.678610192001"
"Year 1 Aug 06 3:00 PM","196.348901021243"
"Year 1 Aug 06 4:00 PM","184.184112316208"
"Year 1 Aug 06 5:00 PM","115.026599872445"
"Year 1 Aug 06 6:00 PM","76.463502417627"
"Year 1 Aug 06 7:00 PM","23.4364008096252"
"Year 1 Aug 06 8:00 PM","0"
"Year 1 Aug 06 9:00 PM","0"
"Year 1 Aug 06 10:00 PM","0"
"Year 1 Aug 06 11:00 PM","0"
"Year 1 Aug 07 12:00 AM","0"
"Year 1 Aug 07 1:00 AM","0"
"Year 1 Aug 07 2:00 AM","0"
"Year 1 Aug 07 3:00 AM","0"
"Year 1 Aug 07 4:00 AM","0"
"Year 1 Aug 07 5:00 AM","3.08828076818028"
"Year 1 Aug 07 6:00 AM","28.8091450870025"
"Year 1 Aug 07 7:00 AM","60.2995326431143"
"Year 1 Aug 07 8:00 AM","92.9495083237155"
"Year 1 Aug 07 9:00 AM","114.619796604301"
"Year 1 Aug 07 10:00 AM","157.80521484493"
"Year 1 Aug 07 11:00 AM","222.166973465041"
"Year 1 Aug 07 12:00 PM","313.810871575343"
"Year 1 Aug 07 1:00 PM","248.246433877851"
"Year 1 Aug 07 2:00 PM","209.877521542061"
"Year 1 Aug 07 3:00 PM","150.9986185571"
"Year 1 Aug 07 4:00 PM","132.03003604152"
"Year 1 Aug 07 5:00 PM","124.56273436936"
"Year 1 Aug 07 6:00 PM","53.9968356742044"
"Year 1 Aug 07 7:00 PM","16.5763203284012"
"Year 1 Aug 07 8:00 PM","0"
"Year 1 Aug 07 9:00 PM","0"
"Year 1 Aug 07 10:00 PM","0"
"Year 1 Aug 07 11:00 PM","0"
"Year 1 Aug 08 12:00 AM","0"
"Year 1 Aug 08 1:00 AM","0"
"Year 1 Aug 08 2:00 AM","0"
"Year 1 Aug 08 3:00 AM","0"
"Year 1 Aug 08 4:00 AM","0"
"Year 1 Aug 08 5:00 AM","3.36499858972875"
"Year 1 Aug 08 6:00 AM","30.9098219320508"
"Year 1 Aug 08 7:00 AM","61.7378490675307"
"Year 1 Aug 08 8:00 AM","89.2270542587232"
"Year 1 Aug 08 9:00 AM","121.367303708967"
"Year 1 Aug 08 10:00 AM","204.947258783418"
"Year 1 Aug 08 11:00 AM","312.741959006008"
"Year 1 Aug 08 12:00 PM","276.279624509309"
"Year 1 Aug 08 1:00 PM","250.976135262695"
"Year 1 Aug 08 2:00 PM","268.802974489603"
"Year 1 Aug 08 3:00 PM","280.100317963067"
"Year 1 Aug 08 4:00 PM","195.849495331839"
"Year 1 Aug 08 5:00 PM","150.401099135458"
"Year 1 Aug 08 6:00 PM","84.4016768037093"
"Year 1 Aug 08 7:00 PM","11.0927467313278"
"Year 1 Aug 08 8:00 PM","0"
"Year 1 Aug 08 9:00 PM","0"
"Year 1 Aug 08 10:00 PM","0"
"Year 1 Aug 08 11:00 PM","0"
"Year 1 Aug 09 12:00 AM","0"
"Year 1 Aug 09 1:00 AM","0"
"Year 1 Aug 09 2:00 AM","0"
"Year 1 Aug 09 3:00 AM","0"
"Year 1 Aug 09 4:00 AM","0"
"Year 1 Aug 09 5:00 AM","2.89399968138532"
"Year 1 Aug 09 6:00 AM","32.0001643972651"
"Year 1 Aug 09 7:00 AM","64.6908947748337"
"Year 1 Aug 09 8:00 AM","119.732990567405"
"Year 1 Aug 09 9:00 AM","129.151177916283"
"Year 1 Aug 09 10:00 AM","152.863828455391"
"Year 1 Aug 09 11:00 AM","167.925684355576"
"Year 1 Aug 09 12:00 PM","219.109655687066"
"Year 1 Aug 09 1:00 PM","261.216625040986"
"Year 1 Aug 09 2:00 PM","309.562431875563"
"Year 1 Aug 09 3:00 PM","298.922818383108"
"Year 1 Aug 09 4:00 PM","164.020863426744"
"Year 1 Aug 09 5:00 PM","124.358175059244"
"Year 1 Aug 09 6:00 PM","61.5055362326986"
"Year 1 Aug 09 7:00 PM","12.9508070878951"
"Year 1 Aug 09 8:00 PM","0"
"Year 1 Aug 09 9:00 PM","0"
"Year 1 Aug 09 10:00 PM","0"
"Year 1 Aug 09 11:00 PM","0"
"Year 1 Aug 10 12:00 AM","0"
"Year 1 Aug 10 1:00 AM","0"
"Year 1 Aug 10 2:00 AM","0"
"Year 1 Aug 10 3:00 AM","0"
"Year 1 Aug 10 4:00 AM","0"
"Year 1 Aug 10 5:00 AM","2.78967710222812"
"Year 1 Aug 10 6:00 AM","36.1418874310367"
"Year 1 Aug 10 7:00 AM","85.1051492161829"
"Year 1 Aug 10 8:00 AM","131.654388598064"
"Year 1 Aug 10 9:00 AM","175.682999214523"
"Year 1 Aug 10 10:00 AM","235.232766283471"
"Year 1 Aug 10 11:00 AM","254.581596588317"
"Year 1 Aug 10 12:00 PM","277.343503540433"
"Year 1 Aug 10 1:00 PM","300.534957770402"
"Year 1 Aug 10 2:00 PM","302.882007578799"
"Year 1 Aug 10 3:00 PM","256.634029550229"
"Year 1 Aug 10 4:00 PM","112.213840754564"
"Year 1 Aug 10 5:00 PM","64.3636248456379"
"Year 1 Aug 10 6:00 PM","28.546875"
"Year 1 Aug 10 7:00 PM","14.5729368736466"
"Year 1 Aug 10 8:00 PM","0"
"Year 1 Aug 10 9:00 PM","0"
"Year 1 Aug 10 10:00 PM","0"
"Year 1 Aug 10 11:00 PM","0"
"Year 1 Aug 11 12:00 AM","0"
"Year 1 Aug 11 1:00 AM","0"
"Year 1 Aug 11 2:00 AM","0"
"Year 1 Aug 11 3:00 AM","0"
"Year 1 Aug 11 4:00 AM","0"
"Year 1 Aug 11 5:00 AM","2.24453716798874"
"Year 1 Aug 11 6:00 AM","25.9792968864307"
"Year 1 Aug 11 7:00 AM","47.1759040394259"
"Year 1 Aug 11 8:00 AM","74.3107565059228"
"Year 1 Aug 11 9:00 AM","122.71017556993"
"Year 1 Aug 11 10:00 AM","155.74704234544"
"Year 1 Aug 11 11:00 AM","217.608814009145"
"Year 1 Aug 11 12:00 PM","267.773193558058"
"Year 1 Aug 11 1:00 PM","138.531211188398"
"Year 1 Aug 11 2:00 PM","183.236754879743"
"Year 1 Aug 11 3:00 PM","207.906518897992"
"Year 1 Aug 11 4:00 PM","132.472094738994"
"Year 1 Aug 11 5:00 PM","70.366744815523"
"Year 1 Aug 11 6:00 PM","46.0907213729882"
"Year 1 Aug 11 7:00 PM","14.3164671130008"
"Year 1 Aug 11 8:00 PM","0"
"Year 1 Aug 11 9:00 PM","0"
"Year 1 Aug 11 10:00 PM","0"
"Year 1 Aug 11 11:00 PM","0"
"Year 1 Aug 12 12:00 AM","0"
"Year 1 Aug 12 1:00 AM","0"
"Year 1 Aug 12 2:00 AM","0"
"Year 1 Aug 12 3:00 AM","0"
"Year 1 Aug 12 4:00 AM","0"
"Year 1 Aug 12 5:00 AM","0"
"Year 1 Aug 12 6:00 AM","32.0994217867159"
"Year 1 Aug 12 7:00 AM","92.4766567297881"
"Year 1 Aug 12 8:00 AM","145.86227903168"
"Year 1 Aug 12 9:00 AM","194.227501727405"
"Year 1 Aug 12 10:00 AM","234.621160365669"
"Year 1 Aug 12 11:00 AM","280.922630591981"
"Year 1 Aug 12 12:00 PM","314.384836611991"
"Year 1 Aug 12 1:00 PM","343.861721951618"
"Year 1 Aug 12 2:00 PM","338.174470419245"
"Year 1 Aug 12 3:00 PM","229.346582919531"
"Year 1 Aug 12 4:00 PM","207.239412969153"
"Year 1 Aug 12 5:00 PM","143.740451218425"
"Year 1 Aug 12 6:00 PM","57.6848373842945"
"Year 1 Aug 12 7:00 PM","16.956116630203"
"Year 1 Aug 12 8:00 PM","0"
"Year 1 Aug 12 9:00 PM","0"
"Year 1 Aug 12 10:00 PM","0"
"Year 1 Aug 12 11:00 PM","0"
"Year 1 Aug 13 12:00 AM","0"
"Year 1 Aug 13 1:00 AM","0"
"Year 1 Aug 13 2:00 AM","0"
"Year 1 Aug 13 3:00 AM","0"
"Year 1 Aug 13 4:00 AM","0"
"Year 1 Aug 13 5:00 AM","0"
"Year 1 Aug 13 6:00 AM","30.9097421128605"
"Year 1 Aug 13 7:00 AM","68.6731803642738"
"Year 1 Aug 13 8:00 AM","103.406172224201"
"Year 1 Aug 13 9:00 AM","132.133029776542"
"Year 1 Aug 13 10:00 AM","154.792400198033"
"Year 1 Aug 13 11:00 AM","165.746766205737"
"Year 1 Aug 13 12:00 PM","191.180714668149"
"Year 1 Aug 13 1:00 PM","256.333511543913"
"Year 1 Aug 13 2:00 PM","245.278039873462"
"Year 1 Aug 13 3:00 PM","219.02678738485"
"Year 1 Aug 13 4:00 PM","182.714709748443"
"Year 1 Aug 13 5:00 PM","143.598663008012"
"Year 1 Aug 13 6:00 PM","40.8827595150305"
"Year 1 Aug 13 7:00 PM","9.39483844619722"
"Year 1 Aug 13 8:00 PM","0"
"Year 1 Aug 13 9:00 PM","0"
"Year 1 Aug 13 10:00 PM","0"
"Year 1 Aug 13 11:00 PM","0"
"Year 1 Aug 14 12:00 AM","0"
"Year 1 Aug 14 1:00 AM","0"
"Year 1 Aug 14 2:00 AM","0"
"Year 1 Aug 14 3:00 AM","0"
"Year 1 Aug 14 4:00 AM","0"
"Year 1 Aug 14 5:00 AM","0"
"Year 1 Aug 14 6:00 AM","25.8115331515489"
"Year 1 Aug 14 7:00 AM","73.1452506117806"
"Year 1 Aug 14 8:00 AM","139.565046255849"
"Year 1 Aug 14 9:00 AM","185.128710838176"
"Year 1 Aug 14 10:00 AM","229.160762194372"
"Year 1 Aug 14 11:00 AM","297.409338172946"
"Year 1 Aug 14 12:00 PM","209.873198347843"
"Year 1 Aug 14 1:00 PM","256.509339485416"
"Year 1 Aug 14 2:00 PM","259.451305583766"
"Year 1 Aug 14 3:00 PM","135.936504342477"
"Year 1 Aug 14 4:00 PM","168.975280803008"
"Year 1 Aug 14 5:00 PM","104.905622197873"
"Year 1 Aug 14 6:00 PM","32.6313440666336"
"Year 1 Aug 14 7:00 PM","8.05349384628348"
"Year 1 Aug 14 8:00 PM","0"
"Year 1 Aug 14 9:00 PM","0"
"Year 1 Aug 14 10:00 PM","0"
"Year 1 Aug 14 11:00 PM","0"
"Year 1 Aug 15 12:00 AM","0"
"Year 1 Aug 15 1:00 AM","0"
"Year 1 Aug 15 2:00 AM","0"
"Year 1 Aug 15 3:00 AM","0"
"Year 1 Aug 15 4:00 AM","0"
"Year 1 Aug 15 5:00 AM","0"
"Year 1 Aug 15 6:00 AM","21.1208156799776"
"Year 1 Aug 15 7:00 AM","59.6188252911649"
"Year 1 Aug 15 8:00 AM","149.809747697283"
"Year 1 Aug 15 9:00 AM","219.21664803974"
"Year 1 Aug 15 10:00 AM","240.799329564951"
"Year 1 Aug 15 11:00 AM","297.982894942328"
"Year 1 Aug 15 12:00 PM","275.86707784246"
"Year 1 Aug 15 1:00 PM","222.071673224976"
"Year 1 Aug 15 2:00 PM","249.441187809045"
"Year 1 Aug 15 3:00 PM","241.133999433722"
"Year 1 Aug 15 4:00 PM","167.693782823159"
"Year 1 Aug 15 5:00 PM","152.167209886633"
"Year 1 Aug 15 6:00 PM","63.5722453509891"
"Year 1 Aug 15 7:00 PM","7.50660832219068"
"Year 1 Aug 15 8:00 PM","0"
"Year 1 Aug 15 9:00 PM","0"
"Year 1 Aug 15 10:00 PM","0"
"Year 1 Aug 15 11:00 PM","0"
"Year 1 Aug 16 12:00 AM","0"
"Year 1 Aug 16 1:00 AM","0"
"Year 1 Aug 16 2:00 AM","0"
"Year 1 Aug 16 3:00 AM","0"
"Year 1 Aug 16 4:00 AM","0"
"Year 1 Aug 16 5:00 AM","0"
"Year 1 Aug 16 6:00 AM","27.1944430234192"
"Year 1 Aug 16 7:00 AM","71.3091818544076"
"Year 1 Aug 16 8:00 AM","158.099631647486"
"Year 1 Aug 16 9:00 AM","190.543102407433"
"Year 1 Aug 16 10:00 AM","235.730344102395"
"Year 1 Aug 16 11:00 AM","239.250974642509"
"Year 1 Aug 16 12:00 PM","279.81024136625"
"Year 1 Aug 16 1:00 PM","264.543862886576"
"Year 1 Aug 16 2:00 PM","211.425551487135"
"Year 1 Aug 16 3:00 PM","146.290453587231"
"Year 1 Aug 16 4:00 PM","107.421019991055"
"Year 1 Aug 16 5:00 PM","80.2776099617543"
"Year 1 Aug 16 6:00 PM","45.7954566616993"
"Year 1 Aug 16 7:00 PM","13.4073053631491"
"Year 1 Aug 16 8:00 PM","0"
"Year 1 Aug 16 9:00 PM","0"
"Year 1 Aug 16 10:00 PM","0"
"Year 1 Aug 16 11:00 PM","0"
"Year 1 Aug 17 12:00 AM","0"
"Year 1 Aug 17 1:00 AM","0"
"Year 1 Aug 17 2:00 AM","0"
"Year 1 Aug 17 3:00 AM","0"
"Year 1 Aug 17 4:00 AM","0"
"Year 1 Aug 17 5:00 AM","0"
"Year 1 Aug 17 6:00 AM","29.1445376942427"
"Year 1 Aug 17 7:00 AM","74.3140981427699"
"Year 1 Aug 17 8:00 AM","144.774789469831"
"Year 1 Aug 17 9:00 AM","219.305190352697"
"Year 1 Aug 17 10:00 AM","263.782469191693"
"Year 1 Aug 17 11:00 AM","280.698853709364"
"Year 1 Aug 17 12:00 PM","292.050433366603"
"Year 1 Aug 17 1:00 PM","291.929353316022"
"Year 1 Aug 17 2:00 PM","278.517730254613"
"Year 1 Aug 17 3:00 PM","211.641785386508"
"Year 1 Aug 17 4:00 PM","169.772254406199"
"Year 1 Aug 17 5:00 PM","118.314522490501"
"Year 1 Aug 17 6:00 PM","64.1482217490192"
"Year 1 Aug 17 7:00 PM","15.7172782878636"
"Year 1 Aug 17 8:00 PM","0"
"Year 1 Aug 17 9:00 PM","0"
"Year 1 Aug 17 10:00 PM","0"
"Year 1 Aug 17 11:00 PM","0"
"Year 1 Aug 18 12:00 AM","0"
"Year 1 Aug 18 1:00 AM","0"
"Year 1 Aug 18 2:00 AM","0"
"Year 1 Aug 18 3:00 AM","0"
"Year 1 Aug 18 4:00 AM","0"
"Year 1 Aug 18 5:00 AM","0"
"Year 1 Aug 18 6:00 AM","21.6706730727362"
"Year 1 Aug 18 7:00 AM","42.929537302183"
"Year 1 Aug 18 8:00 AM","65.8099235028091"
"Year 1 Aug 18 9:00 AM","96.4446172864509"
"Year 1 Aug 18 10:00 AM","106.357952356467"
"Year 1 Aug 18 11:00 AM","120.92596219542"
"Year 1 Aug 18 12:00 PM","125.514365720806"
"Year 1 Aug 18 1:00 PM","103.155157122766"
"Year 1 Aug 18 2:00 PM","86.5471591624371"
"Year 1 Aug 18 3:00 PM","81.5767620325172"
"Year 1 Aug 18 4:00 PM","71.3287588011123"
"Year 1 Aug 18 5:00 PM","54.6422258471296"
"Year 1 Aug 18 6:00 PM","35.2525644738248"
"Year 1 Aug 18 7:00 PM","9.44146311645789"
"Year 1 Aug 18 8:00 PM","0"
"Year 1 Aug 18 9:00 PM","0"
"Year 1 Aug 18 10:00 PM","0"
"Year 1 Aug 18 11:00 PM","0"
"Year 1 Aug 19 12:00 AM","0"
"Year 1 Aug 19 1:00 AM","0"
"Year 1 Aug 19 2:00 AM","0"
"Year 1 Aug 19 3:00 AM","0"
"Year 1 Aug 19 4:00 AM","0"
"Year 1 Aug 19 5:00 AM","0"
"Year 1 Aug 19 6:00 AM","27.1613812390051"
"Year 1 Aug 19 7:00 AM","64.6132174988917"
"Year 1 Aug 19 8:00 AM","99.0837991168072"
"Year 1 Aug 19 9:00 AM","127.162563074594"
"Year 1 Aug 19 10:00 AM","166.591377299086"
"Year 1 Aug 19 11:00 AM","254.077551682846"
"Year 1 Aug 19 12:00 PM","245.257704787367"
"Year 1 Aug 19 1:00 PM","301.456596299289"
"Year 1 Aug 19 2:00 PM","269.066042611421"
"Year 1 Aug 19 3:00 PM","237.854783771283"
"Year 1 Aug 19 4:00 PM","192.763112607741"
"Year 1 Aug 19 5:00 PM","124.743482772674"
"Year 1 Aug 19 6:00 PM","55.7053619659785"
"Year 1 Aug 19 7:00 PM","10.0442505737117"
"Year 1 Aug 19 8:00 PM","0"
"Year 1 Aug 19 9:00 PM","0"
"Year 1 Aug 19 10:00 PM","0"
"Year 1 Aug 19 11:00 PM","0"
"Year 1 Aug 20 12:00 AM","0"
"Year 1 Aug 20 1:00 AM","0"
"Year 1 Aug 20 2:00 AM","0"
"Year 1 Aug 20 3:00 AM","0"
"Year 1 Aug 20 4:00 AM","0"
"Year 1 Aug 20 5:00 AM","0"
"Year 1 Aug 20 6:00 AM","25.1851781330117"
"Year 1 Aug 20 7:00 AM","75.7502166380157"
"Year 1 Aug 20 8:00 AM","138.274628577763"
"Year 1 Aug 20 9:00 AM","249.518785598208"
"Year 1 Aug 20 10:00 AM","268.42459795695"
"Year 1 Aug 20 11:00 AM","304.912458319764"
"Year 1 Aug 20 12:00 PM","300.745363720983"
"Year 1 Aug 20 1:00 PM","310.271385734342"
"Year 1 Aug 20 2:00 PM","320.911931910341"
"Year 1 Aug 20 3:00 PM","260.909570217538"
"Year 1 Aug 20 4:00 PM","192.768324120968"
"Year 1 Aug 20 5:00 PM","127.720701681904"
"Year 1 Aug 20 6:00 PM","58.5512252110275"
"Year 1 Aug 20 7:00 PM","9.59478988351449"
"Year 1 Aug 20 8:00 PM","0"
"Year 1 Aug 20 9:00 PM","0"
"Year 1 Aug 20 10:00 PM","0"
"Year 1 Aug 20 11:00 PM","0"
"Year 1 Aug 21 12:00 AM","0"
"Year 1 Aug 21 1:00 AM","0"
"Year 1 Aug 21 2:00 AM","0"
"Year 1 Aug 21 3:00 AM","0"
"Year 1 Aug 21 4:00 AM","0"
"Year 1 Aug 21 5:00 AM","0"
"Year 1 Aug 21 6:00 AM","26.1449565053562"
"Year 1 Aug 21 7:00 AM","75.7963455242201"
"Year 1 Aug 21 8:00 AM","124.9185608338"
"Year 1 Aug 21 9:00 AM","156.408536479017"
"Year 1 Aug 21 10:00 AM","187.009024831787"
"Year 1 Aug 21 11:00 AM","191.228969524569"
"Year 1 Aug 21 12:00 PM","195.286456582277"
"Year 1 Aug 21 1:00 PM","214.486731382694"
"Year 1 Aug 21 2:00 PM","238.499983059344"
"Year 1 Aug 21 3:00 PM","201.750986493509"
"Year 1 Aug 21 4:00 PM","157.355594760887"
"Year 1 Aug 21 5:00 PM","108.3764868003"
"Year 1 Aug 21 6:00 PM","53.1685301319343"
"Year 1 Aug 21 7:00 PM","7.89548559940704"
"Year 1 Aug 21 8:00 PM","0"
"Year 1 Aug 21 9:00 PM","0"
"Year 1 Aug 21 10:00 PM","0"
"Year 1 Aug 21 11:00 PM","0"
"Year 1 Aug 22 12:00 AM","0"
"Year 1 Aug 22 1:00 AM","0"
"Year 1 Aug 22 2:00 AM","0"
"Year 1 Aug 22 3:00 AM","0"
"Year 1 Aug 22 4:00 AM","0"
"Year 1 Aug 22 5:00 AM","0"
"Year 1 Aug 22 6:00 AM","8.71875"
"Year 1 Aug 22 7:00 AM","39.054597299495"
"Year 1 Aug 22 8:00 AM","84.3012592637493"
"Year 1 Aug 22 9:00 AM","175.5523393764"
"Year 1 Aug 22 10:00 AM","246.663832784742"
"Year 1 Aug 22 11:00 AM","263.412321568547"
"Year 1 Aug 22 12:00 PM","324.082881491276"
"Year 1 Aug 22 1:00 PM","283.587216440063"
"Year 1 Aug 22 2:00 PM","227.9901089409"
"Year 1 Aug 22 3:00 PM","199.804945971297"
"Year 1 Aug 22 4:00 PM","139.678216910356"
"Year 1 Aug 22 5:00 PM","85.2143591834965"
"Year 1 Aug 22 6:00 PM","48.0604688389395"
"Year 1 Aug 22 7:00 PM","9.46984575151212"
"Year 1 Aug 22 8:00 PM","0"
"Year 1 Aug 22 9:00 PM","0"
"Year 1 Aug 22 10:00 PM","0"
"Year 1 Aug 22 11:00 PM","0"
"Year 1 Aug 23 12:00 AM","0"
"Year 1 Aug 23 1:00 AM","0"
"Year 1 Aug 23 2:00 AM","0"
"Year 1 Aug 23 3:00 AM","0"
"Year 1 Aug 23 4:00 AM","0"
"Year 1 Aug 23 5:00 AM","0"
"Year 1 Aug 23 6:00 AM","17.3797858889797"
"Year 1 Aug 23 7:00 AM","49.4806391255501"
"Year 1 Aug 23 8:00 AM","121.381408507802"
"Year 1 Aug 23 9:00 AM","148.53140378427"
"Year 1 Aug 23 10:00 AM","131.213287889381"
"Year 1 Aug 23 11:00 AM","177.022845478525"
"Year 1 Aug 23 12:00 PM","188.171864188233"
"Year 1 Aug 23 1:00 PM","286.163105934833"
"Year 1 Aug 23 2:00 PM","267.022049828576"
"Year 1 Aug 23 3:00 PM","224.519727138397"
"Year 1 Aug 23 4:00 PM","141.817686826137"
"Year 1 Aug 23 5:00 PM","96.3893544068919"
"Year 1 Aug 23 6:00 PM","52.8065207150495"
"Year 1 Aug 23 7:00 PM","9.03611778552618"
"Year 1 Aug 23 8:00 PM","0"
"Year 1 Aug 23 9:00 PM","0"
"Year 1 Aug 23 10:00 PM","0"
"Year 1 Aug 23 11:00 PM","0"
"Year 1 Aug 24 12:00 AM","0"
"Year 1 Aug 24 1:00 AM","0"
"Year 1 Aug 24 2:00 AM","0"
"Year 1 Aug 24 3:00 AM","0"
"Year 1 Aug 24 4:00 AM","0"
"Year 1 Aug 24 5:00 AM","0"
"Year 1 Aug 24 6:00 AM","17.9506026978795"
"Year 1 Aug 24 7:00 AM","62.2509016491136"
"Year 1 Aug 24 8:00 AM","127.506499127531"
"Year 1 Aug 24 9:00 AM","208.31025137403"
"Year 1 Aug 24 10:00 AM","246.392477273049"
"Year 1 Aug 24 11:00 AM","285.24101133207"
"Year 1 Aug 24 12:00 PM","307.860934586885"
"Year 1 Aug 24 1:00 PM","300.301196584086"
"Year 1 Aug 24 2:00 PM","301.504569448783"
"Year 1 Aug 24 3:00 PM","234.437556022278"
"Year 1 Aug 24 4:00 PM","148.832982643855"
"Year 1 Aug 24 5:00 PM","79.5782645858277"
"Year 1 Aug 24 6:00 PM","44.0862763351066"
"Year 1 Aug 24 7:00 PM","9.14770890535083"
"Year 1 Aug 24 8:00 PM","0"
"Year 1 Aug 24 9:00 PM","0"
"Year 1 Aug 24 10:00 PM","0"
"Year 1 Aug 24 11:00 PM","0"
"Year 1 Aug 25 12:00 AM","0"
"Year 1 Aug 25 1:00 AM","0"
"Year 1 Aug 25 2:00 AM","0"
"Year 1 Aug 25 3:00 AM","0"
"Year 1 Aug 25 4:00 AM","0"
"Year 1 Aug 25 5:00 AM","0"
"Year 1 Aug 25 6:00 AM","26.8906694291902"
"Year 1 Aug 25 7:00 AM","83.8203604586175"
"Year 1 Aug 25 8:00 AM","136.297101566835"
"Year 1 Aug 25 9:00 AM","171.158047842087"
"Year 1 Aug 25 10:00 AM","162.232560719711"
"Year 1 Aug 25 11:00 AM","163.223675690608"
"Year 1 Aug 25 12:00 PM","150.125847957772"
"Year 1 Aug 25 1:00 PM","142.233887332181"
"Year 1 Aug 25 2:00 PM","138.567302427196"
"Year 1 Aug 25 3:00 PM","128.989349218467"
"Year 1 Aug 25 4:00 PM","99.1743770389164"
"Year 1 Aug 25 5:00 PM","79.5126828198926"
"Year 1 Aug 25 6:00 PM","43.1937317138348"
"Year 1 Aug 25 7:00 PM","7.68607610749224"
"Year 1 Aug 25 8:00 PM","0"
"Year 1 Aug 25 9:00 PM","0"
"Year 1 Aug 25 10:00 PM","0"
"Year 1 Aug 25 11:00 PM","0"
"Year 1 Aug 26 12:00 AM","0"
"Year 1 Aug 26 1:00 AM","0"
"Year 1 Aug 26 2:00 AM","0"
"Year 1 Aug 26 3:00 AM","0"
"Year 1 Aug 26 4:00 AM","0"
"Year 1 Aug 26 5:00 AM","0"
"Year 1 Aug 26 6:00 AM","20.0391428226715"
"Year 1 Aug 26 7:00 AM","67.2433528414316"
"Year 1 Aug 26 8:00 AM","132.148917923669"
"Year 1 Aug 26 9:00 AM","168.921006792577"
"Year 1 Aug 26 10:00 AM","239.146546735358"
"Year 1 Aug 26 11:00 AM","265.440375699"
"Year 1 Aug 26 12:00 PM","253.344727081194"
"Year 1 Aug 26 1:00 PM","257.175675538137"
"Year 1 Aug 26 2:00 PM","256.137478014281"
"Year 1 Aug 26 3:00 PM","188.764274860882"
"Year 1 Aug 26 4:00 PM","145.451332126419"
"Year 1 Aug 26 5:00 PM","51.0675167521565"
"Year 1 Aug 26 6:00 PM","37.0215716241242"
"Year 1 Aug 26 7:00 PM","6.10986869841079"
"Year 1 Aug 26 8:00 PM","0"
"Year 1 Aug 26 9:00 PM","0"
"Year 1 Aug 26 10:00 PM","0"
"Year 1 Aug 26 11:00 PM","0"
"Year 1 Aug 27 12:00 AM","0"
"Year 1 Aug 27 1:00 AM","0"
"Year 1 Aug 27 2:00 AM","0"
"Year 1 Aug 27 3:00 AM","0"
"Year 1 Aug 27 4:00 AM","0"
"Year 1 Aug 27 5:00 AM","0"
"Year 1 Aug 27 6:00 AM","20.4288983129743"
"Year 1 Aug 27 7:00 AM","75.2641663572674"
"Year 1 Aug 27 8:00 AM","135.434024091205"
"Year 1 Aug 27 9:00 AM","188.55277363947"
"Year 1 Aug 27 10:00 AM","281.23548011183"
"Year 1 Aug 27 11:00 AM","328.117196346506"
"Year 1 Aug 27 12:00 PM","353.896175596597"
"Year 1 Aug 27 1:00 PM","271.839709867625"
"Year 1 Aug 27 2:00 PM","229.174899603222"
"Year 1 Aug 27 3:00 PM","223.837029922875"
"Year 1 Aug 27 4:00 PM","188.956406261549"
"Year 1 Aug 27 5:00 PM","116.049857670792"
"Year 1 Aug 27 6:00 PM","55.3198332295003"
"Year 1 Aug 27 7:00 PM","7.8482346049"
"Year 1 Aug 27 8:00 PM","0"
"Year 1 Aug 27 9:00 PM","0"
"Year 1 Aug 27 10:00 PM","0"
"Year 1 Aug 27 11:00 PM","0"
"Year 1 Aug 28 12:00 AM","0"
"Year 1 Aug 28 1:00 AM","0"
"Year 1 Aug 28 2:00 AM","0"
"Year 1 Aug 28 3:00 AM","0"
"Year 1 Aug 28 4:00 AM","0"
"Year 1 Aug 28 5:00 AM","0"
"Year 1 Aug 28 6:00 AM","10.265625"
"Year 1 Aug 28 7:00 AM","33.140625"
"Year 1 Aug 28 8:00 AM","77.3601846178363"
"Year 1 Aug 28 9:00 AM","191.60872373607"
"Year 1 Aug 28 10:00 AM","230.939744879737"
"Year 1 Aug 28 11:00 AM","193.211877697924"
"Year 1 Aug 28 12:00 PM","244.448754203291"
"Year 1 Aug 28 1:00 PM","241.31022687977"
"Year 1 Aug 28 2:00 PM","280.000087172124"
"Year 1 Aug 28 3:00 PM","218.786172250156"
"Year 1 Aug 28 4:00 PM","154.758416139457"
"Year 1 Aug 28 5:00 PM","76.1617969237587"
"Year 1 Aug 28 6:00 PM","32.1747290953016"
"Year 1 Aug 28 7:00 PM","3.72783520572842"
"Year 1 Aug 28 8:00 PM","0"
"Year 1 Aug 28 9:00 PM","0"
"Year 1 Aug 28 10:00 PM","0"
"Year 1 Aug 28 11:00 PM","0"
"Year 1 Aug 29 12:00 AM","0"
"Year 1 Aug 29 1:00 AM","0"
"Year 1 Aug 29 2:00 AM","0"
"Year 1 Aug 29 3:00 AM","0"
"Year 1 Aug 29 4:00 AM","0"
"Year 1 Aug 29 5:00 AM","0"
"Year 1 Aug 29 6:00 AM","18.3910588145574"
"Year 1 Aug 29 7:00 AM","53.000237326858"
"Year 1 Aug 29 8:00 AM","63.9709000616338"
"Year 1 Aug 29 9:00 AM","115.011588734489"
"Year 1 Aug 29 10:00 AM","246.804775302362"
"Year 1 Aug 29 11:00 AM","252.862998363862"
"Year 1 Aug 29 12:00 PM","228.529485325385"
"Year 1 Aug 29 1:00 PM","285.277367660803"
"Year 1 Aug 29 2:00 PM","234.127286300283"
"Year 1 Aug 29 3:00 PM","183.552687074225"
"Year 1 Aug 29 4:00 PM","170.751943666254"
"Year 1 Aug 29 5:00 PM","110.447696004228"
"Year 1 Aug 29 6:00 PM","34.4112230369681"
"Year 1 Aug 29 7:00 PM","3.47107136637845"
"Year 1 Aug 29 8:00 PM","0"
"Year 1 Aug 29 9:00 PM","0"
"Year 1 Aug 29 10:00 PM","0"
"Year 1 Aug 29 11:00 PM","0"
"Year 1 Aug 30 12:00 AM","0"
"Year 1 Aug 30 1:00 AM","0"
"Year 1 Aug 30 2:00 AM","0"
"Year 1 Aug 30 3:00 AM","0"
"Year 1 Aug 30 4:00 AM","0"
"Year 1 Aug 30 5:00 AM","0"
"Year 1 Aug 30 6:00 AM","20.6943934702011"
"Year 1 Aug 30 7:00 AM","64.2002951621116"
"Year 1 Aug 30 8:00 AM","102.982093162261"
"Year 1 Aug 30 9:00 AM","135.096896817331"
"Year 1 Aug 30 10:00 AM","145.471938636211"
"Year 1 Aug 30 11:00 AM","195.98875704791"
"Year 1 Aug 30 12:00 PM","226.989102798689"
"Year 1 Aug 30 1:00 PM","152.773416437937"
"Year 1 Aug 30 2:00 PM","136.583044136901"
"Year 1 Aug 30 3:00 PM","130.909705592831"
"Year 1 Aug 30 4:00 PM","105.086229827195"
"Year 1 Aug 30 5:00 PM","72.5187854687742"
"Year 1 Aug 30 6:00 PM","38.932179946196"
"Year 1 Aug 30 7:00 PM","3.34040735181844"
"Year 1 Aug 30 8:00 PM","0"
"Year 1 Aug 30 9:00 PM","0"
"Year 1 Aug 30 10:00 PM","0"
"Year 1 Aug 30 11:00 PM","0"
"Year 1 Aug 31 12:00 AM","0"
"Year 1 Aug 31 1:00 AM","0"
"Year 1 Aug 31 2:00 AM","0"
"Year 1 Aug 31 3:00 AM","0"
"Year 1 Aug 31 4:00 AM","0"
"Year 1 Aug 31 5:00 AM","0"
"Year 1 Aug 31 6:00 AM","19.0900918535049"
"Year 1 Aug 31 7:00 AM","56.8157221954136"
"Year 1 Aug 31 8:00 AM","92.7558623249734"
"Year 1 Aug 31 9:00 AM","134.521601806931"
"Year 1 Aug 31 10:00 AM","182.267171954604"
"Year 1 Aug 31 11:00 AM","201.396670088798"
"Year 1 Aug 31 12:00 PM","221.699727983114"
"Year 1 Aug 31 1:00 PM","191.222255240861"
"Year 1 Aug 31 2:00 PM","142.753436022517"
"Year 1 Aug 31 3:00 PM","186.296803881368"
"Year 1 Aug 31 4:00 PM","149.145347429396"
"Year 1 Aug 31 5:00 PM","47.4568181881789"
"Year 1 Aug 31 6:00 PM","17.390625"
"Year 1 Aug 31 7:00 PM","1.734375"
"Year 1 Aug 31 8:00 PM","0"
"Year 1 Aug 31 9:00 PM","0"
"Year 1 Aug 31 10:00 PM","0"
"Year 1 Aug 31 11:00 PM","0"
"Year 1 Sep 01 12:00 AM","0"
"Year 1 Sep 01 1:00 AM","0"
"Year 1 Sep 01 2:00 AM","0"
"Year 1 Sep 01 3:00 AM","0"
"Year 1 Sep 01 4:00 AM","0"
"Year 1 Sep 01 5:00 AM","0"
"Year 1 Sep 01 6:00 AM","14.8583430278109"
"Year 1 Sep 01 7:00 AM","42.3042766742251"
"Year 1 Sep 01 8:00 AM","63.3637953527958"
"Year 1 Sep 01 9:00 AM","84.5522344119513"
"Year 1 Sep 01 10:00 AM","119.574197731908"
"Year 1 Sep 01 11:00 AM","150.035773631003"
"Year 1 Sep 01 12:00 PM","143.059956241097"
"Year 1 Sep 01 1:00 PM","182.472620383571"
"Year 1 Sep 01 2:00 PM","158.625074784003"
"Year 1 Sep 01 3:00 PM","164.767879925933"
"Year 1 Sep 01 4:00 PM","103.6342563862"
"Year 1 Sep 01 5:00 PM","57.3119611172028"
"Year 1 Sep 01 6:00 PM","30.7141595566937"
"Year 1 Sep 01 7:00 PM","2.6644854534825"
"Year 1 Sep 01 8:00 PM","0"
"Year 1 Sep 01 9:00 PM","0"
"Year 1 Sep 01 10:00 PM","0"
"Year 1 Sep 01 11:00 PM","0"
"Year 1 Sep 02 12:00 AM","0"
"Year 1 Sep 02 1:00 AM","0"
"Year 1 Sep 02 2:00 AM","0"
"Year 1 Sep 02 3:00 AM","0"
"Year 1 Sep 02 4:00 AM","0"
"Year 1 Sep 02 5:00 AM","0"
"Year 1 Sep 02 6:00 AM","17.2657919285417"
"Year 1 Sep 02 7:00 AM","69.4894785556415"
"Year 1 Sep 02 8:00 AM","147.764520152492"
"Year 1 Sep 02 9:00 AM","212.230615320609"
"Year 1 Sep 02 10:00 AM","249.86999922952"
"Year 1 Sep 02 11:00 AM","225.741388199525"
"Year 1 Sep 02 12:00 PM","245.257498190214"
"Year 1 Sep 02 1:00 PM","236.640524895099"
"Year 1 Sep 02 2:00 PM","255.930840884524"
"Year 1 Sep 02 3:00 PM","137.355030197364"
"Year 1 Sep 02 4:00 PM","88.7601603656098"
"Year 1 Sep 02 5:00 PM","55.4882099802337"
"Year 1 Sep 02 6:00 PM","29.8509258330589"
"Year 1 Sep 02 7:00 PM","2.53312110219097"
"Year 1 Sep 02 8:00 PM","0"
"Year 1 Sep 02 9:00 PM","0"
"Year 1 Sep 02 10:00 PM","0"
"Year 1 Sep 02 11:00 PM","0"
"Year 1 Sep 03 12:00 AM","0"
"Year 1 Sep 03 1:00 AM","0"
"Year 1 Sep 03 2:00 AM","0"
"Year 1 Sep 03 3:00 AM","0"
"Year 1 Sep 03 4:00 AM","0"
"Year 1 Sep 03 5:00 AM","0"
"Year 1 Sep 03 6:00 AM","19.18866951159"
"Year 1 Sep 03 7:00 AM","61.0878139985285"
"Year 1 Sep 03 8:00 AM","99.4693774700879"
"Year 1 Sep 03 9:00 AM","133.670012402389"
"Year 1 Sep 03 10:00 AM","158.857184509519"
"Year 1 Sep 03 11:00 AM","175.21418047655"
"Year 1 Sep 03 12:00 PM","182.612882169809"
"Year 1 Sep 03 1:00 PM","179.487759536145"
"Year 1 Sep 03 2:00 PM","167.15087108814"
"Year 1 Sep 03 3:00 PM","145.926571727219"
"Year 1 Sep 03 4:00 PM","115.878080631932"
"Year 1 Sep 03 5:00 PM","78.4959207797354"
"Year 1 Sep 03 6:00 PM","38.8891169521057"
"Year 1 Sep 03 7:00 PM","3.01526128052685"
"Year 1 Sep 03 8:00 PM","0"
"Year 1 Sep 03 9:00 PM","0"
"Year 1 Sep 03 10:00 PM","0"
"Year 1 Sep 03 11:00 PM","0"
"Year 1 Sep 04 12:00 AM","0"
"Year 1 Sep 04 1:00 AM","0"
"Year 1 Sep 04 2:00 AM","0"
"Year 1 Sep 04 3:00 AM","0"
"Year 1 Sep 04 4:00 AM","0"
"Year 1 Sep 04 5:00 AM","0"
"Year 1 Sep 04 6:00 AM","16.8355489448002"
"Year 1 Sep 04 7:00 AM","51.7245141088329"
"Year 1 Sep 04 8:00 AM","82.1263053893789"
"Year 1 Sep 04 9:00 AM","107.469081436377"
"Year 1 Sep 04 10:00 AM","124.725788591185"
"Year 1 Sep 04 11:00 AM","136.115395162689"
"Year 1 Sep 04 12:00 PM","141.614730846563"
"Year 1 Sep 04 1:00 PM","139.550669059471"
"Year 1 Sep 04 2:00 PM","130.223716155521"
"Year 1 Sep 04 3:00 PM","116.379560562494"
"Year 1 Sep 04 4:00 PM","93.5714113303693"
"Year 1 Sep 04 5:00 PM","65.0162656976911"
"Year 1 Sep 04 6:00 PM","33.4353378584748"
"Year 1 Sep 04 7:00 PM","2.58510765338467"
"Year 1 Sep 04 8:00 PM","0"
"Year 1 Sep 04 9:00 PM","0"
"Year 1 Sep 04 10:00 PM","0"
"Year 1 Sep 04 11:00 PM","0"
"Year 1 Sep 05 12:00 AM","0"
"Year 1 Sep 05 1:00 AM","0"
"Year 1 Sep 05 2:00 AM","0"
"Year 1 Sep 05 3:00 AM","0"
"Year 1 Sep 05 4:00 AM","0"
"Year 1 Sep 05 5:00 AM","0"
"Year 1 Sep 05 6:00 AM","17.996317643673"
"Year 1 Sep 05 7:00 AM","59.5119804972782"
"Year 1 Sep 05 8:00 AM","96.910590476952"
"Year 1 Sep 05 9:00 AM","129.318500669505"
"Year 1 Sep 05 10:00 AM","153.621837475845"
"Year 1 Sep 05 11:00 AM","169.618087223185"
"Year 1 Sep 05 12:00 PM","183.695976734858"
"Year 1 Sep 05 1:00 PM","210.828204181065"
"Year 1 Sep 05 2:00 PM","202.607743269857"
"Year 1 Sep 05 3:00 PM","169.331744357869"
"Year 1 Sep 05 4:00 PM","113.26720804689"
"Year 1 Sep 05 5:00 PM","75.1377878293906"
"Year 1 Sep 05 6:00 PM","36.0924003980427"
"Year 1 Sep 05 7:00 PM","2.32086783245125"
"Year 1 Sep 05 8:00 PM","0"
"Year 1 Sep 05 9:00 PM","0"
"Year 1 Sep 05 10:00 PM","0"
"Year 1 Sep 05 11:00 PM","0"
"Year 1 Sep 06 12:00 AM","0"
"Year 1 Sep 06 1:00 AM","0"
"Year 1 Sep 06 2:00 AM","0"
"Year 1 Sep 06 3:00 AM","0"
"Year 1 Sep 06 4:00 AM","0"
"Year 1 Sep 06 5:00 AM","0"
"Year 1 Sep 06 6:00 AM","16.025316008593"
"Year 1 Sep 06 7:00 AM","48.4145147978266"
"Year 1 Sep 06 8:00 AM","73.0859802005874"
"Year 1 Sep 06 9:00 AM","94.3081905997274"
"Year 1 Sep 06 10:00 AM","117.242506901083"
"Year 1 Sep 06 11:00 AM","139.080469729901"
"Year 1 Sep 06 12:00 PM","223.192920309877"
"Year 1 Sep 06 1:00 PM","206.147940563337"
"Year 1 Sep 06 2:00 PM","260.277274325066"
"Year 1 Sep 06 3:00 PM","187.107391452103"
"Year 1 Sep 06 4:00 PM","162.452815643739"
"Year 1 Sep 06 5:00 PM","93.2871244916605"
"Year 1 Sep 06 6:00 PM","37.2728903601689"
"Year 1 Sep 06 7:00 PM","0"
"Year 1 Sep 06 8:00 PM","0"
"Year 1 Sep 06 9:00 PM","0"
"Year 1 Sep 06 10:00 PM","0"
"Year 1 Sep 06 11:00 PM","0"
"Year 1 Sep 07 12:00 AM","0"
"Year 1 Sep 07 1:00 AM","0"
"Year 1 Sep 07 2:00 AM","0"
"Year 1 Sep 07 3:00 AM","0"
"Year 1 Sep 07 4:00 AM","0"
"Year 1 Sep 07 5:00 AM","0"
"Year 1 Sep 07 6:00 AM","13.6791770894244"
"Year 1 Sep 07 7:00 AM","55.5631387600208"
"Year 1 Sep 07 8:00 AM","103.954890242738"
"Year 1 Sep 07 9:00 AM","168.418350520294"
"Year 1 Sep 07 10:00 AM","210.151758775854"
"Year 1 Sep 07 11:00 AM","254.1111539479"
"Year 1 Sep 07 12:00 PM","303.959826355518"
"Year 1 Sep 07 1:00 PM","318.604888297996"
"Year 1 Sep 07 2:00 PM","289.883441133927"
"Year 1 Sep 07 3:00 PM","232.626507474512"
"Year 1 Sep 07 4:00 PM","161.585616158674"
"Year 1 Sep 07 5:00 PM","92.3095920347447"
"Year 1 Sep 07 6:00 PM","35.4783897136319"
"Year 1 Sep 07 7:00 PM","0"
"Year 1 Sep 07 8:00 PM","0"
"Year 1 Sep 07 9:00 PM","0"
"Year 1 Sep 07 10:00 PM","0"
"Year 1 Sep 07 11:00 PM","0"
"Year 1 Sep 08 12:00 AM","0"
"Year 1 Sep 08 1:00 AM","0"
"Year 1 Sep 08 2:00 AM","0"
"Year 1 Sep 08 3:00 AM","0"
"Year 1 Sep 08 4:00 AM","0"
"Year 1 Sep 08 5:00 AM","0"
"Year 1 Sep 08 6:00 AM","17.3360937258577"
"Year 1 Sep 08 7:00 AM","70.196128987324"
"Year 1 Sep 08 8:00 AM","146.158042334209"
"Year 1 Sep 08 9:00 AM","203.44127200616"
"Year 1 Sep 08 10:00 AM","260.460838110125"
"Year 1 Sep 08 11:00 AM","305.650481704945"
"Year 1 Sep 08 12:00 PM","305.464234241596"
"Year 1 Sep 08 1:00 PM","239.895564821095"
"Year 1 Sep 08 2:00 PM","177.434240622504"
"Year 1 Sep 08 3:00 PM","188.11524584012"
"Year 1 Sep 08 4:00 PM","117.108397994341"
"Year 1 Sep 08 5:00 PM","72.2179219360093"
"Year 1 Sep 08 6:00 PM","31.0267014827053"
"Year 1 Sep 08 7:00 PM","0"
"Year 1 Sep 08 8:00 PM","0"
"Year 1 Sep 08 9:00 PM","0"
"Year 1 Sep 08 10:00 PM","0"
"Year 1 Sep 08 11:00 PM","0"
"Year 1 Sep 09 12:00 AM","0"
"Year 1 Sep 09 1:00 AM","0"
"Year 1 Sep 09 2:00 AM","0"
"Year 1 Sep 09 3:00 AM","0"
"Year 1 Sep 09 4:00 AM","0"
"Year 1 Sep 09 5:00 AM","0"
"Year 1 Sep 09 6:00 AM","13.8051133003153"
"Year 1 Sep 09 7:00 AM","54.6395213063063"
"Year 1 Sep 09 8:00 AM","121.769147515293"
"Year 1 Sep 09 9:00 AM","111.147681863904"
"Year 1 Sep 09 10:00 AM","160.602577489694"
"Year 1 Sep 09 11:00 AM","257.254054049342"
"Year 1 Sep 09 12:00 PM","277.701849367921"
"Year 1 Sep 09 1:00 PM","203.220454250053"
"Year 1 Sep 09 2:00 PM","217.239472577625"
"Year 1 Sep 09 3:00 PM","223.298579621212"
"Year 1 Sep 09 4:00 PM","110.95816798899"
"Year 1 Sep 09 5:00 PM","64.715997923451"
"Year 1 Sep 09 6:00 PM","33.4461043900686"
"Year 1 Sep 09 7:00 PM","0"
"Year 1 Sep 09 8:00 PM","0"
"Year 1 Sep 09 9:00 PM","0"
"Year 1 Sep 09 10:00 PM","0"
"Year 1 Sep 09 11:00 PM","0"
"Year 1 Sep 10 12:00 AM","0"
"Year 1 Sep 10 1:00 AM","0"
"Year 1 Sep 10 2:00 AM","0"
"Year 1 Sep 10 3:00 AM","0"
"Year 1 Sep 10 4:00 AM","0"
"Year 1 Sep 10 5:00 AM","0"
"Year 1 Sep 10 6:00 AM","12.9512130218797"
"Year 1 Sep 10 7:00 AM","59.3248750256228"
"Year 1 Sep 10 8:00 AM","117.538471461941"
"Year 1 Sep 10 9:00 AM","157.805644073084"
"Year 1 Sep 10 10:00 AM","173.4391156453"
"Year 1 Sep 10 11:00 AM","203.45175763503"
"Year 1 Sep 10 12:00 PM","220.282635717618"
"Year 1 Sep 10 1:00 PM","239.687420507907"
"Year 1 Sep 10 2:00 PM","226.906399970877"
"Year 1 Sep 10 3:00 PM","158.134463025997"
"Year 1 Sep 10 4:00 PM","118.823269167267"
"Year 1 Sep 10 5:00 PM","56.3620913230875"
"Year 1 Sep 10 6:00 PM","20.0262973863341"
"Year 1 Sep 10 7:00 PM","0"
"Year 1 Sep 10 8:00 PM","0"
"Year 1 Sep 10 9:00 PM","0"
"Year 1 Sep 10 10:00 PM","0"
"Year 1 Sep 10 11:00 PM","0"
"Year 1 Sep 11 12:00 AM","0"
"Year 1 Sep 11 1:00 AM","0"
"Year 1 Sep 11 2:00 AM","0"
"Year 1 Sep 11 3:00 AM","0"
"Year 1 Sep 11 4:00 AM","0"
"Year 1 Sep 11 5:00 AM","0"
"Year 1 Sep 11 6:00 AM","14.3929600761759"
"Year 1 Sep 11 7:00 AM","59.0356680771865"
"Year 1 Sep 11 8:00 AM","78.0361213472029"
"Year 1 Sep 11 9:00 AM","104.259344039695"
"Year 1 Sep 11 10:00 AM","158.997275447882"
"Year 1 Sep 11 11:00 AM","180.176569568617"
"Year 1 Sep 11 12:00 PM","215.312280038092"
"Year 1 Sep 11 1:00 PM","166.661669676874"
"Year 1 Sep 11 2:00 PM","94.1735162977054"
"Year 1 Sep 11 3:00 PM","97.0373777013358"
"Year 1 Sep 11 4:00 PM","106.636443186608"
"Year 1 Sep 11 5:00 PM","66.0186214722198"
"Year 1 Sep 11 6:00 PM","28.5797184347015"
"Year 1 Sep 11 7:00 PM","0"
"Year 1 Sep 11 8:00 PM","0"
"Year 1 Sep 11 9:00 PM","0"
"Year 1 Sep 11 10:00 PM","0"
"Year 1 Sep 11 11:00 PM","0"
"Year 1 Sep 12 12:00 AM","0"
"Year 1 Sep 12 1:00 AM","0"
"Year 1 Sep 12 2:00 AM","0"
"Year 1 Sep 12 3:00 AM","0"
"Year 1 Sep 12 4:00 AM","0"
"Year 1 Sep 12 5:00 AM","0"
"Year 1 Sep 12 6:00 AM","6.95476029322689"
"Year 1 Sep 12 7:00 AM","44.6554352956344"
"Year 1 Sep 12 8:00 AM","132.49500915299"
"Year 1 Sep 12 9:00 AM","119.176330884451"
"Year 1 Sep 12 10:00 AM","119.380526809707"
"Year 1 Sep 12 11:00 AM","155.632596261283"
"Year 1 Sep 12 12:00 PM","196.630622629503"
"Year 1 Sep 12 1:00 PM","230.484587036132"
"Year 1 Sep 12 2:00 PM","176.013228737734"
"Year 1 Sep 12 3:00 PM","133.12446406377"
"Year 1 Sep 12 4:00 PM","86.122916465286"
"Year 1 Sep 12 5:00 PM","73.1275406253354"
"Year 1 Sep 12 6:00 PM","28.9374958191381"
"Year 1 Sep 12 7:00 PM","0"
"Year 1 Sep 12 8:00 PM","0"
"Year 1 Sep 12 9:00 PM","0"
"Year 1 Sep 12 10:00 PM","0"
"Year 1 Sep 12 11:00 PM","0"
"Year 1 Sep 13 12:00 AM","0"
"Year 1 Sep 13 1:00 AM","0"
"Year 1 Sep 13 2:00 AM","0"
"Year 1 Sep 13 3:00 AM","0"
"Year 1 Sep 13 4:00 AM","0"
"Year 1 Sep 13 5:00 AM","0"
"Year 1 Sep 13 6:00 AM","9.90912097073447"
"Year 1 Sep 13 7:00 AM","48.0358993980595"
"Year 1 Sep 13 8:00 AM","112.604931507504"
"Year 1 Sep 13 9:00 AM","178.805820732296"
"Year 1 Sep 13 10:00 AM","133.855824598334"
"Year 1 Sep 13 11:00 AM","120.45636299692"
"Year 1 Sep 13 12:00 PM","136.16049399475"
"Year 1 Sep 13 1:00 PM","199.822030362648"
"Year 1 Sep 13 2:00 PM","138.456759936901"
"Year 1 Sep 13 3:00 PM","138.843698413457"
"Year 1 Sep 13 4:00 PM","127.443369446872"
"Year 1 Sep 13 5:00 PM","59.4481301351894"
"Year 1 Sep 13 6:00 PM","29.9856608781976"
"Year 1 Sep 13 7:00 PM","0"
"Year 1 Sep 13 8:00 PM","0"
"Year 1 Sep 13 9:00 PM","0"
"Year 1 Sep 13 10:00 PM","0"
"Year 1 Sep 13 11:00 PM","0"
"Year 1 Sep 14 12:00 AM","0"
"Year 1 Sep 14 1:00 AM","0"
"Year 1 Sep 14 2:00 AM","0"
"Year 1 Sep 14 3:00 AM","0"
"Year 1 Sep 14 4:00 AM","0"
"Year 1 Sep 14 5:00 AM","0"
"Year 1 Sep 14 6:00 AM","8.88904818841407"
"Year 1 Sep 14 7:00 AM","35.700548360087"
"Year 1 Sep 14 8:00 AM","57.2975218617696"
"Year 1 Sep 14 9:00 AM","83.3219968063208"
"Year 1 Sep 14 10:00 AM","85.2931319845895"
"Year 1 Sep 14 11:00 AM","104.63785296506"
"Year 1 Sep 14 12:00 PM","98.3861159480481"
"Year 1 Sep 14 1:00 PM","102.0975238551"
"Year 1 Sep 14 2:00 PM","108.287516851584"
"Year 1 Sep 14 3:00 PM","90.4988225559771"
"Year 1 Sep 14 4:00 PM","97.3925674859952"
"Year 1 Sep 14 5:00 PM","77.1233415335183"
"Year 1 Sep 14 6:00 PM","21.1390885743662"
"Year 1 Sep 14 7:00 PM","0"
"Year 1 Sep 14 8:00 PM","0"
"Year 1 Sep 14 9:00 PM","0"
"Year 1 Sep 14 10:00 PM","0"
"Year 1 Sep 14 11:00 PM","0"
"Year 1 Sep 15 12:00 AM","0"
"Year 1 Sep 15 1:00 AM","0"
"Year 1 Sep 15 2:00 AM","0"
"Year 1 Sep 15 3:00 AM","0"
"Year 1 Sep 15 4:00 AM","0"
"Year 1 Sep 15 5:00 AM","0"
"Year 1 Sep 15 6:00 AM","10.3475267270751"
"Year 1 Sep 15 7:00 AM","49.3541772392258"
"Year 1 Sep 15 8:00 AM","117.940535564763"
"Year 1 Sep 15 9:00 AM","199.321764648116"
"Year 1 Sep 15 10:00 AM","232.283043138405"
"Year 1 Sep 15 11:00 AM","265.012669303578"
"Year 1 Sep 15 12:00 PM","258.796102556095"
"Year 1 Sep 15 1:00 PM","203.757786544083"
"Year 1 Sep 15 2:00 PM","179.284282722404"
"Year 1 Sep 15 3:00 PM","176.155673920382"
"Year 1 Sep 15 4:00 PM","164.301964590362"
"Year 1 Sep 15 5:00 PM","78.6280909695584"
"Year 1 Sep 15 6:00 PM","18.9892531653517"
"Year 1 Sep 15 7:00 PM","0"
"Year 1 Sep 15 8:00 PM","0"
"Year 1 Sep 15 9:00 PM","0"
"Year 1 Sep 15 10:00 PM","0"
"Year 1 Sep 15 11:00 PM","0"
"Year 1 Sep 16 12:00 AM","0"
"Year 1 Sep 16 1:00 AM","0"
"Year 1 Sep 16 2:00 AM","0"
"Year 1 Sep 16 3:00 AM","0"
"Year 1 Sep 16 4:00 AM","0"
"Year 1 Sep 16 5:00 AM","0"
"Year 1 Sep 16 6:00 AM","8.5564293090057"
"Year 1 Sep 16 7:00 AM","47.9103389099543"
"Year 1 Sep 16 8:00 AM","102.385592064457"
"Year 1 Sep 16 9:00 AM","123.959188348928"
"Year 1 Sep 16 10:00 AM","139.716540675762"
"Year 1 Sep 16 11:00 AM","143.194183384089"
"Year 1 Sep 16 12:00 PM","151.820866107397"
"Year 1 Sep 16 1:00 PM","182.951861497045"
"Year 1 Sep 16 2:00 PM","246.095619849125"
"Year 1 Sep 16 3:00 PM","196.72262744976"
"Year 1 Sep 16 4:00 PM","124.066216533458"
"Year 1 Sep 16 5:00 PM","87.9011947702007"
"Year 1 Sep 16 6:00 PM","21.2631013071659"
"Year 1 Sep 16 7:00 PM","0"
"Year 1 Sep 16 8:00 PM","0"
"Year 1 Sep 16 9:00 PM","0"
"Year 1 Sep 16 10:00 PM","0"
"Year 1 Sep 16 11:00 PM","0"
"Year 1 Sep 17 12:00 AM","0"
"Year 1 Sep 17 1:00 AM","0"
"Year 1 Sep 17 2:00 AM","0"
"Year 1 Sep 17 3:00 AM","0"
"Year 1 Sep 17 4:00 AM","0"
"Year 1 Sep 17 5:00 AM","0"
"Year 1 Sep 17 6:00 AM","6.10822273872765"
"Year 1 Sep 17 7:00 AM","28.078125"
"Year 1 Sep 17 8:00 AM","47.90625"
"Year 1 Sep 17 9:00 AM","75.3778655324457"
"Year 1 Sep 17 10:00 AM","117.123203841623"
"Year 1 Sep 17 11:00 AM","217.874948902869"
"Year 1 Sep 17 12:00 PM","250.367732039348"
"Year 1 Sep 17 1:00 PM","236.336690998848"
"Year 1 Sep 17 2:00 PM","218.358458873879"
"Year 1 Sep 17 3:00 PM","129.880479203121"
"Year 1 Sep 17 4:00 PM","134.149093774301"
"Year 1 Sep 17 5:00 PM","60.1963194239814"
"Year 1 Sep 17 6:00 PM","14.2944743253813"
"Year 1 Sep 17 7:00 PM","0"
"Year 1 Sep 17 8:00 PM","0"
"Year 1 Sep 17 9:00 PM","0"
"Year 1 Sep 17 10:00 PM","0"
"Year 1 Sep 17 11:00 PM","0"
"Year 1 Sep 18 12:00 AM","0"
"Year 1 Sep 18 1:00 AM","0"
"Year 1 Sep 18 2:00 AM","0"
"Year 1 Sep 18 3:00 AM","0"
"Year 1 Sep 18 4:00 AM","0"
"Year 1 Sep 18 5:00 AM","0"
"Year 1 Sep 18 6:00 AM","7.26418685138691"
"Year 1 Sep 18 7:00 AM","37.8521140630959"
"Year 1 Sep 18 8:00 AM","80.4940848707491"
"Year 1 Sep 18 9:00 AM","146.649734582322"
"Year 1 Sep 18 10:00 AM","182.261259893801"
"Year 1 Sep 18 11:00 AM","228.261707925985"
"Year 1 Sep 18 12:00 PM","241.801873423156"
"Year 1 Sep 18 1:00 PM","218.843156655657"
"Year 1 Sep 18 2:00 PM","136.136658637633"
"Year 1 Sep 18 3:00 PM","119.305380450186"
"Year 1 Sep 18 4:00 PM","74.4071257579405"
"Year 1 Sep 18 5:00 PM","41.7137875471882"
"Year 1 Sep 18 6:00 PM","11.2459416959164"
"Year 1 Sep 18 7:00 PM","0"
"Year 1 Sep 18 8:00 PM","0"
"Year 1 Sep 18 9:00 PM","0"
"Year 1 Sep 18 10:00 PM","0"
"Year 1 Sep 18 11:00 PM","0"
"Year 1 Sep 19 12:00 AM","0"
"Year 1 Sep 19 1:00 AM","0"
"Year 1 Sep 19 2:00 AM","0"
"Year 1 Sep 19 3:00 AM","0"
"Year 1 Sep 19 4:00 AM","0"
"Year 1 Sep 19 5:00 AM","0"
"Year 1 Sep 19 6:00 AM","8.77520323178916"
"Year 1 Sep 19 7:00 AM","43.6067966852267"
"Year 1 Sep 19 8:00 AM","73.1624753168039"
"Year 1 Sep 19 9:00 AM","98.510325125473"
"Year 1 Sep 19 10:00 AM","131.584961763892"
"Year 1 Sep 19 11:00 AM","213.841325687729"
"Year 1 Sep 19 12:00 PM","277.610613083894"
"Year 1 Sep 19 1:00 PM","293.524354040674"
"Year 1 Sep 19 2:00 PM","221.94183423216"
"Year 1 Sep 19 3:00 PM","167.470631640602"
"Year 1 Sep 19 4:00 PM","99.9182338755501"
"Year 1 Sep 19 5:00 PM","35.6328585330613"
"Year 1 Sep 19 6:00 PM","10.1124233597614"
"Year 1 Sep 19 7:00 PM","0"
"Year 1 Sep 19 8:00 PM","0"
"Year 1 Sep 19 9:00 PM","0"
"Year 1 Sep 19 10:00 PM","0"
"Year 1 Sep 19 11:00 PM","0"
"Year 1 Sep 20 12:00 AM","0"
"Year 1 Sep 20 1:00 AM","0"
"Year 1 Sep 20 2:00 AM","0"
"Year 1 Sep 20 3:00 AM","0"
"Year 1 Sep 20 4:00 AM","0"
"Year 1 Sep 20 5:00 AM","0"
"Year 1 Sep 20 6:00 AM","7.67871242498548"
"Year 1 Sep 20 7:00 AM","48.7643685738933"
"Year 1 Sep 20 8:00 AM","97.652231128676"
"Year 1 Sep 20 9:00 AM","155.776517704563"
"Year 1 Sep 20 10:00 AM","222.715077440294"
"Year 1 Sep 20 11:00 AM","154.529802176713"
"Year 1 Sep 20 12:00 PM","269.247353759885"
"Year 1 Sep 20 1:00 PM","232.043140520559"
"Year 1 Sep 20 2:00 PM","185.137118471084"
"Year 1 Sep 20 3:00 PM","143.986118984491"
"Year 1 Sep 20 4:00 PM","81.1906333516965"
"Year 1 Sep 20 5:00 PM","59.5612643772183"
"Year 1 Sep 20 6:00 PM","10.3755796719705"
"Year 1 Sep 20 7:00 PM","0"
"Year 1 Sep 20 8:00 PM","0"
"Year 1 Sep 20 9:00 PM","0"
"Year 1 Sep 20 10:00 PM","0"
"Year 1 Sep 20 11:00 PM","0"
"Year 1 Sep 21 12:00 AM","0"
"Year 1 Sep 21 1:00 AM","0"
"Year 1 Sep 21 2:00 AM","0"
"Year 1 Sep 21 3:00 AM","0"
"Year 1 Sep 21 4:00 AM","0"
"Year 1 Sep 21 5:00 AM","0"
"Year 1 Sep 21 6:00 AM","9.72719798579735"
"Year 1 Sep 21 7:00 AM","48.9347733920382"
"Year 1 Sep 21 8:00 AM","75.9951307834619"
"Year 1 Sep 21 9:00 AM","134.895876387753"
"Year 1 Sep 21 10:00 AM","185.08429455114"
"Year 1 Sep 21 11:00 AM","138.569653883937"
"Year 1 Sep 21 12:00 PM","170.658924665107"
"Year 1 Sep 21 1:00 PM","217.592919590804"
"Year 1 Sep 21 2:00 PM","149.053073806998"
"Year 1 Sep 21 3:00 PM","118.443178764472"
"Year 1 Sep 21 4:00 PM","80.0632514000714"
"Year 1 Sep 21 5:00 PM","41.2593936871998"
"Year 1 Sep 21 6:00 PM","8.015625"
"Year 1 Sep 21 7:00 PM","0"
"Year 1 Sep 21 8:00 PM","0"
"Year 1 Sep 21 9:00 PM","0"
"Year 1 Sep 21 10:00 PM","0"
"Year 1 Sep 21 11:00 PM","0"
"Year 1 Sep 22 12:00 AM","0"
"Year 1 Sep 22 1:00 AM","0"
"Year 1 Sep 22 2:00 AM","0"
"Year 1 Sep 22 3:00 AM","0"
"Year 1 Sep 22 4:00 AM","0"
"Year 1 Sep 22 5:00 AM","0"
"Year 1 Sep 22 6:00 AM","9.77834067617395"
"Year 1 Sep 22 7:00 AM","52.8872807200328"
"Year 1 Sep 22 8:00 AM","92.1323222734591"
"Year 1 Sep 22 9:00 AM","195.735058422325"
"Year 1 Sep 22 10:00 AM","245.039845659745"
"Year 1 Sep 22 11:00 AM","216.911188259848"
"Year 1 Sep 22 12:00 PM","209.120277267547"
"Year 1 Sep 22 1:00 PM","224.749066406541"
"Year 1 Sep 22 2:00 PM","192.400128509108"
"Year 1 Sep 22 3:00 PM","94.7515343877771"
"Year 1 Sep 22 4:00 PM","94.6780607978036"
"Year 1 Sep 22 5:00 PM","55.7737853945752"
"Year 1 Sep 22 6:00 PM","14.8302489975052"
"Year 1 Sep 22 7:00 PM","0"
"Year 1 Sep 22 8:00 PM","0"
"Year 1 Sep 22 9:00 PM","0"
"Year 1 Sep 22 10:00 PM","0"
"Year 1 Sep 22 11:00 PM","0"
"Year 1 Sep 23 12:00 AM","0"
"Year 1 Sep 23 1:00 AM","0"
"Year 1 Sep 23 2:00 AM","0"
"Year 1 Sep 23 3:00 AM","0"
"Year 1 Sep 23 4:00 AM","0"
"Year 1 Sep 23 5:00 AM","0"
"Year 1 Sep 23 6:00 AM","7.42180711016569"
"Year 1 Sep 23 7:00 AM","37.4012807292825"
"Year 1 Sep 23 8:00 AM","61.8697952912548"
"Year 1 Sep 23 9:00 AM","81.8424037017712"
"Year 1 Sep 23 10:00 AM","97.8705259034559"
"Year 1 Sep 23 11:00 AM","123.60624536129"
"Year 1 Sep 23 12:00 PM","177.181029350355"
"Year 1 Sep 23 1:00 PM","177.496025615062"
"Year 1 Sep 23 2:00 PM","157.08524678427"
"Year 1 Sep 23 3:00 PM","89.676635211084"
"Year 1 Sep 23 4:00 PM","66.4293776974332"
"Year 1 Sep 23 5:00 PM","42.0283202934176"
"Year 1 Sep 23 6:00 PM","13.5082366523538"
"Year 1 Sep 23 7:00 PM","0"
"Year 1 Sep 23 8:00 PM","0"
"Year 1 Sep 23 9:00 PM","0"
"Year 1 Sep 23 10:00 PM","0"
"Year 1 Sep 23 11:00 PM","0"
"Year 1 Sep 24 12:00 AM","0"
"Year 1 Sep 24 1:00 AM","0"
"Year 1 Sep 24 2:00 AM","0"
"Year 1 Sep 24 3:00 AM","0"
"Year 1 Sep 24 4:00 AM","0"
"Year 1 Sep 24 5:00 AM","0"
"Year 1 Sep 24 6:00 AM","6.27179105182411"
"Year 1 Sep 24 7:00 AM","39.4755620516639"
"Year 1 Sep 24 8:00 AM","86.6849230306452"
"Year 1 Sep 24 9:00 AM","143.761652779695"
"Year 1 Sep 24 10:00 AM","125.803182189238"
"Year 1 Sep 24 11:00 AM","130.376493782334"
"Year 1 Sep 24 12:00 PM","173.184344274902"
"Year 1 Sep 24 1:00 PM","149.90431944076"
"Year 1 Sep 24 2:00 PM","168.11836374576"
"Year 1 Sep 24 3:00 PM","129.232278683097"
"Year 1 Sep 24 4:00 PM","88.7216657240172"
"Year 1 Sep 24 5:00 PM","55.5000459957729"
"Year 1 Sep 24 6:00 PM","7.60883965351134"
"Year 1 Sep 24 7:00 PM","0"
"Year 1 Sep 24 8:00 PM","0"
"Year 1 Sep 24 9:00 PM","0"
"Year 1 Sep 24 10:00 PM","0"
"Year 1 Sep 24 11:00 PM","0"
"Year 1 Sep 25 12:00 AM","0"
"Year 1 Sep 25 1:00 AM","0"
"Year 1 Sep 25 2:00 AM","0"
"Year 1 Sep 25 3:00 AM","0"
"Year 1 Sep 25 4:00 AM","0"
"Year 1 Sep 25 5:00 AM","0"
"Year 1 Sep 25 6:00 AM","4.65735512761997"
"Year 1 Sep 25 7:00 AM","42.3551253856109"
"Year 1 Sep 25 8:00 AM","84.0267598680597"
"Year 1 Sep 25 9:00 AM","111.605354898517"
"Year 1 Sep 25 10:00 AM","132.638902920812"
"Year 1 Sep 25 11:00 AM","123.452491414735"
"Year 1 Sep 25 12:00 PM","135.454978568287"
"Year 1 Sep 25 1:00 PM","121.510037211712"
"Year 1 Sep 25 2:00 PM","111.938667728856"
"Year 1 Sep 25 3:00 PM","96.7188390696374"
"Year 1 Sep 25 4:00 PM","73.188068622883"
"Year 1 Sep 25 5:00 PM","44.9515348799627"
"Year 1 Sep 25 6:00 PM","10.6962250932091"
"Year 1 Sep 25 7:00 PM","0"
"Year 1 Sep 25 8:00 PM","0"
"Year 1 Sep 25 9:00 PM","0"
"Year 1 Sep 25 10:00 PM","0"
"Year 1 Sep 25 11:00 PM","0"
"Year 1 Sep 26 12:00 AM","0"
"Year 1 Sep 26 1:00 AM","0"
"Year 1 Sep 26 2:00 AM","0"
"Year 1 Sep 26 3:00 AM","0"
"Year 1 Sep 26 4:00 AM","0"
"Year 1 Sep 26 5:00 AM","0"
"Year 1 Sep 26 6:00 AM","5.18798430889888"
"Year 1 Sep 26 7:00 AM","41.0885392245491"
"Year 1 Sep 26 8:00 AM","72.0165326547962"
"Year 1 Sep 26 9:00 AM","98.9199345554537"
"Year 1 Sep 26 10:00 AM","118.829080976854"
"Year 1 Sep 26 11:00 AM","128.975286619686"
"Year 1 Sep 26 12:00 PM","132.625739631274"
"Year 1 Sep 26 1:00 PM","129.459096546937"
"Year 1 Sep 26 2:00 PM","121.151068899502"
"Year 1 Sep 26 3:00 PM","106.967556539441"
"Year 1 Sep 26 4:00 PM","98.9647356790724"
"Year 1 Sep 26 5:00 PM","63.1326723748023"
"Year 1 Sep 26 6:00 PM","10.2700588332864"
"Year 1 Sep 26 7:00 PM","0"
"Year 1 Sep 26 8:00 PM","0"
"Year 1 Sep 26 9:00 PM","0"
"Year 1 Sep 26 10:00 PM","0"
"Year 1 Sep 26 11:00 PM","0"
"Year 1 Sep 27 12:00 AM","0"
"Year 1 Sep 27 1:00 AM","0"
"Year 1 Sep 27 2:00 AM","0"
"Year 1 Sep 27 3:00 AM","0"
"Year 1 Sep 27 4:00 AM","0"
"Year 1 Sep 27 5:00 AM","0"
"Year 1 Sep 27 6:00 AM","4.46057589739282"
"Year 1 Sep 27 7:00 AM","37.5652682687444"
"Year 1 Sep 27 8:00 AM","62.5732942920755"
"Year 1 Sep 27 9:00 AM","96.8750289185639"
"Year 1 Sep 27 10:00 AM","182.229655553663"
"Year 1 Sep 27 11:00 AM","240.273678471634"
"Year 1 Sep 27 12:00 PM","273.396118049735"
"Year 1 Sep 27 1:00 PM","192.359076523417"
"Year 1 Sep 27 2:00 PM","106.49170122529"
"Year 1 Sep 27 3:00 PM","83.2170355176748"
"Year 1 Sep 27 4:00 PM","65.9065604014734"
"Year 1 Sep 27 5:00 PM","47.8196112494933"
"Year 1 Sep 27 6:00 PM","9.83075657092586"
"Year 1 Sep 27 7:00 PM","0"
"Year 1 Sep 27 8:00 PM","0"
"Year 1 Sep 27 9:00 PM","0"
"Year 1 Sep 27 10:00 PM","0"
"Year 1 Sep 27 11:00 PM","0"
"Year 1 Sep 28 12:00 AM","0"
"Year 1 Sep 28 1:00 AM","0"
"Year 1 Sep 28 2:00 AM","0"
"Year 1 Sep 28 3:00 AM","0"
"Year 1 Sep 28 4:00 AM","0"
"Year 1 Sep 28 5:00 AM","0"
"Year 1 Sep 28 6:00 AM","5.4776677324263"
"Year 1 Sep 28 7:00 AM","39.7412384324528"
"Year 1 Sep 28 8:00 AM","51.2419235354428"
"Year 1 Sep 28 9:00 AM","96.3869951233896"
"Year 1 Sep 28 10:00 AM","156.767104997752"
"Year 1 Sep 28 11:00 AM","117.057199726319"
"Year 1 Sep 28 12:00 PM","218.615194205347"
"Year 1 Sep 28 1:00 PM","179.559931964409"
"Year 1 Sep 28 2:00 PM","176.81973312132"
"Year 1 Sep 28 3:00 PM","165.424674253421"
"Year 1 Sep 28 4:00 PM","122.299110394177"
"Year 1 Sep 28 5:00 PM","53.1743887735034"
"Year 1 Sep 28 6:00 PM","8.24531047636759"
"Year 1 Sep 28 7:00 PM","0"
"Year 1 Sep 28 8:00 PM","0"
"Year 1 Sep 28 9:00 PM","0"
"Year 1 Sep 28 10:00 PM","0"
"Year 1 Sep 28 11:00 PM","0"
"Year 1 Sep 29 12:00 AM","0"
"Year 1 Sep 29 1:00 AM","0"
"Year 1 Sep 29 2:00 AM","0"
"Year 1 Sep 29 3:00 AM","0"
"Year 1 Sep 29 4:00 AM","0"
"Year 1 Sep 29 5:00 AM","0"
"Year 1 Sep 29 6:00 AM","3.90531417461377"
"Year 1 Sep 29 7:00 AM","34.1319836955988"
"Year 1 Sep 29 8:00 AM","59.7629871288632"
"Year 1 Sep 29 9:00 AM","85.1951100033364"
"Year 1 Sep 29 10:00 AM","141.644068173885"
"Year 1 Sep 29 11:00 AM","234.431945201486"
"Year 1 Sep 29 12:00 PM","238.385544357416"
"Year 1 Sep 29 1:00 PM","239.408345701533"
"Year 1 Sep 29 2:00 PM","181.92030469793"
"Year 1 Sep 29 3:00 PM","140.105795986253"
"Year 1 Sep 29 4:00 PM","103.974473510223"
"Year 1 Sep 29 5:00 PM","45.0678317002433"
"Year 1 Sep 29 6:00 PM","8.77412745971591"
"Year 1 Sep 29 7:00 PM","0"
"Year 1 Sep 29 8:00 PM","0"
"Year 1 Sep 29 9:00 PM","0"
"Year 1 Sep 29 10:00 PM","0"
"Year 1 Sep 29 11:00 PM","0"
"Year 1 Sep 30 12:00 AM","0"
"Year 1 Sep 30 1:00 AM","0"
"Year 1 Sep 30 2:00 AM","0"
"Year 1 Sep 30 3:00 AM","0"
"Year 1 Sep 30 4:00 AM","0"
"Year 1 Sep 30 5:00 AM","0"
"Year 1 Sep 30 6:00 AM","4.65145958963487"
"Year 1 Sep 30 7:00 AM","43.6428796085488"
"Year 1 Sep 30 8:00 AM","102.420330808455"
"Year 1 Sep 30 9:00 AM","155.579422053472"
"Year 1 Sep 30 10:00 AM","197.283700347262"
"Year 1 Sep 30 11:00 AM","222.237905128716"
"Year 1 Sep 30 12:00 PM","216.029778126178"
"Year 1 Sep 30 1:00 PM","204.337964026553"
"Year 1 Sep 30 2:00 PM","195.700025664613"
"Year 1 Sep 30 3:00 PM","156.611314277806"
"Year 1 Sep 30 4:00 PM","111.433117611523"
"Year 1 Sep 30 5:00 PM","55.8725939209256"
"Year 1 Sep 30 6:00 PM","7.94767117185547"
"Year 1 Sep 30 7:00 PM","0"
"Year 1 Sep 30 8:00 PM","0"
"Year 1 Sep 30 9:00 PM","0"
"Year 1 Sep 30 10:00 PM","0"
"Year 1 Sep 30 11:00 PM","0"
"Year 1 Oct 01 12:00 AM","0"
"Year 1 Oct 01 1:00 AM","0"
"Year 1 Oct 01 2:00 AM","0"
"Year 1 Oct 01 3:00 AM","0"
"Year 1 Oct 01 4:00 AM","0"
"Year 1 Oct 01 5:00 AM","0"
"Year 1 Oct 01 6:00 AM","4.57611154028652"
"Year 1 Oct 01 7:00 AM","40.2908742285287"
"Year 1 Oct 01 8:00 AM","76.8873476475431"
"Year 1 Oct 01 9:00 AM","107.773579876673"
"Year 1 Oct 01 10:00 AM","129.130417896416"
"Year 1 Oct 01 11:00 AM","144.448117248421"
"Year 1 Oct 01 12:00 PM","184.013506078598"
"Year 1 Oct 01 1:00 PM","192.451717169362"
"Year 1 Oct 01 2:00 PM","171.250828086224"
"Year 1 Oct 01 3:00 PM","130.010515946559"
"Year 1 Oct 01 4:00 PM","86.8697235586918"
"Year 1 Oct 01 5:00 PM","46.7096036335642"
"Year 1 Oct 01 6:00 PM","8.66646659571864"
"Year 1 Oct 01 7:00 PM","0"
"Year 1 Oct 01 8:00 PM","0"
"Year 1 Oct 01 9:00 PM","0"
"Year 1 Oct 01 10:00 PM","0"
"Year 1 Oct 01 11:00 PM","0"
"Year 1 Oct 02 12:00 AM","0"
"Year 1 Oct 02 1:00 AM","0"
"Year 1 Oct 02 2:00 AM","0"
"Year 1 Oct 02 3:00 AM","0"
"Year 1 Oct 02 4:00 AM","0"
"Year 1 Oct 02 5:00 AM","0"
"Year 1 Oct 02 6:00 AM","3.23433842422321"
"Year 1 Oct 02 7:00 AM","30.8173721479149"
"Year 1 Oct 02 8:00 AM","65.1193208283224"
"Year 1 Oct 02 9:00 AM","97.7867722284666"
"Year 1 Oct 02 10:00 AM","127.24683554313"
"Year 1 Oct 02 11:00 AM","106.75609191142"
"Year 1 Oct 02 12:00 PM","121.731582658015"
"Year 1 Oct 02 1:00 PM","77.7964526914364"
"Year 1 Oct 02 2:00 PM","118.649849668111"
"Year 1 Oct 02 3:00 PM","131.900301702928"
"Year 1 Oct 02 4:00 PM","82.0951502277498"
"Year 1 Oct 02 5:00 PM","34.0449978463711"
"Year 1 Oct 02 6:00 PM","3.1557753771993"
"Year 1 Oct 02 7:00 PM","0"
"Year 1 Oct 02 8:00 PM","0"
"Year 1 Oct 02 9:00 PM","0"
"Year 1 Oct 02 10:00 PM","0"
"Year 1 Oct 02 11:00 PM","0"
"Year 1 Oct 03 12:00 AM","0"
"Year 1 Oct 03 1:00 AM","0"
"Year 1 Oct 03 2:00 AM","0"
"Year 1 Oct 03 3:00 AM","0"
"Year 1 Oct 03 4:00 AM","0"
"Year 1 Oct 03 5:00 AM","0"
"Year 1 Oct 03 6:00 AM","2.76846466657699"
"Year 1 Oct 03 7:00 AM","31.6537206196308"
"Year 1 Oct 03 8:00 AM","91.1656885193752"
"Year 1 Oct 03 9:00 AM","155.574739834839"
"Year 1 Oct 03 10:00 AM","200.72022448779"
"Year 1 Oct 03 11:00 AM","230.351206460187"
"Year 1 Oct 03 12:00 PM","235.031640261692"
"Year 1 Oct 03 1:00 PM","228.421936804981"
"Year 1 Oct 03 2:00 PM","193.316989942149"
"Year 1 Oct 03 3:00 PM","151.288376986489"
"Year 1 Oct 03 4:00 PM","97.5339895654573"
"Year 1 Oct 03 5:00 PM","51.5979395114781"
"Year 1 Oct 03 6:00 PM","5.70010792143948"
"Year 1 Oct 03 7:00 PM","0"
"Year 1 Oct 03 8:00 PM","0"
"Year 1 Oct 03 9:00 PM","0"
"Year 1 Oct 03 10:00 PM","0"
"Year 1 Oct 03 11:00 PM","0"
"Year 1 Oct 04 12:00 AM","0"
"Year 1 Oct 04 1:00 AM","0"
"Year 1 Oct 04 2:00 AM","0"
"Year 1 Oct 04 3:00 AM","0"
"Year 1 Oct 04 4:00 AM","0"
"Year 1 Oct 04 5:00 AM","0"
"Year 1 Oct 04 6:00 AM","4.1869123906413"
"Year 1 Oct 04 7:00 AM","38.3926764410307"
"Year 1 Oct 04 8:00 AM","76.9631312939398"
"Year 1 Oct 04 9:00 AM","115.487368990906"
"Year 1 Oct 04 10:00 AM","168.03821373677"
"Year 1 Oct 04 11:00 AM","145.152929262444"
"Year 1 Oct 04 12:00 PM","163.671895209902"
"Year 1 Oct 04 1:00 PM","180.142536473717"
"Year 1 Oct 04 2:00 PM","202.789426397782"
"Year 1 Oct 04 3:00 PM","156.574582151946"
"Year 1 Oct 04 4:00 PM","100.773755355527"
"Year 1 Oct 04 5:00 PM","54.0291804068501"
"Year 1 Oct 04 6:00 PM","6.02659162773176"
"Year 1 Oct 04 7:00 PM","0"
"Year 1 Oct 04 8:00 PM","0"
"Year 1 Oct 04 9:00 PM","0"
"Year 1 Oct 04 10:00 PM","0"
"Year 1 Oct 04 11:00 PM","0"
"Year 1 Oct 05 12:00 AM","0"
"Year 1 Oct 05 1:00 AM","0"
"Year 1 Oct 05 2:00 AM","0"
"Year 1 Oct 05 3:00 AM","0"
"Year 1 Oct 05 4:00 AM","0"
"Year 1 Oct 05 5:00 AM","0"
"Year 1 Oct 05 6:00 AM","4.75384956103003"
"Year 1 Oct 05 7:00 AM","42.1410848533217"
"Year 1 Oct 05 8:00 AM","81.1088579296106"
"Year 1 Oct 05 9:00 AM","96.9256761648025"
"Year 1 Oct 05 10:00 AM","124.159811802427"
"Year 1 Oct 05 11:00 AM","173.57087943848"
"Year 1 Oct 05 12:00 PM","186.209179835778"
"Year 1 Oct 05 1:00 PM","153.175128771556"
"Year 1 Oct 05 2:00 PM","102.156826300547"
"Year 1 Oct 05 3:00 PM","71.7330996209217"
"Year 1 Oct 05 4:00 PM","58.8438890703099"
"Year 1 Oct 05 5:00 PM","19.546875"
"Year 1 Oct 05 6:00 PM","2.44834883845396"
"Year 1 Oct 05 7:00 PM","0"
"Year 1 Oct 05 8:00 PM","0"
"Year 1 Oct 05 9:00 PM","0"
"Year 1 Oct 05 10:00 PM","0"
"Year 1 Oct 05 11:00 PM","0"
"Year 1 Oct 06 12:00 AM","0"
"Year 1 Oct 06 1:00 AM","0"
"Year 1 Oct 06 2:00 AM","0"
"Year 1 Oct 06 3:00 AM","0"
"Year 1 Oct 06 4:00 AM","0"
"Year 1 Oct 06 5:00 AM","0"
"Year 1 Oct 06 6:00 AM","3.4634551462195"
"Year 1 Oct 06 7:00 AM","35.2125627574497"
"Year 1 Oct 06 8:00 AM","87.4769436021088"
"Year 1 Oct 06 9:00 AM","120.617605414881"
"Year 1 Oct 06 10:00 AM","184.428163532038"
"Year 1 Oct 06 11:00 AM","199.902286544797"
"Year 1 Oct 06 12:00 PM","201.593927341475"
"Year 1 Oct 06 1:00 PM","197.142980046587"
"Year 1 Oct 06 2:00 PM","160.472990996084"
"Year 1 Oct 06 3:00 PM","127.853018140297"
"Year 1 Oct 06 4:00 PM","94.2995124548101"
"Year 1 Oct 06 5:00 PM","37.8820012149462"
"Year 1 Oct 06 6:00 PM","3.71329160674846"
"Year 1 Oct 06 7:00 PM","0"
"Year 1 Oct 06 8:00 PM","0"
"Year 1 Oct 06 9:00 PM","0"
"Year 1 Oct 06 10:00 PM","0"
"Year 1 Oct 06 11:00 PM","0"
"Year 1 Oct 07 12:00 AM","0"
"Year 1 Oct 07 1:00 AM","0"
"Year 1 Oct 07 2:00 AM","0"
"Year 1 Oct 07 3:00 AM","0"
"Year 1 Oct 07 4:00 AM","0"
"Year 1 Oct 07 5:00 AM","0"
"Year 1 Oct 07 6:00 AM","3.24655555351027"
"Year 1 Oct 07 7:00 AM","32.9347403799012"
"Year 1 Oct 07 8:00 AM","82.3599535749157"
"Year 1 Oct 07 9:00 AM","159.744280625518"
"Year 1 Oct 07 10:00 AM","205.411089077283"
"Year 1 Oct 07 11:00 AM","212.700542642648"
"Year 1 Oct 07 12:00 PM","209.023481614323"
"Year 1 Oct 07 1:00 PM","204.869083072703"
"Year 1 Oct 07 2:00 PM","171.670288771804"
"Year 1 Oct 07 3:00 PM","106.840754288639"
"Year 1 Oct 07 4:00 PM","80.4830250977084"
"Year 1 Oct 07 5:00 PM","29.1034359265685"
"Year 1 Oct 07 6:00 PM","2.61722391059072"
"Year 1 Oct 07 7:00 PM","0"
"Year 1 Oct 07 8:00 PM","0"
"Year 1 Oct 07 9:00 PM","0"
"Year 1 Oct 07 10:00 PM","0"
"Year 1 Oct 07 11:00 PM","0"
"Year 1 Oct 08 12:00 AM","0"
"Year 1 Oct 08 1:00 AM","0"
"Year 1 Oct 08 2:00 AM","0"
"Year 1 Oct 08 3:00 AM","0"
"Year 1 Oct 08 4:00 AM","0"
"Year 1 Oct 08 5:00 AM","0"
"Year 1 Oct 08 6:00 AM","2.53954903878953"
"Year 1 Oct 08 7:00 AM","25.3620380115177"
"Year 1 Oct 08 8:00 AM","45.0090904407214"
"Year 1 Oct 08 9:00 AM","62.6683647073572"
"Year 1 Oct 08 10:00 AM","86.7649361664222"
"Year 1 Oct 08 11:00 AM","102.947771249409"
"Year 1 Oct 08 12:00 PM","81.700123054878"
"Year 1 Oct 08 1:00 PM","88.2556346985765"
"Year 1 Oct 08 2:00 PM","115.706538694919"
"Year 1 Oct 08 3:00 PM","113.87631258606"
"Year 1 Oct 08 4:00 PM","76.4444268570543"
"Year 1 Oct 08 5:00 PM","38.509880169629"
"Year 1 Oct 08 6:00 PM","3.05381286462946"
"Year 1 Oct 08 7:00 PM","0"
"Year 1 Oct 08 8:00 PM","0"
"Year 1 Oct 08 9:00 PM","0"
"Year 1 Oct 08 10:00 PM","0"
"Year 1 Oct 08 11:00 PM","0"
"Year 1 Oct 09 12:00 AM","0"
"Year 1 Oct 09 1:00 AM","0"
"Year 1 Oct 09 2:00 AM","0"
"Year 1 Oct 09 3:00 AM","0"
"Year 1 Oct 09 4:00 AM","0"
"Year 1 Oct 09 5:00 AM","0"
"Year 1 Oct 09 6:00 AM","0"
"Year 1 Oct 09 7:00 AM","46.7595144511577"
"Year 1 Oct 09 8:00 AM","99.8914674798811"
"Year 1 Oct 09 9:00 AM","88.7892899323134"
"Year 1 Oct 09 10:00 AM","107.530030062538"
"Year 1 Oct 09 11:00 AM","132.714734822883"
"Year 1 Oct 09 12:00 PM","179.741276252785"
"Year 1 Oct 09 1:00 PM","139.426035349961"
"Year 1 Oct 09 2:00 PM","146.46019163748"
"Year 1 Oct 09 3:00 PM","132.176870857456"
"Year 1 Oct 09 4:00 PM","85.2272606724235"
"Year 1 Oct 09 5:00 PM","38.8240313451755"
"Year 1 Oct 09 6:00 PM","2.92644275633164"
"Year 1 Oct 09 7:00 PM","0"
"Year 1 Oct 09 8:00 PM","0"
"Year 1 Oct 09 9:00 PM","0"
"Year 1 Oct 09 10:00 PM","0"
"Year 1 Oct 09 11:00 PM","0"
"Year 1 Oct 10 12:00 AM","0"
"Year 1 Oct 10 1:00 AM","0"
"Year 1 Oct 10 2:00 AM","0"
"Year 1 Oct 10 3:00 AM","0"
"Year 1 Oct 10 4:00 AM","0"
"Year 1 Oct 10 5:00 AM","0"
"Year 1 Oct 10 6:00 AM","0"
"Year 1 Oct 10 7:00 AM","24.7933824193011"
"Year 1 Oct 10 8:00 AM","74.1295089970957"
"Year 1 Oct 10 9:00 AM","108.663135705256"
"Year 1 Oct 10 10:00 AM","158.250108840247"
"Year 1 Oct 10 11:00 AM","190.497821625055"
"Year 1 Oct 10 12:00 PM","209.281369027878"
"Year 1 Oct 10 1:00 PM","201.114631524293"
"Year 1 Oct 10 2:00 PM","199.385200978189"
"Year 1 Oct 10 3:00 PM","141.995783662051"
"Year 1 Oct 10 4:00 PM","87.0332785628698"
"Year 1 Oct 10 5:00 PM","24.9618380548656"
"Year 1 Oct 10 6:00 PM","1.71752544517283"
"Year 1 Oct 10 7:00 PM","0"
"Year 1 Oct 10 8:00 PM","0"
"Year 1 Oct 10 9:00 PM","0"
"Year 1 Oct 10 10:00 PM","0"
"Year 1 Oct 10 11:00 PM","0"
"Year 1 Oct 11 12:00 AM","0"
"Year 1 Oct 11 1:00 AM","0"
"Year 1 Oct 11 2:00 AM","0"
"Year 1 Oct 11 3:00 AM","0"
"Year 1 Oct 11 4:00 AM","0"
"Year 1 Oct 11 5:00 AM","0"
"Year 1 Oct 11 6:00 AM","0"
"Year 1 Oct 11 7:00 AM","29.9953534605018"
"Year 1 Oct 11 8:00 AM","71.6140725135387"
"Year 1 Oct 11 9:00 AM","134.215743614381"
"Year 1 Oct 11 10:00 AM","158.657491048585"
"Year 1 Oct 11 11:00 AM","173.229054757914"
"Year 1 Oct 11 12:00 PM","193.839513794707"
"Year 1 Oct 11 1:00 PM","194.974804495497"
"Year 1 Oct 11 2:00 PM","161.650336374458"
"Year 1 Oct 11 3:00 PM","133.243047032832"
"Year 1 Oct 11 4:00 PM","89.4199611742982"
"Year 1 Oct 11 5:00 PM","38.360735246382"
"Year 1 Oct 11 6:00 PM","0"
"Year 1 Oct 11 7:00 PM","0"
"Year 1 Oct 11 8:00 PM","0"
"Year 1 Oct 11 9:00 PM","0"
"Year 1 Oct 11 10:00 PM","0"
"Year 1 Oct 11 11:00 PM","0"
"Year 1 Oct 12 12:00 AM","0"
"Year 1 Oct 12 1:00 AM","0"
"Year 1 Oct 12 2:00 AM","0"
"Year 1 Oct 12 3:00 AM","0"
"Year 1 Oct 12 4:00 AM","0"
"Year 1 Oct 12 5:00 AM","0"
"Year 1 Oct 12 6:00 AM","0"
"Year 1 Oct 12 7:00 AM","38.0951564855948"
"Year 1 Oct 12 8:00 AM","104.88669690158"
"Year 1 Oct 12 9:00 AM","166.304420633493"
"Year 1 Oct 12 10:00 AM","201.671037183503"
"Year 1 Oct 12 11:00 AM","236.95894278432"
"Year 1 Oct 12 12:00 PM","235.69988232388"
"Year 1 Oct 12 1:00 PM","201.799257580344"
"Year 1 Oct 12 2:00 PM","92.8741126943451"
"Year 1 Oct 12 3:00 PM","88.8683532991826"
"Year 1 Oct 12 4:00 PM","41.1521807493822"
"Year 1 Oct 12 5:00 PM","14.34375"
"Year 1 Oct 12 6:00 PM","0"
"Year 1 Oct 12 7:00 PM","0"
"Year 1 Oct 12 8:00 PM","0"
"Year 1 Oct 12 9:00 PM","0"
"Year 1 Oct 12 10:00 PM","0"
"Year 1 Oct 12 11:00 PM","0"
"Year 1 Oct 13 12:00 AM","0"
"Year 1 Oct 13 1:00 AM","0"
"Year 1 Oct 13 2:00 AM","0"
"Year 1 Oct 13 3:00 AM","0"
"Year 1 Oct 13 4:00 AM","0"
"Year 1 Oct 13 5:00 AM","0"
"Year 1 Oct 13 6:00 AM","0"
"Year 1 Oct 13 7:00 AM","22.4555102431651"
"Year 1 Oct 13 8:00 AM","43.1923364361573"
"Year 1 Oct 13 9:00 AM","62.7162589192179"
"Year 1 Oct 13 10:00 AM","97.0994417173853"
"Year 1 Oct 13 11:00 AM","142.153669583785"
"Year 1 Oct 13 12:00 PM","162.993629092353"
"Year 1 Oct 13 1:00 PM","162.464448401827"
"Year 1 Oct 13 2:00 PM","165.833424127676"
"Year 1 Oct 13 3:00 PM","114.414024709921"
"Year 1 Oct 13 4:00 PM","66.7998702189001"
"Year 1 Oct 13 5:00 PM","32.4517477252154"
"Year 1 Oct 13 6:00 PM","0"
"Year 1 Oct 13 7:00 PM","0"
"Year 1 Oct 13 8:00 PM","0"
"Year 1 Oct 13 9:00 PM","0"
"Year 1 Oct 13 10:00 PM","0"
"Year 1 Oct 13 11:00 PM","0"
"Year 1 Oct 14 12:00 AM","0"
"Year 1 Oct 14 1:00 AM","0"
"Year 1 Oct 14 2:00 AM","0"
"Year 1 Oct 14 3:00 AM","0"
"Year 1 Oct 14 4:00 AM","0"
"Year 1 Oct 14 5:00 AM","0"
"Year 1 Oct 14 6:00 AM","0"
"Year 1 Oct 14 7:00 AM","27.4447917118751"
"Year 1 Oct 14 8:00 AM","59.3435742164177"
"Year 1 Oct 14 9:00 AM","106.503360990325"
"Year 1 Oct 14 10:00 AM","174.987950408547"
"Year 1 Oct 14 11:00 AM","193.733475753874"
"Year 1 Oct 14 12:00 PM","215.615577014669"
"Year 1 Oct 14 1:00 PM","229.489276758369"
"Year 1 Oct 14 2:00 PM","170.625458784885"
"Year 1 Oct 14 3:00 PM","133.366954304694"
"Year 1 Oct 14 4:00 PM","83.9429002622572"
"Year 1 Oct 14 5:00 PM","35.9616863703436"
"Year 1 Oct 14 6:00 PM","0"
"Year 1 Oct 14 7:00 PM","0"
"Year 1 Oct 14 8:00 PM","0"
"Year 1 Oct 14 9:00 PM","0"
"Year 1 Oct 14 10:00 PM","0"
"Year 1 Oct 14 11:00 PM","0"
"Year 1 Oct 15 12:00 AM","0"
"Year 1 Oct 15 1:00 AM","0"
"Year 1 Oct 15 2:00 AM","0"
"Year 1 Oct 15 3:00 AM","0"
"Year 1 Oct 15 4:00 AM","0"
"Year 1 Oct 15 5:00 AM","0"
"Year 1 Oct 15 6:00 AM","0"
"Year 1 Oct 15 7:00 AM","20.2136753243719"
"Year 1 Oct 15 8:00 AM","58.9154754591861"
"Year 1 Oct 15 9:00 AM","75.2656213270172"
"Year 1 Oct 15 10:00 AM","101.589926302068"
"Year 1 Oct 15 11:00 AM","132.341663435893"
"Year 1 Oct 15 12:00 PM","188.873033047621"
"Year 1 Oct 15 1:00 PM","130.549820978107"
"Year 1 Oct 15 2:00 PM","166.616477624278"
"Year 1 Oct 15 3:00 PM","146.0488874796"
"Year 1 Oct 15 4:00 PM","85.9178105781645"
"Year 1 Oct 15 5:00 PM","26.2117412992554"
"Year 1 Oct 15 6:00 PM","0"
"Year 1 Oct 15 7:00 PM","0"
"Year 1 Oct 15 8:00 PM","0"
"Year 1 Oct 15 9:00 PM","0"
"Year 1 Oct 15 10:00 PM","0"
"Year 1 Oct 15 11:00 PM","0"
"Year 1 Oct 16 12:00 AM","0"
"Year 1 Oct 16 1:00 AM","0"
"Year 1 Oct 16 2:00 AM","0"
"Year 1 Oct 16 3:00 AM","0"
"Year 1 Oct 16 4:00 AM","0"
"Year 1 Oct 16 5:00 AM","0"
"Year 1 Oct 16 6:00 AM","0"
"Year 1 Oct 16 7:00 AM","17.4807020197459"
"Year 1 Oct 16 8:00 AM","48.8524926617274"
"Year 1 Oct 16 9:00 AM","83.6079385034049"
"Year 1 Oct 16 10:00 AM","200.299840751431"
"Year 1 Oct 16 11:00 AM","161.300275579136"
"Year 1 Oct 16 12:00 PM","221.172666412781"
"Year 1 Oct 16 1:00 PM","212.921240313049"
"Year 1 Oct 16 2:00 PM","148.642786893204"
"Year 1 Oct 16 3:00 PM","123.737327563523"
"Year 1 Oct 16 4:00 PM","93.0324286566383"
"Year 1 Oct 16 5:00 PM","28.6622969457241"
"Year 1 Oct 16 6:00 PM","0"
"Year 1 Oct 16 7:00 PM","0"
"Year 1 Oct 16 8:00 PM","0"
"Year 1 Oct 16 9:00 PM","0"
"Year 1 Oct 16 10:00 PM","0"
"Year 1 Oct 16 11:00 PM","0"
"Year 1 Oct 17 12:00 AM","0"
"Year 1 Oct 17 1:00 AM","0"
"Year 1 Oct 17 2:00 AM","0"
"Year 1 Oct 17 3:00 AM","0"
"Year 1 Oct 17 4:00 AM","0"
"Year 1 Oct 17 5:00 AM","0"
"Year 1 Oct 17 6:00 AM","0"
"Year 1 Oct 17 7:00 AM","29.4869954446409"
"Year 1 Oct 17 8:00 AM","62.9748088299796"
"Year 1 Oct 17 9:00 AM","94.6896224032592"
"Year 1 Oct 17 10:00 AM","134.365573994894"
"Year 1 Oct 17 11:00 AM","182.450187868685"
"Year 1 Oct 17 12:00 PM","194.66730485971"
"Year 1 Oct 17 1:00 PM","190.247171025806"
"Year 1 Oct 17 2:00 PM","154.237002994816"
"Year 1 Oct 17 3:00 PM","64.5892464125198"
"Year 1 Oct 17 4:00 PM","46.7304981107337"
"Year 1 Oct 17 5:00 PM","25.7552771637166"
"Year 1 Oct 17 6:00 PM","0"
"Year 1 Oct 17 7:00 PM","0"
"Year 1 Oct 17 8:00 PM","0"
"Year 1 Oct 17 9:00 PM","0"
"Year 1 Oct 17 10:00 PM","0"
"Year 1 Oct 17 11:00 PM","0"
"Year 1 Oct 18 12:00 AM","0"
"Year 1 Oct 18 1:00 AM","0"
"Year 1 Oct 18 2:00 AM","0"
"Year 1 Oct 18 3:00 AM","0"
"Year 1 Oct 18 4:00 AM","0"
"Year 1 Oct 18 5:00 AM","0"
"Year 1 Oct 18 6:00 AM","0"
"Year 1 Oct 18 7:00 AM","29.2900872927988"
"Year 1 Oct 18 8:00 AM","82.7160149895608"
"Year 1 Oct 18 9:00 AM","116.899139684637"
"Year 1 Oct 18 10:00 AM","146.763308578017"
"Year 1 Oct 18 11:00 AM","191.229263599797"
"Year 1 Oct 18 12:00 PM","164.027116632063"
"Year 1 Oct 18 1:00 PM","171.265845099253"
"Year 1 Oct 18 2:00 PM","146.127394256247"
"Year 1 Oct 18 3:00 PM","142.849264289277"
"Year 1 Oct 18 4:00 PM","49.4043344122021"
"Year 1 Oct 18 5:00 PM","23.2409247287589"
"Year 1 Oct 18 6:00 PM","0"
"Year 1 Oct 18 7:00 PM","0"
"Year 1 Oct 18 8:00 PM","0"
"Year 1 Oct 18 9:00 PM","0"
"Year 1 Oct 18 10:00 PM","0"
"Year 1 Oct 18 11:00 PM","0"
"Year 1 Oct 19 12:00 AM","0"
"Year 1 Oct 19 1:00 AM","0"
"Year 1 Oct 19 2:00 AM","0"
"Year 1 Oct 19 3:00 AM","0"
"Year 1 Oct 19 4:00 AM","0"
"Year 1 Oct 19 5:00 AM","0"
"Year 1 Oct 19 6:00 AM","0"
"Year 1 Oct 19 7:00 AM","25.0568443960636"
"Year 1 Oct 19 8:00 AM","72.5931719764388"
"Year 1 Oct 19 9:00 AM","120.717990835812"
"Year 1 Oct 19 10:00 AM","150.777088960602"
"Year 1 Oct 19 11:00 AM","179.425904827353"
"Year 1 Oct 19 12:00 PM","189.459049996735"
"Year 1 Oct 19 1:00 PM","172.455055605127"
"Year 1 Oct 19 2:00 PM","153.237121645219"
"Year 1 Oct 19 3:00 PM","136.191022963522"
"Year 1 Oct 19 4:00 PM","72.4946820355137"
"Year 1 Oct 19 5:00 PM","22.2934469036133"
"Year 1 Oct 19 6:00 PM","0"
"Year 1 Oct 19 7:00 PM","0"
"Year 1 Oct 19 8:00 PM","0"
"Year 1 Oct 19 9:00 PM","0"
"Year 1 Oct 19 10:00 PM","0"
"Year 1 Oct 19 11:00 PM","0"
"Year 1 Oct 20 12:00 AM","0"
"Year 1 Oct 20 1:00 AM","0"
"Year 1 Oct 20 2:00 AM","0"
"Year 1 Oct 20 3:00 AM","0"
"Year 1 Oct 20 4:00 AM","0"
"Year 1 Oct 20 5:00 AM","0"
"Year 1 Oct 20 6:00 AM","0"
"Year 1 Oct 20 7:00 AM","23.9575795547875"
"Year 1 Oct 20 8:00 AM","51.1810419002392"
"Year 1 Oct 20 9:00 AM","73.6711454990744"
"Year 1 Oct 20 10:00 AM","90.3391245450861"
"Year 1 Oct 20 11:00 AM","98.9252316015278"
"Year 1 Oct 20 12:00 PM","102.055115600059"
"Year 1 Oct 20 1:00 PM","98.4333377912555"
"Year 1 Oct 20 2:00 PM","89.7107295881793"
"Year 1 Oct 20 3:00 PM","72.4745855217898"
"Year 1 Oct 20 4:00 PM","49.4207113507087"
"Year 1 Oct 20 5:00 PM","18.9626707585798"
"Year 1 Oct 20 6:00 PM","0"
"Year 1 Oct 20 7:00 PM","0"
"Year 1 Oct 20 8:00 PM","0"
"Year 1 Oct 20 9:00 PM","0"
"Year 1 Oct 20 10:00 PM","0"
"Year 1 Oct 20 11:00 PM","0"
"Year 1 Oct 21 12:00 AM","0"
"Year 1 Oct 21 1:00 AM","0"
"Year 1 Oct 21 2:00 AM","0"
"Year 1 Oct 21 3:00 AM","0"
"Year 1 Oct 21 4:00 AM","0"
"Year 1 Oct 21 5:00 AM","0"
"Year 1 Oct 21 6:00 AM","0"
"Year 1 Oct 21 7:00 AM","27.0173748442113"
"Year 1 Oct 21 8:00 AM","65.9243833748736"
"Year 1 Oct 21 9:00 AM","91.0999033939856"
"Year 1 Oct 21 10:00 AM","140.706285071836"
"Year 1 Oct 21 11:00 AM","164.364619302561"
"Year 1 Oct 21 12:00 PM","179.512878053431"
"Year 1 Oct 21 1:00 PM","178.719358936772"
"Year 1 Oct 21 2:00 PM","156.35282895189"
"Year 1 Oct 21 3:00 PM","116.844901565058"
"Year 1 Oct 21 4:00 PM","76.3691026253261"
"Year 1 Oct 21 5:00 PM","18.9770269714258"
"Year 1 Oct 21 6:00 PM","0"
"Year 1 Oct 21 7:00 PM","0"
"Year 1 Oct 21 8:00 PM","0"
"Year 1 Oct 21 9:00 PM","0"
"Year 1 Oct 21 10:00 PM","0"
"Year 1 Oct 21 11:00 PM","0"
"Year 1 Oct 22 12:00 AM","0"
"Year 1 Oct 22 1:00 AM","0"
"Year 1 Oct 22 2:00 AM","0"
"Year 1 Oct 22 3:00 AM","0"
"Year 1 Oct 22 4:00 AM","0"
"Year 1 Oct 22 5:00 AM","0"
"Year 1 Oct 22 6:00 AM","0"
"Year 1 Oct 22 7:00 AM","16.8846255649028"
"Year 1 Oct 22 8:00 AM","52.4158012737915"
"Year 1 Oct 22 9:00 AM","82.8299665737453"
"Year 1 Oct 22 10:00 AM","134.209655964645"
"Year 1 Oct 22 11:00 AM","213.168406566934"
"Year 1 Oct 22 12:00 PM","178.584494929469"
"Year 1 Oct 22 1:00 PM","183.98275744684"
"Year 1 Oct 22 2:00 PM","128.898740563525"
"Year 1 Oct 22 3:00 PM","90.9004953156508"
"Year 1 Oct 22 4:00 PM","50.7446728242185"
"Year 1 Oct 22 5:00 PM","14.2896236047955"
"Year 1 Oct 22 6:00 PM","0"
"Year 1 Oct 22 7:00 PM","0"
"Year 1 Oct 22 8:00 PM","0"
"Year 1 Oct 22 9:00 PM","0"
"Year 1 Oct 22 10:00 PM","0"
"Year 1 Oct 22 11:00 PM","0"
"Year 1 Oct 23 12:00 AM","0"
"Year 1 Oct 23 1:00 AM","0"
"Year 1 Oct 23 2:00 AM","0"
"Year 1 Oct 23 3:00 AM","0"
"Year 1 Oct 23 4:00 AM","0"
"Year 1 Oct 23 5:00 AM","0"
"Year 1 Oct 23 6:00 AM","0"
"Year 1 Oct 23 7:00 AM","20.0274122248506"
"Year 1 Oct 23 8:00 AM","63.9089254060281"
"Year 1 Oct 23 9:00 AM","103.533066440159"
"Year 1 Oct 23 10:00 AM","166.050761618709"
"Year 1 Oct 23 11:00 AM","188.262882021635"
"Year 1 Oct 23 12:00 PM","180.364250573564"
"Year 1 Oct 23 1:00 PM","208.257988537457"
"Year 1 Oct 23 2:00 PM","151.404360794357"
"Year 1 Oct 23 3:00 PM","116.110640153731"
"Year 1 Oct 23 4:00 PM","64.920847338853"
"Year 1 Oct 23 5:00 PM","17.0502794387679"
"Year 1 Oct 23 6:00 PM","0"
"Year 1 Oct 23 7:00 PM","0"
"Year 1 Oct 23 8:00 PM","0"
"Year 1 Oct 23 9:00 PM","0"
"Year 1 Oct 23 10:00 PM","0"
"Year 1 Oct 23 11:00 PM","0"
"Year 1 Oct 24 12:00 AM","0"
"Year 1 Oct 24 1:00 AM","0"
"Year 1 Oct 24 2:00 AM","0"
"Year 1 Oct 24 3:00 AM","0"
"Year 1 Oct 24 4:00 AM","0"
"Year 1 Oct 24 5:00 AM","0"
"Year 1 Oct 24 6:00 AM","0"
"Year 1 Oct 24 7:00 AM","16.26287148584"
"Year 1 Oct 24 8:00 AM","40.7518963444512"
"Year 1 Oct 24 9:00 AM","58.9250466413626"
"Year 1 Oct 24 10:00 AM","76.8033866434474"
"Year 1 Oct 24 11:00 AM","89.7263960034392"
"Year 1 Oct 24 12:00 PM","96.81512406167"
"Year 1 Oct 24 1:00 PM","86.8386262147348"
"Year 1 Oct 24 2:00 PM","67.0423815182684"
"Year 1 Oct 24 3:00 PM","51.7776279344571"
"Year 1 Oct 24 4:00 PM","36.1637660655095"
"Year 1 Oct 24 5:00 PM","14.5589355916641"
"Year 1 Oct 24 6:00 PM","0"
"Year 1 Oct 24 7:00 PM","0"
"Year 1 Oct 24 8:00 PM","0"
"Year 1 Oct 24 9:00 PM","0"
"Year 1 Oct 24 10:00 PM","0"
"Year 1 Oct 24 11:00 PM","0"
"Year 1 Oct 25 12:00 AM","0"
"Year 1 Oct 25 1:00 AM","0"
"Year 1 Oct 25 2:00 AM","0"
"Year 1 Oct 25 3:00 AM","0"
"Year 1 Oct 25 4:00 AM","0"
"Year 1 Oct 25 5:00 AM","0"
"Year 1 Oct 25 6:00 AM","0"
"Year 1 Oct 25 7:00 AM","9.56469370937486"
"Year 1 Oct 25 8:00 AM","33.639863182718"
"Year 1 Oct 25 9:00 AM","62.7857146609338"
"Year 1 Oct 25 10:00 AM","78.8557568076122"
"Year 1 Oct 25 11:00 AM","101.840297747492"
"Year 1 Oct 25 12:00 PM","130.618339604593"
"Year 1 Oct 25 1:00 PM","168.740757421785"
"Year 1 Oct 25 2:00 PM","175.013001236493"
"Year 1 Oct 25 3:00 PM","109.829608185529"
"Year 1 Oct 25 4:00 PM","60.5526564504618"
"Year 1 Oct 25 5:00 PM","16.0535846339041"
"Year 1 Oct 25 6:00 PM","0"
"Year 1 Oct 25 7:00 PM","0"
"Year 1 Oct 25 8:00 PM","0"
"Year 1 Oct 25 9:00 PM","0"
"Year 1 Oct 25 10:00 PM","0"
"Year 1 Oct 25 11:00 PM","0"
"Year 1 Oct 26 12:00 AM","0"
"Year 1 Oct 26 1:00 AM","0"
"Year 1 Oct 26 2:00 AM","0"
"Year 1 Oct 26 3:00 AM","0"
"Year 1 Oct 26 4:00 AM","0"
"Year 1 Oct 26 5:00 AM","0"
"Year 1 Oct 26 6:00 AM","0"
"Year 1 Oct 26 7:00 AM","14.5746480401629"
"Year 1 Oct 26 8:00 AM","55.1760445564944"
"Year 1 Oct 26 9:00 AM","99.8922784501269"
"Year 1 Oct 26 10:00 AM","120.581089625265"
"Year 1 Oct 26 11:00 AM","114.222416998126"
"Year 1 Oct 26 12:00 PM","125.661543452522"
"Year 1 Oct 26 1:00 PM","139.68243459019"
"Year 1 Oct 26 2:00 PM","134.523130094563"
"Year 1 Oct 26 3:00 PM","106.196155174376"
"Year 1 Oct 26 4:00 PM","65.5479338668271"
"Year 1 Oct 26 5:00 PM","20.2401804300865"
"Year 1 Oct 26 6:00 PM","0"
"Year 1 Oct 26 7:00 PM","0"
"Year 1 Oct 26 8:00 PM","0"
"Year 1 Oct 26 9:00 PM","0"
"Year 1 Oct 26 10:00 PM","0"
"Year 1 Oct 26 11:00 PM","0"
"Year 1 Oct 27 12:00 AM","0"
"Year 1 Oct 27 1:00 AM","0"
"Year 1 Oct 27 2:00 AM","0"
"Year 1 Oct 27 3:00 AM","0"
"Year 1 Oct 27 4:00 AM","0"
"Year 1 Oct 27 5:00 AM","0"
"Year 1 Oct 27 6:00 AM","0"
"Year 1 Oct 27 7:00 AM","12.5453273223728"
"Year 1 Oct 27 8:00 AM","29.8512108767845"
"Year 1 Oct 27 9:00 AM","41.1785732729295"
"Year 1 Oct 27 10:00 AM","50.4155380624432"
"Year 1 Oct 27 11:00 AM","56.5839131387007"
"Year 1 Oct 27 12:00 PM","59.9423613727779"
"Year 1 Oct 27 1:00 PM","57.357862356116"
"Year 1 Oct 27 2:00 PM","49.6017578107658"
"Year 1 Oct 27 3:00 PM","40.1603934727026"
"Year 1 Oct 27 4:00 PM","28.0900961520881"
"Year 1 Oct 27 5:00 PM","11.4699513798161"
"Year 1 Oct 27 6:00 PM","0"
"Year 1 Oct 27 7:00 PM","0"
"Year 1 Oct 27 8:00 PM","0"
"Year 1 Oct 27 9:00 PM","0"
"Year 1 Oct 27 10:00 PM","0"
"Year 1 Oct 27 11:00 PM","0"
"Year 1 Oct 28 12:00 AM","0"
"Year 1 Oct 28 1:00 AM","0"
"Year 1 Oct 28 2:00 AM","0"
"Year 1 Oct 28 3:00 AM","0"
"Year 1 Oct 28 4:00 AM","0"
"Year 1 Oct 28 5:00 AM","0"
"Year 1 Oct 28 6:00 AM","0"
"Year 1 Oct 28 7:00 AM","17.3901916091949"
"Year 1 Oct 28 8:00 AM","48.3700022546308"
"Year 1 Oct 28 9:00 AM","61.2220735651469"
"Year 1 Oct 28 10:00 AM","78.4082716708222"
"Year 1 Oct 28 11:00 AM","72.3220151620445"
"Year 1 Oct 28 12:00 PM","128.115719373139"
"Year 1 Oct 28 1:00 PM","109.845753413156"
"Year 1 Oct 28 2:00 PM","88.7116960342337"
"Year 1 Oct 28 3:00 PM","53.0926646720439"
"Year 1 Oct 28 4:00 PM","32.7020152977518"
"Year 1 Oct 28 5:00 PM","10.9045479662128"
"Year 1 Oct 28 6:00 PM","0"
"Year 1 Oct 28 7:00 PM","0"
"Year 1 Oct 28 8:00 PM","0"
"Year 1 Oct 28 9:00 PM","0"
"Year 1 Oct 28 10:00 PM","0"
"Year 1 Oct 28 11:00 PM","0"
"Year 1 Oct 29 12:00 AM","0"
"Year 1 Oct 29 1:00 AM","0"
"Year 1 Oct 29 2:00 AM","0"
"Year 1 Oct 29 3:00 AM","0"
"Year 1 Oct 29 4:00 AM","0"
"Year 1 Oct 29 5:00 AM","0"
"Year 1 Oct 29 6:00 AM","0"
"Year 1 Oct 29 7:00 AM","15.2861942274838"
"Year 1 Oct 29 8:00 AM","50.6561709862306"
"Year 1 Oct 29 9:00 AM","76.4111005935476"
"Year 1 Oct 29 10:00 AM","140.302152275192"
"Year 1 Oct 29 11:00 AM","159.832729896728"
"Year 1 Oct 29 12:00 PM","161.200499579886"
"Year 1 Oct 29 1:00 PM","125.577031328728"
"Year 1 Oct 29 2:00 PM","91.6419836510811"
"Year 1 Oct 29 3:00 PM","68.6553604384143"
"Year 1 Oct 29 4:00 PM","44.9821797018198"
"Year 1 Oct 29 5:00 PM","14.1537127400467"
"Year 1 Oct 29 6:00 PM","0"
"Year 1 Oct 29 7:00 PM","0"
"Year 1 Oct 29 8:00 PM","0"
"Year 1 Oct 29 9:00 PM","0"
"Year 1 Oct 29 10:00 PM","0"
"Year 1 Oct 29 11:00 PM","0"
"Year 1 Oct 30 12:00 AM","0"
"Year 1 Oct 30 1:00 AM","0"
"Year 1 Oct 30 2:00 AM","0"
"Year 1 Oct 30 3:00 AM","0"
"Year 1 Oct 30 4:00 AM","0"
"Year 1 Oct 30 5:00 AM","0"
"Year 1 Oct 30 6:00 AM","0"
"Year 1 Oct 30 7:00 AM","13.982281465517"
"Year 1 Oct 30 8:00 AM","40.4198362969092"
"Year 1 Oct 30 9:00 AM","57.9600327146864"
"Year 1 Oct 30 10:00 AM","71.8682288180702"
"Year 1 Oct 30 11:00 AM","80.5576520845443"
"Year 1 Oct 30 12:00 PM","82.8903047632304"
"Year 1 Oct 30 1:00 PM","79.4648521290373"
"Year 1 Oct 30 2:00 PM","70.7897898962334"
"Year 1 Oct 30 3:00 PM","56.7869637130475"
"Year 1 Oct 30 4:00 PM","38.0716343944285"
"Year 1 Oct 30 5:00 PM","12.9496445600926"
"Year 1 Oct 30 6:00 PM","0"
"Year 1 Oct 30 7:00 PM","0"
"Year 1 Oct 30 8:00 PM","0"
"Year 1 Oct 30 9:00 PM","0"
"Year 1 Oct 30 10:00 PM","0"
"Year 1 Oct 30 11:00 PM","0"
"Year 1 Oct 31 12:00 AM","0"
"Year 1 Oct 31 1:00 AM","0"
"Year 1 Oct 31 2:00 AM","0"
"Year 1 Oct 31 3:00 AM","0"
"Year 1 Oct 31 4:00 AM","0"
"Year 1 Oct 31 5:00 AM","0"
"Year 1 Oct 31 6:00 AM","0"
"Year 1 Oct 31 7:00 AM","16.4910912903811"
"Year 1 Oct 31 8:00 AM","50.5196681896161"
"Year 1 Oct 31 9:00 AM","85.5682630094076"
"Year 1 Oct 31 10:00 AM","124.984685260117"
"Year 1 Oct 31 11:00 AM","134.494680959685"
"Year 1 Oct 31 12:00 PM","183.67765504934"
"Year 1 Oct 31 1:00 PM","151.920652000568"
"Year 1 Oct 31 2:00 PM","116.900489090678"
"Year 1 Oct 31 3:00 PM","100.160102944104"
"Year 1 Oct 31 4:00 PM","60.9109205324559"
"Year 1 Oct 31 5:00 PM","10.3336143741155"
"Year 1 Oct 31 6:00 PM","0"
"Year 1 Oct 31 7:00 PM","0"
"Year 1 Oct 31 8:00 PM","0"
"Year 1 Oct 31 9:00 PM","0"
"Year 1 Oct 31 10:00 PM","0"
"Year 1 Oct 31 11:00 PM","0"
"Year 1 Nov 01 12:00 AM","0"
"Year 1 Nov 01 1:00 AM","0"
"Year 1 Nov 01 2:00 AM","0"
"Year 1 Nov 01 3:00 AM","0"
"Year 1 Nov 01 4:00 AM","0"
"Year 1 Nov 01 5:00 AM","0"
"Year 1 Nov 01 6:00 AM","0"
"Year 1 Nov 01 7:00 AM","10.2340918218183"
"Year 1 Nov 01 8:00 AM","38.1797093000623"
"Year 1 Nov 01 9:00 AM","73.8933094087507"
"Year 1 Nov 01 10:00 AM","96.7547620966681"
"Year 1 Nov 01 11:00 AM","112.360846592919"
"Year 1 Nov 01 12:00 PM","118.074677021314"
"Year 1 Nov 01 1:00 PM","112.479042057783"
"Year 1 Nov 01 2:00 PM","101.100656078146"
"Year 1 Nov 01 3:00 PM","72.1855192476957"
"Year 1 Nov 01 4:00 PM","36.5781163673651"
"Year 1 Nov 01 5:00 PM","6.75585325586457"
"Year 1 Nov 01 6:00 PM","0"
"Year 1 Nov 01 7:00 PM","0"
"Year 1 Nov 01 8:00 PM","0"
"Year 1 Nov 01 9:00 PM","0"
"Year 1 Nov 01 10:00 PM","0"
"Year 1 Nov 01 11:00 PM","0"
"Year 1 Nov 02 12:00 AM","0"
"Year 1 Nov 02 1:00 AM","0"
"Year 1 Nov 02 2:00 AM","0"
"Year 1 Nov 02 3:00 AM","0"
"Year 1 Nov 02 4:00 AM","0"
"Year 1 Nov 02 5:00 AM","0"
"Year 1 Nov 02 6:00 AM","0"
"Year 1 Nov 02 7:00 AM","18.2640093106765"
"Year 1 Nov 02 8:00 AM","62.6582492942422"
"Year 1 Nov 02 9:00 AM","72.3301248538814"
"Year 1 Nov 02 10:00 AM","115.156720187872"
"Year 1 Nov 02 11:00 AM","131.535399221004"
"Year 1 Nov 02 12:00 PM","127.353620124757"
"Year 1 Nov 02 1:00 PM","129.726502283298"
"Year 1 Nov 02 2:00 PM","138.200565516324"
"Year 1 Nov 02 3:00 PM","80.3119824222253"
"Year 1 Nov 02 4:00 PM","65.1112162242509"
"Year 1 Nov 02 5:00 PM","12.2029509507188"
"Year 1 Nov 02 6:00 PM","0"
"Year 1 Nov 02 7:00 PM","0"
"Year 1 Nov 02 8:00 PM","0"
"Year 1 Nov 02 9:00 PM","0"
"Year 1 Nov 02 10:00 PM","0"
"Year 1 Nov 02 11:00 PM","0"
"Year 1 Nov 03 12:00 AM","0"
"Year 1 Nov 03 1:00 AM","0"
"Year 1 Nov 03 2:00 AM","0"
"Year 1 Nov 03 3:00 AM","0"
"Year 1 Nov 03 4:00 AM","0"
"Year 1 Nov 03 5:00 AM","0"
"Year 1 Nov 03 6:00 AM","0"
"Year 1 Nov 03 7:00 AM","7.47061137478985"
"Year 1 Nov 03 8:00 AM","43.7715941934355"
"Year 1 Nov 03 9:00 AM","90.6292621565643"
"Year 1 Nov 03 10:00 AM","125.232673493227"
"Year 1 Nov 03 11:00 AM","168.911568037716"
"Year 1 Nov 03 12:00 PM","193.360121433519"
"Year 1 Nov 03 1:00 PM","146.653364756306"
"Year 1 Nov 03 2:00 PM","151.610041179792"
"Year 1 Nov 03 3:00 PM","93.8791135199517"
"Year 1 Nov 03 4:00 PM","43.0201400106762"
"Year 1 Nov 03 5:00 PM","7.85813207875065"
"Year 1 Nov 03 6:00 PM","0"
"Year 1 Nov 03 7:00 PM","0"
"Year 1 Nov 03 8:00 PM","0"
"Year 1 Nov 03 9:00 PM","0"
"Year 1 Nov 03 10:00 PM","0"
"Year 1 Nov 03 11:00 PM","0"
"Year 1 Nov 04 12:00 AM","0"
"Year 1 Nov 04 1:00 AM","0"
"Year 1 Nov 04 2:00 AM","0"
"Year 1 Nov 04 3:00 AM","0"
"Year 1 Nov 04 4:00 AM","0"
"Year 1 Nov 04 5:00 AM","0"
"Year 1 Nov 04 6:00 AM","0"
"Year 1 Nov 04 7:00 AM","9.57390454859821"
"Year 1 Nov 04 8:00 AM","40.7463324816288"
"Year 1 Nov 04 9:00 AM","73.7792725757231"
"Year 1 Nov 04 10:00 AM","104.042989163524"
"Year 1 Nov 04 11:00 AM","131.081281928459"
"Year 1 Nov 04 12:00 PM","100.701046801611"
"Year 1 Nov 04 1:00 PM","88.9210252443965"
"Year 1 Nov 04 2:00 PM","69.5317923196583"
"Year 1 Nov 04 3:00 PM","55.0632290314765"
"Year 1 Nov 04 4:00 PM","36.0166676208306"
"Year 1 Nov 04 5:00 PM","9.06136135162825"
"Year 1 Nov 04 6:00 PM","0"
"Year 1 Nov 04 7:00 PM","0"
"Year 1 Nov 04 8:00 PM","0"
"Year 1 Nov 04 9:00 PM","0"
"Year 1 Nov 04 10:00 PM","0"
"Year 1 Nov 04 11:00 PM","0"
"Year 1 Nov 05 12:00 AM","0"
"Year 1 Nov 05 1:00 AM","0"
"Year 1 Nov 05 2:00 AM","0"
"Year 1 Nov 05 3:00 AM","0"
"Year 1 Nov 05 4:00 AM","0"
"Year 1 Nov 05 5:00 AM","0"
"Year 1 Nov 05 6:00 AM","0"
"Year 1 Nov 05 7:00 AM","6.1895580749348"
"Year 1 Nov 05 8:00 AM","33.7460408499521"
"Year 1 Nov 05 9:00 AM","83.1235606314633"
"Year 1 Nov 05 10:00 AM","131.921856009842"
"Year 1 Nov 05 11:00 AM","173.327965499049"
"Year 1 Nov 05 12:00 PM","191.208037818258"
"Year 1 Nov 05 1:00 PM","141.598765204152"
"Year 1 Nov 05 2:00 PM","103.125271238674"
"Year 1 Nov 05 3:00 PM","87.5649082545769"
"Year 1 Nov 05 4:00 PM","55.2391272962187"
"Year 1 Nov 05 5:00 PM","8.25235352756507"
"Year 1 Nov 05 6:00 PM","0"
"Year 1 Nov 05 7:00 PM","0"
"Year 1 Nov 05 8:00 PM","0"
"Year 1 Nov 05 9:00 PM","0"
"Year 1 Nov 05 10:00 PM","0"
"Year 1 Nov 05 11:00 PM","0"
"Year 1 Nov 06 12:00 AM","0"
"Year 1 Nov 06 1:00 AM","0"
"Year 1 Nov 06 2:00 AM","0"
"Year 1 Nov 06 3:00 AM","0"
"Year 1 Nov 06 4:00 AM","0"
"Year 1 Nov 06 5:00 AM","0"
"Year 1 Nov 06 6:00 AM","0"
"Year 1 Nov 06 7:00 AM","6.87241538602202"
"Year 1 Nov 06 8:00 AM","35.9662044124595"
"Year 1 Nov 06 9:00 AM","81.6535107131626"
"Year 1 Nov 06 10:00 AM","110.632677194422"
"Year 1 Nov 06 11:00 AM","141.337039321576"
"Year 1 Nov 06 12:00 PM","189.771940848586"
"Year 1 Nov 06 1:00 PM","154.886665726737"
"Year 1 Nov 06 2:00 PM","126.470896014603"
"Year 1 Nov 06 3:00 PM","98.8345612757588"
"Year 1 Nov 06 4:00 PM","31.0629375182656"
"Year 1 Nov 06 5:00 PM","5.49455417128679"
"Year 1 Nov 06 6:00 PM","0"
"Year 1 Nov 06 7:00 PM","0"
"Year 1 Nov 06 8:00 PM","0"
"Year 1 Nov 06 9:00 PM","0"
"Year 1 Nov 06 10:00 PM","0"
"Year 1 Nov 06 11:00 PM","0"
"Year 1 Nov 07 12:00 AM","0"
"Year 1 Nov 07 1:00 AM","0"
"Year 1 Nov 07 2:00 AM","0"
"Year 1 Nov 07 3:00 AM","0"
"Year 1 Nov 07 4:00 AM","0"
"Year 1 Nov 07 5:00 AM","0"
"Year 1 Nov 07 6:00 AM","0"
"Year 1 Nov 07 7:00 AM","7.72699148581466"
"Year 1 Nov 07 8:00 AM","33.5425485327128"
"Year 1 Nov 07 9:00 AM","71.2130250312629"
"Year 1 Nov 07 10:00 AM","98.1634058439101"
"Year 1 Nov 07 11:00 AM","125.609797828365"
"Year 1 Nov 07 12:00 PM","192.094690676777"
"Year 1 Nov 07 1:00 PM","195.303978114643"
"Year 1 Nov 07 2:00 PM","157.327580650868"
"Year 1 Nov 07 3:00 PM","102.339404875175"
"Year 1 Nov 07 4:00 PM","50.0323205955495"
"Year 1 Nov 07 5:00 PM","9.14847071528785"
"Year 1 Nov 07 6:00 PM","0"
"Year 1 Nov 07 7:00 PM","0"
"Year 1 Nov 07 8:00 PM","0"
"Year 1 Nov 07 9:00 PM","0"
"Year 1 Nov 07 10:00 PM","0"
"Year 1 Nov 07 11:00 PM","0"
"Year 1 Nov 08 12:00 AM","0"
"Year 1 Nov 08 1:00 AM","0"
"Year 1 Nov 08 2:00 AM","0"
"Year 1 Nov 08 3:00 AM","0"
"Year 1 Nov 08 4:00 AM","0"
"Year 1 Nov 08 5:00 AM","0"
"Year 1 Nov 08 6:00 AM","0"
"Year 1 Nov 08 7:00 AM","13.3710820910214"
"Year 1 Nov 08 8:00 AM","62.4402423955466"
"Year 1 Nov 08 9:00 AM","117.219815488285"
"Year 1 Nov 08 10:00 AM","165.600601593948"
"Year 1 Nov 08 11:00 AM","186.812638824574"
"Year 1 Nov 08 12:00 PM","199.758362199761"
"Year 1 Nov 08 1:00 PM","194.985144491606"
"Year 1 Nov 08 2:00 PM","150.513804527078"
"Year 1 Nov 08 3:00 PM","105.476019324122"
"Year 1 Nov 08 4:00 PM","58.0320652024282"
"Year 1 Nov 08 5:00 PM","10.888559099385"
"Year 1 Nov 08 6:00 PM","0"
"Year 1 Nov 08 7:00 PM","0"
"Year 1 Nov 08 8:00 PM","0"
"Year 1 Nov 08 9:00 PM","0"
"Year 1 Nov 08 10:00 PM","0"
"Year 1 Nov 08 11:00 PM","0"
"Year 1 Nov 09 12:00 AM","0"
"Year 1 Nov 09 1:00 AM","0"
"Year 1 Nov 09 2:00 AM","0"
"Year 1 Nov 09 3:00 AM","0"
"Year 1 Nov 09 4:00 AM","0"
"Year 1 Nov 09 5:00 AM","0"
"Year 1 Nov 09 6:00 AM","0"
"Year 1 Nov 09 7:00 AM","9.88562850750605"
"Year 1 Nov 09 8:00 AM","47.6880258054919"
"Year 1 Nov 09 9:00 AM","92.2966671132083"
"Year 1 Nov 09 10:00 AM","97.2683495153426"
"Year 1 Nov 09 11:00 AM","151.763889276561"
"Year 1 Nov 09 12:00 PM","140.589439741391"
"Year 1 Nov 09 1:00 PM","127.692934830729"
"Year 1 Nov 09 2:00 PM","115.97086477208"
"Year 1 Nov 09 3:00 PM","96.2903774090371"
"Year 1 Nov 09 4:00 PM","50.479776935466"
"Year 1 Nov 09 5:00 PM","8.55149510776958"
"Year 1 Nov 09 6:00 PM","0"
"Year 1 Nov 09 7:00 PM","0"
"Year 1 Nov 09 8:00 PM","0"
"Year 1 Nov 09 9:00 PM","0"
"Year 1 Nov 09 10:00 PM","0"
"Year 1 Nov 09 11:00 PM","0"
"Year 1 Nov 10 12:00 AM","0"
"Year 1 Nov 10 1:00 AM","0"
"Year 1 Nov 10 2:00 AM","0"
"Year 1 Nov 10 3:00 AM","0"
"Year 1 Nov 10 4:00 AM","0"
"Year 1 Nov 10 5:00 AM","0"
"Year 1 Nov 10 6:00 AM","0"
"Year 1 Nov 10 7:00 AM","10.7871020433657"
"Year 1 Nov 10 8:00 AM","53.5656233453081"
"Year 1 Nov 10 9:00 AM","79.3749565734035"
"Year 1 Nov 10 10:00 AM","119.663067409562"
"Year 1 Nov 10 11:00 AM","147.500844002129"
"Year 1 Nov 10 12:00 PM","195.7709240929"
"Year 1 Nov 10 1:00 PM","193.076406449486"
"Year 1 Nov 10 2:00 PM","150.975947544469"
"Year 1 Nov 10 3:00 PM","109.417932875036"
"Year 1 Nov 10 4:00 PM","56.3729916788024"
"Year 1 Nov 10 5:00 PM","10.0728592739234"
"Year 1 Nov 10 6:00 PM","0"
"Year 1 Nov 10 7:00 PM","0"
"Year 1 Nov 10 8:00 PM","0"
"Year 1 Nov 10 9:00 PM","0"
"Year 1 Nov 10 10:00 PM","0"
"Year 1 Nov 10 11:00 PM","0"
"Year 1 Nov 11 12:00 AM","0"
"Year 1 Nov 11 1:00 AM","0"
"Year 1 Nov 11 2:00 AM","0"
"Year 1 Nov 11 3:00 AM","0"
"Year 1 Nov 11 4:00 AM","0"
"Year 1 Nov 11 5:00 AM","0"
"Year 1 Nov 11 6:00 AM","0"
"Year 1 Nov 11 7:00 AM","9.48603245104793"
"Year 1 Nov 11 8:00 AM","40.30791773271"
"Year 1 Nov 11 9:00 AM","61.5992870587726"
"Year 1 Nov 11 10:00 AM","115.14013192512"
"Year 1 Nov 11 11:00 AM","156.23674683603"
"Year 1 Nov 11 12:00 PM","145.538315405299"
"Year 1 Nov 11 1:00 PM","147.861145437074"
"Year 1 Nov 11 2:00 PM","110.954843967291"
"Year 1 Nov 11 3:00 PM","89.4705864943072"
"Year 1 Nov 11 4:00 PM","47.1000632146538"
"Year 1 Nov 11 5:00 PM","8.08485051345377"
"Year 1 Nov 11 6:00 PM","0"
"Year 1 Nov 11 7:00 PM","0"
"Year 1 Nov 11 8:00 PM","0"
"Year 1 Nov 11 9:00 PM","0"
"Year 1 Nov 11 10:00 PM","0"
"Year 1 Nov 11 11:00 PM","0"
"Year 1 Nov 12 12:00 AM","0"
"Year 1 Nov 12 1:00 AM","0"
"Year 1 Nov 12 2:00 AM","0"
"Year 1 Nov 12 3:00 AM","0"
"Year 1 Nov 12 4:00 AM","0"
"Year 1 Nov 12 5:00 AM","0"
"Year 1 Nov 12 6:00 AM","0"
"Year 1 Nov 12 7:00 AM","7.47669444697441"
"Year 1 Nov 12 8:00 AM","37.5247365358744"
"Year 1 Nov 12 9:00 AM","60.3704177184936"
"Year 1 Nov 12 10:00 AM","77.2440688781428"
"Year 1 Nov 12 11:00 AM","87.70479979104"
"Year 1 Nov 12 12:00 PM","90.8448823002721"
"Year 1 Nov 12 1:00 PM","87.2329787408413"
"Year 1 Nov 12 2:00 PM","81.4691834133285"
"Year 1 Nov 12 3:00 PM","76.9617677688142"
"Year 1 Nov 12 4:00 PM","40.4932291300763"
"Year 1 Nov 12 5:00 PM","4.20606763791265"
"Year 1 Nov 12 6:00 PM","0"
"Year 1 Nov 12 7:00 PM","0"
"Year 1 Nov 12 8:00 PM","0"
"Year 1 Nov 12 9:00 PM","0"
"Year 1 Nov 12 10:00 PM","0"
"Year 1 Nov 12 11:00 PM","0"
"Year 1 Nov 13 12:00 AM","0"
"Year 1 Nov 13 1:00 AM","0"
"Year 1 Nov 13 2:00 AM","0"
"Year 1 Nov 13 3:00 AM","0"
"Year 1 Nov 13 4:00 AM","0"
"Year 1 Nov 13 5:00 AM","0"
"Year 1 Nov 13 6:00 AM","0"
"Year 1 Nov 13 7:00 AM","9.57203142874356"
"Year 1 Nov 13 8:00 AM","48.9958600656901"
"Year 1 Nov 13 9:00 AM","95.1167157982572"
"Year 1 Nov 13 10:00 AM","125.804774077431"
"Year 1 Nov 13 11:00 AM","168.064071337091"
"Year 1 Nov 13 12:00 PM","170.482535725148"
"Year 1 Nov 13 1:00 PM","150.773151837876"
"Year 1 Nov 13 2:00 PM","126.490464701355"
"Year 1 Nov 13 3:00 PM","72.6201820888444"
"Year 1 Nov 13 4:00 PM","19.6241172175264"
"Year 1 Nov 13 5:00 PM","2.25"
"Year 1 Nov 13 6:00 PM","0"
"Year 1 Nov 13 7:00 PM","0"
"Year 1 Nov 13 8:00 PM","0"
"Year 1 Nov 13 9:00 PM","0"
"Year 1 Nov 13 10:00 PM","0"
"Year 1 Nov 13 11:00 PM","0"
"Year 1 Nov 14 12:00 AM","0"
"Year 1 Nov 14 1:00 AM","0"
"Year 1 Nov 14 2:00 AM","0"
"Year 1 Nov 14 3:00 AM","0"
"Year 1 Nov 14 4:00 AM","0"
"Year 1 Nov 14 5:00 AM","0"
"Year 1 Nov 14 6:00 AM","0"
"Year 1 Nov 14 7:00 AM","5.84978652136805"
"Year 1 Nov 14 8:00 AM","29.633185419816"
"Year 1 Nov 14 9:00 AM","45.4045534712148"
"Year 1 Nov 14 10:00 AM","58.1849184638631"
"Year 1 Nov 14 11:00 AM","67.781294645375"
"Year 1 Nov 14 12:00 PM","70.3072793555906"
"Year 1 Nov 14 1:00 PM","70.3468234563788"
"Year 1 Nov 14 2:00 PM","77.4385921502808"
"Year 1 Nov 14 3:00 PM","72.3044959080639"
"Year 1 Nov 14 4:00 PM","37.582222083614"
"Year 1 Nov 14 5:00 PM","4.45087548436682"
"Year 1 Nov 14 6:00 PM","0"
"Year 1 Nov 14 7:00 PM","0"
"Year 1 Nov 14 8:00 PM","0"
"Year 1 Nov 14 9:00 PM","0"
"Year 1 Nov 14 10:00 PM","0"
"Year 1 Nov 14 11:00 PM","0"
"Year 1 Nov 15 12:00 AM","0"
"Year 1 Nov 15 1:00 AM","0"
"Year 1 Nov 15 2:00 AM","0"
"Year 1 Nov 15 3:00 AM","0"
"Year 1 Nov 15 4:00 AM","0"
"Year 1 Nov 15 5:00 AM","0"
"Year 1 Nov 15 6:00 AM","0"
"Year 1 Nov 15 7:00 AM","5.32952396889585"
"Year 1 Nov 15 8:00 AM","43.9044617243052"
"Year 1 Nov 15 9:00 AM","94.0612932825125"
"Year 1 Nov 15 10:00 AM","163.187167008577"
"Year 1 Nov 15 11:00 AM","149.614654593681"
"Year 1 Nov 15 12:00 PM","123.612485746544"
"Year 1 Nov 15 1:00 PM","141.383104769043"
"Year 1 Nov 15 2:00 PM","89.2648999767709"
"Year 1 Nov 15 3:00 PM","73.5368768883119"
"Year 1 Nov 15 4:00 PM","29.6191985191093"
"Year 1 Nov 15 5:00 PM","3.50584047744507"
"Year 1 Nov 15 6:00 PM","0"
"Year 1 Nov 15 7:00 PM","0"
"Year 1 Nov 15 8:00 PM","0"
"Year 1 Nov 15 9:00 PM","0"
"Year 1 Nov 15 10:00 PM","0"
"Year 1 Nov 15 11:00 PM","0"
"Year 1 Nov 16 12:00 AM","0"
"Year 1 Nov 16 1:00 AM","0"
"Year 1 Nov 16 2:00 AM","0"
"Year 1 Nov 16 3:00 AM","0"
"Year 1 Nov 16 4:00 AM","0"
"Year 1 Nov 16 5:00 AM","0"
"Year 1 Nov 16 6:00 AM","0"
"Year 1 Nov 16 7:00 AM","3.69486129570809"
"Year 1 Nov 16 8:00 AM","31.3402652485209"
"Year 1 Nov 16 9:00 AM","60.3037976307029"
"Year 1 Nov 16 10:00 AM","94.9127341263865"
"Year 1 Nov 16 11:00 AM","154.576041908402"
"Year 1 Nov 16 12:00 PM","180.079891420088"
"Year 1 Nov 16 1:00 PM","128.706025993888"
"Year 1 Nov 16 2:00 PM","93.7283031542283"
"Year 1 Nov 16 3:00 PM","53.5886933278355"
"Year 1 Nov 16 4:00 PM","29.7383120835321"
"Year 1 Nov 16 5:00 PM","3.53437342760787"
"Year 1 Nov 16 6:00 PM","0"
"Year 1 Nov 16 7:00 PM","0"
"Year 1 Nov 16 8:00 PM","0"
"Year 1 Nov 16 9:00 PM","0"
"Year 1 Nov 16 10:00 PM","0"
"Year 1 Nov 16 11:00 PM","0"
"Year 1 Nov 17 12:00 AM","0"
"Year 1 Nov 17 1:00 AM","0"
"Year 1 Nov 17 2:00 AM","0"
"Year 1 Nov 17 3:00 AM","0"
"Year 1 Nov 17 4:00 AM","0"
"Year 1 Nov 17 5:00 AM","0"
"Year 1 Nov 17 6:00 AM","0"
"Year 1 Nov 17 7:00 AM","4.31985104578828"
"Year 1 Nov 17 8:00 AM","34.4830098612145"
"Year 1 Nov 17 9:00 AM","64.6396166285657"
"Year 1 Nov 17 10:00 AM","105.487646448598"
"Year 1 Nov 17 11:00 AM","110.633122475369"
"Year 1 Nov 17 12:00 PM","143.314410694273"
"Year 1 Nov 17 1:00 PM","170.504661526603"
"Year 1 Nov 17 2:00 PM","118.501026453894"
"Year 1 Nov 17 3:00 PM","76.0029730881238"
"Year 1 Nov 17 4:00 PM","26.2288423487745"
"Year 1 Nov 17 5:00 PM","3.62567873724237"
"Year 1 Nov 17 6:00 PM","0"
"Year 1 Nov 17 7:00 PM","0"
"Year 1 Nov 17 8:00 PM","0"
"Year 1 Nov 17 9:00 PM","0"
"Year 1 Nov 17 10:00 PM","0"
"Year 1 Nov 17 11:00 PM","0"
"Year 1 Nov 18 12:00 AM","0"
"Year 1 Nov 18 1:00 AM","0"
"Year 1 Nov 18 2:00 AM","0"
"Year 1 Nov 18 3:00 AM","0"
"Year 1 Nov 18 4:00 AM","0"
"Year 1 Nov 18 5:00 AM","0"
"Year 1 Nov 18 6:00 AM","0"
"Year 1 Nov 18 7:00 AM","2.54401912832541"
"Year 1 Nov 18 8:00 AM","31.8396262474824"
"Year 1 Nov 18 9:00 AM","91.1055575543067"
"Year 1 Nov 18 10:00 AM","103.506557119151"
"Year 1 Nov 18 11:00 AM","77.1511886781612"
"Year 1 Nov 18 12:00 PM","104.747286232391"
"Year 1 Nov 18 1:00 PM","106.604968713165"
"Year 1 Nov 18 2:00 PM","68.043555002574"
"Year 1 Nov 18 3:00 PM","42.2602492400585"
"Year 1 Nov 18 4:00 PM","25.9963446620735"
"Year 1 Nov 18 5:00 PM","3.22338244152414"
"Year 1 Nov 18 6:00 PM","0"
"Year 1 Nov 18 7:00 PM","0"
"Year 1 Nov 18 8:00 PM","0"
"Year 1 Nov 18 9:00 PM","0"
"Year 1 Nov 18 10:00 PM","0"
"Year 1 Nov 18 11:00 PM","0"
"Year 1 Nov 19 12:00 AM","0"
"Year 1 Nov 19 1:00 AM","0"
"Year 1 Nov 19 2:00 AM","0"
"Year 1 Nov 19 3:00 AM","0"
"Year 1 Nov 19 4:00 AM","0"
"Year 1 Nov 19 5:00 AM","0"
"Year 1 Nov 19 6:00 AM","0"
"Year 1 Nov 19 7:00 AM","4.26490346461412"
"Year 1 Nov 19 8:00 AM","37.3718350271532"
"Year 1 Nov 19 9:00 AM","71.7400673551233"
"Year 1 Nov 19 10:00 AM","114.651248105819"
"Year 1 Nov 19 11:00 AM","138.317934608104"
"Year 1 Nov 19 12:00 PM","141.015899988345"
"Year 1 Nov 19 1:00 PM","140.62138667867"
"Year 1 Nov 19 2:00 PM","121.338728901343"
"Year 1 Nov 19 3:00 PM","83.284332767033"
"Year 1 Nov 19 4:00 PM","42.2953863968684"
"Year 1 Nov 19 5:00 PM","4.02038571689515"
"Year 1 Nov 19 6:00 PM","0"
"Year 1 Nov 19 7:00 PM","0"
"Year 1 Nov 19 8:00 PM","0"
"Year 1 Nov 19 9:00 PM","0"
"Year 1 Nov 19 10:00 PM","0"
"Year 1 Nov 19 11:00 PM","0"
"Year 1 Nov 20 12:00 AM","0"
"Year 1 Nov 20 1:00 AM","0"
"Year 1 Nov 20 2:00 AM","0"
"Year 1 Nov 20 3:00 AM","0"
"Year 1 Nov 20 4:00 AM","0"
"Year 1 Nov 20 5:00 AM","0"
"Year 1 Nov 20 6:00 AM","0"
"Year 1 Nov 20 7:00 AM","4.38677559481944"
"Year 1 Nov 20 8:00 AM","41.3513475861793"
"Year 1 Nov 20 9:00 AM","84.5773616915413"
"Year 1 Nov 20 10:00 AM","80.330738666909"
"Year 1 Nov 20 11:00 AM","113.074263527307"
"Year 1 Nov 20 12:00 PM","177.287955168"
"Year 1 Nov 20 1:00 PM","162.993477489542"
"Year 1 Nov 20 2:00 PM","135.462343185394"
"Year 1 Nov 20 3:00 PM","99.27679339865"
"Year 1 Nov 20 4:00 PM","40.4602205938871"
"Year 1 Nov 20 5:00 PM","3.61854342589781"
"Year 1 Nov 20 6:00 PM","0"
"Year 1 Nov 20 7:00 PM","0"
"Year 1 Nov 20 8:00 PM","0"
"Year 1 Nov 20 9:00 PM","0"
"Year 1 Nov 20 10:00 PM","0"
"Year 1 Nov 20 11:00 PM","0"
"Year 1 Nov 21 12:00 AM","0"
"Year 1 Nov 21 1:00 AM","0"
"Year 1 Nov 21 2:00 AM","0"
"Year 1 Nov 21 3:00 AM","0"
"Year 1 Nov 21 4:00 AM","0"
"Year 1 Nov 21 5:00 AM","0"
"Year 1 Nov 21 6:00 AM","0"
"Year 1 Nov 21 7:00 AM","3.67896738119769"
"Year 1 Nov 21 8:00 AM","32.1802841649098"
"Year 1 Nov 21 9:00 AM","62.6244696238679"
"Year 1 Nov 21 10:00 AM","89.3601615440339"
"Year 1 Nov 21 11:00 AM","84.4029666371572"
"Year 1 Nov 21 12:00 PM","83.8265705398811"
"Year 1 Nov 21 1:00 PM","82.860349016101"
"Year 1 Nov 21 2:00 PM","85.371493109908"
"Year 1 Nov 21 3:00 PM","78.9230883235406"
"Year 1 Nov 21 4:00 PM","37.5754784897372"
"Year 1 Nov 21 5:00 PM","3.61881446250742"
"Year 1 Nov 21 6:00 PM","0"
"Year 1 Nov 21 7:00 PM","0"
"Year 1 Nov 21 8:00 PM","0"
"Year 1 Nov 21 9:00 PM","0"
"Year 1 Nov 21 10:00 PM","0"
"Year 1 Nov 21 11:00 PM","0"
"Year 1 Nov 22 12:00 AM","0"
"Year 1 Nov 22 1:00 AM","0"
"Year 1 Nov 22 2:00 AM","0"
"Year 1 Nov 22 3:00 AM","0"
"Year 1 Nov 22 4:00 AM","0"
"Year 1 Nov 22 5:00 AM","0"
"Year 1 Nov 22 6:00 AM","0"
"Year 1 Nov 22 7:00 AM","2.69346699381355"
"Year 1 Nov 22 8:00 AM","26.7210862866398"
"Year 1 Nov 22 9:00 AM","60.7110523955286"
"Year 1 Nov 22 10:00 AM","91.1926440424142"
"Year 1 Nov 22 11:00 AM","122.791591087127"
"Year 1 Nov 22 12:00 PM","130.957974150424"
"Year 1 Nov 22 1:00 PM","120.417578376579"
"Year 1 Nov 22 2:00 PM","109.21467928227"
"Year 1 Nov 22 3:00 PM","84.2453556892578"
"Year 1 Nov 22 4:00 PM","39.8028915121108"
"Year 1 Nov 22 5:00 PM","3.94823013448388"
"Year 1 Nov 22 6:00 PM","0"
"Year 1 Nov 22 7:00 PM","0"
"Year 1 Nov 22 8:00 PM","0"
"Year 1 Nov 22 9:00 PM","0"
"Year 1 Nov 22 10:00 PM","0"
"Year 1 Nov 22 11:00 PM","0"
"Year 1 Nov 23 12:00 AM","0"
"Year 1 Nov 23 1:00 AM","0"
"Year 1 Nov 23 2:00 AM","0"
"Year 1 Nov 23 3:00 AM","0"
"Year 1 Nov 23 4:00 AM","0"
"Year 1 Nov 23 5:00 AM","0"
"Year 1 Nov 23 6:00 AM","0"
"Year 1 Nov 23 7:00 AM","1.88463609825099"
"Year 1 Nov 23 8:00 AM","17.4375"
"Year 1 Nov 23 9:00 AM","37.9391782023514"
"Year 1 Nov 23 10:00 AM","76.817114271747"
"Year 1 Nov 23 11:00 AM","130.02674892743"
"Year 1 Nov 23 12:00 PM","131.107962963274"
"Year 1 Nov 23 1:00 PM","146.55498232816"
"Year 1 Nov 23 2:00 PM","111.584650579402"
"Year 1 Nov 23 3:00 PM","77.7625993571303"
"Year 1 Nov 23 4:00 PM","37.7323141691857"
"Year 1 Nov 23 5:00 PM","4.11654321464022"
"Year 1 Nov 23 6:00 PM","0"
"Year 1 Nov 23 7:00 PM","0"
"Year 1 Nov 23 8:00 PM","0"
"Year 1 Nov 23 9:00 PM","0"
"Year 1 Nov 23 10:00 PM","0"
"Year 1 Nov 23 11:00 PM","0"
"Year 1 Nov 24 12:00 AM","0"
"Year 1 Nov 24 1:00 AM","0"
"Year 1 Nov 24 2:00 AM","0"
"Year 1 Nov 24 3:00 AM","0"
"Year 1 Nov 24 4:00 AM","0"
"Year 1 Nov 24 5:00 AM","0"
"Year 1 Nov 24 6:00 AM","0"
"Year 1 Nov 24 7:00 AM","3.30775598156245"
"Year 1 Nov 24 8:00 AM","34.0536990461282"
"Year 1 Nov 24 9:00 AM","83.9046325883517"
"Year 1 Nov 24 10:00 AM","103.828434114714"
"Year 1 Nov 24 11:00 AM","83.0806096077812"
"Year 1 Nov 24 12:00 PM","112.642991694625"
"Year 1 Nov 24 1:00 PM","104.280982806136"
"Year 1 Nov 24 2:00 PM","54.684223115166"
"Year 1 Nov 24 3:00 PM","51.5564594027401"
"Year 1 Nov 24 4:00 PM","34.4261720725962"
"Year 1 Nov 24 5:00 PM","3.52357804879259"
"Year 1 Nov 24 6:00 PM","0"
"Year 1 Nov 24 7:00 PM","0"
"Year 1 Nov 24 8:00 PM","0"
"Year 1 Nov 24 9:00 PM","0"
"Year 1 Nov 24 10:00 PM","0"
"Year 1 Nov 24 11:00 PM","0"
"Year 1 Nov 25 12:00 AM","0"
"Year 1 Nov 25 1:00 AM","0"
"Year 1 Nov 25 2:00 AM","0"
"Year 1 Nov 25 3:00 AM","0"
"Year 1 Nov 25 4:00 AM","0"
"Year 1 Nov 25 5:00 AM","0"
"Year 1 Nov 25 6:00 AM","0"
"Year 1 Nov 25 7:00 AM","2.59840627174399"
"Year 1 Nov 25 8:00 AM","31.6443564269429"
"Year 1 Nov 25 9:00 AM","85.0740150393347"
"Year 1 Nov 25 10:00 AM","103.876439678218"
"Year 1 Nov 25 11:00 AM","141.306744603151"
"Year 1 Nov 25 12:00 PM","148.96337221912"
"Year 1 Nov 25 1:00 PM","159.072052739378"
"Year 1 Nov 25 2:00 PM","96.2300043981544"
"Year 1 Nov 25 3:00 PM","91.8006654536596"
"Year 1 Nov 25 4:00 PM","25.5528809836907"
"Year 1 Nov 25 5:00 PM","2.09766042270053"
"Year 1 Nov 25 6:00 PM","0"
"Year 1 Nov 25 7:00 PM","0"
"Year 1 Nov 25 8:00 PM","0"
"Year 1 Nov 25 9:00 PM","0"
"Year 1 Nov 25 10:00 PM","0"
"Year 1 Nov 25 11:00 PM","0"
"Year 1 Nov 26 12:00 AM","0"
"Year 1 Nov 26 1:00 AM","0"
"Year 1 Nov 26 2:00 AM","0"
"Year 1 Nov 26 3:00 AM","0"
"Year 1 Nov 26 4:00 AM","0"
"Year 1 Nov 26 5:00 AM","0"
"Year 1 Nov 26 6:00 AM","0"
"Year 1 Nov 26 7:00 AM","2.86837702635911"
"Year 1 Nov 26 8:00 AM","26.6249249215408"
"Year 1 Nov 26 9:00 AM","49.5773571896529"
"Year 1 Nov 26 10:00 AM","65.6429776303754"
"Year 1 Nov 26 11:00 AM","75.0370580301148"
"Year 1 Nov 26 12:00 PM","82.7847936016198"
"Year 1 Nov 26 1:00 PM","88.5772621543916"
"Year 1 Nov 26 2:00 PM","95.8439166063933"
"Year 1 Nov 26 3:00 PM","74.6464540944356"
"Year 1 Nov 26 4:00 PM","35.7031509119357"
"Year 1 Nov 26 5:00 PM","3.82284658418973"
"Year 1 Nov 26 6:00 PM","0"
"Year 1 Nov 26 7:00 PM","0"
"Year 1 Nov 26 8:00 PM","0"
"Year 1 Nov 26 9:00 PM","0"
"Year 1 Nov 26 10:00 PM","0"
"Year 1 Nov 26 11:00 PM","0"
"Year 1 Nov 27 12:00 AM","0"
"Year 1 Nov 27 1:00 AM","0"
"Year 1 Nov 27 2:00 AM","0"
"Year 1 Nov 27 3:00 AM","0"
"Year 1 Nov 27 4:00 AM","0"
"Year 1 Nov 27 5:00 AM","0"
"Year 1 Nov 27 6:00 AM","0"
"Year 1 Nov 27 7:00 AM","3.24876341822909"
"Year 1 Nov 27 8:00 AM","28.4092559909225"
"Year 1 Nov 27 9:00 AM","56.0825625055049"
"Year 1 Nov 27 10:00 AM","96.5439406692879"
"Year 1 Nov 27 11:00 AM","141.747768766324"
"Year 1 Nov 27 12:00 PM","140.852613228842"
"Year 1 Nov 27 1:00 PM","138.733156640094"
"Year 1 Nov 27 2:00 PM","106.801045047078"
"Year 1 Nov 27 3:00 PM","74.5487670659275"
"Year 1 Nov 27 4:00 PM","35.0648238620569"
"Year 1 Nov 27 5:00 PM","3.7853160351515"
"Year 1 Nov 27 6:00 PM","0"
"Year 1 Nov 27 7:00 PM","0"
"Year 1 Nov 27 8:00 PM","0"
"Year 1 Nov 27 9:00 PM","0"
"Year 1 Nov 27 10:00 PM","0"
"Year 1 Nov 27 11:00 PM","0"
"Year 1 Nov 28 12:00 AM","0"
"Year 1 Nov 28 1:00 AM","0"
"Year 1 Nov 28 2:00 AM","0"
"Year 1 Nov 28 3:00 AM","0"
"Year 1 Nov 28 4:00 AM","0"
"Year 1 Nov 28 5:00 AM","0"
"Year 1 Nov 28 6:00 AM","0"
"Year 1 Nov 28 7:00 AM","0"
"Year 1 Nov 28 8:00 AM","26.2347584653241"
"Year 1 Nov 28 9:00 AM","51.0307162049786"
"Year 1 Nov 28 10:00 AM","68.9679401743535"
"Year 1 Nov 28 11:00 AM","91.4545175985807"
"Year 1 Nov 28 12:00 PM","131.204045106039"
"Year 1 Nov 28 1:00 PM","144.949190205947"
"Year 1 Nov 28 2:00 PM","113.781988415744"
"Year 1 Nov 28 3:00 PM","91.1307987056459"
"Year 1 Nov 28 4:00 PM","44.5699217068971"
"Year 1 Nov 28 5:00 PM","3.78762847295663"
"Year 1 Nov 28 6:00 PM","0"
"Year 1 Nov 28 7:00 PM","0"
"Year 1 Nov 28 8:00 PM","0"
"Year 1 Nov 28 9:00 PM","0"
"Year 1 Nov 28 10:00 PM","0"
"Year 1 Nov 28 11:00 PM","0"
"Year 1 Nov 29 12:00 AM","0"
"Year 1 Nov 29 1:00 AM","0"
"Year 1 Nov 29 2:00 AM","0"
"Year 1 Nov 29 3:00 AM","0"
"Year 1 Nov 29 4:00 AM","0"
"Year 1 Nov 29 5:00 AM","0"
"Year 1 Nov 29 6:00 AM","0"
"Year 1 Nov 29 7:00 AM","0"
"Year 1 Nov 29 8:00 AM","31.7778622181432"
"Year 1 Nov 29 9:00 AM","74.9167332465094"
"Year 1 Nov 29 10:00 AM","126.284652123358"
"Year 1 Nov 29 11:00 AM","147.265702451923"
"Year 1 Nov 29 12:00 PM","159.987951770519"
"Year 1 Nov 29 1:00 PM","157.046408753452"
"Year 1 Nov 29 2:00 PM","119.602165281264"
"Year 1 Nov 29 3:00 PM","90.4444547184896"
"Year 1 Nov 29 4:00 PM","43.2238930096114"
"Year 1 Nov 29 5:00 PM","3.80061701040145"
"Year 1 Nov 29 6:00 PM","0"
"Year 1 Nov 29 7:00 PM","0"
"Year 1 Nov 29 8:00 PM","0"
"Year 1 Nov 29 9:00 PM","0"
"Year 1 Nov 29 10:00 PM","0"
"Year 1 Nov 29 11:00 PM","0"
"Year 1 Nov 30 12:00 AM","0"
"Year 1 Nov 30 1:00 AM","0"
"Year 1 Nov 30 2:00 AM","0"
"Year 1 Nov 30 3:00 AM","0"
"Year 1 Nov 30 4:00 AM","0"
"Year 1 Nov 30 5:00 AM","0"
"Year 1 Nov 30 6:00 AM","0"
"Year 1 Nov 30 7:00 AM","0"
"Year 1 Nov 30 8:00 AM","20.5438182545202"
"Year 1 Nov 30 9:00 AM","67.9961740216677"
"Year 1 Nov 30 10:00 AM","106.969306014785"
"Year 1 Nov 30 11:00 AM","149.691174365282"
"Year 1 Nov 30 12:00 PM","146.402495989991"
"Year 1 Nov 30 1:00 PM","150.904009545881"
"Year 1 Nov 30 2:00 PM","134.137535393607"
"Year 1 Nov 30 3:00 PM","75.1959374183799"
"Year 1 Nov 30 4:00 PM","33.0601328674211"
"Year 1 Nov 30 5:00 PM","3.48844203288444"
"Year 1 Nov 30 6:00 PM","0"
"Year 1 Nov 30 7:00 PM","0"
"Year 1 Nov 30 8:00 PM","0"
"Year 1 Nov 30 9:00 PM","0"
"Year 1 Nov 30 10:00 PM","0"
"Year 1 Nov 30 11:00 PM","0"
"Year 1 Dec 01 12:00 AM","0"
"Year 1 Dec 01 1:00 AM","0"
"Year 1 Dec 01 2:00 AM","0"
"Year 1 Dec 01 3:00 AM","0"
"Year 1 Dec 01 4:00 AM","0"
"Year 1 Dec 01 5:00 AM","0"
"Year 1 Dec 01 6:00 AM","0"
"Year 1 Dec 01 7:00 AM","0"
"Year 1 Dec 01 8:00 AM","15.1875"
"Year 1 Dec 01 9:00 AM","43.6035493136204"
"Year 1 Dec 01 10:00 AM","75.1034976891542"
"Year 1 Dec 01 11:00 AM","94.283974879702"
"Year 1 Dec 01 12:00 PM","92.9240516265357"
"Year 1 Dec 01 1:00 PM","84.6724781558076"
"Year 1 Dec 01 2:00 PM","69.9767989282576"
"Year 1 Dec 01 3:00 PM","44.269252232497"
"Year 1 Dec 01 4:00 PM","19.9892503719163"
"Year 1 Dec 01 5:00 PM","2.09867586300787"
"Year 1 Dec 01 6:00 PM","0"
"Year 1 Dec 01 7:00 PM","0"
"Year 1 Dec 01 8:00 PM","0"
"Year 1 Dec 01 9:00 PM","0"
"Year 1 Dec 01 10:00 PM","0"
"Year 1 Dec 01 11:00 PM","0"
"Year 1 Dec 02 12:00 AM","0"
"Year 1 Dec 02 1:00 AM","0"
"Year 1 Dec 02 2:00 AM","0"
"Year 1 Dec 02 3:00 AM","0"
"Year 1 Dec 02 4:00 AM","0"
"Year 1 Dec 02 5:00 AM","0"
"Year 1 Dec 02 6:00 AM","0"
"Year 1 Dec 02 7:00 AM","0"
"Year 1 Dec 02 8:00 AM","28.4394374267223"
"Year 1 Dec 02 9:00 AM","80.9673195765496"
"Year 1 Dec 02 10:00 AM","125.124656969543"
"Year 1 Dec 02 11:00 AM","150.831608142642"
"Year 1 Dec 02 12:00 PM","153.43797771162"
"Year 1 Dec 02 1:00 PM","152.85774154617"
"Year 1 Dec 02 2:00 PM","116.437454720946"
"Year 1 Dec 02 3:00 PM","76.8595943543935"
"Year 1 Dec 02 4:00 PM","30.824854379771"
"Year 1 Dec 02 5:00 PM","2.55762301755772"
"Year 1 Dec 02 6:00 PM","0"
"Year 1 Dec 02 7:00 PM","0"
"Year 1 Dec 02 8:00 PM","0"
"Year 1 Dec 02 9:00 PM","0"
"Year 1 Dec 02 10:00 PM","0"
"Year 1 Dec 02 11:00 PM","0"
"Year 1 Dec 03 12:00 AM","0"
"Year 1 Dec 03 1:00 AM","0"
"Year 1 Dec 03 2:00 AM","0"
"Year 1 Dec 03 3:00 AM","0"
"Year 1 Dec 03 4:00 AM","0"
"Year 1 Dec 03 5:00 AM","0"
"Year 1 Dec 03 6:00 AM","0"
"Year 1 Dec 03 7:00 AM","0"
"Year 1 Dec 03 8:00 AM","24.6965826945404"
"Year 1 Dec 03 9:00 AM","47.7898577566279"
"Year 1 Dec 03 10:00 AM","76.1635362765234"
"Year 1 Dec 03 11:00 AM","102.918774651038"
"Year 1 Dec 03 12:00 PM","138.43039608891"
"Year 1 Dec 03 1:00 PM","129.842584303024"
"Year 1 Dec 03 2:00 PM","105.702072427986"
"Year 1 Dec 03 3:00 PM","62.0379564711192"
"Year 1 Dec 03 4:00 PM","18.5883609581125"
"Year 1 Dec 03 5:00 PM","1.45782640226931"
"Year 1 Dec 03 6:00 PM","0"
"Year 1 Dec 03 7:00 PM","0"
"Year 1 Dec 03 8:00 PM","0"
"Year 1 Dec 03 9:00 PM","0"
"Year 1 Dec 03 10:00 PM","0"
"Year 1 Dec 03 11:00 PM","0"
"Year 1 Dec 04 12:00 AM","0"
"Year 1 Dec 04 1:00 AM","0"
"Year 1 Dec 04 2:00 AM","0"
"Year 1 Dec 04 3:00 AM","0"
"Year 1 Dec 04 4:00 AM","0"
"Year 1 Dec 04 5:00 AM","0"
"Year 1 Dec 04 6:00 AM","0"
"Year 1 Dec 04 7:00 AM","0"
"Year 1 Dec 04 8:00 AM","28.6861298935553"
"Year 1 Dec 04 9:00 AM","72.9462585149135"
"Year 1 Dec 04 10:00 AM","108.115412423371"
"Year 1 Dec 04 11:00 AM","133.000387940357"
"Year 1 Dec 04 12:00 PM","109.408854168663"
"Year 1 Dec 04 1:00 PM","78.2152031568639"
"Year 1 Dec 04 2:00 PM","83.2926883427038"
"Year 1 Dec 04 3:00 PM","57.8484966236721"
"Year 1 Dec 04 4:00 PM","27.2791743728663"
"Year 1 Dec 04 5:00 PM","2.57951797025448"
"Year 1 Dec 04 6:00 PM","0"
"Year 1 Dec 04 7:00 PM","0"
"Year 1 Dec 04 8:00 PM","0"
"Year 1 Dec 04 9:00 PM","0"
"Year 1 Dec 04 10:00 PM","0"
"Year 1 Dec 04 11:00 PM","0"
"Year 1 Dec 05 12:00 AM","0"
"Year 1 Dec 05 1:00 AM","0"
"Year 1 Dec 05 2:00 AM","0"
"Year 1 Dec 05 3:00 AM","0"
"Year 1 Dec 05 4:00 AM","0"
"Year 1 Dec 05 5:00 AM","0"
"Year 1 Dec 05 6:00 AM","0"
"Year 1 Dec 05 7:00 AM","0"
"Year 1 Dec 05 8:00 AM","15.1942494628717"
"Year 1 Dec 05 9:00 AM","26.4610462472998"
"Year 1 Dec 05 10:00 AM","34.657093579807"
"Year 1 Dec 05 11:00 AM","39.6544186186956"
"Year 1 Dec 05 12:00 PM","41.7980889000545"
"Year 1 Dec 05 1:00 PM","40.4640534308204"
"Year 1 Dec 05 2:00 PM","35.948606488275"
"Year 1 Dec 05 3:00 PM","28.9807470170136"
"Year 1 Dec 05 4:00 PM","17.5776544051255"
"Year 1 Dec 05 5:00 PM","1.88385877029335"
"Year 1 Dec 05 6:00 PM","0"
"Year 1 Dec 05 7:00 PM","0"
"Year 1 Dec 05 8:00 PM","0"
"Year 1 Dec 05 9:00 PM","0"
"Year 1 Dec 05 10:00 PM","0"
"Year 1 Dec 05 11:00 PM","0"
"Year 1 Dec 06 12:00 AM","0"
"Year 1 Dec 06 1:00 AM","0"
"Year 1 Dec 06 2:00 AM","0"
"Year 1 Dec 06 3:00 AM","0"
"Year 1 Dec 06 4:00 AM","0"
"Year 1 Dec 06 5:00 AM","0"
"Year 1 Dec 06 6:00 AM","0"
"Year 1 Dec 06 7:00 AM","0"
"Year 1 Dec 06 8:00 AM","21.7031572929775"
"Year 1 Dec 06 9:00 AM","65.7050686420726"
"Year 1 Dec 06 10:00 AM","91.680255185218"
"Year 1 Dec 06 11:00 AM","112.060469865642"
"Year 1 Dec 06 12:00 PM","126.855716768097"
"Year 1 Dec 06 1:00 PM","148.419263699515"
"Year 1 Dec 06 2:00 PM","97.0912498796784"
"Year 1 Dec 06 3:00 PM","68.0837205861051"
"Year 1 Dec 06 4:00 PM","37.1220033309195"
"Year 1 Dec 06 5:00 PM","3.28738332987358"
"Year 1 Dec 06 6:00 PM","0"
"Year 1 Dec 06 7:00 PM","0"
"Year 1 Dec 06 8:00 PM","0"
"Year 1 Dec 06 9:00 PM","0"
"Year 1 Dec 06 10:00 PM","0"
"Year 1 Dec 06 11:00 PM","0"
"Year 1 Dec 07 12:00 AM","0"
"Year 1 Dec 07 1:00 AM","0"
"Year 1 Dec 07 2:00 AM","0"
"Year 1 Dec 07 3:00 AM","0"
"Year 1 Dec 07 4:00 AM","0"
"Year 1 Dec 07 5:00 AM","0"
"Year 1 Dec 07 6:00 AM","0"
"Year 1 Dec 07 7:00 AM","0"
"Year 1 Dec 07 8:00 AM","19.9525501191046"
"Year 1 Dec 07 9:00 AM","58.2160771451407"
"Year 1 Dec 07 10:00 AM","102.339340657341"
"Year 1 Dec 07 11:00 AM","111.543602812804"
"Year 1 Dec 07 12:00 PM","118.834356827192"
"Year 1 Dec 07 1:00 PM","94.5019523022065"
"Year 1 Dec 07 2:00 PM","105.866885031444"
"Year 1 Dec 07 3:00 PM","67.5138033030352"
"Year 1 Dec 07 4:00 PM","30.252686827981"
"Year 1 Dec 07 5:00 PM","2.55919188013797"
"Year 1 Dec 07 6:00 PM","0"
"Year 1 Dec 07 7:00 PM","0"
"Year 1 Dec 07 8:00 PM","0"
"Year 1 Dec 07 9:00 PM","0"
"Year 1 Dec 07 10:00 PM","0"
"Year 1 Dec 07 11:00 PM","0"
"Year 1 Dec 08 12:00 AM","0"
"Year 1 Dec 08 1:00 AM","0"
"Year 1 Dec 08 2:00 AM","0"
"Year 1 Dec 08 3:00 AM","0"
"Year 1 Dec 08 4:00 AM","0"
"Year 1 Dec 08 5:00 AM","0"
"Year 1 Dec 08 6:00 AM","0"
"Year 1 Dec 08 7:00 AM","0"
"Year 1 Dec 08 8:00 AM","21.038911670537"
"Year 1 Dec 08 9:00 AM","61.145989918373"
"Year 1 Dec 08 10:00 AM","85.0988073143697"
"Year 1 Dec 08 11:00 AM","134.329761077077"
"Year 1 Dec 08 12:00 PM","130.160051918462"
"Year 1 Dec 08 1:00 PM","137.304984427458"
"Year 1 Dec 08 2:00 PM","107.427589419984"
"Year 1 Dec 08 3:00 PM","71.3571786474323"
"Year 1 Dec 08 4:00 PM","32.7034267409219"
"Year 1 Dec 08 5:00 PM","0"
"Year 1 Dec 08 6:00 PM","0"
"Year 1 Dec 08 7:00 PM","0"
"Year 1 Dec 08 8:00 PM","0"
"Year 1 Dec 08 9:00 PM","0"
"Year 1 Dec 08 10:00 PM","0"
"Year 1 Dec 08 11:00 PM","0"
"Year 1 Dec 09 12:00 AM","0"
"Year 1 Dec 09 1:00 AM","0"
"Year 1 Dec 09 2:00 AM","0"
"Year 1 Dec 09 3:00 AM","0"
"Year 1 Dec 09 4:00 AM","0"
"Year 1 Dec 09 5:00 AM","0"
"Year 1 Dec 09 6:00 AM","0"
"Year 1 Dec 09 7:00 AM","0"
"Year 1 Dec 09 8:00 AM","20.1981663476338"
"Year 1 Dec 09 9:00 AM","49.7331533542959"
"Year 1 Dec 09 10:00 AM","87.8171093670009"
"Year 1 Dec 09 11:00 AM","116.778073088037"
"Year 1 Dec 09 12:00 PM","81.9658965268895"
"Year 1 Dec 09 1:00 PM","100.847112060243"
"Year 1 Dec 09 2:00 PM","82.1484378988056"
"Year 1 Dec 09 3:00 PM","64.9811090235188"
"Year 1 Dec 09 4:00 PM","27.5604005222512"
"Year 1 Dec 09 5:00 PM","0"
"Year 1 Dec 09 6:00 PM","0"
"Year 1 Dec 09 7:00 PM","0"
"Year 1 Dec 09 8:00 PM","0"
"Year 1 Dec 09 9:00 PM","0"
"Year 1 Dec 09 10:00 PM","0"
"Year 1 Dec 09 11:00 PM","0"
"Year 1 Dec 10 12:00 AM","0"
"Year 1 Dec 10 1:00 AM","0"
"Year 1 Dec 10 2:00 AM","0"
"Year 1 Dec 10 3:00 AM","0"
"Year 1 Dec 10 4:00 AM","0"
"Year 1 Dec 10 5:00 AM","0"
"Year 1 Dec 10 6:00 AM","0"
"Year 1 Dec 10 7:00 AM","0"
"Year 1 Dec 10 8:00 AM","15.2146905493763"
"Year 1 Dec 10 9:00 AM","30.2053367462878"
"Year 1 Dec 10 10:00 AM","43.3394841283187"
"Year 1 Dec 10 11:00 AM","52.0344382412518"
"Year 1 Dec 10 12:00 PM","47.3853002301085"
"Year 1 Dec 10 1:00 PM","48.6332231073582"
"Year 1 Dec 10 2:00 PM","53.911778674058"
"Year 1 Dec 10 3:00 PM","54.4075917161585"
"Year 1 Dec 10 4:00 PM","28.3766665324469"
"Year 1 Dec 10 5:00 PM","0"
"Year 1 Dec 10 6:00 PM","0"
"Year 1 Dec 10 7:00 PM","0"
"Year 1 Dec 10 8:00 PM","0"
"Year 1 Dec 10 9:00 PM","0"
"Year 1 Dec 10 10:00 PM","0"
"Year 1 Dec 10 11:00 PM","0"
"Year 1 Dec 11 12:00 AM","0"
"Year 1 Dec 11 1:00 AM","0"
"Year 1 Dec 11 2:00 AM","0"
"Year 1 Dec 11 3:00 AM","0"
"Year 1 Dec 11 4:00 AM","0"
"Year 1 Dec 11 5:00 AM","0"
"Year 1 Dec 11 6:00 AM","0"
"Year 1 Dec 11 7:00 AM","0"
"Year 1 Dec 11 8:00 AM","17.2036160224609"
"Year 1 Dec 11 9:00 AM","51.9525185807433"
"Year 1 Dec 11 10:00 AM","89.3366515197176"
"Year 1 Dec 11 11:00 AM","105.036210636005"
"Year 1 Dec 11 12:00 PM","113.411038981463"
"Year 1 Dec 11 1:00 PM","117.651061412534"
"Year 1 Dec 11 2:00 PM","56.2439142715854"
"Year 1 Dec 11 3:00 PM","36.5315907143381"
"Year 1 Dec 11 4:00 PM","21.8545272856971"
"Year 1 Dec 11 5:00 PM","0"
"Year 1 Dec 11 6:00 PM","0"
"Year 1 Dec 11 7:00 PM","0"
"Year 1 Dec 11 8:00 PM","0"
"Year 1 Dec 11 9:00 PM","0"
"Year 1 Dec 11 10:00 PM","0"
"Year 1 Dec 11 11:00 PM","0"
"Year 1 Dec 12 12:00 AM","0"
"Year 1 Dec 12 1:00 AM","0"
"Year 1 Dec 12 2:00 AM","0"
"Year 1 Dec 12 3:00 AM","0"
"Year 1 Dec 12 4:00 AM","0"
"Year 1 Dec 12 5:00 AM","0"
"Year 1 Dec 12 6:00 AM","0"
"Year 1 Dec 12 7:00 AM","0"
"Year 1 Dec 12 8:00 AM","20.7250917202622"
"Year 1 Dec 12 9:00 AM","54.5656137337"
"Year 1 Dec 12 10:00 AM","82.5791976657461"
"Year 1 Dec 12 11:00 AM","115.347435621192"
"Year 1 Dec 12 12:00 PM","115.035737356047"
"Year 1 Dec 12 1:00 PM","123.161828226395"
"Year 1 Dec 12 2:00 PM","106.582747214588"
"Year 1 Dec 12 3:00 PM","61.984109073522"
"Year 1 Dec 12 4:00 PM","26.1511864270213"
"Year 1 Dec 12 5:00 PM","0"
"Year 1 Dec 12 6:00 PM","0"
"Year 1 Dec 12 7:00 PM","0"
"Year 1 Dec 12 8:00 PM","0"
"Year 1 Dec 12 9:00 PM","0"
"Year 1 Dec 12 10:00 PM","0"
"Year 1 Dec 12 11:00 PM","0"
"Year 1 Dec 13 12:00 AM","0"
"Year 1 Dec 13 1:00 AM","0"
"Year 1 Dec 13 2:00 AM","0"
"Year 1 Dec 13 3:00 AM","0"
"Year 1 Dec 13 4:00 AM","0"
"Year 1 Dec 13 5:00 AM","0"
"Year 1 Dec 13 6:00 AM","0"
"Year 1 Dec 13 7:00 AM","0"
"Year 1 Dec 13 8:00 AM","14.602359103932"
"Year 1 Dec 13 9:00 AM","41.8344960957014"
"Year 1 Dec 13 10:00 AM","84.6349136166306"
"Year 1 Dec 13 11:00 AM","118.509887378692"
"Year 1 Dec 13 12:00 PM","127.919518238916"
"Year 1 Dec 13 1:00 PM","124.141589462565"
"Year 1 Dec 13 2:00 PM","115.840168464452"
"Year 1 Dec 13 3:00 PM","71.7465166209444"
"Year 1 Dec 13 4:00 PM","32.9628414803434"
"Year 1 Dec 13 5:00 PM","2.93231463966788"
"Year 1 Dec 13 6:00 PM","0"
"Year 1 Dec 13 7:00 PM","0"
"Year 1 Dec 13 8:00 PM","0"
"Year 1 Dec 13 9:00 PM","0"
"Year 1 Dec 13 10:00 PM","0"
"Year 1 Dec 13 11:00 PM","0"
"Year 1 Dec 14 12:00 AM","0"
"Year 1 Dec 14 1:00 AM","0"
"Year 1 Dec 14 2:00 AM","0"
"Year 1 Dec 14 3:00 AM","0"
"Year 1 Dec 14 4:00 AM","0"
"Year 1 Dec 14 5:00 AM","0"
"Year 1 Dec 14 6:00 AM","0"
"Year 1 Dec 14 7:00 AM","0"
"Year 1 Dec 14 8:00 AM","22.4452788043357"
"Year 1 Dec 14 9:00 AM","74.0332481065098"
"Year 1 Dec 14 10:00 AM","122.481039525382"
"Year 1 Dec 14 11:00 AM","142.625672556207"
"Year 1 Dec 14 12:00 PM","158.896224301019"
"Year 1 Dec 14 1:00 PM","150.370342946237"
"Year 1 Dec 14 2:00 PM","123.17618293191"
"Year 1 Dec 14 3:00 PM","69.7237767642955"
"Year 1 Dec 14 4:00 PM","25.1985660074664"
"Year 1 Dec 14 5:00 PM","2.27902652575777"
"Year 1 Dec 14 6:00 PM","0"
"Year 1 Dec 14 7:00 PM","0"
"Year 1 Dec 14 8:00 PM","0"
"Year 1 Dec 14 9:00 PM","0"
"Year 1 Dec 14 10:00 PM","0"
"Year 1 Dec 14 11:00 PM","0"
"Year 1 Dec 15 12:00 AM","0"
"Year 1 Dec 15 1:00 AM","0"
"Year 1 Dec 15 2:00 AM","0"
"Year 1 Dec 15 3:00 AM","0"
"Year 1 Dec 15 4:00 AM","0"
"Year 1 Dec 15 5:00 AM","0"
"Year 1 Dec 15 6:00 AM","0"
"Year 1 Dec 15 7:00 AM","0"
"Year 1 Dec 15 8:00 AM","15.9581059245145"
"Year 1 Dec 15 9:00 AM","55.8945057712969"
"Year 1 Dec 15 10:00 AM","88.7949511923273"
"Year 1 Dec 15 11:00 AM","104.696178666906"
"Year 1 Dec 15 12:00 PM","107.013114276902"
"Year 1 Dec 15 1:00 PM","96.5450800967278"
"Year 1 Dec 15 2:00 PM","86.4082296437475"
"Year 1 Dec 15 3:00 PM","66.3581096202701"
"Year 1 Dec 15 4:00 PM","28.4698516605872"
"Year 1 Dec 15 5:00 PM","2.62499991505728"
"Year 1 Dec 15 6:00 PM","0"
"Year 1 Dec 15 7:00 PM","0"
"Year 1 Dec 15 8:00 PM","0"
"Year 1 Dec 15 9:00 PM","0"
"Year 1 Dec 15 10:00 PM","0"
"Year 1 Dec 15 11:00 PM","0"
"Year 1 Dec 16 12:00 AM","0"
"Year 1 Dec 16 1:00 AM","0"
"Year 1 Dec 16 2:00 AM","0"
"Year 1 Dec 16 3:00 AM","0"
"Year 1 Dec 16 4:00 AM","0"
"Year 1 Dec 16 5:00 AM","0"
"Year 1 Dec 16 6:00 AM","0"
"Year 1 Dec 16 7:00 AM","0"
"Year 1 Dec 16 8:00 AM","12.4259713037469"
"Year 1 Dec 16 9:00 AM","29.7182740385208"
"Year 1 Dec 16 10:00 AM","51.247582467722"
"Year 1 Dec 16 11:00 AM","92.9459243395322"
"Year 1 Dec 16 12:00 PM","124.086298593456"
"Year 1 Dec 16 1:00 PM","148.959687018863"
"Year 1 Dec 16 2:00 PM","94.691298536016"
"Year 1 Dec 16 3:00 PM","69.1224292564409"
"Year 1 Dec 16 4:00 PM","23.085634549406"
"Year 1 Dec 16 5:00 PM","1.66610747493423"
"Year 1 Dec 16 6:00 PM","0"
"Year 1 Dec 16 7:00 PM","0"
"Year 1 Dec 16 8:00 PM","0"
"Year 1 Dec 16 9:00 PM","0"
"Year 1 Dec 16 10:00 PM","0"
"Year 1 Dec 16 11:00 PM","0"
"Year 1 Dec 17 12:00 AM","0"
"Year 1 Dec 17 1:00 AM","0"
"Year 1 Dec 17 2:00 AM","0"
"Year 1 Dec 17 3:00 AM","0"
"Year 1 Dec 17 4:00 AM","0"
"Year 1 Dec 17 5:00 AM","0"
"Year 1 Dec 17 6:00 AM","0"
"Year 1 Dec 17 7:00 AM","0"
"Year 1 Dec 17 8:00 AM","8.50043856282757"
"Year 1 Dec 17 9:00 AM","44.5822919127783"
"Year 1 Dec 17 10:00 AM","95.7009777441425"
"Year 1 Dec 17 11:00 AM","90.411974591126"
"Year 1 Dec 17 12:00 PM","98.120780506495"
"Year 1 Dec 17 1:00 PM","107.418118207697"
"Year 1 Dec 17 2:00 PM","86.587365548201"
"Year 1 Dec 17 3:00 PM","62.2778857902164"
"Year 1 Dec 17 4:00 PM","33.0146445392455"
"Year 1 Dec 17 5:00 PM","3.27894547314516"
"Year 1 Dec 17 6:00 PM","0"
"Year 1 Dec 17 7:00 PM","0"
"Year 1 Dec 17 8:00 PM","0"
"Year 1 Dec 17 9:00 PM","0"
"Year 1 Dec 17 10:00 PM","0"
"Year 1 Dec 17 11:00 PM","0"
"Year 1 Dec 18 12:00 AM","0"
"Year 1 Dec 18 1:00 AM","0"
"Year 1 Dec 18 2:00 AM","0"
"Year 1 Dec 18 3:00 AM","0"
"Year 1 Dec 18 4:00 AM","0"
"Year 1 Dec 18 5:00 AM","0"
"Year 1 Dec 18 6:00 AM","0"
"Year 1 Dec 18 7:00 AM","0"
"Year 1 Dec 18 8:00 AM","15.2236997975353"
"Year 1 Dec 18 9:00 AM","42.2075432942183"
"Year 1 Dec 18 10:00 AM","59.0966582467601"
"Year 1 Dec 18 11:00 AM","70.2856938056713"
"Year 1 Dec 18 12:00 PM","74.9276192290128"
"Year 1 Dec 18 1:00 PM","72.4795465625523"
"Year 1 Dec 18 2:00 PM","63.9021904147471"
"Year 1 Dec 18 3:00 PM","48.7463821487539"
"Year 1 Dec 18 4:00 PM","27.8854786428147"
"Year 1 Dec 18 5:00 PM","2.81954099007158"
"Year 1 Dec 18 6:00 PM","0"
"Year 1 Dec 18 7:00 PM","0"
"Year 1 Dec 18 8:00 PM","0"
"Year 1 Dec 18 9:00 PM","0"
"Year 1 Dec 18 10:00 PM","0"
"Year 1 Dec 18 11:00 PM","0"
"Year 1 Dec 19 12:00 AM","0"
"Year 1 Dec 19 1:00 AM","0"
"Year 1 Dec 19 2:00 AM","0"
"Year 1 Dec 19 3:00 AM","0"
"Year 1 Dec 19 4:00 AM","0"
"Year 1 Dec 19 5:00 AM","0"
"Year 1 Dec 19 6:00 AM","0"
"Year 1 Dec 19 7:00 AM","0"
"Year 1 Dec 19 8:00 AM","11.7960957686864"
"Year 1 Dec 19 9:00 AM","27.4070898309821"
"Year 1 Dec 19 10:00 AM","36.461729434574"
"Year 1 Dec 19 11:00 AM","42.7772170775042"
"Year 1 Dec 19 12:00 PM","54.3091546697579"
"Year 1 Dec 19 1:00 PM","84.627300002788"
"Year 1 Dec 19 2:00 PM","64.8690421782596"
"Year 1 Dec 19 3:00 PM","38.5674296606266"
"Year 1 Dec 19 4:00 PM","19.4084132771273"
"Year 1 Dec 19 5:00 PM","2.16656929005845"
"Year 1 Dec 19 6:00 PM","0"
"Year 1 Dec 19 7:00 PM","0"
"Year 1 Dec 19 8:00 PM","0"
"Year 1 Dec 19 9:00 PM","0"
"Year 1 Dec 19 10:00 PM","0"
"Year 1 Dec 19 11:00 PM","0"
"Year 1 Dec 20 12:00 AM","0"
"Year 1 Dec 20 1:00 AM","0"
"Year 1 Dec 20 2:00 AM","0"
"Year 1 Dec 20 3:00 AM","0"
"Year 1 Dec 20 4:00 AM","0"
"Year 1 Dec 20 5:00 AM","0"
"Year 1 Dec 20 6:00 AM","0"
"Year 1 Dec 20 7:00 AM","0"
"Year 1 Dec 20 8:00 AM","15.0139675322189"
"Year 1 Dec 20 9:00 AM","45.0491629864477"
"Year 1 Dec 20 10:00 AM","61.2549634036308"
"Year 1 Dec 20 11:00 AM","78.8105568994388"
"Year 1 Dec 20 12:00 PM","93.5603791208826"
"Year 1 Dec 20 1:00 PM","98.141875898782"
"Year 1 Dec 20 2:00 PM","73.6942976757118"
"Year 1 Dec 20 3:00 PM","66.8693502389029"
"Year 1 Dec 20 4:00 PM","35.3320080512032"
"Year 1 Dec 20 5:00 PM","3.63740028204908"
"Year 1 Dec 20 6:00 PM","0"
"Year 1 Dec 20 7:00 PM","0"
"Year 1 Dec 20 8:00 PM","0"
"Year 1 Dec 20 9:00 PM","0"
"Year 1 Dec 20 10:00 PM","0"
"Year 1 Dec 20 11:00 PM","0"
"Year 1 Dec 21 12:00 AM","0"
"Year 1 Dec 21 1:00 AM","0"
"Year 1 Dec 21 2:00 AM","0"
"Year 1 Dec 21 3:00 AM","0"
"Year 1 Dec 21 4:00 AM","0"
"Year 1 Dec 21 5:00 AM","0"
"Year 1 Dec 21 6:00 AM","0"
"Year 1 Dec 21 7:00 AM","0"
"Year 1 Dec 21 8:00 AM","12.762880946507"
"Year 1 Dec 21 9:00 AM","49.7008785892611"
"Year 1 Dec 21 10:00 AM","99.0560634289662"
"Year 1 Dec 21 11:00 AM","144.136469656072"
"Year 1 Dec 21 12:00 PM","117.860494185534"
"Year 1 Dec 21 1:00 PM","126.686802588001"
"Year 1 Dec 21 2:00 PM","106.217978154193"
"Year 1 Dec 21 3:00 PM","69.2349770758105"
"Year 1 Dec 21 4:00 PM","31.2850587618561"
"Year 1 Dec 21 5:00 PM","3.0655238673301"
"Year 1 Dec 21 6:00 PM","0"
"Year 1 Dec 21 7:00 PM","0"
"Year 1 Dec 21 8:00 PM","0"
"Year 1 Dec 21 9:00 PM","0"
"Year 1 Dec 21 10:00 PM","0"
"Year 1 Dec 21 11:00 PM","0"
"Year 1 Dec 22 12:00 AM","0"
"Year 1 Dec 22 1:00 AM","0"
"Year 1 Dec 22 2:00 AM","0"
"Year 1 Dec 22 3:00 AM","0"
"Year 1 Dec 22 4:00 AM","0"
"Year 1 Dec 22 5:00 AM","0"
"Year 1 Dec 22 6:00 AM","0"
"Year 1 Dec 22 7:00 AM","0"
"Year 1 Dec 22 8:00 AM","15.050087422797"
"Year 1 Dec 22 9:00 AM","43.9459372934215"
"Year 1 Dec 22 10:00 AM","110.773325813405"
"Year 1 Dec 22 11:00 AM","131.768731123718"
"Year 1 Dec 22 12:00 PM","150.222204110788"
"Year 1 Dec 22 1:00 PM","155.460651068118"
"Year 1 Dec 22 2:00 PM","132.097483519302"
"Year 1 Dec 22 3:00 PM","84.8640108084328"
"Year 1 Dec 22 4:00 PM","39.288157658802"
"Year 1 Dec 22 5:00 PM","3.95896391779709"
"Year 1 Dec 22 6:00 PM","0"
"Year 1 Dec 22 7:00 PM","0"
"Year 1 Dec 22 8:00 PM","0"
"Year 1 Dec 22 9:00 PM","0"
"Year 1 Dec 22 10:00 PM","0"
"Year 1 Dec 22 11:00 PM","0"
"Year 1 Dec 23 12:00 AM","0"
"Year 1 Dec 23 1:00 AM","0"
"Year 1 Dec 23 2:00 AM","0"
"Year 1 Dec 23 3:00 AM","0"
"Year 1 Dec 23 4:00 AM","0"
"Year 1 Dec 23 5:00 AM","0"
"Year 1 Dec 23 6:00 AM","0"
"Year 1 Dec 23 7:00 AM","0"
"Year 1 Dec 23 8:00 AM","14.7890017164668"
"Year 1 Dec 23 9:00 AM","42.3425522357968"
"Year 1 Dec 23 10:00 AM","46.3148050559012"
"Year 1 Dec 23 11:00 AM","43.6089595740861"
"Year 1 Dec 23 12:00 PM","41.1918706271814"
"Year 1 Dec 23 1:00 PM","39.73147046239"
"Year 1 Dec 23 2:00 PM","35.5604061892942"
"Year 1 Dec 23 3:00 PM","27.7478375999868"
"Year 1 Dec 23 4:00 PM","17.4542359562149"
"Year 1 Dec 23 5:00 PM","2.04720146906901"
"Year 1 Dec 23 6:00 PM","0"
"Year 1 Dec 23 7:00 PM","0"
"Year 1 Dec 23 8:00 PM","0"
"Year 1 Dec 23 9:00 PM","0"
"Year 1 Dec 23 10:00 PM","0"
"Year 1 Dec 23 11:00 PM","0"
"Year 1 Dec 24 12:00 AM","0"
"Year 1 Dec 24 1:00 AM","0"
"Year 1 Dec 24 2:00 AM","0"
"Year 1 Dec 24 3:00 AM","0"
"Year 1 Dec 24 4:00 AM","0"
"Year 1 Dec 24 5:00 AM","0"
"Year 1 Dec 24 6:00 AM","0"
"Year 1 Dec 24 7:00 AM","0"
"Year 1 Dec 24 8:00 AM","12.9354401748436"
"Year 1 Dec 24 9:00 AM","34.7433975848474"
"Year 1 Dec 24 10:00 AM","48.0287608243558"
"Year 1 Dec 24 11:00 AM","56.0072011783488"
"Year 1 Dec 24 12:00 PM","59.2409799062076"
"Year 1 Dec 24 1:00 PM","57.7266696292245"
"Year 1 Dec 24 2:00 PM","51.3649777684619"
"Year 1 Dec 24 3:00 PM","40.082033254939"
"Year 1 Dec 24 4:00 PM","24.1137855472534"
"Year 1 Dec 24 5:00 PM","2.63437047727465"
"Year 1 Dec 24 6:00 PM","0"
"Year 1 Dec 24 7:00 PM","0"
"Year 1 Dec 24 8:00 PM","0"
"Year 1 Dec 24 9:00 PM","0"
"Year 1 Dec 24 10:00 PM","0"
"Year 1 Dec 24 11:00 PM","0"
"Year 1 Dec 25 12:00 AM","0"
"Year 1 Dec 25 1:00 AM","0"
"Year 1 Dec 25 2:00 AM","0"
"Year 1 Dec 25 3:00 AM","0"
"Year 1 Dec 25 4:00 AM","0"
"Year 1 Dec 25 5:00 AM","0"
"Year 1 Dec 25 6:00 AM","0"
"Year 1 Dec 25 7:00 AM","0"
"Year 1 Dec 25 8:00 AM","15.2810327472077"
"Year 1 Dec 25 9:00 AM","40.9717207862175"
"Year 1 Dec 25 10:00 AM","50.5470568511658"
"Year 1 Dec 25 11:00 AM","61.4824059981562"
"Year 1 Dec 25 12:00 PM","65.6748140475882"
"Year 1 Dec 25 1:00 PM","75.3988993138805"
"Year 1 Dec 25 2:00 PM","101.30751337724"
"Year 1 Dec 25 3:00 PM","56.5344626849309"
"Year 1 Dec 25 4:00 PM","33.038406811489"
"Year 1 Dec 25 5:00 PM","3.1215942851925"
"Year 1 Dec 25 6:00 PM","0"
"Year 1 Dec 25 7:00 PM","0"
"Year 1 Dec 25 8:00 PM","0"
"Year 1 Dec 25 9:00 PM","0"
"Year 1 Dec 25 10:00 PM","0"
"Year 1 Dec 25 11:00 PM","0"
"Year 1 Dec 26 12:00 AM","0"
"Year 1 Dec 26 1:00 AM","0"
"Year 1 Dec 26 2:00 AM","0"
"Year 1 Dec 26 3:00 AM","0"
"Year 1 Dec 26 4:00 AM","0"
"Year 1 Dec 26 5:00 AM","0"
"Year 1 Dec 26 6:00 AM","0"
"Year 1 Dec 26 7:00 AM","0"
"Year 1 Dec 26 8:00 AM","16.826567510536"
"Year 1 Dec 26 9:00 AM","49.9047514600447"
"Year 1 Dec 26 10:00 AM","90.4684514212178"
"Year 1 Dec 26 11:00 AM","111.255008934035"
"Year 1 Dec 26 12:00 PM","139.839359224929"
"Year 1 Dec 26 1:00 PM","126.657363851945"
"Year 1 Dec 26 2:00 PM","106.617705619797"
"Year 1 Dec 26 3:00 PM","76.6713939926676"
"Year 1 Dec 26 4:00 PM","33.6847677970753"
"Year 1 Dec 26 5:00 PM","3.4896382331394"
"Year 1 Dec 26 6:00 PM","0"
"Year 1 Dec 26 7:00 PM","0"
"Year 1 Dec 26 8:00 PM","0"
"Year 1 Dec 26 9:00 PM","0"
"Year 1 Dec 26 10:00 PM","0"
"Year 1 Dec 26 11:00 PM","0"
"Year 1 Dec 27 12:00 AM","0"
"Year 1 Dec 27 1:00 AM","0"
"Year 1 Dec 27 2:00 AM","0"
"Year 1 Dec 27 3:00 AM","0"
"Year 1 Dec 27 4:00 AM","0"
"Year 1 Dec 27 5:00 AM","0"
"Year 1 Dec 27 6:00 AM","0"
"Year 1 Dec 27 7:00 AM","0"
"Year 1 Dec 27 8:00 AM","9.30409174392245"
"Year 1 Dec 27 9:00 AM","41.7595098559925"
"Year 1 Dec 27 10:00 AM","96.3287037006194"
"Year 1 Dec 27 11:00 AM","120.814101493531"
"Year 1 Dec 27 12:00 PM","129.66255881869"
"Year 1 Dec 27 1:00 PM","155.46696825107"
"Year 1 Dec 27 2:00 PM","100.842112134602"
"Year 1 Dec 27 3:00 PM","53.5796098122902"
"Year 1 Dec 27 4:00 PM","28.7977444623691"
"Year 1 Dec 27 5:00 PM","2.95816663392254"
"Year 1 Dec 27 6:00 PM","0"
"Year 1 Dec 27 7:00 PM","0"
"Year 1 Dec 27 8:00 PM","0"
"Year 1 Dec 27 9:00 PM","0"
"Year 1 Dec 27 10:00 PM","0"
"Year 1 Dec 27 11:00 PM","0"
"Year 1 Dec 28 12:00 AM","0"
"Year 1 Dec 28 1:00 AM","0"
"Year 1 Dec 28 2:00 AM","0"
"Year 1 Dec 28 3:00 AM","0"
"Year 1 Dec 28 4:00 AM","0"
"Year 1 Dec 28 5:00 AM","0"
"Year 1 Dec 28 6:00 AM","0"
"Year 1 Dec 28 7:00 AM","0"
"Year 1 Dec 28 8:00 AM","11.478303913173"
"Year 1 Dec 28 9:00 AM","43.1002032576609"
"Year 1 Dec 28 10:00 AM","76.5425064183526"
"Year 1 Dec 28 11:00 AM","136.863903092384"
"Year 1 Dec 28 12:00 PM","142.960606869661"
"Year 1 Dec 28 1:00 PM","129.950687388476"
"Year 1 Dec 28 2:00 PM","128.402814012255"
"Year 1 Dec 28 3:00 PM","81.5390207443264"
"Year 1 Dec 28 4:00 PM","40.3189901935592"
"Year 1 Dec 28 5:00 PM","3.60301675758595"
"Year 1 Dec 28 6:00 PM","0"
"Year 1 Dec 28 7:00 PM","0"
"Year 1 Dec 28 8:00 PM","0"
"Year 1 Dec 28 9:00 PM","0"
"Year 1 Dec 28 10:00 PM","0"
"Year 1 Dec 28 11:00 PM","0"
"Year 1 Dec 29 12:00 AM","0"
"Year 1 Dec 29 1:00 AM","0"
"Year 1 Dec 29 2:00 AM","0"
"Year 1 Dec 29 3:00 AM","0"
"Year 1 Dec 29 4:00 AM","0"
"Year 1 Dec 29 5:00 AM","0"
"Year 1 Dec 29 6:00 AM","0"
"Year 1 Dec 29 7:00 AM","0"
"Year 1 Dec 29 8:00 AM","11.7382922364458"
"Year 1 Dec 29 9:00 AM","30.1615740856279"
"Year 1 Dec 29 10:00 AM","41.7547106207941"
"Year 1 Dec 29 11:00 AM","47.9935063056421"
"Year 1 Dec 29 12:00 PM","51.5998623156934"
"Year 1 Dec 29 1:00 PM","50.2431780115158"
"Year 1 Dec 29 2:00 PM","45.5943534174125"
"Year 1 Dec 29 3:00 PM","39.8240936962506"
"Year 1 Dec 29 4:00 PM","31.5017455431504"
"Year 1 Dec 29 5:00 PM","3.71903512220261"
"Year 1 Dec 29 6:00 PM","0"
"Year 1 Dec 29 7:00 PM","0"
"Year 1 Dec 29 8:00 PM","0"
"Year 1 Dec 29 9:00 PM","0"
"Year 1 Dec 29 10:00 PM","0"
"Year 1 Dec 29 11:00 PM","0"
"Year 1 Dec 30 12:00 AM","0"
"Year 1 Dec 30 1:00 AM","0"
"Year 1 Dec 30 2:00 AM","0"
"Year 1 Dec 30 3:00 AM","0"
"Year 1 Dec 30 4:00 AM","0"
"Year 1 Dec 30 5:00 AM","0"
"Year 1 Dec 30 6:00 AM","0"
"Year 1 Dec 30 7:00 AM","0"
"Year 1 Dec 30 8:00 AM","15.2962343575644"
"Year 1 Dec 30 9:00 AM","52.668027960402"
"Year 1 Dec 30 10:00 AM","85.737836824168"
"Year 1 Dec 30 11:00 AM","115.69000383558"
"Year 1 Dec 30 12:00 PM","131.947366526497"
"Year 1 Dec 30 1:00 PM","121.504885196244"
"Year 1 Dec 30 2:00 PM","94.4088742054456"
"Year 1 Dec 30 3:00 PM","72.6262298281252"
"Year 1 Dec 30 4:00 PM","38.1494591011209"
"Year 1 Dec 30 5:00 PM","3.87537892608267"
"Year 1 Dec 30 6:00 PM","0"
"Year 1 Dec 30 7:00 PM","0"
"Year 1 Dec 30 8:00 PM","0"
"Year 1 Dec 30 9:00 PM","0"
"Year 1 Dec 30 10:00 PM","0"
"Year 1 Dec 30 11:00 PM","0"
"Year 1 Dec 31 12:00 AM","0"
"Year 1 Dec 31 1:00 AM","0"
"Year 1 Dec 31 2:00 AM","0"
"Year 1 Dec 31 3:00 AM","0"
"Year 1 Dec 31 4:00 AM","0"
"Year 1 Dec 31 5:00 AM","0"
"Year 1 Dec 31 6:00 AM","0"
"Year 1 Dec 31 7:00 AM","0"
"Year 1 Dec 31 8:00 AM","12.2250155708676"
"Year 1 Dec 31 9:00 AM","45.8884652477119"
"Year 1 Dec 31 10:00 AM","86.3836484534208"
"Year 1 Dec 31 11:00 AM","114.451442407311"
"Year 1 Dec 31 12:00 PM","92.6169239457711"
"Year 1 Dec 31 1:00 PM","75.6299120468445"
"Year 1 Dec 31 2:00 PM","65.7887748401341"
"Year 1 Dec 31 3:00 PM","48.6344257683452"
"Year 1 Dec 31 4:00 PM","39.6729302026947"
"Year 1 Dec 31 5:00 PM","4.44923851334651"
"Year 1 Dec 31 6:00 PM","0"
"Year 1 Dec 31 7:00 PM","0"
"Year 1 Dec 31 8:00 PM","0"
"Year 1 Dec 31 9:00 PM","0"
"Year 1 Dec 31 10:00 PM","0"
"Year 1 Dec 31 11:00 PM","0"
"Year 2 Jan 01 12:00 AM","0"